,nsga3_adaptation,custom_adaptation,anchors_adaptation,wip_adaptation,nsga3_confidence,custom_confidence,anchors_confidence,wip_confidence,nsga3_score,custom_score,anchors_score,wip_score,score_diff_custom_NSGA,score_diff_anchors_custom,score_diff_anchors_nsga,score_diff_anchors_wip,score_improvement_NSGA_custom[%],score_improvement_anchors_custom[%],score_improvement_anchors_NSGA[%],score_improvement_anchors_WIP[%],nsga3_time,custom_time,anchors_time,wip_time,speed-up_custom_NSGA,speed-up_anchors_NSGA,speed-up_anchors_custom,speed-up_WIP_anchors,iterations_anchors,iterations_wip
0,"[37.23140524 93.68282325 99.05936785 37.9839     98.         57.3202
 45.6157     85.1741      0.        ]","[35.3261899  79.97194343 96.96117273 37.9839     98.         57.3202
 45.6157     85.1741      0.        ]",[33.9715 97.6462 98.8671 37.9839 98.     57.3202 45.6157 85.1741  0.    ],[36.981  79.6462 87.8221 37.9839 98.     57.3202 45.6157 85.1741  0.    ],[0.35633033 0.88921906 0.13708361 0.50141046],[0.35633033 0.8909589  0.159432   0.37533565],[0.35633033 0.8909589  0.159432   0.37533565],[0.33701458 0.88921906 0.12133471 0.37533565],106.50531414178477,120.40917373737369,99.47429999999997,131.5288,13.903859595588926,-20.93487373737372,-7.0310141417847944,-32.05450000000002,0.13054615826098095,-0.173864441450575,-0.06601561807915787,-0.24370708164295593,0.26706981658935547,0.1409313678741455,0.3079414367675781,0.0611119270324707,1.895034587529542,0.8672746980489315,0.4576563951687829,0.19845308144936513,1002,58
1,"[24.61293225 40.51994476 37.86836095 37.6367     72.         61.922
 26.6347     32.8408      1.        ]","[24.23237879 41.8885     42.229      37.6367     72.         61.922
 26.6347     32.8408      1.        ]",[ 6.3996 50.8885 64.229  37.6367 72.     61.922  26.6347 32.8408  1.    ],[ 6.3996 50.8885 64.229  37.6367 72.     61.922  26.6347 32.8408  1.    ],[0.90943154 0.80375361 0.80491223 0.88959122],[0.94819863 0.80375361 0.85042139 0.88959122],[[0.94851116 0.81327439 0.84470393 0.91079723]],[0.94851116 0.81327439 0.84470393 0.91079723],208.58792653653813,202.47817878787882,153.64540000000002,153.64540000000002,-6.109747748659316,-48.832778787878794,-54.94252653653811,0.0,-0.029290994210966845,-0.2411755137280113,-0.26340223736254403,0.0,5.5015549659729,0.14012384414672852,0.0020062923431396484,0.017894268035888672,39.26208989964643,2742.1502079619727,69.84218657159833,8.919073083778967,0,0
2,"[ 6.03561339 26.23856674 37.8680404  51.3995     78.         49.047
 56.0714     79.0609      1.        ]","[24.39       64.79683434 31.209      51.3995     78.         49.047
 56.0714     79.0609      1.        ]",[24.39   80.158  79.209  51.3995 78.     49.047  56.0714 79.0609  1.    ],[24.39   80.158  79.209  51.3995 78.     49.047  56.0714 79.0609  1.    ],[0.87791717 0.802386   0.81731052 0.85791253],[0.90658436 0.80115099 0.88015485 0.91598509],[[0.94001725 0.82236503 0.93577745 0.93331504]],[0.94001725 0.82236503 0.93577745 0.93331504],190.52950625349462,176.98466565656565,113.62349999999998,113.62349999999998,-13.544840596928964,-63.361165656565674,-76.90600625349464,0.0,-0.07109051434221375,-0.3580037028717304,-0.40364354984037576,0.0,5.509506702423096,0.41646623611450195,0.007197380065917969,0.015591859817504883,13.229179762146021,765.4878097257189,57.86358818073407,2.166324367298264,0,0
3,"[47.51470331 25.20879909 94.97805405 78.3818     53.         80.1221
 40.2897     50.9242      1.        ]","[46.938      25.516      95.96868182 78.3818     53.         80.1221
 40.2897     50.9242      1.        ]",[41.031  52.758  92.4315 78.3818 53.     80.1221 40.2897 50.9242  1.    ],[18.9115 57.882  90.0465 78.3818 53.     80.1221 40.2897 50.9242  1.    ],[0.85479202 0.80407927 0.84816961 0.86428088],[0.85479202 0.80430055 0.84816961 0.86428088],[[0.89993495 0.74503357 0.92201502 0.91899139]],[0.89993495 0.79958547 0.935289   0.92577781],148.94605017167987,147.0715181818182,117.45969999999994,92.6012,-1.87453198986168,-29.61181818181825,-31.48635017167993,24.858499999999935,-0.012585308490564441,-0.20134298297791714,-0.21139432791529403,0.2684468451812712,5.4330127239227295,0.24002981185913086,0.2553553581237793,0.3003835678100586,22.634741417500532,21.27628244749486,0.9399834553022395,1.1763354801603678,1002,1002
4,"[ 3.54005414 99.78488076 98.35252618  2.0234     20.          0.6304
 88.2491     44.3981      1.        ]","[ 7.08739798 99.9914     97.96868182  2.0234     20.          0.6304
 88.2491     44.3981      1.        ]",[18.0215 61.452  65.15    2.0234 20.      0.6304 88.2491 44.3981  1.    ],[17.9545 61.6995 65.068   2.0234 20.      0.6304 88.2491 44.3981  1.    ],[0.94918694 0.36888482 0.13125556 0.15178923],[0.94918694 0.36888482 0.09738125 0.18502961],[[0.94751171 0.14539745 0.08107914 0.11995704]],[0.94751171 0.14539745 0.08107914 0.11995704],103.37924720721111,107.10391616161616,189.39610000000002,189.16359999999997,3.724668954405047,82.29218383838386,86.01685279278891,0.23250000000004434,0.036029174665389095,0.7683396348851312,0.832051452458138,0.0012290948152818215,0.2229292392730713,0.023410797119140625,0.18541908264160156,0.20263671875,9.522496741078703,1.2022993323938156,0.12625883369508192,1.0928579510970755,1002,1002
5,"[24.61310031 50.02386343 37.86802493 31.5709     24.         12.1378
 19.2008     32.6802      1.        ]","[ 7.08739798 50.2543     42.209      31.5709     24.         12.1378
 19.2008     32.6802      1.        ]",[33.9715 61.5083 93.5675 31.5709 24.     12.1378 19.2008 32.6802  1.    ],[35.054  78.3523 95.019  31.5709 24.     12.1378 19.2008 32.6802  1.    ],[0.94138989 0.80396642 0.80593457 0.86376792],[0.94138989 0.80760838 0.8823015  0.86376792],[0.94965259 0.76070525 0.88612069 0.90235533],[0.95188678 0.84549813 0.88612069 0.92910943],205.15031194389218,183.05319797979797,147.32479999999998,130.11180000000002,-22.097113964094206,-35.72839797979799,-57.825511943892195,17.212999999999965,-0.10771182239361002,-0.19518040861400865,-0.28186899350027433,0.1322939195368903,5.644612789154053,0.23493671417236328,0.3100709915161133,0.0462949275970459,24.02609915201604,18.204259487655822,0.7576868543027008,0.14930428470810406,1002,36
6,"[35.7295559  99.76844915 99.30738813 83.0299     63.         69.5702
 44.3576     35.9831      0.        ]","[18.7689     97.97194343 97.953      83.0299     63.         69.5702
 44.3576     35.9831      0.        ]",[24.5969 98.6512 98.953  83.0299 63.     69.5702 44.3576 35.9831  0.    ],[18.7689 65.6832 97.953  83.0299 63.     69.5702 44.3576 35.9831  0.    ],[0.62024077 0.92286476 0.20294189 0.36320174],[0.62024077 0.91725048 0.20294189 0.34772661],[0.62024077 0.93411061 0.20294189 0.34772661],[0.62116246 0.92716931 0.16473006 0.29005894],53.623818623039256,39.81405656565653,43.962800000000016,72.1028,-13.809762057382727,4.148743434343487,-9.66101862303924,-28.139999999999986,-0.25753037385236527,0.10420298236884958,-0.18016282448949697,-0.39027610578229954,0.19088459014892578,0.011878728866577148,0.01436924934387207,0.025954246520996094,16.069445838267466,13.284242313627239,0.8266770644941844,1.806235378055053,84,14
7,"[24.32495206 92.85847512 99.44927236 86.8548     11.         20.951
 51.6759     80.1201      0.        ]","[35.3261899  88.88438889 97.96868182 86.8548     11.         20.951
 51.6759     80.1201      0.        ]",[31.7669 80.7009 73.355  86.8548 11.     20.951  51.6759 80.1201  0.    ],[ 9.8544 79.7799 65.57   86.8548 11.     20.951  51.6759 80.1201  0.    ],[0.64381078 0.92087576 0.15279128 0.26151302],[0.64381078 0.89518166 0.15279128 0.26151302],[0.52849313 0.89518166 0.0859453  0.21230964],[0.50704813 0.90866806 0.0859453  0.21230964],45.16240458072207,61.61831919191917,90.8562,77.6497,16.4559146111971,29.23788080808083,45.69379541927793,13.206500000000005,0.36437197629245455,0.4744998109574398,1.0117662211188527,0.17007792689475948,0.1845109462738037,0.029433727264404297,0.3075294494628906,0.047759056091308594,6.268691172420497,0.599978137365568,0.09571027202699182,0.15529913045635535,1002,42
8,"[ 3.53473056 98.88672989 99.88334625 26.7376     34.          5.6526
 98.2451     55.5518      1.        ]","[ 7.08739798 98.9914     97.96868182 26.7376     34.          5.6526
 98.2451     55.5518      1.        ]",[18.0215 61.4896 73.655  26.7376 34.      5.6526 98.2451 55.5518  1.    ],[45.693  65.413  90.568  26.7376 34.      5.6526 98.2451 55.5518  1.    ],[0.96311702 0.90176635 0.24139915 0.27607312],[0.96311702 0.90176635 0.16935759 0.27607312],[[0.9618826  0.78598395 0.14291406 0.15662291]],[0.96355633 0.79673639 0.22482297 0.17561842],78.02705442175136,83.38971616161615,156.13930000000005,162.97440000000006,5.362661739864791,72.7495838383839,78.11224557824869,-6.835100000000011,0.06872823509238941,0.8724047422992687,1.0010918156161177,-0.041939715685408316,0.27020692825317383,0.02771925926208496,0.20003700256347656,0.11133885383605957,9.747985171550708,1.3507847287775203,0.1385706589624036,0.5565912926571126,1002,222
9,"[ 4.46354539 99.14773658 97.96609892  8.0572     65.         21.3026
 60.1986     61.4343      1.        ]","[ 7.08739798 99.9914     97.96868182  8.0572     65.         21.3026
 60.1986     61.4343      1.        ]",[19.     46.146  97.9855  8.0572 65.     21.3026 60.1986 61.4343  1.    ],"[ 17.9545 100.      87.425    8.0572  65.      21.3026  60.1986  61.4343
   1.    ]",[0.96311702 0.31211017 0.31688494 0.57685843],[0.96311702 0.31211017 0.31688494 0.57685843],[[0.95944861 0.21134484 0.34080131 0.4975361 ]],[0.96311702 0.2164803  0.27782119 0.5575148 ],99.29250989926692,101.07011616161611,166.8113,122.47229999999996,1.7776062623491953,65.74118383838388,67.51879010073307,44.33900000000003,0.017902722613745908,0.6504512543872065,0.6799988253820096,0.3620328841705434,0.18028712272644043,0.02280116081237793,0.2777130603790283,0.06296610832214355,7.906927380143253,0.6491848906219282,0.0821033075695412,0.2267308143023816,1002,96
10,"[ 0.26482295 37.31934994 98.51285172 80.4723      5.         22.0744
 89.3574     49.582       0.        ]","[ 9.07034141 98.98167172 97.97619091 80.4723      5.         22.0744
 89.3574     49.582       0.        ]",[ 3.344  57.324  77.3    80.4723  5.     22.0744 89.3574 49.582   0.    ],[19.043  30.484  51.43   80.4723  5.     22.0744 89.3574 49.582   0.    ],[0.29411887 0.8755471  0.03452051 0.07712373],[0.26505683 0.86352793 0.01278118 0.04049778],[0.24379405 0.85910949 0.01607798 0.03937333],[0.19096804 0.7558385  0.01463634 0.02463304],83.96032128751648,31.640178787878767,88.24769999999995,156.6567,-52.32014249963771,56.607521212121185,4.2873787124834735,-68.40900000000005,-0.6231531954299091,1.7891024444465944,0.05106434380832862,-0.43668097183203813,0.24416828155517578,0.05256175994873047,0.02365732192993164,0.043219804763793945,4.645359702440352,10.321044887428698,2.221796706508375,1.8269102856106263,102,16
11,"[37.21994637 99.09187011 98.80585473 63.3096     15.         11.4047
 84.9502     55.5761      0.        ]","[24.23237879 79.88438889 97.96868182 63.3096     15.         11.4047
 84.9502     55.5761      0.        ]",[12.6503 82.566  83.375  63.3096 15.     11.4047 84.9502 55.5761  0.    ],[ 6.8653 49.516  51.43   63.3096 15.     11.4047 84.9502 55.5761  0.    ],[0.79180049 0.89017459 0.03082567 0.30119115],[0.79180049 0.91832611 0.06623103 0.185333  ],[0.77728444 0.89786856 0.03382676 0.1475981 ],[0.71408126 0.90525124 0.03382676 0.13337249],76.01262152790673,83.06970808080808,83.39970000000005,142.60969999999998,7.057086552901353,0.32999191919196846,7.387078472093322,-59.20999999999992,0.09284098365572703,0.003972469951031498,0.09718226162455511,-0.4151891491251993,0.254993200302124,0.09461736679077148,0.04946613311767578,0.052512407302856445,2.6949936248595203,5.1549046636719424,1.912770633711851,1.0615830264705315,192,23
12,"[37.22075442 89.28765422 99.68091442 96.9586     10.         49.9827
 40.4683     84.2059      0.        ]","[36.981      80.2987     97.96868182 96.9586     10.         49.9827
 40.4683     84.2059      0.        ]",[35.981  93.0097 88.045  96.9586 10.     49.9827 40.4683 84.2059  0.    ],[36.981  80.2987 77.209  96.9586 10.     49.9827 40.4683 84.2059  0.    ],[0.47284311 0.86301529 0.2317171  0.3617877 ],[0.43340794 0.86301529 0.26475978 0.25300504],[0.47284311 0.86301529 0.1426866  0.23740995],[0.43340794 0.86301529 0.15806726 0.20495816],51.29358577975893,61.75501818181817,57.967700000000036,82.5147,10.461432402059245,-3.7873181818181365,6.674114220241108,-24.54699999999997,0.20395205839143055,-0.061328104068685926,0.13011596126069228,-0.2974863872740247,0.3250148296356201,0.008802413940429688,0.03027939796447754,0.03986334800720215,36.92337486457205,10.733860363304226,0.2907063723907686,1.3165171927780097,102,16
13,"[37.21686258 79.66709574 99.91387225 58.0081     86.         24.4782
  6.2185     52.9905      0.        ]","[35.3261899  79.79683434 93.93864545 58.0081     86.         24.4782
  6.2185     52.9905      0.        ]",[35.9505 80.158  78.215  58.0081 86.     24.4782  6.2185 52.9905  0.    ],[ 3.613  80.158  65.57   58.0081 86.     24.4782  6.2185 52.9905  0.    ],[0.41038184 0.91166165 0.19536589 0.61355064],[0.41038184 0.91308348 0.22474126 0.49721335],[0.41038184 0.91166165 0.12518082 0.45021465],[0.31275932 0.91588063 0.16693681 0.43355625],99.62779458813873,103.58261010101006,119.56939999999997,99.87689999999998,3.9548155128713347,15.986789898989912,19.941605411861246,19.692499999999995,0.039695905437037333,0.15433855049028178,0.20016106443287074,0.19716771345526343,0.3077964782714844,0.02227616310119629,0.028044939041137695,0.03406977653503418,13.817302237967313,10.975116680410443,0.7943024254223023,1.2148279760943306,132,26
14,"[ 7.33738418 99.4815352  98.66193835  0.8807     66.         75.3252
 10.1823     78.4038      1.        ]","[24.23237879 99.9914     97.96868182  0.8807     66.         75.3252
 10.1823     78.4038      1.        ]",[34.845  55.242  98.7499  0.8807 66.     75.3252 10.1823 78.4038  1.    ],[37.938  45.516  88.9139  0.8807 66.     75.3252 10.1823 78.4038  1.    ],[0.86317505 0.2093516  0.29413524 0.36036146],[0.86317505 0.21662591 0.29413524 0.32437245],[0.85935738 0.09998305 0.26455555 0.36597704],[0.84872855 0.07816607 0.26455555 0.30199262],108.31321063379227,125.39159696969699,179.9724,202.62740000000002,17.078386335904725,54.580803030303,71.65918936620773,-22.65500000000003,0.15767593108883893,0.43528278089873423,0.6615923297527201,-0.11180620192530737,0.20891070365905762,0.009169816970825195,0.021310806274414062,0.05276918411254883,22.782428954005358,9.803040812673409,0.4302895372773651,2.476170231808825,84,18
15,"[64.95078909 98.23561112 95.00456756 18.1535     99.         99.0908
 97.4756     91.3696      0.        ]","[66.59056667 98.9914     97.96868182 18.1535     99.         99.0908
 97.4756     91.3696      0.        ]",[35.7006 57.525  80.3135 18.1535 99.     99.0908 97.4756 91.3696  0.    ],[37.9346 55.35   77.209  18.1535 99.     99.0908 97.4756 91.3696  0.    ],[0.04163969 0.2220473  0.00364496 0.00397628],[0.03582675 0.1909102  0.00377591 0.00643156],[0.02571293 0.03552597 0.00256726 0.00410228],[0.02393862 0.03050406 0.00215112 0.00385419],153.55711040729898,151.47698484848485,179.7086,187.22209999999998,-2.0801255588141316,28.231615151515143,26.15148959270101,-7.513499999999993,-0.013546266618958582,0.18637560801565908,0.17030464771924989,-0.04013148020452711,0.2799856662750244,0.008837461471557617,0.010017156600952148,0.04298114776611328,31.681684517225566,27.950612876353684,0.8822325359990479,4.290753302392003,42,11
16,"[ 0.58889539 99.71299174 97.272748   74.883      89.         93.6898
 62.6252     85.9255      1.        ]","[24.23237879 98.98167172 96.96117273 74.883      89.         93.6898
 62.6252     85.9255      1.        ]","[ 34.331  100.      97.8492  74.883   89.      93.6898  62.6252  85.9255
   1.    ]",[31.756  88.6192 83.108  74.883  89.     93.6898 62.6252 85.9255  1.    ],[0.1601294  0.74041144 0.82739959 0.83806588],[0.12867027 0.74688995 0.80920426 0.68497189],[[0.12867027 0.6970685  0.80920426 0.68497189]],[0.14066662 0.3436718  0.7283166  0.61398677],28.720155654304733,53.40653434343437,61.59880000000004,85.14580000000001,24.68637868912964,8.192265656565667,32.87864434569531,-23.54699999999997,0.8595489170139478,0.15339444428063317,1.1447933897519555,-0.2765491662536492,0.19537901878356934,0.024547576904296875,0.030173778533935547,0.34034204483032227,7.959197746697747,6.4751260291723955,0.8135400369790926,11.279397588457465,126,1002
17,"[ 4.60811774 79.69064491 97.32292103 77.3436      9.         32.2578
  5.8675      6.5617      1.        ]","[ 5.07034141 65.66063838 95.96868182 77.3436      9.         32.2578
  5.8675      6.5617      1.        ]",[29.6152 80.158  59.075  77.3436  9.     32.2578  5.8675  6.5617  1.    ],[ 4.7455 80.158  97.0495 77.3436  9.     32.2578  5.8675  6.5617  1.    ],[0.60080214 0.30739319 0.21813168 0.72660864],[0.60330847 0.35009589 0.21813168 0.65184293],[[0.5857417  0.18257898 0.20326493 0.56266673]],[0.60080214 0.30739319 0.21813168 0.7095502 ],50.250951793051684,66.09742121212122,113.03860000000003,50.19440000000003,15.846469419069535,46.94117878787881,62.78764820694835,62.8442,0.31534665222521546,0.7101816973650789,1.249481770325993,1.2520161611653882,0.2363910675048828,0.04317045211791992,0.020076513290405273,0.0544283390045166,5.47576075550892,11.774508057524908,2.1502962936572967,2.711045400026126,72,84
18,"[ 0.73294281 39.80714725 98.52050736 95.663       1.         54.9202
 74.5786     86.9149      1.        ]","[ 5.07034141 88.88438889 97.96868182 95.663       1.         54.9202
 74.5786     86.9149      1.        ]",[ 1.2677 89.968  62.6912 95.663   1.     54.9202 74.5786 86.9149  1.    ],[ 0.     83.611  80.027  95.663   1.     54.9202 74.5786 86.9149  1.    ],[0.59037146 0.28143398 0.72535462 0.62973062],[0.34623864 0.2719967  0.71659914 0.59358484],[[0.52453338 0.1074951  0.73649675 0.52644158]],[0.48475144 0.04916296 0.73649675 0.52644158],66.74228819060863,22.554270707070714,52.94549999999998,40.69900000000001,-44.18801748353792,30.391229292929268,-13.796788190608652,12.246499999999969,-0.6620692619549063,1.3474711591273791,-0.2067173386565133,0.30090419912037064,0.2354118824005127,0.028591632843017578,0.011199235916137695,0.049688100814819336,8.233593502443254,21.020352117173694,2.552998531071041,4.43674025504013,42,60
19,"[ 3.52271846 98.86436674 99.82354399 28.0694     40.         23.1933
 64.6552     74.2998      0.        ]","[24.23237879 73.77737778 97.96868182 28.0694     40.         23.1933
 64.6552     74.2998      0.        ]","[ 36.3519 100.      99.9311  28.0694  40.      23.1933  64.6552  74.2998
   0.    ]",[51.9899 80.158  65.8461 28.0694 40.     23.1933 64.6552 74.2998  0.    ],[0.73325818 0.87833871 0.15255338 0.28723776],[0.73187258 0.9119658  0.11390321 0.26254258],[0.74174153 0.8677945  0.10341192 0.28723776],[0.59937022 0.82503472 0.04136127 0.16888842],76.76540773327952,124.41691919191919,108.3513999999999,177.91639999999998,47.651511458639675,-16.065519191919293,31.585992266720382,-69.56500000000008,0.6207419834752168,-0.12912648292743403,0.4114612714162287,-0.3909982441191486,0.2203662395477295,0.03591418266296387,0.042299509048461914,0.045235633850097656,6.135911308792777,5.209664237361696,0.8490449055051095,1.0694127394781785,228,36
20,"[35.61232987 80.1913476  97.9133133  81.603      72.         52.4819
 32.9429     44.3276      0.        ]","[35.3261899  79.79683434 97.96868182 81.603      72.         52.4819
 32.9429     44.3276      0.        ]","[ 28.785  100.      97.0705  81.603   72.      52.4819  32.9429  44.3276
   0.    ]",[37.098  90.847  79.244  81.603  72.     52.4819 32.9429 44.3276  0.    ],[0.69320452 0.92355735 0.33117395 0.37449333],[0.69320452 0.91308348 0.33117395 0.37449333],[0.66505022 0.91308348 0.33117395 0.35496825],[0.64578959 0.91166165 0.14233567 0.3130437 ],75.90466897298239,75.95767373737374,50.11149999999998,85.40400000000005,0.05300476439134627,-25.84617373737376,-25.793168972982414,-35.292500000000075,0.0006983070357663091,-0.3402707385002046,-0.3398100449151984,-0.4132417685354322,0.18457865715026855,0.026715755462646484,0.02980971336364746,0.07819414138793945,6.908981383975584,6.191896409690397,0.8962097399844838,2.623109468851725,144,144
21,"[24.39976229 99.99733954 99.10163164 95.2151     62.         63.6152
 77.9988     89.2558      0.        ]","[24.23237879 98.98167172 97.96868182 95.2151     62.         63.6152
 77.9988     89.2558      0.        ]",[30.984  89.7364 83.627  95.2151 62.     63.6152 77.9988 89.2558  0.    ],[18.984  79.7204 77.209  95.2151 62.     63.6152 77.9988 89.2558  0.    ],[0.34921676 0.9283785  0.39566219 0.27717045],[0.34921676 0.9283785  0.39566219 0.27717045],[0.18552068 0.90486908 0.16045709 0.20498272],[0.18552068 0.91019262 0.16045709 0.20498272],30.08569111570256,32.066925252525266,62.40549999999996,66.83949999999999,1.9812341368227067,30.338574747474695,32.3198088842974,-4.434000000000026,0.06585303721969829,0.946101770237093,1.074258482545837,-0.0663380186865555,0.18381214141845703,0.015997648239135742,0.30533790588378906,0.046242713928222656,11.48994768923531,0.6019958147234282,0.05239325983071493,0.1514476684261486,1002,13
22,"[35.82270087 26.08812759 49.93383365 92.3418     85.         30.947
 76.3369     55.2163      1.        ]","[47.08739798 64.67036667 37.96868182 92.3418     85.         30.947
 76.3369     55.2163      1.        ]",[10.7398 75.65   55.43   92.3418 85.     30.947  76.3369 55.2163  1.    ],[10.7398 75.65   55.43   92.3418 85.     30.947  76.3369 55.2163  1.    ],[0.91854243 0.80244531 0.8275702  0.8871794 ],[0.95687407 0.80531565 0.86262286 0.93188264],[[0.95608318 0.82316445 0.94612594 0.93627229]],[0.95608318 0.82316445 0.94612594 0.93627229],167.45893962875556,152.1065494949495,87.31799999999998,87.31799999999998,-15.352390133806068,-64.7885494949495,-80.14093962875558,0.0,-0.09167853425945019,-0.42594187896623564,-0.4785706860823452,0.0,5.644821643829346,0.41172194480895996,1e-10,0.020203590393066406,13.710276352766568,56448216438.29346,4117219448.0895996,202035903.93066406,0,0
23,"[ 0.32320842 41.0991581  98.12810232 69.6464     15.         22.0301
 89.3633     32.032       1.        ]","[18.18120909 79.88438889 97.96868182 69.6464     15.         22.0301
 89.3633     32.032       1.        ]",[19.     61.8258 78.1192 69.6464 15.     22.0301 89.3633 32.032   1.    ],[50.136  76.4635 99.0037 69.6464 15.     22.0301 89.3633 32.032   1.    ],[0.96631581 0.86560285 0.88275671 0.71893069],[0.95789473 0.85679252 0.59592126 0.80899147],[[0.9583543  0.7379086  0.52920234 0.74897188]],[0.95242503 0.80007933 0.65305802 0.78068294],91.44954800191721,70.68173838383836,109.40859999999998,105.02240000000006,-20.767809618078843,38.726861616161614,17.95905199808277,4.386199999999917,-0.2270958148163122,0.5479047700532597,0.19638207503995828,0.0417644235896334,0.2151627540588379,0.056992530822753906,0.14486145973205566,0.10288119316101074,3.775279864794766,1.4853001927276976,0.393427837384565,0.7102040346086936,1002,432
24,"[ 3.55009144 99.80424327 99.80109455 55.2451     35.         25.4352
 78.7958     38.7414      0.        ]","[24.23237879 98.98167172 97.96868182 55.2451     35.         25.4352
 78.7958     38.7414      0.        ]","[ 36.907  100.     100.      55.2451  35.      25.4352  78.7958  38.7414
   0.    ]",[37.938  63.1535 77.209  55.2451 35.     25.4352 78.7958 38.7414  0.    ],[0.85637993 0.92446091 0.19595626 0.20555848],[0.86168617 0.93470937 0.14823321 0.20555848],[0.80835104 0.91166165 0.14823321 0.20555848],[0.84674877 0.90863671 0.06711944 0.13425511],48.699653623192944,72.0369252525253,81.66190000000006,142.3304,23.33727162933235,9.624974747474766,32.962246376807116,-60.66849999999994,0.47920816459807636,0.13361168197746415,0.676847655464823,-0.42625117332628826,0.21216988563537598,0.01277303695678711,0.1327815055847168,0.03876304626464844,16.610762683391197,1.5978873315305804,0.09619590394415056,0.2919310644502142,1002,7
25,"[24.3992681  66.29266871 79.47981847 68.4117      2.         30.007
 61.5307     40.4169      0.        ]","[24.23237879 65.66063838 97.96868182 68.4117      2.         30.007
 61.5307     40.4169      0.        ]",[ 8.1603 92.8376 79.209  68.4117  2.     30.007  61.5307 40.4169  0.    ],[10.1698 98.8296 77.209  68.4117  2.     30.007  61.5307 40.4169  0.    ],[0.20334518 0.50171388 0.04702514 0.08366495],[0.20334518 0.38917035 0.06478177 0.09035741],[0.21482083 0.3578078  0.04702514 0.08979275],[0.21482083 0.36295931 0.02068156 0.06678405],110.21508091492763,92.19135858585861,67.702,65.71949999999998,-18.023722329069017,-24.48935858585861,-42.51308091492763,1.982500000000016,-0.16353226962634174,-0.26563616114900246,-0.38572834644781917,0.030166084647631472,0.25016188621520996,0.01278996467590332,0.2800722122192383,0.04403376579284668,19.55923198806972,0.893204949655574,0.045666667801700506,0.15722290135080377,1002,11
26,"[35.5194302  80.32694037 99.89414125 52.3071     99.         42.6652
 17.5488     48.0001      0.        ]","[35.3261899  79.79683434 93.93864545 52.3071     99.         42.6652
 17.5488     48.0001      0.        ]",[37.2117 95.5901 81.418  52.3071 99.     42.6652 17.5488 48.0001  0.    ],[ 5.9642 45.2501 78.209  52.3071 99.     42.6652 17.5488 48.0001  0.    ],[0.75365425 0.92355735 0.13426671 0.36744583],[0.75365425 0.91308348 0.13426671 0.36744583],[0.72887768 0.91166165 0.07814663 0.43574773],[0.65851916 0.91435227 0.09191007 0.26211715],102.99124858019354,109.28361010101008,107.8965,130.19799999999998,6.2923615208165415,-1.3871101010100801,4.905251419806461,-22.301499999999976,0.06109607959473402,-0.012692755114220548,0.04762784690377858,-0.17128911350404752,0.18884754180908203,0.029990196228027344,0.05439257621765137,0.04171490669250488,6.296975864152383,3.471935968861089,0.5513656148225424,0.7669227970667005,204,13
27,"[ 0.90177234 81.58896456 99.59383459 49.0411      4.         52.0106
 19.3496     28.4624      1.        ]","[ 5.07034141 44.9052     51.639      49.0411      4.         52.0106
 19.3496     28.4624      1.        ]",[35.7431 66.4132 62.278  49.0411  4.     52.0106 19.3496 28.4624  1.    ],[18.9115 80.9925 51.315  49.0411  4.     52.0106 19.3496 28.4624  1.    ],[0.45172775 0.67659973 0.60357661 0.63992811],[0.28801179 0.56407968 0.65478073 0.5166234 ],[[0.27652331 0.35803874 0.65478073 0.55203739]],[0.27443537 0.30705976 0.65478073 0.57495879],70.67787319426498,159.4850414141414,158.0108,137.5629,88.80716821987642,-1.474241414141403,87.33292680573501,20.447899999999976,1.2565059502537848,-0.009243759797592425,1.2356473512678008,0.1486440021255729,0.21370577812194824,0.025428295135498047,0.012022733688354492,0.06292343139648438,8.404251129821667,17.775140301822436,2.1150177484284214,5.233704166418784,60,102
28,"[35.69440985 41.10554131 98.49223885 72.5675     26.         44.4326
 48.1044     83.4657      0.        ]","[24.23237879 79.98167172 97.96868182 72.5675     26.         44.4326
 48.1044     83.4657      0.        ]","[ 35.9428 100.      98.87    72.5675  26.      44.4326  48.1044  83.4657
   0.    ]",[ 9.6053 80.158  65.57   72.5675 26.     44.4326 48.1044 83.4657  0.    ],[0.49817189 0.89758279 0.70144509 0.27547276],[0.53179181 0.92886822 0.28725431 0.34157854],[0.53179181 0.9039704  0.28725431 0.35692979],[0.4659798  0.91778354 0.11900346 0.28308552],123.52912968309397,73.71452525252528,64.50529999999992,91.3098,-49.81460443056869,-9.209225252525357,-59.02382968309405,-26.804500000000075,-0.40326200434152537,-0.12493094435563595,-0.47781304567202804,-0.29355556577716824,0.2299501895904541,0.0661771297454834,0.0651707649230957,0.052841901779174805,3.47476825415125,3.528425511988469,1.0154419673234656,0.8108221814111053,324,39
29,"[24.60405691 90.38454426 99.03496374 35.21       10.         46.2648
 95.9107     43.7545      0.        ]","[23.062      88.97194343 97.6311     35.21       10.         46.2648
 95.9107     43.7545      0.        ]",[36.527  75.65   99.6311 35.21   10.     46.2648 95.9107 43.7545  0.    ],[23.062  74.65   97.6311 35.21   10.     46.2648 95.9107 43.7545  0.    ],[0.73627514 0.89690908 0.00516279 0.02447926],[0.73627514 0.86843311 0.00516279 0.02447926],[0.69350907 0.86028089 0.00516279 0.02447926],[0.69350907 0.8746217  0.00516279 0.02447926],99.97454889923984,101.24895656565656,126.03589999999997,115.5709,1.274407666416721,24.786943434343414,26.061351100760135,10.464999999999975,0.01274732099767855,0.24481184078445206,0.2606798569006426,0.09055047594160792,0.18572115898132324,0.01602625846862793,0.2834603786468506,0.04012298583984375,11.588553831505973,0.655192658204638,0.05653791385283606,0.14154706922843355,1002,13
30,"[ 3.52257627 99.23586182 97.73143832 40.601      41.         25.9555
 86.6734     72.6235      0.        ]","[24.23237879 79.79683434 97.96868182 40.601      41.         25.9555
 86.6734     72.6235      0.        ]",[56.4438 98.501  97.9855 40.601  41.     25.9555 86.6734 72.6235  0.    ],[43.2108 80.158  77.209  40.601  41.     25.9555 86.6734 72.6235  0.    ],[0.76895407 0.91606693 0.06153132 0.17682725],[0.77664795 0.93678278 0.04472498 0.15950036],[0.7243481  0.89985837 0.0476648  0.14333664],[0.7243481  0.91439996 0.0302201  0.09773213],65.95427613206641,105.86586262626264,119.35630000000015,145.2428,39.91158649419623,13.490437373737507,53.402023867933735,-25.88649999999984,0.6051402401002405,0.12742953242031083,0.8096825103652395,-0.1782291445772172,0.2556746006011963,0.03604602813720703,0.25463008880615234,0.03850293159484863,7.093003412969283,1.0041020752886716,0.1415623279487938,0.15121124049153742,1002,9
31,"[17.83076974 62.68276873 97.88079753 79.2117     97.         34.2568
 96.9994     79.725       0.        ]","[22.9056     56.508      93.93864545 79.2117     97.         34.2568
 96.9994     79.725       0.        ]",[36.5436 56.254  73.655  79.2117 97.     34.2568 96.9994 79.725   0.    ],[22.9056 55.508  52.43   79.2117 97.     34.2568 96.9994 79.725   0.    ],[0.66323909 0.91780019 0.04047576 0.0347472 ],[0.61924292 0.9154996  0.04047576 0.0347472 ],[0.60420164 0.91145968 0.01536724 0.0347472 ],[0.59771041 0.9154996  0.01536724 0.0347472 ],78.05550347701922,93.2472545454545,127.42289999999997,135.7559,15.19175106843528,34.175645454545474,49.367396522980755,-8.333000000000027,0.19462754567854365,0.36650564803370317,0.6324652884663706,-0.0613822309011986,0.2059645652770996,0.024617910385131836,0.28562164306640625,0.03992176055908203,8.366451987797202,0.7211097977936266,0.0861906335977776,0.1397714827576996,1002,20
32,"[47.84548665 50.03114168 95.01857814 72.9997     82.         75.6017
  1.2465     99.1982      1.        ]","[24.23237879 98.98167172 96.96868182 72.9997     82.         75.6017
  1.2465     99.1982      1.        ]","[ 17.8955 100.      98.3574  72.9997  82.      75.6017   1.2465  99.1982
   1.    ]",[34.1425 76.975  97.1014 72.9997 82.     75.6017  1.2465 99.1982  1.    ],[0.01700212 0.52084523 0.93629281 0.92910739],[0.04095856 0.37895802 0.96989636 0.9486885 ],[0.04095856 0.36893129 0.96989636 0.9486885 ],[0.01966051 0.34608125 0.96328578 0.95187896],129.7960668299525,55.282325252525254,46.53839999999997,87.06639999999999,-74.51374157742725,-8.743925252525287,-83.25766682995254,-40.52800000000002,-0.5740832014197215,-0.1581685504830655,-0.6414498440775519,-0.46548381465180627,0.3688805103302002,0.015900850296020508,0.01980137825012207,0.048356056213378906,23.19879147736644,18.629032063862834,0.8030173503666334,2.4420550732664683,90,42
33,"[ 5.17265821 99.86751096 97.97995352 12.9757     91.         52.2308
 31.5768     85.6349      1.        ]","[ 7.08739798 99.9914     96.96117273 12.9757     91.         52.2308
 31.5768     85.6349      1.        ]",[33.9715 59.2452 43.3175 12.9757 91.     52.2308 31.5768 85.6349  1.    ],"[  4.7265 100.      79.7655  12.9757  91.      52.2308  31.5768  85.6349
   1.    ]",[0.88721752 0.24056395 0.35845865 0.63183368],[0.88721752 0.24056395 0.35845865 0.63183368],[[0.86735839 0.0382355  0.36210513 0.56531691]],[0.89712054 0.08776261 0.2907865  0.63265606],94.349493724247,97.1591252525252,218.4331,111.9853,2.809631528278203,121.2739747474748,124.083606275753,106.4478,0.0297789783217051,1.2481995328001663,1.31514861795029,0.9505515456046464,0.18818426132202148,0.03251957893371582,0.01684856414794922,0.05548715591430664,5.786798829886288,11.169157185713477,1.9301098092488822,3.293286919114734,54,78
34,"[47.53090618 25.20886712 94.97805405 98.1276     30.         80.6916
 79.0638     62.3726      1.        ]","[24.23237879 73.1591     38.0347     98.1276     30.         80.6916
 79.0638     62.3726      1.        ]",[ 9.5165 77.3341 62.2497 98.1276 30.     80.6916 79.0638 62.3726  1.    ],[ 9.5165 76.1591 51.0347 98.1276 30.     80.6916 79.0638 62.3726  1.    ],[0.83964265 0.80948609 0.86485101 0.87346329],[0.87041164 0.80372081 0.85930079 0.84529037],[[0.87599112 0.79425066 0.91361395 0.88432682]],[0.87599112 0.79425066 0.91361395 0.88432682],129.21638500922018,114.91097878787878,71.80510000000004,84.19510000000002,-14.3054062213414,-43.10587878787874,-57.41128500922014,-12.389999999999986,-0.11070891837997669,-0.3751241112257039,-0.44430344499363283,-0.1471582075441443,5.392287731170654,0.27739763259887695,0.010787725448608398,0.027448415756225586,19.43883832263277,499.8540013702566,25.71419099608814,2.544411784206688,48,33
35,"[ 6.22178714 99.40722511 98.23139147 95.551      90.         20.25
 91.8629     42.2751      0.        ]","[24.23237879 98.98167172 93.93864545 95.551      90.         20.25
 91.8629     42.2751      0.        ]","[ 29.7635 100.      99.0469  95.551   90.      20.25    91.8629  42.2751
   0.    ]",[19.043  57.0884 93.6789 95.551  90.     20.25   91.8629 42.2751  0.    ],[0.84606892 0.93447647 0.15051905 0.10176137],[0.85169015 0.94344923 0.15051905 0.10176137],[0.85169015 0.92448432 0.15051905 0.10176137],[0.85149923 0.92791601 0.15051905 0.07520227],13.032170567006176,35.76106161616161,35.16560000000004,72.72469999999998,22.728891049155436,-0.5954616161615718,22.133429432993864,-37.559099999999944,1.7440602800809448,-0.01665111686428411,1.6983686116746768,-0.5164558946272718,0.19563865661621094,0.0395054817199707,0.02742910385131836,0.045568227767944336,4.952190129029922,7.132520904681606,1.4402760634876484,1.661309389287763,114,26
36,"[37.21196396 98.72443692 99.55872562 22.8547     23.         61.2706
 45.6029     70.1027      0.        ]","[24.23237879 97.97194343 97.96868182 22.8547     23.         61.2706
 45.6029     70.1027      0.        ]","[ 34.845  100.      85.0464  22.8547  23.      61.2706  45.6029  70.1027
   0.    ]",[37.938  50.516  50.8929 22.8547 23.     61.2706 45.6029 70.1027  0.    ],[0.43909449 0.792724   0.09692108 0.35017627],[0.43909449 0.85099455 0.11358372 0.23132353],[0.41820725 0.79563102 0.08217215 0.19682778],[0.33997328 0.76858312 0.05679934 0.12573418],116.07410142338506,105.43705353535353,126.94389999999999,213.6744,-10.637047888031532,21.506846464646458,10.869798576614926,-86.7305,-0.09164014847060897,0.20397806789465256,0.09364533899742966,-0.4059002856682879,0.2745676040649414,0.007819175720214844,0.019947528839111328,0.04235577583312988,35.114648127820466,13.764492147347788,0.3919871871489016,2.123359548681663,108,17
37,"[24.23505195 99.38969483 98.85729229 71.7437     70.          4.5503
 51.2472     36.687       0.        ]","[24.23237879 98.98167172 97.96868182 71.7437     70.          4.5503
 51.2472     36.687       0.        ]","[ 34.5477 100.      98.623   71.7437  70.       4.5503  51.2472  36.687
   0.    ]",[40.9727 79.9354 61.8305 71.7437 70.      4.5503 51.2472 36.687   0.    ],[0.8410645  0.94397497 0.38002153 0.4322172 ],[0.8410645  0.94397497 0.38002153 0.4322172 ],[0.8410645  0.92517239 0.38002153 0.4322172 ],[0.74890687 0.92393185 0.13242458 0.31096605],54.24436482181443,55.53832525252528,64.18099999999993,127.4631,1.2939604307108539,8.642674747474643,9.936635178185497,-63.28210000000007,0.023854283020205747,0.15561640917650227,0.18318281006379245,-0.49647388146059585,0.18981599807739258,0.01266789436340332,0.038385629653930664,0.048261404037475586,14.984021229744227,4.944975497046602,0.33001658374792703,1.2572779051061795,144,25
38,"[24.4103521  99.80294716 86.13880076 13.3628     28.          0.5578
 50.1813     70.9549      0.        ]","[ 7.08739798 99.9914     97.96868182 13.3628     28.          0.5578
 50.1813     70.9549      0.        ]",[18.349  82.566  83.1535 13.3628 28.      0.5578 50.1813 70.9549  0.    ],[37.938  50.516  51.639  13.3628 28.      0.5578 50.1813 70.9549  0.    ],[0.73708477 0.2954811  0.02446899 0.2077973 ],[0.72850445 0.26391145 0.03330471 0.16730386],[0.73708477 0.19263081 0.0241385  0.18812929],[0.63568927 0.15070972 0.02029695 0.09325717],125.10580417679711,95.76451616161614,139.26670000000001,222.4202,-29.341288015180965,43.50218383838387,14.160895823202907,-83.15349999999998,-0.234531788578861,0.4542620333920739,0.11319135763829952,-0.3738576801927162,0.2067272663116455,0.010051965713500977,0.025267601013183594,0.04604005813598633,20.565854699841086,8.181515380260427,0.3978203434610304,1.8220985091526702,108,23
39,"[ 0.42072327 98.11976457 99.26844741 78.0599     64.         86.0363
 23.7165     43.5978      0.        ]","[35.3261899  97.97194343 97.96868182 78.0599     64.         86.0363
 23.7165     43.5978      0.        ]","[ 35.981  100.      69.048   78.0599  64.      86.0363  23.7165  43.5978
   0.    ]",[36.981  54.6045 37.736  78.0599 64.     86.0363 23.7165 43.5978  0.    ],[0.35342837 0.90565816 0.39114908 0.35111163],[0.36350584 0.91005105 0.28677337 0.36665273],[0.29201305 0.90858458 0.13680448 0.30586055],[0.186074   0.88867045 0.08441132 0.28401413],24.972611288406938,61.32566464646459,88.87310000000002,166.5806,36.35305335805765,27.547435353535434,63.900488711593084,-77.70749999999998,1.4557169427825862,0.4491991324079932,2.5588228629201333,-0.46648589331530793,0.21173930168151855,0.026417016983032227,0.022635459899902344,0.0498805046081543,8.015261595111957,9.35431851695808,1.1670634084685065,2.2036444069938907,90,21
40,"[24.55414073 99.94929025 97.62809038 96.4365     18.         31.3805
 93.7071     68.6751      0.        ]","[24.23237879 98.98167172 97.96868182 96.4365     18.         31.3805
 93.7071     68.6751      0.        ]",[32.6967 56.35   74.57   96.4365 18.     31.3805 93.7071 68.6751  0.    ],[36.9092 55.35   65.57   96.4365 18.     31.3805 93.7071 68.6751  0.    ],[0.71176158 0.92082789 0.06757882 0.04860859],[0.71176158 0.92082789 0.06757882 0.04860859],[0.68857243 0.89387059 0.02611492 0.03081612],[0.68857243 0.89217158 0.02611492 0.03081612],30.540260100531214,30.84552525252525,105.34019999999998,119.55270000000002,0.3052651519940355,74.49467474747473,74.79993989946877,-14.212500000000034,0.009995499415826054,2.4150885464781,2.449224062049416,-0.11888062753915246,0.1849679946899414,0.01302337646484375,0.28352785110473633,0.04522204399108887,14.202768014059753,0.6523803357209288,0.04593332335465295,0.15949771359281265,1002,32
41,"[ 8.91862523 99.15266578 95.51130275 68.2558     98.         30.9953
 82.5258     16.9633      0.        ]","[24.23237879 98.98167172 93.93864545 68.2558     98.         30.9953
 82.5258     16.9633      0.        ]","[ 36.527  100.      99.09    68.2558  98.      30.9953  82.5258  16.9633
   0.    ]",[23.062  56.508  77.209  68.2558 98.     30.9953 82.5258 16.9633  0.    ],[0.83648507 0.88300043 0.16946586 0.18010007],[0.84239108 0.89825478 0.16946586 0.18010007],[0.84239108 0.85714303 0.16946586 0.18010007],[0.83458233 0.86075793 0.09109736 0.11225463],45.99885669814853,63.05626161616158,69.18119999999999,121.0892,17.05740491801305,6.124938383838412,23.18234330185146,-51.908000000000015,0.37082236695460336,0.09713449904661911,0.5039765108506394,-0.4286757200477005,0.18247389793395996,0.030229806900024414,0.23178911209106445,0.040085792541503906,6.036224397245904,0.7872410239108655,0.1304194430329749,0.17294079165269483,1002,15
42,"[24.61310099 64.66132731 42.18430317 73.6143     42.         70.7968
 11.0563     22.6334      1.        ]","[47.23237879 41.9812     95.8647     73.6143     42.         70.7968
 11.0563     22.6334      1.        ]",[17.5517 49.9812 98.8647 73.6143 42.     70.7968 11.0563 22.6334  1.    ],[17.5517 49.9812 98.8647 73.6143 42.     70.7968 11.0563 22.6334  1.    ],[0.91068706 0.80298098 0.87068975 0.91603716],[0.90874009 0.80898998 0.80343733 0.89739779],[[0.92013978 0.84665024 0.87268048 0.92425844]],[0.92013978 0.84665024 0.87268048 0.92425844],144.15317051584128,135.77217878787877,95.0915,95.0915,-8.38099172796251,-40.680678787878776,-49.061670515841286,0.0,-0.0581394893915393,-0.2996245560103702,-0.3403440267062999,0.0,5.477804183959961,0.1837620735168457,1e-10,0.019258737564086914,29.809220581404702,54778041839.59961,1837620735.168457,192587375.64086914,0,0
43,"[ 3.63496524 77.80828174 98.80052217 48.1831      9.         44.143
  9.1315     14.991       1.        ]","[35.3261899  79.79683434 97.96868182 48.1831      9.         44.143
  9.1315     14.991       1.        ]",[18.0215 67.055  83.1535 48.1831  9.     44.143   9.1315 14.991   1.    ],[17.9545 92.9025 79.773  48.1831  9.     44.143   9.1315 14.991   1.    ],[0.85241283 0.80245465 0.75242049 0.69709479],[0.86074222 0.7364836  0.68455825 0.71116611],[[0.86199142 0.65461619 0.68574369 0.59864022]],[0.84451411 0.60961062 0.68574369 0.63658247],78.84306132507413,109.37757373737372,119.62989999999996,97.09589999999992,30.53451241229959,10.25232626262624,40.78683867492583,22.53400000000005,0.38728217675876603,0.09373334873237435,0.5173167808231028,0.2320798303532906,0.21538662910461426,0.02397751808166504,0.27184343338012695,0.2953667640686035,8.98285754059402,0.7923186755938024,0.08820341099847921,1.0865326426906299,1002,1002
44,"[ 3.65069567 99.3915488  95.06591171 47.8616     95.         15.072
 77.5369      8.0676      0.        ]","[24.23237879 98.98167172 94.94615455 47.8616     95.         15.072
 77.5369      8.0676      0.        ]",[18.0215 43.1166 74.87   47.8616 95.     15.072  77.5369  8.0676  0.    ],[19.043  38.1486 52.43   47.8616 95.     15.072  77.5369  8.0676  0.    ],[0.85637993 0.81477107 0.08116892 0.32562341],[0.86168617 0.8511507  0.05933802 0.32562341],[0.80043652 0.73346971 0.04276467 0.12226367],[0.7097841  0.71655181 0.02899542 0.10085817],61.33163516730622,82.44295252525251,152.17329999999995,180.6028,21.11131735794629,69.73034747474745,90.84166483269374,-28.429500000000047,0.344215791742008,0.8458011914770864,1.4811551099997136,-0.15741450298666493,0.21105241775512695,0.018735408782958984,0.2747535705566406,0.04349541664123535,11.264895268636584,0.7681516834432489,0.06818986463033669,0.15830701145435613,1002,14
45,"[35.44210679 81.31777852 97.83711324 89.2594     37.         27.9869
  8.6561     43.1434      0.        ]","[35.3261899  79.79683434 97.96868182 89.2594     37.         27.9869
  8.6561     43.1434      0.        ]",[35.981  85.0883 97.5056 89.2594 37.     27.9869  8.6561 43.1434  0.    ],[36.981  57.0403 84.5651 89.2594 37.     27.9869  8.6561 43.1434  0.    ],[0.60755597 0.92955406 0.30526398 0.42715092],[0.60755597 0.91983051 0.30526398 0.42715092],[0.57634538 0.91850921 0.30526398 0.42715092],[0.55799488 0.91751274 0.13542254 0.34438383],67.0278150298592,68.30127373737378,64.1277,106.11619999999999,1.2734587075145782,-4.173573737373772,-2.900115029859194,-41.98849999999999,0.018998958968709997,-0.061105357323519925,-0.04326733653136785,-0.39568416509449067,0.2103869915008545,0.02724909782409668,0.020467042922973633,0.04768776893615723,7.720879159338881,10.279305725435378,1.331364668879958,2.3299784495311315,84,13
46,"[37.22820859 98.66741542 98.27483444 36.3982     54.         63.0556
  3.0893     91.8007      0.        ]","[24.23237879 79.79683434 97.96868182 36.3982     54.         63.0556
  3.0893     91.8007      0.        ]",[35.6339 80.158  81.418  36.3982 54.     63.0556  3.0893 91.8007  0.    ],[37.6434 80.158  78.209  36.3982 54.     63.0556  3.0893 91.8007  0.    ],[0.02664897 0.81560471 0.13662598 0.54698166],[0.02111594 0.86850985 0.13334611 0.41278144],[0.01305257 0.83813892 0.10124223 0.3984714 ],[0.01305257 0.81560471 0.08621398 0.35072186],103.88775873597467,110.06866262626261,137.6597,142.8782,6.1809038902879365,27.59103737373738,33.771941264025315,-5.218500000000006,0.05949597878992059,0.2506711421344562,0.32508104588005354,-0.036524116345250754,0.3514254093170166,0.01921677589416504,0.3051121234893799,0.04116487503051758,18.287428195679954,1.1517910376617622,0.06298266904112029,0.13491720538581095,1002,6
47,"[24.23996936 54.62156365 98.24809997 33.0696     67.         20.0097
 97.4323     61.5319      0.        ]","[24.23237879 98.98167172 97.96868182 33.0696     67.         20.0097
 97.4323     61.5319      0.        ]",[18.9261 40.9753 56.645  33.0696 67.     20.0097 97.4323 61.5319  0.    ],[18.0551 41.2173 52.43   33.0696 67.     20.0097 97.4323 61.5319  0.    ],[0.79249022 0.91701065 0.0100807  0.04484983],[0.74960038 0.91978281 0.00905448 0.04928952],[0.78889877 0.87987051 0.0061994  0.01929494],[0.74985847 0.87987051 0.00763611 0.01929494],138.30070574493146,94.21242525252529,188.2362,191.33819999999997,-44.08828049240617,94.0237747474747,49.935494255068534,-3.1019999999999754,-0.31878565083910965,0.9979976048324313,0.3610646380009424,-0.01621213118969435,0.2557220458984375,0.012203454971313477,0.026024818420410156,0.04012274742126465,20.95488912767412,9.826083770017224,0.46891604675876725,1.541710945802338,84,15
48,"[ 37.2134813   99.64782229  97.31105326  52.6206     100.
  46.9089      92.9568      75.5913       0.        ]","[ 24.23237879  98.98167172  93.96117273  52.6206     100.
  46.9089      92.9568      75.5913       0.        ]","[ 36.527   86.1846  99.5818  52.6206 100.      46.9089  92.9568  75.5913
   0.    ]","[ 23.062   74.4226  94.3728  52.6206 100.      46.9089  92.9568  75.5913
   0.    ]",[0.61665041 0.91439996 0.01902198 0.14171367],[0.61665041 0.93678278 0.0226278  0.08979303],[0.61665041 0.91439996 0.0226278  0.0801639 ],[0.60454979 0.92236964 0.0226278  0.0801639 ],87.6340057423215,78.66893434343433,98.13999999999993,101.64599999999996,-8.965071398887176,19.4710656565656,10.505994257678424,-3.5060000000000286,-0.10230128501997292,0.24750641176303978,0.11988490276902536,-0.0344922574424968,0.21361923217773438,0.03387331962585449,0.2814466953277588,0.045189857482910156,6.306415625549886,0.7590042296604835,0.1203542986582497,0.16056275747094598,1002,22
49,"[  3.61741295  99.27816113  95.28334753   3.081      100.
  35.0938      83.1807      49.5563       0.        ]","[  7.08739798  99.9914      91.95366364   3.081      100.
  35.0938      83.1807      49.5563       0.        ]","[ 34.845   59.875   97.9855   3.081  100.      35.0938  83.1807  49.5563
   0.    ]","[ 37.938   55.35    77.209    3.081  100.      35.0938  83.1807  49.5563
   0.    ]",[0.8026128  0.20641528 0.03544842 0.02467653],[0.8026128  0.20641528 0.0255721  0.03221595],[0.79301582 0.11865307 0.02841672 0.02535682],[0.78072224 0.11680583 0.01553592 0.02113311],105.97490428326137,112.06133434343428,173.90349999999998,202.298,6.0864300601729155,61.8421656565657,67.92859571673861,-28.394500000000022,0.05743274883178414,0.5518599793487918,0.6409875637648287,-0.14035976628538108,0.20872950553894043,0.06933164596557617,0.2761716842651367,0.040024518966674805,3.0105949834593084,0.7557961856022543,0.2510454543884912,0.14492622251689474,1002,11
50,"[ 3.65083258 98.84140454 97.37668137 31.3981     44.         51.0394
 62.8007     28.0609      0.        ]","[24.23237879 98.98167172 97.96868182 31.3981     44.         51.0394
 62.8007     28.0609      0.        ]",[36.907  65.75   99.09   31.3981 44.     51.0394 62.8007 28.0609  0.    ],[37.938  55.35   77.209  31.3981 44.     51.0394 62.8007 28.0609  0.    ],[0.6671382  0.90197341 0.14830748 0.21976101],[0.67679751 0.91499222 0.10037174 0.21976101],[0.67765327 0.89009723 0.11059265 0.14925796],[0.60552206 0.86541633 0.07439287 0.11412935],76.03464667439937,95.88392525252527,140.6689,173.9809,19.849278578125904,44.784974747474735,64.63425332560064,-33.31199999999998,0.2610557087629513,0.46707489946335135,0.850063177151092,-0.19146929346842087,0.28615427017211914,0.010018348693847656,0.06789493560791016,0.04700016975402832,28.56301761066159,4.214662958436925,0.14755664180467182,0.6922485356706418,222,11
51,"[24.61310051 64.50387597 43.28680755 51.0568     42.         72.1696
 34.0769     14.9239      1.        ]","[49.23237879 64.97194343 95.96868182 51.0568     42.         72.1696
 34.0769     14.9239      1.        ]",[17.8955 83.8897 89.1495 51.0568 42.     72.1696 34.0769 14.9239  1.    ],[36.981  63.6037 78.209  51.0568 42.     72.1696 34.0769 14.9239  1.    ],[0.92770232 0.81201283 0.87588741 0.8473117 ],[0.9313249  0.8061059  0.8244062  0.83322785],[[0.93227751 0.82178352 0.88753326 0.89000427]],[0.93510101 0.61794541 0.87588741 0.85923151],165.76561699050373,137.23495353535355,93.79949999999997,144.11149999999998,-28.530663455150176,-43.43545353535359,-71.96611699050376,-50.31200000000001,-0.172114482925519,-0.3165043045987846,-0.4341438127945828,-0.34911856444489175,5.3320512771606445,0.2750840187072754,0.009500741958618164,0.019589662551879883,19.38335531892396,561.2247233305729,28.95395116565033,2.0619087053627445,30,6
52,"[37.23342056 81.70479433 98.91878291 83.4039     12.         60.746
 12.4228     64.7946      0.        ]","[36.981      74.65       97.96868182 83.4039     12.         60.746
 12.4228     64.7946      0.        ]",[33.9715 81.525  69.2365 83.4039 12.     60.746  12.4228 64.7946  0.    ],[36.981  74.65   51.639  83.4039 12.     60.746  12.4228 64.7946  0.    ],[0.34995842 0.89350114 0.11349053 0.3488236 ],[0.32460339 0.89864821 0.13258357 0.25018555],[0.27995814 0.89518166 0.07853879 0.20252893],[0.25252092 0.89864821 0.07853879 0.20252893],73.20594331874258,80.95841818181816,99.80610000000001,127.28809999999999,7.752474863075577,18.847681818181854,26.60015668125743,-27.48199999999997,0.10589952825716469,0.23280694264373256,0.3633606163018613,-0.21590392189057717,0.31481432914733887,0.005837440490722656,0.20827460289001465,0.050611019134521484,53.930199313837605,1.5115348908555382,0.02802761551203285,0.2430013954281698,1002,16
53,"[35.63608985 99.88514415 99.57958855 96.0011     59.         34.7783
 79.1321     61.6764      0.        ]","[24.23237879 98.98167172 97.96868182 96.0011     59.         34.7783
 79.1321     61.6764      0.        ]",[54.3625 66.925  75.0672 96.0011 59.     34.7783 79.1321 61.6764  0.    ],[57.575  55.35   57.7022 96.0011 59.     34.7783 79.1321 61.6764  0.    ],[0.7759617  0.92591181 0.28299646 0.22712976],[0.7759617  0.93674387 0.28299646 0.22712976],[0.75829503 0.90504973 0.07106544 0.14135811],[0.68415278 0.87822292 0.07106544 0.14135811],40.17025714500426,31.280925252525265,116.36919999999998,148.5217,-8.889331892478992,85.08827474747471,76.19894285499572,-32.15250000000003,-0.22129138632074968,2.7201329263943577,1.8968995538150828,-0.2164835172234093,0.18807101249694824,0.01206827163696289,0.307220458984375,0.04584789276123047,15.583922715239638,0.6121695577133207,0.03928212228071918,0.14923450382437667,1002,17
54,"[ 0.51749587 41.10630197 99.22145409  0.4897      8.         72.6847
 42.3417     34.1911      1.        ]","[2.77000000e-02 7.98162909e+01 9.79686818e+01 4.89700000e-01
 8.00000000e+00 7.26847000e+01 4.23417000e+01 3.41911000e+01
 1.00000000e+00]",[34.845  65.0619 98.4504  0.4897  8.     72.6847 42.3417 34.1911  1.    ],[34.1615 65.9384 95.0884  0.4897  8.     72.6847 42.3417 34.1911  1.    ],[0.85315394 0.22892291 0.5049     0.05280048],[0.82187152 0.16737951 0.14888857 0.07311928],[0.80031856 0.08121587 0.08146739 0.08697541],[0.80172329 0.08121587 0.08146739 0.08051128],159.70003980675293,121.75302727272725,170.843,172.645,-37.947012534025674,49.08997272727274,11.142960193247063,-1.802000000000021,-0.2376142960261246,0.40319303615598,0.06977431068101639,-0.010437603174143594,0.261871337890625,0.009621858596801758,0.28226375579833984,0.04500246047973633,27.216294570954233,0.9277540332798379,0.034088183123574624,0.15943407382380267,1002,42
55,"[65.27837111 73.87082665 99.95700667 46.4626     89.         17.6326
 97.5185     72.4279      1.        ]","[24.23237879 98.98167172 95.95366364 46.4626     89.         17.6326
 97.5185     72.4279      1.        ]",[65.652  73.9824 99.8671 46.4626 89.     17.6326 97.5185 72.4279  1.    ],[66.184  85.955  98.9916 46.4626 89.     17.6326 97.5185 72.4279  1.    ],[0.94146849 0.80008143 0.36595204 0.44823619],[0.95336203 0.88142025 0.34258775 0.41286008],[[0.94146849 0.80008143 0.36595204 0.42015064]],[0.93855606 0.79109239 0.36595204 0.42015064],144.98793779760746,82.83444343434343,145.33989999999994,134.77479999999997,-62.15349436326403,62.505456565656516,0.3519622023924853,10.565099999999973,-0.4286804496110963,0.7545829243749292,0.0024275274739323405,0.07839076741349255,0.2047746181488037,0.029778242111206055,0.0378108024597168,0.05399918556213379,6.87665233508675,5.415770225108771,0.7875591146982786,1.4281417491645123,138,78
56,"[24.61310099 54.45235954 37.87061779 73.383      78.         24.9311
 83.3184     30.9822      1.        ]","[47.468      26.508      95.95366364 73.383      78.         24.9311
 83.3184     30.9822      1.        ]",[16.766  56.254  86.72   73.383  78.     24.9311 83.3184 30.9822  1.    ],[18.9115 68.7655 89.57   73.383  78.     24.9311 83.3184 30.9822  1.    ],[0.96458924 0.80093863 0.85933222 0.90310633],[0.92735848 0.82036835 0.82989548 0.87648133],[[0.96480655 0.81595182 0.91454356 0.9089126 ]],[0.96423534 0.82601987 0.91965446 0.9089126 ],158.90712365526906,151.62333636363638,100.40899999999999,87.19300000000004,-7.283787291632677,-51.21433636363639,-58.49812365526907,13.215999999999951,-0.045836757497631296,-0.33777344300622486,-0.36812776110763984,0.1515718004885707,5.394166469573975,0.2758769989013672,0.019886493682861328,0.02721714973449707,19.55279523503343,271.2477400791272,13.872581225272748,1.3686248651240858,102,42
57,"[46.69892875 90.51494285 99.78016216 85.3958      9.         49.752
 86.3846     28.1157      1.        ]","[24.23237879 88.88438889 97.96868182 85.3958      9.         49.752
 86.3846     28.1157      1.        ]",[61.594  65.2322 58.0843 85.3958  9.     49.752  86.3846 28.1157  1.    ],[18.9115 93.895  83.108  85.3958  9.     49.752  86.3846 28.1157  1.    ],[0.93007653 0.81330682 0.56490961 0.55572233],[0.93007653 0.84740586 0.50427547 0.60721728],[[0.91521807 0.63698504 0.51940118 0.49368661]],[0.93007653 0.73004439 0.48192731 0.54058307],71.0080237396271,51.983508080808065,152.88170000000002,56.51269999999994,-19.02451565881904,100.89819191919196,81.87367626037292,96.36900000000009,-0.2679206469479888,1.9409654262337643,1.1530200665855466,1.7052627108596863,0.3219587802886963,0.031810760498046875,0.007543325424194336,0.2950131893157959,10.121065175680537,42.68127943361042,4.217073864534277,39.10916906349758,48,1002
58,"[37.22683891 99.50568201 99.63105988 93.3666     77.         37.6167
 96.0002     76.6017      0.        ]","[24.23237879 98.98167172 93.96117273 93.3666     77.         37.6167
 96.0002     76.6017      0.        ]","[ 36.527  100.      98.2578  93.3666  77.      37.6167  96.0002  76.6017
   0.    ]",[23.062  79.7717 89.5263 93.3666 77.     37.6167 96.0002 76.6017  0.    ],[0.71693202 0.93081822 0.02894487 0.07743872],[0.71693202 0.94914673 0.03436578 0.04775664],[0.71693202 0.93081822 0.03436578 0.04775664],[0.71693202 0.93403877 0.01806654 0.04242525],44.723497023182176,37.92293434343435,44.90259999999995,60.397400000000005,-6.800562679747827,6.979665656565601,0.17910297681777365,-15.494800000000055,-0.15205793670881312,0.18404867074253708,0.004004672906614092,-0.25654746727508226,0.2151474952697754,0.0298612117767334,0.1912381649017334,0.05301094055175781,7.204915087786534,1.1250238433334039,0.15614671784827786,0.27719854234638347,1002,39
59,"[ 7.48318969 54.5781126  99.06777741 18.2733     38.          8.7741
 41.3539     37.7368      0.        ]","[24.23237879 65.66063838 97.96868182 18.2733     38.          8.7741
 41.3539     37.7368      0.        ]",[29.9032 62.046  73.462  18.2733 38.      8.7741 41.3539 37.7368  0.    ],[40.5407 55.284  61.8645 18.2733 38.      8.7741 41.3539 37.7368  0.    ],[0.79574216 0.63481407 0.09892986 0.30878873],[0.83656601 0.71919299 0.09892986 0.20749945],[0.77338763 0.5279795  0.06921592 0.17965494],[0.72567353 0.52354519 0.04847849 0.16204395],135.56399968519617,142.3297585858586,176.12189999999998,205.1189,6.7657589006624335,33.79214141414138,40.55790031480382,-28.997000000000014,0.04990822723122462,0.23742147636508992,0.29917898858831626,-0.1413667877509094,0.26969194412231445,0.010039329528808594,0.30515456199645996,0.03974127769470215,26.863541369810964,0.8837880133853057,0.032899162519893964,0.13023327403233506,1002,5
60,"[ 5.73399722 62.81829515 97.57273534 68.163      63.         13.7228
  6.9415     25.6047      1.        ]","[24.23237879 65.66063838 97.96868182 68.163      63.         13.7228
  6.9415     25.6047      1.        ]",[18.2605 81.7631 46.8754 68.163  63.     13.7228  6.9415 25.6047  1.    ],[ 3.5425 81.7631 90.297  68.163  63.     13.7228  6.9415 25.6047  1.    ],[0.78473708 0.84754447 0.94619411 0.94923031],[0.76776985 0.87474451 0.94619411 0.94923031],[[0.75452266 0.73697579 0.93057195 0.94753729]],[0.76589941 0.805148   0.93845174 0.95730823],77.17996673353707,92.4400585858586,121.459,63.31939999999997,15.260091852321523,29.01894141414141,44.27903326646293,58.13960000000003,0.19772089180871003,0.3139217116266595,0.5737114842163094,0.9181956872617247,0.17568516731262207,0.013586044311523438,0.017419099807739258,0.02819681167602539,12.931296504281903,10.08577763786425,0.7799509998494408,1.618729554755615,48,72
61,"[37.22076814 99.95710292 99.04231019 88.7758     26.         77.4972
 67.5273     18.6648      0.        ]","[24.23237879 98.98167172 96.96117273 88.7758     26.         77.4972
 67.5273     18.6648      0.        ]","[  0.     100.      50.873   88.7758  26.      77.4972  67.5273  18.6648
   0.    ]",[19.043  66.3678 33.097  88.7758 26.     77.4972 67.5273 18.6648  0.    ],[0.37056246 0.90510468 0.13136272 0.28736967],[0.37056246 0.92973127 0.15294375 0.18130779],[0.28617867 0.78608769 0.16365345 0.1549663 ],[0.22009262 0.90439252 0.04047508 0.12728069],49.445555030233436,39.51373434343435,60.351200000000006,130.80240000000003,-9.931820686799085,20.837465656565655,10.90564496976657,-70.45120000000003,-0.20086377189468868,0.527347414836989,0.22055865209922962,-0.5386078542901355,0.27092409133911133,0.006170034408569336,0.03744649887084961,0.04633951187133789,43.909656478225585,7.234964536297768,0.16476932676267972,1.2374858336198444,150,13
62,"[ 3.63336086 90.54638121 98.07430626 12.0115      7.         55.8864
 73.4275     55.3662      1.        ]","[ 5.07034141 88.88438889 97.96868182 12.0115      7.         55.8864
 73.4275     55.3662      1.        ]",[ 1.8195 52.758  91.88   12.0115  7.     55.8864 73.4275 55.3662  1.    ],[ 6.1505 65.413  88.243  12.0115  7.     55.8864 73.4275 55.3662  1.    ],[0.72507933 0.23536415 0.16405878 0.16477036],[0.72507933 0.23536415 0.12291645 0.20018258],[[0.69197494 0.1695248  0.11468306 0.14459947]],[0.679757   0.17698855 0.11584898 0.17659315],103.00117339489026,106.20577070707071,145.16999999999993,140.483,3.2045973121804536,38.96422929292922,42.16882660510967,4.686999999999927,0.031112240827534388,0.3668748791475523,0.4094014195686979,0.03336346746581385,0.23427248001098633,0.028554916381835938,0.0919802188873291,0.057561397552490234,8.204278271324561,2.5469876332644708,0.31044627559338817,0.6258019196823167,330,96
63,"[24.61309929 54.40948714 37.86860483 45.1713     89.         20.0266
 79.248      27.9676      1.        ]","[ 9.9689     64.74819293 38.2475     45.1713     89.         20.0266
 79.248      27.9676      1.        ]",[ 4.8829 65.178  85.6125 45.1713 89.     20.0266 79.248  27.9676  1.    ],[ 6.9689 50.516  51.2475 45.1713 89.     20.0266 79.248  27.9676  1.    ],[0.96094947 0.80093863 0.84081915 0.88699336],[0.96212927 0.81245697 0.84081915 0.89099017],[[0.96236109 0.82925021 0.90993981 0.88632691]],[0.96118822 0.79406629 0.90475761 0.88974017],187.16370732617406,161.80190707070707,108.92110000000002,160.0341,-25.36180025546699,-52.88080707070705,-78.24260732617404,-51.11299999999997,-0.13550597291422772,-0.3268243744963912,-0.4180436925724015,-0.31938818039405337,5.400068044662476,0.28761768341064453,0.03997635841369629,0.03485250473022461,18.7751600688354,135.0815396635117,7.194694435001461,0.8718279031209557,156,57
64,"[24.28073429 98.84270665 97.6403069  26.6695     21.         63.8647
 51.8671     19.3901      0.        ]","[23.7033     65.7046     97.96868182 26.6695     21.         63.8647
 51.8671     19.3901      0.        ]","[ 35.7793 100.      98.0326  26.6695  21.      63.8647  51.8671  19.3901
   0.    ]",[23.7033 65.7046 50.9206 26.6695 21.     63.8647 51.8671 19.3901  0.    ],[0.59890183 0.86970587 0.07134882 0.11496628],[0.5998419  0.86007459 0.0588833  0.07485759],[0.59890183 0.83956016 0.06449181 0.11496628],[0.54582949 0.86007459 0.0463504  0.0594944 ],101.1282207461361,133.36051818181818,111.07719999999995,180.40859999999998,32.232297435682085,-22.28331818181823,9.948979253863854,-69.33140000000003,0.3187270298821471,-0.16709081882418966,0.09837985065354751,-0.38430207872573724,0.2066338062286377,0.010023355484008789,0.036505937576293945,0.03486800193786621,20.615232748983136,5.660279394188757,0.2745678141551885,0.9551323497717432,162,19
65,"[ 3.53244038 99.05134043 98.4145221  48.8084     35.          1.3126
 86.7496     31.8326      0.        ]","[24.23237879 98.98167172 97.96868182 48.8084     35.          1.3126
 86.7496     31.8326      0.        ]","[  5.301  100.     100.      48.8084  35.       1.3126  86.7496  31.8326
   0.    ]",[19.043  50.2245 52.43   48.8084 35.      1.3126 86.7496 31.8326  0.    ],[0.86741207 0.93331329 0.05051566 0.16732619],[0.87237147 0.94243552 0.03660074 0.16732619],[0.81581294 0.93331329 0.03660074 0.16732619],[0.8365976  0.92501443 0.02993286 0.09949417],57.25817784098024,78.47362525252527,56.49259999999998,167.5801,21.21544741154503,-21.981025252525285,-0.7655778409802565,-111.0875,0.3705225735695858,-0.28010717208222696,-0.013370628787846702,-0.6628919543549623,0.2101764678955078,0.011371135711669922,0.024704456329345703,0.040521860122680664,18.48333123663354,8.5076338087977,0.4602868227528036,1.6402652048871817,162,15
66,"[ 0.96464496 37.65527133 79.46841744 60.0392      0.         30.6796
 45.75       50.719       1.        ]","[ 1.03622828 80.158      51.43       60.0392      0.         30.6796
 45.75       50.719       1.        ]","[ 43.1361 100.      79.73    60.0392   0.      30.6796  45.75    50.719
   1.    ]",[18.9115 92.467  75.43   60.0392  0.     30.6796 45.75   50.719   1.    ],[0.64059262 0.23506106 0.70117993 0.95510793],[0.50511601 0.17982352 0.7736865  0.92171648],[[0.38909138 0.15299667 0.83894885 0.89404469]],[0.38909138 0.12210738 0.78716514 0.92171648],123.80175618824933,109.40902828282827,103.36689999999993,90.97529999999995,-14.392727905421054,-6.042128282828344,-20.434856188249398,12.391599999999983,-0.11625624989952399,-0.055225134320808646,-0.16506111720399794,0.13620839942270033,0.2568027973175049,0.0075473785400390625,0.07592558860778809,0.29453587532043457,34.02542961839777,3.382295771773092,0.09940493947339499,3.879270226562623,252,1002
67,"[24.61309474 66.76693619 19.9301106  49.7468     83.         54.8416
 79.1389     38.5191      1.        ]","[24.23237879 65.158      37.209      49.7468     83.         54.8416
 79.1389     38.5191      1.        ]",[19.     87.711  86.9405 49.7468 83.     54.8416 79.1389 38.5191  1.    ],[17.043  78.1065 87.749  49.7468 83.     54.8416 79.1389 38.5191  1.    ],[0.9125164  0.8069711  0.80476702 0.82740081],[0.95179091 0.80163778 0.90241892 0.86756378],[[0.95303514 0.83131175 0.94686629 0.88775839]],[0.95280013 0.83892258 0.94686629 0.90522712],188.1692479503127,172.1185787878788,94.60170000000005,101.44069999999999,-16.050669162433906,-77.51687878787874,-93.56754795031264,-6.838999999999942,-0.08529910884626689,-0.4503690382164471,-0.4972520694509007,-0.0674186988062971,5.4567039012908936,0.4552633762359619,0.028013944625854492,0.05808734893798828,11.98581784989157,194.7852747682959,16.251312777130018,2.073515519281015,84,48
68,"[ 3.38445294 99.7072885  99.46722075 73.0568     72.          1.7609
 64.1285     57.439       0.        ]","[24.23237879 98.98167172 97.9837     73.0568     72.          1.7609
 64.1285     57.439       0.        ]","[ 13.5928 100.     100.      73.0568  72.       1.7609  64.1285  57.439
   0.    ]","[ 33.5678 100.     100.      73.0568  72.       1.7609  64.1285  57.439
   0.    ]",[0.86515967 0.93507989 0.31232286 0.37755566],[0.87019071 0.94397497 0.31232286 0.37755566],[0.81287308 0.92944834 0.31232286 0.37755566],[0.81944785 0.92517239 0.31232286 0.37755566],31.15314368742287,54.2102070707071,40.536,60.511000000000024,23.05706338328423,-13.674207070707098,9.382856312577132,-19.975000000000023,0.7401199575435726,-0.2522441401648152,0.30118489506935936,-0.33010527011617746,0.18524479866027832,0.011568069458007812,0.12358474731445312,0.15623259544372559,16.01345836768343,1.4989292990091676,0.09360434608142729,1.2641737660894528,1002,1002
69,"[38.3148467  91.87816999 79.50250248 16.3386      0.         50.085
 43.7746     84.9837      1.        ]","[ 5.07034141 79.79683434 79.83351818 16.3386      0.         50.085
 43.7746     84.9837      1.        ]",[41.031  49.6342 97.5963 16.3386  0.     50.085  43.7746 84.9837  1.    ],[54.385  72.0712 99.4388 16.3386  0.     50.085  43.7746 84.9837  1.    ],[0.39673377 0.0182995  0.73353519 0.7174857 ],[0.35931954 0.03811999 0.41734384 0.77464856],[0.37889907 0.02763226 0.67803191 0.30978754],[0.34430729 0.03372905 0.75726741 0.28501199],150.59557422592547,129.1013888888889,177.4619,166.53640000000001,-21.494185337036583,48.36051111111112,26.86632577407454,10.9255,-0.1427278686476584,0.3745932675653288,0.17840050022830897,0.06560427630235792,0.23518753051757812,0.020058393478393555,0.22988557815551758,0.053739070892333984,11.725142931856272,1.0230634405368124,0.08725381400317359,0.23376442891071447,1002,90
70,"[ 0.30332765 98.65166502 98.89430526 57.4015     18.         87.5641
 21.5218     48.2439      0.        ]","[2.77000000e-02 9.79719434e+01 9.79686818e+01 5.74015000e+01
 1.80000000e+01 8.75641000e+01 2.15218000e+01 4.82439000e+01
 0.00000000e+00]",[36.907  77.598  97.9233 57.4015 18.     87.5641 21.5218 48.2439  0.    ],[37.938  50.516  51.1308 57.4015 18.     87.5641 21.5218 48.2439  0.    ],[0.14347585 0.87606497 0.38223753 0.31394445],[0.14347585 0.84194377 0.38223753 0.31394445],[0.15643105 0.87312267 0.14696154 0.32867371],[0.10260499 0.86175089 0.07379327 0.21140556],45.355857370940384,46.68557474747473,103.98419999999999,178.8897,1.3297173765343473,57.298625252525255,58.6283426290596,-74.90550000000002,0.02931743447509606,1.2273304026448681,1.2926300157787984,-0.4187244989510297,0.20986008644104004,0.013832330703735352,0.034829139709472656,0.05019044876098633,15.171708292397057,6.025416883436927,0.3971482160948495,1.4410476164398565,150,40
71,"[37.21887365 99.80384023 98.5707586  91.983      55.         89.7012
 95.6969     66.8995      0.        ]","[24.23237879 98.98167172 97.96868182 91.983      55.         89.7012
 95.6969     66.8995      0.        ]",[37.0779 55.175  73.355  91.983  55.     89.7012 95.6969 66.8995  0.    ],[ 9.1654 50.35   66.57   91.983  55.     89.7012 95.6969 66.8995  0.    ],[0.149497   0.91148342 0.01321014 0.06848916],[0.149497   0.93075754 0.01573193 0.04208096],[0.12626964 0.90221427 0.0056969  0.02396777],[0.12151347 0.91340607 0.0056969  0.02396777],46.86127481859171,35.29902525252527,116.56489999999997,100.26240000000001,-11.562249566066441,81.2658747474747,69.70362518140826,16.302499999999952,-0.24673356861984563,2.3022129978408112,1.4874462005407094,0.16259834195072081,0.21795415878295898,0.011819124221801758,0.295412540435791,0.05118513107299805,18.440804470175298,0.737795892014043,0.040008877769258704,0.1732666155522376,1002,39
72,"[37.23104498 80.27354952 99.04991483 90.8837     91.         53.3767
 35.0903     65.9134      0.        ]","[35.3261899  79.79683434 96.96117273 90.8837     91.         53.3767
 35.0903     65.9134      0.        ]",[19.     66.7125 80.834  90.8837 91.     53.3767 35.0903 65.9134  0.    ],[37.098  66.3995 57.639  90.8837 91.     53.3767 35.0903 65.9134  0.    ],[0.61428057 0.93081822 0.30404299 0.49006862],[0.61428057 0.93195473 0.34279749 0.36475929],[0.58221684 0.94774919 0.14880599 0.30365562],[0.53339721 0.94357679 0.14880599 0.318126  ],67.02388063396381,67.68448282828285,80.56979999999999,122.17579999999998,0.6606021943190399,12.885317171717134,13.545919366036173,-41.605999999999995,0.009856221216535841,0.1903732825204189,0.20210586492319407,-0.34054207134309744,0.3171093463897705,0.025183916091918945,0.022469282150268555,0.05517101287841797,12.591740904486457,14.11301635134705,1.1208153390702758,2.455397217830502,90,78
73,"[ 5.5317213  99.78147267 86.66754021  9.712      36.          4.2531
 29.5271     42.4893      0.        ]","[ 7.08739798 99.9914     97.96868182  9.712      36.          4.2531
 29.5271     42.4893      0.        ]",[ 4.7989 74.286  64.5975  9.712  36.      4.2531 29.5271 42.4893  0.    ],[ 3.5864 55.508  52.639   9.712  36.      4.2531 29.5271 42.4893  0.    ],[0.82316642 0.25726656 0.0203994  0.14456358],[0.82316642 0.25726656 0.02780748 0.1348152 ],[0.76697091 0.21032227 0.02012274 0.12567154],[0.75281879 0.19540611 0.02795481 0.07638847],109.37070842246447,99.41531616161615,156.20340000000002,185.7274,-9.955392260848328,56.78808383838387,46.83269157753554,-29.523999999999972,-0.09102430078804824,0.571220673342379,0.4282014101676626,-0.15896415930013544,0.18247270584106445,0.024590492248535156,0.017195463180541992,0.04473423957824707,7.4204576304052745,10.61167727354658,1.4300569859822803,2.60151408011314,66,21
74,"[37.22591572 99.82257193 99.39992862 55.7862     37.         62.1502
 89.0476     50.8681      0.        ]","[10.08739798 98.98167172 97.96868182 55.7862     37.         62.1502
 89.0476     50.8681      0.        ]",[55.3494 99.58   99.09   55.7862 37.     62.1502 89.0476 50.8681  0.    ],[46.9284 80.158  77.209  55.7862 37.     62.1502 89.0476 50.8681  0.    ],[0.69384812 0.91166165 0.05443375 0.20257726],[0.68446081 0.92446091 0.06431216 0.13178138],[0.64761993 0.89670743 0.06844722 0.10218796],[0.62791777 0.90557821 0.03369705 0.07972519],82.21721516562747,57.35084444444442,100.89320000000009,133.77519999999998,-24.866370721183046,43.54235555555567,18.675984834372628,-32.88199999999989,-0.30244725111510373,0.759227801741176,0.2271541890192906,-0.24580041741668032,0.2626054286956787,0.039804935455322266,0.2627243995666504,0.04447197914123535,6.597308240593217,0.9995471647430999,0.15150833162423566,0.169272359988602,1002,9
75,"[37.21966114 98.96069208 98.45951233 60.7961     39.         63.6561
 92.4991     39.8346      0.        ]","[24.23237879 64.6509101  97.96868182 60.7961     39.         63.6561
 92.4991     39.8346      0.        ]",[36.907  61.05   99.09   60.7961 39.     63.6561 92.4991 39.8346  0.    ],[37.938  55.35   77.209  60.7961 39.     63.6561 92.4991 39.8346  0.    ],[0.70277798 0.91166165 0.02113527 0.1308078 ],[0.69050428 0.93838939 0.02056186 0.05738479],[0.69059272 0.90863671 0.02056186 0.05738479],[0.65571847 0.90863671 0.01014349 0.04993575],79.00335673472136,100.81668686868682,115.97089999999997,144.5829,21.81333013396545,15.154213131313156,36.96754326527861,-28.612000000000023,0.2761063711154777,0.150314532266384,0.46792370341185335,-0.19789338849891672,0.29022812843322754,0.00863194465637207,0.2825462818145752,0.03624725341796875,33.6225659439304,1.0271879232291354,0.03055055122628335,0.12828784433184118,1002,11
76,"[ 3.48409319 99.96879972 99.67469872  7.2987     21.         39.9197
 75.8192     85.5735      1.        ]","[ 7.08739798 99.9914     97.96868182  7.2987     21.         39.9197
 75.8192     85.5735      1.        ]",[17.996  67.1929 89.1495  7.2987 21.     39.9197 75.8192 85.5735  1.    ],[34.9735 80.9925 71.0655  7.2987 21.     39.9197 75.8192 85.5735  1.    ],[0.91623247 0.18203294 0.36567059 0.24450917],[0.91623247 0.20527331 0.29160549 0.29108618],[0.91224253 0.09326635 0.30017952 0.2247105 ],[0.92219681 0.03767142 0.25186182 0.22451317],96.54189473980563,101.82861616161614,154.3549,175.6168,5.286721421810512,52.52628383838385,57.81300526019436,-21.261900000000026,0.054760903916988485,0.5158302824720444,0.5988385189249577,-0.1210698520870442,0.21909785270690918,0.005027055740356445,0.023354530334472656,0.06729578971862793,43.58373251126393,9.3813855200294,0.21524970394871168,2.8814876066805506,84,150
77,"[47.53092871 24.53863625 94.97805405 99.9423     67.         45.6154
 25.215      61.78        1.        ]","[49.3261899  64.66063838 95.97619091 99.9423     67.         45.6154
 25.215      61.78        1.        ]",[24.5016 75.6923 43.0524 99.9423 67.     45.6154 25.215  61.78    1.    ],[19.823  79.8043 88.4075 99.9423 67.     45.6154 25.215  61.78    1.    ],[0.88111905 0.80519845 0.81195568 0.90588724],[0.9537966  0.81724927 0.94651821 0.94289114],[[0.9497695  0.80256781 0.94910278 0.92374067]],[0.9575272  0.80439829 0.96057092 0.95380413],128.07193840760954,88.74706060606059,105.81459999999998,51.668900000000065,-39.32487780154895,17.0675393939394,-22.257338407609552,54.14569999999992,-0.3070530382416108,0.1923166725453648,-0.1737877843058172,1.0479359924441947,5.36714243888855,0.12035584449768066,0.00806283950805664,0.06702709197998047,44.59394939472157,665.664054645455,14.9272281033769,8.313087704772606,6,156
78,"[37.22424886 80.46681924 96.17290676 63.5214     75.         15.0544
 18.1848     50.8996      0.        ]","[35.3261899  79.79683434 93.96868182 63.5214     75.         15.0544
 18.1848     50.8996      0.        ]","[ 35.0875 100.      99.17    63.5214  75.      15.0544  18.1848  50.8996
   0.    ]",[57.575  80.158  52.43   63.5214 75.     15.0544 18.1848 50.8996  0.    ],[0.82644137 0.91166165 0.19536589 0.55992844],[0.82644137 0.91308348 0.22474126 0.44212628],[0.80711184 0.91308348 0.22474126 0.44212628],[0.6583174  0.8811468  0.06592753 0.30850597],97.063122861833,98.03927373737372,72.39609999999993,161.4656,0.9761508755407249,-25.643173737373786,-24.66702286183306,-89.06950000000006,0.010056866570533198,-0.26156021724585976,-0.2541338268803279,-0.5516314310912049,0.2658720016479492,0.04972720146179199,0.08893656730651855,0.03882598876953125,5.346610986186958,2.9894565272755056,0.559131108472041,0.4365582116039858,396,12
79,"[ 1.29074027 77.30032969 95.49108062 70.7562     81.         34.0251
 67.2399      5.5001      0.        ]","[ 1.03622828 73.77737778 94.96117273 70.7562     81.         34.0251
 67.2399      5.5001      0.        ]",[12.5182 99.7382 65.15   70.7562 81.     34.0251 67.2399  5.5001  0.    ],[57.4932 79.6322 52.43   70.7562 81.     34.0251 67.2399  5.5001  0.    ],[0.81412589 0.37853778 0.07918556 0.43147975],[0.81412589 0.37853778 0.07918556 0.43147975],[0.78202152 0.36940856 0.03449754 0.07440515],[0.70726545 0.33501884 0.01833428 0.05460131],57.74312997024492,61.5414777777778,76.87380000000002,154.6748,3.7983478075328776,15.332322222222217,19.130670029755095,-77.80099999999999,0.06578008170825117,0.24913802488764109,0.33130642622963363,-0.5029972561787698,0.20786523818969727,0.02453160285949707,0.023607492446899414,0.05263113975524902,8.473365535070412,8.805053677651312,1.039144793318319,2.22942525020956,72,22
80,"[ 3.52364102 37.3958416  44.05930346 50.5232      4.         64.0492
 99.5128     59.5606      0.        ]","[ 9.10445455 80.3884     50.8744     50.5232      4.         64.0492
 99.5128     59.5606      0.        ]",[57.298  90.6254 79.8329 50.5232  4.     64.0492 99.5128 59.5606  0.    ],[59.532  80.3884 57.8744 50.5232  4.     64.0492 99.5128 59.5606  0.    ],[0.12794153 0.80497515 0.00624246 0.0055819 ],[0.04549104 0.77749948 0.00439756 0.01148078],[0.06083146 0.59820137 0.00469966 0.0093097 ],[0.0461517  0.52093418 0.00456707 0.00867521],171.54529596079115,127.31845454545453,136.31650000000002,170.746,-44.22684141533662,8.99804545454549,-35.22879596079113,-34.42949999999999,-0.25781436423325316,0.07067353657935785,-0.20536148055521802,-0.20164161971583514,0.27329063415527344,0.029855728149414062,0.014352083206176758,0.05782914161682129,9.153708554270747,19.04187916341346,2.080236556639035,4.02932039802648,54,61
81,"[ 1.7156366  62.72826847 95.43478528 79.5371     91.         19.8106
  4.8987     86.865       1.        ]","[18.4128     80.158      95.95366364 79.5371     91.         19.8106
  4.8987     86.865       1.        ]",[ 4.5628 81.237  83.375  79.5371 91.     19.8106  4.8987 86.865   1.    ],[ 2.8288 80.158  96.459  79.5371 91.     19.8106  4.8987 86.865   1.    ],[0.43614591 0.80198966 0.96587289 0.95486974],[0.42083426 0.79476758 0.96587289 0.96301844],[[0.467285   0.56072252 0.94612594 0.95568039]],[0.42083426 0.80779868 0.96587289 0.96301844],64.01548284522471,62.764036363636365,60.41369999999995,46.67469999999997,-1.2514464815883457,-2.3503363636364156,-3.6017828452247613,13.738999999999976,-0.019549121961855178,-0.037447183129192936,-0.05626424554092759,0.2943564714931212,0.2836792469024658,0.015477180480957031,0.07922792434692383,0.04421186447143555,18.32887115657157,3.5805462435225364,0.195350068912388,0.5580338603576221,276,102
82,"[44.63155958 40.51960184 94.97805489 25.2925     15.         18.0517
 68.225      68.6745      1.        ]","[ 7.08739798 73.77737778 97.96868182 25.2925     15.         18.0517
 68.225      68.6745      1.        ]",[18.0215 62.694  69.5859 25.2925 15.     18.0517 68.225  68.6745  1.    ],[19.043  50.516  51.6509 25.2925 15.     18.0517 68.225  68.6745  1.    ],[0.89264966 0.81361417 0.80371976 0.82183566],[0.9466753  0.88420541 0.79624374 0.91314771],[[0.95489299 0.74297129 0.74144143 0.85284581]],[0.94421329 0.74297129 0.74144143 0.83719618],183.841402853404,110.04883838383836,160.44910000000002,191.58360000000002,-73.79256446956563,50.40026161616166,-23.392302853403976,-31.134500000000003,-0.40139252270832687,0.45798085973766517,-0.12724175561289156,-0.1625113005497339,5.283586740493774,0.03818249702453613,0.1914529800415039,0.02395033836364746,138.37719248949415,27.597307387685365,0.19943537581007506,0.1250977569451017,1002,28
83,"[3.56834210e+01 8.74715477e+01 9.88857529e+01 3.65158000e+01
 4.10000000e+01 9.84000000e-02 4.69414000e+01 8.14860000e+01
 0.00000000e+00]","[35.3261899  79.79683434 97.96868182 36.5158     41.          0.0984
 46.9414     81.486       0.        ]",[36.9578 81.048  86.3697 36.5158 41.      0.0984 46.9414 81.486   0.    ],[22.8913 56.508  77.6382 36.5158 41.      0.0984 46.9414 81.486   0.    ],[0.7754081  0.91650619 0.11677552 0.4259344 ],[0.7754081  0.90516541 0.11677552 0.4259344 ],[0.7754081  0.90362772 0.08780649 0.44374241],[0.73913961 0.91101056 0.08299177 0.27655754],112.81032041204713,121.04487373737373,133.02429999999993,152.22929999999997,8.234553325326601,11.979426262626191,20.213979587952792,-19.20500000000004,0.0729946807636868,0.09896682026053807,0.17918555247534002,-0.12615836767297783,0.19118762016296387,0.024637460708618164,0.04473114013671875,0.043474435806274414,7.7600375470547815,4.274150392290636,0.550789911308204,0.9719053812041617,150,10
84,"[ 7.15083358 81.80768409 97.59585728 22.9794      6.         85.824
 20.9872     44.9596      0.        ]","[2.77000000e-02 8.18162909e+01 7.78335182e+01 2.29794000e+01
 6.00000000e+00 8.58240000e+01 2.09872000e+01 4.49596000e+01
 0.00000000e+00]",[ 8.0357 30.402  97.0705 22.9794  6.     85.824  20.9872 44.9596  0.    ],[35.5627 45.516  51.639  22.9794  6.     85.824  20.9872 44.9596  0.    ],[0.03500699 0.74114924 0.01745782 0.08335977],[0.032237   0.59305537 0.05467449 0.05142688],[0.03408182 0.73024029 0.00710835 0.02138557],[0.02658502 0.54379009 0.02032193 0.05069236],104.76789220657753,117.39849090909087,157.5838,215.4283,12.630598702513339,40.18530909090913,52.81590779342247,-57.84450000000001,0.12055791556452031,0.3422983445505034,0.5041230350352184,-0.26850929056210354,0.19533419609069824,0.013446807861328125,0.009912252426147461,0.05112791061401367,14.526436170212765,19.706337943475646,1.3565844858689116,5.158051713770295,72,35
85,"[ 0.49096026 96.39535855 97.36124601 84.0486      8.         98.8214
 49.4631      5.4935      1.        ]","[2.77000000e-02 8.88843889e+01 9.69686818e+01 8.40486000e+01
 8.00000000e+00 9.88214000e+01 4.94631000e+01 5.49350000e+00
 1.00000000e+00]",[ 0.     96.2977 72.9215 84.0486  8.     98.8214 49.4631  5.4935  1.    ],[ 0.     41.3947 44.579  84.0486  8.     98.8214 49.4631  5.4935  1.    ],[0.13575203 0.14396955 0.04878125 0.17617198],[0.13575203 0.03365245 0.06401491 0.17796938],[0.12605169 0.03832238 0.04661337 0.1051625 ],[0.1171928  0.01799397 0.05854911 0.09923674],22.685755693337228,30.126029292929275,46.73219999999992,129.97769999999997,7.440273599592047,16.606170707070646,24.046444306662693,-83.24550000000005,0.32797115953149597,0.5512233472788993,1.0599798671782883,-0.6404598634996624,0.20456671714782715,0.026533126831054688,0.024327516555786133,0.09324908256530762,7.7098609014449,8.40886149141978,1.090663190803336,3.8330703568313456,108,216
86,"[  3.57532456  81.91299947  99.73631572  19.3522     100.
  25.6711      33.8244      10.9347       1.        ]","[  7.08739798  81.81629091  95.95366364  19.3522     100.
  25.6711      33.8244      10.9347       1.        ]","[  3.5643  74.286   73.8755  19.3522 100.      25.6711  33.8244  10.9347
   1.    ]","[ 17.4568  64.6625  92.351   19.3522 100.      25.6711  33.8244  10.9347
   1.    ]",[0.9642273  0.77127961 0.75083684 0.77431359],[0.9642273  0.77127961 0.68272356 0.81864583],[[0.95945319 0.65368168 0.71371603 0.7341362 ]],[0.96122715 0.72684914 0.68272356 0.75607113],102.57380936823319,109.96524343434345,136.05060000000003,141.09109999999998,7.391434066110264,26.085356565656582,33.476790631766846,-5.040499999999952,0.07205966232155331,0.23721455753636622,0.32636782077174675,-0.0357251449595329,0.21452593803405762,0.025915145874023438,0.022662639617919922,0.3311426639556885,8.278013910355487,9.466061396679782,1.1435184211080018,14.611831169650936,66,1002
87,"[37.22579048 99.08750885 97.23761811 92.3729     55.         50.2139
 64.8766     30.9116      0.        ]","[24.23237879 98.98167172 97.96868182 92.3729     55.         50.2139
 64.8766     30.9116      0.        ]",[35.981  99.58   99.09   92.3729 55.     50.2139 64.8766 30.9116  0.    ],[36.981  80.158  77.209  92.3729 55.     50.2139 64.8766 30.9116  0.    ],[0.76545456 0.92211152 0.20444046 0.42213638],[0.76545456 0.94260448 0.23478215 0.30384703],[0.76545456 0.92211152 0.23478215 0.30384703],[0.76545456 0.92211152 0.1121476  0.22689238],48.527763521375164,34.90912525252526,44.93810000000008,87.24110000000002,-13.618638268849907,10.02897474747482,-3.589663521375087,-42.30299999999994,-0.2806360170060437,0.28728805648744643,-0.07397133642464149,-0.48489759986978537,0.2101132869720459,0.015662670135498047,0.06091928482055664,0.04005265235900879,13.414908515237313,3.4490438880061367,0.2571052858160414,0.6574708235165196,192,10
88,"[ 5.63142125 98.84842567 99.07538568 22.8998     57.         60.5969
 73.9985     56.2622      0.        ]","[ 7.08739798 98.9914     97.96868182 22.8998     57.         60.5969
 73.9985     56.2622      0.        ]",[37.2107 75.15   77.0182 22.8998 57.     60.5969 73.9985 56.2622  0.    ],[35.1537 55.35   52.9102 22.8998 57.     60.5969 73.9985 56.2622  0.    ],[0.67637451 0.85725525 0.11610205 0.24911064],[0.67637451 0.85725525 0.10543233 0.24911064],[0.65583501 0.83254685 0.06618245 0.21297772],[0.60053122 0.81032766 0.07801705 0.12101391],84.80780989364143,87.22751616161611,162.1427,203.9937,2.419706267974675,74.91518383838388,77.33489010635856,-41.851,0.028531644326262637,0.8588480692214163,0.9118840611890018,-0.20515829655523676,0.18049168586730957,0.02004861831665039,0.02332282066345215,0.05129361152648926,9.00269948864312,7.73884464798667,0.8596137922574446,2.199288510881899,102,30
89,"[ 5.22929518 92.77909085 97.3006099  20.8982      9.          3.3175
 46.6329     48.1705      0.        ]","[24.23237879 88.91357374 97.96868182 20.8982      9.          3.3175
 46.6329     48.1705      0.        ]",[24.3243 69.778  59.9585 20.8982  9.      3.3175 46.6329 48.1705  0.    ],[ 6.8368 55.508  51.639  20.8982  9.      3.3175 46.6329 48.1705  0.    ],[0.67057249 0.76733992 0.04019705 0.2105062 ],[0.68926325 0.79415872 0.04019705 0.18515104],[0.55992701 0.79926468 0.04027861 0.11131075],[0.56466388 0.76067039 0.04027861 0.11956575],94.25139443262935,116.45192323232322,173.6896,178.7916,22.20052879969387,57.23767676767679,79.43820556737066,-5.101999999999975,0.23554589227390954,0.4915133660221894,0.8428332126603483,-0.0285360162334247,0.18258190155029297,0.02459263801574707,0.01976633071899414,0.04392099380493164,7.42425035628072,9.237015415048369,1.24416809398596,2.2220104696885628,66,18
90,"[24.38638729 99.91968399 98.06256137 68.3063     62.         57.0808
 95.8221     84.5618      0.        ]","[24.23237879 98.98167172 97.96868182 68.3063     62.         57.0808
 95.8221     84.5618      0.        ]",[33.3965 58.508  99.09   68.3063 62.     57.0808 95.8221 84.5618  0.    ],[43.3965 56.508  77.209  68.3063 62.     57.0808 95.8221 84.5618  0.    ],[0.51333348 0.91759283 0.03041317 0.04246897],[0.51333348 0.91759283 0.03041317 0.04246897],[0.48750735 0.88731267 0.03041317 0.02915353],[0.42604704 0.88552212 0.01263145 0.0252709 ],58.09784193050075,58.97572525252531,107.49219999999997,141.3732,0.8778833220245588,48.51647474747466,49.39435806949922,-33.88100000000003,0.015110429111544664,0.822651600124192,0.850192647922912,-0.23965645539607244,0.18394875526428223,0.013678789138793945,0.06006264686584473,0.05185818672180176,13.447736740278529,3.062614867359212,0.22774203023963863,0.8634016219370358,198,16
91,"[24.61142018 50.03342487 42.20021387 28.1943     28.         69.132
 51.124      71.9696      1.        ]","[24.23237879 64.65       43.639      28.1943     28.         69.132
 51.124      71.9696      1.        ]",[41.797  93.275  92.4315 28.1943 28.     69.132  51.124  71.9696  1.    ],"[ 18.703  100.      89.259   28.1943  28.      69.132   51.124   71.9696
   1.    ]",[0.87747972 0.80084234 0.81836739 0.82840226],[0.89080222 0.82016281 0.80435367 0.82840226],[[0.90195844 0.77287531 0.81834832 0.87538801]],[0.90195844 0.82959879 0.85851788 0.90355029],204.18348144113256,187.74907878787877,127.89619999999996,101.24969999999996,-16.434402653253784,-59.85287878787881,-76.28728144113259,26.646500000000003,-0.08048840453331153,-0.31879186398299897,-0.37362122000611847,0.2631760884229782,5.355772972106934,0.21628856658935547,0.20220136642456055,0.05601096153259277,24.76216406887277,26.48732333915816,1.0696691640313456,0.2770058507665424,1002,54
92,"[24.60351672 50.25287319 37.86803585 53.7386     45.         31.9497
 76.3223     48.2439      1.        ]","[24.23237879 55.35       38.209      53.7386     45.         31.9497
 76.3223     48.2439      1.        ]",[34.0224 62.225  93.5675 53.7386 45.     31.9497 76.3223 48.2439  1.    ],[31.7324 62.103  93.587  53.7386 45.     31.9497 76.3223 48.2439  1.    ],[0.95721634 0.80122428 0.88828055 0.91573568],[0.95721634 0.80548112 0.88828055 0.91880898],[[0.95747691 0.77751102 0.95091102 0.92085147]],[0.95747691 0.77751102 0.95091102 0.92085147],182.74400768485185,176.9347787878788,124.49129999999997,122.30379999999997,-5.809228896973053,-52.44347878787883,-58.252707684851885,2.1875,-0.03178888856914675,-0.2964000585252466,-0.3187667186620457,0.017885789321345703,5.429771184921265,0.37013936042785645,0.310025691986084,0.29250049591064453,14.669531980183926,17.51393940978604,1.193898989650415,0.9434717943433343,1002,1002
93,"[37.2335371  99.78499555 99.04594954 85.4148     57.         67.0617
 94.3467     21.9962      0.        ]","[24.23237879 98.98167172 97.96868182 85.4148     57.         67.0617
 94.3467     21.9962      0.        ]",[55.639  73.166  74.57   85.4148 57.     67.0617 94.3467 21.9962  0.    ],[43.406  73.166  65.57   85.4148 57.     67.0617 94.3467 21.9962  0.    ],[0.70277798 0.90931959 0.01892472 0.07048676],[0.70277798 0.9329334  0.02251253 0.04334416],[0.59082762 0.8838984  0.00913594 0.02580123],[0.59082762 0.91377593 0.00790547 0.02580123],52.987792007635676,41.86722525252526,122.48820000000006,119.2552,-11.120566755110417,80.6209747474748,69.50040799236439,3.233000000000061,-0.20987035567566045,1.9256345330077034,1.311630572988382,0.027109928959073156,0.24469256401062012,0.008177042007446289,0.3064875602722168,0.04786252975463867,29.92433740560399,0.7983768208839815,0.026679849584053544,0.15616467341163218,1002,32
94,"[37.21820519 80.29943122 98.75785771 45.5095     60.         45.6084
 30.4428     11.4986      0.        ]","[24.23237879 73.77737778 93.95366364 45.5095     60.         45.6084
 30.4428     11.4986      0.        ]",[35.0875 57.2904 99.09   45.5095 60.     45.6084 30.4428 11.4986  0.    ],[36.945  65.5874 94.3325 45.5095 60.     45.6084 30.4428 11.4986  0.    ],[0.76812965 0.78744579 0.07285809 0.38746925],[0.75583222 0.85209139 0.08577677 0.24511569],[0.72775391 0.77680918 0.08577677 0.21041695],[0.75751745 0.8180683  0.08577677 0.19675552],112.65141626233952,110.99183737373733,133.19759999999997,131.5156,-1.6595788886021978,22.20576262626264,20.546183737660442,1.6819999999999595,-0.01473198423655337,0.20006662788624963,0.18238726524141563,0.012789357308182142,0.2700657844543457,0.049720048904418945,0.05544018745422363,0.06277966499328613,5.431728053476295,4.871299987528652,0.8968232465929566,1.1323855108737255,186,78
95,"[ 0.61350013 98.06913971 97.57478077 77.6664     57.         76.0867
 25.7413     80.4949      0.        ]","[ 9.0788697  97.97194343 97.96868182 77.6664     57.         76.0867
 25.7413     80.4949      0.        ]",[35.1769 80.158  71.556  77.6664 57.     76.0867 25.7413 80.4949  0.    ],[18.0724 80.158  52.639  77.6664 57.     76.0867 25.7413 80.4949  0.    ],[0.28761563 0.90734905 0.38951069 0.36942868],[0.28761563 0.93081527 0.28536726 0.36942868],[0.25743276 0.90780986 0.11361554 0.32299197],[0.24233723 0.91298466 0.11361554 0.30840035],27.303179648572097,35.4718444444444,105.79649999999998,107.60899999999998,8.168664795872303,70.32465555555558,78.49332035142788,-1.8125,0.2991836445796344,1.982548600360978,2.874878360752863,-0.016843386705572956,0.21280169486999512,0.030091524124145508,0.3053123950958252,0.04473280906677246,7.071815106209344,0.6969965788752379,0.09855978534609117,0.14651488044804942,1002,20
96,"[37.22730535 86.80956514 99.09022369 71.2046     37.         38.9231
 43.3783     58.7698      0.        ]","[35.3261899  79.9330303  97.96868182 71.2046     37.         38.9231
 43.3783     58.7698      0.        ]",[34.5678 66.0212 99.2095 71.2046 37.     38.9231 43.3783 58.7698  0.    ],[36.945  73.6922 97.9375 71.2046 37.     38.9231 43.3783 58.7698  0.    ],[0.76143026 0.91166165 0.25236788 0.49992367],[0.76143026 0.91308348 0.28725431 0.37394233],[0.75376497 0.92727711 0.28725431 0.31402007],[0.7520622  0.91601352 0.28725431 0.31402007],80.12291651818327,86.21987777777781,98.13249999999994,94.11070000000007,6.096961259594536,11.912622222222126,18.009583481816662,4.021799999999871,0.07609509893727943,0.13816561249281276,0.22477443738246258,0.04273477936090018,0.24549293518066406,0.1254270076751709,0.024854183197021484,0.06480884552001953,1.9572573700908038,9.877328626518043,5.046514974195652,2.6075628801105077,102,90
97,"[ 3.56224101 66.1251541  43.00706063  2.1309     40.         27.9715
 91.6996     28.3843      0.        ]","[ 7.08739798 99.9914     97.96868182  2.1309     40.         27.9715
 91.6996     28.3843      0.        ]","[ 22.093   66.925  100.       2.1309  40.      27.9715  91.6996  28.3843
   0.    ]",[23.062  55.35   77.209   2.1309 40.     27.9715 91.6996 28.3843  0.    ],[0.83358082 0.19822384 0.00949829 0.00531058],[0.85637993 0.21336702 0.00581714 0.0112018 ],[0.8089568  0.17531564 0.00647884 0.00877624],[0.84532244 0.14441149 0.00520113 0.0068743 ],192.29912628390414,106.99641616161614,153.0371,188.3721,-85.302710122288,46.04068383838387,-39.262026283904135,-35.33499999999998,-0.44359385178042815,0.43030117727345424,-0.20417163115935827,-0.1875808572500916,0.2801496982574463,0.023773670196533203,0.22470974922180176,0.04314470291137695,11.784032332470867,1.2467180406174636,0.10579723522839764,0.19200191830035193,1002,13
98,"[37.21628497 79.99351825 99.90012403 99.6065     13.         41.5843
 32.4615     30.9768      0.        ]","[24.23237879 65.66063838 97.96868182 99.6065     13.         41.5843
 32.4615     30.9768      0.        ]",[19.9785 89.8835 80.0375 99.6065 13.     41.5843 32.4615 30.9768  0.    ],[37.098  86.3875 80.0375 99.6065 13.     41.5843 32.4615 30.9768  0.    ],[0.55847633 0.88726757 0.12539865 0.41658475],[0.60347831 0.93136782 0.14616474 0.23407401],[0.52640512 0.89228088 0.0779624  0.23284113],[0.52640512 0.88726757 0.0779624  0.24512484],57.7161426806955,60.99655858585862,50.45100000000002,71.06650000000002,3.2804159051631245,-10.5455585858586,-7.265142680695476,-20.615499999999997,0.05683706070434148,-0.1728877633483977,-0.1258771349445269,-0.29008745330078156,0.3197319507598877,0.015418529510498047,0.26980042457580566,0.4099247455596924,20.736864079171177,1.185068375124268,0.05714790677123605,1.5193628631392908,1002,1002
99,"[ 0.4182806  98.85557356 96.53654025 36.2778     91.         94.8605
 68.5231     65.1343      1.        ]","[ 9.10445455 98.98167172 96.96117273 36.2778     91.         94.8605
 68.5231     65.1343      1.        ]",[17.8955 98.8757 99.09   36.2778 91.     94.8605 68.5231 65.1343  1.    ],[33.116  88.6457 98.181  36.2778 91.     94.8605 68.5231 65.1343  1.    ],[0.25764481 0.78228811 0.65295118 0.82369531],[0.2598642  0.82764704 0.64055142 0.66248676],[[0.2598642  0.7993057  0.6651116  0.66248676]],[0.2118604  0.6582095  0.61793684 0.63423729],68.74836678757447,76.88381010101006,83.65200000000004,110.0114999999999,8.135443313435587,6.768189898989988,14.903633212425575,-26.359499999999855,0.1183365321037122,0.08803140596307507,0.21678526936467163,-0.23960676838330427,0.21010923385620117,0.03076648712158203,0.059874773025512695,0.05988001823425293,6.829159046526766,3.509144556868273,0.5138472442888827,1.0000876029832797,180,78
100,"[37.23054961 89.53005035 96.93403742 32.2176     98.         27.5074
 47.5989     38.5833      0.        ]","[24.23237879 73.77737778 91.92362727 32.2176     98.         27.5074
 47.5989     38.5833      0.        ]",[36.4219 58.508  95.476  32.2176 98.     27.5074 47.5989 38.5833  0.    ],[52.4844 56.508  95.476  32.2176 98.     27.5074 47.5989 38.5833  0.    ],[0.83603004 0.88878781 0.18164788 0.66045662],[0.83531072 0.92653878 0.20949764 0.46557563],[0.81412447 0.87699426 0.20949764 0.39656973],[0.73517786 0.85108301 0.11560791 0.35846555],118.54886183757276,126.31377373737371,150.2203,168.2828,7.76491189980095,23.9065262626263,31.67143816242725,-18.0625,0.06549967481290442,0.18926301982182675,0.26715936088716913,-0.10733420171283102,0.28227972984313965,0.034854888916015625,0.2800319194793701,0.04189109802246094,8.098712651855095,1.0080269790956282,0.1244675570585566,0.14959401092684024,1002,9
101,"[24.61310079 51.07996108 37.8689635  82.8982     15.         19.0127
 19.0203     62.3632      1.        ]","[67.3261899  64.79683434 95.97619091 82.8982     15.         19.0127
 19.0203     62.3632      1.        ]",[33.7178 67.1312 60.4765 82.8982 15.     19.0127 19.0203 62.3632  1.    ],[18.9115 76.9932 87.348  82.8982 15.     19.0127 19.0203 62.3632  1.    ],[0.93939359 0.80385084 0.82101844 0.93328806],[0.93873049 0.8126412  0.84504604 0.90334102],[[0.95097377 0.79554626 0.88311535 0.94125931]],[0.95022911 0.84114976 0.88933108 0.94180107],152.76597621659096,123.65496464646463,123.21190000000001,71.6721,-29.111011570126323,-0.4430646464646202,-29.554076216590943,51.539800000000014,-0.1905595230763482,-0.0035830720402643184,-0.19345980661747153,0.719105481770452,5.478247165679932,0.1966562271118164,0.017904996871948242,0.05759739875793457,27.85697278004355,305.96191693631073,10.983315357062011,3.216833779411177,60,162
102,"[24.36887286 99.47148003 97.77667675 75.9653     42.         59.0607
 76.8827     94.7684      0.        ]","[10.05328485 98.98167172 97.96868182 75.9653     42.         59.0607
 76.8827     94.7684      0.        ]","[  2.3828 100.      99.4953  75.9653  42.      59.0607  76.8827  94.7684
   0.    ]",[ 9.3613 56.508  77.5098 75.9653 42.     59.0607 76.8827 94.7684  0.    ],[0.24714442 0.44007739 0.32739257 0.27038377],[0.23908113 0.41065777 0.32739257 0.27038377],[0.23908113 0.41065777 0.32739257 0.27038377],[0.09865798 0.4017353  0.1402583  0.18740395],51.15541609095493,37.137631313131294,26.922199999999975,99.37819999999999,-14.017784777823636,-10.215431313131319,-24.233216090954954,-72.45600000000002,-0.2740234729573864,-0.27506954406969136,-0.4737175052562961,-0.7290935034041673,0.28304123878479004,0.02032184600830078,0.17026782035827637,0.045580387115478516,13.927929513351167,1.6623296063179562,0.11935224146018722,0.2676981887685446,1002,16
103,"[ 3.6095229  99.83083287 97.34163711  4.7364     22.         24.6549
 54.671      95.5257      1.        ]","[ 7.08739798 99.9914     97.96868182  4.7364     22.         24.6549
 54.671      95.5257      1.        ]","[ 32.783  100.      93.5675   4.7364  22.      24.6549  54.671   95.5257
   1.    ]","[  2.907  100.      98.6535   4.7364  22.      24.6549  54.671   95.5257
   1.    ]",[0.76140143 0.10567315 0.36567059 0.26595016],[0.71765829 0.10567315 0.29160549 0.31490905],[0.71765829 0.03796261 0.29160549 0.26473438],[0.76140143 0.10567315 0.27562353 0.26595016],101.70065291993069,104.39091616161613,134.47910000000002,99.51709999999997,2.690263241685443,30.088183838383884,32.77844708006933,34.962000000000046,0.026452762734999326,0.2882260731556556,0.3223032118178821,0.35131650741430426,0.2047441005706787,0.011801958084106445,0.019518613815307617,0.055788516998291016,17.34831619563241,10.48968448825534,0.6046514468589297,2.8582212613140827,84,84
104,"[37.23361597 99.99879259 98.81010862 55.6778     67.         64.5327
 43.9877     43.8257      0.        ]","[24.23237879 97.98167172 97.96868182 55.6778     67.         64.5327
 43.9877     43.8257      0.        ]",[33.9715 85.553  98.8837 55.6778 67.     64.5327 43.9877 43.8257  0.    ],[35.981  86.524  97.6822 55.6778 67.     64.5327 43.9877 43.8257  0.    ],[0.67565871 0.91166165 0.18357439 0.49299973],[0.67565871 0.93470937 0.21164312 0.35192433],[0.67565871 0.91308348 0.17940166 0.36748104],[0.67565871 0.91166165 0.17940166 0.36748104],82.74691476821971,72.60422525252528,93.85700000000003,96.09699999999998,-10.142689515694428,21.252774747474746,11.110085231780317,-2.2399999999999523,-0.12257483610240767,0.2927209080952977,0.13426585465936097,-0.0233097807423744,0.24991536140441895,0.015432357788085938,0.30708789825439453,0.05007028579711914,16.19424360400445,0.8138235431126846,0.050253878045371965,0.1630487104237512,1002,48
105,"[35.48860733 79.98843633 96.50577398 94.9312     94.          8.7454
 34.1756     53.9882      0.        ]","[24.23237879 79.98167172 93.93864545 94.9312     94.          8.7454
 34.1756     53.9882      0.        ]","[ 26.2457 100.      99.1824  94.9312  94.       8.7454  34.1756  53.9882
   0.    ]","[ 35.3962 100.      99.3779  94.9312  94.       8.7454  34.1756  53.9882
   0.    ]",[0.82300811 0.93988341 0.36845697 0.43188513],[0.82300811 0.94878574 0.36845697 0.41539252],[0.80338718 0.93148051 0.36845697 0.41539252],[0.80338718 0.93148051 0.36845697 0.43188513],64.06319702526417,55.38086161616161,32.13209999999998,41.08710000000002,-8.682335409102564,-23.24876161616163,-31.931097025264194,-8.955000000000041,-0.13552766349888173,-0.41979775932877544,-0.49843121336376234,-0.21795161985148712,0.18676257133483887,0.15980291366577148,0.12491464614868164,0.23929429054260254,1.1687056703199645,1.495121485694654,1.2792968526329853,1.9156623976485407,1002,1002
106,"[24.50176817 99.47029461 97.33424486 84.7397     46.         67.4802
 71.3983      7.4249      0.        ]","[24.23237879 98.98167172 96.96117273 84.7397     46.         67.4802
 71.3983      7.4249      0.        ]",[23.2358 67.1399 82.5225 84.7397 46.     67.4802 71.3983  7.4249  0.    ],[18.1693 57.1239 77.209  84.7397 46.     67.4802 71.3983  7.4249  0.    ],[0.69186855 0.52336303 0.05704621 0.49802087],[0.69186855 0.52336303 0.05704621 0.47696638],[0.67425315 0.48894891 0.02238494 0.1035658 ],[0.63913801 0.47937798 0.02238494 0.1035658 ],42.95752870435717,43.54983434343433,88.83370000000002,99.0967,0.5923056390771535,45.283865656565695,45.87617129564285,-10.262999999999977,0.0137881683826257,1.0398171735730792,1.0679425162320764,-0.10356550722677926,0.2341156005859375,0.0068569183349609375,0.03824591636657715,0.039549827575683594,34.14297635605007,6.121322818938379,0.17928497958420347,1.0340928217436025,108,19
107,"[37.22649985 80.1304284  97.54302654 36.6939     43.         32.1382
 25.6289     41.4969      0.        ]","[35.3261899  79.79683434 97.96868182 36.6939     43.         32.1382
 25.6289     41.4969      0.        ]",[34.8424 94.572  99.09   36.6939 43.     32.1382 25.6289 41.4969  0.    ],[ 9.7189 56.508  78.209  36.6939 43.     32.1382 25.6289 41.4969  0.    ],[0.82050998 0.88501442 0.09969731 0.53861508],[0.82050998 0.88681189 0.11677552 0.42100718],[0.80067918 0.88681189 0.11677552 0.42100718],[0.77927727 0.90447586 0.08299177 0.27253795],122.85914490625089,120.86677373737376,104.48649999999992,138.308,-1.9923711688771277,-16.38027373737384,-18.37264490625097,-33.82150000000007,-0.016216710366960718,-0.13552338025474095,-0.14954234721615906,-0.2445375538652867,0.21508002281188965,0.02451348304748535,0.28560614585876465,0.03975248336791992,8.773947887995176,0.7530651070731827,0.08582967629697834,0.13918637236741382,1002,11
108,"[ 0.37960986 99.11746163 99.53085443 88.3914     21.         66.6977
 25.8052     65.2698      0.        ]","[2.77000000e-02 9.79719434e+01 9.79686818e+01 8.83914000e+01
 2.10000000e+01 6.66977000e+01 2.58052000e+01 6.52698000e+01
 0.00000000e+00]",[28.785  80.612  66.917  88.3914 21.     66.6977 25.8052 65.2698  0.    ],[19.043  41.156  51.639  88.3914 21.     66.6977 25.8052 65.2698  0.    ],[0.45411072 0.90349433 0.5582096  0.32009231],[0.45411072 0.73199172 0.5582096  0.32009231],[0.42693709 0.90317098 0.10802412 0.27713159],[0.38785792 0.90453066 0.09898942 0.20088486],13.339893807495514,15.695674747474754,92.8646,137.85659999999996,2.3557809399792404,77.16892525252524,79.52470619250448,-44.99199999999996,0.1765966786523861,4.916572654191932,5.96141973392776,-0.3263681245584178,0.2096245288848877,0.01523280143737793,0.021160125732421875,0.04557371139526367,13.761390493183704,9.906582386875789,0.7198823688480259,2.1537542815936543,96,25
109,"[29.28348757 80.42669759 95.08462813 40.5565     81.         44.9692
  7.5329     86.2827      0.        ]","[24.23237879 79.79683434 93.96868182 40.5565     81.         44.9692
  7.5329     86.2827      0.        ]","[ 35.981  100.      93.5675  40.5565  81.      44.9692   7.5329  86.2827
   0.    ]",[36.981  80.4097 78.209  40.5565 81.     44.9692  7.5329 86.2827  0.    ],[0.2449838  0.88369331 0.22008186 0.38514493],[0.2449838  0.91192648 0.22008186 0.36927702],[0.2218688  0.88185291 0.22008186 0.38514493],[0.26014876 0.88185291 0.15551647 0.30612132],113.21566185072334,109.91036262626267,101.85699999999997,137.80579999999998,-3.3052992244606685,-8.053362626262697,-11.358661850723365,-35.948800000000006,-0.02919471714804581,-0.07327209585912489,-0.10032765489371906,-0.26086565296961384,0.18108654022216797,0.04028797149658203,0.03101325035095215,0.04296517372131348,4.494804118830631,5.839005527410266,1.29905672706586,1.3853811914298235,114,44
110,"[37.22043718 81.06191195 99.93212259 36.0393     90.         37.3412
 23.3334     46.2735      0.        ]","[24.23237879 73.77737778 91.95366364 36.0393     90.         37.3412
 23.3334     46.2735      0.        ]",[21.9355 53.2869 99.09   36.0393 90.     37.3412 23.3334 46.2735  0.    ],[19.043  41.6189 78.209  36.0393 90.     37.3412 23.3334 46.2735  0.    ],[0.79040953 0.88878781 0.11094568 0.5523719 ],[0.77099211 0.92653878 0.12967322 0.41806966],[0.72985634 0.89466558 0.12967322 0.36311123],[0.71294355 0.88403644 0.08864944 0.28233374],120.1871026484821,122.46203737373736,133.51929999999993,163.1758,2.274934725255264,11.05726262626257,13.332197351517834,-29.65650000000008,0.01892827662140165,0.09029134957568377,0.11092868583837363,-0.18174570003640295,0.18822264671325684,0.07582592964172363,0.18967652320861816,0.04369711875915527,2.4822992293349517,0.9923349686573374,0.39976444295283453,0.23037705468216768,1002,12
111,"[ 3.89055158 99.56102732 97.58691444 78.6843     65.         76.8752
 33.4996     98.834       1.        ]","[24.23237879 98.98167172 97.96868182 78.6843     65.         76.8752
 33.4996     98.834       1.        ]",[ 9.8575 80.158  96.4374 78.6843 65.     76.8752 33.4996 98.834   1.    ],"[ 10.196  100.      93.378   78.6843  65.      76.8752  33.4996  98.834
   1.    ]",[0.43613777 0.5744215  0.96133852 0.93947328],[0.38122439 0.54735138 0.96133852 0.93947328],[[0.32678876 0.57666284 0.95293987 0.93449938]],[0.3613167  0.42928386 0.95952476 0.93449938],28.058309825720414,48.597725252525265,54.57779999999997,38.133699999999976,20.53941542680485,5.980074747474703,26.519490174279554,16.44409999999999,0.7320261111372017,0.12305256504087014,0.9451563668303976,0.43122225223358873,0.24773836135864258,0.009538888931274414,0.02149200439453125,0.05492424964904785,25.97140643355245,11.527001242456514,0.4438343095491658,2.5555666489172877,96,96
112,"[ 3.61023175 98.89171095 98.8111732   7.0472     98.         79.833
 22.2629     99.4266      1.        ]","[ 7.08739798 99.9914     96.96117273  7.0472     98.         79.833
 22.2629     99.4266      1.        ]",[ 2.4561 77.5    99.2938  7.0472 98.     79.833  22.2629 99.4266  1.    ],[36.6176 55.35   45.2333  7.0472 98.     79.833  22.2629 99.4266  1.    ],[0.51807159 0.03737571 0.41341758 0.20823801],[0.46128144 0.07110641 0.31109221 0.25707831],[0.39530362 0.03995195 0.27475056 0.22730935],[0.18637928 0.00772252 0.23427603 0.25522509],98.86014759611777,103.08762525252524,118.6151000000001,228.9871,4.227477656407473,15.527474747474855,19.754952403882328,-110.3719999999999,0.04276220255788375,0.15062404153203143,0.19982725986399502,-0.4820009511452824,0.24225330352783203,0.009782791137695312,0.06739377975463867,0.04065442085266113,24.763209202573602,3.5945944033678847,0.1451586655817738,0.6032369901298333,246,11
113,"[ 0.2763795  99.05575771 97.61690711 47.7584     25.         92.6789
 89.7292     66.9461      0.        ]","[24.23237879 98.98167172 97.96868182 47.7584     25.         92.6789
 89.7292     66.9461      0.        ]",[35.5523 57.525  99.09   47.7584 25.     92.6789 89.7292 66.9461  0.    ],[35.6163 55.35   77.209  47.7584 25.     92.6789 89.7292 66.9461  0.    ],[0.06036237 0.91732946 0.04347991 0.07883111],[0.06613367 0.94567014 0.02149815 0.07883111],[0.06003117 0.82738121 0.01673305 0.04886105],[0.0516809  0.82738121 0.01375463 0.04508974],55.845314676749865,79.52362525252528,131.17889999999994,155.2989,23.678310575775413,51.655274747474664,75.33358532325008,-24.12000000000006,0.42399815835639704,0.6495588522711916,1.3489687677346687,-0.15531339887146697,0.2149660587310791,0.011794328689575195,0.07275104522705078,0.045807838439941406,18.226222482766985,2.9548174608376483,0.1621190273317166,0.6296519630333617,240,20
114,"[24.6130993  50.62983793 37.86811429 63.67       50.         39.6206
 75.9359     33.4767      1.        ]","[24.23237879 64.8883     37.3039     63.67       50.         39.6206
 75.9359     33.4767      1.        ]",[43.093  78.7633 95.2444 63.67   50.     39.6206 75.9359 33.4767  1.    ],[30.4845 81.0943 96.0025 63.67   50.     39.6206 75.9359 33.4767  1.    ],[0.96048353 0.80122428 0.88584569 0.90978016],[0.96167685 0.80163778 0.88584569 0.90978016],[[0.95779998 0.84546281 0.9320538  0.91988702]],[0.96267594 0.84050004 0.94372335 0.93116365],172.44514707307417,158.37017878787879,105.4153,89.71770000000004,-14.074968285195382,-52.95487878787878,-67.02984707307417,15.697599999999966,-0.0816199732151991,-0.3343740544664448,-0.38870242631223517,0.17496658964730438,5.550102472305298,0.31414079666137695,0.021448850631713867,0.06502127647399902,17.66756349793033,258.7599012927537,14.646043373386837,3.0314573769216233,66,198
115,"[37.22456457 89.34720733 99.20371705 97.1205     13.         51.1788
 40.6271     28.2371      0.        ]","[35.3261899  88.88438889 97.96868182 97.1205     13.         51.1788
 40.6271     28.2371      0.        ]",[19.5506 93.7565 98.4454 97.1205 13.     51.1788 40.6271 28.2371  0.    ],[35.3391 93.4435 97.6504 97.1205 13.     51.1788 40.6271 28.2371  0.    ],[0.5442968  0.88726757 0.12539865 0.3518624 ],[0.5442968  0.88903424 0.14616474 0.24491883],[0.5442968  0.89228088 0.14616474 0.23264226],[0.5442968  0.88903424 0.14616474 0.24491883],51.553140180655646,51.35261919191919,30.228200000000015,47.12470000000002,-0.20052098873645718,-21.124419191919173,-21.32494018065563,-16.896500000000003,-0.0038895979572491483,-0.4113601121876817,-0.41364968469287183,-0.3585487016362968,0.24525070190429688,0.02538132667541504,0.045557498931884766,0.08033251762390137,9.662643132908123,5.383322343287175,0.5571273066013543,1.7633215059503249,174,132
116,"[37.23241573 98.86580605 98.36588095 58.1472     63.         85.1003
 76.7018     80.5298      0.        ]","[24.23237879 98.98167172 97.96868182 58.1472     63.         85.1003
 76.7018     80.5298      0.        ]",[36.872  75.65   99.1404 58.1472 63.     85.1003 76.7018 80.5298  0.    ],[24.468  75.65   98.1404 58.1472 63.     85.1003 76.7018 80.5298  0.    ],[0.24883202 0.911409   0.1544708  0.41803183],[0.24883202 0.9306981  0.17906558 0.30029494],[0.23944093 0.90631062 0.15083739 0.27491015],[0.23944093 0.92662042 0.15083739 0.27491015],81.85352873076823,69.13482525252527,103.93439999999998,92.53039999999999,-12.718703478242958,34.79957474747471,22.08087126923175,11.403999999999996,-0.15538369176577815,0.5033581067192122,0.2697607740511703,0.12324598186109643,0.2536282539367676,0.012434959411621094,0.022556066513061523,0.04052567481994629,20.39638775979753,11.244347669834156,0.5512911306774341,1.7966640946230195,72,8
117,"[ 1.62476229 99.68759262 97.29809163 64.8326     16.         28.4908
 58.9827      1.646       0.        ]","[19.0107     80.158      94.94615455 64.8326     16.         28.4908
 58.9827      1.646       0.        ]",[20.2232 93.106  74.87   64.8326 16.     28.4908 58.9827  1.646   0.    ],[19.0107 80.158  51.43   64.8326 16.     28.4908 58.9827  1.646   0.    ],[0.78725451 0.25995914 0.02035442 0.49193821],[0.80128686 0.2631043  0.03735771 0.32193869],[0.74568616 0.25730777 0.01887534 0.06852675],[0.7405188  0.24698211 0.01887534 0.06852675],39.80647803269687,79.07394545454542,87.41460000000001,122.5901,39.26746742184855,8.340654545454584,47.608121967303134,-35.1755,0.9864592237875056,0.10547917518860994,1.195989304258418,-0.2869358944971902,0.21199965476989746,0.010052919387817383,0.3126225471496582,0.046112060546875,21.088367129135538,0.6781329648255002,0.032156731750396954,0.14750075120077727,1002,17
118,"[ 3.64454186 99.60782811 98.44570598 58.8877     95.         67.6403
 53.0563     72.702       0.        ]","[24.23237879 98.98167172 96.96117273 58.8877     95.         67.6403
 53.0563     72.702       0.        ]","[ 33.8072 100.      73.655   58.8877  95.      67.6403  53.0563  72.702
   0.    ]",[35.5732 97.8949 52.43   58.8877 95.     67.6403 53.0563 72.702   0.    ],[0.40802129 0.90377187 0.24181335 0.36275347],[0.41864749 0.92728143 0.18549883 0.36275347],[0.35632377 0.90344936 0.11677043 0.3203661 ],[0.33806944 0.91497608 0.11677043 0.29399753],46.70330777836233,69.40183434343436,101.26449999999994,126.36059999999998,22.69852656507203,31.862665656565582,54.56119222163761,-25.096100000000035,0.48601539472945576,0.45910408504324923,1.1682511328869054,-0.19860700249919705,0.2565453052520752,0.022904157638549805,0.20424175262451172,0.042064666748046875,11.200818178979254,1.2560864855273788,0.11214238687354959,0.205955277055327,1002,20
119,"[ 0.42616821 99.94932315 97.25885937 61.9402     39.         88.661
 98.8335     53.2034      1.        ]","[24.23237879 98.98167172 97.96868182 61.9402     39.         88.661
 98.8335     53.2034      1.        ]","[  0.4085 100.      93.8915  61.9402  39.      88.661   98.8335  53.2034
   1.    ]",[ 7.043  82.1905 84.135  61.9402 39.     88.661  98.8335 53.2034  1.    ],[0.61475299 0.82178086 0.26926141 0.29726058],[0.54989901 0.84517035 0.15117355 0.25570072],[[0.59436419 0.76759528 0.26926141 0.27995996]],[0.59436419 0.74297798 0.10924796 0.18765303],41.27778569100201,65.34182525252527,44.576799999999935,78.77730000000003,24.06403956152326,-20.765025252525334,3.2990143089979256,-34.20050000000009,0.5829779664457362,-0.3177907132571695,0.079922269418562,-0.43414156108422197,0.21776866912841797,0.010262250900268555,0.05724358558654785,0.04488945007324219,21.22036103431452,3.804245783995635,0.17927337701012508,0.7841830593468473,450,60
120,"[24.60700353 25.39167921 42.19544555 54.4628     97.         39.7428
 19.9494     69.4588      1.        ]","[43.3261899  64.79683434 48.95366364 54.4628     97.         39.7428
 19.9494     69.4588      1.        ]",[19.     51.9305 86.9405 54.4628 97.     39.7428 19.9494 69.4588  1.    ],[18.866  64.647  87.851  54.4628 97.     39.7428 19.9494 69.4588  1.    ],[0.91517962 0.80913655 0.84698971 0.8795122 ],[0.95637294 0.80438588 0.92330697 0.91899378],[[0.95823074 0.83827666 0.94297033 0.93040511]],[0.95948922 0.82539389 0.94297033 0.93040511],202.557078772419,175.1128919191919,125.6662,111.90519999999998,-27.44418685322711,-49.44669191919189,-76.890878772419,13.761000000000024,-0.13548865840458607,-0.2823703690646015,-0.3796010449914169,0.12297015688279031,5.605030298233032,0.17473244667053223,0.0285797119140625,0.03784322738647461,32.07778752621503,196.1192021489589,6.11386312066204,1.3241290710090763,84,48
121,"[ 37.21782432  98.90265744  93.39958931  36.5544     100.
  35.6928      78.5859      63.5573       0.        ]","[ 24.23237879  79.79683434  91.96868182  36.5544     100.
  35.6928      78.5859      63.5573       0.        ]","[ 29.1995 100.     100.      36.5544 100.      35.6928  78.5859  63.5573
   0.    ]","[ 63.7095  80.158   84.6735  36.5544 100.      35.6928  78.5859  63.5573
   0.    ]",[0.7806801  0.89564918 0.10192842 0.38586554],[0.7806801  0.92762652 0.11933817 0.2490439 ],[0.70673916 0.8972997  0.10840752 0.2729393 ],[0.72628112 0.86044978 0.04725534 0.16159546],108.36117756503091,115.91246262626265,92.64510000000001,162.3236,7.551285061231738,-23.26736262626264,-15.7160775650309,-69.67849999999999,0.06968625877750338,-0.20073219133721415,-0.1450342079902112,-0.4292567439361866,0.2742428779602051,0.08101439476013184,0.012140274047851562,0.022657394409179688,3.385112963840388,22.589512961508248,6.673193244304792,1.8663000785545953,84,4
122,"[ 7.44279064 99.83313988 86.38289058 14.1079     88.         27.4198
 62.7017     55.1999      0.        ]","[ 7.08739798 99.9914     91.92362727 14.1079     88.         27.4198
 62.7017     55.1999      0.        ]",[17.8955 65.75   46.2474 14.1079 88.     27.4198 62.7017 55.1999  0.    ],[36.981  55.35   34.9299 14.1079 88.     27.4198 62.7017 55.1999  0.    ],[0.82386678 0.23120791 0.03037408 0.20596176],[0.82386678 0.23120791 0.04125195 0.18021816],[0.77325667 0.20046088 0.02996628 0.11276704],[0.64948888 0.13937662 0.03622077 0.11276704],107.11886018009045,101.06447070707065,191.7902,232.5932,-6.054389473019796,90.72572929292934,84.67133981990955,-40.803,-0.05652029402517009,0.8977015231781351,0.7904428751160938,-0.17542645270798973,0.2078406810760498,0.029019832611083984,0.024434566497802734,0.04017162322998047,7.1620220509702754,8.506010577054427,1.1876548992057452,1.6440489432703003,72,6
123,"[37.22472312 80.27845027 99.90413234 45.7182     41.         31.7856
 37.6411     28.9124      0.        ]","[35.3261899  79.79683434 97.96868182 45.7182     41.         31.7856
 37.6411     28.9124      0.        ]",[35.981  80.7935 90.254  45.7182 41.     31.7856 37.6411 28.9124  0.    ],"[ 35.981   78.6765 100.      45.7182  41.      31.7856  37.6411  28.9124
   0.    ]",[0.82050998 0.90931959 0.10527344 0.53739835],[0.82050998 0.91077542 0.12317616 0.4097105 ],[0.82050998 0.90931959 0.10520856 0.38949261],[0.74306401 0.91377593 0.12317616 0.4097105 ],111.32394051257484,111.84247373737372,119.21529999999996,111.5863,0.5185332247988867,7.3728262626262335,7.89135948742512,7.628999999999962,0.0046578770245768895,0.0659215235165395,0.07088645489092919,0.06836860797427607,0.2485964298248291,0.030145645141601562,0.02106761932373047,0.06116294860839844,8.246512179689972,11.799929835679688,1.4308994613190893,2.903173237970214,84,120
124,"[24.42869676 99.71604502 99.29778906 59.2193     52.         85.6101
 86.8222     51.541       0.        ]","[24.23237879 98.98167172 97.96868182 59.2193     52.         85.6101
 86.8222     51.541       0.        ]",[35.6345 99.58   45.6305 59.2193 52.     85.6101 86.8222 51.541   0.    ],[23.043  80.158  30.097  59.2193 52.     85.6101 86.8222 51.541   0.    ],[0.39463028 0.92844036 0.0528913  0.13703516],[0.39463028 0.92844036 0.0528913  0.13703516],[0.31697881 0.91438513 0.03455039 0.10519639],[0.21950554 0.8991392  0.02141805 0.08700072],66.1955626726342,68.0627252525253,131.20470000000017,153.56869999999998,1.867162579891101,63.141974747474876,65.00913732736598,-22.363999999999805,0.028206763482395803,0.9277027111859901,0.9820769656247865,-0.14562863395991377,0.1816399097442627,0.01602911949157715,0.032785654067993164,0.04421257972717285,11.331870714402582,5.540225287790973,0.48890650338513447,1.3485343203915265,186,18
125,"[35.57619801 98.20846377 97.85332121 57.3184     72.         66.972
  3.7251     61.5871      0.        ]","[2.77000000e-02 9.79719434e+01 9.79686818e+01 5.73184000e+01
 7.20000000e+01 6.69720000e+01 3.72510000e+00 6.15871000e+01
 0.00000000e+00]",[36.907  41.178  99.09   57.3184 72.     66.972   3.7251 61.5871  0.    ],[37.938  30.484  78.209  57.3184 72.     66.972   3.7251 61.5871  0.    ],[0.17262792 0.92595686 0.18132952 0.45464577],[0.16645825 0.88426963 0.25718233 0.43795402],[0.14537377 0.8776249  0.14062092 0.35464464],[0.09412657 0.89468306 0.04756966 0.21401484],82.19601302972819,46.76867474747473,139.3206,171.9266,-35.42733828225346,92.55192525252528,57.12458697027182,-32.605999999999995,-0.43101042223836694,1.9789298232685673,0.6949800223231183,-0.18965069977536922,0.18167352676391602,0.017948627471923828,0.0606081485748291,0.04001903533935547,10.121861799633379,2.9975099229374256,0.29614215074997347,0.6602913350825502,198,10
126,"[24.51739979 40.51960319 94.97805405 19.1839     96.          4.3814
 17.3961     46.4309      1.        ]","[24.23237879 64.66063838 95.95366364 19.1839     96.          4.3814
 17.3961     46.4309      1.        ]",[15.086  89.8638 46.7949 19.1839 96.      4.3814 17.3961 46.4309  1.    ],[ 4.1735 87.9608 52.2654 19.1839 96.      4.3814 17.3961 46.4309  1.    ],[0.91285558 0.80701975 0.85080523 0.82307806],[0.9545356  0.85390158 0.83123443 0.85655707],[[0.95175078 0.70937088 0.78328174 0.86986072]],[0.95175078 0.74947741 0.78328174 0.88967058],169.8358425437509,144.43417676767677,159.2434,144.7634,-25.40166577607414,14.809223232323234,-10.592442543750906,14.480000000000018,-0.14956598910816185,0.10253268003281492,-0.062368710780365565,0.10002528263359398,5.45534873008728,0.06200361251831055,0.21166396141052246,0.03615736961364746,87.984369111981,25.77363049303715,0.29293419675754095,0.17082440190902506,1002,84
127,"[24.61298701 26.16336647 42.25393806 89.9088     36.         36.4424
 27.1951     28.6636      1.        ]","[24.23237879 29.5276     42.639      89.9088     36.         36.4424
 27.1951     28.6636      1.        ]",[18.9948 60.5036 87.7925 89.9088 36.     36.4424 27.1951 28.6636  1.    ],[17.6608 61.8086 87.639  89.9088 36.     36.4424 27.1951 28.6636  1.    ],[0.91152054 0.81654362 0.82324598 0.89460206],[0.91871228 0.81654362 0.82007735 0.89460206],[[0.95903848 0.84476981 0.92674229 0.93627776]],[0.95903848 0.84476981 0.92674229 0.93627776],166.28688248657926,162.15697878787876,80.78989999999993,78.30439999999999,-4.1299036987005024,-81.36707878787882,-85.49698248657933,2.485499999999945,-0.024836016148380317,-0.5017796914822701,-0.5141534991100675,0.03174151133269581,5.59980583190918,0.23988771438598633,0.059255123138427734,0.04470348358154297,23.343445687672563,94.50331946534479,4.048387745741025,0.7544239419958637,186,78
128,"[24.61310101 91.16019821 94.97805405 77.0502     83.         75.3979
 36.2007     93.8284      1.        ]","[22.0788697  91.97194343 95.96117273 77.0502     83.         75.3979
 36.2007     93.8284      1.        ]",[44.9976 67.1758 99.5411 77.0502 83.     75.3979 36.2007 93.8284  1.    ],[35.4306 50.3588 97.2001 77.0502 83.     75.3979 36.2007 93.8284  1.    ],[0.8082032  0.82982389 0.95137414 0.93705355],[0.8082032  0.81927386 0.95137414 0.93705355],[[0.7084366  0.75822406 0.93426603 0.91667279]],[0.70161626 0.75606524 0.94900421 0.92826763],61.4246487472534,57.095553535353474,101.2305,110.82149999999996,-4.329095211899926,44.13494646464653,39.805851252746606,-9.590999999999951,-0.07047814354971792,0.7730014638936505,0.6480436122074938,-0.08654457844371313,1.999986171722412,0.1637403964996338,0.01972484588623047,0.027945995330810547,12.214372350850422,101.39426098728424,8.3012256442489,1.4167915679543586,66,42
129,"[37.21465892 79.79586151 98.38882412 83.9894     97.         39.4611
 25.4636     54.0426      0.        ]","[35.3261899  79.79683434 93.96117273 83.9894     97.         39.4611
 25.4636     54.0426      0.        ]","[ 34.7354 100.      74.87    83.9894  97.      39.4611  25.4636  54.0426
   0.    ]","[ 30.8229 100.      98.513   83.9894  97.      39.4611  25.4636  54.0426
   0.    ]",[0.79650375 0.91166165 0.34116    0.51515599],[0.79650375 0.91308348 0.38204843 0.39824903],[0.73010878 0.91308348 0.1716459  0.35401823],[0.77474878 0.91308348 0.38204843 0.39824903],75.04057329858631,77.57878282828284,75.87599999999998,48.32049999999998,2.5382095296965304,-1.7027828282828636,0.8354267014136667,27.555499999999995,0.03382449544457768,-0.021949078938914228,0.011132999985081474,0.5702652083484236,0.23826313018798828,0.05046796798706055,0.22040605545043945,0.24396228790283203,4.721076351817383,1.081018984260912,0.2289772297041484,1.1068765211747527,1002,1002
130,"[24.61310101 40.51960182 86.42215359 24.3957     76.         28.1446
 41.0181     22.8396      1.        ]","[ 7.08739798 65.66063838 95.95366364 24.3957     76.         28.1446
 41.0181     22.8396      1.        ]",[ 5.602  83.302  75.7544 24.3957 76.     28.1446 41.0181 22.8396  1.    ],[31.215  66.714  93.378  24.3957 76.     28.1446 41.0181 22.8396  1.    ],[0.92730884 0.80075816 0.80672507 0.88543055],[0.9656256  0.89834851 0.78133718 0.90842334],[[0.9671418  0.80055776 0.74723063 0.90832904]],[0.9656256  0.77996187 0.78133718 0.91389017],173.2756455947272,121.07739595959595,122.1499,146.72729999999996,-52.19824963513125,1.0725040404040556,-51.12574559472719,-24.577399999999955,-0.30124400608044627,0.008858003856987103,-0.29505442279121397,-0.16750393416903303,5.395125150680542,0.027209997177124023,0.019565820693969727,0.3447074890136719,198.27731386963646,275.74233839030035,1.390690306464388,17.617839517455675,90,1002
131,"[ 3.49802112 99.99760177 99.39222935 59.6183     45.         14.9296
 95.071      13.7314      0.        ]","[24.23237879 65.66063838 97.96868182 59.6183     45.         14.9296
 95.071      13.7314      0.        ]",[30.742  62.292  67.1291 59.6183 45.     14.9296 95.071  13.7314  0.    ],[19.043  30.484  52.4091 59.6183 45.     14.9296 95.071  13.7314  0.    ],[0.86089353 0.87641963 0.01786093 0.0540335 ],[0.86651258 0.90966051 0.01281955 0.03723318],[0.83266858 0.84119266 0.00791447 0.03432696],[0.72881351 0.7589782  0.00547135 0.02658563],44.48988999554274,100.98475858585863,141.70260000000002,176.5316,56.49486859031589,40.71784141414139,97.21271000445728,-34.82899999999998,1.2698361042469621,0.4032077908026341,2.185051705324437,-0.19729612148759756,0.25574779510498047,0.012998580932617188,0.1170811653137207,0.0485224723815918,19.67505502567865,2.1843632527887853,0.11102196410316979,0.41443448441579067,1002,24
132,"[24.42598364 99.98977626 83.84796028  5.0509     55.         45.6298
 93.1862     68.9552      0.        ]","[24.23237879 99.9914     97.96868182  5.0509     55.         45.6298
 93.1862     68.9552      0.        ]",[23.468  65.0126 54.7619  5.0509 55.     45.6298 93.1862 68.9552  0.    ],[24.468  55.0206 52.4984  5.0509 55.     45.6298 93.1862 68.9552  0.    ],[0.73981037 0.22620568 0.00321686 0.01335462],[0.73981037 0.22620568 0.00399948 0.01232658],[0.7007433  0.16378205 0.00317248 0.00886893],[0.70083008 0.17010339 0.00317248 0.00886893],135.53734710151917,121.22139696969697,198.6426,211.8981,-14.315950131822206,77.42120303030302,63.10525289848081,-13.255500000000012,-0.10562365604735778,0.6386760503152495,0.46559309480370886,-0.0625560115923645,0.20477032661437988,0.008017301559448242,0.012113809585571289,0.03973031044006348,25.54105332024861,16.90387529768348,0.6618315652738688,3.2797535869629395,48,12
133,"[24.61310101 52.30088437 42.18447939 24.7983     50.         28.8589
 59.7362     78.1577      1.        ]","[44.23237879 64.79683434 94.96868182 24.7983     50.         28.8589
 59.7362     78.1577      1.        ]","[ 43.093  100.      93.5675  24.7983  50.      28.8589  59.7362  78.1577
   1.    ]",[37.938  80.3112 59.209  24.7983 50.     28.8589 59.7362 78.1577  1.    ],[0.9308683  0.80084234 0.83205266 0.86024501],[0.94358262 0.80363888 0.83441942 0.8910842 ],[[0.94777623 0.77458569 0.81889502 0.9129358 ]],[0.94777623 0.74924141 0.81886111 0.89097419],205.32943725395612,159.66856262626263,124.72719999999998,173.6195,-45.66087462769349,-34.941362626262645,-80.60223725395613,-48.892300000000006,-0.2223786089240535,-0.21883683332235004,-0.3925508116708344,-0.2816060407961088,5.37920069694519,0.21612095832824707,0.11972403526306152,0.052911996841430664,24.889768852381252,44.92999826748102,1.8051593220473994,0.44194966136223784,1002,86
134,"[ 2.06835083 96.46048842 97.30185028 79.4721     96.         30.6162
 48.8919      3.3678      1.        ]","[24.23237879 81.81629091 95.95366364 79.4721     96.         30.6162
 48.8919      3.3678      1.        ]","[  4.5938 100.      97.1988  79.4721  96.      30.6162  48.8919   3.3678
   1.    ]","[ 18.3533 100.      97.7588  79.4721  96.      30.6162  48.8919   3.3678
   1.    ]",[0.96267594 0.32790972 0.58047988 0.76121529],[0.96267594 0.32483137 0.58047988 0.76121529],[[0.96267594 0.32790972 0.58047988 0.76121529]],[0.96267594 0.3155092  0.58047988 0.67213545],28.833912129793987,66.99032424242426,27.922899999999913,41.12239999999997,38.15641211263028,-39.06742424242435,-0.9110121297940736,-13.199500000000057,1.3233172086004723,-0.5831801037571835,-0.0315951621720012,-0.32098077933194724,0.18000316619873047,0.007509946823120117,0.02392578125,0.04897809028625488,23.968633924886504,7.523397640306122,0.3138851243622449,2.047084263392857,198,66
135,"[ 3.56757799 65.80345664 99.4881741   4.8673     25.         21.1869
 45.7836     90.4285      1.        ]","[ 7.08739798 99.9914     97.96868182  4.8673     25.         21.1869
 45.7836     90.4285      1.        ]","[ 24.535  100.      95.5681   4.8673  25.      21.1869  45.7836  90.4285
   1.    ]",[32.323  78.0045 97.4376  4.8673 25.     21.1869 45.7836 90.4285  1.    ],[0.818038   0.21940889 0.3911606  0.23831212],[0.86334816 0.24885492 0.29160549 0.29546121],[0.86334816 0.22085825 0.29160549 0.2472668 ],[0.80609502 0.12935814 0.3144923  0.2796514 ],133.40864724106768,104.26001616161614,124.09960000000001,152.0136,-29.148631079451548,19.839583838383874,-9.309047241067674,-27.913999999999987,-0.2184913173340282,0.19028947595432966,-0.06977843965576194,-0.18362830694095783,0.2121114730834961,0.009889602661132812,0.02459716796875,0.060236215591430664,21.447926711668273,8.623410359801488,0.40206265508684863,2.4489085763027294,96,96
136,"[35.54219585 79.66014695 98.62887779 36.3874     17.         59.1544
 37.071      47.7498      0.        ]","[18.8302     80.158      97.96868182 36.3874     17.         59.1544
 37.071      47.7498      0.        ]",[36.9252 80.158  99.09   36.3874 17.     59.1544 37.071  47.7498  0.    ],[18.8302 80.158  78.209  36.3874 17.     59.1544 37.071  47.7498  0.    ],[0.55557314 0.87618901 0.10668096 0.3524912 ],[0.55557314 0.87590087 0.10668096 0.33723074],[0.55557314 0.85805497 0.10668096 0.3524912 ],[0.53442431 0.87590087 0.07556775 0.24777927],120.86577111052617,104.31611818181818,121.28979999999996,124.07580000000002,-16.549652928707985,16.973681818181774,0.4240288894737887,-2.786000000000058,-0.1369258870948177,0.16271389420949722,0.003508262807391795,-0.022454016012792646,0.19678378105163574,0.004853725433349609,0.08216643333435059,0.040491580963134766,40.54283328421259,2.394941256010051,0.05907187687700758,0.49279954502061624,276,9
137,"[ 3.49272686 99.91223887 99.62717103 62.8425     29.         38.8107
 54.811      87.7634      0.        ]","[10.05328485 98.98167172 97.96868182 62.8425     29.         38.8107
 54.811      87.7634      0.        ]",[34.0741 85.3762 83.627  62.8425 29.     38.8107 54.811  87.7634  0.    ],[18.9696 65.8522 77.209  62.8425 29.     38.8107 54.811  87.7634  0.    ],[0.56317683 0.89625716 0.31953277 0.36521266],[0.56317683 0.89625716 0.25111326 0.36521266],[0.59344857 0.8773104  0.14201004 0.27894362],[0.58333943 0.90241697 0.14201004 0.26364642],41.11081696637177,50.260431313131335,102.22839999999997,113.0659,9.149614346759563,51.96796868686863,61.11758303362819,-10.837500000000034,0.22255977919981143,1.0339737906962843,1.4866545484518527,-0.09585118059468004,0.21447157859802246,0.022808074951171875,0.30811190605163574,0.041660308837890625,9.403317862518817,0.696083385242762,0.07402529569029223,0.13521161636288367,1002,26
138,"[24.30455595 99.24287548 97.17281065 54.2413     60.         83.3692
 63.6208      6.9743      0.        ]","[24.23237879 98.98167172 96.96868182 54.2413     60.         83.3692
 63.6208      6.9743      0.        ]","[ 25.9335 100.      56.8985  54.2413  60.      83.3692  63.6208   6.9743
   0.    ]",[36.981  54.508  36.527  54.2413 60.     83.3692 63.6208  6.9743  0.    ],[0.41748501 0.53626681 0.03562944 0.47613553],[0.41748501 0.53626681 0.03562944 0.45516732],[0.33700101 0.45307073 0.02850585 0.11461131],[0.25691103 0.35459323 0.01455395 0.08651922],73.64756981478632,74.04072525252525,114.79369999999994,191.7047,0.39315543773892614,40.752974747474696,41.14613018521362,-76.91100000000006,0.005338335517759227,0.5504129600092588,0.5586895845808704,-0.4011951715320493,0.22043132781982422,0.005753993988037109,0.02606797218322754,0.043946266174316406,38.30927322449656,8.456021291968867,0.22073040233406807,1.6858337067964184,90,12
139,"[47.83428251 64.65974815 94.97805405 80.6346     19.          9.2296
 60.6941     13.9797      1.        ]","[26.23237879 64.66063838 95.96868182 80.6346     19.          9.2296
 60.6941     13.9797      1.        ]","[ 21.634  100.      96.74    80.6346  19.       9.2296  60.6941  13.9797
   1.    ]",[19.823  80.158  95.43   80.6346 19.      9.2296 60.6941 13.9797  1.    ],[0.95447461 0.81336913 0.85368306 0.881155  ],[0.95703654 0.8090133  0.89848115 0.88854588],[[0.95789473 0.8214967  0.89848115 0.92172231]],[0.95789473 0.8214967  0.89848115 0.91229815],107.56188030763849,84.96845858585857,44.259399999999914,63.600400000000036,-22.59342172177992,-40.709058585858656,-63.302480307638575,-19.341000000000122,-0.2100504533498328,-0.47910788618959277,-0.5885215108418216,-0.3041018609945867,5.330098867416382,0.10381960868835449,0.08463406562805176,0.06228280067443848,51.34000151566996,62.978173479707365,1.2266881889453238,0.7359069922052166,336,96
140,"[24.37652912 66.72812134 94.55097868 17.8924     82.         46.8068
 51.3939     61.2033      0.        ]","[24.23237879 98.98167172 91.93864545 17.8924     82.         46.8068
 51.3939     61.2033      0.        ]",[18.3871 65.75   83.7905 17.8924 82.     46.8068 51.3939 61.2033  0.    ],[ 6.3111 49.35   65.473  17.8924 82.     46.8068 51.3939 61.2033  0.    ],[0.70168352 0.68559769 0.07460345 0.13357518],[0.71034709 0.64242399 0.06745638 0.1479938 ],[0.70168352 0.63031363 0.05543956 0.13357518],[0.63344854 0.59880338 0.0493709  0.12493723],145.2050291049681,115.41966161616159,150.95420000000007,173.59569999999997,-29.785367488806514,35.53453838383848,5.749170895031966,-22.641499999999894,-0.2051262802149559,0.3078724879822622,0.03959346952698115,-0.1304266177100003,0.21339178085327148,0.05988430976867676,0.027039527893066406,0.05171656608581543,3.5634005247379297,7.891845660071245,2.2146950939935808,1.912628293302296,120,31
141,"[ 6.7113296  99.36247501 98.99899359  2.6677     51.         70.923
 58.507      77.4703      0.        ]","[ 7.08739798 99.9914     97.96868182  2.6677     51.         70.923
 58.507      77.4703      0.        ]",[ 7.5791 75.0008 66.7379  2.6677 51.     70.923  58.507  77.4703  0.    ],[ 3.5601 45.2008 45.3664  2.6677 51.     70.923  58.507  77.4703  0.    ],[0.38164403 0.19837884 0.02809995 0.05725823],[0.38164403 0.19837884 0.02809995 0.05725823],[0.31077474 0.15258124 0.01690645 0.05188328],[0.26970365 0.13579537 0.02351674 0.03208442],105.68216100224214,106.45961616161611,163.1727,210.32520000000002,0.7774551593739716,56.71308383838388,57.49053899775785,-47.15250000000003,0.007356541085088875,0.5327192214584718,0.5439947333830365,-0.22418854231447313,0.2077345848083496,0.02443981170654297,0.020392417907714844,0.04303383827209473,8.499843914621298,10.1868540429313,1.1984754244025628,2.110286208670439,72,16
142,"[ 3.61830758 99.14289242 99.24011343  9.1692     26.         55.6104
 67.2276     90.3945      1.        ]","[ 7.08739798 99.9914     97.96868182  9.1692     26.         55.6104
 67.2276     90.3945      1.        ]","[ 35.8226 100.      97.9707   9.1692  26.      55.6104  67.2276  90.3945
   1.    ]",[18.9115 77.882  97.7382  9.1692 26.     55.6104 67.2276 90.3945  1.    ],[0.84284779 0.22271819 0.36567059 0.39352174],[0.84284779 0.22271819 0.29160549 0.45151972],[0.84284779 0.15031594 0.29160549 0.41229495],[0.77920221 0.15297839 0.3144923  0.38261969],96.06610173856728,99.95811616161615,128.6827,134.1221,3.892014423048863,28.724583838383865,32.61659826143273,-5.439399999999978,0.040513920650600846,0.2873661983779371,0.3395224503872865,-0.04055558330804527,0.22968196868896484,0.004884481430053711,0.019289493560791016,0.29384922981262207,47.02279494313467,11.907102069067808,0.2532197859244061,15.233641509900378,66,1002
143,"[ 6.88754095 28.8326502  42.1842519  65.4357     56.          8.6406
 87.8614     44.8167      1.        ]","[47.23237879 64.66063838 86.96868182 65.4357     56.          8.6406
 87.8614     44.8167      1.        ]",[18.0215 62.694  66.365  65.4357 56.      8.6406 87.8614 44.8167  1.    ],[20.72   60.0515 88.8715 65.4357 56.      8.6406 87.8614 44.8167  1.    ],[0.93626847 0.80120142 0.83403329 0.83240246],[0.96267502 0.8050069  0.81845587 0.87236999],[[0.96943436 0.76886069 0.76856976 0.87508822]],[0.96322292 0.81977412 0.8126875  0.87508822],170.4349388473969,130.1673585858586,123.52680000000004,106.36130000000003,-40.267580261538285,-6.640558585858571,-46.908138847396856,17.16550000000001,-0.23626364719497364,-0.05101554381990818,-0.2752260725683553,0.16138858776641507,5.3699328899383545,0.19892001152038574,0.19025349617004395,0.10379648208618164,26.995438261313556,28.22514696465204,1.0455524630285684,0.5455693807246037,1002,336
144,"[24.5294564  67.05258635 79.39498652 99.6135      2.         41.7921
 86.9625     78.191       0.        ]","[24.23237879 65.972      51.43       99.6135      2.         41.7921
 86.9625     78.191       0.        ]",[36.2753 76.022  73.655  99.6135  2.     41.7921 86.9625 78.191   0.    ],[37.0628 65.972  51.43   99.6135  2.     41.7921 86.9625 78.191   0.    ],[0.20825003 0.53812236 0.04446501 0.03384828],[0.19800038 0.45973618 0.04446501 0.03384828],[0.15177088 0.34680735 0.04446501 0.03647262],[0.19800038 0.38440025 0.04446501 0.03384828],78.46838353155658,107.21687878787878,86.9848,120.0473,28.7484952563222,-20.232078787878777,8.516416468443424,-33.0625,0.3663704279668359,-0.18870236679717708,0.10853309428782218,-0.2754122749949395,0.2496507167816162,0.010474205017089844,0.30013155937194824,0.0459287166595459,23.83481289265228,0.8318042837748632,0.03489871254795078,0.15302861437049736,1002,22
145,"[ 1.09850027 89.00427056 97.63584167 76.8496     13.         58.1598
 86.0678     38.1768      1.        ]","[24.23237879 88.88438889 97.96868182 76.8496     13.         58.1598
 86.0678     38.1768      1.        ]",[34.845  74.475  82.5225 76.8496 13.     58.1598 86.0678 38.1768  1.    ],[ 4.7455 92.062  91.4685 76.8496 13.     58.1598 86.0678 38.1768  1.    ],[0.92231297 0.88506041 0.79553651 0.82766851],[0.92231297 0.85108514 0.79553651 0.82766851],[[0.90242227 0.73407855 0.75280863 0.78520369]],[0.91597671 0.84652105 0.77135398 0.81531301],37.60878803652031,60.529708080808064,100.99790000000002,44.36540000000002,22.920920044287755,40.46819191919195,63.389111963479706,56.63249999999999,0.6094564925099478,0.6685674390691975,1.6854866980006165,1.276501507931856,0.18344855308532715,0.03526926040649414,0.28537702560424805,0.055121660232543945,5.20137227066856,0.6428287375162705,0.1235882963311996,0.19315381157901948,1002,138
146,"[24.61310088 53.30504063 38.31821369 95.0233     79.         84.1752
 60.4626     66.9316      1.        ]","[24.23237879 72.65       38.43       95.0233     79.         84.1752
 60.4626     66.9316      1.        ]","[ 64.     100.      99.17    95.0233  79.      84.1752  60.4626  66.9316
   1.    ]",[24.3805 97.931  81.054  95.0233 79.     84.1752 60.4626 66.9316  1.    ],[0.86435257 0.80016738 0.8761525  0.92210304],[0.86336241 0.81191984 0.8761525  0.92210304],[[0.84596771 0.79591396 0.92640996 0.89588302]],[0.87061232 0.82694949 0.93766874 0.92539017],137.96654656297227,118.12907878787877,69.80669999999986,50.37220000000002,-19.8374677750935,-48.322378787878904,-68.1598465629724,19.434499999999844,-0.1437846222094068,-0.4090642141944585,-0.4940316929065272,0.3858179710236963,5.520035266876221,0.26987719535827637,0.0451512336730957,0.04937410354614258,20.453878140937693,122.25657679350294,5.97718319973809,1.093527231251782,360,54
147,"[ 0.87367543 39.90770159 99.95410038 85.451       7.         23.6141
 51.6742     61.508       1.        ]","[ 5.07034141 65.66063838 97.96868182 85.451       7.         23.6141
 51.6742     61.508       1.        ]",[ 3.5404 55.5593 99.6354 85.451   7.     23.6141 51.6742 61.508   1.    ],[ 3.416  56.8843 91.324  85.451   7.     23.6141 51.6742 61.508   1.    ],[0.80134154 0.80272917 0.83130107 0.70542612],[0.75183159 0.84325785 0.81485962 0.6306531 ],[[0.76226145 0.78633644 0.81485962 0.6306531 ]],[0.76226145 0.72498086 0.792366   0.61081432],75.56087345920378,55.99002121212118,62.89470000000006,69.75670000000002,-19.5708522470826,6.904678787878879,-12.66617345920372,-6.861999999999966,-0.25900775561639233,0.12331981018046298,-0.16762873269381062,-0.0983704791080995,0.25106215476989746,0.025159597396850586,0.045072078704833984,0.03448343276977539,9.978782681209548,5.570236873565164,0.5582080551823366,0.7650730510034595,168,84
148,"[37.22199874 81.44021824 96.50801853 64.3114     86.         51.06
 26.9415     23.7192      0.        ]","[35.3261899  79.79683434 96.96868182 64.3114     86.         51.06
 26.9415     23.7192      0.        ]",[35.981  80.158  99.09   64.3114 86.     51.06   26.9415 23.7192  0.    ],[35.981  80.158  92.172  64.3114 86.     51.06   26.9415 23.7192  0.    ],[0.7021451  0.90931959 0.16459263 0.46446391],[0.7021451  0.91077542 0.19043602 0.35073884],[0.7021451  0.90931959 0.19043602 0.35073884],[0.68400402 0.90931959 0.16940718 0.35073884],94.96236197081959,94.24927373737376,92.42159999999996,99.33960000000002,-0.7130882334458306,-1.8276737373738001,-2.5407619708196307,-6.918000000000063,-0.007509166986231358,-0.019391913220112713,-0.026755463091791738,-0.06963990191222898,0.30849385261535645,0.039540767669677734,0.06972742080688477,0.05463695526123047,7.801918647419895,4.424283144930212,0.5670762981351168,0.7835791806002913,228,84
149,"[ 0.34845402 28.87373899 99.4653258  77.2893      6.         59.3784
 96.483      84.7513      1.        ]","[ 7.08739798 80.158      97.5042     77.2893      6.         59.3784
 96.483      84.7513      1.        ]",[60.1465 80.158  99.5042 77.2893  6.     59.3784 96.483  84.7513  1.    ],[18.9115 89.0905 99.5042 77.2893  6.     59.3784 96.483  84.7513  1.    ],[0.76060323 0.75116512 0.22497119 0.12551491],[0.59376089 0.74112346 0.0841211  0.10913242],[0.59376089 0.43278619 0.09641915 0.09017953],[0.631524   0.54658929 0.0841211  0.10913242],94.7200892293755,52.13589797979796,103.195,53.02749999999992,-42.58419124957754,51.05910202020203,8.47491077062449,50.167500000000075,-0.449579298288614,0.9793463620783289,0.08947321354503295,0.946065720616664,0.20823240280151367,0.004801034927368164,0.012903690338134766,0.06664443016052246,43.37239906639519,16.13743025017553,0.37206681201729425,5.164757399948265,54,150
150,"[ 6.56369269 40.51960734 94.97805405 19.7858     67.         11.9327
 74.3485     77.8685      1.        ]","[18.08739798 72.9914     95.95366364 19.7858     67.         11.9327
 74.3485     77.8685      1.        ]",[19.     80.158  93.0771 19.7858 67.     11.9327 74.3485 77.8685  1.    ],[18.9115 77.882  95.0391 19.7858 67.     11.9327 74.3485 77.8685  1.    ],[0.89440667 0.80553786 0.86553591 0.81668727],[0.94519889 0.80263223 0.83123443 0.82973495],[[0.94777623 0.73377673 0.83123443 0.8735994 ]],[0.94519889 0.80263223 0.83123443 0.8735994 ],151.28023130003456,129.3565343434343,125.97909999999996,126.20459999999997,-21.923696956600253,-3.377434343434345,-25.301131300034598,-0.22550000000001091,-0.14492109622121688,-0.026109499304205593,-0.1672467782644699,-0.0017867811474384528,5.349785566329956,0.2236034870147705,0.027099132537841797,0.03633236885070801,23.92532262243552,197.4153806901163,8.251315303267583,1.3407207334025444,198,66
151,"[ 3.61247384 98.43067787 99.82033115 58.9996     22.         15.1136
  3.2674     92.1967      0.        ]","[35.3261899  98.98167172 97.96868182 58.9996     22.         15.1136
  3.2674     92.1967      0.        ]",[33.079  80.158  78.6753 58.9996 22.     15.1136  3.2674 92.1967  0.    ],[ 9.954  80.158  51.4503 58.9996 22.     15.1136  3.2674 92.1967  0.    ],[0.04669    0.7674731  0.31953277 0.44564988],[0.05066586 0.75434097 0.25111326 0.46239363],[0.0273091  0.75434097 0.14201004 0.39564367],[0.01684261 0.7674731  0.14201004 0.37961027],46.36186482653301,79.3762363636364,115.24609999999996,119.34609999999998,33.014371537103386,35.86986363636356,68.88423517346695,-4.100000000000023,0.7121018893573319,0.4518967549939941,1.4857951773769966,-0.034353866611477234,0.21523261070251465,0.018242359161376953,0.06636476516723633,0.056977033615112305,11.798507462686567,3.243175955797294,0.27488018853689905,0.858543437493264,228,40
152,"[24.51739979 40.13195229 94.97805405 18.9914     23.          2.5655
 66.7253     36.9635      1.        ]","[22.043      50.516      95.96868182 18.9914     23.          2.5655
 66.7253     36.9635      1.        ]",[ 3.344  85.05   87.6509 18.9914 23.      2.5655 66.7253 36.9635  1.    ],[19.043  50.516  61.2109 18.9914 23.      2.5655 66.7253 36.9635  1.    ],[0.94046921 0.80371167 0.81323562 0.83811331],[0.95110781 0.80436937 0.87026059 0.80926788],[[0.95351333 0.79844672 0.84389787 0.80266712]],[0.95110781 0.68872617 0.83805956 0.78302253],170.41599345238268,156.5669181818182,111.6517,188.3247,-13.84907527056447,-44.915218181818204,-58.764293452382674,-76.673,-0.0812662883923166,-0.2868755334997334,-0.344828512053961,-0.40713193755253557,5.335936546325684,0.13994812965393066,0.032454729080200195,0.025960922241210938,38.127958976805196,164.41168044077136,4.312102846648301,0.7999118457300275,174,28
153,"[67.06009035 98.33460654 99.34764926 53.6962     81.         98.1613
 34.3137     55.8375      0.        ]","[35.3261899  97.97194343 96.96868182 53.6962     81.         98.1613
 34.3137     55.8375      0.        ]",[34.845  58.6123 69.2365 53.6962 81.     98.1613 34.3137 55.8375  0.    ],[37.938  44.9183 52.639  53.6962 81.     98.1613 34.3137 55.8375  0.    ],[0.05408745 0.76529202 0.07148355 0.10684755],[0.10148889 0.55021724 0.10533902 0.17155035],[0.07122438 0.33240824 0.06341245 0.12335176],[0.06887823 0.3003142  0.05366431 0.10683668],115.6816345423614,86.68936464646464,153.29999999999998,186.68449999999999,-28.992269895896754,66.61063535353534,37.61836545763859,-33.3845,-0.2506211985211887,0.7683830147468022,0.32518874414644566,-0.17882845121046476,0.1853632926940918,0.034607648849487305,0.23209881782531738,0.04772543907165527,5.356136543694671,0.7986395382401311,0.14910738957547717,0.20562551554043018,1002,28
154,"[37.23302002 65.59631584 99.52951185 78.2777      9.          1.3272
 96.9678     78.7846      0.        ]","[10.07034141 65.66063838 97.96868182 78.2777      9.          1.3272
 96.9678     78.7846      0.        ]",[30.742  66.42   67.58   78.2777  9.      1.3272 96.9678 78.7846  0.    ],[19.043  50.516  51.43   78.2777  9.      1.3272 96.9678 78.7846  0.    ],[0.76072473 0.93502713 0.01254906 0.03716001],[0.74474051 0.94464654 0.01494656 0.02253947],[0.72160393 0.93609925 0.00865718 0.02075544],[0.70336302 0.92533423 0.00865718 0.01994799],93.8294923256596,68.16332121212122,118.46430000000004,138.8193,-25.666171113538383,50.30097878787882,24.634807674340436,-20.35499999999996,-0.2735405518816757,0.7379478859509269,0.2625486620863187,-0.14662946722825976,0.29869842529296875,0.035967111587524414,0.01994943618774414,0.044028282165527344,8.304765440118787,14.972775294595692,1.802913688840022,2.2069938093075505,120,16
155,"[46.62103161 40.13199311 95.03669669 56.6735     22.         52.7197
 88.2046     42.4918      1.        ]","[46.938      55.35       95.96868182 56.6735     22.         52.7197
 88.2046     42.4918      1.        ]",[42.062  69.275  95.7765 56.6735 22.     52.7197 88.2046 42.4918  1.    ],[ 0.693  99.03   89.479  56.6735 22.     52.7197 88.2046 42.4918  1.    ],[0.92520153 0.83574816 0.81745317 0.81595167],[0.9387572  0.82356067 0.85011795 0.80957829],[[0.93779044 0.82122129 0.83056329 0.80957829]],[0.94152254 0.83839168 0.78077455 0.87521001],154.77884180962832,138.9458181818182,120.33699999999999,55.51049999999998,-15.833023627810121,-18.608818181818208,-34.44184180962833,64.82650000000001,-0.10229449608677196,-0.13392859479561703,-0.2225229327661619,1.167824105349439,5.390089750289917,0.19397687911987305,0.04775404930114746,0.04640936851501465,27.787279467255328,112.87188896377843,4.0619985521356,0.9718415337377369,132,90
156,"[37.21334121 80.3864856  94.32703317 52.6749     88.         17.3867
 18.6083     13.6968      0.        ]","[35.4534     80.158      93.95366364 52.6749     88.         17.3867
 18.6083     13.6968      0.        ]",[33.4439 99.58   99.09   52.6749 88.     17.3867 18.6083 13.6968  0.    ],[35.4534 80.158  78.209  52.6749 88.     17.3867 18.6083 13.6968  0.    ],[0.84033179 0.80111666 0.08851819 0.46290744],[0.84033179 0.8250416  0.10390242 0.34931489],[0.82221647 0.80393509 0.10390242 0.34931489],[0.84033179 0.8250416  0.07199946 0.30773949],109.82492243077013,108.66683636363638,82.0990000000001,124.41149999999999,-1.1580860671337518,-26.567836363636275,-27.725922430770026,-42.312499999999886,-0.010544838471101763,-0.24448890988904115,-0.2524556522973872,-0.3401011964328048,0.21505069732666016,0.013566970825195312,0.26818299293518066,0.038202524185180664,15.851047378040208,0.8018804435471324,0.05058848317228835,0.1424494661912217,1002,6
157,"[ 3.67072929 81.04559303 42.19929835 12.1469     68.         34.2505
  3.1366     15.1295      1.        ]","[ 7.08739798 79.79683434 97.96868182 12.1469     68.         34.2505
  3.1366     15.1295      1.        ]",[19.     80.417  97.9855 12.1469 68.     34.2505  3.1366 15.1295  1.    ],[18.8815 77.269  82.371  12.1469 68.     34.2505  3.1366 15.1295  1.    ],[0.26506518 0.06999795 0.45086234 0.59331577],[0.27868261 0.12102172 0.28091739 0.64138543],[0.27868261 0.11627114 0.28091739 0.60382502],[0.26525691 0.06600973 0.2442543  0.65669534],168.27893791374083,117.17498181818178,128.45059999999995,147.0946,-51.103956095559056,11.275618181818174,-39.82833791374088,-18.644000000000062,-0.30368599142071334,0.09622888782960803,-0.23668046879495247,-0.12674836465784645,0.24736714363098145,0.016027450561523438,0.020265817642211914,0.3508784770965576,15.43396703558253,12.206126986741333,0.7908612839848943,17.3138080728462,96,1002
158,"[37.23019572 99.60701579 98.15818775 46.9393     60.          2.8565
 62.6963     32.3926      0.        ]","[10.08739798 73.77737778 97.96868182 46.9393     60.          2.8565
 62.6963     32.3926      0.        ]","[ 33.9715 100.      99.09    46.9393  60.       2.8565  62.6963  32.3926
   0.    ]",[36.981  36.992  77.209  46.9393 60.      2.8565 62.6963 32.3926  0.    ],[0.84834855 0.92188722 0.11706914 0.4962623 ],[0.8419282  0.93667261 0.13667141 0.34210128],[0.84834855 0.92315834 0.13667141 0.37051999],[0.69280463 0.90371332 0.05321271 0.14179044],92.52569217623835,91.40203838383837,87.94219999999996,175.8407,-1.1236537923999776,-3.4598383838384166,-4.583492176238394,-87.89850000000004,-0.0121442354655364,-0.03785296745034279,-0.049537507566092945,-0.4998757398031289,0.211045503616333,0.04728245735168457,0.24106407165527344,0.04241013526916504,4.463505397923527,0.8754747323696266,0.19614062364008958,0.17592889300323608,1002,10
159,"[ 0.41075682 99.97989154 97.3084187  65.5976     32.         94.7468
 39.0046      7.2596      1.        ]","[2.77000000e-02 8.18162909e+01 9.69686818e+01 6.55976000e+01
 3.20000000e+01 9.47468000e+01 3.90046000e+01 7.25960000e+00
 1.00000000e+00]",[ 0.     74.286  59.162  65.5976 32.     94.7468 39.0046  7.2596  1.    ],[ 0.     83.972  71.309  65.5976 32.     94.7468 39.0046  7.2596  1.    ],[0.25726563 0.38655978 0.27979913 0.70537153],[0.28272846 0.10985178 0.24034018 0.68755778],[[0.24276723 0.05452758 0.23173317 0.5681667 ]],[0.24130673 0.06550487 0.23173317 0.5681667 ],37.52484657414061,55.64512727272728,100.95439999999996,79.1214,18.12028069858667,45.309272727272685,63.42955342585935,21.83299999999997,0.48288753593662515,0.814254094616468,1.690334783928747,0.2759430444860679,0.2196500301361084,0.006713390350341797,0.024479150772094727,0.05681490898132324,32.71819731515022,8.972943227528171,0.27424931578896106,2.32095098029667,84,96
160,"[35.64517082 50.03340731 97.16129684 61.7801     50.         54.0379
 83.2858     11.6924      1.        ]","[47.23237879 73.98167172 95.96868182 61.7801     50.         54.0379
 83.2858     11.6924      1.        ]",[11.172  83.302  90.254  61.7801 50.     54.0379 83.2858 11.6924  1.    ],[19.7775 95.88   87.425  61.7801 50.     54.0379 83.2858 11.6924  1.    ],[0.95867936 0.80935625 0.8761022  0.80801355],[0.951736   0.82853443 0.84533126 0.81077154],[[0.9546719  0.80925417 0.85976877 0.83464633]],[0.9546719  0.80456254 0.85146373 0.80694256],126.67036667393268,115.50192525252527,75.83589999999998,74.6923999999999,-11.168441421407408,-39.66602525252529,-50.834466673932695,1.1435000000000741,-0.08816933048087361,-0.34342306559654556,-0.4013130143120826,0.015309455848253311,5.369517087936401,0.09189367294311523,0.02022242546081543,0.04828214645385742,58.431847546895675,265.5229017083436,4.544146948207359,2.3875546752496493,60,90
161,"[ 4.99929454 99.79168462 97.63404664 81.9133     58.         17.805
 86.6689     44.3165      0.        ]","[10.07034141 98.98167172 97.97619091 81.9133     58.         17.805
 86.6689     44.3165      0.        ]","[  8.1268 100.     100.      81.9133  58.      17.805   86.6689  44.3165
   0.    ]",[10.1053 50.516  65.57   81.9133 58.     17.805  86.6689 44.3165  0.    ],[0.85573901 0.92446091 0.11250911 0.18665094],[0.85573901 0.92446091 0.11250911 0.18665094],[0.80064117 0.92446091 0.11250911 0.18665094],[0.81348086 0.92183668 0.04480223 0.12060475],25.660263278663535,31.199178787878793,26.21350000000001,112.106,5.538915509215258,-4.985678787878783,0.5532367213364751,-85.89249999999998,0.21585575522215536,-0.1598016031696248,0.021560056314640016,-0.7661721941733716,0.1878798007965088,0.04993128776550293,0.0926513671875,0.05209016799926758,3.7627669784698248,2.0278146615612647,0.5389158226284585,0.5622169384057971,1002,33
162,"[65.22627867 99.92069939 95.01761192 52.6457     21.         97.151
 76.9238     11.9153      0.        ]","[24.23237879 98.98167172 96.96117273 52.6457     21.         97.151
 76.9238     11.9153      0.        ]","[ 12.1505 100.      57.194   52.6457  21.      97.151   76.9238  11.9153
   0.    ]",[23.043  50.508  50.903  52.6457 21.     97.151  76.9238 11.9153  0.    ],[0.06533433 0.67094072 0.01829906 0.04176671],[0.09088803 0.60854187 0.04045284 0.07166367],[0.06374174 0.50915012 0.03408297 0.06008288],[0.06664314 0.2913394  0.02660427 0.04428753],117.64226736421386,75.64383434343438,102.31080000000003,168.9863,-41.99843302077949,26.66696565656565,-15.331467364213836,-66.67549999999997,-0.3570012204096228,0.3525332353658015,-0.1303227803043652,-0.39456157096758715,0.24458765983581543,0.009841680526733398,0.02594780921936035,0.0567166805267334,24.852225102352286,9.426139130594581,0.3792875322742183,2.185798425110031,90,35
163,"[ 5.39759897 85.13081745 98.38925124 23.9253     42.         49.6062
 41.0433     59.2721      0.        ]","[ 7.08739798 79.97194343 97.96868182 23.9253     42.         49.6062
 41.0433     59.2721      0.        ]","[ 36.907   82.7572 100.      23.9253  42.      49.6062  41.0433  59.2721
   0.    ]",[37.938  29.8352 95.0057 23.9253 42.     49.6062 41.0433 59.2721  0.    ],[0.73638022 0.85725525 0.10962552 0.26774583],[0.73638022 0.85725525 0.10962552 0.26774583],[0.66396791 0.82469773 0.10962552 0.2500228 ],[0.5745505  0.77595751 0.05815433 0.09363219],97.95223027978716,105.22147272727273,130.22449999999998,189.17180000000002,7.269242447485567,25.003027272727252,32.27226972021282,-58.94730000000004,0.07421211775088703,0.23762285990363854,0.32946947331399695,-0.31160722686996706,0.19066071510314941,0.12265443801879883,0.011451959609985352,0.042020320892333984,1.554454271552143,16.64874149022547,10.710344971165657,3.66926904419878,102,9
164,"[ 4.44343893 99.1031597  98.0063292  11.5        45.         65.2653
 93.7476     43.1199      0.        ]","[ 7.08739798 99.9914     97.96868182 11.5        45.         65.2653
 93.7476     43.1199      0.        ]","[ 36.907  100.      99.09    11.5     45.      65.2653  93.7476  43.1199
   0.    ]",[37.938  65.6614 77.209  11.5    45.     65.2653 93.7476 43.1199  0.    ],[0.67637451 0.19447735 0.0035819  0.01564572],[0.67637451 0.19447735 0.0035819  0.01564572],[0.68589198 0.15904539 0.0035819  0.01336392],[0.65789803 0.13390924 0.00197302 0.00875067],95.83395002846072,97.62731616161614,126.31700000000001,183.5676,1.7933661331554163,28.68968383838387,30.483049971539288,-57.25059999999999,0.01871326531592221,0.29386943087618866,0.3180819528203361,-0.31187747728902043,0.2072584629058838,0.021282196044921875,0.014564037322998047,0.03504061698913574,9.73858442373185,14.230838489997709,1.4612840912811447,2.4059686343843105,78,11
165,"[ 6.88760017 40.51960197 95.44351955 18.9647     91.         10.5811
 49.4934     75.4195      1.        ]","[18.08739798 72.9914     95.95366364 18.9647     91.         10.5811
 49.4934     75.4195      1.        ]",[ 4.8647 58.7    77.     18.9647 91.     10.5811 49.4934 75.4195  1.    ],[17.6702 56.35   93.378  18.9647 91.     10.5811 49.4934 75.4195  1.    ],[0.89440667 0.80553786 0.86553591 0.85061107],[0.94519889 0.80263223 0.83123443 0.86165319],[[0.94267285 0.68938998 0.78328174 0.85224467]],[0.94267285 0.71845566 0.83123443 0.86165319],151.9597786548694,130.1776343434343,150.20000000000002,148.9775,-21.782144311435104,20.02236565656571,-1.7597786548693932,1.222500000000025,-0.14334151118307856,0.15380803129163306,-0.011580555528882397,0.008205937138158615,5.470047950744629,0.23501801490783691,0.010357856750488281,0.26859545707702637,23.275015546743198,528.1061596538073,22.689830586502165,25.931567074854986,48,1002
166,"[24.45406936 81.70927504 97.25215479 32.7295     15.         67.0543
 29.2698     10.5238      0.        ]","[24.23237879 79.97194343 96.96117273 32.7295     15.         67.0543
 29.2698     10.5238      0.        ]",[33.9715 93.0642 96.881  32.7295 15.     67.0543 29.2698 10.5238  0.    ],[36.981  80.0642 78.209  32.7295 15.     67.0543 29.2698 10.5238  0.    ],[0.6182539  0.73046575 0.03368324 0.33847425],[0.6182539  0.73046575 0.03368324 0.31986678],[0.5873162  0.63525869 0.03368324 0.33473833],[0.5979292  0.63112808 0.02796685 0.17400787],112.76313952714588,114.56976262626256,111.29679999999996,145.9783,1.8066230991166776,-3.272962626262597,-1.4663395271459194,-34.68150000000003,0.016021397654343978,-0.028567420855529848,-0.013003713210671314,-0.2375798320709313,0.20979690551757812,0.0247042179107666,0.06516504287719727,0.04693889617919922,8.492351641139967,3.2194700755885,0.3791023042418832,0.7203079152062403,210,33
167,"[ 0.65895768 88.3705827  98.10730015 17.4839      1.          3.3436
 56.7849     53.6115      1.        ]","[ 7.08739798 88.88438889 97.96868182 17.4839      1.          3.3436
 56.7849     53.6115      1.        ]",[19.     45.6019 79.43   17.4839  1.      3.3436 56.7849 53.6115  1.    ],[18.8815 60.0515 76.7305 17.4839  1.      3.3436 56.7849 53.6115  1.    ],[0.53489526 0.21343411 0.17206303 0.38768225],[0.37965445 0.18498307 0.19869115 0.44545172],[[0.36212665 0.12094414 0.24478847 0.3405086 ]],[0.32806018 0.0887829  0.24478847 0.34966224],96.69717483603523,102.75042727272728,176.4842,164.61559999999997,6.053252436692048,73.73377272727271,79.78702516396476,11.868600000000015,0.06260009609335804,0.7176006434655833,0.8251226087965423,0.07209887762763685,0.29555463790893555,0.033945560455322266,0.013700008392333984,0.3248293399810791,8.706724353481578,21.57331801886464,2.477776617590756,23.710156277191885,72,1002
168,"[35.82270241 40.60510065 96.06576982 73.0131     31.         83.8077
 10.8032     47.0574      1.        ]","[24.23237879 64.66063838 95.96868182 73.0131     31.         83.8077
 10.8032     47.0574      1.        ]","[  9.7477 100.      90.254   73.0131  31.      83.8077  10.8032  47.0574
   1.    ]","[  9.7477 100.      95.019   73.0131  31.      83.8077  10.8032  47.0574
   1.    ]",[0.80173032 0.8039346  0.92820895 0.91817155],[0.80134714 0.83264326 0.92316892 0.92146871],[0.80135469 0.78586826 0.93666614 0.93868885],[0.80135469 0.83669983 0.93943958 0.93868885],126.13873193811628,90.5899585858586,46.48059999999998,41.715599999999995,-35.54877335225768,-44.109358585858615,-79.6581319381163,4.764999999999986,-0.28182282163497513,-0.4869122281809304,-0.6315120717813829,0.11422585315805087,5.455077886581421,0.1155862808227539,0.022922515869140625,0.025809049606323242,47.194856065544016,237.9790210517557,5.042477949742054,1.1259256947911467,72,36
169,"[37.22041122 98.9079384  99.91215445 27.4972     64.         39.0668
 56.6963     65.1188      0.        ]","[10.08739798 74.74819293 97.96868182 27.4972     64.         39.0668
 56.6963     65.1188      0.        ]","[ 27.5912 100.      72.4587  27.4972  64.      39.0668  56.6963  65.1188
   0.    ]",[18.5152 50.9545 35.2427 27.4972 64.     39.0668 56.6963 65.1188  0.    ],[0.73399301 0.8677945  0.1081992  0.39721159],[0.71509464 0.8985349  0.12652911 0.25805733],[0.69788534 0.86982157 0.07726302 0.20311069],[0.54638402 0.86881718 0.06549349 0.15717757],110.90311837068384,109.87332323232323,127.63530000000003,204.8208,-1.0297951383606119,17.7619767676768,16.732181629316187,-77.18549999999996,-0.009285538166010923,0.1616586833377173,0.15087205729770695,-0.37684405099482066,0.26042938232421875,0.04067850112915039,0.20559453964233398,0.0489802360534668,6.4021381096953425,1.2667135166978614,0.19785788669250376,0.23823704724199432,1002,25
170,"[65.03805035 89.13308601 79.48812381 25.3737      0.         91.2539
 58.5997     68.757       1.        ]","[2.77000e-02 4.55160e+01 5.16390e+01 2.53737e+01 0.00000e+00 9.12539e+01
 5.85997e+01 6.87570e+01 1.00000e+00]",[38.778  45.306  78.5145 25.3737  0.     91.2539 58.5997 68.757   1.    ],[42.446  88.9325 79.773  25.3737  0.     91.2539 58.5997 68.757   1.    ],[0.02590736 0.11698949 0.73651119 0.81745088],[0.05006513 0.04761833 0.54509108 0.78411248],[0.02215082 0.06005281 0.70013614 0.74000997],[0.0228233  0.1492816  0.71054409 0.75813656],171.04314051895932,177.49899999999997,189.58379999999994,148.36679999999996,6.4558594810406476,12.084799999999973,18.54065948104062,41.216999999999985,0.03774404200865948,0.06808376385219057,0.1083975623037948,0.2778047379872047,0.23814082145690918,0.010842084884643555,0.05078864097595215,0.06321859359741211,21.96448598130841,4.688859888368862,0.21347460133412824,1.2447388310182468,162,90
171,"[24.37612416 99.9727451  99.93307024 70.3449     62.         11.3127
 92.0433     52.9038      0.        ]","[24.23237879 98.98167172 97.96868182 70.3449     62.         11.3127
 92.0433     52.9038      0.        ]","[  8.2365 100.     100.      70.3449  62.      11.3127  92.0433  52.9038
   0.    ]",[19.043  50.516  65.57   70.3449 62.     11.3127 92.0433 52.9038  0.    ],[0.8610651  0.93470937 0.08665412 0.1056442 ],[0.8610651  0.93470937 0.08665412 0.1056442 ],[0.80064117 0.92446091 0.08665412 0.1056442 ],[0.82003901 0.91516056 0.03391198 0.06593834],54.12540882918967,56.93712525252528,37.89159999999998,132.61210000000005,2.8117164233356107,-19.045525252525294,-16.233808829189684,-94.72050000000007,0.051948178945103146,-0.334500998567373,-0.2999295373531634,-0.7142674009385269,0.23987269401550293,0.01133871078491211,0.09026932716369629,0.045009613037109375,21.155199966356868,2.6573001212306897,0.12560978508624812,0.498614695061236,1002,26
172,"[24.47326636 99.12439873 95.72103881 94.0827     99.         20.5684
 29.4648     94.0827      0.        ]","[10.05328485 65.66063838 93.95366364 94.0827     99.         20.5684
 29.4648     94.0827      0.        ]",[19.025  90.948  81.86   94.0827 99.     20.5684 29.4648 94.0827  0.    ],"[ 14.025  100.      93.378   94.0827  99.      20.5684  29.4648  94.0827
   0.    ]",[0.63808195 0.8995554  0.4289894  0.45631102],[0.52277116 0.90799251 0.4289894  0.35354548],[0.44467154 0.87503599 0.20115038 0.41002563],[0.62790172 0.87503599 0.39445339 0.45631102],35.54512882520811,56.356282828282815,52.134299999999996,26.564299999999946,20.811154003074705,-4.221982828282819,16.589171174791886,25.57000000000005,0.5854854009789303,-0.07491592093018573,0.46670730204322897,0.9625700658402481,0.1871473789215088,0.061600446701049805,0.020757198333740234,0.06311678886413574,3.0380847695755326,9.01602306402334,2.9676667202683147,3.0407181089338633,84,108
173,"[ 0.18452221 37.44725742 97.20968157 16.4305      7.         65.7368
 81.8891     20.2113      0.        ]","[24.23237879 99.9914     97.96868182 16.4305      7.         65.7368
 81.8891     20.2113      0.        ]",[ 3.915  57.525  92.463  16.4305  7.     65.7368 81.8891 20.2113  0.    ],[37.938  55.35   77.209  16.4305  7.     65.7368 81.8891 20.2113  0.    ],[0.32887198 0.39488102 0.01251104 0.00779466],[0.25697667 0.33695759 0.00650086 0.01052197],[0.21426155 0.36220173 0.01122585 0.01452572],[0.21638724 0.15569193 0.00878454 0.01020354],149.09708322726925,109.84179696969699,137.49650000000003,188.9485,-39.255286257572266,27.65470303030304,-11.600583227269226,-51.45199999999997,-0.2632867485256924,0.25176848698071086,-0.077805567863366,-0.2723070042895285,0.23015499114990234,0.005099058151245117,0.01995253562927246,0.04186272621154785,45.13676532472998,11.535124929797938,0.25555940588143916,2.0981155974046146,78,11
174,"[ 0.36959428 39.44621568 98.68968446 83.4888      5.         33.4858
 18.6316     56.4775      1.        ]","[ 1.03622828 65.66063838 97.96868182 83.4888      5.         33.4858
 18.6316     56.4775      1.        ]",[ 9.3875 89.869  70.01   83.4888  5.     33.4858 18.6316 56.4775  1.    ],[ 3.416  80.158  97.0495 83.4888  5.     33.4858 18.6316 56.4775  1.    ],[0.58070506 0.8199188  0.71679501 0.71943503],[0.50984199 0.83835645 0.69331091 0.64643569],[[0.32127142 0.6373687  0.71419146 0.64485951]],[0.36441467 0.81643751 0.69331091 0.68679453],78.74489413970832,53.91810808080811,66.01970000000006,42.71969999999999,-24.82678605890021,12.101591919191947,-12.725194139708265,23.300000000000068,-0.3152812170253579,0.22444392709505046,-0.16160024441878562,0.5454158151859698,0.2097313404083252,0.012529850006103516,0.03109884262084961,0.05401921272277832,16.738535601476578,6.744023980741808,0.4029040616998114,1.737016820251767,102,90
175,"[ 6.88759354 28.84142867 37.86805466 62.0152     44.         46.0137
 31.3967     24.1546      1.        ]","[43.9866     64.66063838 50.1988     62.0152     44.         46.0137
 31.3967     24.1546      1.        ]",[35.1991 66.7702 68.1988 62.0152 44.     46.0137 31.3967 24.1546  1.    ],[35.6636 64.5162 68.1988 62.0152 44.     46.0137 31.3967 24.1546  1.    ],[0.93513894 0.80707631 0.82382762 0.86684784],[0.95379911 0.80037904 0.90741041 0.9134046 ],[[0.96015767 0.80320536 0.92296257 0.9273066 ]],[0.95639732 0.80447306 0.92296257 0.9273066 ],178.16291021469425,167.11196161616164,138.2149,140.9334,-11.050948598532614,-28.897061616161636,-39.94801021469425,-2.718500000000006,-0.06202721197815936,-0.17292036630229443,-0.22422181006448041,-0.01928925293791256,5.480117082595825,0.2577097415924072,0.0018885135650634766,0.02801513671875,21.264687352266094,2901.815048604974,136.46168413079155,14.834490594621892,6,12
176,"[ 3.58087987 99.99992434 97.64155567 10.7004     75.         62.5353
 62.6239     22.6587      1.        ]","[ 7.08739798 99.9914     96.96117273 10.7004     75.         62.5353
 62.6239     22.6587      1.        ]",[33.9715 74.475  43.3175 10.7004 75.     62.5353 62.6239 22.6587  1.    ],"[ 10.196  100.      71.309   10.7004  75.      62.5353  62.6239  22.6587
   1.    ]",[0.95670887 0.26920368 0.27604067 0.46272509],[0.95670887 0.26920368 0.21400503 0.52214139],[0.95280013 0.1008157  0.21360745 0.42420476],[0.95303514 0.14823601 0.19414675 0.48305813],95.2389998568471,99.43442525252522,205.47859999999997,128.1866,4.1954253956781145,106.04417474747476,110.23960014315287,77.29199999999997,0.04405154823112613,1.0664734520078265,1.1575048069472909,0.6029647404642917,0.21156668663024902,0.03043532371520996,0.028299570083618164,0.05699324607849121,6.951353256825036,7.475968221606275,1.0754694726909695,2.0139262154898607,54,84
177,"[28.07542891 78.54830532 98.87360099 88.4837     55.         26.785
 45.2402     34.4515      0.        ]","[19.043      74.2204     97.96868182 88.4837     55.         26.785
 45.2402     34.4515      0.        ]","[ 31.7205 100.      74.2366  88.4837  55.      26.785   45.2402  34.4515
   0.    ]","[ 37.098  100.      98.513   88.4837  55.      26.785   45.2402  34.4515
   0.    ]",[0.82379831 0.92381359 0.23478215 0.44216364],[0.82379831 0.92816115 0.23478215 0.42557254],[0.77362835 0.91983051 0.1121476  0.37628997],[0.82455736 0.91850921 0.23478215 0.44216364],62.16982258880125,58.37021818181819,69.0002,50.10129999999998,-3.7996044069830646,10.629981818181818,6.830377411198754,18.898900000000026,-0.06111653932349315,0.18211310749379664,0.10986644527483531,0.37721376491228836,0.1815197467803955,0.010077238082885742,0.11752700805664062,0.23205304145812988,18.012846901838312,1.544493897886981,0.08574401960466098,1.9744656593852445,1002,1002
178,"[24.53253699 65.62384436 98.27247564 43.4723     11.         47.6916
 99.5114     27.5018      0.        ]","[24.2521     55.35       97.96868182 43.4723     11.         47.6916
 99.5114     27.5018      0.        ]",[36.7791 61.05   82.5225 43.4723 11.     47.6916 99.5114 27.5018  0.    ],[24.2521 55.35   77.209  43.4723 11.     47.6916 99.5114 27.5018  0.    ],[0.56565862 0.92987663 0.00709842 0.01675143],[0.53216568 0.91325844 0.00709842 0.01675143],[0.55036889 0.88358163 0.00691835 0.0154183 ],[0.53216568 0.91325844 0.00691835 0.0154183 ],117.16391699240046,127.46111818181816,149.7343,148.2208,10.297201189417706,22.273181818181826,32.57038300759953,1.5134999999999934,0.0878871367034068,0.17474491151419233,0.27798987814407167,0.010211117467993651,0.18035531044006348,0.008896589279174805,0.30217576026916504,0.04293060302734375,20.272410558756533,0.5968556520860933,0.0294417701514182,0.14207163072611462,1002,15
179,"[24.34970694 99.02846294 83.82008568  6.8707     21.         45.9874
 71.8504     88.2825      0.        ]","[ 7.08739798 99.9914     97.96868182  6.8707     21.         45.9874
 71.8504     88.2825      0.        ]",[23.124  65.604  91.5314  6.8707 21.     45.9874 71.8504 88.2825  0.    ],[23.062  40.604  89.3224  6.8707 21.     45.9874 71.8504 88.2825  0.    ],[0.58973866 0.14623351 0.0245333  0.03897102],[0.54900016 0.13183257 0.03339144 0.0420322 ],[0.55990849 0.10294297 0.03269426 0.0305567 ],[0.29998805 0.08713147 0.04230336 0.02333408],134.63045832162896,102.25661616161614,159.11789999999996,186.2649,-32.37384216001283,56.86128383838383,24.487441678371,-27.147000000000048,-0.24046447262827025,0.5560645948670433,0.1818863426868167,-0.14574404517437287,0.23984050750732422,0.010107994079589844,0.025925397872924805,0.03923749923706055,23.72780450985942,9.251179429643459,0.3898877127801433,1.5134772252825572,72,9
180,"[64.93785036 82.10940252 95.01759369 43.631      65.          4.0507
 89.2592      0.3641      0.        ]","[24.23237879 73.77737778 94.94615455 43.631      65.          4.0507
 89.2592      0.3641      0.        ]",[19.     67.26   67.58   43.631  65.      4.0507 89.2592  0.3641  0.    ],[19.043  30.484  52.43   43.631  65.      4.0507 89.2592  0.3641  0.    ],[0.76846859 0.3824077  0.01259253 0.19599127],[0.87178712 0.38693218 0.01261865 0.15718121],[0.83801109 0.36173425 0.01036708 0.02401477],[0.72110524 0.2236601  0.00792061 0.02096171],144.17985414772957,111.8778464646465,140.529,192.498,-32.302007683083076,28.6511535353535,-3.650854147729575,-51.968999999999994,-0.22403967512677458,0.2560931805601683,-0.02532152754148882,-0.26997163606894614,0.20130538940429688,0.03372311592102051,0.02667403221130371,0.043091535568237305,5.969359114850295,7.546867598030015,1.2642676462964453,1.615486373671556,114,11
181,"[ 0.37095843 79.77726966 98.73444464 30.4431      6.         62.7471
 14.4432     66.5712      1.        ]","[ 7.08739798 79.79683434 97.96868182 30.4431      6.         62.7471
 14.4432     66.5712      1.        ]",[ 1.8195 74.286  76.195  30.4431  6.     62.7471 14.4432 66.5712  1.    ],[33.116  80.     57.639  30.4431  6.     62.7471 14.4432 66.5712  1.    ],[0.42018572 0.74174946 0.42387334 0.65987087],[0.27831513 0.73603547 0.46746813 0.65987087],[0.22898927 0.61651751 0.54657089 0.55672642],[0.24963627 0.35048592 0.5659881  0.57332731],91.41614413575564,98.87878181818178,120.8954,165.03389999999996,7.462637682426134,22.016618181818217,29.47925586424435,-44.138499999999965,0.08163369559039703,0.22266271668174833,0.322473192705074,-0.2674511115595037,0.21077346801757812,0.014766216278076172,0.03253650665283203,0.2949662208557129,14.274033648722835,6.478060790808102,0.4538353313597327,9.0657003839728,72,1002
182,"[37.22999912 79.70128904 99.58476067 72.6155     38.          5.1853
 37.1254     66.3228      0.        ]","[35.3261899  79.88438889 97.96868182 72.6155     38.          5.1853
 37.1254     66.3228      0.        ]","[ 34.9745 100.      78.5145  72.6155  38.       5.1853  37.1254  66.3228
   0.    ]","[ 35.0595 100.      94.3675  72.6155  38.       5.1853  37.1254  66.3228
   0.    ]",[0.80601643 0.92632054 0.25236788 0.54485999],[0.80601643 0.92752519 0.28725431 0.41699736],[0.78500391 0.92752519 0.11900346 0.35250376],[0.78500391 0.92752519 0.28725431 0.39666153],85.32844941724011,84.85761919191918,83.84449999999998,68.07650000000001,-0.470830225320924,-1.013119191919202,-1.483949417240126,15.767999999999972,-0.005517857508679814,-0.011939048037959556,-0.017391027580776625,0.23162177844043055,0.267270565032959,0.08894681930541992,0.046161651611328125,0.09725260734558105,3.0048355536494493,5.789883067515081,1.9268552185769772,2.1067835302867532,156,216
183,"[37.22132847 81.68377272 98.53398933 30.2816     81.         79.1633
 28.3018     55.8572      0.        ]","[24.23237879 97.97194343 96.96117273 30.2816     81.         79.1633
 28.3018     55.8572      0.        ]",[36.527  49.032  71.556  30.2816 81.     79.1633 28.3018 55.8572  0.    ],[23.062  50.516  52.639  30.2816 81.     79.1633 28.3018 55.8572  0.    ],[0.36807009 0.88501448 0.1025999  0.36927955],[0.33854904 0.91995949 0.14355877 0.25421248],[0.26649598 0.83726041 0.08211403 0.17945779],[0.25104867 0.88133341 0.08211403 0.16972491],126.72196642358568,99.01766262626256,185.65739999999997,189.62539999999998,-27.70430379732312,86.6397373737374,58.93543357641428,-3.9680000000000177,-0.21862274220649053,0.8749927545831389,0.46507669695887177,-0.020925466735996434,0.22843027114868164,0.016037702560424805,0.3099641799926758,0.045701026916503906,14.243328823940416,0.7369569966248335,0.0517405029213497,0.14743970389605596,1002,22
184,"[24.55617366 41.10429519 99.49458048 98.9427     10.         62.6119
 90.1691     23.8002      0.        ]","[24.23237879 65.66063838 97.96868182 98.9427     10.         62.6119
 90.1691     23.8002      0.        ]",[55.639  70.749  73.655  98.9427 10.     62.6119 90.1691 23.8002  0.    ],[43.406  66.166  51.43   98.9427 10.     62.6119 90.1691 23.8002  0.    ],[0.56930392 0.89532264 0.33652592 0.04546521],[0.55738731 0.93136782 0.08168661 0.05486122],[0.38583321 0.856639   0.03794222 0.05601092],[0.43258577 0.90725756 0.03296106 0.05601092],85.01459798261345,61.6603585858586,112.29230000000001,126.8673,-23.35423939675485,50.63194141414141,27.27770201738656,-14.574999999999989,-0.27470857889054634,0.8211425067150601,0.32085903673819866,-0.11488381955003368,0.18955612182617188,0.016349077224731445,0.30751872062683105,0.0489504337310791,11.594300963936243,0.6164051458063756,0.05316449415309185,0.1591787115636438,1002,27
185,"[ 4.7136625  99.58890537 96.94522762  4.518      84.         58.2107
 59.9144      0.1424      1.        ]","[ 7.08739798 99.9914     96.96117273  4.518      84.         58.2107
 59.9144      0.1424      1.        ]",[37.9905 75.3669 96.2852  4.518  84.     58.2107 59.9144  0.1424  1.    ],[41.711  81.985  96.2852  4.518  84.     58.2107 59.9144  0.1424  1.    ],[0.95670887 0.0573011  0.03597809 0.08908907],[0.95670887 0.0573011  0.03597809 0.08908907],[0.95649141 0.02827442 0.03993282 0.06561191],[0.95670887 0.02679455 0.03120548 0.0596704 ],103.66152950985281,105.61682525252525,161.8204,158.9228,1.9552957426724333,56.20357474747476,58.158870490147194,2.8976000000000113,0.018862308437061857,0.5321460346217987,0.5610458456974563,0.018232752002859322,0.1763019561767578,0.015083551406860352,0.012386560440063477,0.05196666717529297,11.688358492057219,14.233326275672242,1.2177352607164167,4.195407387446346,42,48
186,"[24.2473286  98.84827344 98.08788779 30.9845     73.         73.749
 77.1575     16.2613      0.        ]","[24.23237879 98.98167172 96.96117273 30.9845     73.         73.749
 77.1575     16.2613      0.        ]",[21.9355 83.395  97.9855 30.9845 73.     73.749  77.1575 16.2613  0.    ],[19.043  80.158  77.209  30.9845 73.     73.749  77.1575 16.2613  0.    ],[0.59168191 0.84812185 0.08589409 0.14742389],[0.59168191 0.84812185 0.07775625 0.13714195],[0.59168191 0.80903897 0.07108185 0.13251436],[0.57092432 0.81364803 0.05940875 0.0899914 ],96.32666737031786,97.30503434343433,109.57049999999992,130.69149999999996,0.978366973116465,12.265465656565596,13.24383262968206,-21.121000000000038,0.010156761360332698,0.12605170677269495,0.13748874523778054,-0.1616095920545716,0.2084817886352539,0.005311727523803711,0.18854165077209473,0.04007291793823242,39.24933794155932,1.1057598561458573,0.028172700843827968,0.21254146112612401,1002,11
187,"[ 3.67010974 99.32210025 95.75582157 41.3656     80.         16.0666
 68.9184     54.9877      0.        ]","[24.23237879 98.98167172 93.93864545 41.3656     80.         16.0666
 68.9184     54.9877      0.        ]","[ 37.0593 100.      72.416   41.3656  80.      16.0666  68.9184  54.9877
   0.    ]","[ 31.5108 100.     100.      41.3656  80.      16.0666  68.9184  54.9877
   0.    ]",[0.85108709 0.92446091 0.22348154 0.36082965],[0.85655613 0.93470937 0.17047629 0.36082965],[0.819598   0.91166165 0.11825708 0.31855471],[0.80169805 0.91308348 0.17047629 0.36082965],67.22658791201059,89.94646161616163,123.27769999999998,90.14520000000005,22.71987370415104,33.331238383838354,56.051112087989395,33.132499999999936,0.3379596437928385,0.3705675330073171,0.8337640482564994,0.3675459148129897,0.25640439987182617,0.03159666061401367,0.11199569702148438,0.1623091697692871,8.114920845720839,2.289412956844579,0.28212388024115265,1.449244694982799,1002,1002
188,"[24.61309744 28.832847   37.86948512 75.1774     31.          1.2248
 19.0818     19.5623      1.        ]","[68.3261899  64.79683434 95.96868182 75.1774     31.          1.2248
 19.0818     19.5623      1.        ]",[60.1805 87.4387 96.7008 75.1774 31.      1.2248 19.0818 19.5623  1.    ],[32.323  85.1847 93.3328 75.1774 31.      1.2248 19.0818 19.5623  1.    ],[0.91007056 0.81770494 0.81182069 0.90395116],[0.94721748 0.81853437 0.82189317 0.91827116],[[0.9565444  0.82116875 0.85367288 0.936376  ]],[0.9565444  0.82571053 0.90153619 0.95584738],182.73336532042643,132.38327373737377,100.86360000000002,78.62810000000002,-50.35009158305266,-31.51967373737375,-81.86976532042641,22.235500000000002,-0.275538577723684,-0.23809407976949945,-0.4480285533890662,0.2827933016313506,5.530112981796265,0.2000131607055664,1e-10,0.020206212997436523,27.648745523985713,55301129817.96265,2000131607.055664,202062129.97436523,6,0
189,"[37.21966118 98.83672784 98.45996176 40.7009     43.         47.3551
 95.854      61.8437      1.        ]","[24.23237879 98.98167172 97.96868182 40.7009     43.         47.3551
 95.854      61.8437      1.        ]","[ 47.218  100.      99.09    40.7009  43.      47.3551  95.854   61.8437
   1.    ]","[ 22.351  100.      98.722   40.7009  43.      47.3551  95.854   61.8437
   1.    ]",[0.95753512 0.84272653 0.32901582 0.5038928 ],[0.95753512 0.88142025 0.32901582 0.37766662],[[0.95753512 0.85360907 0.38494053 0.31274618]],[0.95753512 0.87358163 0.32901582 0.37766662],99.22207158013236,86.58112525252528,107.4271,82.92809999999997,-12.640946327607082,20.845974747474713,8.20502841986763,24.499000000000024,-0.1274005483487429,0.24076811991845423,0.08269358106720437,0.29542459069965465,0.2126140594482422,0.010012626647949219,0.21903610229492188,0.21339011192321777,21.234593770835318,0.9706804367892161,0.045712220693498666,0.9742234713248228,1002,1002
190,"[68.210876   62.66260404 94.97805405 91.3919     47.         14.1716
 37.5553     91.6511      1.        ]","[47.3261899  98.98167172 95.96868182 91.3919     47.         14.1716
 37.5553     91.6511      1.        ]",[37.204  67.0008 95.7484 91.3919 47.     14.1716 37.5553 91.6511  1.    ],[39.684  65.2798 97.4349 91.3919 47.     14.1716 37.5553 91.6511  1.    ],[0.80925653 0.80424454 0.90767537 0.87852524],[0.81946479 0.82944409 0.93683393 0.9483569 ],[[0.78504252 0.84218344 0.95974515 0.94634308]],[0.76873551 0.84218344 0.95122619 0.94426859],119.17831791483934,60.98393636363636,83.06289999999996,85.57740000000001,-58.19438155120298,22.078963636363596,-36.115417914839384,-2.514500000000055,-0.4882967184751395,0.362045564010671,-0.3030368153093602,-0.029382757597216726,5.309227705001831,0.07987713813781738,0.019055843353271484,0.036093950271606445,66.46742520796707,278.61415559392435,4.1917398593699176,1.894114555964267,72,90
191,"[ 0.59792369 99.22278059 96.49474092 42.3893     85.         87.6673
 21.4483     53.4271      0.        ]","[35.3261899  97.97194343 96.96117273 42.3893     85.         87.6673
 21.4483     53.4271      0.        ]",[36.907  49.032  71.556  42.3893 85.     87.6673 21.4483 53.4271  0.    ],[37.938  50.516  52.639  42.3893 85.     87.6673 21.4483 53.4271  0.    ],[0.1998161  0.90000245 0.21926652 0.33492675],[0.20691524 0.90463096 0.15977647 0.35013803],[0.15625937 0.87060636 0.09322552 0.2753096 ],[0.14593062 0.88809992 0.07928229 0.23651576],62.491102184995384,98.0037737373737,173.9297,192.3937,35.51267155237832,75.92592626262629,111.43859781500461,-18.464,0.5682836485624541,0.7747245168955363,1.7832714405501704,-0.09596987843157026,0.18459725379943848,0.02204585075378418,0.297959566116333,0.0443263053894043,8.373333189137746,0.6195379333025535,0.0739894041367236,0.14876617645529086,1002,16
192,"[24.53033143 64.65977296 44.62865697 97.3805     11.         42.9513
 40.8377     38.5295      1.        ]","[49.23237879 64.66063838 95.96868182 97.3805     11.         42.9513
 40.8377     38.5295      1.        ]","[ 34.656  100.      99.5759  97.3805  11.      42.9513  40.8377  38.5295
   1.    ]",[17.9545 60.0515 93.378  97.3805 11.     42.9513 40.8377 38.5295  1.    ],[0.90478458 0.8094428  0.91916314 0.82613879],[0.89943424 0.81445845 0.88461629 0.83512373],[[0.92381968 0.80736407 0.8683947  0.86730896]],[0.90478458 0.78795964 0.91442751 0.83008142],117.8614015051827,91.22255858585862,37.69960000000003,67.1445,-26.638842919324077,-53.52295858585859,-80.16180150518267,-29.44489999999996,-0.2260183790377946,-0.5867294166659753,-0.6801361640151354,-0.43853033383225676,5.377768039703369,0.15240812301635742,0.0307619571685791,0.2575531005859375,35.2853111321776,174.81878705677195,4.954435186979268,8.37245495059097,90,1002
193,"[24.37224108 65.85237078 97.23822947  1.4023     44.         53.3912
 26.4614     10.3165      0.        ]","[24.23237879 65.66063838 96.96117273  1.4023     44.         53.3912
 26.4614     10.3165      0.        ]",[17.8955 74.309  97.0705  1.4023 44.     53.3912 26.4614 10.3165  0.    ],[36.981  71.055  52.639   1.4023 44.     53.3912 26.4614 10.3165  0.    ],[0.68171874 0.08120581 0.01858999 0.07317397],[0.68171874 0.08120581 0.01858999 0.06765956],[0.67972944 0.05675583 0.01858999 0.06736556],[0.59869067 0.04176357 0.01357086 0.03777309],159.87934082795982,160.2082676767677,145.11369999999997,211.88469999999998,0.3289268488078676,-15.094567676767724,-14.765640827959857,-66.77100000000002,0.002057344289164999,-0.09421840642595398,-0.09235490183718364,-0.315128935690024,0.22812533378601074,0.00812840461730957,0.04127216339111328,0.04367494583129883,28.065204000821282,5.527341312937588,0.1969464149548259,1.0582179910807126,156,19
194,"[ 3.53039581 90.91635446 79.41990309 50.4748      3.         39.1226
 62.1313     60.441       0.        ]","[ 9.10445455 88.88438889 97.96868182 50.4748      3.         39.1226
 62.1313     60.441       0.        ]","[  5.8385 100.      88.045   50.4748   3.      39.1226  62.1313  60.441
   0.    ]",[36.981  80.1072 77.209  50.4748  3.     39.1226 62.1313 60.441   0.    ],[0.13057376 0.75839405 0.05464083 0.07402477],[0.13057376 0.66512964 0.03428498 0.09504732],[0.13057376 0.75342665 0.01541728 0.06544898],[0.12247279 0.498274   0.03963704 0.07402477],82.71933826927199,71.77658383838383,67.31869999999998,129.19,-10.942754430888158,-4.45788383838385,-15.400638269272008,-61.87130000000002,-0.13228774141382485,-0.06210777387262496,-0.1861794181565997,-0.4789170988466601,0.2107391357421875,0.02762579917907715,0.021930456161499023,0.04907989501953125,7.628345315048632,9.609427829055369,1.259700161986454,2.237978756944218,84,25
195,"[ 4.20328075 99.40111067 95.47046873 88.9786     86.         19.3669
 50.1847      3.6677      1.        ]","[ 7.07034141 65.66063838 95.95366364 88.9786     86.         19.3669
 50.1847      3.6677      1.        ]",[19.     64.96   64.5975 88.9786 86.     19.3669 50.1847  3.6677  1.    ],[ 4.1735 65.639  97.639  88.9786 86.     19.3669 50.1847  3.6677  1.    ],[0.96011213 0.36244315 0.58047988 0.75885031],[0.96477628 0.40435118 0.58047988 0.69313103],[[0.96143433 0.24584072 0.5132937  0.57314481]],[0.96477628 0.40435118 0.58047988 0.59225702],20.353101350989732,56.47743939393939,100.46389999999997,51.91689999999994,36.12433804294966,43.986460606060575,80.11079864901023,48.547000000000025,1.7748812537207261,0.7788324165911242,3.9360487263094477,0.9350905003958264,0.21463775634765625,0.03350949287414551,0.02514338493347168,0.05119919776916504,6.405282143594049,8.536549749191629,1.3327359447747467,2.036288984344627,84,66
196,"[35.67660622 62.77757997 99.86376047 39.6197     25.         39.668
  0.2596     12.8993      1.        ]","[24.23237879 79.79683434 97.96868182 39.6197     25.         39.668
  0.2596     12.8993      1.        ]",[15.5222 74.286  95.404  39.6197 25.     39.668   0.2596 12.8993  1.    ],[14.6512 80.9925 99.8245 39.6197 25.     39.668   0.2596 12.8993  1.    ],[0.31186772 0.78846433 0.84089526 0.91568755],[0.28913464 0.80115834 0.84089526 0.9350516 ],[[0.27539765 0.80313419 0.84089526 0.92974151]],[0.28913464 0.79424711 0.84089526 0.9350516 ],133.4155657747703,106.84716262626262,106.21249999999998,94.21449999999999,-26.568403148507684,-0.6346626262626387,-27.203065774770323,11.99799999999999,-0.1991402052243287,-0.0059399109032273086,-0.2038972410512731,0.12734770125617598,0.3972959518432617,0.0069539546966552734,0.04050278663635254,0.05592751502990723,57.1323756299928,9.809101665283345,0.171690771775537,1.3808312877838016,126,126
197,"[ 1.03548749 35.60573663 99.24491748  2.1493      3.         15.2906
 89.8307     52.3824      1.        ]","[24.23237879 99.9914     97.96868182  2.1493      3.         15.2906
 89.8307     52.3824      1.        ]",[ 2.9948 36.612  98.87    2.1493  3.     15.2906 89.8307 52.3824  1.    ],[18.6508 45.516  59.57    2.1493  3.     15.2906 89.8307 52.3824  1.    ],[0.69361697 0.09797563 0.02982613 0.00995169],[0.39596992 0.0790899  0.01153328 0.01488118],[[0.54643093 0.09797563 0.03279339 0.01033648]],[0.38572874 0.02133555 0.03352129 0.01569715],164.03553337249463,124.122996969697,165.36350000000002,211.4155,-39.91253640279763,41.24050303030302,1.3279666275053899,-46.05199999999999,-0.24331640579461264,0.33225513431947945,0.008095603435444814,-0.2178269805194037,0.21407604217529297,1e-10,0.01969432830810547,0.05985736846923828,2140760421.7529297,10.869933659386955,5.077603990121544e-09,3.0393201297757977,90,49
198,"[18.88513466 98.89353475 96.76507295 28.3799     82.         61.3896
 83.8963     30.6143      0.        ]","[24.23237879 98.98167172 96.96868182 28.3799     82.         61.3896
 83.8963     30.6143      0.        ]",[36.527  60.798  97.9855 28.3799 82.     61.3896 83.8963 30.6143  0.    ],[23.062  55.098  77.209  28.3799 82.     61.3896 83.8963 30.6143  0.    ],[0.69495188 0.88572713 0.06801059 0.12406777],[0.69495188 0.90836848 0.06145318 0.12406777],[0.68259068 0.85553956 0.05609308 0.08107469],[0.64727517 0.87875723 0.04412621 0.06980257],94.84662695324187,99.90212525252525,149.3636,162.3751,5.055498299283386,49.46147474747474,54.516973046758125,-13.011500000000012,0.05330182486906656,0.49509932468853546,0.5747908470549434,-0.0801323601956212,0.21980643272399902,0.009362936019897461,0.28264498710632324,0.047135353088378906,23.47622927860253,0.7776767420301494,0.03312613507054835,0.1667652186969369,1002,12
199,"[24.22837767 98.51086467 97.44139168 54.3076     59.         28.1792
  2.6599     99.2767      0.        ]","[24.23237879 79.79683434 97.96868182 54.3076     59.         28.1792
  2.6599     99.2767      0.        ]",[34.815  80.158  99.09   54.3076 59.     28.1792  2.6599 99.2767  0.    ],[35.777  80.158  78.209  54.3076 59.     28.1792  2.6599 99.2767  0.    ],[0.04650615 0.26294693 0.41408976 0.47982913],[0.037007   0.26294693 0.41408976 0.47982913],[0.037007   0.20747461 0.41408976 0.49670642],[0.02501647 0.20706949 0.29550658 0.42895539],73.96852132770488,92.15926262626266,101.25939999999997,123.10239999999999,18.190741298557782,9.100137373737311,27.290878672295094,-21.843000000000018,0.24592544195884106,0.09874360009412708,0.3689526055467234,-0.17743764540740084,0.2197868824005127,0.018381118774414062,0.07022333145141602,0.040166616439819336,11.95720919373249,3.129827051178456,0.2617523036076839,0.571983920580706,228,16
