cruise speed,image resolution,illuminance,controls responsiveness,power,smoke intensity,obstacle size,obstacle distance,firm obstacle,req_0,req_1,req_2,req_3
3.2045,33.6857,82.6363,69.2764,50.0,40.8936,84.0546,95.5551,0.0,0.0,0.0,0.0,0.0
85.5496,64.2178,21.6158,23.3105,20.0,78.3051,17.2836,60.7479,1.0,0.0,0.0,0.0,1.0
34.2777,47.3137,56.4869,81.4875,17.0,75.6085,42.967,63.2702,0.0,0.0,1.0,0.0,1.0
52.1894,97.6619,21.0036,30.7234,85.0,65.7392,96.4416,54.7805,0.0,0.0,1.0,0.0,0.0
26.4861,58.2656,83.5136,16.3676,24.0,4.6684,41.3635,74.7055,1.0,1.0,0.0,0.0,1.0
87.5583,87.7938,92.9967,44.005,12.0,82.2462,38.8665,14.6377,0.0,0.0,0.0,0.0,0.0
16.0246,16.9928,10.2423,21.4346,75.0,74.9592,6.6086,22.6785,0.0,0.0,0.0,0.0,0.0
70.4276,20.8175,51.6775,87.5963,99.0,24.5397,99.9874,65.7672,0.0,0.0,1.0,0.0,0.0
16.0111,66.7958,99.371,67.228,31.0,85.3395,30.8448,43.1683,0.0,0.0,1.0,0.0,0.0
98.4796,4.0768,52.8853,73.9044,2.0,29.8411,10.5942,53.3787,1.0,0.0,0.0,0.0,0.0
56.6364,6.2302,64.5889,60.3652,51.0,73.5059,52.8552,79.2856,1.0,0.0,0.0,0.0,0.0
56.7617,66.5544,77.3775,60.8771,81.0,84.047,6.5986,60.3268,0.0,0.0,1.0,0.0,1.0
54.7777,40.3099,87.3416,13.7778,43.0,21.4291,43.4365,54.8343,1.0,1.0,0.0,0.0,1.0
47.1974,8.4067,14.1042,22.9743,24.0,31.3755,46.563,15.5407,1.0,0.0,0.0,0.0,0.0
9.4922,79.1021,93.9181,71.9313,98.0,9.8923,39.4139,13.0674,0.0,1.0,1.0,1.0,0.0
15.8199,81.8564,36.8843,75.3588,87.0,9.7022,16.8133,26.3829,0.0,1.0,1.0,0.0,0.0
55.839,11.9445,8.6551,93.3472,13.0,81.2085,13.325,90.1732,0.0,0.0,0.0,0.0,0.0
7.8977,16.1493,45.8692,58.3512,65.0,67.2469,8.3179,71.6704,0.0,0.0,1.0,0.0,0.0
91.9118,2.295,40.3243,66.3315,47.0,5.8439,54.0211,87.4789,1.0,0.0,0.0,0.0,0.0
96.7163,6.1285,66.1437,43.4463,82.0,96.1527,52.5858,89.3862,0.0,0.0,0.0,0.0,0.0
21.2333,45.2306,76.1547,85.9632,26.0,8.28,68.4259,14.6996,1.0,1.0,1.0,1.0,1.0
17.0612,59.9986,67.5577,64.7392,46.0,3.6185,84.8951,90.5848,0.0,0.0,1.0,0.0,0.0
45.1749,92.5101,41.8802,91.6582,82.0,62.5729,79.4447,32.69,0.0,0.0,1.0,0.0,0.0
19.7604,26.8159,47.0082,6.3458,36.0,35.1641,9.2745,22.8247,1.0,1.0,0.0,0.0,0.0
61.1338,5.5482,91.3682,56.9724,71.0,97.7892,21.4058,98.4632,1.0,0.0,0.0,0.0,0.0
93.4163,43.3603,96.7347,57.0625,69.0,30.791,3.9937,88.6832,0.0,0.0,0.0,0.0,0.0
64.1257,88.2016,17.2606,40.3963,53.0,64.7695,25.9527,51.5346,0.0,0.0,1.0,0.0,0.0
32.3831,95.3797,94.2066,77.7837,42.0,67.7128,36.8217,79.4941,0.0,0.0,1.0,0.0,1.0
47.6403,94.4947,65.3907,80.8391,99.0,15.9947,65.3406,34.0114,1.0,1.0,0.0,1.0,1.0
1.2063,38.0062,64.3547,89.5041,84.0,35.9105,50.4013,51.5402,0.0,1.0,1.0,1.0,0.0
99.1149,4.6557,79.6047,47.3815,88.0,24.9077,85.9043,96.595,1.0,0.0,0.0,0.0,0.0
16.2653,24.6901,88.6274,92.9826,90.0,73.5026,88.4318,69.9106,1.0,1.0,1.0,1.0,1.0
15.3906,8.3894,65.5749,32.1719,0.0,99.4145,59.972,99.407,0.0,0.0,0.0,0.0,1.0
65.7133,91.7797,20.1999,77.3346,72.0,54.3951,49.0154,85.0493,0.0,0.0,1.0,0.0,0.0
7.6426,89.6866,85.8441,76.536,78.0,61.2281,97.4187,76.1409,1.0,1.0,1.0,0.0,0.0
18.2593,48.9518,22.8555,82.5996,86.0,88.9639,83.0253,27.1028,0.0,0.0,1.0,0.0,0.0
18.8109,82.4171,92.2581,93.6358,71.0,85.494,85.9512,35.3026,1.0,1.0,1.0,0.0,1.0
7.8308,48.1344,60.3198,45.5092,78.0,99.7283,80.2816,33.5033,0.0,0.0,0.0,1.0,0.0
26.1825,64.2569,87.848,76.6604,61.0,46.9587,24.1963,57.3303,0.0,1.0,1.0,0.0,0.0
34.3026,0.9694,53.091,15.5375,12.0,41.0899,64.2288,31.0418,1.0,0.0,0.0,0.0,0.0
16.7352,52.8544,57.9498,81.2614,81.0,84.7942,30.2919,36.5378,1.0,1.0,1.0,1.0,1.0
49.2196,59.2022,56.749,66.2557,9.0,75.3547,75.0687,62.3816,0.0,0.0,1.0,0.0,0.0
18.1514,19.9089,86.0565,44.2418,55.0,25.0131,28.4611,49.7925,0.0,0.0,1.0,0.0,0.0
3.364,11.424,27.8093,54.5784,50.0,17.0448,48.3754,17.2051,1.0,1.0,0.0,0.0,0.0
54.7202,15.6568,95.1671,11.9978,69.0,41.3673,92.9872,58.4645,0.0,0.0,0.0,0.0,0.0
88.8287,91.9905,34.3068,47.2804,94.0,73.0435,17.2808,87.0866,0.0,0.0,0.0,0.0,0.0
16.6881,91.129,52.392,85.0347,42.0,18.1736,80.4846,44.2358,1.0,1.0,0.0,1.0,1.0
51.5359,48.2058,55.7848,75.2762,91.0,47.0792,7.3198,33.3109,0.0,0.0,1.0,0.0,0.0
44.3396,75.8663,41.8161,77.8439,6.0,26.1727,6.0386,37.8218,1.0,0.0,0.0,1.0,1.0
41.9151,37.6462,77.3986,60.9735,21.0,34.0454,41.2611,72.4624,0.0,0.0,1.0,0.0,0.0
28.9973,59.783,27.285,48.3519,98.0,47.4733,71.2347,71.0766,1.0,1.0,1.0,1.0,1.0
51.8375,33.0834,31.0784,60.4287,43.0,63.7314,56.0894,70.9812,0.0,0.0,1.0,0.0,0.0
28.3926,97.2665,24.2908,16.9209,65.0,30.9555,64.0663,48.5908,1.0,1.0,0.0,1.0,0.0
41.7035,98.0452,84.3336,30.4116,59.0,53.4072,77.2023,55.906,0.0,1.0,1.0,0.0,0.0
49.24,99.2394,99.931,44.9683,78.0,4.4889,24.4433,85.0742,0.0,1.0,1.0,0.0,0.0
44.5828,9.4359,83.1449,47.0492,46.0,29.5936,62.6965,3.2568,1.0,0.0,0.0,0.0,0.0
50.477,57.1558,89.6325,90.8421,61.0,59.3699,37.4802,25.4491,1.0,1.0,1.0,1.0,1.0
43.009,95.0706,38.8114,41.333,57.0,28.5267,22.147,9.9613,1.0,1.0,1.0,1.0,1.0
57.5501,25.4265,45.3187,60.7908,28.0,85.2362,64.7463,78.9313,1.0,1.0,1.0,1.0,1.0
49.0148,36.3574,82.5076,46.8351,93.0,63.5658,41.03,46.4247,0.0,1.0,1.0,0.0,0.0
33.2818,84.7794,47.5633,78.6866,70.0,8.328,1.4585,91.8404,0.0,0.0,1.0,1.0,1.0
13.103,28.3266,50.7932,72.1295,74.0,23.5862,14.6669,22.4035,0.0,0.0,1.0,0.0,1.0
9.9218,18.5387,99.9429,25.5776,80.0,84.8539,31.8899,74.7211,0.0,0.0,1.0,0.0,0.0
43.9415,20.8368,84.9752,71.1772,69.0,20.2024,19.8929,82.1355,0.0,0.0,1.0,0.0,0.0
58.4393,93.2441,23.9311,68.261,48.0,3.9698,44.8158,21.5444,0.0,1.0,1.0,0.0,0.0
26.6202,97.6769,53.4591,48.2899,38.0,26.6182,11.522,90.8962,0.0,0.0,1.0,0.0,1.0
93.6641,41.1092,88.1889,66.8521,70.0,53.8251,77.3601,2.9179,1.0,0.0,0.0,0.0,0.0
18.422,11.1234,3.1719,91.116,62.0,15.6348,44.1096,68.3457,1.0,0.0,0.0,0.0,0.0
94.3084,79.4831,26.3053,22.1042,26.0,91.0115,90.877,62.5809,1.0,0.0,0.0,0.0,0.0
37.545,18.3186,42.6286,57.0488,81.0,62.5178,99.8935,56.7803,1.0,1.0,1.0,0.0,0.0
15.5979,83.8687,9.4108,2.8322,0.0,69.4828,19.6061,14.8442,1.0,0.0,0.0,1.0,1.0
38.6966,16.2905,80.6459,25.3613,64.0,59.4168,72.6882,34.9451,0.0,0.0,0.0,0.0,0.0
51.9696,40.1372,34.9079,78.1289,63.0,7.5908,76.9544,96.1381,0.0,0.0,0.0,0.0,1.0
35.5196,13.9899,93.3324,80.7276,66.0,53.2407,66.3578,69.6654,0.0,0.0,1.0,0.0,0.0
78.9857,63.1645,65.9835,28.413,6.0,55.3783,91.8604,77.9845,1.0,0.0,0.0,0.0,0.0
22.5209,45.5237,89.786,57.4645,91.0,82.8901,69.1957,23.3058,1.0,1.0,1.0,1.0,1.0
79.1821,53.2494,67.7923,74.836,8.0,45.6371,85.5018,61.5631,0.0,1.0,0.0,0.0,0.0
44.0565,68.3199,67.4354,29.0851,63.0,42.0939,85.8239,40.1599,0.0,0.0,1.0,0.0,0.0
4.4159,14.9245,11.8523,36.4326,40.0,25.0826,20.7729,67.1756,1.0,1.0,1.0,0.0,0.0
14.3143,39.334,33.7406,39.6731,60.0,4.4592,43.2298,23.2235,0.0,0.0,1.0,0.0,0.0
66.5545,44.0403,36.4993,31.4483,82.0,4.1353,29.0124,75.2349,0.0,1.0,1.0,0.0,0.0
42.3656,93.327,52.1548,29.6827,74.0,3.4657,94.5441,59.5731,1.0,1.0,1.0,0.0,0.0
52.331,34.5445,13.0485,53.7797,93.0,46.216,13.5047,25.9712,1.0,0.0,0.0,0.0,0.0
32.0612,84.9242,41.1925,76.4953,23.0,79.0572,12.6676,88.9701,0.0,0.0,0.0,0.0,0.0
72.525,5.2787,97.3234,5.8153,65.0,48.3506,36.4736,11.2759,1.0,0.0,0.0,0.0,0.0
29.636,85.505,73.4992,32.4069,47.0,80.5374,48.0144,18.2872,1.0,1.0,1.0,1.0,1.0
48.7378,55.8806,3.0069,18.0363,45.0,48.9853,68.5071,45.2573,1.0,0.0,0.0,0.0,0.0
55.5594,6.2433,33.1132,38.8776,36.0,69.7335,89.2598,46.7443,0.0,0.0,0.0,0.0,0.0
0.7136,46.6201,83.8015,70.8952,38.0,69.4303,14.7349,88.8983,0.0,0.0,1.0,1.0,0.0
57.3655,91.9463,65.7487,29.502,75.0,69.6187,43.6981,63.2056,0.0,0.0,1.0,0.0,0.0
78.5762,27.4559,32.2904,52.8312,97.0,73.6517,91.9559,60.3771,0.0,0.0,0.0,0.0,0.0
58.2591,9.8942,98.5101,35.6261,56.0,64.638,3.3038,49.1207,0.0,0.0,1.0,0.0,0.0
66.0763,86.5282,80.2266,87.282,1.0,68.4762,77.5366,62.3183,0.0,0.0,0.0,0.0,0.0
35.0689,96.8948,90.8294,93.6609,25.0,36.1938,59.1996,68.7995,1.0,1.0,1.0,1.0,1.0
11.0224,93.4888,37.4717,85.2057,47.0,38.8494,86.7224,22.8551,0.0,1.0,1.0,0.0,0.0
43.897,68.3634,94.8767,96.7484,64.0,53.8906,88.0926,75.0436,1.0,1.0,1.0,1.0,1.0
15.4574,35.4612,74.5681,35.4145,59.0,71.6636,6.2563,87.0502,1.0,0.0,1.0,1.0,1.0
59.6585,96.2587,35.8639,5.1136,12.0,3.2728,96.0062,64.3754,0.0,1.0,0.0,0.0,0.0
57.2062,77.6302,46.349,84.5014,74.0,65.1408,88.3241,22.6271,0.0,1.0,1.0,0.0,0.0
22.2404,20.3588,31.3866,12.9144,3.0,6.2209,29.6153,48.5881,1.0,0.0,0.0,0.0,0.0
65.1885,97.3129,55.2138,34.5883,59.0,68.7433,70.014,1.1768,1.0,1.0,0.0,0.0,0.0
27.8868,61.4574,17.1953,49.3354,61.0,64.5777,45.7659,40.6897,0.0,1.0,0.0,0.0,0.0
61.5736,71.5334,66.0297,75.0528,96.0,2.2549,32.592,19.381,1.0,1.0,1.0,1.0,1.0
6.9486,54.2429,79.7856,97.0108,20.0,47.5469,40.19,86.8055,1.0,1.0,1.0,1.0,1.0
32.0691,19.7165,89.2676,29.0626,48.0,26.7488,61.7846,79.347,1.0,1.0,1.0,1.0,1.0
47.4901,0.8285,37.754,64.9936,1.0,6.4307,77.0867,60.5201,1.0,0.0,0.0,0.0,0.0
7.8331,62.5655,77.2381,27.3624,25.0,62.9568,86.5568,5.4777,1.0,1.0,0.0,0.0,0.0
65.4109,90.3675,65.9909,59.7217,19.0,49.1674,85.6692,47.4105,0.0,1.0,1.0,0.0,0.0
20.5271,94.2496,17.3768,53.3456,74.0,36.9859,95.3155,60.4507,1.0,1.0,0.0,0.0,1.0
12.9463,72.1033,77.1787,36.9719,63.0,48.1607,46.7847,35.5018,0.0,1.0,1.0,0.0,0.0
64.1854,91.5948,36.7368,96.802,73.0,64.7257,11.2565,5.6194,1.0,1.0,0.0,0.0,1.0
93.0249,40.9074,67.5058,45.4909,92.0,90.6825,77.8478,80.7145,1.0,0.0,0.0,0.0,0.0
83.0997,71.6374,5.1496,43.017,90.0,79.0246,60.6338,76.6867,1.0,0.0,0.0,0.0,0.0
75.2033,54.247,80.3677,84.8894,21.0,90.1697,72.9849,68.5988,1.0,1.0,0.0,0.0,1.0
13.1277,54.2423,69.6665,58.8111,23.0,17.7805,1.716,21.2291,0.0,0.0,1.0,0.0,0.0
63.0833,89.8067,24.1096,95.323,48.0,67.0909,15.9355,90.0025,0.0,0.0,1.0,0.0,0.0
85.0864,28.7201,62.5809,54.9568,17.0,87.9066,10.8109,0.6757,1.0,0.0,0.0,0.0,0.0
16.344,64.9997,25.559,49.2735,71.0,45.5209,30.0801,37.1753,0.0,0.0,1.0,0.0,0.0
32.4824,56.6181,62.2821,60.8915,94.0,45.0774,93.7168,57.4328,0.0,1.0,1.0,0.0,0.0
25.6405,17.3985,90.5806,62.9504,82.0,33.9518,70.308,3.4831,0.0,0.0,0.0,0.0,0.0
88.0672,87.9647,11.5807,8.4038,10.0,57.379,34.9932,2.3039,0.0,0.0,0.0,0.0,0.0
5.3372,93.8464,95.1674,25.3742,13.0,66.9727,50.8535,49.2234,1.0,1.0,1.0,1.0,1.0
29.4355,90.7268,21.743,63.5013,17.0,40.5175,21.2195,71.1439,1.0,1.0,1.0,1.0,1.0
7.4916,24.5512,23.2729,32.5445,71.0,11.2316,40.7418,31.0068,1.0,1.0,0.0,0.0,1.0
37.3058,88.6838,78.4828,67.2205,11.0,24.2731,84.7733,54.4398,0.0,1.0,1.0,0.0,0.0
47.5653,30.2258,53.8739,36.016,38.0,41.3469,42.9234,14.9855,0.0,0.0,0.0,0.0,0.0
81.6626,62.1934,79.3374,9.3182,71.0,98.6591,99.232,76.0205,1.0,0.0,0.0,0.0,0.0
7.7806,21.4207,31.7257,95.1272,97.0,38.4942,33.8405,42.8355,0.0,0.0,1.0,0.0,0.0
78.4256,92.5334,45.5155,54.3073,47.0,41.8471,27.4295,63.7486,1.0,1.0,0.0,1.0,1.0
34.5482,90.7615,84.4124,62.8147,51.0,14.914,51.1551,58.4928,0.0,1.0,1.0,0.0,0.0
60.3086,98.017,36.8177,53.9362,26.0,53.9943,95.1251,44.3064,0.0,0.0,1.0,0.0,0.0
43.8282,52.6292,56.2276,50.0404,23.0,6.1211,32.3121,49.8234,0.0,0.0,1.0,0.0,0.0
42.6941,87.3233,19.6225,42.6834,64.0,41.074,53.7041,16.4013,0.0,0.0,1.0,0.0,0.0
55.929,4.1827,25.6952,92.6048,88.0,8.3449,75.5891,98.6194,0.0,0.0,0.0,0.0,0.0
35.3558,66.1107,72.2677,54.6324,70.0,69.4637,45.4378,63.2771,0.0,1.0,1.0,0.0,0.0
56.819,80.1198,65.4041,56.311,33.0,65.3457,0.5072,99.9013,0.0,0.0,0.0,0.0,1.0
12.1628,57.6722,44.4867,76.836,19.0,5.5717,89.5518,72.5444,0.0,1.0,1.0,0.0,1.0
2.5034,93.184,32.4456,21.4635,16.0,94.3445,49.2736,66.1923,0.0,0.0,0.0,0.0,0.0
29.2656,11.6165,67.043,56.3182,48.0,97.0693,76.0538,40.0867,1.0,0.0,0.0,0.0,0.0
35.4231,72.085,93.3805,40.6143,25.0,71.8336,3.8779,32.9236,1.0,1.0,1.0,1.0,1.0
15.4312,11.1716,41.0926,75.7306,100.0,34.1426,49.1913,15.0786,0.0,0.0,1.0,0.0,0.0
81.7207,46.2639,23.4406,19.7643,97.0,76.0757,94.4562,18.94,1.0,1.0,0.0,0.0,0.0
71.7858,42.9004,55.5353,54.5982,24.0,81.5912,53.4016,25.2477,1.0,1.0,0.0,0.0,1.0
29.0436,34.7245,35.817,27.3669,84.0,6.8197,72.3642,43.5201,1.0,1.0,1.0,1.0,1.0
32.4721,63.1498,19.6378,35.8731,44.0,52.2195,27.4524,59.7234,0.0,0.0,1.0,0.0,0.0
57.6498,59.3933,97.4687,31.1176,67.0,48.8431,2.3874,36.4089,1.0,0.0,1.0,1.0,1.0
15.0199,31.5618,65.6017,30.0444,96.0,49.6021,83.3748,2.1739,0.0,1.0,0.0,0.0,0.0
62.3414,45.5534,97.6942,60.6365,41.0,96.0699,81.146,13.208,1.0,0.0,0.0,0.0,0.0
85.3777,7.3018,66.536,15.3974,85.0,91.3328,94.4032,35.0423,1.0,0.0,0.0,0.0,0.0
41.4311,41.1091,52.1987,31.3973,27.0,13.8038,91.963,70.3126,1.0,1.0,1.0,1.0,0.0
60.2168,12.3634,47.4202,46.1555,58.0,12.3023,31.2598,10.558,0.0,0.0,0.0,0.0,0.0
58.0044,24.4719,63.9356,75.0509,47.0,86.2399,0.288,49.138,0.0,0.0,1.0,0.0,1.0
54.1295,71.2919,64.38,38.8297,100.0,57.2149,72.0494,64.9812,0.0,1.0,1.0,0.0,0.0
34.0268,93.4401,98.6974,14.7507,20.0,91.41,46.7287,14.3627,0.0,0.0,0.0,0.0,0.0
80.4261,93.9383,32.3167,89.9344,30.0,99.6872,35.7223,27.9235,0.0,0.0,0.0,0.0,1.0
10.6444,28.3702,90.0421,97.2972,14.0,87.548,58.3368,89.2293,0.0,0.0,0.0,0.0,0.0
23.7377,81.1421,91.1893,17.829,4.0,87.6728,4.956,79.0176,0.0,0.0,0.0,0.0,0.0
35.834,49.6092,45.68,95.7915,22.0,14.8649,99.7417,95.5669,0.0,0.0,0.0,0.0,0.0
88.7538,2.4159,54.845,6.3025,78.0,64.8057,60.7238,39.6264,1.0,0.0,0.0,0.0,0.0
28.9771,47.6196,11.7168,62.2062,96.0,35.2256,87.2687,95.0324,0.0,0.0,0.0,0.0,0.0
11.9784,72.3191,40.5539,77.8483,69.0,60.616,6.7192,71.7797,0.0,0.0,1.0,1.0,1.0
62.5842,57.204,46.9981,51.0179,46.0,69.3172,8.6361,64.3604,0.0,0.0,1.0,0.0,0.0
13.3511,99.9914,33.5377,75.5341,60.0,80.4377,78.1995,60.6813,1.0,1.0,1.0,1.0,1.0
45.2834,53.8228,56.9783,73.1689,70.0,46.0867,41.6846,38.9561,0.0,1.0,0.0,0.0,1.0
89.8478,28.9832,78.195,75.4032,62.0,2.9766,0.1641,9.5427,0.0,0.0,0.0,0.0,0.0
38.3151,99.7421,57.0834,87.8362,82.0,92.9528,72.3271,88.2145,0.0,0.0,1.0,0.0,0.0
60.4882,49.5931,65.1099,38.5543,77.0,85.3051,90.2069,26.6589,1.0,1.0,0.0,0.0,1.0
95.7875,4.6488,40.9685,75.4222,80.0,12.4062,74.9366,32.4682,1.0,0.0,0.0,0.0,0.0
53.345,27.337,70.2976,94.186,20.0,3.0827,6.9968,80.7495,0.0,0.0,1.0,0.0,0.0
1.8016,50.4548,78.7934,70.0219,0.0,79.182,93.4632,0.186,0.0,0.0,0.0,0.0,1.0
18.1797,30.7546,8.3425,6.5077,77.0,38.9179,81.9749,47.4881,1.0,0.0,0.0,0.0,0.0
48.0593,94.4369,32.8394,4.9283,93.0,99.3695,28.7032,40.281,0.0,0.0,0.0,0.0,0.0
43.0215,72.6949,73.4987,29.3846,59.0,37.2707,16.128,74.7508,1.0,1.0,1.0,1.0,1.0
79.8657,81.0284,20.2031,90.6851,93.0,54.5259,57.0327,36.045,1.0,1.0,1.0,0.0,1.0
82.9491,62.6507,0.9774,52.9958,46.0,31.4429,87.4765,51.7077,1.0,0.0,0.0,0.0,0.0
81.3993,81.1944,81.8021,63.0963,100.0,32.3491,26.1361,42.5884,0.0,0.0,1.0,0.0,0.0
80.8362,56.7195,11.2135,5.4001,76.0,88.887,72.8345,92.8389,1.0,0.0,0.0,0.0,0.0
2.1265,41.7179,72.7863,42.9491,53.0,37.6554,92.9639,69.6057,0.0,1.0,1.0,0.0,0.0
4.5964,56.4458,23.0216,47.0701,9.0,42.8647,12.0069,0.7696,0.0,0.0,0.0,0.0,0.0
49.7163,66.6619,69.6917,77.0448,47.0,66.8474,73.2344,64.2292,0.0,1.0,1.0,0.0,1.0
27.554,58.8449,90.0175,24.1364,35.0,74.8021,83.6107,3.0395,0.0,1.0,0.0,0.0,0.0
81.3491,88.8359,28.816,48.7252,88.0,6.8565,93.2999,44.5798,1.0,1.0,0.0,0.0,1.0
54.6174,19.4931,18.2482,51.2727,52.0,29.3565,58.7189,60.8953,1.0,1.0,0.0,0.0,0.0
37.3698,42.1717,18.3009,26.9085,33.0,80.1415,99.3317,66.3363,0.0,0.0,0.0,0.0,0.0
22.8428,69.8406,25.3046,56.7951,81.0,32.6096,74.1027,42.3448,1.0,1.0,1.0,1.0,1.0
39.0396,82.454,36.0559,76.5284,23.0,42.4271,5.0953,52.0978,0.0,0.0,1.0,0.0,0.0
65.372,91.4549,78.4711,80.0029,99.0,96.3904,67.6195,90.9197,0.0,0.0,1.0,0.0,0.0
78.1281,20.5361,45.7121,29.5517,32.0,4.1774,97.8338,24.4785,0.0,0.0,0.0,0.0,0.0
78.6119,66.4205,15.0414,32.8376,31.0,23.8735,66.4468,53.189,1.0,1.0,0.0,0.0,0.0
8.0854,86.1649,43.9753,73.7046,66.0,4.3635,43.4565,12.4424,0.0,1.0,0.0,0.0,0.0
87.1182,65.3137,50.4809,6.9513,38.0,15.7603,67.0583,29.4165,0.0,0.0,0.0,0.0,0.0
5.9521,28.9424,94.9597,42.5359,36.0,87.7081,51.4943,21.181,0.0,0.0,1.0,0.0,0.0
91.1877,87.8818,82.2666,15.6034,25.0,36.2773,84.5889,87.7618,1.0,0.0,0.0,0.0,0.0
80.8911,46.8769,76.5402,33.5762,3.0,18.1258,3.0675,18.4482,0.0,0.0,0.0,0.0,0.0
0.0277,17.961,54.5172,49.3979,58.0,51.1693,22.8132,18.0553,0.0,0.0,1.0,0.0,0.0
33.8689,96.3604,88.6133,52.9695,14.0,8.7738,38.0812,62.0589,0.0,0.0,1.0,0.0,1.0
66.6723,96.1875,88.5408,46.5288,16.0,52.9904,15.9611,13.7899,0.0,1.0,1.0,0.0,0.0
37.5411,70.1196,77.4284,42.3477,81.0,38.9,51.155,66.9327,0.0,0.0,1.0,0.0,0.0
46.3827,69.3385,20.9234,72.7911,59.0,63.5408,53.8358,61.982,1.0,1.0,1.0,1.0,1.0
10.4112,55.989,53.6391,52.7826,25.0,31.7657,13.2024,26.9651,1.0,1.0,0.0,1.0,1.0
14.5083,77.565,9.687,86.4511,42.0,9.0775,93.3303,27.8158,0.0,0.0,1.0,0.0,0.0
29.1998,67.7426,40.0663,86.4647,80.0,9.1308,93.9751,58.4145,0.0,0.0,1.0,0.0,0.0
54.2617,59.0111,46.8277,58.4806,50.0,19.2067,10.6052,80.0168,0.0,0.0,1.0,0.0,0.0
50.7103,33.1097,67.5471,93.736,35.0,1.6676,68.1772,12.6952,1.0,1.0,0.0,0.0,1.0
21.6545,38.6111,27.2962,53.4315,73.0,11.2534,45.631,60.9541,0.0,0.0,1.0,0.0,0.0
60.7497,87.0044,89.9825,9.2185,37.0,90.4006,10.6771,8.7578,0.0,0.0,0.0,0.0,0.0
35.8497,28.3954,86.7995,28.2391,96.0,16.4163,45.8071,86.43,1.0,0.0,0.0,1.0,1.0
49.2013,35.6519,91.4045,62.9745,85.0,74.5236,22.9844,31.0713,0.0,0.0,0.0,0.0,0.0
41.9917,35.5159,36.056,86.444,87.0,34.3903,47.1557,58.6807,1.0,1.0,1.0,1.0,1.0
41.2985,29.0502,7.1914,79.7381,56.0,39.8427,83.7185,27.416,1.0,0.0,1.0,0.0,0.0
34.3565,43.4276,81.8486,81.3889,21.0,75.3802,80.4049,39.749,0.0,1.0,1.0,0.0,0.0
76.3165,56.3088,10.3828,72.8464,85.0,1.2458,91.3858,30.6899,0.0,0.0,0.0,0.0,0.0
10.801,78.9641,9.5253,92.3605,73.0,64.9232,39.3964,81.3122,1.0,0.0,0.0,0.0,0.0
32.6713,39.4822,44.193,91.7998,51.0,11.2217,89.1493,44.4982,0.0,1.0,1.0,0.0,0.0
9.9746,75.7659,77.5334,64.3215,64.0,28.4553,84.8765,94.6244,0.0,1.0,1.0,0.0,1.0
30.8532,77.5873,43.7257,38.6096,72.0,14.5589,1.9339,85.9962,0.0,0.0,1.0,0.0,1.0
29.2654,15.0415,53.069,44.0706,0.0,11.5296,56.8831,68.1696,0.0,0.0,0.0,0.0,1.0
8.9789,51.5499,34.4645,84.9408,46.0,25.14,90.8173,67.0829,0.0,1.0,1.0,0.0,0.0
12.2885,69.4917,41.6843,6.3988,29.0,88.6817,81.3555,78.9005,0.0,0.0,0.0,0.0,0.0
85.1409,58.8797,39.4376,79.3543,86.0,66.3038,46.269,79.8884,1.0,1.0,0.0,0.0,1.0
17.6707,19.177,44.7046,64.6934,69.0,3.1994,21.132,39.7749,0.0,1.0,1.0,0.0,0.0
22.9594,97.7263,67.8918,80.2357,44.0,76.5237,61.3642,14.911,0.0,0.0,1.0,0.0,0.0
40.9411,79.577,88.1431,63.1804,34.0,61.8997,64.4388,56.5673,1.0,1.0,0.0,1.0,1.0
72.6342,94.3427,42.4641,18.2853,65.0,35.1265,90.1753,20.2332,0.0,0.0,0.0,0.0,0.0
24.6135,17.2785,49.2204,29.7552,16.0,3.8145,8.0474,16.0976,0.0,0.0,0.0,0.0,0.0
26.6811,35.0168,51.1914,96.3139,71.0,61.5971,40.3245,54.9939,0.0,1.0,0.0,0.0,1.0
71.2,23.4115,22.3908,49.9057,65.0,63.4629,86.7137,99.7322,0.0,0.0,0.0,0.0,1.0
32.8924,27.883,52.438,67.8897,33.0,44.5394,31.9264,51.8312,0.0,1.0,1.0,0.0,0.0
75.6586,24.9691,98.0601,27.4993,67.0,29.4602,15.3169,47.5573,1.0,0.0,0.0,0.0,1.0
64.409,93.5357,58.5392,29.2054,66.0,22.8526,92.8708,87.771,0.0,1.0,1.0,0.0,0.0
58.7692,31.199,52.7759,68.574,10.0,26.2674,30.3075,81.2038,1.0,1.0,0.0,1.0,0.0
31.5173,37.162,4.9421,47.7814,11.0,81.1296,78.662,77.5839,1.0,0.0,0.0,0.0,0.0
32.3579,63.0838,23.0349,43.8208,28.0,88.1559,13.6925,73.7589,0.0,0.0,1.0,0.0,0.0
23.4862,59.0576,25.3204,19.0538,51.0,84.155,23.8353,10.2427,0.0,0.0,1.0,0.0,0.0
46.8974,79.8756,75.4494,21.4417,21.0,18.5988,47.5603,51.5411,1.0,1.0,1.0,1.0,1.0
58.9355,80.493,36.8446,91.8866,81.0,91.542,65.6605,48.1128,0.0,0.0,1.0,0.0,0.0
97.1846,95.6719,35.9457,2.1317,4.0,3.1911,6.9038,50.6081,1.0,0.0,0.0,0.0,0.0
50.9943,23.1095,63.9589,83.9481,91.0,15.8201,27.369,11.7922,1.0,1.0,0.0,0.0,1.0
54.2224,75.6559,79.2645,15.2546,90.0,31.1958,70.901,15.2239,0.0,1.0,0.0,0.0,0.0
1.4511,45.7621,52.8896,73.7243,48.0,96.0697,36.4897,66.9718,1.0,0.0,0.0,1.0,1.0
93.7188,51.0271,23.6903,88.5935,78.0,7.8303,65.7451,19.2948,1.0,0.0,0.0,0.0,0.0
40.3716,12.7401,59.3813,36.6439,42.0,37.3349,53.5152,30.981,1.0,0.0,0.0,0.0,1.0
8.9591,30.0062,22.4792,55.8501,48.0,34.0336,55.0816,92.0007,1.0,1.0,0.0,1.0,1.0
89.1009,18.3852,63.4684,61.0366,48.0,0.7355,23.8869,43.6647,0.0,0.0,0.0,0.0,0.0
35.3737,86.1265,17.6345,49.2239,64.0,1.9955,56.6409,68.6518,1.0,1.0,0.0,1.0,1.0
32.9153,77.754,92.1851,91.1761,99.0,15.6614,53.529,50.5078,0.0,1.0,1.0,0.0,0.0
45.8194,71.595,67.7324,31.127,79.0,97.8769,49.9551,88.0553,1.0,0.0,0.0,0.0,0.0
42.8109,45.0455,75.9269,58.6185,69.0,84.5124,97.7992,86.7386,0.0,0.0,1.0,0.0,0.0
16.1242,69.2324,49.4806,84.6985,81.0,17.4876,32.9564,9.5637,0.0,1.0,1.0,0.0,0.0
76.4902,30.8775,42.2028,62.0473,59.0,46.1565,12.6569,75.971,1.0,0.0,0.0,1.0,1.0
84.9393,91.215,87.4638,47.5168,86.0,37.7336,1.0663,7.9124,1.0,0.0,0.0,0.0,1.0
49.4991,16.502,74.2298,36.3353,9.0,34.6702,98.3902,16.7215,1.0,1.0,0.0,0.0,0.0
7.3236,26.8615,46.9246,79.45,20.0,64.0481,21.104,66.8504,1.0,1.0,1.0,1.0,1.0
44.9701,60.0682,43.5089,98.1786,20.0,49.1997,98.3195,35.7339,0.0,1.0,1.0,0.0,0.0
68.548,63.0242,10.1798,28.752,93.0,6.7692,28.8893,16.3742,0.0,0.0,0.0,0.0,0.0
3.6074,90.0933,26.096,65.8459,95.0,8.2257,28.3692,31.6841,0.0,1.0,1.0,0.0,1.0
7.5727,52.2631,69.4399,65.1554,47.0,69.6355,0.0011,35.9473,0.0,0.0,1.0,0.0,0.0
31.6569,75.8288,95.6109,31.6843,25.0,70.8553,77.9707,41.3213,1.0,1.0,1.0,1.0,1.0
56.2747,83.6746,36.1095,74.4029,11.0,6.5999,48.0998,34.8305,0.0,0.0,1.0,0.0,0.0
38.6857,88.6186,64.4576,81.6345,84.0,69.2972,32.9561,8.1972,0.0,0.0,1.0,0.0,0.0
30.9791,35.5784,46.3681,80.6711,98.0,79.1228,88.1839,36.4588,0.0,1.0,0.0,0.0,0.0
11.8363,73.5231,47.8401,27.5156,36.0,12.8502,97.3475,7.8717,1.0,1.0,1.0,0.0,0.0
6.6332,42.0949,97.0356,78.8826,78.0,31.0749,56.0286,76.5537,1.0,1.0,1.0,1.0,1.0
88.9056,90.6013,41.4044,10.9479,38.0,88.3992,98.9693,0.7322,0.0,0.0,0.0,0.0,0.0
6.6237,82.2926,69.8807,32.7643,84.0,68.8541,56.2913,45.8435,0.0,1.0,1.0,0.0,1.0
55.2583,13.4099,82.0083,18.9171,11.0,35.7303,52.5134,69.7337,0.0,0.0,0.0,0.0,0.0
18.7649,61.5084,75.9907,79.0836,77.0,83.6185,31.788,15.6038,1.0,1.0,0.0,1.0,1.0
92.004,5.3648,90.7218,38.4401,91.0,48.1756,17.8021,43.0872,1.0,0.0,0.0,0.0,0.0
76.4099,91.1842,3.6921,15.3694,40.0,0.0573,46.4429,6.6069,1.0,0.0,0.0,0.0,0.0
3.8234,71.051,65.3249,44.115,24.0,0.0167,75.7187,86.802,0.0,1.0,1.0,0.0,0.0
79.5021,16.9005,69.9856,15.2763,68.0,47.1859,8.2902,15.7297,0.0,0.0,0.0,0.0,0.0
94.731,50.3434,20.5023,87.8426,29.0,11.0202,31.4126,43.4629,1.0,0.0,0.0,0.0,0.0
64.3165,64.6437,8.982,88.8078,35.0,75.9888,51.5418,43.5304,1.0,0.0,0.0,0.0,0.0
46.3265,85.2138,47.5999,92.9178,47.0,16.042,35.6135,39.6703,0.0,0.0,1.0,0.0,0.0
95.4222,72.4514,37.0941,45.3682,4.0,23.6185,49.059,20.8067,1.0,0.0,0.0,0.0,0.0
66.7532,44.2717,68.4098,99.2269,34.0,74.3487,61.6681,52.9191,1.0,1.0,1.0,1.0,1.0
5.6261,41.6783,28.751,83.8689,32.0,64.2002,20.4951,28.112,0.0,1.0,1.0,0.0,1.0
37.2401,93.8229,15.6667,72.0882,21.0,17.375,84.5812,87.8798,0.0,1.0,0.0,0.0,0.0
81.6926,24.1038,33.4825,93.8081,3.0,54.4613,47.9734,39.5065,1.0,0.0,0.0,0.0,0.0
68.4519,78.7192,54.9483,96.1931,13.0,58.2271,71.2425,25.479,0.0,0.0,1.0,0.0,0.0
97.005,73.033,98.9098,83.9006,12.0,59.3099,2.6402,96.7083,0.0,0.0,0.0,0.0,0.0
42.5607,82.9699,28.6275,22.8059,28.0,90.1121,76.1843,15.7592,0.0,0.0,1.0,0.0,0.0
17.5137,45.1525,70.7333,12.6238,99.0,38.9879,95.9427,93.7602,1.0,1.0,0.0,0.0,0.0
38.609,55.1288,91.7478,37.1396,95.0,6.7105,68.111,37.7705,0.0,1.0,1.0,0.0,0.0
35.2562,86.4822,84.4635,44.975,20.0,56.0593,10.7297,39.5985,1.0,1.0,1.0,1.0,1.0
23.9727,94.2012,18.5487,95.0813,65.0,73.1233,71.6743,76.3693,0.0,0.0,1.0,0.0,0.0
63.7779,97.5782,8.7366,77.795,58.0,82.5525,54.9956,29.1548,1.0,1.0,0.0,0.0,0.0
33.9712,72.0941,52.8807,27.7855,66.0,58.9105,66.8011,95.5973,0.0,0.0,1.0,0.0,0.0
57.643,50.2139,64.3489,95.8701,23.0,50.5943,88.385,20.1838,1.0,1.0,0.0,1.0,1.0
45.1171,94.1799,28.6232,67.3701,79.0,55.9141,42.5368,32.8912,0.0,1.0,0.0,0.0,0.0
14.6755,67.548,1.6894,20.4601,65.0,98.03,4.4729,9.9544,0.0,0.0,0.0,0.0,0.0
61.3294,63.631,79.2158,41.8179,47.0,21.1964,51.3581,53.6785,0.0,1.0,0.0,0.0,1.0
63.3724,45.5434,83.0062,96.71,52.0,14.2173,29.2537,21.5124,1.0,1.0,1.0,1.0,1.0
89.8215,35.031,13.9393,89.2898,0.0,65.2232,0.8852,53.355,1.0,0.0,0.0,0.0,1.0
51.7828,11.208,7.8164,27.2024,48.0,64.1649,98.9909,58.0977,1.0,0.0,0.0,0.0,0.0
51.9243,44.2409,85.8986,13.8429,66.0,19.3679,81.4261,98.0841,0.0,0.0,0.0,0.0,0.0
20.812,61.5602,69.3216,35.8597,52.0,15.5708,65.5518,14.5644,1.0,1.0,1.0,1.0,1.0
25.7805,61.171,89.1058,90.8395,61.0,22.1844,35.2835,85.2264,1.0,1.0,1.0,1.0,1.0
39.6941,95.0074,29.0105,16.6476,63.0,46.3003,53.6402,92.619,0.0,0.0,0.0,0.0,0.0
75.8762,51.0861,83.1255,88.5302,84.0,93.4212,87.3003,32.84,1.0,0.0,0.0,0.0,1.0
60.848,67.9256,39.7554,70.0987,21.0,93.9003,59.4693,50.0375,0.0,0.0,0.0,0.0,0.0
26.6482,82.8572,50.1855,75.8544,10.0,56.4236,95.9437,21.751,0.0,1.0,1.0,0.0,0.0
2.7407,82.7152,10.6717,70.3304,16.0,90.7334,73.4628,84.5812,1.0,0.0,0.0,0.0,1.0
26.0933,78.4909,78.6194,63.7926,53.0,73.6931,81.642,14.0921,1.0,1.0,1.0,1.0,1.0
88.1628,18.528,10.1545,25.8905,96.0,57.5456,4.2354,20.1513,1.0,0.0,0.0,0.0,0.0
66.1589,72.7159,78.6358,86.8263,76.0,15.482,58.3946,35.1714,0.0,1.0,1.0,0.0,0.0
49.2362,67.4696,48.0447,69.1802,87.0,46.5867,10.1905,68.7684,1.0,1.0,1.0,1.0,1.0
56.9984,62.386,61.7299,53.0399,40.0,16.9454,68.5221,42.4982,0.0,0.0,1.0,0.0,0.0
11.6376,47.2754,52.5395,67.5308,66.0,67.6305,31.3734,46.5171,1.0,1.0,0.0,1.0,1.0
13.3961,72.0093,73.622,59.8747,55.0,82.7768,9.7731,62.8532,0.0,1.0,1.0,0.0,0.0
89.2968,92.2724,77.7657,0.8764,71.0,69.8805,32.5197,78.4192,0.0,0.0,0.0,0.0,0.0
19.6513,8.4205,18.4603,96.6692,24.0,31.6293,74.2852,46.7803,0.0,0.0,0.0,0.0,0.0
96.846,47.4603,31.1916,95.476,34.0,39.1203,11.3231,62.2447,1.0,0.0,0.0,0.0,0.0
69.7678,43.8926,31.1678,91.5407,76.0,14.5398,55.6128,90.786,0.0,0.0,1.0,0.0,0.0
24.3109,22.514,44.1617,25.5758,78.0,89.4036,58.0902,51.5192,1.0,0.0,1.0,0.0,0.0
88.6643,96.4779,99.7103,0.0903,100.0,77.3129,25.3586,16.2164,0.0,0.0,0.0,0.0,0.0
46.8697,91.8037,56.8805,43.9981,41.0,84.349,42.5809,70.7097,0.0,0.0,1.0,0.0,0.0
23.7485,65.4323,44.0518,99.6948,99.0,38.6007,17.2566,65.6119,0.0,1.0,1.0,0.0,0.0
34.3686,72.3419,96.3875,92.2691,3.0,12.7098,24.9101,37.2109,1.0,0.0,0.0,0.0,0.0
23.226,65.1954,84.0414,50.6612,42.0,86.9947,99.8953,35.6107,0.0,0.0,0.0,0.0,0.0
6.5018,50.0223,36.6216,96.1688,67.0,84.2859,44.1326,37.2886,1.0,1.0,0.0,1.0,1.0
71.8931,35.4669,28.7835,40.3261,84.0,75.7125,71.4622,97.3177,0.0,0.0,0.0,0.0,0.0
36.9724,48.8166,76.8669,51.9492,59.0,56.7764,53.5914,47.4251,1.0,1.0,1.0,1.0,1.0
47.6318,14.1992,27.8054,45.8462,73.0,27.6832,67.4607,32.1117,0.0,0.0,1.0,0.0,0.0
9.9335,40.4241,84.0551,72.1783,8.0,96.1327,18.0466,86.1327,0.0,0.0,0.0,0.0,0.0
23.854,98.7304,92.8348,65.6322,99.0,39.2248,28.8364,90.8675,0.0,1.0,1.0,0.0,0.0
67.4779,5.4703,22.407,62.0182,32.0,63.6055,90.4012,52.4855,0.0,0.0,0.0,0.0,0.0
86.977,56.6914,76.9872,18.6123,64.0,86.1121,57.8194,83.7173,0.0,0.0,0.0,0.0,0.0
65.9882,92.0096,41.2558,73.2764,38.0,28.2574,48.2666,77.4729,0.0,0.0,1.0,0.0,0.0
55.6791,80.8952,88.7667,31.2802,48.0,12.1332,79.5619,83.7274,0.0,1.0,1.0,0.0,0.0
76.1942,64.041,75.5194,86.4177,17.0,82.1907,75.1113,28.5778,0.0,0.0,0.0,0.0,0.0
29.604,87.8083,18.0892,16.3236,58.0,92.3137,44.1092,96.52,1.0,0.0,0.0,0.0,0.0
16.0582,74.2224,59.6271,34.9358,54.0,85.1804,68.7686,37.0337,0.0,0.0,1.0,0.0,0.0
36.7902,95.6746,79.405,52.2306,44.0,84.8123,98.6735,96.2217,0.0,0.0,0.0,0.0,0.0
14.1213,65.5522,91.5179,37.9682,31.0,61.5121,84.3744,38.2246,1.0,1.0,1.0,1.0,1.0
78.8719,5.4424,5.2973,40.6694,77.0,0.5942,17.2349,66.1834,1.0,0.0,0.0,0.0,0.0
65.8665,20.2031,3.5564,53.8034,74.0,17.84,22.0922,5.7887,1.0,0.0,0.0,0.0,0.0
56.9059,66.2727,44.3342,94.4783,38.0,59.3243,76.1647,44.8554,0.0,1.0,1.0,0.0,0.0
44.9319,65.5291,10.1775,27.3953,51.0,31.8245,41.2423,23.4875,0.0,0.0,1.0,0.0,0.0
96.3606,0.9301,26.286,38.6844,32.0,67.9787,45.3672,92.6985,0.0,0.0,0.0,1.0,0.0
17.4503,53.3659,33.3597,53.9297,77.0,34.8546,81.6885,36.0687,0.0,1.0,1.0,0.0,0.0
98.7067,86.2921,16.0424,83.2125,9.0,44.4609,25.3879,3.4884,1.0,0.0,0.0,0.0,0.0
47.8292,56.6655,26.0072,76.3471,62.0,72.008,8.3285,25.5844,0.0,0.0,1.0,0.0,0.0
17.2425,22.2917,61.2924,93.3645,80.0,39.5536,60.2013,77.4737,0.0,0.0,1.0,0.0,0.0
23.1786,28.1183,42.8307,70.0597,25.0,13.6068,56.6271,59.2973,0.0,0.0,1.0,0.0,1.0
44.9952,89.5782,54.2747,43.0113,86.0,95.0613,87.8193,22.8463,0.0,0.0,1.0,0.0,0.0
22.4256,47.8601,26.6351,17.7996,31.0,93.0457,46.8977,24.3142,0.0,0.0,0.0,0.0,0.0
85.0176,25.5376,51.8691,62.7395,41.0,27.4842,66.4937,84.6912,1.0,0.0,0.0,0.0,0.0
66.037,72.4324,66.9999,83.1502,34.0,12.0075,29.2767,12.0941,0.0,1.0,1.0,0.0,0.0
32.8989,93.4581,62.0533,63.4416,95.0,17.0736,20.3462,69.8864,0.0,1.0,1.0,0.0,1.0
42.7453,85.0946,97.8261,6.2219,61.0,26.1779,66.3877,0.8925,1.0,1.0,0.0,0.0,0.0
81.9037,98.9578,85.6087,98.8805,6.0,17.3318,4.5251,42.9968,1.0,0.0,0.0,0.0,0.0
54.8135,79.8754,54.5018,51.5518,43.0,17.8818,41.0727,62.8127,0.0,1.0,1.0,0.0,0.0
10.4539,50.0445,83.9168,54.4499,20.0,3.2758,53.6065,46.096,0.0,1.0,1.0,0.0,0.0
83.0466,99.9201,7.7695,75.189,87.0,84.2296,59.5291,52.9762,0.0,0.0,1.0,0.0,0.0
29.0823,53.9533,12.1895,1.3467,88.0,53.273,39.7697,44.2217,1.0,1.0,0.0,0.0,0.0
6.1983,95.9547,27.4697,44.6004,1.0,44.8136,5.2875,61.2769,1.0,0.0,0.0,0.0,0.0
14.2717,1.2404,28.1225,92.5851,3.0,41.0585,96.8488,3.8348,1.0,0.0,0.0,0.0,0.0
0.5508,46.9682,97.382,71.546,13.0,4.4949,26.2142,25.4331,0.0,0.0,1.0,0.0,0.0
12.7491,74.8213,24.9617,29.5974,0.0,17.6862,9.8819,14.3474,1.0,0.0,0.0,0.0,1.0
3.0496,72.7856,92.7604,74.81,38.0,54.9871,27.0262,95.319,0.0,0.0,0.0,0.0,0.0
1.4593,45.8199,73.4849,43.8142,44.0,63.9665,56.4833,59.7201,0.0,0.0,1.0,0.0,1.0
16.4418,58.5806,83.9406,98.3117,93.0,94.2369,5.5243,17.079,0.0,0.0,0.0,0.0,1.0
47.3608,96.4527,66.5301,24.9326,34.0,23.4238,28.4606,15.1629,1.0,1.0,1.0,1.0,1.0
16.5327,96.4526,30.4554,60.5709,46.0,38.3101,72.3067,29.4285,1.0,1.0,1.0,1.0,1.0
65.4114,15.7108,61.3111,52.1104,58.0,74.088,73.9582,81.0616,1.0,0.0,0.0,0.0,0.0
25.316,66.2482,63.8167,33.1467,73.0,43.0086,3.235,98.1209,0.0,0.0,0.0,0.0,1.0
46.7401,97.4711,73.8486,0.1606,87.0,67.8597,24.276,76.8137,1.0,1.0,0.0,0.0,0.0
96.5096,73.6502,47.9845,52.2238,61.0,16.5715,2.5281,31.9345,0.0,0.0,0.0,0.0,0.0
1.9395,43.8061,73.9525,70.9269,71.0,31.3078,45.6994,57.4252,0.0,1.0,1.0,0.0,0.0
93.4492,5.5146,78.7709,82.1289,5.0,8.1953,7.3879,5.4706,1.0,0.0,0.0,0.0,0.0
29.2194,94.8552,37.4064,34.0239,100.0,89.3745,46.3067,86.6491,0.0,0.0,1.0,0.0,1.0
49.2592,32.3813,60.0214,50.8645,65.0,60.9613,83.6269,57.0121,0.0,1.0,1.0,0.0,0.0
16.5304,54.4958,51.0473,37.3053,94.0,65.0861,38.4209,58.1731,0.0,0.0,1.0,0.0,0.0
81.7457,42.2901,43.8945,61.1041,61.0,50.102,34.2733,46.1062,0.0,0.0,0.0,0.0,0.0
79.5446,20.2419,58.5968,41.9423,82.0,10.2215,25.6431,64.2677,0.0,0.0,0.0,0.0,0.0
37.2273,72.5472,80.3355,83.4747,78.0,41.0191,47.3042,64.6727,0.0,0.0,1.0,0.0,1.0
77.8214,71.0734,61.6958,58.7419,61.0,64.225,61.1032,41.6495,1.0,1.0,0.0,1.0,1.0
62.9421,72.6245,58.4324,48.6423,46.0,94.1066,53.5852,69.7657,0.0,0.0,1.0,0.0,0.0
2.7164,52.4866,30.5308,43.0079,53.0,71.2772,50.7109,18.5035,0.0,0.0,1.0,0.0,0.0
39.0377,90.9664,54.8932,81.8418,29.0,54.2651,19.9217,11.3526,1.0,1.0,1.0,1.0,1.0
85.648,44.972,90.9917,17.8071,47.0,69.8841,99.5175,42.8156,1.0,1.0,0.0,0.0,0.0
47.9493,62.0009,30.5962,18.0495,10.0,30.5177,25.7717,66.0737,0.0,0.0,0.0,0.0,0.0
52.017,54.6012,42.0318,52.7957,77.0,2.5326,55.1188,26.6266,0.0,1.0,1.0,0.0,1.0
36.8455,88.7568,48.0468,59.2139,58.0,91.5649,31.0721,65.2007,0.0,0.0,1.0,0.0,1.0
50.9706,22.9553,51.0927,85.5673,86.0,26.6357,45.7279,17.1425,0.0,0.0,1.0,0.0,0.0
29.8956,40.758,52.3531,29.9418,16.0,81.0592,42.6867,84.8694,1.0,1.0,0.0,0.0,1.0
63.9371,61.3789,57.6595,78.7157,79.0,72.9451,20.2926,93.2375,0.0,0.0,1.0,0.0,0.0
49.6015,48.9873,67.9972,45.0612,63.0,70.4947,70.2835,83.8342,0.0,1.0,1.0,0.0,1.0
27.9554,30.4725,72.2712,24.6187,80.0,48.2332,83.6082,74.5706,1.0,1.0,1.0,1.0,1.0
26.6296,32.1773,50.7711,89.7111,31.0,55.9061,55.7739,71.841,0.0,0.0,1.0,0.0,0.0
15.0474,20.3338,53.3351,45.1975,54.0,49.0669,57.2632,71.7691,1.0,1.0,0.0,1.0,1.0
72.7008,59.7748,24.4169,38.2657,85.0,9.4681,82.3108,59.4409,1.0,1.0,0.0,0.0,1.0
20.4406,92.2222,93.4112,86.2041,71.0,58.8535,56.467,54.891,1.0,1.0,1.0,1.0,1.0
85.937,81.8213,85.2204,20.6852,87.0,13.4567,1.6044,16.7105,0.0,0.0,0.0,0.0,0.0
6.3493,40.7738,24.3954,68.4464,75.0,87.665,14.0282,24.4802,0.0,0.0,1.0,0.0,1.0
0.922,26.4284,66.9786,17.7871,93.0,7.6407,88.2134,38.0892,1.0,1.0,1.0,0.0,0.0
22.7133,16.9396,71.7964,43.8793,11.0,64.581,51.0868,56.9684,0.0,0.0,1.0,0.0,0.0
14.9818,6.5555,45.7835,8.2487,86.0,90.3576,93.3033,56.8344,1.0,0.0,0.0,0.0,0.0
92.5853,46.3824,17.5756,36.8061,65.0,90.2795,98.0433,96.8249,1.0,0.0,0.0,0.0,0.0
53.6155,60.2474,68.1389,79.6094,77.0,63.3347,88.4097,60.0631,1.0,1.0,0.0,1.0,1.0
3.5137,8.7645,88.2523,22.8832,98.0,24.141,42.8507,99.6689,1.0,0.0,0.0,1.0,0.0
36.3764,44.7549,86.4289,50.7467,26.0,5.2282,18.0617,68.567,1.0,1.0,1.0,1.0,1.0
67.4037,37.2557,16.1291,72.0098,56.0,13.6374,36.2233,25.4649,0.0,0.0,0.0,0.0,0.0
60.6323,88.1145,90.9686,32.6744,52.0,36.9983,63.4434,72.1441,1.0,1.0,1.0,1.0,1.0
48.2803,32.5597,73.6885,86.1149,15.0,53.0219,17.2584,20.3888,1.0,1.0,0.0,1.0,1.0
11.0507,80.3714,65.3683,95.873,53.0,90.3139,84.1784,14.8526,0.0,0.0,1.0,0.0,0.0
17.0624,25.1142,3.6768,26.9926,47.0,62.6996,41.3218,27.0826,1.0,0.0,0.0,0.0,0.0
30.0231,56.371,74.4055,92.9508,16.0,70.6767,8.184,51.8207,1.0,1.0,1.0,1.0,1.0
82.7471,62.9475,1.0444,79.5124,100.0,19.3745,31.0489,11.2091,1.0,0.0,0.0,0.0,0.0
15.6257,32.441,49.4326,42.1067,10.0,34.5473,57.6576,44.2024,0.0,0.0,1.0,0.0,0.0
65.8979,14.7953,34.3819,52.8797,11.0,44.5517,44.7747,70.4454,1.0,1.0,0.0,1.0,0.0
15.0946,87.1878,90.5119,44.8458,96.0,19.32,36.2437,11.1766,1.0,1.0,1.0,1.0,1.0
35.1543,22.5301,76.0623,95.6125,54.0,82.3282,79.7577,86.5171,0.0,0.0,1.0,0.0,0.0
3.2468,58.7631,27.9567,88.226,27.0,42.8363,54.3258,93.8085,0.0,0.0,1.0,1.0,0.0
6.3022,30.4683,88.0345,71.6567,5.0,1.0247,52.6162,7.1585,0.0,0.0,1.0,0.0,0.0
55.7985,47.4697,4.9151,87.8036,58.0,52.185,35.9874,83.248,0.0,0.0,0.0,0.0,0.0
0.5505,97.1095,69.7901,48.1629,78.0,67.7933,84.5204,83.7017,1.0,1.0,0.0,1.0,1.0
31.1343,43.8313,19.8484,55.9621,59.0,66.2974,10.7713,81.217,1.0,1.0,1.0,0.0,1.0
59.2821,84.2079,75.3065,28.866,49.0,2.3968,63.3648,76.7911,1.0,1.0,0.0,1.0,1.0
64.539,10.0995,60.9519,62.47,85.0,44.8802,50.9116,38.0816,0.0,0.0,0.0,0.0,0.0
4.0308,46.9021,34.0269,92.2304,67.0,92.1424,10.484,99.0883,0.0,0.0,0.0,0.0,0.0
42.3419,97.3831,25.5867,87.7415,63.0,36.3755,58.1492,54.8244,1.0,1.0,0.0,1.0,1.0
54.0497,72.0854,95.6809,32.6957,57.0,93.4915,73.2544,61.2394,0.0,0.0,1.0,0.0,0.0
65.7398,52.3271,99.9495,34.0616,53.0,35.1927,49.05,89.0856,1.0,1.0,1.0,1.0,1.0
15.2664,59.0703,25.1218,55.5017,27.0,39.1368,84.3576,57.7919,0.0,0.0,1.0,0.0,0.0
81.861,84.9584,46.2998,95.6422,12.0,82.4505,11.8978,30.5276,1.0,0.0,0.0,1.0,0.0
56.8562,66.6329,66.1108,3.0829,71.0,61.2326,60.9592,78.9744,1.0,1.0,0.0,0.0,0.0
68.0468,80.236,76.3438,57.3475,73.0,17.2358,72.8429,29.0412,0.0,1.0,1.0,0.0,0.0
16.0019,44.9496,15.7817,51.2948,94.0,5.5949,87.2275,60.3101,0.0,0.0,1.0,0.0,0.0
31.1923,11.9126,54.9352,70.1084,51.0,93.5419,63.6545,80.39,1.0,0.0,0.0,0.0,0.0
84.7169,49.5542,75.9614,45.1221,98.0,97.7534,55.5805,48.8775,1.0,0.0,0.0,0.0,0.0
92.3669,81.0047,57.2463,19.5712,100.0,77.9404,20.6032,32.7799,0.0,0.0,0.0,0.0,0.0
1.8098,17.2336,16.6576,43.283,21.0,55.9517,81.8339,64.3677,0.0,0.0,1.0,0.0,0.0
5.9331,39.0719,42.6413,45.6972,33.0,65.057,85.2176,22.4642,0.0,0.0,1.0,0.0,0.0
41.7907,95.8286,2.8651,80.8593,71.0,43.0247,38.8156,71.6916,1.0,0.0,0.0,0.0,0.0
87.0413,58.4916,3.7418,39.2652,91.0,36.9083,56.2498,58.7613,0.0,0.0,0.0,0.0,0.0
31.5063,71.7667,85.3205,49.0881,26.0,2.2235,70.3361,53.9608,0.0,1.0,1.0,0.0,0.0
12.7178,97.2316,87.0186,56.624,26.0,49.9201,54.9901,96.4313,1.0,0.0,1.0,1.0,1.0
40.5021,55.4386,97.2356,41.1768,11.0,45.8219,74.7936,82.3471,0.0,0.0,1.0,0.0,1.0
19.5067,95.0151,63.1093,56.4151,78.0,3.4303,13.19,75.4936,1.0,1.0,1.0,1.0,1.0
18.5008,10.0001,89.4025,28.748,55.0,68.4067,97.5435,32.5742,0.0,0.0,1.0,0.0,0.0
15.65,12.6203,37.5,30.1931,88.0,90.3099,2.9416,92.2559,1.0,0.0,0.0,0.0,0.0
98.1163,7.6214,53.7453,44.7875,84.0,81.0809,67.1852,97.0284,0.0,0.0,0.0,0.0,0.0
7.6414,77.1629,55.3914,89.8609,32.0,62.982,49.3965,7.746,1.0,1.0,1.0,1.0,1.0
24.256,74.8099,53.2019,17.8076,79.0,0.6562,35.9453,91.214,0.0,1.0,1.0,0.0,0.0
93.6959,37.5948,32.6847,70.7906,83.0,14.2903,81.1343,43.4218,0.0,0.0,0.0,0.0,0.0
7.6,97.3317,34.1309,74.7642,32.0,94.8958,53.6026,66.0767,0.0,0.0,1.0,0.0,0.0
54.0038,89.8737,47.6101,94.4152,68.0,80.1677,0.9208,14.2326,1.0,0.0,0.0,0.0,1.0
4.5899,73.3365,20.1409,37.4586,75.0,74.1436,17.4657,63.7299,0.0,0.0,1.0,0.0,0.0
45.8564,92.2179,98.2522,70.1675,98.0,2.0415,14.843,53.3007,1.0,1.0,1.0,1.0,1.0
39.7761,41.5903,66.4191,75.8692,61.0,10.6338,54.7428,15.0136,1.0,1.0,1.0,1.0,1.0
43.6892,84.1901,38.6696,61.0789,86.0,20.9081,56.0775,47.2226,1.0,1.0,1.0,1.0,1.0
46.7865,47.24,34.7282,62.5166,25.0,29.3071,57.7367,27.9722,0.0,1.0,1.0,0.0,1.0
85.7651,19.0702,44.8577,19.8936,71.0,95.6874,7.8406,50.2575,0.0,0.0,0.0,0.0,0.0
95.7432,20.4066,12.1799,85.1384,15.0,19.6493,18.3473,64.6968,0.0,0.0,0.0,0.0,0.0
54.408,59.2722,53.4274,99.9624,59.0,7.9516,4.3867,33.0329,1.0,0.0,1.0,1.0,1.0
65.9045,27.3987,39.6218,98.5504,22.0,58.2261,22.7495,74.2727,0.0,0.0,0.0,0.0,0.0
46.8261,32.8516,78.6083,9.9784,57.0,42.0827,33.6812,80.0555,1.0,1.0,0.0,0.0,0.0
8.9997,70.8068,29.5197,29.6026,26.0,0.1212,55.7769,37.8761,0.0,0.0,1.0,0.0,0.0
54.5981,91.443,77.4148,53.8035,82.0,66.2934,71.9251,68.8601,0.0,1.0,1.0,0.0,0.0
5.1215,20.6507,67.7349,33.417,55.0,78.7304,19.7434,2.72,1.0,1.0,0.0,0.0,0.0
6.7426,9.3389,72.8285,74.6,85.0,49.1845,90.6589,53.5966,0.0,0.0,1.0,0.0,0.0
47.4431,73.7586,59.4314,45.6205,66.0,41.7093,33.8592,69.3831,0.0,1.0,1.0,0.0,0.0
63.7723,44.9177,59.202,55.4692,88.0,68.8205,51.862,60.1388,1.0,1.0,1.0,1.0,1.0
98.1268,78.4351,99.6516,87.1925,68.0,97.0422,95.0684,99.6083,1.0,0.0,0.0,0.0,0.0
72.0754,70.7063,25.85,56.0067,39.0,77.1984,84.8851,87.3155,0.0,0.0,0.0,0.0,0.0
51.9299,68.1455,16.2758,96.6374,54.0,29.0751,42.2976,43.6918,0.0,0.0,1.0,0.0,0.0
45.6851,94.5186,75.3443,77.5336,44.0,14.9861,88.3956,44.0505,0.0,1.0,1.0,0.0,0.0
28.5624,61.8498,32.8928,88.8135,89.0,11.9617,76.5954,77.6919,0.0,0.0,1.0,0.0,1.0
0.1119,63.1424,54.6305,65.5521,50.0,65.2379,43.0623,73.9821,1.0,1.0,0.0,1.0,1.0
20.4834,96.0202,38.4213,76.0203,87.0,48.5691,15.1009,57.2096,1.0,1.0,1.0,1.0,1.0
30.9103,31.0084,64.4446,5.8697,91.0,41.9505,47.4759,31.7577,0.0,0.0,0.0,0.0,0.0
27.4202,75.4351,93.8468,77.7312,78.0,1.7392,52.4921,82.8517,1.0,1.0,1.0,1.0,1.0
97.299,32.9471,50.6713,78.1764,65.0,49.7909,59.2467,41.056,0.0,0.0,0.0,0.0,0.0
31.043,2.9285,76.7521,61.4946,61.0,77.5287,83.9837,43.0704,1.0,0.0,0.0,0.0,0.0
57.0931,19.8404,18.0602,0.9741,46.0,57.2201,35.689,59.0116,1.0,1.0,0.0,0.0,0.0
20.9956,38.0778,94.2655,38.5425,66.0,1.2469,6.938,65.202,0.0,0.0,1.0,0.0,0.0
99.7378,48.2234,83.9747,13.872,31.0,97.3252,17.7612,92.8,1.0,0.0,0.0,0.0,0.0
35.1768,56.1186,90.8998,83.9126,79.0,34.07,47.2514,99.0569,1.0,0.0,0.0,1.0,1.0
8.0161,77.2007,91.5869,21.6946,52.0,58.8597,99.0349,25.8486,0.0,0.0,1.0,0.0,0.0
6.8713,74.4438,33.209,52.8228,71.0,53.2695,39.7874,28.2706,1.0,1.0,1.0,1.0,1.0
19.4525,0.1528,29.1507,81.6697,3.0,10.5969,5.3092,26.0695,1.0,0.0,0.0,0.0,0.0
12.8102,53.4602,65.3875,79.3249,11.0,77.0662,91.6102,72.1166,0.0,0.0,1.0,0.0,0.0
28.039,76.0027,32.9763,14.6975,44.0,43.5405,91.9933,7.8288,0.0,1.0,0.0,0.0,0.0
4.3377,92.0319,92.1332,82.6471,13.0,72.8676,10.4935,68.5249,1.0,1.0,1.0,1.0,1.0
27.1178,34.6876,98.2475,6.8901,48.0,13.0037,14.7734,76.5642,1.0,1.0,0.0,0.0,0.0
12.1545,61.8238,32.2585,59.6267,58.0,67.3985,52.5848,48.0632,0.0,0.0,1.0,0.0,0.0
66.1235,6.5052,0.2606,9.1679,34.0,29.8585,78.5318,45.8904,1.0,0.0,0.0,0.0,0.0
27.282,21.6879,15.039,48.4571,92.0,48.8592,55.6993,50.2727,0.0,0.0,0.0,0.0,0.0
68.5523,92.2959,42.7688,14.1259,50.0,85.9278,78.887,13.1202,1.0,1.0,0.0,0.0,0.0
36.199,36.1056,44.1072,74.0462,7.0,6.9894,53.046,93.3958,1.0,1.0,0.0,1.0,0.0
48.2089,45.8464,79.096,74.4562,69.0,97.7815,16.4003,36.1249,0.0,0.0,0.0,0.0,0.0
40.864,46.2307,35.482,87.4204,34.0,40.6389,62.6346,37.958,0.0,1.0,1.0,0.0,0.0
8.6978,99.6409,96.9154,44.0303,79.0,65.6824,90.1579,46.4407,1.0,1.0,1.0,1.0,1.0
18.8831,61.3554,37.1367,37.918,94.0,97.8975,70.8453,74.2475,1.0,0.0,0.0,0.0,0.0
49.87,52.8308,38.9446,5.6772,69.0,76.9794,40.7022,61.9379,0.0,0.0,0.0,0.0,0.0
39.133,38.2559,54.3358,11.2502,53.0,2.9878,99.2257,27.1817,1.0,1.0,0.0,0.0,0.0
27.7593,36.3269,35.7627,17.6457,28.0,47.3137,1.1868,11.0873,1.0,0.0,0.0,0.0,1.0
42.6204,77.2224,74.373,62.3094,97.0,40.3311,71.6063,40.5244,0.0,1.0,1.0,0.0,1.0
70.2267,38.5775,60.6756,86.0748,71.0,15.3784,90.5688,62.9882,0.0,0.0,1.0,0.0,0.0
12.8356,30.8557,51.0871,53.4904,100.0,71.9867,33.1863,27.5369,0.0,0.0,1.0,0.0,0.0
61.3665,2.9272,51.4435,64.4017,73.0,40.7539,8.6597,75.7657,0.0,0.0,0.0,0.0,0.0
13.8974,66.0246,33.0154,78.2144,98.0,63.8312,44.9916,75.2068,0.0,0.0,1.0,0.0,1.0
37.5954,51.0519,13.2819,76.6985,59.0,5.4394,84.0057,18.2582,1.0,1.0,0.0,1.0,1.0
18.5071,94.8033,70.2514,87.9434,91.0,19.4479,1.8958,69.8599,0.0,0.0,1.0,0.0,1.0
60.817,41.7825,37.2726,70.2119,50.0,63.6355,86.6349,88.1871,0.0,1.0,1.0,0.0,0.0
56.5985,76.2473,45.7793,38.7556,11.0,60.6478,8.6463,76.4146,0.0,0.0,1.0,0.0,0.0
41.2136,90.5699,74.6643,95.2369,44.0,11.3293,91.6969,11.1085,1.0,1.0,1.0,1.0,0.0
19.7319,0.6286,90.5866,98.2824,95.0,46.0943,96.7695,61.029,0.0,0.0,0.0,0.0,0.0
1.6039,96.5966,53.4488,93.7586,66.0,47.5726,31.5609,32.73,0.0,1.0,1.0,0.0,0.0
38.3379,62.9759,69.5613,41.8509,44.0,93.2688,86.902,50.899,0.0,0.0,1.0,0.0,0.0
98.4434,62.2967,70.8235,39.8398,39.0,84.761,62.8321,40.7142,1.0,0.0,0.0,0.0,0.0
27.8251,63.8518,99.7172,54.8363,36.0,69.4767,62.2782,21.6513,0.0,0.0,1.0,0.0,0.0
5.4462,19.6221,24.5354,65.7033,54.0,11.9137,36.9566,58.2603,0.0,1.0,1.0,0.0,0.0
6.7402,56.6534,84.315,52.8494,30.0,7.0748,23.6402,14.3108,1.0,1.0,1.0,1.0,1.0
84.5563,21.3286,21.1456,92.4483,56.0,72.5226,76.2197,69.4781,1.0,0.0,0.0,0.0,0.0
35.6289,75.0057,44.5145,14.7833,51.0,20.4934,32.486,54.6514,1.0,1.0,1.0,1.0,1.0
72.4627,57.1346,95.279,53.0655,61.0,46.2798,90.0462,16.141,1.0,1.0,1.0,1.0,0.0
40.0432,87.5314,58.852,90.7331,67.0,70.3422,40.6783,67.1534,1.0,1.0,1.0,1.0,1.0
17.4557,66.0879,47.4019,71.1399,30.0,90.9442,7.4131,22.5747,0.0,0.0,1.0,0.0,0.0
44.481,62.4205,45.8905,75.9098,12.0,46.3361,40.8425,73.8789,1.0,1.0,1.0,1.0,1.0
28.505,90.6952,10.6173,50.0689,7.0,53.0214,2.0726,12.6357,1.0,0.0,0.0,0.0,0.0
4.9572,62.3208,61.1809,47.2413,23.0,28.8022,20.8181,53.0307,0.0,0.0,0.0,0.0,0.0
29.7067,19.4916,51.1457,55.0382,93.0,60.949,67.2863,87.9966,0.0,0.0,1.0,0.0,0.0
62.6489,94.563,40.9901,67.3561,41.0,89.302,63.4158,84.2137,1.0,1.0,0.0,0.0,1.0
71.2594,41.2558,76.669,25.4303,83.0,52.0235,3.1287,81.816,1.0,0.0,1.0,1.0,1.0
12.6211,64.2864,82.9592,26.5669,100.0,83.1226,18.4308,88.1734,1.0,1.0,0.0,1.0,1.0
26.4357,89.2394,44.2706,30.9142,10.0,27.7414,66.3002,49.2767,0.0,1.0,1.0,0.0,0.0
31.1085,21.6964,64.8681,7.5576,1.0,36.111,36.0561,74.6722,0.0,0.0,0.0,0.0,0.0
93.6464,57.03,55.1162,16.418,56.0,75.9575,73.4816,87.5004,0.0,0.0,0.0,0.0,0.0
10.977,52.4899,95.1032,68.1834,39.0,40.3519,53.9471,59.5676,1.0,1.0,1.0,1.0,1.0
79.1356,52.8205,95.03,51.3533,20.0,85.2297,61.1202,38.784,0.0,0.0,1.0,0.0,0.0
57.4709,87.4558,36.081,95.5315,67.0,41.6149,76.2982,21.131,1.0,1.0,0.0,1.0,1.0
2.6423,87.0177,67.9135,70.5118,45.0,35.5032,53.926,14.8918,1.0,1.0,1.0,1.0,1.0
28.0127,7.9993,6.3931,90.4685,11.0,80.3504,43.4558,48.2392,0.0,0.0,0.0,0.0,0.0
60.0301,80.7067,69.2585,23.9278,22.0,19.9622,27.5495,21.3934,1.0,1.0,1.0,1.0,1.0
24.6002,85.0918,76.838,59.6065,82.0,91.1437,6.9162,24.3438,1.0,0.0,1.0,1.0,1.0
84.4612,13.7066,34.8023,88.3447,64.0,75.5739,56.2885,38.9515,0.0,0.0,0.0,0.0,0.0
44.9784,0.7108,14.829,65.9002,3.0,95.1545,59.9758,26.0712,1.0,0.0,0.0,0.0,0.0
23.6511,78.0572,92.8666,99.0736,64.0,20.1588,67.3887,45.2049,1.0,1.0,1.0,1.0,1.0
95.0653,89.7266,57.4138,26.534,41.0,3.165,50.371,38.2276,0.0,0.0,0.0,0.0,0.0
31.4425,9.797,33.8643,29.9701,11.0,60.6454,84.1226,71.6431,0.0,0.0,1.0,0.0,0.0
94.0549,41.5767,3.0439,30.3447,49.0,89.6429,93.2988,38.0434,1.0,0.0,0.0,0.0,0.0
10.7457,40.5721,98.3491,90.8993,34.0,34.3281,75.8773,50.4498,0.0,0.0,1.0,1.0,0.0
53.7943,0.0467,81.5629,94.6356,97.0,30.5864,53.238,12.7418,0.0,0.0,0.0,1.0,0.0
60.4892,63.6338,42.548,98.9809,58.0,74.3555,88.143,86.7388,0.0,0.0,0.0,0.0,0.0
95.9179,97.4111,9.1842,22.3353,6.0,35.2732,93.2107,8.7731,1.0,0.0,0.0,0.0,0.0
13.9388,58.4237,89.5618,38.21,49.0,93.6126,64.6954,56.3684,0.0,0.0,0.0,0.0,0.0
10.8078,40.1267,33.853,95.2989,59.0,0.1888,83.3894,78.0106,0.0,0.0,1.0,0.0,0.0
27.1893,35.536,19.6001,4.9749,22.0,61.8256,42.1731,74.3741,1.0,0.0,0.0,0.0,0.0
68.3535,9.1234,15.3431,82.7347,22.0,69.8322,42.7359,13.7849,1.0,0.0,0.0,0.0,0.0
6.0808,76.0196,84.0302,24.9803,92.0,60.6615,18.9093,93.0199,0.0,0.0,1.0,0.0,0.0
45.6622,84.8053,42.0097,67.6385,86.0,60.9346,23.8036,48.4106,0.0,1.0,1.0,0.0,0.0
20.2795,74.3462,93.0893,83.7225,52.0,80.7676,64.773,72.5247,0.0,1.0,1.0,0.0,0.0
75.2392,50.7623,93.6412,42.5633,50.0,80.5381,79.0664,28.2668,1.0,0.0,1.0,0.0,0.0
24.504,51.0129,93.3524,28.039,47.0,57.9517,23.9611,73.1524,1.0,1.0,1.0,1.0,1.0
19.8085,62.6902,54.1072,41.7007,57.0,41.3078,49.018,61.5731,1.0,1.0,1.0,1.0,1.0
70.7518,43.8765,87.1592,15.617,47.0,10.5976,11.0008,7.464,1.0,1.0,0.0,0.0,0.0
67.1341,94.1696,76.7889,28.4613,100.0,33.7941,96.7359,49.3766,1.0,1.0,1.0,0.0,0.0
2.8743,28.8948,92.3059,90.5057,61.0,11.3737,38.9719,86.4865,0.0,0.0,1.0,1.0,0.0
53.76,47.6721,79.385,93.1282,38.0,7.235,15.811,60.6565,1.0,1.0,0.0,1.0,1.0
52.9759,97.5718,70.2476,79.6211,37.0,89.6558,49.3913,43.7078,0.0,0.0,1.0,0.0,0.0
10.978,81.365,36.2878,93.5691,28.0,20.2366,6.3366,30.5299,1.0,1.0,0.0,1.0,1.0
84.6601,9.1757,8.7968,44.0281,90.0,20.3481,28.0226,4.2049,1.0,0.0,0.0,0.0,0.0
57.3705,40.9285,68.931,48.3296,87.0,14.5293,78.6051,80.1087,0.0,1.0,0.0,0.0,1.0
78.941,89.5693,56.144,12.4531,9.0,2.8593,4.0174,29.5249,0.0,0.0,0.0,0.0,0.0
42.9857,17.0517,11.0502,87.646,63.0,93.1592,1.0496,91.0548,0.0,0.0,0.0,0.0,0.0
82.3856,99.8533,69.4184,26.5985,48.0,13.2548,95.4333,81.9257,0.0,0.0,0.0,0.0,0.0
40.6385,84.3785,88.6885,21.2401,36.0,65.8153,33.4916,58.8137,1.0,1.0,1.0,1.0,1.0
33.1756,45.7218,26.0049,89.9376,24.0,51.3861,69.3089,72.1149,0.0,0.0,1.0,0.0,0.0
69.4216,9.219,33.037,29.1223,57.0,28.5422,19.0347,79.1298,1.0,0.0,0.0,0.0,0.0
39.3577,49.5416,71.046,33.8287,20.0,73.4478,38.2636,69.7964,1.0,1.0,1.0,1.0,1.0
69.4174,75.6661,44.8423,46.4577,56.0,83.4555,14.9741,70.4768,1.0,0.0,0.0,1.0,1.0
1.7803,86.5642,54.0464,8.6038,18.0,32.9817,87.7204,24.7086,0.0,0.0,0.0,0.0,0.0
88.8996,2.0749,89.5157,4.9818,25.0,60.5996,11.211,17.5066,1.0,0.0,0.0,0.0,0.0
91.0292,40.2593,76.1024,53.697,73.0,71.888,5.7671,58.5298,1.0,0.0,0.0,0.0,0.0
53.3336,94.7866,79.4226,68.4481,92.0,90.9833,44.2826,63.6043,0.0,0.0,1.0,0.0,0.0
25.7203,87.77,14.7741,85.0789,100.0,71.382,56.96,23.7565,0.0,0.0,1.0,0.0,0.0
8.0705,55.9599,4.527,2.0888,99.0,48.5927,65.0575,18.9493,1.0,0.0,0.0,0.0,0.0
15.2396,42.951,56.4729,32.2254,51.0,99.4293,31.4507,97.2302,0.0,0.0,0.0,1.0,1.0
66.5568,80.2615,95.1164,78.0235,44.0,7.9224,83.9509,12.0739,1.0,1.0,1.0,1.0,1.0
85.9567,82.2727,66.3026,47.6703,62.0,46.6688,3.9303,94.9501,0.0,0.0,0.0,0.0,0.0
73.717,69.1149,77.3067,7.9901,13.0,1.1776,36.0646,55.4061,0.0,0.0,0.0,0.0,0.0
21.9073,58.9246,63.8167,64.3023,65.0,19.1209,57.8798,85.921,1.0,1.0,0.0,1.0,1.0
59.3645,58.7091,93.5784,94.4823,59.0,15.036,68.6326,54.7504,0.0,1.0,1.0,1.0,0.0
58.4332,55.2169,79.9881,67.1168,4.0,89.3639,65.504,10.7001,0.0,0.0,1.0,0.0,0.0
20.1598,16.9326,9.922,63.5899,67.0,73.5905,18.5751,50.4072,0.0,0.0,0.0,0.0,0.0
36.3822,69.2662,90.0889,64.3446,9.0,66.2364,44.5873,81.8316,0.0,0.0,1.0,0.0,1.0
56.0422,71.3614,54.5244,52.3816,56.0,33.32,3.1339,16.7532,0.0,0.0,1.0,0.0,0.0
97.5747,63.6774,87.7856,42.2784,59.0,53.1653,35.3354,41.5843,0.0,0.0,0.0,0.0,0.0
71.8685,10.5939,11.6689,75.7563,75.0,51.1102,87.5471,41.0501,0.0,0.0,0.0,0.0,0.0
14.4894,42.1912,90.1631,62.1986,24.0,27.7311,4.8393,55.8641,0.0,0.0,1.0,0.0,1.0
23.7351,73.8878,81.7083,33.7754,0.0,81.8016,24.1491,44.299,1.0,0.0,0.0,0.0,0.0
3.5011,99.6455,77.7291,89.7422,32.0,79.9474,91.4568,44.6174,1.0,1.0,0.0,1.0,1.0
6.7694,60.1933,69.2098,40.8283,8.0,22.9034,53.6086,38.8896,0.0,0.0,1.0,0.0,0.0
75.456,9.3052,38.7149,75.736,99.0,70.9141,43.1941,26.9,1.0,0.0,0.0,0.0,0.0
8.2603,37.7426,40.6936,84.1277,66.0,43.1603,48.5549,18.1832,0.0,0.0,1.0,0.0,0.0
90.6947,56.0281,62.991,25.4706,75.0,5.4557,99.2103,46.8094,0.0,0.0,0.0,0.0,0.0
66.7866,59.5807,80.5796,65.159,39.0,83.3086,53.0055,78.7655,0.0,1.0,1.0,0.0,0.0
56.5494,46.3424,32.7469,79.3996,75.0,5.9776,39.6461,42.6477,1.0,1.0,0.0,1.0,1.0
13.8829,78.4159,61.9427,40.8045,33.0,62.2626,40.786,55.8458,0.0,1.0,1.0,0.0,0.0
10.3471,53.6372,49.601,3.3421,48.0,36.8132,33.952,32.3483,1.0,1.0,0.0,0.0,0.0
26.3735,89.5205,43.1667,75.4309,37.0,62.6241,21.1404,25.9128,1.0,1.0,1.0,1.0,1.0
66.3123,42.4147,81.2416,44.7046,40.0,87.5393,52.3683,91.9682,0.0,0.0,0.0,0.0,0.0
35.8209,17.0301,31.114,45.0932,10.0,63.9218,74.5953,8.137,1.0,0.0,1.0,0.0,0.0
9.6116,67.1709,79.0686,18.3792,7.0,46.6133,14.914,50.9529,0.0,0.0,1.0,0.0,0.0
57.9257,46.146,25.6549,37.5742,98.0,92.5057,28.0688,95.2321,0.0,0.0,0.0,0.0,0.0
79.8947,60.3565,56.718,11.8144,26.0,81.9385,36.2029,43.0625,1.0,0.0,0.0,0.0,1.0
57.3608,80.6841,49.4205,37.8889,85.0,6.0203,68.6607,79.7863,1.0,1.0,1.0,1.0,1.0
9.3264,88.5337,74.9518,55.498,100.0,27.2458,50.0504,43.1276,1.0,1.0,1.0,1.0,1.0
3.7028,21.6074,61.3927,61.8133,63.0,86.5771,85.2125,84.2096,1.0,1.0,0.0,0.0,1.0
20.9807,39.8941,18.4296,96.2692,31.0,50.3752,76.8991,76.603,0.0,0.0,1.0,0.0,0.0
68.9315,58.3064,71.239,79.1715,39.0,87.8405,57.0409,36.0459,1.0,0.0,1.0,0.0,0.0
96.5308,29.1163,20.5983,7.6825,99.0,3.5717,75.6976,97.9227,1.0,0.0,0.0,0.0,0.0
51.1215,11.1357,60.2906,36.1007,25.0,73.4205,4.6043,96.7856,1.0,0.0,0.0,0.0,0.0
11.0526,90.8636,22.0024,39.0949,97.0,74.2375,10.4103,46.2202,0.0,0.0,1.0,0.0,0.0
4.1054,80.2044,19.5152,94.021,37.0,64.4836,39.0529,76.5568,0.0,0.0,1.0,0.0,0.0
17.5321,27.5353,85.7706,89.9965,37.0,56.0063,54.2725,67.6167,0.0,1.0,1.0,0.0,0.0
61.1552,49.1612,91.4308,74.2377,33.0,1.7589,19.1984,19.1779,0.0,1.0,1.0,0.0,0.0
2.2443,72.9711,59.5213,60.5399,51.0,67.3487,0.4646,48.8474,1.0,0.0,0.0,1.0,1.0
36.2945,92.6069,25.3991,34.4664,93.0,13.3858,0.324,49.8432,0.0,0.0,1.0,0.0,0.0
78.5475,82.7779,80.2025,62.5423,20.0,25.4214,49.1839,12.4445,1.0,1.0,0.0,0.0,1.0
18.8852,12.4836,17.7631,60.6644,4.0,75.5208,82.5431,85.6076,0.0,0.0,1.0,0.0,0.0
31.0173,7.3816,77.3116,26.9835,14.0,95.5593,69.2446,93.2518,1.0,0.0,0.0,0.0,0.0
21.0435,52.5535,24.8785,16.2649,38.0,25.4188,76.245,61.7046,0.0,1.0,1.0,0.0,0.0
44.8681,98.4565,74.5433,59.9793,67.0,18.7438,74.1376,52.1728,0.0,1.0,1.0,0.0,0.0
28.4765,64.5414,4.8324,18.7406,5.0,36.4121,24.2683,27.0651,1.0,0.0,0.0,0.0,0.0
21.9767,6.2689,55.9065,78.3556,80.0,82.9918,2.362,99.9764,1.0,0.0,0.0,1.0,1.0
14.2615,48.063,55.1162,74.328,40.0,75.0532,70.5761,81.1508,0.0,0.0,1.0,0.0,0.0
27.8303,49.2964,6.2028,8.3376,0.0,46.7544,32.0356,74.2822,1.0,0.0,0.0,1.0,1.0
7.7382,15.2194,97.8737,17.8835,36.0,28.4149,83.4381,72.1411,1.0,1.0,1.0,0.0,1.0
3.9075,83.3758,98.3003,71.143,62.0,24.0512,26.7098,53.2135,0.0,1.0,1.0,1.0,1.0
5.4542,63.0131,49.0582,54.047,87.0,52.1634,77.734,69.3148,0.0,0.0,1.0,0.0,0.0
0.1653,94.6445,4.4326,85.1883,6.0,64.0674,97.7008,20.9076,0.0,0.0,0.0,0.0,0.0
8.1537,72.3794,58.4953,97.7508,74.0,50.6229,14.3125,47.2514,0.0,0.0,1.0,0.0,1.0
54.0148,73.2348,50.9306,90.427,30.0,78.1068,81.8709,68.1389,1.0,1.0,1.0,1.0,1.0
7.1389,71.6889,90.712,97.7637,50.0,77.4012,91.7784,9.3861,0.0,0.0,1.0,0.0,0.0
44.6033,55.5703,77.8238,97.1107,24.0,93.1274,79.3,22.6415,0.0,0.0,1.0,0.0,0.0
69.7031,93.1397,21.7893,88.467,11.0,36.6795,1.9442,26.6672,0.0,0.0,0.0,0.0,0.0
26.6871,73.3337,43.9903,58.7964,40.0,12.4328,79.0434,36.3894,1.0,1.0,1.0,1.0,1.0
26.9573,54.6198,96.945,93.2784,32.0,84.0293,90.3518,69.4821,0.0,0.0,1.0,0.0,0.0
25.5309,30.6696,85.0757,15.6205,9.0,69.0515,70.9011,42.2026,1.0,1.0,0.0,0.0,0.0
47.8857,70.452,52.9176,67.549,58.0,26.4931,35.2953,88.6159,0.0,0.0,0.0,0.0,1.0
64.8931,27.8645,68.7516,53.5321,93.0,22.0349,70.6132,72.2866,0.0,0.0,1.0,0.0,1.0
40.4251,49.4568,11.2449,8.7065,85.0,10.6178,16.0259,11.4328,0.0,0.0,0.0,0.0,0.0
20.224,60.9169,47.0969,58.6941,17.0,6.2502,73.9781,78.6967,0.0,1.0,1.0,0.0,0.0
97.3485,97.2455,78.8411,12.595,29.0,7.045,35.4237,42.9046,1.0,0.0,0.0,0.0,0.0
74.8084,39.2673,90.6565,77.5512,69.0,24.1679,60.3196,42.4382,1.0,1.0,1.0,1.0,1.0
85.7465,14.802,80.9441,75.7931,1.0,42.7227,76.2415,93.8501,0.0,0.0,0.0,0.0,0.0
88.0066,2.1331,68.9143,69.8849,76.0,14.5131,84.0856,68.8259,0.0,0.0,0.0,0.0,0.0
7.8175,13.0872,9.317,0.3232,12.0,51.9026,99.3763,47.035,0.0,0.0,0.0,0.0,0.0
74.0166,19.3888,47.0895,53.7769,14.0,87.6863,85.4151,0.7642,0.0,0.0,0.0,0.0,0.0
78.3597,36.6147,88.5352,95.4292,17.0,85.5554,39.0666,3.9644,0.0,0.0,0.0,0.0,0.0
40.7888,89.8117,71.0894,77.3945,17.0,15.6394,59.0001,49.2353,1.0,1.0,1.0,1.0,1.0
39.1149,75.2759,41.1729,65.679,60.0,96.3934,22.9187,94.7911,1.0,0.0,0.0,0.0,0.0
34.857,0.0615,95.8725,90.171,14.0,41.7917,96.9107,23.032,1.0,0.0,0.0,0.0,0.0
67.8084,82.2039,42.846,20.7186,27.0,91.1538,95.4266,9.7412,0.0,0.0,0.0,0.0,0.0
16.3666,30.8236,65.222,74.5862,85.0,21.6092,90.8633,72.2203,0.0,1.0,1.0,0.0,0.0
28.2711,5.0776,38.4779,4.3808,63.0,40.6945,61.4134,82.9058,0.0,0.0,0.0,0.0,0.0
53.0897,92.4375,92.0801,32.753,27.0,95.0119,70.8084,95.6358,0.0,0.0,1.0,0.0,0.0
23.2745,21.3726,35.5275,30.5931,38.0,40.1475,21.7413,27.923,1.0,1.0,1.0,1.0,1.0
32.8369,9.555,80.7815,90.5569,98.0,22.2506,21.6401,66.5953,0.0,0.0,1.0,0.0,0.0
9.4888,10.2385,35.5356,32.8228,73.0,18.5576,94.0012,7.2394,0.0,0.0,0.0,0.0,0.0
59.7347,79.6501,71.4311,98.0102,50.0,82.1096,22.6333,18.7658,0.0,0.0,1.0,0.0,1.0
62.8917,70.7123,91.3661,23.7559,35.0,85.4744,88.3786,35.0268,0.0,0.0,1.0,0.0,0.0
63.1907,22.7978,25.5243,60.2821,9.0,67.6779,83.1197,28.5862,1.0,0.0,1.0,0.0,0.0
45.3748,13.7803,24.7637,86.5428,36.0,71.5916,40.1762,88.8357,1.0,0.0,0.0,0.0,1.0
19.0896,66.0131,60.9694,80.2354,13.0,42.6432,35.2418,33.4461,0.0,0.0,0.0,0.0,0.0
37.6334,56.9829,11.7532,6.6346,46.0,46.8347,0.292,81.6694,1.0,0.0,0.0,0.0,0.0
83.0588,11.6663,29.6108,43.8968,56.0,43.5814,77.473,56.6031,0.0,0.0,0.0,0.0,0.0
18.887,99.021,3.9489,84.9274,66.0,59.5696,20.9284,7.2353,1.0,0.0,0.0,0.0,0.0
18.6898,34.2205,77.7009,77.2548,54.0,89.6662,70.4472,19.3925,1.0,1.0,1.0,0.0,0.0
32.3705,44.5714,39.662,17.7951,79.0,35.0653,78.6286,39.9256,1.0,1.0,0.0,1.0,0.0
47.2365,36.8746,40.8441,36.2552,59.0,65.0281,83.1618,23.0111,0.0,0.0,1.0,0.0,0.0
9.1724,20.5668,92.695,48.1841,12.0,79.0956,94.8196,45.2305,0.0,0.0,1.0,0.0,0.0
79.4872,65.7981,17.9153,87.405,74.0,25.467,75.3361,56.606,1.0,1.0,0.0,0.0,1.0
34.582,44.9347,61.4815,87.6919,76.0,41.0644,76.6081,38.8062,0.0,1.0,1.0,0.0,1.0
7.7577,13.1046,61.026,42.6991,10.0,76.1504,97.9235,67.31,0.0,0.0,1.0,0.0,0.0
70.3838,43.3276,41.8534,61.3472,73.0,24.4183,72.4842,55.3186,0.0,0.0,0.0,0.0,0.0
59.0541,54.4219,33.4624,69.5564,41.0,53.191,2.5267,20.5088,0.0,0.0,1.0,0.0,0.0
29.7752,34.077,34.2397,39.9195,50.0,28.6505,12.6378,74.6719,0.0,0.0,0.0,0.0,0.0
40.2421,36.109,35.3574,53.362,62.0,29.4722,81.3237,16.1192,0.0,1.0,1.0,0.0,0.0
53.5921,82.0972,74.7946,38.5736,66.0,3.7439,13.0049,83.7988,0.0,0.0,1.0,0.0,0.0
17.4983,11.0821,73.0315,71.0193,6.0,54.6125,72.3921,13.3295,1.0,0.0,0.0,0.0,0.0
8.9336,73.073,40.7022,60.4369,14.0,18.9944,63.2067,63.9403,0.0,0.0,1.0,0.0,0.0
11.7264,0.8948,89.1179,79.9275,83.0,56.414,32.184,19.2159,1.0,0.0,0.0,0.0,0.0
30.6401,53.2419,68.272,94.2973,94.0,20.8388,69.6619,57.1921,0.0,1.0,1.0,0.0,0.0
8.5433,34.463,75.2986,0.397,9.0,32.4429,91.057,35.451,1.0,1.0,0.0,0.0,0.0
67.5025,13.0963,62.3534,99.9248,92.0,73.5692,24.6816,99.1757,0.0,0.0,0.0,0.0,0.0
50.9409,92.2627,88.1627,9.3024,91.0,74.6068,11.4293,43.1628,1.0,1.0,0.0,0.0,1.0
54.7655,16.7086,42.8954,28.8824,55.0,95.3456,1.6738,72.5169,0.0,0.0,0.0,0.0,0.0
42.8873,19.4038,61.1794,40.3185,27.0,25.8346,3.735,48.1651,1.0,1.0,0.0,1.0,1.0
71.126,47.6362,59.5355,90.8363,72.0,61.5051,84.0457,76.572,0.0,1.0,1.0,0.0,0.0
4.2712,50.0694,89.8495,87.9047,81.0,42.3261,30.806,67.242,0.0,0.0,1.0,1.0,0.0
16.6408,96.79,39.3593,41.2444,0.0,67.2376,21.4569,67.0679,0.0,0.0,0.0,0.0,1.0
82.6565,44.3662,68.5904,86.2006,61.0,41.7418,0.5147,29.2595,0.0,0.0,0.0,1.0,0.0
88.7463,20.8246,61.3712,36.0124,55.0,30.2162,92.1932,92.2966,1.0,1.0,0.0,0.0,0.0
37.415,40.7957,99.7917,59.1969,53.0,29.8754,21.8858,1.0215,1.0,1.0,0.0,0.0,0.0
56.7382,64.0953,75.3793,55.1937,32.0,13.0645,67.8126,65.3016,1.0,1.0,0.0,1.0,1.0
37.5731,23.8142,34.1992,46.4151,15.0,10.0875,95.6164,88.7979,0.0,0.0,1.0,0.0,0.0
20.2013,64.239,42.6145,65.2465,76.0,74.2125,48.242,24.8474,1.0,1.0,0.0,1.0,1.0
3.6554,58.61,59.9478,54.5688,26.0,11.0725,82.6895,76.9847,0.0,0.0,1.0,1.0,0.0
10.4162,95.7839,99.7236,68.3783,90.0,92.3837,6.9702,14.6558,0.0,0.0,1.0,0.0,0.0
3.4524,72.9991,59.5329,26.2943,27.0,79.1298,7.2771,49.3725,0.0,0.0,1.0,0.0,0.0
25.9063,14.2709,40.9067,44.849,94.0,20.836,59.1589,21.821,0.0,0.0,1.0,0.0,0.0
38.5555,95.8127,91.4688,75.0344,20.0,0.2037,22.8903,40.8019,1.0,1.0,1.0,1.0,1.0
16.7346,99.1938,57.6498,47.764,73.0,14.685,17.6064,91.1825,0.0,0.0,1.0,0.0,1.0
38.5658,35.5908,93.8561,87.5646,46.0,33.5352,68.6675,14.9699,0.0,0.0,1.0,0.0,0.0
2.1152,67.2332,44.6232,80.8024,69.0,14.8883,9.8008,54.8058,1.0,1.0,1.0,1.0,1.0
93.3464,98.9312,92.7532,10.2959,23.0,55.2977,18.3042,50.341,1.0,0.0,0.0,0.0,0.0
68.4717,46.6781,65.2842,85.3604,100.0,88.2592,34.6857,43.5773,1.0,0.0,0.0,1.0,1.0
35.5547,69.9829,76.0373,74.3474,26.0,77.7945,0.2519,74.387,0.0,0.0,1.0,0.0,1.0
66.9279,13.3324,74.4173,4.257,20.0,83.1041,82.4493,30.4353,0.0,0.0,0.0,0.0,0.0
16.2494,72.8453,61.6416,87.8197,85.0,75.7325,25.8867,58.7798,0.0,0.0,1.0,0.0,0.0
75.7965,76.4706,43.5168,96.2158,34.0,86.5642,48.6476,24.4226,1.0,0.0,1.0,1.0,1.0
60.5182,59.955,76.9433,49.8902,62.0,50.8647,32.2702,40.0436,0.0,0.0,1.0,0.0,0.0
23.4636,71.7962,68.7187,1.162,99.0,66.9672,84.518,83.9507,0.0,0.0,0.0,0.0,0.0
10.5826,50.4031,65.6283,96.6403,16.0,74.5235,82.847,27.8039,0.0,1.0,1.0,0.0,0.0
59.132,63.2382,52.2335,46.0403,18.0,21.5038,32.026,47.8408,0.0,0.0,1.0,0.0,0.0
68.9652,49.8311,26.4056,9.0087,83.0,28.5532,84.453,27.7944,1.0,1.0,0.0,0.0,0.0
42.5821,99.5404,4.9971,77.1949,86.0,71.6128,91.0519,36.651,0.0,0.0,0.0,0.0,0.0
81.2427,71.2133,88.7188,26.8899,24.0,26.8939,95.6846,99.4341,0.0,0.0,0.0,0.0,0.0
85.4005,54.4713,49.8904,51.257,72.0,4.1908,53.9459,7.5009,0.0,0.0,0.0,0.0,0.0
74.7834,33.071,74.9432,80.7712,99.0,6.1196,25.3864,67.5821,1.0,1.0,0.0,1.0,1.0
43.4441,5.8343,60.1588,6.8417,47.0,68.0155,55.4269,37.1079,1.0,0.0,0.0,0.0,0.0
39.2508,84.8323,82.1037,56.3843,14.0,50.0063,47.7814,67.5628,1.0,1.0,0.0,0.0,1.0
29.1795,59.2496,12.939,5.9433,42.0,69.6614,97.3506,57.2648,1.0,1.0,0.0,0.0,0.0
23.1719,21.8659,42.6696,64.1733,86.0,66.3217,32.2754,33.5325,0.0,0.0,1.0,0.0,0.0
25.2395,72.6804,88.7241,39.4299,55.0,40.9085,78.125,81.4201,1.0,1.0,0.0,1.0,1.0
13.8001,80.3351,66.5059,39.3324,14.0,21.5831,0.0929,43.1347,0.0,0.0,1.0,0.0,1.0
85.207,26.8568,37.6451,49.2231,61.0,20.3078,59.9357,16.2285,1.0,1.0,0.0,0.0,1.0
52.0637,0.2888,93.0062,35.0542,67.0,48.0918,83.8878,81.5082,0.0,0.0,0.0,0.0,1.0
50.761,97.6308,28.7562,76.0788,8.0,14.339,10.8087,75.1471,1.0,1.0,0.0,0.0,0.0
37.5044,89.5711,49.2818,46.0583,57.0,50.2995,21.4333,76.6195,0.0,1.0,1.0,0.0,1.0
63.4358,52.8193,48.594,43.2349,70.0,16.4163,46.4928,89.4698,0.0,0.0,1.0,0.0,0.0
43.9607,81.9066,83.3107,64.7313,60.0,72.7504,33.3235,80.1465,1.0,1.0,1.0,1.0,1.0
21.9411,94.9863,51.0615,52.5288,39.0,45.5149,3.0894,59.0514,1.0,0.0,1.0,1.0,1.0
42.2551,55.6368,89.6684,39.5719,93.0,76.092,75.753,67.699,1.0,1.0,1.0,1.0,1.0
72.3328,89.4463,85.3236,70.2253,1.0,44.3193,33.1607,42.743,0.0,0.0,0.0,0.0,0.0
80.5048,90.6616,51.6292,72.2528,82.0,68.2608,78.7124,35.5615,0.0,0.0,0.0,0.0,0.0
62.3944,74.8196,51.2081,99.8843,4.0,64.5708,6.7573,87.4961,0.0,0.0,0.0,0.0,0.0
88.9862,77.3726,33.4939,66.768,6.0,67.5403,94.5531,59.5765,0.0,0.0,0.0,0.0,0.0
23.3338,57.556,26.7315,93.7995,74.0,6.5412,90.5499,45.8668,0.0,1.0,1.0,0.0,0.0
68.3233,22.5223,73.8218,21.0551,63.0,77.0055,79.7614,67.8982,1.0,1.0,0.0,0.0,1.0
90.4179,25.0,57.4497,54.5675,36.0,60.208,48.4321,36.4271,1.0,0.0,0.0,0.0,0.0
55.2686,56.7881,1.7508,58.7636,63.0,29.1575,36.8691,91.464,0.0,0.0,0.0,0.0,0.0
77.7164,63.1741,79.6741,51.8574,32.0,53.5074,35.2555,64.5116,0.0,0.0,1.0,0.0,0.0
19.6596,80.5945,54.0702,30.6331,29.0,46.6866,26.071,76.0536,0.0,1.0,1.0,0.0,0.0
4.4942,73.8541,45.3971,11.5913,26.0,17.4864,24.0611,79.1389,1.0,1.0,1.0,0.0,1.0
48.5329,75.0281,16.8808,64.1069,46.0,19.0525,29.7984,69.6256,0.0,0.0,1.0,0.0,0.0
4.2828,61.7371,42.1532,41.5372,24.0,31.6914,73.8835,51.3089,0.0,0.0,1.0,0.0,0.0
24.4459,21.2885,43.308,73.6404,71.0,32.8629,64.7362,4.461,0.0,0.0,1.0,0.0,0.0
24.0355,54.4559,17.9966,39.6145,34.0,18.4371,24.0272,80.1172,0.0,0.0,1.0,0.0,0.0
62.7506,95.3981,19.7604,61.3097,56.0,56.7386,18.5894,11.0962,1.0,1.0,1.0,1.0,1.0
59.298,82.1447,18.1884,96.256,79.0,63.7228,77.078,61.0717,0.0,1.0,0.0,0.0,0.0
57.6801,23.8847,69.7342,24.1741,14.0,34.0691,20.563,92.8369,1.0,0.0,0.0,0.0,0.0
27.9487,62.8894,67.0625,48.4644,71.0,67.5518,32.5708,79.6143,0.0,1.0,1.0,0.0,0.0
1.2047,27.1334,97.2589,23.4926,72.0,76.0679,42.0523,88.4915,0.0,0.0,1.0,0.0,0.0
89.3205,25.3542,83.3666,38.0854,87.0,86.9243,32.1079,74.9575,0.0,0.0,0.0,0.0,0.0
12.6774,78.8113,92.1369,93.5212,67.0,90.9117,28.5865,32.477,0.0,0.0,1.0,0.0,1.0
88.7435,65.8948,73.2504,66.9491,73.0,76.2278,92.1853,85.2891,1.0,1.0,0.0,0.0,0.0
43.723,36.7691,5.9727,95.28,41.0,22.3859,36.3779,72.5379,0.0,0.0,0.0,0.0,0.0
71.6711,28.3917,50.7551,79.8751,12.0,55.7117,43.6453,80.8915,1.0,1.0,0.0,0.0,0.0
1.4427,70.7103,20.614,88.6996,93.0,50.3263,42.1159,45.3246,0.0,0.0,1.0,0.0,0.0
40.296,70.4039,10.0471,76.0932,54.0,77.2532,57.8365,25.0153,0.0,0.0,0.0,0.0,0.0
57.9641,72.5925,47.5537,36.9578,15.0,28.7625,71.6439,54.5557,0.0,1.0,1.0,0.0,0.0
57.7096,8.4342,97.3372,21.4554,99.0,44.2608,37.6229,85.7139,0.0,0.0,0.0,0.0,0.0
59.0075,75.8521,40.0912,51.0038,78.0,69.9929,36.9177,67.1154,1.0,1.0,1.0,0.0,1.0
29.5188,57.9792,77.3687,62.5482,97.0,19.9129,56.4351,38.892,0.0,1.0,1.0,0.0,0.0
35.5429,54.6547,86.3922,21.2619,85.0,40.4522,19.2407,24.1679,0.0,1.0,1.0,0.0,0.0
84.2368,70.3553,42.5995,38.3167,98.0,33.957,8.7307,28.6556,0.0,0.0,0.0,0.0,0.0
0.5748,37.8792,45.7974,82.633,33.0,15.7477,45.139,36.3111,0.0,1.0,1.0,0.0,1.0
4.8296,48.0656,84.4635,50.0697,12.0,2.1508,99.9959,77.1929,0.0,1.0,1.0,0.0,0.0
57.2011,41.0878,15.3203,62.2943,54.0,8.9519,38.7237,15.0977,0.0,1.0,0.0,0.0,0.0
6.7169,41.9145,49.2387,83.2761,22.0,65.9097,81.3624,32.0565,0.0,1.0,1.0,0.0,0.0
91.573,34.2348,97.0904,86.4467,43.0,98.4294,76.3577,52.802,0.0,0.0,0.0,0.0,0.0
49.7372,29.2465,43.7927,13.8364,64.0,2.6425,58.1683,91.3807,0.0,0.0,0.0,0.0,0.0
9.9271,3.3385,89.3898,75.1791,74.0,91.511,21.434,5.0753,1.0,0.0,0.0,0.0,0.0
8.6267,86.265,2.8015,75.7771,4.0,5.8103,90.0012,95.0085,1.0,0.0,0.0,0.0,0.0
71.7966,86.0639,31.3783,58.8598,31.0,82.2509,80.2067,0.6643,1.0,1.0,0.0,0.0,0.0
2.6297,80.4568,50.7847,89.0616,100.0,24.0644,93.9749,49.5718,0.0,1.0,1.0,0.0,0.0
24.0734,13.8167,50.2889,96.7133,38.0,21.0826,44.9968,58.9592,0.0,0.0,1.0,0.0,0.0
50.5367,36.3705,99.3705,96.057,79.0,12.5154,39.7037,87.5334,0.0,0.0,1.0,1.0,0.0
17.887,81.4438,54.657,84.4651,80.0,83.8479,65.3084,57.8542,1.0,1.0,0.0,1.0,1.0
56.1419,85.6261,46.3952,5.7008,8.0,38.8649,93.3015,10.6299,1.0,1.0,0.0,0.0,0.0
10.1414,78.7353,40.0991,95.8326,15.0,11.7325,23.2178,18.3956,0.0,1.0,1.0,0.0,0.0
43.7777,91.8953,43.0068,65.9735,72.0,72.7792,86.5041,32.856,0.0,1.0,1.0,0.0,0.0
13.7815,24.8594,57.0733,73.2601,95.0,5.5985,70.2834,41.2296,0.0,1.0,1.0,0.0,0.0
9.0361,18.0162,62.5954,62.4771,76.0,70.5806,75.7702,54.7193,0.0,0.0,1.0,0.0,0.0
32.4718,90.9698,67.6021,30.5947,43.0,42.3084,96.8573,65.9161,0.0,0.0,1.0,0.0,0.0
48.3899,71.1965,2.5664,55.5692,5.0,78.0273,24.8772,72.195,0.0,0.0,0.0,0.0,0.0
13.0415,58.7414,80.7877,49.754,46.0,8.9338,67.2262,43.7006,0.0,1.0,1.0,0.0,0.0
35.7,38.0663,48.619,85.2852,30.0,22.5772,90.3903,81.5696,0.0,1.0,1.0,0.0,0.0
83.6862,47.0534,86.7258,17.7496,85.0,4.765,52.5604,16.7249,0.0,0.0,0.0,0.0,0.0
40.0568,83.6204,43.9284,62.7796,10.0,16.3447,89.9493,91.1656,1.0,0.0,0.0,0.0,0.0
40.2146,99.8862,37.1745,89.9885,29.0,48.7647,49.0729,32.8998,0.0,0.0,1.0,0.0,0.0
28.9846,69.7465,77.0106,89.8219,50.0,77.3283,68.7608,39.3364,0.0,1.0,1.0,0.0,0.0
17.1758,0.4939,71.4106,81.3137,41.0,16.2426,96.0676,32.3835,1.0,0.0,0.0,0.0,0.0
19.0055,97.6415,84.16,99.121,21.0,71.2463,85.5755,42.6249,1.0,1.0,1.0,1.0,1.0
33.9327,67.37,39.9577,49.4982,99.0,30.7574,86.0922,27.8939,0.0,1.0,1.0,0.0,0.0
99.1694,54.221,71.0663,64.0863,44.0,86.5488,20.0696,53.8303,0.0,0.0,0.0,0.0,0.0
22.8284,80.2303,32.953,90.5866,69.0,27.9051,90.533,0.7996,1.0,1.0,0.0,0.0,0.0
43.8006,89.9898,12.1667,42.2667,50.0,38.1742,17.915,77.4676,0.0,0.0,1.0,0.0,0.0
60.5996,82.0971,34.8125,87.9633,65.0,82.6515,92.4205,85.6103,1.0,1.0,0.0,0.0,1.0
2.0321,59.8737,35.835,82.0726,10.0,90.8642,13.3269,65.5794,0.0,0.0,0.0,0.0,0.0
27.1547,65.8462,20.2939,55.1207,25.0,99.0637,39.1497,88.8505,1.0,0.0,0.0,0.0,0.0
40.5527,43.5016,49.5145,66.0719,73.0,62.4673,29.3862,31.359,1.0,1.0,1.0,1.0,1.0
79.5789,57.187,81.3753,24.807,75.0,37.5206,62.8665,19.2842,0.0,0.0,0.0,0.0,0.0
14.8216,54.5155,40.9811,84.4486,84.0,11.3936,38.2745,17.3063,0.0,1.0,1.0,0.0,0.0
84.9534,11.7404,65.7769,61.2982,93.0,93.1578,75.0017,37.0019,1.0,0.0,0.0,0.0,0.0
78.1982,93.8454,30.3653,65.247,22.0,5.3067,39.607,37.8702,0.0,1.0,1.0,0.0,0.0
54.3964,90.5068,90.9733,75.5323,64.0,1.2173,7.0297,71.1402,0.0,1.0,1.0,0.0,0.0
9.2282,76.7913,81.1094,64.4413,43.0,28.5559,94.0845,15.946,0.0,1.0,1.0,0.0,0.0
50.6085,88.6494,87.4499,62.4161,68.0,36.4237,44.8908,81.4175,1.0,1.0,1.0,1.0,1.0
96.2796,18.7843,7.5278,55.3609,75.0,74.4669,1.3267,97.511,0.0,0.0,0.0,0.0,0.0
63.4176,30.2702,38.118,23.9168,26.0,41.0635,16.8701,61.8388,1.0,1.0,1.0,0.0,0.0
28.5556,64.8693,52.607,52.9666,25.0,46.4939,71.4077,50.6872,0.0,0.0,1.0,0.0,0.0
25.751,41.928,27.3256,79.9348,75.0,63.0363,27.7944,44.2624,1.0,1.0,0.0,1.0,1.0
16.525,96.0085,43.8609,70.0371,35.0,15.5458,16.538,27.7178,0.0,1.0,1.0,0.0,0.0
60.8604,89.8844,74.5602,99.6504,46.0,47.0072,72.1758,12.7264,1.0,1.0,0.0,1.0,1.0
28.1199,49.7925,97.4537,54.9801,49.0,75.4606,71.0131,77.2013,0.0,0.0,1.0,1.0,1.0
54.9382,37.237,48.1536,86.3152,87.0,83.0086,59.6956,2.8699,0.0,0.0,0.0,0.0,0.0
19.3924,60.4423,42.9754,73.5516,74.0,66.3274,64.5859,53.5468,0.0,0.0,1.0,0.0,0.0
55.5787,80.5651,80.06,81.9674,57.0,37.3827,57.8337,11.9939,1.0,1.0,0.0,0.0,1.0
51.8044,30.9511,55.4117,51.041,71.0,66.1169,54.2737,71.4459,0.0,0.0,1.0,0.0,0.0
46.0635,34.956,20.7741,57.9389,80.0,53.5993,57.4265,38.1153,0.0,0.0,1.0,0.0,1.0
73.0915,92.3062,44.5462,88.1663,7.0,64.9381,78.2356,7.6795,1.0,1.0,1.0,0.0,0.0
42.8576,46.496,90.6397,80.7308,73.0,78.5453,78.4516,63.7495,0.0,0.0,1.0,0.0,0.0
49.9531,65.284,32.6412,67.9344,69.0,33.8093,51.72,47.7644,1.0,1.0,1.0,1.0,1.0
27.0181,1.8912,78.1664,32.7222,29.0,1.3,60.9738,14.6165,1.0,0.0,0.0,0.0,0.0
94.0945,10.6881,19.8486,26.5257,31.0,4.1167,91.2796,5.386,1.0,0.0,0.0,0.0,0.0
9.7971,51.2441,53.6726,51.4286,72.0,55.4977,97.4894,38.9326,0.0,1.0,1.0,0.0,0.0
80.5852,98.3996,64.1276,1.0351,43.0,56.3351,24.4164,41.2232,1.0,1.0,0.0,0.0,0.0
6.6573,54.8488,92.7587,74.8077,69.0,44.9819,80.2945,25.5146,0.0,0.0,1.0,0.0,0.0
53.3184,40.8575,86.2503,77.1239,24.0,73.9574,94.0247,11.0536,0.0,0.0,1.0,0.0,0.0
80.3788,10.4075,81.6835,74.3386,40.0,60.3375,90.593,33.3579,0.0,0.0,0.0,0.0,0.0
14.7609,75.598,36.2774,47.7379,19.0,88.5859,0.3626,63.3718,0.0,0.0,1.0,1.0,1.0
40.2896,73.2135,66.6311,54.1046,30.0,97.8129,19.7783,84.3139,0.0,0.0,0.0,0.0,0.0
47.7932,25.2204,71.3966,55.4796,53.0,51.4725,33.7165,47.1968,0.0,1.0,1.0,0.0,0.0
18.3055,50.7762,31.4406,71.0357,34.0,58.4082,84.8343,64.0382,0.0,1.0,1.0,0.0,0.0
98.7599,15.6517,13.4931,8.061,16.0,95.3864,38.7281,96.3209,1.0,0.0,0.0,0.0,0.0
83.3645,12.8723,96.2593,85.819,70.0,27.0388,30.2867,8.1157,0.0,0.0,0.0,0.0,0.0
48.9888,96.9891,22.9634,78.491,78.0,30.3799,6.9903,75.454,1.0,1.0,0.0,1.0,1.0
21.7289,26.2606,50.8713,33.6711,62.0,56.1701,59.5806,38.594,1.0,1.0,1.0,1.0,1.0
87.581,85.2882,16.9964,72.6794,36.0,13.6821,40.653,65.5648,1.0,0.0,0.0,0.0,1.0
64.7323,55.978,76.7201,74.3645,7.0,87.3123,39.6582,51.7999,0.0,0.0,0.0,0.0,0.0
9.1589,89.3361,48.6796,74.3419,90.0,49.0187,94.1762,13.4471,0.0,0.0,1.0,0.0,0.0
3.1241,92.6936,71.6285,57.9166,15.0,9.7367,70.0771,10.8277,0.0,1.0,1.0,0.0,0.0
59.0245,81.0988,5.3969,17.652,40.0,4.8074,23.804,1.0303,1.0,0.0,0.0,0.0,0.0
62.2185,52.277,77.2864,64.0438,61.0,65.0698,81.3904,87.5301,1.0,1.0,0.0,1.0,1.0
34.8794,37.2546,78.1107,92.8037,18.0,52.307,96.5998,28.6426,0.0,0.0,1.0,0.0,0.0
12.8695,65.8293,50.4934,94.2169,68.0,70.4411,77.578,61.4858,1.0,1.0,1.0,1.0,1.0
42.3664,17.1119,41.1472,72.8224,50.0,1.9838,84.4979,49.6785,0.0,0.0,1.0,0.0,0.0
71.0323,85.3197,24.8878,61.6947,89.0,64.7854,50.4512,88.6261,1.0,1.0,0.0,1.0,1.0
70.0767,67.4597,87.7418,32.8053,81.0,79.5206,81.3396,21.1854,1.0,1.0,0.0,0.0,1.0
13.7785,33.0992,66.6856,60.8829,47.0,7.3589,38.1993,79.4147,0.0,0.0,1.0,0.0,0.0
16.4667,26.1796,97.1814,39.0085,64.0,2.7289,48.0779,32.9972,1.0,1.0,1.0,1.0,1.0
20.5362,44.9297,89.0506,3.7767,77.0,42.0008,54.2955,32.8418,0.0,1.0,0.0,0.0,0.0
71.6419,3.4949,42.0977,29.0336,55.0,43.4749,79.7214,79.1682,0.0,0.0,0.0,0.0,0.0
82.8151,55.0971,99.2995,2.1769,5.0,25.5904,97.9219,84.8861,0.0,0.0,0.0,0.0,0.0
24.6323,0.2736,66.1641,20.0047,36.0,82.4398,68.9389,71.0823,1.0,0.0,0.0,0.0,0.0
50.0628,42.1688,50.0333,89.4664,39.0,78.8199,75.5459,39.4501,0.0,0.0,0.0,0.0,0.0
24.6033,79.3177,21.692,82.5917,8.0,33.6595,64.6191,64.6812,0.0,0.0,1.0,0.0,0.0
43.9895,57.1771,79.9177,24.71,19.0,57.5918,93.5316,36.1388,1.0,1.0,0.0,0.0,0.0
86.7262,26.1304,85.1945,36.7647,80.0,59.9858,98.4818,90.3776,0.0,0.0,0.0,0.0,0.0
38.9876,71.9234,42.9251,92.2791,25.0,3.4076,15.5169,3.9917,1.0,1.0,0.0,0.0,0.0
89.5949,29.836,93.7076,75.0436,87.0,47.0481,76.3142,2.2141,0.0,0.0,0.0,0.0,0.0
39.1762,32.6974,51.0503,31.7136,76.0,4.4457,92.4376,35.7825,0.0,1.0,1.0,0.0,0.0
51.5878,50.7895,13.3822,20.2017,66.0,58.0832,26.4137,64.5075,1.0,1.0,0.0,0.0,0.0
10.636,58.6044,75.7589,40.9473,21.0,62.4111,91.8312,3.8224,0.0,0.0,0.0,0.0,0.0
20.3914,47.7636,66.519,69.1616,46.0,69.1057,53.6085,56.5913,0.0,1.0,1.0,0.0,0.0
62.6436,51.2672,6.2901,13.2442,85.0,64.9629,98.2462,61.4362,0.0,0.0,0.0,0.0,0.0
61.7702,87.2211,96.2152,63.042,35.0,28.6881,98.3519,26.0058,0.0,0.0,1.0,0.0,0.0
4.9959,75.212,58.2082,82.6132,22.0,42.3508,91.6445,77.4878,0.0,1.0,1.0,0.0,0.0
1.7232,81.5347,68.669,93.8074,9.0,44.8834,90.2205,39.122,0.0,0.0,1.0,0.0,0.0
77.5881,2.394,75.5963,76.772,35.0,42.5282,40.1364,72.0339,1.0,0.0,0.0,0.0,0.0
52.7459,21.1832,15.3355,64.6744,54.0,83.4433,1.6231,40.7013,1.0,0.0,0.0,0.0,1.0
25.0352,79.8322,30.0807,69.233,89.0,28.116,22.7186,87.7347,1.0,1.0,0.0,1.0,1.0
86.5593,86.3998,13.8175,6.493,75.0,97.8815,13.2429,73.4585,1.0,0.0,0.0,0.0,0.0
44.0907,42.9451,14.06,84.941,3.0,54.7375,97.5472,48.2262,1.0,0.0,0.0,0.0,0.0
2.412,30.0779,38.7145,82.5597,25.0,62.98,69.2379,19.2532,0.0,0.0,1.0,0.0,0.0
46.9518,59.4329,73.2924,86.4789,39.0,75.8396,4.861,29.6172,1.0,0.0,1.0,1.0,1.0
65.8051,0.714,25.5771,96.1746,100.0,43.0333,63.7917,81.3713,1.0,0.0,0.0,0.0,0.0
8.3899,0.0283,45.9197,81.2515,35.0,15.1509,5.599,25.7515,0.0,0.0,0.0,0.0,0.0
30.7169,96.8514,77.6966,47.2792,70.0,87.6854,47.439,60.2679,1.0,1.0,0.0,1.0,1.0
32.0088,87.994,58.24,21.2318,8.0,44.7651,54.9801,8.6934,0.0,0.0,0.0,0.0,0.0
16.6798,97.212,22.0,43.5771,29.0,73.2554,99.7766,85.8614,0.0,0.0,1.0,0.0,0.0
43.4964,99.2309,65.1258,50.6485,34.0,67.5614,76.5348,31.3524,1.0,1.0,0.0,1.0,1.0
23.5043,77.5056,98.3238,83.2438,28.0,40.4344,47.028,12.6021,0.0,1.0,1.0,0.0,1.0
38.1207,85.4665,19.9054,15.7528,11.0,16.3922,32.7779,96.3194,1.0,0.0,0.0,1.0,1.0
23.9211,59.09,93.4328,86.7968,84.0,33.8855,99.4061,41.3254,1.0,1.0,0.0,0.0,0.0
53.708,34.0278,40.1987,72.4949,61.0,41.8646,8.9848,69.7216,1.0,1.0,1.0,1.0,1.0
47.499,40.2367,43.0376,79.1076,89.0,33.0412,34.7144,25.7639,0.0,0.0,1.0,0.0,1.0
49.9134,89.1673,43.141,57.901,39.0,60.6552,41.1918,23.2893,0.0,1.0,1.0,0.0,0.0
58.3064,48.1329,79.2572,41.1239,82.0,63.466,92.3793,63.5465,1.0,1.0,1.0,1.0,1.0
95.6048,8.0704,70.7895,21.0369,52.0,56.2447,82.5316,34.0995,0.0,0.0,0.0,0.0,0.0
96.1451,50.5098,66.1629,4.2264,37.0,41.5859,59.9566,40.7163,1.0,0.0,0.0,0.0,0.0
54.596,0.1595,15.2539,68.2468,82.0,26.4569,87.9516,26.5781,1.0,0.0,0.0,0.0,0.0
28.8347,56.0245,15.9143,47.8982,56.0,48.0535,51.7394,55.6112,0.0,0.0,0.0,0.0,0.0
49.4631,4.3971,6.9324,60.331,59.0,57.8793,1.4415,82.1375,1.0,0.0,0.0,0.0,0.0
3.961,12.1017,98.2495,70.0263,83.0,9.5928,94.2363,83.15,0.0,0.0,0.0,0.0,0.0
4.2852,35.3858,22.2058,31.4198,57.0,17.0786,65.3572,7.8495,1.0,1.0,0.0,0.0,0.0
49.3762,16.8045,65.0911,11.6577,27.0,81.9962,14.0605,70.6085,0.0,0.0,0.0,0.0,0.0
50.0223,79.6838,61.195,39.6957,44.0,34.7616,45.4871,95.8937,1.0,1.0,1.0,1.0,1.0
20.5815,73.7872,84.2135,32.5931,92.0,42.0311,10.9103,58.3086,0.0,1.0,1.0,0.0,1.0
6.1712,87.4638,40.6217,51.8938,35.0,38.3855,75.661,32.5896,1.0,1.0,1.0,1.0,1.0
24.8164,37.5157,21.4515,79.7579,94.0,41.1495,7.9796,79.1935,0.0,0.0,1.0,0.0,1.0
36.8511,34.8028,94.9679,82.5648,61.0,69.8502,67.7998,24.9461,0.0,1.0,1.0,0.0,0.0
25.3066,62.4119,63.6524,4.7142,16.0,49.512,42.0992,35.323,1.0,1.0,0.0,0.0,0.0
20.9923,53.595,86.7637,65.0238,50.0,58.3057,65.4966,47.7399,0.0,0.0,1.0,0.0,0.0
44.0447,56.4088,67.986,60.5858,30.0,38.9031,60.0975,22.8771,1.0,1.0,1.0,1.0,1.0
48.7016,53.7516,70.1491,50.5571,100.0,27.726,37.1765,73.7131,0.0,0.0,1.0,0.0,0.0
29.6688,38.5795,79.5745,88.6709,16.0,8.8216,18.8848,79.5735,0.0,1.0,1.0,0.0,0.0
67.4046,81.4781,34.5192,42.2342,99.0,31.7057,23.6017,42.7759,0.0,1.0,1.0,0.0,1.0
15.9157,63.947,58.3951,29.3996,74.0,66.2594,92.3812,73.4145,1.0,1.0,0.0,0.0,0.0
50.2275,94.0243,67.9158,76.3968,68.0,38.2376,41.2841,25.7679,1.0,1.0,0.0,1.0,1.0
26.3983,96.04,93.2393,97.3195,5.0,32.6305,95.6426,64.1163,0.0,0.0,1.0,0.0,0.0
26.1198,53.3063,58.0996,25.2104,30.0,49.9605,49.5547,35.6772,1.0,1.0,1.0,1.0,1.0
4.4016,37.6662,35.0262,83.265,30.0,24.0658,78.8299,56.5761,0.0,1.0,1.0,0.0,0.0
37.2173,50.945,74.0859,91.2108,99.0,47.3598,4.2531,46.6027,0.0,0.0,1.0,0.0,1.0
64.0443,45.847,43.518,12.0384,83.0,25.2279,60.9477,22.8971,1.0,1.0,0.0,1.0,1.0
53.4084,31.7036,83.8385,85.8439,85.0,14.7581,96.1611,91.2548,1.0,1.0,0.0,0.0,0.0
27.4237,31.8555,66.4129,4.3076,34.0,48.284,21.2852,21.9939,1.0,1.0,0.0,0.0,0.0
8.1939,26.9864,68.5385,38.7627,98.0,12.1419,21.3645,41.0263,0.0,1.0,1.0,0.0,0.0
40.1879,5.582,19.2296,63.536,89.0,58.6333,16.9698,40.2955,0.0,0.0,0.0,0.0,0.0
25.3652,37.4614,5.4839,84.6801,72.0,41.9586,89.1217,18.8348,1.0,0.0,0.0,0.0,0.0
57.8696,21.0157,78.1979,32.8536,35.0,90.1077,89.8775,20.2419,1.0,0.0,0.0,0.0,0.0
32.2803,20.3451,19.7817,11.2155,56.0,19.8561,92.9561,3.898,1.0,1.0,0.0,0.0,0.0
68.2166,9.3829,20.0833,27.3772,34.0,67.7653,67.6756,33.7736,1.0,0.0,0.0,0.0,0.0
25.2267,89.0168,26.2299,37.692,17.0,57.8775,64.108,31.8068,1.0,1.0,0.0,1.0,1.0
32.6048,50.5212,66.7977,41.5644,87.0,88.9731,85.8382,59.0708,0.0,1.0,1.0,0.0,0.0
11.1473,62.6577,59.1179,98.1129,88.0,3.5782,10.9024,21.2412,0.0,1.0,1.0,0.0,0.0
3.365,29.0331,89.1463,95.42,59.0,66.5852,94.483,61.0055,0.0,1.0,0.0,0.0,0.0
31.8554,55.9193,22.9488,97.71,66.0,51.7425,1.189,79.3778,0.0,0.0,1.0,1.0,0.0
74.8862,4.2662,36.3544,90.6546,41.0,46.4207,33.7684,38.748,0.0,0.0,0.0,0.0,0.0
74.2608,25.9864,78.689,41.457,39.0,67.4172,25.222,30.627,0.0,0.0,0.0,0.0,0.0
56.4672,52.6297,45.4867,87.8229,82.0,34.6563,0.3939,38.4261,1.0,0.0,1.0,1.0,1.0
41.014,9.713,39.1809,10.4152,35.0,91.2398,24.7976,80.3517,0.0,0.0,0.0,0.0,0.0
45.3765,63.567,44.7951,51.6626,24.0,70.2183,51.7365,74.1184,0.0,0.0,1.0,0.0,0.0
92.7366,71.4026,93.1775,36.3299,30.0,96.1912,21.4385,8.3475,0.0,0.0,0.0,0.0,0.0
77.9988,67.218,40.8322,93.6219,50.0,8.7902,13.386,17.3192,0.0,0.0,1.0,0.0,1.0
2.3897,40.4671,86.0777,49.8809,60.0,39.8776,20.9051,4.2535,1.0,1.0,0.0,0.0,0.0
15.43,33.6483,68.8431,71.7779,63.0,30.6568,18.0586,35.9652,0.0,0.0,1.0,0.0,1.0
54.0165,7.2049,89.2551,28.8081,87.0,32.3095,92.0191,14.6727,0.0,0.0,1.0,0.0,0.0
25.9005,40.2472,50.1657,65.2765,23.0,85.8029,90.2577,92.6515,0.0,0.0,1.0,0.0,0.0
76.9582,28.0264,54.7081,45.4453,35.0,41.0293,94.2504,4.0477,0.0,0.0,0.0,0.0,0.0
53.065,69.9805,16.8182,46.5492,28.0,57.1047,41.2797,36.6578,1.0,1.0,0.0,1.0,0.0
43.7433,17.0311,23.8723,1.2855,94.0,61.4039,52.2203,27.313,1.0,1.0,0.0,0.0,0.0
74.2602,15.4915,56.789,67.9247,72.0,97.1543,88.0006,28.0001,1.0,0.0,0.0,0.0,0.0
23.1769,63.1753,7.6995,85.6001,66.0,98.5389,95.3629,8.8216,0.0,0.0,0.0,0.0,0.0
92.2299,7.6458,43.5487,36.1702,26.0,45.0908,80.2963,64.5655,0.0,0.0,0.0,0.0,0.0
55.7961,26.646,2.0239,64.8015,72.0,30.0764,67.318,67.6722,0.0,0.0,0.0,0.0,0.0
73.0389,43.2323,61.7699,44.4259,41.0,58.6259,8.2507,80.6778,1.0,0.0,1.0,1.0,1.0
58.7113,83.6449,28.9537,85.3302,44.0,24.8373,90.5052,22.8484,1.0,1.0,0.0,0.0,1.0
65.349,56.6531,30.961,58.971,53.0,28.6207,52.284,68.391,0.0,0.0,1.0,0.0,1.0
36.7848,94.644,99.5265,81.2017,32.0,41.8322,40.8062,36.4271,0.0,1.0,1.0,0.0,0.0
50.3608,77.2585,91.9312,27.2742,55.0,44.9992,49.4466,82.1491,1.0,1.0,1.0,1.0,1.0
24.2896,13.3809,37.71,42.0217,39.0,23.2549,27.2878,44.1241,0.0,0.0,1.0,0.0,0.0
37.1447,40.2258,73.6343,47.7974,36.0,61.7051,29.5522,96.0404,1.0,0.0,0.0,1.0,1.0
35.79,75.185,52.7388,82.3272,18.0,0.6156,44.2566,69.5041,0.0,1.0,1.0,1.0,1.0
7.4174,27.3528,94.2966,84.0699,20.0,46.8529,57.2432,39.5582,0.0,0.0,1.0,0.0,0.0
43.2027,30.7746,17.5786,29.1218,93.0,64.7847,28.0307,77.6976,1.0,1.0,0.0,1.0,0.0
35.7581,38.5723,71.1858,95.5143,55.0,22.978,95.8311,86.4449,1.0,1.0,1.0,0.0,0.0
41.6179,85.9568,95.6585,27.1789,71.0,79.776,8.0215,70.5431,0.0,0.0,1.0,0.0,0.0
21.981,29.6896,95.9935,64.751,10.0,78.5628,78.9643,83.4241,0.0,0.0,0.0,0.0,0.0
45.4091,52.3489,93.4856,49.4565,67.0,60.3582,78.1846,76.473,0.0,0.0,0.0,0.0,0.0
83.5933,3.4111,87.0049,95.0953,21.0,35.7994,70.2005,91.2023,1.0,0.0,0.0,0.0,0.0
92.2404,68.8138,87.0407,25.9683,91.0,37.9431,30.0664,99.6541,1.0,0.0,0.0,0.0,0.0
67.617,50.5665,64.2891,67.7604,94.0,27.0426,20.0517,57.2462,0.0,1.0,1.0,0.0,0.0
70.0376,49.6093,31.9702,25.9589,77.0,36.2682,48.4048,11.042,0.0,0.0,0.0,0.0,0.0
23.4436,95.2202,51.5081,64.6929,59.0,10.6916,6.3608,57.7622,0.0,0.0,1.0,1.0,0.0
49.5898,69.439,27.3081,61.3114,65.0,76.5059,64.1825,14.8903,0.0,0.0,0.0,0.0,0.0
19.0322,28.3773,38.1594,41.2223,10.0,72.9927,48.8183,19.5492,0.0,1.0,1.0,0.0,0.0
93.4379,30.4238,19.6498,76.4566,36.0,73.8231,79.6621,0.3337,0.0,0.0,0.0,0.0,0.0
43.2613,29.6634,46.7399,33.0024,68.0,13.2461,82.4373,60.0253,0.0,0.0,1.0,0.0,0.0
48.45,69.8787,53.0334,49.0714,46.0,2.9417,66.4994,50.3823,1.0,1.0,1.0,1.0,1.0
56.0963,53.944,33.822,94.0896,96.0,7.5171,57.4584,57.5573,0.0,0.0,1.0,0.0,0.0
42.1116,1.282,37.6381,19.8122,38.0,65.9567,13.3612,85.8729,0.0,0.0,0.0,0.0,0.0
37.8973,95.3347,78.0482,49.1562,78.0,1.7274,69.8242,34.3891,1.0,1.0,1.0,1.0,1.0
46.8657,30.9596,80.5515,22.1452,56.0,23.208,1.2399,36.1589,1.0,0.0,1.0,0.0,1.0
8.7242,86.5965,1.6725,7.1753,98.0,0.2269,86.031,52.8896,1.0,0.0,0.0,0.0,0.0
13.379,79.8647,42.1251,90.9068,8.0,70.0389,52.9054,53.9766,0.0,0.0,1.0,0.0,0.0
65.826,64.6758,81.4074,73.7445,18.0,33.2873,53.0764,88.4102,0.0,0.0,1.0,0.0,0.0
76.6712,28.8957,63.6088,84.6904,28.0,88.4735,7.3575,84.0103,0.0,0.0,1.0,0.0,0.0
71.7903,91.2825,37.788,33.254,56.0,34.7139,88.9267,11.3462,1.0,1.0,1.0,0.0,1.0
14.6544,47.8627,94.3621,98.9128,31.0,64.52,53.7566,47.9978,0.0,0.0,1.0,1.0,0.0
10.664,95.6716,63.3509,46.3861,94.0,79.0658,48.6251,54.4162,1.0,1.0,1.0,1.0,1.0
58.2613,12.9696,68.2779,9.2749,80.0,50.3893,14.1109,54.4384,1.0,0.0,0.0,0.0,0.0
27.5301,39.8612,60.8011,40.1363,57.0,45.0619,14.7553,30.5825,1.0,1.0,1.0,1.0,1.0
26.383,29.7173,72.4558,63.1982,36.0,22.1303,2.1112,56.9713,0.0,0.0,1.0,0.0,0.0
59.9685,73.8945,7.0753,56.1483,0.0,37.7805,92.0292,46.2893,0.0,0.0,0.0,0.0,1.0
0.3941,74.1501,58.3561,41.1032,41.0,29.4889,83.4465,9.4102,0.0,1.0,1.0,0.0,0.0
47.5529,49.0583,19.6845,78.0669,25.0,24.8038,28.0136,4.3034,0.0,1.0,0.0,0.0,0.0
6.8598,63.9633,34.2155,19.9999,85.0,61.9074,12.7768,46.0138,0.0,0.0,0.0,0.0,1.0
6.0708,69.4926,27.3353,20.6991,52.0,50.3672,40.9227,31.4572,0.0,0.0,1.0,0.0,0.0
38.6564,79.2364,89.1771,88.7543,41.0,65.4972,81.5528,82.2578,0.0,0.0,1.0,0.0,0.0
62.704,78.0798,85.2038,17.6036,39.0,83.5369,84.5029,52.7134,0.0,0.0,0.0,0.0,0.0
0.882,19.4678,20.3139,92.1368,96.0,68.0221,38.6341,65.2374,1.0,1.0,1.0,0.0,1.0
10.6742,15.5242,93.6079,37.2073,37.0,79.2998,31.8698,70.3728,0.0,0.0,1.0,0.0,0.0
50.2842,42.548,41.1099,57.1832,14.0,84.343,36.9328,52.7847,0.0,0.0,1.0,0.0,0.0
91.6758,22.0968,37.4562,10.6612,55.0,79.1364,28.2721,83.9101,1.0,0.0,0.0,0.0,0.0
49.2017,96.9688,70.7407,36.9213,24.0,59.73,47.3824,49.4051,1.0,1.0,1.0,1.0,1.0
31.5982,87.8838,72.2724,58.4827,80.0,71.9068,11.9358,52.7316,0.0,0.0,1.0,0.0,1.0
28.753,32.403,52.2685,80.001,75.0,59.5716,98.5794,35.8674,0.0,1.0,1.0,0.0,0.0
59.5211,58.845,60.8028,85.09,20.0,29.8177,43.3001,52.4846,1.0,1.0,1.0,1.0,1.0
95.0997,62.227,16.5249,91.1848,26.0,59.0119,47.1911,43.9597,0.0,0.0,0.0,0.0,0.0
79.6438,4.0487,10.0163,41.7227,27.0,8.8146,81.1728,64.6355,1.0,0.0,0.0,0.0,0.0
53.1277,36.2298,17.5401,63.7222,100.0,37.4741,2.0605,22.4667,0.0,0.0,0.0,0.0,0.0
15.5539,46.0145,41.1438,53.7112,71.0,53.0116,8.6466,47.4856,0.0,0.0,1.0,0.0,0.0
15.7318,92.4999,71.6674,16.9904,68.0,90.2458,93.7778,22.6594,0.0,0.0,0.0,0.0,0.0
26.2566,15.9543,48.5589,20.9174,92.0,36.4962,22.9584,88.5298,0.0,0.0,0.0,0.0,0.0
72.2689,97.4224,7.4678,28.0964,57.0,56.5998,73.3235,97.9809,0.0,0.0,0.0,0.0,0.0
71.6303,28.0976,80.3462,81.6709,37.0,88.0001,8.5636,25.0418,0.0,0.0,1.0,0.0,0.0
64.5795,83.5231,86.561,71.7894,77.0,45.7513,96.8822,61.882,1.0,1.0,1.0,0.0,0.0
71.893,95.3303,89.632,7.3346,42.0,28.0859,30.727,8.3884,1.0,1.0,0.0,0.0,0.0
78.8456,24.9914,81.8429,21.8285,98.0,91.1582,95.8885,17.0382,0.0,0.0,0.0,0.0,0.0
64.6606,91.5598,44.6058,88.1738,76.0,60.8085,7.0649,41.8227,0.0,0.0,1.0,0.0,0.0
91.6124,69.1126,55.5526,38.8359,14.0,34.8431,50.4987,35.8839,1.0,0.0,0.0,0.0,0.0
14.7257,62.3737,56.454,99.3385,63.0,58.0481,61.9407,36.508,0.0,1.0,1.0,0.0,0.0
37.5803,68.095,89.889,53.9631,36.0,68.3609,4.9325,59.594,1.0,1.0,0.0,1.0,1.0
30.1009,46.4117,9.3253,33.595,66.0,5.6247,34.3628,48.962,0.0,0.0,0.0,0.0,0.0
88.8524,65.5188,91.1503,35.6858,36.0,78.4105,54.3953,22.2718,0.0,0.0,0.0,0.0,0.0
8.2493,51.8963,10.3272,87.0208,72.0,67.0182,92.5658,84.5936,0.0,0.0,1.0,0.0,0.0
18.18,53.4169,39.0752,96.5335,76.0,50.8906,17.9292,65.9452,0.0,1.0,1.0,0.0,1.0
83.0398,18.4746,77.0858,91.1906,64.0,83.8963,55.1993,43.8782,0.0,0.0,0.0,0.0,0.0
54.4335,76.529,9.9917,50.6192,42.0,16.6265,98.7985,66.6105,0.0,0.0,1.0,0.0,0.0
17.2669,59.7556,24.0695,46.9856,92.0,43.3056,88.4402,19.2883,1.0,1.0,0.0,0.0,0.0
80.665,16.4882,93.5892,29.8851,20.0,52.771,58.5168,55.9306,0.0,0.0,0.0,0.0,0.0
96.2528,91.6359,85.2636,9.1348,48.0,29.0765,3.3,35.8453,1.0,0.0,0.0,0.0,0.0
85.0454,6.9459,45.9891,73.6857,10.0,8.5173,44.8847,9.8571,0.0,0.0,0.0,0.0,0.0
89.4264,75.4612,58.9059,99.6329,41.0,89.6903,91.1456,56.8697,0.0,0.0,0.0,0.0,0.0
97.3793,7.9421,13.9275,58.31,66.0,46.4806,43.4719,6.0129,1.0,0.0,0.0,0.0,0.0
46.4953,43.5508,25.8956,40.1948,28.0,42.5544,70.0096,65.032,0.0,0.0,1.0,0.0,0.0
51.1922,62.6051,33.0598,29.5488,77.0,90.5294,5.5846,3.8243,1.0,0.0,0.0,0.0,0.0
16.1351,89.0595,79.1002,39.6936,52.0,68.4515,42.4019,48.2669,0.0,1.0,1.0,0.0,0.0
7.6309,97.8667,19.9187,89.0652,87.0,90.5942,15.3787,73.7836,1.0,0.0,1.0,1.0,1.0
42.9989,64.6021,32.274,37.6736,82.0,99.63,34.6338,18.9447,1.0,0.0,0.0,0.0,0.0
49.2642,81.2815,41.6091,28.6631,51.0,69.1311,14.7218,16.9214,0.0,0.0,0.0,0.0,0.0
18.6679,65.6222,87.3052,55.515,25.0,45.4218,33.6967,25.6427,0.0,1.0,1.0,0.0,0.0
1.2314,15.0211,70.418,65.7048,32.0,75.3828,44.9279,3.1533,1.0,1.0,0.0,0.0,0.0
22.2603,21.2211,45.5998,20.8542,83.0,18.897,23.0141,24.7087,0.0,0.0,1.0,0.0,0.0
70.7344,63.7989,90.515,59.38,7.0,31.1537,79.4764,55.0109,0.0,0.0,0.0,0.0,0.0
96.1619,34.505,48.9981,28.7581,23.0,92.0266,53.1002,28.8488,1.0,0.0,0.0,0.0,0.0
17.5125,83.0034,87.769,2.3209,16.0,51.9513,41.8834,51.7649,0.0,1.0,0.0,0.0,0.0
13.4729,13.3132,64.8649,49.9192,10.0,29.6963,72.0777,70.1586,1.0,1.0,1.0,1.0,0.0
96.4007,65.7974,71.7653,90.6941,83.0,61.6614,38.904,5.0165,1.0,0.0,0.0,0.0,0.0
51.151,98.4759,18.1499,62.8283,18.0,73.7342,83.5365,36.0751,1.0,1.0,0.0,1.0,1.0
81.1255,4.0965,75.5392,18.4181,47.0,36.3378,94.6825,56.5831,1.0,0.0,0.0,0.0,0.0
87.1934,29.6025,6.2108,1.4119,21.0,78.6304,4.9886,16.4119,0.0,0.0,0.0,0.0,0.0
53.5341,19.1113,93.6963,58.9244,50.0,16.7829,84.5083,87.6511,1.0,1.0,0.0,1.0,1.0
82.3498,31.9476,49.7584,91.7225,81.0,82.6927,25.8603,34.2928,1.0,1.0,1.0,0.0,0.0
6.2188,24.3345,70.087,72.1072,73.0,93.6207,44.5005,52.1839,0.0,0.0,1.0,0.0,0.0
21.1072,90.008,50.8849,47.2626,35.0,21.1346,54.8997,84.8485,0.0,1.0,1.0,0.0,1.0
5.7383,32.7556,27.1838,35.4519,12.0,87.7616,95.1948,58.3535,0.0,0.0,1.0,0.0,0.0
29.4116,74.0043,31.2836,62.5483,88.0,13.851,96.4256,54.6336,0.0,0.0,1.0,0.0,0.0
78.2345,73.4075,84.4222,41.2119,22.0,24.5417,69.8536,55.531,1.0,0.0,1.0,1.0,1.0
63.5358,48.7039,81.6607,30.6457,47.0,93.9271,74.0326,59.0554,1.0,0.0,0.0,1.0,1.0
2.0248,14.0342,11.4636,74.579,3.0,63.4648,68.3045,46.6053,1.0,0.0,0.0,0.0,0.0
19.9476,43.9907,2.3621,7.5566,65.0,7.5072,11.3557,60.0269,1.0,0.0,0.0,0.0,0.0
21.6846,55.3693,66.0354,90.5653,21.0,73.7505,27.4579,36.3429,1.0,1.0,1.0,1.0,1.0
51.9195,86.3717,11.7666,59.7091,69.0,73.7534,6.2258,5.3393,0.0,0.0,0.0,0.0,0.0
71.5955,19.3525,50.6868,18.0335,56.0,76.9645,43.8856,54.8737,1.0,0.0,0.0,0.0,0.0
61.5908,94.2386,47.6901,68.0328,77.0,17.9511,72.4381,50.0929,1.0,1.0,0.0,1.0,1.0
6.7545,15.7026,45.6482,73.5236,62.0,1.2889,61.6134,62.5814,0.0,0.0,1.0,0.0,0.0
88.72,70.1425,77.0181,54.1451,7.0,11.8346,9.4727,99.7821,0.0,0.0,0.0,1.0,0.0
28.7234,25.1854,53.1668,38.9098,42.0,16.2033,98.855,94.5901,1.0,1.0,0.0,0.0,0.0
29.722,52.0594,87.4233,81.0983,31.0,27.1588,97.8303,9.6281,0.0,1.0,1.0,0.0,0.0
89.0976,10.9969,93.7381,13.8591,81.0,30.0503,90.152,70.5582,1.0,0.0,0.0,0.0,0.0
70.0116,4.5221,86.9098,2.4018,12.0,73.1257,6.9902,76.9134,1.0,0.0,0.0,0.0,0.0
73.9509,64.6174,28.0685,61.1905,31.0,95.574,74.4798,29.6523,0.0,0.0,0.0,0.0,0.0
11.8437,46.2483,25.4227,75.3654,74.0,84.0014,11.0737,87.7672,1.0,0.0,0.0,1.0,1.0
72.8191,57.063,52.2561,90.6109,75.0,52.4248,5.4804,77.0187,1.0,1.0,0.0,1.0,1.0
18.1803,92.6007,78.1699,74.8181,70.0,87.6791,33.1995,99.1936,0.0,0.0,0.0,1.0,0.0
90.3059,86.1211,44.9978,86.9237,20.0,4.7782,4.3353,94.0903,0.0,0.0,0.0,0.0,0.0
91.1563,95.7582,40.2151,71.9688,86.0,29.5194,54.1926,9.1335,1.0,1.0,0.0,0.0,0.0
57.5402,99.7373,42.4493,82.5628,21.0,57.2397,72.1753,97.5888,0.0,0.0,0.0,0.0,0.0
58.8724,28.935,85.5092,72.7985,60.0,49.919,75.3851,29.1054,0.0,1.0,1.0,0.0,0.0
98.0628,7.6211,19.9706,8.3233,47.0,97.0144,76.7298,12.3126,0.0,0.0,0.0,0.0,0.0
35.7134,57.4878,80.0397,39.0758,72.0,21.513,41.7003,30.4681,1.0,1.0,1.0,1.0,1.0
12.3509,79.2363,60.6038,92.6792,14.0,94.63,42.7288,85.6474,0.0,0.0,1.0,0.0,0.0
78.6481,70.5256,94.8859,31.6021,17.0,91.9535,56.8639,34.6118,1.0,0.0,0.0,0.0,0.0
16.7283,88.147,87.9439,26.0729,10.0,92.5407,22.5837,60.7089,0.0,0.0,1.0,0.0,0.0
50.1131,37.7921,72.6491,25.0393,38.0,99.1458,34.1025,67.899,0.0,0.0,0.0,0.0,0.0
51.8166,30.9624,33.6651,96.3909,38.0,55.468,8.8672,50.4066,0.0,0.0,1.0,0.0,0.0
95.317,52.5329,70.2813,77.6234,58.0,39.9608,33.6857,8.6486,0.0,0.0,0.0,0.0,0.0
26.2961,52.5049,34.9557,32.5059,98.0,69.1252,24.4502,69.2849,0.0,0.0,1.0,0.0,1.0
4.3153,47.6734,60.2294,73.3797,17.0,96.6696,50.606,96.2679,1.0,0.0,0.0,0.0,0.0
31.0598,46.5723,97.2947,61.8276,17.0,24.361,67.1293,84.1258,0.0,1.0,1.0,1.0,1.0
92.3383,12.8831,16.0854,93.6976,42.0,85.9053,42.3698,40.3713,0.0,0.0,0.0,0.0,0.0
12.1105,87.7701,79.0738,50.6495,71.0,78.2186,54.0772,42.7061,0.0,0.0,1.0,0.0,0.0
4.0478,64.5846,82.2301,56.4109,33.0,82.73,32.2846,15.7881,0.0,1.0,1.0,0.0,0.0
9.9039,64.4485,66.6836,28.9247,42.0,68.0666,57.6938,15.6144,0.0,1.0,1.0,0.0,0.0
60.2386,51.8835,16.7873,34.1916,49.0,73.3282,74.045,20.2815,0.0,0.0,0.0,0.0,0.0
69.1436,83.2926,68.3563,7.0516,50.0,13.9093,77.9428,55.0667,0.0,1.0,0.0,0.0,0.0
91.1698,75.4073,94.0733,98.5887,50.0,68.0512,72.1431,16.7674,0.0,0.0,0.0,0.0,0.0
63.911,27.5147,56.1946,83.8928,3.0,80.5359,95.5696,54.0088,1.0,0.0,0.0,0.0,0.0
5.0582,12.2952,46.8848,68.9942,77.0,51.4677,20.8109,3.9156,0.0,0.0,0.0,0.0,0.0
51.2126,75.8414,26.8548,90.9973,37.0,39.7278,45.388,89.8819,0.0,0.0,1.0,0.0,0.0
96.9035,55.6137,9.5075,84.5958,75.0,13.7746,28.186,26.394,1.0,0.0,0.0,0.0,0.0
72.3075,84.9505,51.8209,81.1564,78.0,76.18,67.4689,74.9136,1.0,1.0,1.0,1.0,1.0
66.3985,39.1317,48.0981,99.033,3.0,29.9178,8.9441,5.5029,1.0,0.0,0.0,0.0,0.0
47.2274,10.2486,37.334,92.7294,34.0,79.5922,32.0973,40.6479,0.0,0.0,1.0,0.0,0.0
40.4523,61.3551,50.7844,70.3658,73.0,57.1739,74.6418,62.1383,0.0,0.0,1.0,0.0,0.0
38.3692,96.9926,58.8614,60.8436,67.0,14.3869,49.4862,53.4584,0.0,1.0,1.0,0.0,1.0
35.2069,9.5051,29.8936,74.7694,96.0,77.7717,68.1801,56.0961,0.0,0.0,0.0,0.0,0.0
45.6482,91.8253,72.8735,19.9541,82.0,82.7836,18.4612,1.4246,1.0,1.0,0.0,0.0,0.0
38.9112,84.9287,45.3435,55.42,33.0,25.5545,11.5412,14.1917,0.0,0.0,0.0,0.0,0.0
3.7276,98.5288,40.512,68.8874,3.0,37.473,28.3945,91.6441,1.0,0.0,1.0,0.0,0.0
79.9978,78.7015,43.047,91.0847,44.0,28.1689,52.0255,99.8991,1.0,0.0,0.0,1.0,1.0
98.5398,77.4966,20.6337,36.7297,94.0,24.1863,92.5322,94.9765,1.0,0.0,0.0,0.0,0.0
32.4876,78.5815,87.5027,16.1101,89.0,17.1204,64.9469,69.6311,0.0,1.0,1.0,0.0,0.0
20.5881,23.8509,53.294,54.2051,38.0,11.9474,37.5022,17.6609,0.0,1.0,1.0,0.0,0.0
22.6389,80.446,25.9224,62.4558,34.0,48.8447,12.293,27.2098,0.0,1.0,1.0,0.0,0.0
6.1419,87.3248,56.9026,61.1509,27.0,6.8272,1.2754,49.7497,0.0,0.0,1.0,0.0,0.0
35.7604,58.418,42.039,24.2721,56.0,71.5129,56.4935,76.3394,1.0,1.0,1.0,0.0,1.0
34.3109,98.3037,92.9564,39.6383,26.0,85.2423,55.2389,65.8897,1.0,1.0,1.0,1.0,1.0
45.9704,44.4532,50.9776,85.755,39.0,71.7517,19.5943,30.0843,0.0,1.0,1.0,0.0,0.0
0.1081,6.2152,66.4465,39.5103,40.0,7.6247,81.3531,64.2781,1.0,0.0,0.0,0.0,0.0
88.5267,59.3021,52.9239,13.8405,60.0,14.8108,29.7334,39.9038,1.0,1.0,0.0,0.0,0.0
6.6512,30.4805,0.5009,52.9848,9.0,76.7611,89.3564,61.8148,1.0,0.0,0.0,0.0,0.0
33.4093,63.8126,79.4024,31.4892,46.0,47.1372,78.6611,14.1296,0.0,1.0,0.0,0.0,0.0
2.1601,9.2634,41.1156,6.6603,71.0,3.4496,16.7128,6.9987,1.0,0.0,0.0,0.0,0.0
25.2939,32.0862,24.1292,53.9926,82.0,29.5723,58.1764,39.4188,1.0,1.0,1.0,1.0,1.0
11.3756,24.7261,31.4406,53.8334,48.0,54.8559,5.2874,63.6205,0.0,0.0,1.0,0.0,1.0
1.5347,30.0826,85.1261,90.4678,50.0,24.2796,66.3872,53.8746,1.0,1.0,1.0,1.0,1.0
58.8342,75.1641,45.8869,87.8203,4.0,49.889,78.3762,5.8522,1.0,0.0,0.0,0.0,0.0
10.4871,18.7023,6.5806,71.6993,40.0,48.0932,12.3341,21.0212,0.0,0.0,1.0,0.0,0.0
33.705,21.2716,72.0992,83.3099,60.0,6.0793,49.0564,90.5359,1.0,0.0,1.0,1.0,1.0
30.0532,28.9196,56.9428,93.3305,10.0,55.1955,94.395,67.1528,0.0,0.0,1.0,0.0,0.0
6.2925,41.1877,92.128,50.2215,8.0,91.3518,78.481,2.0597,1.0,0.0,0.0,0.0,0.0
10.6119,18.0813,79.7558,19.2177,34.0,10.1417,64.2272,70.561,0.0,1.0,1.0,0.0,0.0
33.7494,52.6486,93.6544,42.3403,60.0,65.0654,46.0999,87.093,0.0,0.0,1.0,0.0,0.0
86.7332,58.1385,64.4203,35.2755,28.0,75.8713,97.1826,66.7342,1.0,0.0,0.0,0.0,0.0
56.0608,31.7077,28.5358,45.2234,75.0,12.5196,82.8302,71.8646,0.0,1.0,1.0,0.0,1.0
81.6946,92.2477,27.6989,94.4005,33.0,53.8508,36.7812,3.2399,0.0,0.0,0.0,0.0,0.0
50.5119,92.9869,62.8375,65.9524,70.0,8.7007,9.7482,55.3178,0.0,0.0,1.0,0.0,0.0
37.6457,84.9431,90.2361,90.8141,81.0,85.6378,37.7996,79.4564,1.0,1.0,1.0,1.0,1.0
21.2649,46.9031,9.531,42.562,64.0,41.9638,33.0843,33.5083,0.0,0.0,0.0,0.0,0.0
82.638,97.6056,84.7835,70.942,92.0,85.4248,62.7567,31.4602,1.0,1.0,0.0,1.0,1.0
2.3521,54.5395,71.0413,26.2818,58.0,18.7524,61.1985,98.1872,0.0,0.0,0.0,0.0,0.0
18.711,31.8151,44.1432,31.5422,54.0,43.074,87.0006,34.6359,0.0,1.0,1.0,0.0,0.0
57.1185,2.7656,18.0021,33.5913,34.0,94.0207,99.1938,79.7747,0.0,0.0,0.0,0.0,0.0
73.4036,23.4259,37.0581,65.4484,72.0,27.9173,92.8396,85.104,0.0,0.0,1.0,0.0,0.0
47.7149,33.4117,30.175,61.7702,10.0,89.8744,45.7916,49.9189,1.0,0.0,1.0,1.0,0.0
43.809,91.3094,81.3643,65.7683,21.0,55.5231,84.9173,57.1918,1.0,1.0,1.0,1.0,1.0
60.4561,8.4289,37.318,61.2597,60.0,72.2492,86.2979,37.5165,0.0,0.0,0.0,0.0,0.0
23.458,65.8568,9.7075,94.602,27.0,61.2247,58.3342,36.4653,0.0,0.0,1.0,0.0,0.0
19.4495,63.5631,80.151,61.9967,40.0,26.6609,60.7406,20.5867,0.0,1.0,1.0,0.0,0.0
10.5522,91.7546,68.283,18.4836,55.0,22.4366,10.1084,89.5228,0.0,0.0,0.0,0.0,0.0
30.1877,26.2208,83.2791,93.1783,44.0,5.5366,0.5909,9.4084,1.0,0.0,1.0,1.0,1.0
32.3131,31.1497,75.302,67.77,69.0,38.5795,45.4289,31.0444,1.0,1.0,1.0,1.0,1.0
40.305,46.1072,36.4103,59.6965,27.0,64.3471,35.673,67.5755,0.0,1.0,1.0,0.0,0.0
33.9275,53.2123,64.5972,36.168,74.0,16.6808,63.8903,63.5874,0.0,0.0,1.0,0.0,0.0
1.9084,45.5589,44.6022,98.1226,49.0,84.5693,12.3129,4.9835,0.0,0.0,0.0,0.0,0.0
57.3526,25.1911,75.6973,15.503,98.0,15.587,81.3549,87.9013,0.0,0.0,0.0,0.0,0.0
19.113,53.7864,97.2355,45.3943,51.0,45.5098,7.635,68.8302,1.0,1.0,1.0,1.0,1.0
57.7441,92.2785,33.3484,82.1574,45.0,76.7531,21.0022,74.0896,0.0,0.0,1.0,0.0,1.0
17.2752,19.8221,21.4817,47.6737,52.0,32.2233,26.4529,56.8542,0.0,1.0,1.0,0.0,0.0
0.6371,52.5196,74.2994,35.5582,90.0,67.7106,63.5496,59.2499,0.0,1.0,1.0,0.0,0.0
64.3579,59.0273,87.1614,88.5354,95.0,7.332,1.7654,81.1126,0.0,0.0,1.0,0.0,1.0
21.7642,59.3833,99.4283,89.0367,65.0,27.5778,13.5602,56.2711,0.0,1.0,1.0,1.0,1.0
1.6446,22.0549,73.0004,74.5254,47.0,83.8142,86.411,51.0447,0.0,0.0,1.0,0.0,0.0
77.3045,39.7609,50.0264,93.745,6.0,82.7842,51.6265,96.6678,1.0,0.0,0.0,0.0,0.0
30.4152,64.0731,33.1634,16.2958,58.0,80.0893,34.2289,33.8796,1.0,1.0,0.0,1.0,1.0
89.9959,96.3872,21.5432,78.1727,10.0,99.3012,32.5849,66.9565,1.0,0.0,0.0,0.0,0.0
40.8657,94.9427,57.3572,57.1777,52.0,2.0878,77.8206,33.3523,1.0,1.0,1.0,1.0,1.0
21.0362,45.5964,51.1061,75.0734,80.0,32.8578,25.7023,69.657,1.0,1.0,1.0,1.0,1.0
26.3954,91.4465,17.0202,35.7738,1.0,57.0223,12.187,78.2273,0.0,0.0,0.0,0.0,0.0
27.0214,33.9696,96.9693,29.7367,77.0,73.7014,34.1503,34.4914,0.0,1.0,1.0,0.0,0.0
10.8095,4.4875,81.9692,5.6905,73.0,92.5839,6.8646,76.4524,0.0,0.0,0.0,0.0,0.0
91.8538,43.8019,53.3415,21.3709,80.0,15.8811,7.0679,14.8013,1.0,0.0,0.0,0.0,0.0
88.322,70.4063,49.2306,13.8857,72.0,55.6904,33.8081,33.4394,1.0,1.0,0.0,0.0,1.0
9.7502,57.5003,84.5121,56.7137,47.0,69.1108,87.1187,17.5096,0.0,1.0,1.0,0.0,0.0
99.3274,96.7329,37.171,14.2997,24.0,59.664,87.9876,76.8227,0.0,0.0,0.0,0.0,0.0
62.8775,63.7685,14.3084,93.9371,40.0,40.3777,67.7031,26.3954,1.0,1.0,0.0,0.0,0.0
47.2902,67.2308,86.7643,50.1766,16.0,73.2454,77.0466,92.4819,1.0,0.0,1.0,1.0,1.0
5.92,29.917,98.9702,37.9848,93.0,48.7847,39.5138,11.9485,0.0,1.0,0.0,0.0,0.0
42.8793,53.1692,66.3086,60.108,42.0,94.0085,63.9236,6.4295,0.0,0.0,0.0,0.0,0.0
14.8384,97.4199,40.4115,81.8487,85.0,9.7633,46.8118,37.8861,1.0,1.0,1.0,1.0,1.0
37.0976,84.6623,64.5538,52.8372,26.0,4.07,69.5093,30.2132,1.0,1.0,1.0,1.0,1.0
45.9777,85.3178,43.3494,80.1816,40.0,55.3359,46.0704,42.8078,0.0,0.0,1.0,0.0,1.0
61.8349,14.9274,56.6473,62.4952,38.0,20.3338,85.5608,26.2496,0.0,0.0,1.0,0.0,0.0
68.4552,92.1902,38.8813,52.5799,60.0,14.9216,52.5121,57.7958,1.0,1.0,0.0,1.0,1.0
50.8624,10.2385,54.2457,37.8202,35.0,5.3121,63.3118,48.9023,0.0,0.0,1.0,0.0,0.0
92.156,53.3027,76.2243,67.0951,19.0,51.0,91.3558,69.5,1.0,0.0,0.0,0.0,0.0
18.8319,54.2226,33.4211,53.8785,53.0,87.1248,36.7863,38.5509,0.0,0.0,1.0,0.0,0.0
91.3649,43.3625,55.8899,54.1892,30.0,62.3466,96.2819,50.5728,0.0,0.0,0.0,0.0,0.0
9.8921,61.5703,8.6299,9.677,16.0,80.376,76.1876,36.5822,1.0,0.0,0.0,0.0,0.0
67.7184,73.4335,2.8834,51.8775,42.0,75.694,74.0936,14.8345,0.0,0.0,0.0,0.0,0.0
9.114,60.5823,28.795,92.0564,93.0,32.8817,55.8715,46.956,0.0,1.0,1.0,0.0,1.0
0.3489,55.0517,64.8074,48.9598,48.0,68.8873,97.1273,59.1364,0.0,0.0,1.0,0.0,0.0
39.7348,81.4703,66.7181,62.0439,42.0,86.6901,36.1976,71.5094,0.0,1.0,1.0,0.0,0.0
2.5263,41.6954,69.3917,11.8963,14.0,63.9272,53.1686,54.1563,1.0,1.0,0.0,0.0,0.0
41.6571,81.9231,42.4422,57.7727,57.0,35.504,27.1903,72.7868,0.0,0.0,1.0,0.0,0.0
70.2559,84.6308,18.4126,39.525,49.0,42.5861,86.3421,64.7084,1.0,1.0,0.0,0.0,1.0
2.622,19.2502,56.9133,70.8584,32.0,7.9503,11.58,82.4675,0.0,0.0,1.0,0.0,0.0
48.5652,26.1471,66.7174,31.8581,67.0,39.6018,8.0496,69.3394,0.0,1.0,1.0,0.0,0.0
22.223,77.8666,31.2777,34.2895,98.0,32.4838,27.5809,78.2876,0.0,0.0,1.0,0.0,0.0
39.0081,60.7035,47.9002,94.7867,68.0,49.7824,28.3413,90.1966,1.0,1.0,1.0,1.0,1.0
7.485,81.4618,29.411,29.6502,91.0,34.9483,93.9309,35.4313,0.0,1.0,1.0,0.0,0.0
80.4245,61.2505,24.0341,6.7147,19.0,29.368,17.9922,69.2243,1.0,0.0,0.0,0.0,0.0
26.5476,30.0503,96.2713,99.8604,65.0,48.3023,15.3409,51.5817,0.0,1.0,1.0,0.0,0.0
63.1746,78.5721,9.4393,37.1402,72.0,25.6627,95.2606,56.5052,1.0,0.0,0.0,0.0,0.0
19.0693,58.7647,47.4315,57.3378,58.0,87.4742,39.8852,20.6232,1.0,1.0,1.0,1.0,1.0
24.8352,70.9602,34.4979,40.5198,99.0,13.2307,38.5558,27.9795,0.0,1.0,1.0,0.0,0.0
32.9575,69.0706,39.5415,91.9479,56.0,12.797,18.9313,10.3466,0.0,1.0,0.0,0.0,0.0
81.8991,77.4666,17.2905,54.0221,69.0,29.8386,52.7057,16.866,0.0,0.0,0.0,0.0,0.0
60.8051,86.3258,55.5535,68.4003,9.0,90.3769,20.3025,33.0852,0.0,0.0,1.0,0.0,0.0
30.0228,0.1515,37.8207,38.5228,45.0,88.119,51.66,18.4946,1.0,0.0,0.0,0.0,0.0
26.6457,48.6442,45.6288,30.8357,76.0,18.7103,38.1342,61.2208,1.0,1.0,1.0,1.0,1.0
15.1892,24.917,98.7942,52.5155,9.0,28.5525,15.9523,45.3238,0.0,0.0,1.0,0.0,0.0
37.2274,23.1226,47.4352,64.6805,98.0,91.1506,79.4192,46.5071,1.0,0.0,0.0,0.0,1.0
77.152,64.7916,80.2718,94.5989,86.0,0.1018,87.2877,42.2252,0.0,1.0,1.0,0.0,0.0
31.3075,67.8933,87.3145,89.2774,30.0,44.6758,88.0439,87.5784,0.0,0.0,1.0,0.0,0.0
70.1853,79.0343,73.9694,57.8546,84.0,72.7009,35.2411,58.5899,0.0,0.0,1.0,1.0,0.0
15.6987,69.4413,36.5008,68.3165,53.0,38.161,60.9537,35.3747,1.0,1.0,1.0,1.0,1.0
24.0361,91.0066,77.9153,62.6137,97.0,3.0274,10.2242,30.6109,1.0,1.0,0.0,1.0,1.0
52.0598,19.9813,81.7986,92.6793,32.0,21.191,39.7663,23.566,0.0,1.0,1.0,0.0,0.0
37.1267,54.7039,69.6388,91.7391,95.0,43.5383,30.8615,83.656,0.0,0.0,1.0,1.0,0.0
22.5267,46.5794,7.4649,94.9636,39.0,46.6821,36.5705,11.8146,0.0,0.0,0.0,0.0,0.0
81.4037,73.4139,50.4785,99.5071,1.0,92.6426,32.7485,3.6221,1.0,0.0,0.0,0.0,0.0
17.0829,26.2844,65.836,62.1722,85.0,21.5225,78.0867,81.6188,0.0,1.0,1.0,0.0,1.0
69.3641,88.9383,25.9836,21.2448,43.0,95.3823,16.5593,23.5961,1.0,0.0,0.0,0.0,0.0
71.5879,26.0279,22.485,82.6102,75.0,90.8458,99.9015,46.3789,0.0,0.0,1.0,0.0,0.0
79.1665,49.9001,37.1764,39.8649,36.0,32.4107,95.2498,96.6463,1.0,0.0,0.0,0.0,0.0
55.3345,90.5573,97.1282,83.1021,86.0,52.1946,90.6907,8.377,1.0,1.0,1.0,1.0,1.0
61.1192,47.9863,71.3258,57.0925,12.0,25.0628,87.3188,94.1765,1.0,1.0,0.0,1.0,1.0
20.7481,88.0028,25.3421,55.4048,18.0,72.5269,53.107,88.0515,1.0,1.0,0.0,1.0,1.0
32.2682,37.3765,34.0999,66.5369,51.0,23.0754,1.1535,78.2868,0.0,0.0,1.0,1.0,0.0
9.2917,93.263,28.266,77.0519,97.0,22.7529,98.6243,65.9351,1.0,1.0,1.0,0.0,0.0
45.9679,76.1008,86.5675,9.7127,53.0,57.0876,85.8662,70.2338,0.0,0.0,0.0,0.0,0.0
40.8609,48.8935,35.8616,91.9538,40.0,10.0111,63.1013,21.0693,1.0,1.0,0.0,1.0,1.0
52.3035,94.6233,53.5998,88.0701,64.0,49.0296,75.1766,15.3631,0.0,0.0,0.0,0.0,0.0
87.0595,54.6313,55.5182,86.2237,21.0,32.7979,61.4604,63.3786,1.0,1.0,0.0,1.0,0.0
56.8022,48.4464,31.7852,69.5065,56.0,1.8744,34.7401,63.9826,1.0,1.0,0.0,1.0,1.0
27.6545,56.9419,69.4182,59.8457,14.0,8.1464,53.5706,81.1535,0.0,1.0,1.0,0.0,1.0
50.4723,27.7485,14.3077,27.5021,13.0,38.8204,11.5696,39.0252,1.0,0.0,0.0,0.0,0.0
18.3034,30.3296,44.0824,22.3756,91.0,5.6634,10.873,38.6886,1.0,1.0,1.0,1.0,1.0
9.7382,27.3207,99.0196,30.331,75.0,56.0312,67.444,40.1249,1.0,1.0,1.0,1.0,1.0
37.9603,56.521,96.3181,53.3366,32.0,5.1647,91.8771,78.2188,0.0,1.0,1.0,0.0,0.0
5.7704,70.1552,26.1847,16.0942,55.0,13.8187,56.7717,10.6467,0.0,1.0,0.0,0.0,0.0
84.4588,77.0793,31.7733,5.7462,100.0,55.9194,6.3481,22.3234,0.0,0.0,0.0,0.0,0.0
21.5801,78.4523,13.4166,96.786,93.0,7.1292,18.5878,9.9405,0.0,0.0,1.0,0.0,0.0
13.0258,91.5379,79.4373,34.0743,64.0,24.9155,28.5986,59.048,0.0,1.0,0.0,0.0,0.0
10.0714,8.9451,81.0198,96.7944,51.0,94.466,10.6005,76.4843,0.0,0.0,0.0,0.0,0.0
71.2973,4.07,31.4614,28.9884,28.0,64.3116,9.1461,95.5975,0.0,0.0,0.0,0.0,0.0
48.7046,77.049,65.9338,98.608,90.0,18.6526,40.8543,84.6536,0.0,0.0,1.0,0.0,1.0
44.2632,70.488,45.8549,39.244,89.0,17.6801,8.0372,86.1097,0.0,0.0,1.0,0.0,0.0
43.6134,17.3342,70.6394,77.6793,51.0,58.0621,41.0292,52.6893,1.0,1.0,1.0,1.0,1.0
10.542,27.3244,46.3698,87.1281,73.0,21.8313,49.8417,87.0502,1.0,1.0,0.0,1.0,1.0
78.4099,23.8813,99.2784,72.7127,44.0,92.3977,30.4029,86.0028,1.0,0.0,0.0,1.0,0.0
34.0486,88.5307,94.9965,68.5221,56.0,22.4634,67.0561,8.2813,0.0,1.0,1.0,0.0,1.0
10.0698,76.9246,58.0286,33.8933,60.0,92.4483,48.2574,44.1308,0.0,0.0,1.0,0.0,1.0
26.2674,52.3728,98.5631,98.2842,77.0,99.2793,20.6434,48.2737,0.0,0.0,0.0,0.0,0.0
14.6492,64.0284,90.5001,75.6897,34.0,12.744,37.346,36.2873,0.0,1.0,1.0,0.0,0.0
95.4345,77.9757,0.9045,89.0046,49.0,7.1956,39.1219,70.5691,1.0,0.0,0.0,0.0,0.0
20.4157,53.4613,92.7127,86.933,95.0,37.3654,54.3366,52.8675,0.0,1.0,1.0,1.0,1.0
15.9727,95.5174,47.7142,48.4253,73.0,82.9202,38.8121,82.6883,0.0,0.0,1.0,0.0,0.0
14.4606,53.0683,95.2759,13.7051,53.0,15.3242,32.5571,5.7052,0.0,1.0,0.0,0.0,1.0
79.3495,92.9782,93.2408,64.3756,34.0,76.1024,81.5938,50.0233,1.0,1.0,0.0,0.0,1.0
96.4291,28.2242,85.9018,64.142,15.0,0.5762,85.3543,16.3061,0.0,0.0,0.0,0.0,0.0
53.9302,65.4189,59.5985,89.5619,44.0,50.1524,53.5899,74.4784,1.0,1.0,1.0,1.0,1.0
71.9382,95.4056,97.204,35.8339,38.0,31.9842,47.7246,14.14,0.0,0.0,0.0,0.0,1.0
0.0751,64.1487,82.3303,18.4356,36.0,59.4406,66.1823,94.9848,0.0,0.0,0.0,0.0,0.0
35.6183,91.5435,96.523,84.9374,86.0,22.6531,74.6557,45.5718,0.0,1.0,1.0,1.0,0.0
72.2626,88.6675,60.2498,81.2714,67.0,77.3527,29.5165,21.9567,0.0,0.0,1.0,0.0,0.0
46.8755,16.9426,8.4771,51.5574,89.0,93.0429,59.6528,38.9323,0.0,0.0,0.0,0.0,0.0
41.1034,94.1995,23.1798,18.9626,77.0,84.2697,31.9864,28.7399,1.0,1.0,1.0,0.0,1.0
55.2621,88.3883,33.3464,41.638,19.0,85.7054,89.0553,66.0328,1.0,0.0,1.0,1.0,0.0
32.4868,42.1072,36.9944,49.9725,49.0,24.238,16.9339,80.0396,0.0,0.0,0.0,0.0,0.0
22.7126,75.5998,30.7321,50.2708,56.0,44.9031,21.9003,82.6537,0.0,0.0,1.0,0.0,1.0
12.2951,91.2853,55.9279,68.2208,31.0,2.717,5.081,19.9711,0.0,0.0,1.0,0.0,1.0
19.962,76.8623,40.268,78.7877,10.0,41.74,95.449,10.5993,0.0,1.0,1.0,0.0,0.0
68.1317,20.1,55.1319,37.7426,82.0,25.5682,18.368,18.9586,1.0,1.0,1.0,0.0,0.0
37.2017,78.8644,29.2161,42.0701,11.0,38.5121,48.46,55.9499,1.0,1.0,0.0,1.0,1.0
77.9674,73.4745,78.7649,45.0807,97.0,15.1974,17.3835,29.3164,0.0,1.0,0.0,0.0,0.0
14.2397,26.2025,69.0134,30.6548,95.0,53.5462,92.1341,78.03,0.0,0.0,1.0,0.0,0.0
63.7164,88.7634,54.7633,93.625,9.0,45.2327,72.3625,62.0122,0.0,1.0,1.0,0.0,0.0
1.8236,76.9586,3.3702,81.371,83.0,43.5351,56.2584,64.2343,0.0,0.0,0.0,0.0,0.0
90.2753,28.0644,54.9475,98.5673,66.0,54.5492,45.2047,39.1154,1.0,0.0,0.0,0.0,1.0
48.7752,38.1653,52.7598,55.3875,35.0,80.785,34.0988,77.3066,1.0,1.0,1.0,1.0,1.0
69.0755,91.6353,82.2124,40.8364,72.0,30.3581,32.9693,35.6109,0.0,1.0,1.0,0.0,0.0
50.74,99.3537,32.432,65.8327,1.0,21.945,23.4293,63.6561,1.0,0.0,0.0,0.0,0.0
24.8753,39.2186,50.3109,65.4353,96.0,10.7987,0.6553,25.5403,0.0,0.0,1.0,1.0,0.0
97.4369,75.296,4.2338,76.569,51.0,52.0396,35.0094,73.5944,0.0,0.0,0.0,0.0,0.0
21.4308,90.8146,64.2848,90.7156,23.0,35.4455,77.0824,52.1803,0.0,0.0,1.0,1.0,0.0
25.6295,97.812,26.6039,67.0016,95.0,42.3122,88.1472,77.0081,0.0,0.0,1.0,0.0,0.0
55.839,32.0175,93.5872,49.2844,37.0,85.3338,75.3895,59.9127,1.0,1.0,0.0,1.0,1.0
68.5034,65.3202,58.3075,14.5977,84.0,48.4424,24.4434,75.1004,0.0,0.0,0.0,0.0,0.0
36.6973,35.7876,9.3504,87.5505,56.0,64.2069,0.9324,35.6015,0.0,0.0,1.0,0.0,0.0
54.2233,52.532,85.5225,51.4456,21.0,30.4989,37.2672,69.987,0.0,1.0,1.0,0.0,0.0
26.5296,30.1272,99.8692,22.4186,99.0,98.2956,6.9651,71.6191,0.0,0.0,0.0,0.0,0.0
55.6807,58.4401,40.9201,73.0928,9.0,59.5136,89.3142,91.9968,0.0,0.0,1.0,0.0,0.0
18.5098,27.5382,80.8495,38.6881,61.0,33.1967,88.9805,75.9646,0.0,1.0,0.0,0.0,0.0
97.5323,12.2215,25.5486,6.3599,99.0,93.8522,85.9405,84.3285,0.0,0.0,0.0,0.0,0.0
36.1509,69.8882,14.8247,78.0327,5.0,61.3894,68.4178,1.9619,0.0,0.0,0.0,0.0,0.0
0.1649,77.5282,29.0009,67.9275,40.0,25.8549,96.7787,31.6688,0.0,1.0,0.0,0.0,0.0
13.8447,47.3496,73.5978,89.1647,14.0,40.953,34.1414,12.8226,1.0,1.0,1.0,1.0,1.0
30.8251,83.2947,16.2311,89.6736,30.0,31.372,13.7824,10.8224,0.0,0.0,1.0,0.0,0.0
1.7738,75.2828,99.7669,61.8054,70.0,67.5726,98.6903,74.9232,0.0,0.0,1.0,0.0,0.0
5.346,27.5694,65.5676,57.7967,43.0,39.2243,59.3643,11.2642,0.0,1.0,1.0,0.0,0.0
72.1516,26.95,39.39,44.1617,93.0,88.7021,46.3625,37.2211,0.0,0.0,1.0,0.0,0.0
60.1906,67.1429,68.9679,92.171,64.0,25.2577,96.547,65.9679,0.0,1.0,1.0,0.0,0.0
71.8374,16.44,26.1094,33.3774,9.0,91.2645,45.7615,49.9583,0.0,0.0,0.0,0.0,0.0
72.9074,97.97,26.4368,13.6974,90.0,9.2174,55.1288,78.2719,0.0,0.0,0.0,0.0,0.0
77.0295,75.1914,1.8522,50.6862,44.0,94.8263,58.9419,8.0946,1.0,0.0,0.0,0.0,0.0
50.9248,89.133,87.4186,75.9549,63.0,43.9931,87.3259,55.3829,0.0,1.0,1.0,0.0,0.0
89.3676,2.5835,94.5843,69.2241,64.0,44.8178,30.5419,75.2678,1.0,0.0,0.0,0.0,0.0
57.2837,30.591,85.692,77.8335,48.0,25.552,88.5428,72.5005,1.0,1.0,0.0,1.0,1.0
21.3935,65.5578,98.1115,47.8899,46.0,76.4872,74.1566,83.8097,0.0,1.0,1.0,0.0,0.0
25.7499,78.0172,84.3272,52.1476,47.0,33.8895,88.888,10.3358,1.0,1.0,1.0,1.0,1.0
21.9241,64.9954,45.063,47.3022,49.0,48.3099,94.8507,68.0816,1.0,1.0,1.0,0.0,0.0
99.0878,36.6718,15.8522,95.3782,53.0,26.6031,6.9442,82.3754,1.0,0.0,0.0,0.0,0.0
82.8762,86.0746,22.2488,15.8743,4.0,90.4375,22.1114,21.148,1.0,0.0,0.0,0.0,0.0
57.4694,95.1847,17.8403,62.3939,100.0,63.4017,76.1171,18.9669,1.0,1.0,1.0,1.0,0.0
99.3123,22.2198,28.0416,5.9704,65.0,24.4891,50.4426,42.4805,0.0,0.0,0.0,0.0,0.0
25.2988,76.7311,26.9651,39.4995,96.0,27.7424,55.4024,33.0363,0.0,1.0,1.0,1.0,0.0
0.5586,53.1193,68.7323,10.6288,16.0,7.3137,89.394,33.4635,1.0,1.0,0.0,0.0,0.0
74.8659,35.8185,89.8846,81.968,22.0,87.8272,1.987,76.897,0.0,0.0,0.0,0.0,0.0
44.9697,34.4031,73.1058,57.8367,64.0,76.3697,31.0205,33.6717,0.0,0.0,1.0,0.0,0.0
0.0618,9.4798,34.0972,87.6243,72.0,48.8584,67.3079,22.9136,0.0,0.0,0.0,0.0,0.0
88.6745,58.7988,46.7145,10.664,34.0,61.3391,22.5792,37.784,1.0,1.0,0.0,0.0,0.0
64.7677,75.9428,69.3797,92.2213,27.0,77.6972,57.8147,8.5233,0.0,0.0,0.0,0.0,0.0
30.6151,49.0891,77.1422,35.5087,66.0,85.1125,82.7386,27.9892,0.0,0.0,0.0,0.0,0.0
44.9905,17.7955,14.4101,93.1655,44.0,60.8469,32.9018,50.8618,0.0,0.0,1.0,0.0,0.0
4.6466,96.2186,33.4045,53.6038,42.0,31.9906,94.3749,54.4412,0.0,1.0,1.0,0.0,0.0
62.5594,4.1641,17.2159,36.9342,38.0,16.2021,38.5091,73.0521,0.0,0.0,0.0,0.0,0.0
65.7008,38.0666,75.6991,82.6301,81.0,38.9685,57.8545,58.1559,0.0,0.0,0.0,0.0,0.0
84.1601,49.8198,86.6404,32.5321,27.0,80.1222,81.3452,95.9217,0.0,0.0,0.0,0.0,0.0
9.4196,47.3263,28.0594,29.9344,91.0,42.669,15.8755,76.5011,0.0,0.0,1.0,0.0,0.0
38.489,20.3753,5.1793,4.1814,46.0,39.5102,14.4213,54.6169,0.0,0.0,0.0,0.0,0.0
52.2961,17.347,86.0248,74.1547,34.0,42.5505,57.3825,85.0424,0.0,0.0,1.0,0.0,0.0
10.8594,62.1651,63.3703,82.1514,100.0,9.9909,67.6888,88.9583,0.0,1.0,1.0,1.0,0.0
25.114,65.5642,52.8625,96.7008,76.0,38.812,14.8001,86.9171,0.0,1.0,1.0,1.0,0.0
23.369,21.7105,76.8497,60.1993,69.0,40.6604,35.8132,94.4143,0.0,0.0,1.0,0.0,0.0
61.2937,75.5453,86.4154,27.9827,13.0,82.2437,93.3096,92.6975,1.0,0.0,0.0,0.0,0.0
16.519,55.1045,10.4606,12.9539,27.0,58.265,96.3303,46.4943,0.0,0.0,0.0,0.0,0.0
91.4396,11.9255,47.5239,7.4577,57.0,2.3338,35.1615,79.5455,0.0,0.0,0.0,0.0,0.0
81.8392,12.4037,52.3855,7.0069,100.0,60.7845,59.0445,78.776,0.0,0.0,0.0,0.0,0.0
31.9342,51.8941,50.4164,48.6069,15.0,51.3222,90.5045,44.6148,0.0,0.0,1.0,0.0,0.0
41.5391,94.126,76.1796,8.9096,93.0,96.7691,92.0447,56.3433,0.0,0.0,0.0,0.0,0.0
13.3047,51.336,97.622,68.7606,15.0,41.6417,33.0357,31.1791,1.0,1.0,1.0,1.0,1.0
9.5224,73.5068,78.8945,42.755,33.0,30.0284,66.6083,8.4925,1.0,1.0,1.0,1.0,1.0
24.4025,75.293,29.1357,16.2862,92.0,49.0247,0.3377,47.1782,0.0,0.0,1.0,0.0,1.0
19.5181,97.4176,75.9038,44.3982,10.0,69.4848,18.0921,99.4763,1.0,0.0,0.0,1.0,1.0
53.0827,15.2774,95.0432,79.7363,44.0,16.1064,19.9032,61.8619,1.0,1.0,1.0,1.0,1.0
13.7169,89.4928,53.4952,33.4798,35.0,14.5807,37.6141,72.2857,0.0,0.0,1.0,0.0,0.0
57.431,32.8211,77.6946,44.7893,50.0,47.0854,51.0132,22.0571,1.0,1.0,1.0,1.0,1.0
24.1991,61.9448,35.077,40.8602,10.0,14.2587,55.4878,0.934,1.0,1.0,0.0,0.0,0.0
72.64,8.4527,41.6344,45.3866,90.0,38.8767,34.305,45.1168,1.0,0.0,0.0,0.0,0.0
28.8964,32.908,22.6539,92.3489,42.0,52.9716,28.6816,86.0316,0.0,0.0,1.0,0.0,0.0
15.7387,60.3317,77.4399,83.8754,36.0,71.0864,27.8821,39.0164,0.0,1.0,1.0,0.0,1.0
75.0714,31.535,44.9173,76.8534,15.0,62.8007,92.1419,18.7684,0.0,0.0,0.0,0.0,0.0
9.7025,67.1631,49.4308,77.4106,23.0,66.7961,55.585,11.8645,0.0,1.0,1.0,0.0,0.0
20.2801,35.0684,56.4997,56.6061,2.0,6.8557,27.31,92.4234,0.0,0.0,0.0,0.0,0.0
86.0656,51.6688,73.2002,13.9843,41.0,94.7719,10.2083,32.8327,0.0,0.0,0.0,0.0,0.0
3.6142,30.218,48.3217,58.0688,51.0,44.3702,68.9147,84.7596,0.0,1.0,1.0,0.0,0.0
68.0106,1.3675,18.2887,89.2365,50.0,5.003,80.4688,81.3915,0.0,0.0,0.0,0.0,0.0
77.0848,58.708,6.324,82.8591,82.0,63.8173,16.2411,66.6803,0.0,0.0,0.0,0.0,0.0
86.1509,29.324,22.6957,60.4206,32.0,51.5592,64.1862,14.6563,0.0,0.0,0.0,0.0,0.0
6.6311,29.6945,75.1852,78.3553,36.0,72.5515,40.6214,41.3402,0.0,0.0,1.0,0.0,0.0
95.7182,5.0301,17.5699,52.7848,99.0,68.6673,78.3866,36.5852,0.0,0.0,0.0,0.0,0.0
25.4932,34.1456,88.7698,52.6973,55.0,22.4585,45.6806,45.7154,0.0,1.0,1.0,0.0,0.0
10.377,36.031,54.6629,89.7674,54.0,86.139,51.6645,70.8244,0.0,0.0,1.0,0.0,0.0
67.9679,79.9599,33.1736,84.927,52.0,5.5388,84.7654,63.1418,1.0,1.0,1.0,1.0,1.0
68.2054,95.2562,51.7177,71.723,85.0,59.8164,66.3091,45.7969,1.0,1.0,1.0,1.0,1.0
1.3334,54.9118,9.9441,65.8303,22.0,75.5645,49.7723,63.9401,0.0,0.0,0.0,0.0,0.0
0.1751,39.6837,81.592,79.6821,77.0,14.4506,69.5123,26.0808,1.0,1.0,1.0,1.0,1.0
17.9022,58.5184,50.8752,60.3568,11.0,9.6603,96.6126,34.5984,0.0,1.0,1.0,0.0,0.0
59.5577,49.9576,86.6943,90.2133,75.0,34.9688,74.2111,91.7582,1.0,0.0,1.0,1.0,1.0
96.1811,7.8808,50.4898,46.4467,36.0,27.3055,49.5816,67.7099,1.0,0.0,0.0,0.0,0.0
23.0987,39.0183,3.4045,63.4214,77.0,18.9072,72.1825,79.6252,1.0,0.0,0.0,0.0,0.0
60.2914,95.1744,68.0806,83.9046,72.0,17.2776,48.0057,12.1433,0.0,1.0,1.0,0.0,0.0
29.3381,97.1145,43.0215,46.9106,87.0,4.2918,71.8918,35.1176,0.0,1.0,1.0,0.0,0.0
18.1453,42.3862,1.5037,97.3112,61.0,93.5684,50.2024,24.5725,0.0,0.0,0.0,0.0,0.0
96.5753,47.9413,47.9799,57.2195,78.0,96.4275,16.7582,79.7215,1.0,0.0,0.0,0.0,0.0
6.6151,80.5214,89.2991,47.609,94.0,84.2162,45.6693,83.8069,0.0,0.0,1.0,1.0,1.0
39.9686,80.5419,52.3134,70.1911,63.0,67.4436,60.7232,67.1497,1.0,1.0,1.0,1.0,1.0
29.6052,92.2881,51.1999,89.2989,52.0,52.5699,98.2712,23.5101,0.0,0.0,1.0,0.0,0.0
1.9949,82.1501,80.3595,81.2941,84.0,0.0287,1.5564,91.4234,0.0,0.0,1.0,0.0,1.0
7.9622,6.3914,80.0158,28.5251,11.0,27.6387,26.0994,66.4535,0.0,0.0,0.0,0.0,0.0
49.5879,26.6056,49.3404,56.5456,88.0,23.3975,62.6159,83.2116,0.0,0.0,1.0,0.0,0.0
41.4115,8.2162,45.5534,60.3142,29.0,99.8189,43.0114,11.4231,0.0,0.0,0.0,0.0,1.0
3.2516,41.3886,43.0045,82.8141,9.0,66.2017,18.8614,33.7765,0.0,1.0,1.0,0.0,0.0
83.6497,17.7151,2.2959,30.0646,20.0,30.0075,34.9246,35.8683,0.0,0.0,0.0,0.0,0.0
16.5103,60.2521,98.221,40.8892,61.0,7.632,48.4559,31.792,1.0,1.0,1.0,1.0,1.0
20.8979,60.4502,58.8055,99.9582,99.0,88.0701,4.5826,23.9495,1.0,0.0,0.0,1.0,1.0
61.0097,74.467,58.9831,85.4224,23.0,73.2655,85.1643,56.8518,1.0,1.0,0.0,1.0,1.0
70.7498,84.9927,71.6545,16.9917,19.0,72.1193,75.5733,21.9684,1.0,1.0,0.0,0.0,0.0
1.4473,79.4617,26.7905,76.5756,38.0,46.2325,34.2813,79.0838,0.0,1.0,1.0,0.0,0.0
77.7644,99.1958,56.7205,1.6865,38.0,59.8839,59.3309,90.4843,1.0,1.0,0.0,0.0,0.0
14.1015,55.2954,31.3229,94.9773,99.0,70.6286,10.4588,26.5933,1.0,1.0,1.0,1.0,1.0
39.2058,3.6924,27.6481,3.947,61.0,50.981,72.7953,15.3567,1.0,0.0,0.0,0.0,0.0
27.2809,52.5048,20.1379,32.0073,76.0,79.6536,11.9033,47.7775,1.0,0.0,0.0,1.0,1.0
10.7258,24.6275,41.3077,11.341,6.0,97.3412,96.5162,42.6066,1.0,0.0,0.0,0.0,0.0
31.1426,28.8449,31.6305,36.3948,71.0,77.536,32.2172,42.2713,1.0,1.0,1.0,1.0,1.0
22.1587,13.8089,31.3907,21.0905,91.0,30.6873,65.713,0.3007,1.0,1.0,0.0,0.0,0.0
2.3867,56.5522,12.257,85.4288,60.0,32.8612,38.7388,87.4211,0.0,0.0,1.0,0.0,0.0
91.3881,29.3715,54.0203,57.3032,55.0,21.3524,42.11,91.6049,0.0,0.0,0.0,0.0,0.0
16.3374,15.846,10.6332,38.9656,98.0,47.8679,47.1785,70.2172,1.0,0.0,0.0,0.0,0.0
22.6719,64.9191,30.1955,84.1153,6.0,84.6673,27.5439,49.7595,0.0,0.0,1.0,0.0,0.0
61.4926,20.2125,65.5244,40.1043,25.0,33.9386,94.2816,95.0241,0.0,0.0,0.0,0.0,0.0
51.4595,60.6405,58.411,56.072,44.0,6.774,53.3423,53.9398,1.0,1.0,1.0,1.0,1.0
19.5718,38.9947,44.6551,99.4661,28.0,38.7551,92.4906,84.8987,1.0,1.0,0.0,1.0,1.0
62.4562,45.2367,89.2285,57.4546,49.0,94.0576,26.1021,69.3564,0.0,0.0,1.0,0.0,0.0
37.3685,51.7345,82.2257,70.8362,76.0,79.1979,11.877,13.7486,0.0,1.0,1.0,0.0,0.0
52.7404,81.1091,61.2415,95.9088,68.0,93.8269,60.1431,36.9123,1.0,0.0,0.0,1.0,0.0
69.5479,98.9748,78.1076,18.3782,48.0,86.3562,57.5239,61.9149,1.0,1.0,0.0,0.0,0.0
26.447,65.1186,37.9153,76.9044,66.0,17.0084,62.2788,19.6807,1.0,1.0,1.0,1.0,1.0
8.2145,47.2582,85.3008,29.3017,77.0,33.8041,11.0639,25.9609,1.0,1.0,0.0,1.0,1.0
28.3967,54.6922,13.1063,88.2479,93.0,69.6,56.765,56.52,0.0,0.0,1.0,0.0,0.0
31.254,35.7939,36.469,75.4113,64.0,4.3939,71.8635,75.4465,0.0,0.0,1.0,0.0,0.0
63.2568,70.1536,44.9991,50.8463,46.0,32.7495,13.9338,68.8844,1.0,1.0,1.0,0.0,1.0
53.8547,95.6083,86.301,59.5963,71.0,99.3259,39.5235,55.244,1.0,0.0,0.0,0.0,0.0
43.3653,72.3627,18.2409,81.1882,39.0,2.8016,11.3071,79.6865,0.0,0.0,1.0,0.0,0.0
99.7415,16.0991,83.1826,43.4581,30.0,36.9919,8.4309,48.76,0.0,0.0,0.0,0.0,0.0
16.4002,54.9291,49.4665,94.9464,36.0,47.6934,35.6185,21.7689,1.0,1.0,1.0,1.0,1.0
22.1187,30.0605,32.7296,75.3006,90.0,70.3938,61.3609,70.0977,1.0,1.0,1.0,1.0,1.0
63.7973,80.6067,53.4936,90.7809,48.0,74.0376,15.8138,21.1296,0.0,1.0,1.0,0.0,0.0
67.999,69.8236,10.2546,0.8087,87.0,27.5085,10.1905,15.4446,1.0,0.0,0.0,0.0,0.0
21.1603,65.5236,43.459,52.5217,18.0,37.7061,51.6911,30.2916,0.0,1.0,1.0,0.0,0.0
31.6982,62.8822,91.5609,76.009,65.0,49.3524,67.621,42.246,0.0,1.0,1.0,1.0,0.0
29.3584,29.2652,39.6661,92.8651,55.0,31.1416,0.4316,45.3254,0.0,0.0,1.0,0.0,1.0
39.394,45.3802,82.6298,80.5818,84.0,76.2841,68.3271,76.4583,1.0,1.0,1.0,1.0,1.0
9.7272,37.733,76.3599,54.9675,26.0,3.3666,88.3231,48.8825,0.0,0.0,1.0,0.0,0.0
74.6495,26.9134,28.6437,54.8201,82.0,24.5893,41.037,56.937,0.0,0.0,1.0,0.0,0.0
28.6445,27.0619,50.9554,67.6454,27.0,7.6056,76.8064,32.8902,1.0,1.0,1.0,1.0,1.0
1.0258,24.4851,78.7671,10.0793,56.0,3.9359,3.6784,94.7853,0.0,0.0,0.0,0.0,0.0
83.0499,83.1534,6.2114,38.7744,23.0,30.4208,47.4494,56.9079,0.0,0.0,0.0,0.0,0.0
49.8565,99.7397,75.9077,76.7207,64.0,76.326,38.6717,94.1338,1.0,1.0,0.0,1.0,1.0
24.4577,33.8669,65.2726,22.4174,19.0,49.7182,51.6648,48.6959,1.0,1.0,1.0,1.0,1.0
3.1226,66.0872,53.8101,83.528,23.0,25.9538,31.77,27.9192,0.0,1.0,1.0,0.0,1.0
35.6732,32.9711,38.0793,95.6146,6.0,46.0896,80.812,24.3192,0.0,0.0,1.0,0.0,0.0
44.0305,11.4711,91.4212,64.6371,47.0,89.1726,6.2207,52.5731,0.0,0.0,1.0,0.0,0.0
91.7379,71.0882,94.3473,37.6724,87.0,71.3247,26.6919,22.3037,0.0,0.0,0.0,0.0,0.0
90.7534,61.274,65.2975,4.3808,78.0,31.9305,5.2674,77.0807,0.0,0.0,0.0,0.0,0.0
63.9684,72.1607,94.5015,84.3169,24.0,12.3174,68.9958,51.0885,1.0,1.0,0.0,1.0,1.0
40.4297,40.0174,33.6417,62.8349,74.0,33.0218,27.4627,77.5636,1.0,1.0,0.0,1.0,1.0
59.5777,18.1509,94.5636,25.5557,48.0,5.025,66.393,19.4015,1.0,1.0,0.0,0.0,1.0
32.7772,95.3432,61.6876,65.053,35.0,16.2407,82.4151,43.5682,0.0,1.0,1.0,0.0,0.0
86.7511,19.202,97.9805,3.0569,4.0,62.6318,5.617,21.7151,0.0,0.0,0.0,0.0,0.0
95.097,67.2945,93.9922,31.3934,23.0,89.7583,58.2661,13.2089,1.0,0.0,0.0,0.0,0.0
70.8145,44.4067,63.8763,12.8785,7.0,42.3537,21.3999,3.0557,0.0,0.0,0.0,0.0,0.0
71.2829,85.3376,61.1859,51.4941,8.0,83.0535,93.3039,14.7322,0.0,0.0,0.0,0.0,0.0
19.1328,5.2482,17.6739,50.9468,91.0,55.9076,97.7011,89.5024,1.0,0.0,0.0,0.0,0.0
73.7085,26.2027,66.5834,25.6988,31.0,85.1025,40.7139,58.8714,0.0,0.0,1.0,0.0,0.0
8.4613,66.1063,49.707,66.1365,77.0,2.0023,68.4236,20.1159,0.0,1.0,1.0,0.0,1.0
6.0935,99.3711,49.9697,1.0938,34.0,70.7799,8.0163,97.994,1.0,0.0,0.0,0.0,0.0
12.725,14.1695,7.1835,50.6834,53.0,37.0167,96.2541,4.5879,0.0,0.0,0.0,0.0,0.0
87.9601,89.4627,29.6757,34.3062,56.0,97.581,27.8118,14.6846,1.0,0.0,0.0,0.0,0.0
76.5268,47.1511,72.9958,33.3223,27.0,76.3924,99.0771,73.7143,0.0,0.0,0.0,0.0,0.0
37.0454,28.1934,71.0868,61.9215,99.0,41.7551,97.2368,19.2808,0.0,1.0,1.0,0.0,0.0
67.187,82.8101,74.4465,61.1038,51.0,84.5441,97.33,67.7822,1.0,1.0,1.0,0.0,0.0
13.2184,22.3821,99.2441,40.8094,2.0,93.5975,23.7042,61.6368,1.0,0.0,0.0,0.0,0.0
3.0797,39.2801,87.8793,34.84,66.0,48.1676,40.0054,25.0127,0.0,1.0,1.0,0.0,0.0
60.303,99.5417,64.9004,76.9641,46.0,89.8844,39.5796,24.2013,0.0,0.0,1.0,0.0,1.0
39.2338,97.8645,77.7508,66.3824,10.0,73.9272,37.5123,46.5066,0.0,0.0,1.0,0.0,0.0
54.5675,85.0505,89.2097,56.9774,22.0,27.6707,93.5655,27.8542,0.0,1.0,0.0,0.0,0.0
8.3771,48.8193,0.9582,92.5419,96.0,82.1479,90.4024,39.2832,0.0,0.0,0.0,0.0,0.0
21.6799,54.6154,52.7854,97.6464,44.0,24.8892,38.4217,26.8279,0.0,1.0,1.0,0.0,1.0
52.4262,16.6651,78.4082,80.1361,90.0,47.226,67.3174,44.9157,0.0,0.0,0.0,0.0,0.0
96.335,94.0085,55.5666,6.1772,80.0,74.5903,94.1399,80.6866,1.0,0.0,0.0,0.0,0.0
54.3407,38.5241,7.5199,50.6611,50.0,17.8337,48.5046,64.5039,0.0,0.0,0.0,0.0,0.0
95.7557,61.3129,14.4203,55.4725,75.0,18.5648,48.166,86.9817,0.0,0.0,0.0,0.0,0.0
46.9625,73.1078,33.443,15.4355,16.0,15.9394,20.7546,65.1489,1.0,1.0,1.0,0.0,1.0
7.5355,87.4419,38.9705,44.6196,13.0,40.35,3.04,39.383,1.0,0.0,1.0,1.0,1.0
6.3039,61.2135,42.9139,95.177,76.0,54.6115,52.8643,20.5665,0.0,1.0,1.0,0.0,0.0
62.6576,70.9733,41.789,94.3948,59.0,42.3877,13.5214,41.896,0.0,0.0,1.0,0.0,0.0
29.15,84.1601,67.1967,44.1026,91.0,18.992,80.3625,43.1173,0.0,1.0,1.0,0.0,0.0
36.7058,79.7531,89.5768,54.3685,75.0,19.8568,24.2877,28.251,1.0,1.0,0.0,1.0,1.0
74.0162,20.9049,44.9892,27.9214,43.0,8.3985,86.7197,0.6291,1.0,1.0,0.0,0.0,0.0
44.2882,75.7444,55.7453,29.4173,38.0,72.0066,83.2578,72.295,1.0,1.0,0.0,1.0,1.0
42.0113,68.1655,78.2661,77.548,5.0,63.6665,68.1336,8.4489,0.0,0.0,1.0,0.0,0.0
70.5968,98.7201,83.4146,70.9429,87.0,80.9837,5.9835,57.3597,0.0,0.0,0.0,0.0,0.0
25.2248,45.4755,5.1492,2.1129,27.0,19.3721,46.5414,88.4379,1.0,0.0,0.0,0.0,0.0
68.6102,29.9777,52.9549,88.8696,33.0,33.9264,79.2343,43.6439,0.0,1.0,1.0,0.0,0.0
49.0833,35.0724,26.1687,44.4605,79.0,9.6314,95.6794,90.5034,0.0,0.0,1.0,0.0,0.0
30.8846,55.9312,65.5539,70.3019,79.0,58.1339,70.2018,27.2639,0.0,1.0,1.0,0.0,0.0
63.65,29.1786,4.1069,55.5216,74.0,69.8257,42.889,28.487,0.0,0.0,0.0,0.0,0.0
88.4542,74.4229,36.7108,79.9094,34.0,69.1306,85.2344,87.8324,1.0,0.0,0.0,0.0,1.0
72.6387,87.0155,72.7663,1.7331,10.0,26.2748,81.7958,58.4145,1.0,1.0,0.0,0.0,0.0
49.3658,86.0711,73.5528,21.9058,87.0,76.1246,38.0175,79.135,0.0,0.0,1.0,0.0,0.0
87.4835,79.0006,34.7899,0.7983,53.0,16.7728,78.1072,41.0041,0.0,0.0,0.0,0.0,0.0
40.7985,56.6664,99.4457,74.3569,48.0,24.1889,31.3186,35.6999,0.0,1.0,1.0,0.0,1.0
70.3432,85.462,50.757,16.7363,80.0,48.4522,29.6829,27.6306,0.0,0.0,0.0,0.0,0.0
4.6875,37.133,12.8342,94.854,21.0,98.7746,61.405,82.4634,1.0,0.0,0.0,0.0,0.0
43.7207,89.9949,94.3727,69.5756,56.0,52.7891,66.2409,38.6043,0.0,1.0,1.0,1.0,0.0
21.3667,38.2776,44.6817,19.5167,31.0,90.6855,49.6334,90.6586,0.0,0.0,1.0,0.0,0.0
13.5176,94.5014,64.1749,81.7118,48.0,30.7319,79.8071,57.0183,1.0,1.0,1.0,1.0,1.0
9.3343,62.9854,45.808,56.6804,75.0,17.3578,64.1855,37.7036,0.0,1.0,1.0,1.0,1.0
28.4607,45.3744,52.4903,45.0887,63.0,21.6694,97.9141,63.2077,0.0,1.0,1.0,0.0,0.0
84.8294,68.4134,16.716,47.1931,38.0,73.2745,80.7716,5.3223,0.0,0.0,0.0,0.0,0.0
89.7407,14.7093,95.4295,64.6263,87.0,16.2491,74.1115,46.8775,0.0,0.0,0.0,0.0,0.0
24.3916,87.6612,65.0873,19.1386,97.0,0.8751,28.963,33.1598,1.0,1.0,1.0,1.0,1.0
27.151,96.8266,89.3889,39.6708,80.0,42.512,74.8385,7.9235,0.0,1.0,0.0,0.0,0.0
39.3762,80.9215,97.9055,11.117,92.0,17.8298,68.6553,46.6313,1.0,1.0,0.0,0.0,0.0
66.2345,28.8204,40.1826,92.8533,74.0,11.4094,50.2991,55.0589,0.0,0.0,1.0,0.0,0.0
43.0048,69.5707,70.0697,83.9073,100.0,65.3175,34.2429,4.6015,1.0,1.0,0.0,0.0,0.0
63.3984,13.9518,2.211,17.7338,60.0,15.036,52.4614,38.3921,0.0,0.0,0.0,0.0,0.0
23.5253,9.9258,62.3353,94.1743,73.0,91.1182,56.8724,60.9555,0.0,0.0,1.0,0.0,0.0
49.584,57.4904,62.4224,86.173,8.0,83.424,12.7676,81.9111,1.0,1.0,0.0,1.0,1.0
16.883,99.4564,77.2142,61.5827,62.0,49.9444,70.604,21.3175,0.0,1.0,1.0,0.0,1.0
75.353,58.5066,34.1678,1.3129,45.0,14.2311,88.4427,53.289,0.0,1.0,0.0,0.0,0.0
19.831,35.4552,75.9299,45.5722,67.0,89.3883,32.2841,27.1529,0.0,0.0,1.0,0.0,0.0
15.7112,3.6974,37.8635,84.5578,53.0,4.038,4.3636,92.0106,0.0,0.0,0.0,0.0,0.0
95.441,28.4174,37.6771,60.5276,95.0,21.236,4.763,77.4517,0.0,0.0,0.0,0.0,0.0
59.8209,86.8958,61.5963,56.915,19.0,29.638,67.7679,80.2691,0.0,1.0,1.0,0.0,0.0
28.9275,87.6224,57.3588,79.8154,7.0,58.0616,13.8589,14.0113,1.0,0.0,0.0,1.0,1.0
24.1277,75.3156,97.4133,63.8608,25.0,71.7541,8.6891,50.2693,1.0,1.0,1.0,1.0,1.0
48.5708,73.216,15.2335,90.6948,67.0,65.3877,24.782,57.8657,0.0,0.0,1.0,0.0,0.0
42.4761,61.3734,10.4142,62.0261,44.0,77.6009,60.629,58.5802,0.0,0.0,0.0,0.0,0.0
45.3306,99.9369,15.5793,97.233,65.0,21.1909,96.5799,47.417,1.0,1.0,0.0,0.0,0.0
55.4725,87.6354,45.1839,57.033,25.0,15.7107,76.2411,69.2472,0.0,0.0,1.0,0.0,0.0
79.1422,91.9118,68.7156,1.8129,28.0,5.4098,29.8686,0.1334,0.0,0.0,0.0,0.0,0.0
74.0852,50.5306,61.3424,67.455,75.0,90.1643,81.9468,72.6785,1.0,0.0,1.0,1.0,1.0
21.7133,72.6406,69.4003,78.1856,22.0,97.0829,45.7453,65.2462,0.0,0.0,0.0,0.0,0.0
19.7789,15.9682,5.5744,3.23,59.0,67.3138,46.2529,86.2175,0.0,0.0,0.0,0.0,0.0
30.2516,30.5438,44.865,91.6806,29.0,63.3168,8.6007,44.7845,0.0,1.0,1.0,0.0,0.0
19.0738,5.2989,36.7685,45.0738,30.0,99.2957,62.0218,22.4371,1.0,0.0,0.0,0.0,0.0
39.4168,31.6754,4.5305,5.851,51.0,8.5729,58.675,28.6107,1.0,0.0,0.0,0.0,0.0
91.6462,95.922,7.0829,58.4053,52.0,17.6669,62.0538,15.6691,1.0,0.0,0.0,0.0,0.0
26.1293,82.9241,22.4996,14.0682,91.0,21.3928,73.2437,24.0561,0.0,1.0,0.0,0.0,0.0
48.5587,94.4869,59.9135,55.7682,3.0,73.095,6.4579,73.4757,1.0,0.0,0.0,0.0,0.0
1.5873,56.0266,50.4784,50.5325,64.0,3.5332,41.2679,9.0236,0.0,1.0,1.0,0.0,0.0
46.7241,47.1526,49.5821,72.3895,53.0,11.0447,82.6213,52.7272,0.0,1.0,1.0,0.0,0.0
17.2269,58.0177,89.7227,78.0089,46.0,66.9501,77.1527,9.5615,1.0,1.0,1.0,1.0,0.0
57.5833,12.8211,12.4141,24.6528,15.0,44.8335,42.7981,80.2713,1.0,0.0,0.0,0.0,0.0
13.2017,47.5747,25.5718,78.2357,0.0,36.8934,34.8024,27.2427,0.0,0.0,0.0,0.0,1.0
15.5957,75.2812,94.4324,4.0818,9.0,83.2168,12.4641,29.8797,1.0,1.0,0.0,0.0,0.0
2.6987,18.667,71.9589,86.5138,23.0,52.0788,71.6369,42.0725,0.0,0.0,1.0,0.0,0.0
33.2316,26.7338,50.1196,65.1642,62.0,53.6069,40.4379,63.1878,1.0,1.0,1.0,1.0,1.0
96.291,22.6925,21.0462,44.6235,90.0,86.3431,30.2117,53.0609,0.0,0.0,0.0,0.0,0.0
4.5164,51.5319,47.7349,69.4091,62.0,87.0048,0.3028,47.0023,0.0,0.0,1.0,0.0,0.0
2.5526,75.1065,35.5539,53.617,77.0,19.9847,46.975,15.8154,0.0,1.0,1.0,0.0,0.0
13.4669,70.5593,25.9974,38.2998,27.0,7.7923,99.699,13.6183,0.0,0.0,1.0,0.0,0.0
97.3844,38.1374,79.6511,93.8092,46.0,18.0268,0.5762,65.5619,1.0,0.0,0.0,0.0,0.0
29.9741,95.1939,32.3599,92.4474,35.0,91.0845,10.2941,92.3155,0.0,0.0,1.0,0.0,0.0
49.5907,9.2114,57.2903,93.3539,0.0,27.3951,67.6846,43.0983,0.0,0.0,0.0,0.0,0.0
26.9087,29.4015,75.1679,76.8965,59.0,58.5437,19.9175,79.9614,0.0,0.0,1.0,0.0,0.0
13.3554,44.1426,76.8506,93.0475,39.0,21.8751,18.9654,8.7166,0.0,0.0,1.0,0.0,0.0
9.8592,75.1834,51.8769,61.2271,66.0,92.9079,10.657,41.414,1.0,1.0,1.0,1.0,1.0
30.6791,49.7214,65.5766,88.7077,84.0,44.2451,46.8616,17.8226,1.0,1.0,1.0,1.0,1.0
66.5679,43.3592,10.9929,36.7466,30.0,73.1319,6.8075,12.8117,1.0,0.0,0.0,0.0,0.0
9.206,13.2639,29.7625,58.1218,26.0,10.0376,2.0014,99.5821,0.0,0.0,0.0,0.0,0.0
40.3332,71.5829,72.9876,70.7808,18.0,53.736,14.9415,18.6122,0.0,0.0,1.0,0.0,0.0
10.4468,14.931,91.1661,45.5261,9.0,1.3625,4.1905,24.6189,0.0,0.0,1.0,0.0,0.0
30.8742,84.7726,15.7405,98.5382,34.0,10.5155,31.4242,16.5088,0.0,0.0,0.0,0.0,0.0
59.4055,64.1204,39.4047,81.6138,25.0,73.2553,85.5808,63.9091,0.0,0.0,1.0,0.0,0.0
51.4394,17.1652,83.4435,41.89,4.0,25.2933,3.2582,68.0191,1.0,0.0,0.0,0.0,0.0
35.7651,99.8492,45.1259,38.2241,16.0,87.1329,78.465,43.1354,0.0,0.0,1.0,0.0,0.0
31.3424,30.9265,70.5544,37.4236,100.0,79.6121,10.444,63.1992,0.0,0.0,1.0,0.0,0.0
28.5029,33.2207,32.6281,56.584,98.0,77.368,44.1244,52.7742,0.0,0.0,1.0,0.0,1.0
56.1831,61.9271,29.2962,95.852,89.0,90.1651,0.4009,61.4415,0.0,0.0,1.0,0.0,0.0
4.2112,26.9452,85.7229,86.4184,69.0,90.88,84.6469,32.5207,0.0,0.0,1.0,0.0,0.0
10.2655,81.1436,40.354,81.4688,6.0,19.6833,62.835,26.6009,0.0,0.0,1.0,0.0,0.0
58.2773,3.1705,81.9674,61.2485,27.0,54.8662,91.4539,87.5412,0.0,0.0,0.0,0.0,0.0
14.8559,21.8372,6.478,76.2443,86.0,11.1564,83.2242,58.1114,0.0,0.0,0.0,0.0,0.0
41.3204,90.2146,32.4866,23.8762,47.0,61.1753,60.6569,80.7208,0.0,0.0,1.0,0.0,0.0
37.7246,49.9495,45.8452,93.0521,36.0,46.5909,1.9769,91.7881,0.0,0.0,0.0,0.0,0.0
69.0384,58.1177,29.4287,78.2178,42.0,75.0677,7.4246,35.232,1.0,1.0,0.0,1.0,1.0
43.2013,46.1209,72.3073,52.3545,95.0,46.714,67.5435,43.4396,0.0,1.0,1.0,0.0,0.0
26.7569,23.9932,80.2227,56.8827,57.0,38.4155,53.738,96.9539,0.0,0.0,0.0,0.0,0.0
1.3091,45.0172,35.392,65.3705,86.0,37.9536,0.5411,75.2479,0.0,0.0,0.0,1.0,1.0
60.2578,44.9787,87.0364,78.0283,4.0,14.1228,74.1613,55.0777,0.0,0.0,0.0,0.0,0.0
62.0643,71.7051,63.1913,88.893,45.0,87.5022,4.9628,1.2431,1.0,0.0,0.0,0.0,0.0
6.8231,63.5729,97.2828,91.0841,98.0,59.8422,27.5458,42.0354,0.0,1.0,1.0,0.0,1.0
9.0449,31.6353,84.2947,80.8374,11.0,71.4261,68.9595,35.4277,0.0,0.0,1.0,0.0,0.0
82.1404,78.393,57.7975,67.2128,12.0,33.8224,60.3466,94.1781,1.0,0.0,1.0,0.0,1.0
3.6781,23.2177,18.7375,92.0121,79.0,50.7753,30.1017,72.632,0.0,0.0,1.0,0.0,0.0
10.7623,68.2619,11.76,86.1352,42.0,52.8555,53.2499,56.2123,0.0,1.0,0.0,0.0,0.0
5.4568,75.278,82.185,57.5538,80.0,49.1634,94.331,27.8132,0.0,1.0,1.0,0.0,0.0
21.2431,30.1121,85.5863,26.724,89.0,37.8081,0.5162,38.9915,1.0,0.0,1.0,1.0,1.0
33.3962,41.1082,66.789,30.887,18.0,42.0701,45.1027,64.0692,0.0,1.0,1.0,1.0,0.0
20.6262,11.1758,75.3158,20.056,8.0,66.6992,19.6486,29.9902,1.0,0.0,0.0,0.0,0.0
20.0169,57.5471,39.9875,88.9483,32.0,62.8422,34.475,77.7143,0.0,0.0,1.0,0.0,0.0
65.9962,40.6287,80.1716,97.4288,89.0,42.3921,12.4593,8.5268,1.0,1.0,0.0,1.0,1.0
35.7973,2.2368,35.0501,0.4183,4.0,1.1225,40.917,76.7115,0.0,0.0,0.0,0.0,0.0
60.6483,44.2003,78.2656,20.391,23.0,50.9251,96.6376,79.453,1.0,1.0,0.0,0.0,0.0
35.0987,55.1346,54.4712,81.7995,77.0,42.9829,14.557,81.0134,1.0,1.0,0.0,1.0,1.0
3.1774,13.0433,64.4431,33.0669,14.0,61.2066,58.7694,12.9437,0.0,0.0,0.0,0.0,0.0
26.8333,76.5092,18.8222,89.6719,97.0,17.1694,83.3728,11.6312,1.0,1.0,1.0,0.0,0.0
23.3373,36.1233,86.9293,0.2513,27.0,20.3705,64.4531,84.3878,1.0,1.0,0.0,0.0,0.0
48.1511,8.5922,66.0189,64.032,52.0,74.643,21.775,72.5787,1.0,0.0,0.0,0.0,0.0
20.1006,83.494,96.7251,75.7847,41.0,82.7412,78.4694,35.1748,1.0,1.0,1.0,1.0,1.0
23.0086,72.3921,90.5284,82.8956,21.0,83.9752,15.648,59.7366,0.0,0.0,1.0,0.0,0.0
99.2326,54.6226,16.4131,87.2795,39.0,96.7981,32.0977,8.805,0.0,0.0,0.0,1.0,0.0
2.5477,54.0898,41.631,79.5253,21.0,62.415,25.6867,57.641,0.0,0.0,1.0,0.0,1.0
48.676,98.7346,27.7963,12.4462,5.0,17.018,3.6682,48.7829,1.0,0.0,0.0,0.0,0.0
27.0003,18.5791,16.0684,41.0383,99.0,6.7535,51.2681,23.2079,0.0,0.0,1.0,0.0,0.0
10.8352,76.7059,79.6595,54.0317,6.0,34.9272,70.692,27.9831,0.0,0.0,0.0,0.0,0.0
90.795,50.5824,56.2031,27.5623,98.0,2.466,36.0208,49.6892,1.0,0.0,0.0,0.0,0.0
97.7067,36.916,68.43,30.9406,52.0,4.6717,43.6796,12.8555,0.0,0.0,0.0,0.0,0.0
14.8056,96.4867,42.1657,97.5032,56.0,3.8272,23.5583,96.6958,0.0,0.0,0.0,0.0,1.0
3.9544,98.3786,99.5971,89.2452,53.0,18.3176,46.4056,78.9931,0.0,1.0,1.0,0.0,1.0
0.3479,31.1037,49.7947,66.0284,92.0,10.0186,89.724,20.9211,0.0,1.0,1.0,0.0,1.0
65.239,92.9929,7.7125,47.2052,25.0,59.2284,55.0193,59.7373,0.0,0.0,1.0,0.0,0.0
47.5091,63.2934,99.7018,80.0468,75.0,55.2012,82.3673,82.5975,0.0,0.0,1.0,0.0,0.0
45.4337,15.2339,63.8335,66.7869,6.0,88.7648,3.3042,75.2584,0.0,0.0,1.0,0.0,0.0
64.2788,36.7723,62.4648,47.0992,82.0,77.389,54.3296,95.3926,1.0,0.0,0.0,1.0,1.0
77.6097,58.706,0.9569,87.9595,15.0,50.4452,39.4283,35.6322,1.0,0.0,0.0,0.0,0.0
4.7339,96.9385,77.3962,49.1378,69.0,92.1176,39.0152,51.4003,0.0,0.0,1.0,0.0,0.0
51.393,75.1826,24.0665,98.2122,33.0,12.425,60.3929,35.1031,0.0,0.0,1.0,0.0,1.0
44.6492,54.5234,93.3759,18.1164,81.0,36.7152,90.8063,93.1537,1.0,1.0,0.0,0.0,0.0
23.9397,29.2822,31.0465,87.8369,49.0,96.9531,73.6474,60.7174,0.0,0.0,0.0,0.0,0.0
44.0973,68.4963,84.7475,28.5262,60.0,21.8288,69.2265,62.7408,0.0,1.0,1.0,1.0,0.0
15.9933,56.7998,52.3086,97.8073,9.0,0.5899,81.1907,64.1621,0.0,1.0,1.0,0.0,0.0
74.034,46.5301,2.3589,98.2992,31.0,36.9534,38.7754,65.0308,1.0,0.0,0.0,0.0,0.0
16.1478,35.5827,64.6684,66.8011,56.0,71.377,60.6661,17.4955,0.0,0.0,1.0,0.0,0.0
74.4254,55.757,25.0802,52.4795,28.0,90.6283,95.2703,16.9751,1.0,0.0,0.0,0.0,0.0
30.039,61.8006,53.056,48.1762,83.0,16.8713,64.0324,23.3281,0.0,1.0,1.0,0.0,1.0
57.4374,64.8683,43.4548,98.3533,64.0,10.5412,36.5392,59.3149,0.0,1.0,1.0,0.0,0.0
17.0492,20.3817,64.5264,86.403,7.0,7.9039,34.4295,55.4701,0.0,0.0,0.0,0.0,0.0
94.7115,86.8174,28.0543,44.5527,50.0,35.7511,34.6339,54.4936,0.0,0.0,0.0,0.0,0.0
57.5538,16.8008,48.8654,94.7794,30.0,57.4176,61.7474,52.362,0.0,0.0,1.0,0.0,0.0
98.9802,80.3436,29.7285,25.3565,58.0,82.0631,22.3605,53.0159,0.0,0.0,0.0,0.0,0.0
24.1486,27.1358,50.2094,72.9781,51.0,44.9528,59.5541,13.8406,1.0,1.0,0.0,1.0,1.0
58.5245,6.8593,31.0414,1.6081,42.0,74.8333,11.196,97.3685,1.0,0.0,0.0,0.0,0.0
65.6992,26.2014,87.4942,37.3662,80.0,59.4537,28.5825,36.7818,1.0,1.0,1.0,1.0,1.0
71.4559,95.9652,9.8536,98.1636,36.0,84.5606,88.7473,30.2596,0.0,0.0,0.0,0.0,0.0
38.3808,87.484,32.8345,91.6189,42.0,48.972,90.4304,88.9246,0.0,0.0,1.0,0.0,0.0
21.4121,54.3743,78.6631,52.4313,28.0,70.9213,8.6031,77.9303,1.0,1.0,0.0,1.0,1.0
22.8735,82.8451,99.9837,37.8175,48.0,51.2577,61.7104,75.3743,1.0,0.0,0.0,1.0,1.0
67.4745,32.8921,70.937,29.5463,86.0,32.5556,84.7598,40.5195,0.0,0.0,1.0,0.0,0.0
66.9126,23.8596,29.9802,90.6291,53.0,57.1086,13.4706,57.7331,1.0,0.0,0.0,1.0,0.0
82.4517,26.5857,30.6363,32.6215,48.0,1.1378,9.5993,39.3104,0.0,0.0,0.0,0.0,0.0
0.824,80.8856,15.4124,74.1041,53.0,95.4343,34.8038,51.8821,1.0,0.0,0.0,0.0,1.0
75.4109,96.1459,79.7946,52.2718,54.0,40.9278,50.5191,51.1027,1.0,1.0,1.0,0.0,1.0
3.8938,92.1435,13.6127,22.8282,76.0,91.3621,92.3788,5.0078,1.0,1.0,0.0,0.0,0.0
75.3517,39.237,53.6212,82.5649,29.0,44.1912,4.6451,70.9622,0.0,0.0,1.0,0.0,0.0
59.569,90.96,33.1788,58.7957,90.0,97.1976,15.9272,59.5062,0.0,0.0,0.0,0.0,0.0
7.7709,12.6523,67.0195,17.6433,74.0,78.5135,24.2422,20.8055,1.0,1.0,1.0,0.0,0.0
8.0555,70.966,98.8309,46.9282,5.0,6.7007,19.7074,63.4295,0.0,0.0,1.0,0.0,0.0
43.5577,10.0232,55.2252,97.9094,95.0,32.8994,65.0084,22.6824,1.0,1.0,1.0,0.0,0.0
73.0591,2.2853,17.6785,90.8075,26.0,73.1177,42.1352,54.5368,1.0,0.0,0.0,0.0,0.0
20.5019,83.9436,44.0094,53.3791,55.0,5.4159,81.3498,51.6005,0.0,1.0,1.0,1.0,0.0
21.0467,38.4483,31.4699,89.8945,83.0,12.5463,19.9134,73.6028,0.0,0.0,1.0,0.0,1.0
4.8495,38.8673,48.1763,86.1669,60.0,21.3455,33.3665,94.672,1.0,0.0,1.0,1.0,1.0
35.4988,50.8644,59.1683,88.3755,22.0,68.8156,69.1969,52.0297,0.0,0.0,1.0,0.0,0.0
94.6765,65.9999,4.0873,71.5291,10.0,30.5311,90.7131,8.3273,0.0,0.0,0.0,0.0,0.0
48.6632,72.1785,83.9918,83.0391,54.0,37.4712,16.9442,47.9947,1.0,1.0,1.0,1.0,1.0
10.3823,73.6039,16.3563,45.4349,64.0,55.125,52.3863,60.9854,1.0,1.0,0.0,1.0,1.0
52.1316,69.8485,33.6969,95.486,85.0,33.6331,69.7126,83.6888,0.0,1.0,1.0,0.0,1.0
6.5257,45.4185,44.1774,40.1366,95.0,69.8765,34.8407,5.1644,0.0,0.0,0.0,0.0,0.0
34.2192,97.9602,6.6149,62.1612,43.0,20.6695,87.7559,92.8694,0.0,0.0,0.0,0.0,0.0
62.5892,5.1186,23.8478,20.3229,100.0,30.3481,71.3276,25.7747,0.0,0.0,0.0,0.0,0.0
14.4161,10.5601,66.6982,2.2723,21.0,59.2095,62.0377,16.2302,0.0,0.0,0.0,0.0,0.0
71.1525,69.4722,52.8228,49.4532,10.0,17.823,85.3576,99.9089,0.0,0.0,0.0,1.0,1.0
20.3902,48.548,97.3914,94.4447,72.0,78.0727,15.7092,41.4522,0.0,0.0,1.0,0.0,0.0
22.259,17.1005,3.4623,95.9425,37.0,29.6035,9.4171,2.8399,1.0,0.0,0.0,0.0,0.0
64.6274,68.6476,45.2729,50.6456,56.0,48.3143,83.5433,45.3074,0.0,1.0,1.0,0.0,0.0
2.7703,67.533,9.644,0.7915,20.0,33.9497,6.6538,16.2142,0.0,0.0,0.0,0.0,0.0
38.2114,91.8598,55.6116,95.2279,18.0,47.1146,56.4174,60.7387,0.0,0.0,1.0,0.0,0.0
60.5894,69.2802,17.5061,98.1809,95.0,37.6022,10.1805,49.3942,0.0,0.0,1.0,0.0,0.0
53.1743,34.2538,39.0847,77.7873,99.0,13.8295,48.2678,36.0164,1.0,1.0,0.0,1.0,1.0
42.9305,53.185,63.3453,92.6371,90.0,62.6426,51.7721,35.4311,1.0,1.0,0.0,1.0,1.0
5.7616,50.2896,85.2881,37.8525,92.0,64.613,95.2314,62.1682,0.0,1.0,1.0,0.0,0.0
62.4831,50.0151,94.3843,38.659,11.0,54.4053,17.7227,64.0073,0.0,0.0,1.0,0.0,0.0
19.2378,66.9512,39.3109,65.0382,33.0,7.4813,34.1442,70.2833,1.0,1.0,1.0,1.0,1.0
0.5703,54.63,51.6489,27.6057,39.0,25.0469,17.7975,40.3975,0.0,1.0,1.0,0.0,1.0
22.3962,44.9457,53.7437,83.8287,63.0,85.7671,63.0361,35.4476,0.0,1.0,0.0,0.0,0.0
11.5611,77.8904,94.9045,86.1445,12.0,75.024,14.6466,51.0439,0.0,0.0,1.0,0.0,0.0
54.4762,64.2557,63.6009,35.5858,89.0,31.4358,88.8059,15.01,1.0,1.0,0.0,1.0,1.0
54.1865,22.5397,38.6296,66.8875,50.0,23.8222,74.6248,63.1123,1.0,1.0,0.0,1.0,1.0
32.4307,33.1152,86.9319,72.2628,1.0,42.558,52.9367,23.9269,0.0,0.0,0.0,0.0,0.0
47.1527,71.3884,47.5878,57.4778,13.0,86.7401,26.4862,48.1221,0.0,0.0,0.0,0.0,0.0
48.9569,94.5825,10.0365,20.0667,66.0,61.2676,13.6958,73.3835,0.0,0.0,0.0,0.0,0.0
18.5356,26.6911,54.8561,36.087,68.0,46.828,45.3099,81.0772,1.0,1.0,1.0,1.0,1.0
4.2792,56.9814,13.8464,76.514,92.0,81.0103,92.0593,85.6488,1.0,0.0,1.0,0.0,0.0
30.2842,49.7057,55.0379,52.1832,54.0,43.4102,50.7958,82.76,0.0,1.0,1.0,0.0,1.0
15.3475,77.8873,18.4039,62.618,53.0,98.2511,32.712,92.5237,0.0,0.0,0.0,0.0,0.0
18.9816,92.8092,92.1139,77.311,76.0,14.2619,58.2958,91.327,0.0,1.0,1.0,0.0,1.0
22.65,62.8651,42.3926,50.2239,62.0,23.0952,30.5785,40.8441,1.0,1.0,1.0,1.0,1.0
42.6091,48.1508,32.8528,84.4248,29.0,27.7068,25.1934,64.7942,0.0,0.0,1.0,0.0,0.0
14.4952,6.6339,9.077,34.399,51.0,83.203,14.3917,49.3684,0.0,0.0,0.0,0.0,0.0
16.0089,57.5929,96.972,85.9191,36.0,0.2172,25.8122,92.3659,1.0,1.0,1.0,1.0,1.0
59.5641,59.9486,10.1623,4.7625,94.0,89.3317,94.3249,47.0006,1.0,0.0,0.0,0.0,0.0
90.5131,0.5195,31.4917,84.2091,14.0,62.6074,1.0973,83.0999,1.0,0.0,0.0,0.0,0.0
55.8654,0.8596,3.5541,63.112,71.0,69.2319,18.0414,79.6799,0.0,0.0,0.0,0.0,1.0
1.7387,91.1391,40.161,5.3576,88.0,65.2092,20.2904,35.9789,1.0,1.0,0.0,0.0,0.0
29.0754,78.4178,99.0879,89.819,67.0,67.099,22.5465,44.0972,0.0,1.0,1.0,0.0,0.0
4.6081,47.5955,85.4471,93.3005,74.0,39.2639,3.213,70.8036,0.0,0.0,1.0,0.0,1.0
70.6763,5.3096,52.2444,5.3164,3.0,64.753,90.3595,4.6822,0.0,0.0,0.0,0.0,0.0
69.7569,21.9232,63.4675,88.8832,52.0,90.0883,25.2307,87.2722,0.0,0.0,0.0,0.0,0.0
24.6127,93.3782,61.6047,77.0924,9.0,4.012,47.2738,82.4359,0.0,1.0,1.0,0.0,1.0
62.4587,35.723,82.7785,72.2397,52.0,87.9881,5.3445,3.7268,0.0,0.0,0.0,0.0,0.0
40.1857,21.6139,16.7246,59.4729,78.0,58.1515,76.9566,53.201,0.0,0.0,1.0,0.0,0.0
25.1797,80.5156,28.2919,72.5915,52.0,2.6082,83.4326,7.4607,1.0,1.0,0.0,0.0,1.0
98.6661,28.4549,37.5199,21.2579,60.0,79.573,69.7531,50.7448,1.0,0.0,0.0,0.0,0.0
34.9281,22.736,37.0284,99.135,92.0,1.3,5.1033,12.1105,0.0,0.0,1.0,0.0,0.0
19.0621,32.5015,30.8498,28.7418,22.0,45.813,22.2693,10.3515,0.0,1.0,0.0,0.0,0.0
14.5035,91.0176,31.0986,54.7596,94.0,1.2423,3.8802,72.1054,1.0,1.0,1.0,1.0,1.0
10.8543,22.5748,26.0739,44.6937,64.0,19.0727,3.7968,14.9342,0.0,0.0,0.0,0.0,0.0
94.3773,56.5159,82.0729,64.1982,12.0,12.3287,6.2229,94.6019,1.0,0.0,0.0,0.0,0.0
65.9173,91.4702,38.5276,58.1074,59.0,64.1703,17.2935,14.1911,0.0,0.0,0.0,0.0,0.0
2.9748,99.84,45.8759,95.6272,26.0,77.2378,96.9723,22.5349,1.0,1.0,1.0,0.0,0.0
78.4961,4.5733,63.5426,72.7874,0.0,79.5518,15.882,88.1415,0.0,0.0,0.0,1.0,0.0
24.6548,20.4826,96.0251,44.306,80.0,80.3861,22.0393,49.9601,0.0,1.0,1.0,0.0,0.0
32.3831,42.7007,95.4625,17.4561,16.0,32.4669,1.6018,66.1655,0.0,0.0,1.0,0.0,0.0
45.2807,63.3474,9.5593,91.4667,50.0,78.0651,48.7935,71.6191,0.0,0.0,0.0,0.0,0.0
95.6095,76.2218,25.9402,54.4386,82.0,55.2015,58.2504,84.7038,1.0,0.0,0.0,0.0,0.0
16.8479,11.266,63.5273,56.5541,39.0,2.7849,50.8952,92.9242,1.0,0.0,0.0,0.0,0.0
59.0929,90.5552,14.1967,27.3547,24.0,91.728,13.6433,48.6791,0.0,0.0,0.0,0.0,0.0
53.8113,12.9239,51.7077,62.2321,15.0,52.8815,6.9905,49.642,0.0,0.0,1.0,0.0,0.0
39.6902,2.2874,51.0864,62.2112,6.0,30.2486,89.7015,10.5262,1.0,0.0,0.0,0.0,0.0
94.6494,6.859,23.3346,56.72,18.0,16.0603,56.7952,52.7696,1.0,0.0,0.0,0.0,0.0
40.0633,73.0555,70.2959,70.265,31.0,44.8033,0.0717,49.9438,0.0,0.0,1.0,1.0,1.0
60.0988,90.0319,79.0926,87.5321,91.0,61.6436,24.6642,40.3569,1.0,1.0,1.0,1.0,1.0
46.8843,52.6672,21.9238,13.2918,12.0,53.158,61.2307,62.7577,1.0,1.0,0.0,0.0,0.0
22.4691,96.7566,48.99,26.0933,9.0,72.4964,38.1728,16.8396,0.0,0.0,1.0,0.0,0.0
28.52,7.0448,37.493,64.5072,82.0,34.2117,65.705,3.1638,0.0,0.0,0.0,0.0,0.0
67.3699,93.5785,57.156,64.4807,34.0,17.4872,1.4092,53.6817,0.0,0.0,1.0,0.0,0.0
16.6253,71.0979,16.8125,87.8953,21.0,43.6938,30.1943,99.8267,1.0,0.0,0.0,1.0,1.0
33.1598,23.6076,33.3447,22.3511,88.0,36.4361,56.5862,27.4406,0.0,0.0,1.0,0.0,0.0
51.4152,90.5806,27.3102,75.1168,43.0,1.5783,88.9528,74.0545,0.0,0.0,1.0,0.0,0.0
3.8258,17.0829,66.3026,28.0266,29.0,31.192,52.3111,78.9936,0.0,0.0,0.0,0.0,0.0
60.8072,34.852,88.4651,92.4691,70.0,46.5874,47.3499,49.6109,1.0,1.0,1.0,1.0,1.0
42.7842,83.334,16.63,93.2337,94.0,30.5842,68.3612,90.2987,0.0,0.0,1.0,0.0,0.0
31.003,75.2408,4.6233,89.5919,61.0,38.0816,41.4764,21.4193,1.0,0.0,0.0,0.0,0.0
13.7565,55.1827,65.3382,93.1551,61.0,82.5312,72.3532,32.9327,0.0,0.0,1.0,0.0,1.0
30.9635,95.9403,84.0106,7.8811,90.0,60.9449,40.3172,29.6776,1.0,1.0,0.0,0.0,1.0
75.4547,5.8949,42.4398,48.0217,42.0,32.6386,95.5872,48.502,0.0,0.0,0.0,0.0,0.0
18.0873,82.7902,47.7854,38.4421,93.0,47.4599,10.835,22.4512,0.0,1.0,1.0,0.0,0.0
77.9032,17.9336,81.9512,25.5669,25.0,44.9351,55.0036,42.3801,1.0,1.0,0.0,0.0,0.0
36.1527,26.6744,62.5722,89.3131,63.0,35.8364,95.3932,88.3971,0.0,1.0,1.0,0.0,0.0
8.1274,42.6692,15.363,68.885,10.0,56.3172,64.6118,73.5937,0.0,0.0,1.0,0.0,0.0
41.3946,99.8788,78.2346,47.0583,68.0,66.294,71.7601,75.9232,1.0,1.0,1.0,1.0,1.0
90.5076,11.0737,5.6932,8.96,57.0,68.116,23.4045,31.1672,1.0,0.0,0.0,0.0,0.0
15.2761,92.9918,32.9399,72.9981,74.0,21.894,33.6707,22.9343,1.0,1.0,1.0,1.0,1.0
26.8647,51.5902,48.0749,46.7198,48.0,70.4052,64.1579,84.1919,0.0,0.0,0.0,1.0,1.0
13.771,37.3244,10.4752,49.221,99.0,88.3343,1.4939,94.9983,1.0,0.0,0.0,0.0,0.0
44.2976,29.011,4.9067,67.738,86.0,61.1573,39.5432,51.1459,1.0,0.0,0.0,0.0,0.0
33.7469,24.1934,98.12,83.7049,14.0,4.8252,16.3013,94.6488,0.0,0.0,1.0,0.0,1.0
44.2418,15.8303,68.8725,41.3029,58.0,5.4812,30.097,94.7505,0.0,0.0,0.0,0.0,1.0
85.5709,59.191,39.6669,79.2778,6.0,47.0309,41.6688,34.9827,1.0,0.0,0.0,0.0,0.0
41.7353,70.4007,79.1909,25.9923,17.0,86.8077,51.9652,7.5238,0.0,0.0,0.0,0.0,0.0
20.5199,68.0198,85.2956,55.5436,98.0,35.92,62.5143,52.1927,1.0,1.0,0.0,1.0,1.0
38.6201,85.1715,71.0225,27.0407,74.0,38.8246,84.2082,79.1766,0.0,1.0,1.0,0.0,0.0
27.5218,75.0478,56.493,48.6554,74.0,47.6213,30.1401,64.4798,1.0,1.0,1.0,1.0,1.0
79.0045,28.3949,12.9179,8.6576,63.0,59.1452,94.8412,29.2276,1.0,0.0,0.0,0.0,0.0
66.9352,49.7406,14.3113,44.8876,71.0,22.555,1.2384,80.0662,0.0,0.0,0.0,0.0,0.0
97.9504,97.8552,72.6213,17.7372,37.0,88.6714,50.1663,59.9919,0.0,0.0,0.0,0.0,0.0
6.3645,34.5577,26.6311,85.256,94.0,78.8051,60.3479,23.6163,0.0,0.0,1.0,0.0,0.0
20.669,67.6612,30.1618,78.9686,96.0,22.2337,66.6237,88.0463,0.0,0.0,1.0,1.0,0.0
68.1918,68.3634,31.8158,90.7101,63.0,30.2611,57.88,74.3017,0.0,1.0,1.0,0.0,0.0
98.2414,40.644,72.4737,86.2418,94.0,88.4437,6.9231,86.6874,1.0,0.0,0.0,0.0,0.0
86.5199,45.9703,41.375,84.5553,83.0,32.886,78.5856,26.7536,1.0,1.0,0.0,0.0,0.0
49.836,41.8736,84.6111,94.99,42.0,61.0515,19.432,92.5199,1.0,0.0,0.0,1.0,1.0
45.9243,60.7073,3.3824,86.2177,69.0,4.9775,31.4138,17.1737,0.0,0.0,0.0,0.0,0.0
17.0108,18.2521,27.5543,59.1975,29.0,6.525,69.8606,20.3707,1.0,0.0,1.0,0.0,1.0
79.7923,97.8159,52.7622,0.7392,46.0,37.7301,78.996,52.4119,1.0,1.0,0.0,0.0,0.0
6.8426,23.5047,62.6431,76.0221,20.0,51.7909,56.3192,54.0135,0.0,0.0,1.0,0.0,0.0
8.1969,0.0742,70.4042,16.157,67.0,82.2008,7.7659,85.0301,1.0,0.0,0.0,0.0,0.0
0.8432,92.2514,94.1164,17.1861,47.0,98.204,38.2109,85.3449,1.0,0.0,0.0,0.0,0.0
41.9887,94.0944,94.0169,16.2151,71.0,89.931,18.3387,3.1467,1.0,0.0,0.0,0.0,0.0
57.136,60.1589,59.2874,54.9829,59.0,93.8074,47.3393,28.7939,1.0,0.0,0.0,0.0,0.0
28.0157,50.0506,97.9111,78.762,76.0,50.5799,26.7048,38.7561,0.0,1.0,1.0,0.0,0.0
33.0713,90.1767,44.1758,51.6838,58.0,47.7263,25.4486,98.018,1.0,0.0,0.0,1.0,1.0
20.16,52.5665,38.996,85.7452,65.0,73.1216,59.3602,46.4061,0.0,0.0,1.0,0.0,0.0
56.7409,30.0253,93.6467,28.6335,84.0,25.8691,29.0981,20.7006,1.0,1.0,1.0,1.0,1.0
71.9892,89.3732,41.3994,18.2259,90.0,92.6762,96.3549,96.7348,1.0,0.0,0.0,0.0,0.0
2.1397,5.8427,76.2486,53.3492,52.0,62.6717,33.5146,6.8021,0.0,0.0,0.0,0.0,0.0
65.7922,87.3104,30.1921,51.0351,45.0,64.0499,23.8783,2.8268,1.0,1.0,0.0,0.0,0.0
49.9362,25.9779,6.709,38.1907,32.0,74.5613,49.6557,3.0064,0.0,0.0,0.0,0.0,0.0
46.619,10.9898,73.9325,37.6062,43.0,53.0271,97.2676,59.977,0.0,0.0,1.0,0.0,0.0
5.4333,54.5739,82.4884,33.3517,70.0,81.9832,33.9996,21.6989,0.0,0.0,1.0,0.0,0.0
62.7155,73.7653,76.2038,44.1579,84.0,59.2056,13.5673,22.5814,0.0,0.0,1.0,0.0,0.0
94.6041,90.2045,23.8439,50.0753,80.0,7.4083,34.7156,15.428,0.0,0.0,0.0,0.0,0.0
16.2742,21.567,64.8197,68.8554,42.0,8.0954,86.2211,10.8401,1.0,1.0,0.0,0.0,1.0
2.5566,42.6826,58.7179,42.8942,1.0,11.332,18.6125,9.4496,0.0,0.0,0.0,0.0,0.0
78.8116,47.5754,36.8969,34.2062,6.0,98.9756,49.3805,64.1286,0.0,0.0,0.0,0.0,0.0
26.6473,61.8873,71.4308,61.7954,95.0,2.1173,48.2309,55.2203,1.0,1.0,0.0,1.0,1.0
41.4263,13.7455,86.1641,17.5951,35.0,5.7109,96.5195,55.7342,0.0,0.0,1.0,0.0,0.0
8.9882,99.1382,68.9779,93.557,85.0,30.6278,73.583,56.039,0.0,1.0,1.0,0.0,1.0
3.8244,33.5525,58.6328,90.3659,45.0,12.418,53.3653,34.2302,0.0,1.0,1.0,0.0,0.0
49.6504,19.462,94.4604,36.4555,43.0,26.5245,50.0094,64.0195,0.0,0.0,0.0,0.0,0.0
30.6877,29.5528,74.3834,89.2162,92.0,93.2162,58.7595,28.385,0.0,0.0,1.0,0.0,0.0
37.2759,19.011,48.1194,57.7892,34.0,92.3999,61.8808,15.8965,1.0,0.0,1.0,1.0,0.0
73.444,60.6624,24.9077,35.0311,36.0,5.6479,98.0518,55.8439,1.0,1.0,0.0,0.0,0.0
64.272,95.9553,23.0612,25.4156,69.0,63.1135,66.3158,29.2861,1.0,1.0,1.0,0.0,1.0
90.0033,22.9249,4.3847,50.6783,60.0,66.8014,90.9036,22.8054,0.0,0.0,0.0,0.0,0.0
77.7366,79.0799,38.7091,63.0221,16.0,46.5562,91.4279,0.9392,0.0,0.0,0.0,0.0,0.0
93.9224,45.1382,22.5116,17.6607,84.0,3.2158,18.7879,29.0263,0.0,0.0,0.0,0.0,0.0
49.3487,94.8683,60.8378,55.7049,27.0,69.0631,58.442,49.3898,1.0,1.0,1.0,1.0,1.0
36.0847,34.6176,29.8636,41.9886,64.0,69.5211,56.9322,75.2686,0.0,0.0,1.0,0.0,0.0
78.3043,6.8432,66.324,64.6269,20.0,39.588,81.296,23.8781,0.0,0.0,0.0,0.0,0.0
1.4727,60.585,9.3165,10.6949,27.0,15.23,76.0264,34.9883,1.0,0.0,0.0,0.0,0.0
31.1161,31.3909,18.6018,24.1403,18.0,92.2344,5.1014,96.1116,0.0,0.0,0.0,0.0,0.0
39.2985,19.5323,37.0976,71.1805,9.0,20.0293,63.1451,65.7636,0.0,0.0,1.0,0.0,0.0
18.0856,38.8622,66.131,95.512,90.0,43.6097,20.3163,93.8942,1.0,1.0,1.0,1.0,1.0
75.6511,83.2641,34.1398,74.9878,64.0,14.682,4.0705,88.2544,0.0,0.0,0.0,0.0,0.0
87.9863,40.4292,77.836,46.5466,41.0,27.8805,54.2803,73.4991,1.0,1.0,0.0,1.0,1.0
89.6945,95.7482,66.1635,0.4998,46.0,79.5438,12.7801,82.7069,1.0,0.0,0.0,0.0,0.0
72.5926,22.6127,80.1675,8.7893,87.0,68.7156,60.1614,46.2313,0.0,0.0,0.0,0.0,0.0
41.5735,55.2434,47.2204,67.3004,30.0,45.8079,71.9963,20.1935,1.0,1.0,0.0,1.0,1.0
78.6103,92.7974,6.7352,1.6682,62.0,95.4934,13.9675,63.7725,1.0,0.0,0.0,0.0,0.0
40.0796,71.5592,32.9254,53.6945,87.0,92.1254,71.3424,60.8127,0.0,0.0,0.0,0.0,0.0
80.753,61.7159,49.8142,94.1003,37.0,10.1807,20.1509,42.9171,0.0,0.0,1.0,0.0,0.0
13.895,27.1776,50.7894,66.0437,85.0,37.202,46.2106,43.4856,0.0,0.0,1.0,0.0,0.0
9.1521,10.6999,41.2161,42.7151,1.0,45.8342,62.2498,61.4866,1.0,0.0,0.0,0.0,0.0
51.4181,72.0792,56.7817,94.3629,27.0,94.0478,86.22,12.0863,1.0,0.0,1.0,0.0,0.0
80.0839,11.4696,65.5458,84.7773,65.0,10.7271,25.7401,69.4747,1.0,0.0,0.0,0.0,0.0
75.6795,9.5898,90.9872,31.5134,32.0,53.0198,80.208,5.2542,1.0,0.0,0.0,0.0,0.0
74.6684,28.6832,33.6763,98.1429,81.0,67.7124,10.7125,9.8452,0.0,0.0,0.0,0.0,0.0
9.2877,62.9453,19.4657,38.5728,59.0,32.046,70.1963,73.8415,0.0,1.0,1.0,0.0,0.0
40.4636,66.0508,25.5454,43.8314,19.0,33.1361,11.5739,10.1992,0.0,1.0,1.0,0.0,0.0
25.6841,81.4815,95.5539,16.7279,57.0,27.5015,94.4086,43.1192,0.0,1.0,0.0,0.0,0.0
91.0728,46.0229,45.2438,58.5678,40.0,99.1457,74.3737,87.523,0.0,0.0,0.0,0.0,0.0
21.9018,59.9211,99.0508,90.4114,63.0,35.959,36.365,65.3527,1.0,1.0,1.0,1.0,1.0
32.103,80.7896,95.1026,50.2828,65.0,41.9409,49.1644,33.8251,1.0,1.0,1.0,1.0,1.0
4.7265,99.5225,42.9928,80.3196,23.0,69.6648,7.476,38.3102,0.0,0.0,1.0,0.0,0.0
26.2136,74.7335,79.2057,44.783,88.0,13.846,14.5812,66.6254,1.0,1.0,1.0,1.0,1.0
42.4845,96.3173,29.6977,67.4707,66.0,81.1434,96.435,51.3514,0.0,0.0,1.0,0.0,0.0
1.6437,8.9353,30.0902,44.1978,70.0,65.4452,72.1345,74.0818,1.0,0.0,0.0,0.0,0.0
41.8554,78.9368,74.8843,56.0477,56.0,48.5869,75.9686,11.4566,1.0,1.0,1.0,1.0,1.0
97.6711,66.705,17.7376,80.7524,16.0,75.4177,15.3519,11.5527,1.0,0.0,0.0,0.0,0.0
68.6856,28.3275,61.1534,65.2188,95.0,6.5694,73.4323,25.694,0.0,0.0,1.0,0.0,0.0
3.613,35.9277,21.9497,88.5277,86.0,42.8759,90.9657,34.9216,0.0,0.0,1.0,0.0,0.0
65.4049,70.4595,65.8323,20.1213,22.0,92.8054,22.7525,37.407,1.0,0.0,0.0,1.0,0.0
7.7792,10.7529,78.0544,75.8739,52.0,74.8953,27.3021,73.3261,1.0,0.0,0.0,0.0,1.0
19.9468,29.8221,66.8749,80.5281,70.0,72.5933,7.8398,56.115,1.0,1.0,0.0,1.0,1.0
61.3826,99.1203,80.4893,15.0389,71.0,29.3858,73.524,69.5797,1.0,1.0,1.0,0.0,1.0
4.6907,14.5627,76.763,19.7523,99.0,39.0687,47.3239,46.1305,0.0,0.0,1.0,0.0,0.0
43.5874,76.4429,58.8278,94.7582,27.0,59.2871,96.0415,31.9343,1.0,1.0,1.0,0.0,0.0
71.5922,89.8822,49.4732,88.004,60.0,17.4076,23.7684,4.1758,1.0,1.0,0.0,0.0,1.0
91.3004,12.0711,76.4435,94.1383,66.0,28.3818,64.3218,67.08,1.0,0.0,0.0,0.0,0.0
47.569,82.4732,68.5015,58.0642,9.0,31.7359,92.5026,11.5023,1.0,1.0,1.0,0.0,0.0
37.6188,53.7116,86.9825,60.1767,79.0,14.707,49.8912,42.3071,0.0,1.0,1.0,0.0,0.0
33.76,34.3953,52.7228,34.9859,30.0,9.6744,12.9866,84.0877,1.0,1.0,0.0,1.0,1.0
69.1565,21.9761,52.1659,94.8292,1.0,82.633,0.9002,5.5731,1.0,0.0,0.0,0.0,0.0
21.4767,57.1096,88.2712,62.1208,39.0,11.4522,72.2511,80.933,0.0,1.0,1.0,0.0,0.0
24.7969,90.7366,63.9996,89.4221,84.0,41.4009,40.8125,38.2977,0.0,1.0,1.0,1.0,0.0
27.9604,21.9138,54.8241,77.3515,69.0,51.1654,16.6069,11.4597,0.0,0.0,0.0,0.0,1.0
31.9629,33.1246,28.0794,44.1031,18.0,18.6358,66.1902,29.8345,1.0,1.0,0.0,1.0,1.0
78.0955,84.5579,36.5522,75.2188,28.0,85.7939,27.6016,18.4733,1.0,1.0,1.0,0.0,1.0
18.9362,78.3783,34.8719,89.0264,72.0,41.0213,1.4703,64.6767,0.0,0.0,1.0,0.0,0.0
19.5814,81.5624,68.2331,20.4413,12.0,75.2822,87.3744,93.9439,0.0,0.0,1.0,0.0,0.0
14.4878,36.2334,45.7189,37.4839,50.0,48.8278,81.8409,75.0295,0.0,1.0,1.0,0.0,0.0
11.2614,4.1008,75.5375,59.2434,76.0,52.1727,24.8742,54.6354,0.0,0.0,0.0,0.0,0.0
19.9693,29.6196,2.924,36.1868,39.0,93.7817,23.1651,65.8114,0.0,0.0,0.0,0.0,0.0
74.9951,61.3372,97.8134,46.5693,81.0,74.4843,2.9565,58.6023,1.0,0.0,0.0,1.0,1.0
12.8396,34.2825,29.2255,57.9821,90.0,86.9299,40.8453,47.5807,0.0,1.0,1.0,0.0,0.0
54.7473,33.2019,87.5009,77.4777,58.0,77.1913,9.7561,54.2593,0.0,0.0,1.0,0.0,0.0
82.0519,83.2347,32.3394,26.2593,76.0,81.271,18.2002,94.4752,0.0,0.0,0.0,0.0,0.0
84.2588,50.4856,53.7756,50.1418,50.0,58.1523,52.4768,71.5665,1.0,1.0,0.0,1.0,1.0
46.3908,9.5829,67.4849,1.1803,96.0,41.134,75.5176,66.9786,0.0,0.0,0.0,0.0,0.0
2.2823,59.4615,6.7417,52.9746,33.0,97.6254,91.5822,45.5047,1.0,0.0,0.0,0.0,0.0
15.6151,59.2561,85.2952,59.0887,36.0,36.5703,7.8865,33.0201,0.0,0.0,1.0,0.0,0.0
25.6614,20.7187,25.9541,98.4982,58.0,54.8024,98.9719,96.0737,1.0,0.0,0.0,0.0,0.0
36.4349,89.5112,92.366,96.5212,38.0,80.1438,57.3302,92.8491,0.0,0.0,1.0,1.0,0.0
85.884,33.7742,20.4764,92.9848,27.0,97.4002,15.2912,11.6983,0.0,0.0,0.0,0.0,0.0
72.7159,95.5436,15.717,83.7125,53.0,37.4899,8.8242,69.6125,0.0,0.0,1.0,0.0,0.0
43.557,82.0506,89.4427,62.7022,97.0,50.9466,77.5282,69.0685,0.0,1.0,1.0,0.0,1.0
49.6631,73.2236,96.8046,83.5575,70.0,3.4972,98.0642,42.2026,0.0,1.0,1.0,0.0,0.0
98.6661,60.435,62.2096,60.6489,91.0,22.9738,41.1676,14.8081,0.0,0.0,0.0,0.0,0.0
6.1573,60.8646,97.1149,87.9999,33.0,47.2778,27.3488,24.9013,0.0,1.0,1.0,0.0,0.0
35.233,83.6214,99.8081,33.1742,45.0,58.2512,21.4046,79.6344,0.0,0.0,1.0,0.0,1.0
27.492,13.5526,84.0625,37.0979,8.0,24.2533,74.1812,69.5618,0.0,0.0,1.0,0.0,0.0
52.9623,8.0814,62.468,28.1384,12.0,39.2096,47.211,11.4422,1.0,0.0,0.0,0.0,0.0
22.7988,50.1148,86.401,99.7396,77.0,61.2851,41.2331,11.8594,1.0,1.0,1.0,1.0,1.0
47.9148,43.8152,54.6914,21.9605,72.0,35.0689,80.2431,18.4757,1.0,1.0,1.0,1.0,0.0
26.0238,75.4979,60.3324,96.9285,15.0,48.1966,37.739,46.6149,1.0,1.0,1.0,1.0,1.0
66.0639,58.9417,87.3381,58.384,54.0,15.3945,79.1952,20.0088,1.0,1.0,0.0,1.0,1.0
66.8547,94.0562,55.2363,59.5654,68.0,77.3048,28.6133,81.1747,0.0,0.0,1.0,0.0,0.0
65.5403,26.4961,54.5189,91.2861,44.0,26.5695,90.7136,46.5136,0.0,0.0,1.0,0.0,0.0
25.5246,49.5583,87.9413,90.3659,82.0,53.2105,83.316,42.2488,1.0,1.0,1.0,1.0,1.0
46.1143,92.76,38.7004,48.0122,39.0,60.3794,99.6702,87.6045,0.0,0.0,1.0,0.0,0.0
23.3542,10.7267,25.5288,88.4053,19.0,7.4372,28.39,90.9751,1.0,0.0,0.0,0.0,0.0
63.5406,60.5655,92.1226,59.6939,2.0,68.2069,33.0946,45.8966,1.0,0.0,0.0,0.0,0.0
40.5195,66.0012,28.0225,95.3245,88.0,78.0356,56.4315,9.2029,0.0,1.0,1.0,0.0,0.0
71.5515,77.0258,31.9706,64.5702,64.0,27.9386,83.0843,27.1196,0.0,0.0,1.0,0.0,0.0
7.0789,58.0787,45.7307,39.5172,89.0,13.7193,37.3336,28.8909,1.0,1.0,1.0,1.0,1.0
33.7908,44.5191,34.3583,21.3585,62.0,28.0967,86.77,44.1246,0.0,1.0,1.0,0.0,0.0
26.3433,34.1275,55.1597,3.1371,80.0,84.9939,47.8951,4.5981,0.0,0.0,0.0,0.0,0.0
9.909,97.4263,40.9282,58.2707,55.0,30.1507,89.6476,89.8562,0.0,0.0,1.0,0.0,0.0
22.0591,56.957,43.8728,23.6856,38.0,43.5878,88.7186,65.6632,0.0,1.0,1.0,0.0,0.0
41.22,76.0717,45.7711,46.751,42.0,56.8658,52.1892,75.3964,0.0,0.0,1.0,0.0,0.0
60.5417,99.4735,26.0848,67.7773,70.0,52.7483,43.5982,86.1425,0.0,0.0,1.0,0.0,0.0
2.7194,44.6112,37.9218,88.7844,16.0,44.3132,51.8723,85.2796,0.0,0.0,1.0,0.0,0.0
32.5576,48.2951,4.2474,46.5592,66.0,45.7971,87.4506,81.7771,1.0,0.0,0.0,0.0,0.0
35.8847,54.0614,77.5177,51.3865,14.0,17.5146,25.6546,30.1206,1.0,1.0,0.0,1.0,1.0
7.7818,28.6545,97.1675,79.0346,100.0,72.0628,58.1916,83.035,0.0,0.0,1.0,0.0,0.0
58.9558,87.7049,52.6228,3.9824,55.0,67.2194,68.7524,42.0908,0.0,1.0,0.0,0.0,0.0
19.0402,47.9369,50.0174,49.7566,16.0,61.0925,99.7453,54.3525,0.0,0.0,1.0,0.0,0.0
73.6209,20.0751,84.0194,70.4538,36.0,84.4449,80.1174,57.7728,1.0,1.0,0.0,1.0,1.0
93.1241,18.8406,45.6169,14.2206,94.0,82.0155,79.7658,61.0356,1.0,0.0,0.0,0.0,0.0
6.3209,91.4132,27.2437,65.1574,41.0,44.684,71.8492,90.5845,1.0,1.0,1.0,1.0,1.0
90.1389,6.7438,97.0516,3.4793,90.0,0.1327,12.7797,77.5345,0.0,0.0,0.0,0.0,0.0
24.972,78.1834,97.8087,89.1255,10.0,5.8153,95.9145,31.2531,0.0,1.0,1.0,0.0,0.0
6.1012,17.8775,41.3808,58.3909,44.0,79.268,42.236,76.9645,1.0,0.0,1.0,1.0,1.0
7.3778,11.519,70.6765,34.1714,63.0,41.4346,73.277,25.9341,1.0,1.0,0.0,1.0,0.0
63.1762,93.264,83.5912,36.1638,99.0,40.8672,84.0535,51.7741,0.0,1.0,1.0,0.0,0.0
8.3082,13.0019,59.5967,27.6012,84.0,77.294,60.4606,14.7219,0.0,0.0,1.0,0.0,0.0
71.4241,94.1866,72.3454,55.586,29.0,80.702,16.3215,10.0798,0.0,1.0,1.0,0.0,0.0
60.8504,48.8008,83.6027,54.9015,16.0,2.2915,88.7853,78.6967,0.0,0.0,1.0,0.0,0.0
9.509,14.3377,38.1077,34.1524,1.0,37.6893,68.8502,0.5807,0.0,0.0,0.0,0.0,0.0
16.4007,95.1356,42.2776,81.9852,98.0,56.5518,38.1836,85.8455,0.0,0.0,1.0,1.0,0.0
26.6854,74.2411,25.0178,53.3323,77.0,10.4957,42.3328,9.8665,1.0,1.0,1.0,1.0,1.0
26.0032,12.422,67.8168,57.4104,60.0,5.3404,21.4956,39.922,0.0,0.0,1.0,0.0,0.0
30.6024,28.1521,84.1173,39.7446,38.0,35.6698,12.5525,47.3467,0.0,0.0,1.0,0.0,1.0
47.976,82.2854,72.9212,3.969,83.0,46.948,30.5842,51.2602,0.0,1.0,0.0,0.0,0.0
30.3301,71.7903,31.2774,47.286,65.0,23.9887,91.3857,53.2664,0.0,0.0,1.0,0.0,0.0
92.0441,72.7748,36.4438,81.3456,85.0,3.4226,11.986,88.4235,0.0,0.0,0.0,0.0,0.0
17.4943,38.3307,85.3076,65.2735,92.0,22.7379,38.542,30.4008,1.0,1.0,1.0,1.0,1.0
89.038,71.5034,52.4302,2.1856,54.0,45.5251,34.3082,50.6791,1.0,1.0,0.0,0.0,0.0
33.4621,43.2575,97.434,77.6129,15.0,80.672,44.2033,21.7202,0.0,1.0,1.0,0.0,0.0
19.5955,5.7802,87.6327,58.1243,72.0,13.0493,67.2655,58.0796,0.0,0.0,0.0,0.0,0.0
53.9504,50.2954,62.1432,60.4845,33.0,60.253,33.421,62.3311,1.0,1.0,1.0,1.0,1.0
39.5811,90.3582,74.8596,75.7453,39.0,0.6509,31.2904,80.067,0.0,1.0,0.0,0.0,1.0
79.5468,10.127,11.6451,24.7965,32.0,37.0507,3.1792,69.9435,1.0,0.0,0.0,0.0,0.0
6.4172,92.0918,21.6998,89.2225,69.0,52.8906,45.6012,57.3835,0.0,0.0,1.0,0.0,0.0
30.3902,28.1474,93.0314,81.2364,41.0,68.4343,62.0635,33.0816,1.0,1.0,1.0,0.0,1.0
68.0578,25.7052,76.1997,83.5925,93.0,48.5624,45.6136,59.732,0.0,0.0,1.0,0.0,0.0
48.932,73.3093,91.2472,44.1655,87.0,42.1697,41.1737,23.3463,1.0,1.0,1.0,1.0,1.0
89.7427,65.5419,22.1623,20.8072,5.0,38.5067,83.5099,74.0414,1.0,0.0,0.0,0.0,0.0
4.5378,50.0501,53.1703,33.942,33.0,8.831,58.6673,16.0672,0.0,1.0,1.0,0.0,0.0
50.3649,89.3635,91.5026,25.5064,90.0,9.9843,46.4786,45.8766,0.0,1.0,1.0,0.0,1.0
17.9883,38.8603,75.0562,35.6509,20.0,35.1188,11.3944,21.7107,0.0,0.0,1.0,0.0,0.0
24.2874,76.8695,48.1859,41.1894,78.0,1.9061,22.1232,60.2708,1.0,1.0,1.0,1.0,1.0
61.6181,22.6863,88.6349,71.3723,26.0,21.3701,54.0402,70.6991,0.0,0.0,1.0,0.0,0.0
7.9872,22.9942,93.7566,48.6762,10.0,40.3199,86.8152,18.9137,0.0,1.0,1.0,0.0,0.0
3.659,73.0209,96.6376,93.4924,39.0,16.5651,49.3659,41.1829,0.0,1.0,1.0,1.0,0.0
25.1725,17.9502,31.5292,20.308,31.0,23.8408,85.7561,32.1582,1.0,1.0,0.0,0.0,1.0
1.0809,26.0578,74.5856,83.9279,62.0,46.1909,15.5258,60.8418,0.0,0.0,1.0,0.0,0.0
56.5724,71.208,57.1675,61.4116,81.0,71.8273,19.7286,58.1549,0.0,1.0,1.0,0.0,1.0
54.4286,9.843,52.1507,88.4489,52.0,85.0352,14.6287,43.216,0.0,0.0,0.0,0.0,0.0
29.051,61.6924,55.3325,45.8932,55.0,53.697,80.692,84.5565,0.0,0.0,1.0,0.0,0.0
68.1136,66.9056,38.567,59.9399,25.0,66.0609,73.9128,22.7871,1.0,1.0,1.0,0.0,1.0
68.727,54.8241,52.5137,65.9461,13.0,71.1805,23.2852,63.4269,0.0,0.0,1.0,0.0,0.0
99.872,88.6369,18.4116,50.6895,36.0,53.7342,19.2508,61.2329,0.0,0.0,0.0,0.0,0.0
24.1411,48.5863,38.9543,42.6607,86.0,16.6187,31.1089,59.9876,0.0,0.0,1.0,0.0,0.0
47.8394,4.266,52.0515,50.8541,0.0,65.4301,17.6153,96.7368,0.0,0.0,0.0,0.0,0.0
11.9902,37.4687,35.3421,25.2448,28.0,86.8863,25.736,86.5415,0.0,0.0,0.0,0.0,0.0
48.1699,45.9611,1.4521,78.3065,27.0,94.3789,84.452,94.4059,1.0,0.0,0.0,0.0,0.0
93.056,22.6156,20.601,4.0971,31.0,25.111,67.6185,97.4243,1.0,0.0,0.0,0.0,0.0
36.2972,82.8255,14.4397,81.9363,55.0,1.3999,0.965,43.3698,0.0,0.0,1.0,0.0,0.0
23.4671,95.5164,40.5914,32.1951,59.0,46.3356,5.7577,52.1943,1.0,1.0,1.0,1.0,1.0
98.9117,2.1077,75.4884,10.1235,73.0,79.2289,97.0026,87.7531,0.0,0.0,0.0,0.0,0.0
72.5145,73.4902,68.5508,24.8172,4.0,44.1666,53.1398,47.7503,0.0,0.0,0.0,0.0,0.0
21.3836,31.0699,12.3375,31.7998,30.0,58.1386,86.1912,38.8759,1.0,0.0,1.0,0.0,1.0
6.3561,17.4284,47.0448,79.5007,46.0,1.1533,2.075,51.3949,0.0,0.0,1.0,0.0,0.0
46.8506,64.2785,18.2081,75.6462,15.0,14.8342,24.5711,17.5173,1.0,1.0,0.0,0.0,1.0
2.8461,51.4281,95.8156,25.3441,73.0,28.5599,68.2883,56.2528,1.0,1.0,1.0,1.0,1.0
13.8411,59.4804,88.7159,65.8623,93.0,78.7379,34.411,37.9369,0.0,0.0,1.0,1.0,1.0
49.6455,44.2758,83.9234,45.169,26.0,91.1665,30.0686,13.7271,0.0,0.0,0.0,0.0,1.0
51.2756,70.6324,21.7258,71.3564,0.0,21.2987,94.4205,3.2104,1.0,0.0,0.0,1.0,1.0
7.1809,32.4093,26.349,81.7906,17.0,64.6996,8.3482,15.6357,0.0,0.0,0.0,0.0,0.0
46.2463,37.1056,58.1862,40.2203,26.0,41.3738,65.8631,88.0895,0.0,1.0,1.0,0.0,0.0
92.9296,3.5846,47.0264,36.2156,41.0,80.3105,20.142,4.1349,0.0,0.0,0.0,0.0,0.0
74.9614,57.6716,40.0626,7.3061,40.0,93.2638,75.6764,44.2197,1.0,0.0,0.0,0.0,0.0
28.28,75.5387,54.5047,30.2139,47.0,20.1183,34.5916,96.8775,1.0,0.0,0.0,0.0,1.0
15.0767,99.2402,98.1671,77.6536,29.0,16.5167,72.6341,26.8349,0.0,1.0,1.0,1.0,0.0
41.0092,10.5206,48.1629,90.2917,65.0,9.8688,21.7921,44.4644,0.0,0.0,0.0,0.0,0.0
34.783,90.0129,65.7169,22.7453,56.0,60.1254,89.2284,21.8973,0.0,1.0,0.0,0.0,0.0
54.3737,19.911,75.3516,90.8437,87.0,20.3285,68.7448,30.9303,0.0,1.0,1.0,0.0,0.0
96.8699,34.5666,91.3725,22.4069,52.0,88.065,8.599,65.9511,1.0,0.0,0.0,0.0,0.0
28.4066,81.5855,36.6385,30.8239,27.0,54.696,99.5635,93.8424,0.0,0.0,1.0,0.0,0.0
42.3531,55.4663,24.658,69.7826,100.0,53.0699,53.9515,62.3725,1.0,1.0,1.0,1.0,1.0
48.6568,29.0966,90.5522,64.1175,18.0,21.177,50.6548,40.4618,0.0,0.0,0.0,0.0,0.0
48.2021,47.8982,50.3141,46.3348,53.0,73.5151,70.6217,73.4504,0.0,0.0,1.0,0.0,0.0
27.505,62.6088,44.8171,98.7714,4.0,25.0321,19.3955,93.7104,0.0,0.0,0.0,0.0,0.0
33.6645,66.6812,50.0382,59.7178,97.0,5.2072,96.4787,23.4613,0.0,1.0,1.0,0.0,0.0
33.7932,49.2543,24.3526,72.2499,11.0,6.6447,55.8861,51.7946,1.0,1.0,0.0,1.0,1.0
21.0778,20.9154,54.1034,10.8977,10.0,82.1998,27.1589,58.4404,0.0,0.0,0.0,0.0,0.0
62.5249,62.9525,21.3171,49.1028,4.0,1.3719,30.0972,25.1764,0.0,0.0,1.0,0.0,0.0
30.5639,69.3467,62.0518,16.2951,94.0,25.6312,21.7601,28.794,1.0,1.0,0.0,1.0,1.0
13.1678,98.8929,36.2616,59.6321,29.0,29.0774,30.1591,43.8513,1.0,1.0,0.0,1.0,1.0
89.2028,89.244,54.1959,81.2308,26.0,92.5559,13.1713,81.4047,0.0,0.0,0.0,0.0,0.0
82.6842,13.6885,31.7432,40.6412,75.0,81.1012,58.1143,45.8897,1.0,0.0,0.0,0.0,0.0
95.649,17.0162,57.9534,21.4217,74.0,7.9872,81.1036,78.2193,0.0,0.0,0.0,0.0,0.0
41.1955,91.2309,33.721,95.7026,33.0,55.6563,5.0568,81.7836,1.0,0.0,0.0,1.0,1.0
15.8476,99.8919,58.0577,49.4343,18.0,23.1352,45.6315,14.4959,1.0,1.0,1.0,1.0,1.0
78.3748,71.0901,62.7732,57.7799,94.0,77.6966,20.7381,70.7809,0.0,0.0,0.0,0.0,0.0
32.9844,31.816,84.781,64.3827,100.0,50.3,39.273,83.8661,0.0,1.0,1.0,1.0,0.0
75.3474,71.1626,64.7907,45.45,6.0,24.9791,32.8398,36.3381,0.0,0.0,0.0,0.0,0.0
19.3506,32.1381,99.3722,20.1853,58.0,58.6863,50.5911,53.9997,0.0,1.0,0.0,0.0,0.0
32.3927,15.3639,79.6083,77.8863,17.0,4.2498,72.7872,92.3444,1.0,0.0,1.0,0.0,0.0
1.7601,58.9911,50.4636,94.022,27.0,5.213,46.5054,28.0834,0.0,1.0,1.0,0.0,0.0
52.5148,45.0892,46.5254,95.5782,22.0,72.1369,91.7348,73.4136,1.0,1.0,1.0,1.0,0.0
1.2474,9.0446,9.4656,52.7494,11.0,33.6427,6.4134,67.118,1.0,0.0,0.0,0.0,0.0
43.3216,37.1139,97.5016,44.4454,47.0,83.8472,55.8789,55.4477,0.0,0.0,1.0,0.0,0.0
61.1337,28.3739,24.8272,52.687,9.0,5.0138,4.6765,76.4913,1.0,0.0,1.0,1.0,1.0
64.8278,56.8997,69.9359,88.6163,90.0,63.1434,99.3627,30.1229,0.0,0.0,1.0,0.0,0.0
58.4797,38.0555,94.712,35.2917,10.0,80.418,67.8789,48.3805,1.0,1.0,0.0,0.0,0.0
43.6873,60.5278,85.4278,32.3206,48.0,84.8495,68.4392,72.5744,0.0,0.0,1.0,0.0,0.0
31.1977,85.329,61.9237,17.9114,20.0,31.6492,51.0427,55.4339,1.0,1.0,1.0,0.0,1.0
55.7002,24.2953,78.5202,90.0313,40.0,86.4825,83.602,24.1887,0.0,0.0,0.0,0.0,0.0
32.4301,92.524,76.3952,69.7951,70.0,34.5068,31.769,40.7933,1.0,1.0,1.0,1.0,1.0
21.1445,39.1794,95.9101,35.407,24.0,21.4167,52.568,34.9775,1.0,1.0,1.0,0.0,1.0
8.278,41.6351,27.9998,84.6851,59.0,38.1232,66.4474,89.2558,0.0,0.0,1.0,0.0,0.0
76.5456,59.2517,70.9377,37.8376,91.0,66.8303,13.2666,69.6971,0.0,0.0,1.0,0.0,0.0
18.6081,35.982,97.2422,85.6783,100.0,88.4006,5.1005,42.3336,0.0,0.0,1.0,0.0,0.0
43.2692,18.9834,38.7436,3.8321,98.0,94.2947,12.6799,81.1694,1.0,0.0,0.0,0.0,0.0
72.2566,18.2803,30.483,32.4107,33.0,56.2386,69.927,22.002,0.0,0.0,0.0,0.0,0.0
32.1889,61.8256,88.2293,81.9857,90.0,3.7997,93.9753,87.4384,0.0,1.0,1.0,0.0,0.0
35.8245,91.7103,20.8601,84.8786,89.0,42.6451,52.501,93.1225,1.0,1.0,0.0,1.0,1.0
5.1805,38.0899,43.4672,48.4907,45.0,95.0698,8.7771,54.7703,0.0,0.0,1.0,0.0,0.0
46.1065,91.0053,70.6983,36.44,87.0,10.8217,95.5249,79.0723,0.0,1.0,1.0,0.0,0.0
82.4842,97.6878,88.7715,89.465,61.0,98.4184,93.3431,78.5889,0.0,0.0,0.0,0.0,0.0
26.3852,68.9452,61.037,75.2413,46.0,13.3768,57.9623,61.9087,0.0,1.0,1.0,0.0,1.0
49.1133,35.132,78.4914,43.1227,54.0,16.0975,44.2018,33.0678,1.0,1.0,1.0,1.0,1.0
58.3504,40.3695,47.4612,90.8916,18.0,59.7321,79.1992,66.1823,0.0,0.0,1.0,0.0,0.0
27.9214,66.244,28.7651,38.7378,77.0,78.3261,31.8768,31.0892,0.0,0.0,1.0,0.0,0.0
56.6981,52.4193,82.3457,99.1037,70.0,80.1012,40.1948,34.6761,0.0,0.0,1.0,0.0,1.0
10.8103,57.4341,55.9985,82.3931,24.0,37.0472,55.3949,93.2441,0.0,0.0,1.0,1.0,1.0
27.4213,56.3028,67.4161,63.6533,5.0,6.8824,44.4174,58.4016,0.0,0.0,1.0,0.0,0.0
49.964,60.7961,3.7427,98.6743,59.0,84.9946,38.0581,88.1845,1.0,0.0,0.0,0.0,0.0
73.4689,61.687,42.6066,90.6913,99.0,19.2615,4.3545,74.1377,1.0,0.0,1.0,1.0,1.0
65.9958,35.9759,82.7094,72.6217,95.0,17.5865,46.7829,55.1544,0.0,0.0,1.0,0.0,0.0
55.3937,51.852,33.6417,21.0901,3.0,38.8806,87.5658,42.3244,0.0,0.0,0.0,0.0,0.0
7.358,81.8777,26.1759,45.1795,66.0,67.5015,52.9401,80.7161,0.0,0.0,1.0,0.0,0.0
17.3051,70.9293,86.0075,87.0872,56.0,33.9072,63.3176,36.4288,1.0,1.0,0.0,1.0,1.0
44.6683,70.3083,44.663,66.7335,16.0,71.0966,86.4301,90.0121,0.0,0.0,0.0,0.0,0.0
2.9833,33.6178,82.3958,24.3396,63.0,33.0397,96.3592,18.7686,1.0,1.0,1.0,0.0,0.0
16.157,74.0144,50.5112,52.4777,58.0,22.4996,42.4184,32.982,1.0,1.0,1.0,0.0,1.0
5.4139,8.8738,38.2939,5.5047,88.0,32.3665,73.462,17.3717,0.0,0.0,0.0,0.0,0.0
47.9188,32.7568,30.2907,83.1785,9.0,37.0995,59.2827,72.0848,1.0,1.0,0.0,0.0,1.0
26.7954,98.5132,62.7424,38.2744,73.0,25.1723,95.3984,40.2372,0.0,1.0,1.0,0.0,0.0
24.1217,19.0206,54.0639,73.7608,25.0,20.1544,46.6979,65.9522,1.0,1.0,0.0,0.0,1.0
95.1785,48.0592,6.9494,14.5505,61.0,54.0669,39.8719,46.833,1.0,0.0,0.0,0.0,0.0
27.963,87.2758,44.5019,30.5948,87.0,80.9059,49.8789,93.3899,0.0,0.0,1.0,1.0,0.0
92.9975,83.1747,58.3363,74.6561,25.0,18.1884,98.5911,37.1317,1.0,1.0,0.0,0.0,0.0
51.0894,30.3818,52.162,90.8736,97.0,4.4257,66.3069,81.1176,0.0,0.0,1.0,1.0,0.0
88.8523,34.3637,0.966,45.2831,64.0,60.5056,0.0098,68.672,0.0,0.0,0.0,0.0,0.0
58.1298,25.923,29.1018,7.3937,91.0,75.7472,12.0849,87.3192,1.0,1.0,0.0,0.0,0.0
92.1303,98.3071,66.1375,68.8303,1.0,83.8015,16.6466,24.1925,1.0,0.0,0.0,0.0,0.0
17.1068,29.097,85.8269,65.7824,39.0,3.7257,40.3262,27.4499,0.0,1.0,1.0,0.0,0.0
40.0371,0.9364,47.4987,39.866,74.0,60.0757,75.0481,11.9458,0.0,0.0,0.0,0.0,0.0
60.1379,94.7338,26.8415,82.9872,88.0,44.9477,95.8502,66.5007,0.0,1.0,1.0,0.0,0.0
62.0805,71.185,62.0637,88.4356,65.0,12.1043,91.1041,73.9041,0.0,0.0,1.0,0.0,0.0
71.9599,24.3928,24.7745,73.2446,98.0,33.0685,65.6415,93.6827,0.0,0.0,0.0,0.0,0.0
72.4651,69.1831,97.7917,85.224,36.0,73.7611,68.3236,74.477,1.0,1.0,1.0,1.0,1.0
15.1514,28.5091,27.4481,95.309,4.0,87.7172,16.2475,16.3947,1.0,0.0,0.0,0.0,0.0
8.9679,17.4247,53.6773,97.9912,77.0,47.4246,44.1418,59.4138,0.0,0.0,1.0,0.0,0.0
52.2516,10.8871,64.2517,16.1321,73.0,13.8334,63.695,22.8207,0.0,0.0,0.0,0.0,0.0
63.6648,49.4229,46.7992,84.6714,85.0,2.6944,75.3315,86.8603,0.0,1.0,1.0,0.0,0.0
31.6703,94.6279,16.2884,18.1166,96.0,89.6542,96.498,97.0371,1.0,0.0,0.0,0.0,0.0
36.1012,28.2775,33.8437,68.7607,94.0,35.1072,46.7054,57.0139,1.0,1.0,0.0,1.0,1.0
13.571,84.693,66.3661,41.4414,88.0,72.3094,3.2582,8.3947,1.0,0.0,0.0,1.0,1.0
57.1569,0.6289,82.4318,55.6251,65.0,41.0148,64.8788,32.2179,0.0,0.0,0.0,0.0,0.0
21.0638,89.8135,40.6125,39.7769,51.0,74.7216,87.2424,46.4231,0.0,1.0,1.0,0.0,0.0
84.7273,56.2249,93.9757,74.692,84.0,52.754,36.4679,9.989,0.0,0.0,0.0,0.0,0.0
21.7893,81.8545,94.3804,63.1889,6.0,29.3514,80.7488,25.4577,0.0,1.0,0.0,0.0,0.0
2.885,30.9232,89.7226,96.5405,57.0,95.2144,69.2147,12.9572,1.0,0.0,0.0,0.0,0.0
12.6334,25.0449,47.1635,73.931,62.0,58.4313,14.738,21.901,0.0,0.0,1.0,0.0,0.0
46.1463,97.3874,80.281,69.4145,73.0,63.5555,19.8545,47.1625,0.0,1.0,1.0,0.0,0.0
30.4252,6.29,65.4216,36.7664,84.0,40.2928,88.9371,89.8525,1.0,0.0,0.0,0.0,0.0
58.2062,58.0361,65.8009,13.5361,94.0,72.4327,64.8998,57.1,1.0,1.0,0.0,0.0,0.0
1.559,52.3419,57.3213,50.8483,93.0,36.1734,14.8326,33.3918,0.0,1.0,1.0,0.0,0.0
66.0591,96.4852,29.3486,74.8901,24.0,51.0052,54.5032,42.6133,0.0,0.0,1.0,0.0,0.0
78.5835,96.1654,64.5616,63.0711,72.0,94.549,21.9624,50.1162,0.0,0.0,1.0,0.0,0.0
45.2112,52.288,69.4806,69.4207,66.0,74.391,74.9439,60.0121,0.0,1.0,1.0,0.0,0.0
34.5347,45.9715,80.5104,42.2009,81.0,79.2868,93.4742,72.6469,0.0,0.0,1.0,0.0,0.0
10.9884,9.9129,23.6893,7.4907,46.0,25.2567,56.4521,42.9789,1.0,0.0,0.0,0.0,0.0
78.0854,90.8937,18.578,26.0673,77.0,81.5907,30.2878,39.2837,1.0,0.0,1.0,0.0,0.0
45.3263,73.9054,32.7485,86.6063,75.0,39.7584,75.72,74.6657,0.0,1.0,1.0,0.0,0.0
93.9676,54.4825,19.3568,26.0408,77.0,14.0164,47.2387,55.0103,0.0,0.0,0.0,0.0,0.0
48.9815,23.2986,52.3874,93.7674,41.0,51.4883,66.259,25.9466,1.0,1.0,1.0,1.0,1.0
41.9359,98.4786,34.5691,81.1477,20.0,46.6085,42.2566,91.1959,1.0,1.0,0.0,1.0,1.0
16.4909,49.2093,43.4024,42.0992,97.0,16.7955,88.8185,78.6893,1.0,1.0,1.0,1.0,1.0
65.9706,63.0086,89.7753,25.8567,48.0,76.226,33.0282,56.1507,1.0,1.0,0.0,1.0,1.0
49.3679,11.9603,7.0286,48.4047,97.0,79.4227,89.1397,45.1873,0.0,0.0,0.0,0.0,0.0
34.9185,69.6939,69.3695,22.7988,57.0,45.3866,84.1372,35.4611,0.0,0.0,1.0,0.0,0.0
81.5728,98.9694,46.8734,87.452,50.0,33.609,11.9949,2.439,0.0,0.0,0.0,0.0,0.0
2.0589,99.1514,85.1463,88.4983,85.0,12.9501,43.2793,61.3103,1.0,1.0,1.0,1.0,1.0
61.4375,40.416,43.3816,62.0588,35.0,31.4946,46.995,60.0942,1.0,1.0,1.0,1.0,1.0
7.8192,56.2483,96.8596,72.7855,56.0,95.6866,76.0237,12.8093,0.0,0.0,1.0,0.0,0.0
59.043,48.1688,11.5148,32.4057,75.0,34.4321,97.324,43.3674,0.0,0.0,0.0,0.0,0.0
76.6927,70.2481,43.0534,96.9945,0.0,9.7323,20.386,60.5121,1.0,0.0,0.0,1.0,1.0
15.7575,12.1231,68.794,77.1431,0.0,44.8619,30.4918,13.1994,1.0,0.0,0.0,0.0,1.0
87.0035,32.3874,37.8508,91.2359,42.0,96.5337,26.5716,38.2504,0.0,0.0,0.0,0.0,0.0
0.5418,37.15,30.6589,33.5806,6.0,21.7425,82.6573,32.9203,1.0,1.0,1.0,0.0,0.0
76.9021,60.8618,79.5648,85.1937,55.0,85.4599,41.3428,14.2742,0.0,0.0,0.0,0.0,0.0
49.9668,62.0319,8.7465,8.2742,11.0,83.0822,81.897,61.0086,1.0,0.0,0.0,0.0,0.0
19.9364,61.8499,16.2328,32.244,3.0,92.0947,97.7404,9.3713,0.0,0.0,0.0,0.0,0.0
61.265,46.3057,11.3359,61.3492,84.0,1.6852,45.9414,78.7659,0.0,0.0,0.0,0.0,0.0
51.0325,54.3951,4.8253,51.9337,88.0,92.6542,33.0754,65.7463,0.0,0.0,0.0,0.0,0.0
41.5367,11.1896,8.4488,4.8419,78.0,55.4461,8.8296,16.0483,1.0,0.0,0.0,0.0,0.0
39.0889,72.2551,47.3852,44.2549,50.0,80.363,27.889,65.7839,0.0,0.0,1.0,0.0,0.0
28.6661,56.5585,86.2374,33.3976,90.0,31.4131,16.1047,57.8746,1.0,1.0,1.0,1.0,1.0
19.6467,64.7117,40.204,89.6878,57.0,32.3409,20.2873,78.9226,0.0,0.0,1.0,0.0,1.0
38.9619,23.7165,20.7189,38.796,30.0,56.3372,8.3495,55.5492,0.0,0.0,1.0,0.0,0.0
9.2715,99.127,39.6776,99.2146,11.0,22.0343,34.9857,61.2384,0.0,0.0,1.0,0.0,0.0
32.8782,30.7268,99.0033,33.6617,28.0,70.8936,39.8826,23.36,0.0,1.0,0.0,0.0,0.0
36.9794,37.8552,93.2657,50.4569,93.0,79.7772,87.2056,8.9369,0.0,0.0,1.0,0.0,0.0
57.2964,31.46,31.9232,98.439,59.0,71.3402,94.0335,45.8324,0.0,0.0,1.0,0.0,0.0
0.6577,34.2634,23.1307,81.5087,64.0,19.0906,26.1851,38.88,1.0,1.0,1.0,1.0,1.0
53.0735,73.6889,74.7559,53.0517,96.0,16.5957,52.2973,93.3452,0.0,0.0,1.0,0.0,0.0
8.3898,86.9407,87.5566,42.7751,50.0,19.1813,0.5556,29.1726,0.0,0.0,1.0,1.0,1.0
78.9655,94.1297,72.7298,16.5457,2.0,21.888,56.3396,24.6722,0.0,0.0,0.0,0.0,0.0
15.5181,49.4098,9.1677,66.5303,21.0,90.0196,42.3808,17.3183,0.0,0.0,0.0,0.0,0.0
1.8225,74.3001,96.8944,64.5928,71.0,32.5287,53.1351,72.8714,1.0,1.0,1.0,1.0,1.0
84.7781,76.6301,31.3059,73.4075,12.0,46.9722,27.4277,84.1721,0.0,0.0,0.0,0.0,0.0
78.8506,34.1869,8.8422,70.0686,49.0,98.965,85.0189,50.5792,1.0,0.0,0.0,0.0,0.0
35.9643,85.9182,87.4512,57.0456,64.0,5.1222,72.4901,24.6457,1.0,1.0,1.0,1.0,1.0
54.528,89.31,51.6129,86.9075,26.0,72.0574,15.1949,52.3233,0.0,0.0,1.0,0.0,0.0
18.7362,82.9944,28.2352,34.2728,87.0,44.8053,45.4047,13.1247,1.0,1.0,1.0,0.0,1.0
23.8359,63.0716,88.2591,44.3439,16.0,32.3464,42.8922,26.8277,1.0,1.0,1.0,1.0,1.0
67.9365,9.7324,9.5154,12.1106,24.0,90.6563,10.1736,68.6952,0.0,0.0,0.0,0.0,0.0
70.9451,17.5151,11.6405,47.839,68.0,89.6683,34.7484,95.0614,1.0,0.0,0.0,0.0,0.0
60.3544,13.6097,41.4402,99.9351,45.0,36.0622,33.6507,24.0685,1.0,1.0,0.0,0.0,1.0
20.8594,96.0464,79.1536,21.8866,56.0,80.709,61.0886,37.0579,1.0,0.0,1.0,1.0,1.0
68.8569,68.8887,12.1271,65.7944,25.0,21.2503,3.4602,58.2866,0.0,0.0,1.0,0.0,0.0
82.4505,62.4936,83.1959,24.7338,77.0,2.9973,4.1664,85.0844,1.0,0.0,0.0,0.0,1.0
3.7669,91.1417,61.1053,67.513,92.0,15.5986,42.3794,95.9857,1.0,1.0,0.0,1.0,1.0
44.8278,79.1421,0.2403,87.4378,46.0,27.6634,40.1082,30.2844,0.0,0.0,0.0,0.0,1.0
76.1967,91.2408,80.1919,96.4611,86.0,58.9603,87.7689,10.1576,1.0,1.0,0.0,1.0,0.0
91.5329,22.4772,99.4897,88.9761,53.0,14.5609,94.8628,49.1323,0.0,0.0,0.0,0.0,0.0
20.9879,52.7456,30.0724,61.2863,18.0,15.4349,5.1408,92.0783,0.0,0.0,0.0,0.0,0.0
98.165,17.7344,72.2229,48.9076,19.0,12.9341,82.8212,21.5517,1.0,0.0,0.0,0.0,0.0
37.9805,17.2488,95.8703,50.537,65.0,74.7777,7.3356,79.2918,0.0,0.0,1.0,0.0,0.0
3.7963,58.6234,78.9479,90.5301,20.0,32.6418,83.8904,49.5662,0.0,1.0,1.0,0.0,1.0
79.9662,59.1742,38.7693,34.458,22.0,0.9346,7.7848,0.0659,0.0,0.0,0.0,0.0,0.0
49.8252,72.8691,57.338,8.1155,16.0,75.1061,82.1544,74.4065,1.0,1.0,0.0,0.0,0.0
26.0089,56.3115,21.3254,88.2569,83.0,20.7736,50.8369,43.7795,0.0,0.0,1.0,0.0,0.0
70.2631,13.0471,6.214,64.1218,13.0,76.2584,57.7085,31.1972,1.0,0.0,0.0,0.0,0.0
38.1066,83.273,27.5453,2.6317,75.0,37.6555,92.1434,11.9212,0.0,1.0,0.0,0.0,0.0
98.0207,83.1546,91.7522,74.8879,7.0,67.4762,13.3407,90.9307,0.0,0.0,0.0,0.0,0.0
78.2636,55.4404,55.3801,94.3258,55.0,49.2398,70.457,66.5326,0.0,0.0,1.0,0.0,0.0
48.5203,94.2161,87.2072,92.8529,77.0,38.0523,19.1693,69.9245,1.0,1.0,1.0,1.0,1.0
54.906,27.8886,77.3179,56.6802,69.0,6.9623,37.0619,28.506,1.0,1.0,1.0,1.0,1.0
50.1582,56.4068,92.356,76.3608,18.0,37.1863,70.4431,58.5597,1.0,1.0,1.0,1.0,1.0
47.9101,24.3918,89.885,18.2058,65.0,16.6033,39.2386,44.9897,0.0,0.0,0.0,0.0,0.0
29.9245,58.1588,68.7461,47.9544,62.0,5.5564,28.5773,54.1503,1.0,1.0,1.0,1.0,1.0
42.6667,92.1697,97.4992,55.5929,45.0,12.2332,34.1114,64.9831,0.0,1.0,1.0,0.0,1.0
32.1275,60.4056,1.431,49.0485,58.0,10.1421,64.0131,97.0076,1.0,0.0,0.0,0.0,0.0
61.4067,13.6973,1.8171,79.3442,90.0,44.2229,40.7969,59.8774,0.0,0.0,0.0,0.0,0.0
69.7519,13.2495,93.9519,13.4216,6.0,3.7364,36.9856,88.0943,0.0,0.0,0.0,0.0,0.0
68.3056,79.6035,58.1229,99.441,98.0,9.7712,13.636,41.2342,1.0,1.0,0.0,1.0,1.0
68.6287,25.7672,57.1699,56.3319,28.0,6.9317,6.3729,82.4948,0.0,0.0,1.0,0.0,1.0
18.2676,91.9416,43.1042,13.3356,40.0,2.7602,79.622,65.0916,1.0,1.0,0.0,0.0,0.0
74.6917,29.4868,74.8711,34.1022,95.0,57.129,83.8901,30.5733,0.0,1.0,0.0,0.0,0.0
34.9418,44.6743,41.6737,41.5923,91.0,34.2682,62.3209,4.3615,0.0,1.0,0.0,0.0,0.0
22.4935,54.427,15.9058,66.3011,59.0,81.5662,87.5946,60.1016,1.0,1.0,1.0,0.0,1.0
60.1955,31.8127,43.9688,51.8677,57.0,23.3369,63.1044,15.0978,0.0,1.0,1.0,0.0,0.0
15.7251,81.165,87.988,81.2759,73.0,37.918,12.3194,22.4142,0.0,1.0,1.0,0.0,1.0
87.8594,79.4628,23.3609,98.5915,82.0,52.2836,5.3631,54.8443,1.0,0.0,0.0,1.0,0.0
17.4301,51.5142,82.7211,39.8155,65.0,53.0075,16.1042,71.0643,1.0,1.0,1.0,1.0,1.0
27.1709,33.766,4.982,83.9412,50.0,64.3073,53.6103,7.8826,1.0,0.0,0.0,0.0,0.0
12.7714,40.5815,90.4878,73.4445,41.0,72.9781,90.2194,71.8347,0.0,0.0,1.0,0.0,0.0
13.2344,53.7541,77.8999,25.1995,20.0,6.6405,84.553,22.1461,1.0,1.0,1.0,1.0,1.0
55.524,82.0476,24.1014,78.4316,84.0,83.8555,34.2957,76.002,0.0,0.0,1.0,0.0,0.0
23.313,46.916,45.0427,13.4717,94.0,72.6308,34.0898,91.9113,0.0,0.0,0.0,0.0,0.0
31.9191,89.2874,7.6667,45.2864,83.0,60.4278,81.7548,77.4482,0.0,0.0,1.0,0.0,0.0
52.5822,37.6532,70.4623,17.795,33.0,46.0521,58.098,80.4742,1.0,1.0,0.0,0.0,1.0
62.9835,25.2321,60.203,74.1958,83.0,10.1667,50.8026,58.6273,1.0,1.0,0.0,1.0,1.0
74.6704,92.8685,39.6552,43.4718,67.0,19.7568,67.6236,44.1278,0.0,0.0,1.0,0.0,0.0
77.8287,72.5624,5.5014,0.1175,42.0,36.8212,54.1821,48.6696,1.0,0.0,0.0,0.0,0.0
33.6268,37.6637,94.9129,84.0419,37.0,48.3194,15.8531,47.8819,1.0,1.0,0.0,1.0,1.0
59.2316,86.001,50.0281,18.9631,28.0,23.6632,70.8442,70.9009,1.0,1.0,0.0,1.0,1.0
17.1693,59.4136,95.7655,77.511,50.0,32.8963,20.5749,42.8694,0.0,0.0,1.0,1.0,0.0
3.0976,13.3354,33.8169,28.5855,41.0,22.2027,31.1281,55.4994,0.0,0.0,1.0,0.0,0.0
49.9523,72.1994,49.3063,60.7565,2.0,87.9417,84.717,80.484,1.0,0.0,0.0,0.0,0.0
18.5477,93.9175,93.8556,44.3935,56.0,72.6184,62.1762,89.8127,1.0,1.0,1.0,1.0,1.0
49.3579,70.6551,9.2797,40.8536,16.0,90.5212,32.5622,1.1138,0.0,0.0,0.0,0.0,0.0
51.0031,81.9218,34.3732,63.4327,88.0,37.8498,68.7738,93.2973,0.0,0.0,0.0,0.0,0.0
66.1493,92.0791,77.2393,63.525,79.0,8.2957,47.9735,33.565,1.0,1.0,0.0,1.0,1.0
38.8054,60.5433,58.6627,83.8591,48.0,51.785,73.4391,79.8148,1.0,1.0,1.0,1.0,1.0
76.1923,87.7479,95.713,96.9164,92.0,64.4968,72.1816,43.765,0.0,0.0,1.0,0.0,1.0
86.5622,48.6134,50.3104,88.3275,29.0,56.9091,28.6638,18.6274,0.0,0.0,0.0,0.0,0.0
28.4798,92.4304,51.1712,67.2619,72.0,15.1844,10.7163,23.148,1.0,1.0,0.0,1.0,1.0
83.5703,22.4101,66.9197,28.8566,51.0,48.0665,17.9241,90.8918,1.0,0.0,0.0,0.0,0.0
78.1054,10.5878,11.3805,80.3297,89.0,76.5777,31.2181,49.1634,0.0,0.0,0.0,0.0,0.0
12.3967,94.8475,20.4618,1.0162,96.0,79.8653,0.6938,89.2694,0.0,0.0,0.0,0.0,0.0
13.4415,8.7089,88.9695,31.4137,46.0,5.6638,15.6976,85.1482,0.0,0.0,0.0,0.0,0.0
8.6091,59.3047,91.9072,69.4528,100.0,78.8477,28.2086,51.871,1.0,1.0,1.0,1.0,1.0
32.3361,13.9121,99.1519,34.2426,2.0,21.2819,58.2511,40.7594,0.0,0.0,0.0,0.0,0.0
63.1006,90.0702,91.4992,89.2131,73.0,22.9254,39.9316,30.071,0.0,1.0,1.0,0.0,0.0
95.845,56.2295,93.5496,97.6522,47.0,32.873,62.2102,20.1007,0.0,0.0,0.0,0.0,0.0
40.4062,13.8096,69.5165,96.0338,100.0,65.1248,45.4805,31.0411,0.0,0.0,1.0,0.0,0.0
65.1413,88.9611,14.786,33.2235,85.0,88.0299,23.5119,40.6601,1.0,0.0,0.0,0.0,1.0
95.2313,17.2162,49.4621,77.0101,86.0,71.2594,21.1896,51.0982,0.0,0.0,0.0,0.0,0.0
97.229,61.1953,3.0683,11.9932,94.0,69.4783,92.5661,50.9671,1.0,0.0,0.0,0.0,0.0
89.5218,84.49,66.8893,64.9699,98.0,60.8224,56.6162,77.0222,1.0,0.0,0.0,0.0,0.0
38.4111,33.178,10.9832,49.5477,12.0,79.8188,66.2011,80.9207,1.0,0.0,0.0,0.0,0.0
40.9176,45.3792,29.1614,65.7403,86.0,87.0412,78.3483,60.4514,0.0,0.0,1.0,0.0,1.0
11.6617,73.8854,17.927,79.771,85.0,60.7979,57.6858,53.7639,0.0,1.0,1.0,0.0,0.0
6.4895,2.8057,46.2358,77.6462,0.0,98.6015,19.7029,9.4424,1.0,0.0,0.0,0.0,1.0
98.6299,77.6084,64.3759,21.8855,20.0,53.6817,6.9445,91.7172,1.0,0.0,0.0,0.0,0.0
21.9628,86.3653,46.5688,34.6363,54.0,73.2482,9.0135,41.2818,1.0,1.0,0.0,1.0,1.0
53.3522,10.4137,20.7681,78.3866,77.0,19.5615,25.9082,81.072,0.0,0.0,1.0,0.0,0.0
41.0638,27.2583,92.4382,36.4588,86.0,4.9722,66.5374,6.0168,0.0,1.0,0.0,0.0,0.0
87.6055,11.3963,58.5804,7.819,51.0,5.2621,3.1679,89.7206,0.0,0.0,0.0,0.0,0.0
60.5602,93.0951,51.2344,45.308,48.0,0.2202,44.995,26.0603,1.0,1.0,1.0,1.0,1.0
6.5337,26.6625,51.1968,31.2683,99.0,34.7702,96.3485,14.7107,0.0,0.0,1.0,0.0,0.0
43.7654,94.1567,11.2516,44.4312,16.0,10.1864,19.4684,20.2308,0.0,0.0,1.0,0.0,0.0
12.1366,58.3438,20.7089,17.026,58.0,67.9996,83.4872,88.7112,0.0,0.0,0.0,0.0,0.0
14.4548,29.235,18.8048,77.1681,46.0,81.9185,79.7949,73.8857,0.0,0.0,1.0,0.0,0.0
55.1893,81.3378,87.827,41.6536,46.0,70.1812,88.3627,32.9988,1.0,1.0,1.0,1.0,1.0
96.4857,13.1944,41.5252,32.1026,9.0,4.6772,87.3989,20.8616,1.0,0.0,0.0,0.0,0.0
51.447,8.0702,91.3919,0.446,25.0,95.2637,64.5066,35.3516,0.0,0.0,0.0,0.0,0.0
46.6272,42.345,68.3815,83.7816,90.0,74.8497,25.4655,71.3247,0.0,0.0,1.0,1.0,0.0
7.8174,28.672,90.0759,51.7943,94.0,41.0116,81.3065,14.162,0.0,1.0,1.0,0.0,0.0
33.116,36.1872,57.5619,43.4558,39.0,1.8484,5.1633,42.7001,1.0,1.0,1.0,1.0,1.0
72.554,24.0355,95.3678,56.5531,97.0,64.5109,79.4883,13.0282,1.0,1.0,0.0,0.0,1.0
43.5225,79.4613,75.6964,59.2911,92.0,66.5995,96.1215,68.0441,0.0,0.0,1.0,0.0,0.0
43.8681,31.4634,55.9285,48.6087,81.0,30.1543,48.8111,30.2189,0.0,0.0,1.0,0.0,0.0
24.5332,32.7342,14.9181,59.5657,63.0,55.7768,7.5413,15.2767,0.0,0.0,0.0,0.0,0.0
76.049,41.4368,67.8042,73.6867,84.0,24.4094,57.2816,97.2954,0.0,0.0,0.0,0.0,0.0
18.8815,80.3419,73.4447,3.2203,40.0,89.2628,49.9724,47.6111,1.0,1.0,0.0,0.0,0.0
66.5987,18.7629,92.954,66.423,38.0,85.0879,13.3731,48.7106,1.0,0.0,1.0,1.0,1.0
46.2623,21.9375,59.5881,5.121,83.0,30.8699,26.6762,77.2913,0.0,0.0,0.0,0.0,0.0
78.2912,6.2283,81.5913,89.6437,5.0,6.0185,8.6916,75.4083,1.0,0.0,0.0,0.0,0.0
24.063,7.2654,18.2353,34.6918,20.0,96.6604,85.2774,91.1278,0.0,0.0,0.0,0.0,0.0
30.5244,56.272,94.2168,33.8276,43.0,32.5515,61.6374,60.884,1.0,1.0,0.0,1.0,1.0
36.6906,92.6571,11.4297,52.4212,50.0,71.9396,12.5511,59.3733,1.0,0.0,0.0,0.0,1.0
95.9092,1.7261,93.6483,7.9428,49.0,0.3922,25.8758,43.2908,1.0,0.0,0.0,0.0,0.0
2.7101,91.2052,34.6484,94.7917,29.0,21.9321,82.2098,93.4428,0.0,0.0,1.0,0.0,0.0
35.3617,73.9615,45.282,70.9189,28.0,51.4411,84.4213,10.0775,1.0,1.0,0.0,1.0,1.0
22.1065,97.3383,54.9478,17.2095,59.0,57.1236,64.4528,80.2235,1.0,1.0,0.0,1.0,1.0
70.3629,7.4825,73.0707,23.5696,23.0,64.9357,80.2925,27.3202,0.0,0.0,0.0,0.0,0.0
89.5599,26.9756,82.201,83.4722,63.0,67.2295,22.561,99.4152,1.0,0.0,0.0,0.0,0.0
84.1453,16.8232,2.7098,80.1151,39.0,70.5217,15.3652,22.8213,1.0,0.0,0.0,0.0,0.0
90.226,10.2236,25.0706,0.0937,75.0,76.1879,43.591,54.4713,0.0,0.0,0.0,0.0,0.0
81.7966,0.5598,58.9054,8.2296,65.0,91.189,8.9242,35.1842,0.0,0.0,0.0,0.0,1.0
29.8717,84.2973,55.0394,4.5781,54.0,15.9707,54.2472,30.9978,1.0,1.0,0.0,0.0,0.0
46.9613,45.8732,29.6188,0.908,73.0,28.2368,52.8341,84.9973,0.0,0.0,0.0,0.0,0.0
15.3016,86.0166,75.6438,24.7278,77.0,82.9672,57.5558,0.2093,0.0,0.0,0.0,0.0,0.0
4.7634,82.9218,52.4838,49.2705,20.0,14.4972,18.1298,13.2399,0.0,0.0,0.0,0.0,0.0
61.7518,73.857,66.4445,1.6109,83.0,87.3854,29.8468,78.0623,0.0,0.0,0.0,0.0,0.0
45.2456,70.0137,73.5679,91.3369,90.0,70.1821,23.6531,53.1092,0.0,0.0,1.0,0.0,1.0
15.7587,89.7052,7.0126,46.5556,57.0,59.3346,5.6987,35.0011,0.0,0.0,1.0,0.0,0.0
53.8936,57.5594,12.7738,94.6116,92.0,35.0188,81.1285,55.8105,0.0,0.0,1.0,0.0,0.0
38.5152,31.804,66.3845,9.8849,52.0,56.2858,26.9735,71.5227,0.0,0.0,0.0,0.0,0.0
71.3296,61.9483,62.3988,98.4709,79.0,87.4222,9.4308,71.243,1.0,1.0,0.0,1.0,1.0
48.2273,36.6896,5.452,15.6323,61.0,14.8537,38.2811,29.4301,1.0,0.0,0.0,0.0,0.0
59.8188,33.6412,31.7379,76.6719,87.0,25.1903,93.5497,82.6967,0.0,0.0,1.0,0.0,0.0
6.9326,31.3832,86.6341,88.8064,70.0,30.7081,81.1296,95.0725,0.0,0.0,0.0,0.0,0.0
76.6583,20.2723,10.3449,19.5638,7.0,86.7933,55.7932,10.7203,0.0,0.0,0.0,0.0,0.0
9.3646,10.8196,81.0289,36.3257,22.0,93.1342,83.0771,48.8753,0.0,0.0,1.0,0.0,0.0
98.4207,43.4504,86.8581,5.051,43.0,81.0834,18.3023,11.662,1.0,0.0,0.0,0.0,0.0
33.7895,82.685,36.3298,98.7978,66.0,25.1568,54.4306,55.8273,0.0,1.0,1.0,1.0,0.0
25.3867,75.8489,48.1416,95.3481,40.0,87.4531,12.7587,27.2032,0.0,0.0,1.0,1.0,0.0
66.1266,78.1862,86.0035,68.0182,30.0,2.0301,70.015,61.5095,0.0,1.0,1.0,0.0,0.0
1.0238,33.1173,84.3356,97.9511,34.0,41.6834,57.9463,48.5924,0.0,1.0,1.0,0.0,1.0
32.441,72.3744,45.5539,96.913,32.0,16.774,99.2466,39.5456,0.0,1.0,1.0,0.0,0.0
82.1546,67.2861,97.1412,67.3995,37.0,23.6195,38.1778,46.638,0.0,0.0,1.0,0.0,0.0
10.1347,7.1683,32.9513,15.6875,42.0,89.9711,59.293,97.3887,0.0,0.0,0.0,0.0,0.0
82.9834,41.7895,28.8031,56.1821,38.0,52.5656,23.575,56.163,0.0,0.0,0.0,0.0,0.0
38.6034,22.3194,52.2414,84.3503,58.0,3.5142,16.031,38.7983,1.0,1.0,1.0,0.0,1.0
29.1703,85.5238,69.5909,57.9443,6.0,57.121,59.1752,17.1823,0.0,0.0,1.0,0.0,0.0
79.7883,59.1516,41.8808,5.9773,45.0,98.6552,98.0191,61.0668,0.0,0.0,0.0,0.0,0.0
14.1313,62.5685,23.5579,42.9532,25.0,57.6898,30.4446,81.7534,0.0,0.0,1.0,0.0,0.0
14.0084,51.8747,17.9379,99.5927,70.0,61.9628,33.6975,10.2624,0.0,0.0,1.0,0.0,0.0
79.4728,78.8476,99.754,81.5609,91.0,21.8948,55.1714,58.9751,1.0,1.0,0.0,1.0,1.0
6.4956,51.7782,73.2166,19.1856,30.0,4.0074,75.6534,45.9615,1.0,1.0,1.0,1.0,1.0
78.7741,39.8805,90.387,64.5802,27.0,85.4162,66.3793,33.9604,0.0,0.0,0.0,0.0,0.0
90.7733,93.153,41.3802,7.1031,28.0,13.761,85.5541,56.0374,0.0,0.0,0.0,0.0,0.0
