,nsga3_adaptation,custom_adaptation,anchors_adaptation,wip_adaptation,nsga3_confidence,custom_confidence,anchors_confidence,wip_confidence,nsga3_score,custom_score,anchors_score,wip_score,score_diff_custom_NSGA,score_diff_anchors_custom,score_diff_anchors_nsga,score_diff_anchors_wip,score_improvement_NSGA_custom[%],score_improvement_anchors_custom[%],score_improvement_anchors_NSGA[%],score_improvement_anchors_WIP[%],nsga3_time,custom_time,anchors_time,wip_time,speed-up_custom_NSGA,speed-up_anchors_NSGA,speed-up_anchors_custom,speed-up_WIP_anchors,iterations_anchors,iterations_wip
0,"[3.84841234e-01 6.89353753e-01 1.69559734e+01 2.00000000e+00
 2.20000000e+01 1.59863555e+04 8.60000000e+01]","[1.00000000e+02 0.00000000e+00 0.00000000e+00 2.00000000e+00
 2.20000000e+01 1.59863555e+04 8.60000000e+01]","[9.60000000e+01 7.53000000e-01 0.00000000e+00 2.00000000e+00
 2.20000000e+01 1.59863555e+04 8.60000000e+01]","[1.00000000e+02 1.34170000e+01 0.00000000e+00 2.00000000e+00
 2.20000000e+01 1.59863555e+04 8.60000000e+01]","[3.57967982e-01 2.30000000e-01 9.99856762e-01 1.20508506e-05
 7.55322797e-02 2.20000000e-01 1.20508506e-05 2.03527822e-04
 2.03527822e-04 2.03527822e-04 9.42099630e-01 8.31647853e-01]","[5.66918945e-01 3.60000000e-01 9.99503930e-01 2.64896362e-05
 1.05902055e-01 2.80000000e-01 2.64896362e-05 6.67267326e-04
 6.67267326e-04 6.67267326e-04 1.58779402e-01 7.44264598e-01]","[[5.66918945e-01 3.60000000e-01 9.99503930e-01 2.64896362e-05
  1.05902055e-01 2.80000000e-01 2.64896362e-05 6.67267326e-04
  6.67267326e-04 6.67267326e-04 1.58779402e-01 7.44264598e-01]]","[5.55672099e-02 1.60000000e-01 9.99773298e-01 2.07780735e-04
 1.51567385e-01 2.70000000e-01 2.07780735e-04 4.98390527e-04
 4.98390527e-04 4.98390527e-04 1.46691814e-01 1.43432082e-01]",280.7395140717842,398.0,393.247,384.583,117.26048592821581,-4.752999999999986,112.50748592821583,8.663999999999987,0.41768429469544743,-0.011942211055276347,0.4007540096384438,0.02252829688259748,4.267243146896362,3.4451746940612793,14.898564338684082,6.81140661239624,1.238614446533625,0.2864197549435335,0.23124205901610886,0.4571854346200621,1002,203
1,"[6.13386448e+01 5.26896913e+00 3.67889756e-01 4.00000000e+00
 2.10000000e+01 1.74365609e+04 4.10000000e+01]","[0.00000000e+00 0.00000000e+00 0.00000000e+00 4.00000000e+00
 2.10000000e+01 1.74365609e+04 4.10000000e+01]","[9.50000000e+01 5.50200000e+00 0.00000000e+00 4.00000000e+00
 2.10000000e+01 1.74365609e+04 4.10000000e+01]","[0.00000000e+00 1.34170000e+01 0.00000000e+00 4.00000000e+00
 2.10000000e+01 1.74365609e+04 4.10000000e+01]","[0.24344187 0.35       0.99993028 0.97227585 0.72331226 0.53
 0.97227585 0.92395138 0.92395138 0.92395138 0.5705126  0.81463624]","[1.45844262e-01 2.90000000e-01 9.99955843e-01 1.56944157e-05
 2.86631759e-02 4.50000000e-01 1.56944157e-05 5.73353537e-04
 5.73353537e-04 5.73353537e-04 3.21952337e-01 7.15059732e-01]","[[2.70861981e-01 1.40000000e-01 9.99884212e-01 1.53303396e-04
  5.08797745e-02 3.70000000e-01 1.53303396e-04 1.24885809e-04
  1.24885809e-04 1.24885809e-04 6.74835792e-01 8.14636235e-01]]","[4.68707648e-02 4.00000000e-02 9.99986433e-01 4.48224592e-05
 5.53430132e-02 2.00000000e-02 4.48224592e-05 1.21151118e-04
 1.21151118e-04 1.21151118e-04 4.70564941e-02 5.87578803e-02]",351.7017858849757,296.0,385.498,282.58299999999997,-55.70178588497572,89.49799999999999,33.79621411502427,102.91500000000002,-0.15837788751858378,0.3023581081081081,0.09609338215324656,0.36419388285919546,4.754202127456665,0.27963685989379883,3.813483476638794,0.31363773345947266,17.001342846083407,1.2466822412056235,0.07332845719847483,0.08224441914611706,198,4
2,"[1.11921678e+01 5.28166973e+00 4.02351348e-01 3.00000000e+00
 2.00000000e+00 3.34697890e+04 1.00000000e+00]","[1.0000000e+02 0.0000000e+00 0.0000000e+00 3.0000000e+00 2.0000000e+00
 3.3469789e+04 1.0000000e+00]","[9.5000000e+01 5.1634000e+00 0.0000000e+00 3.0000000e+00 2.0000000e+00
 3.3469789e+04 1.0000000e+00]","[0.0000000e+00 1.2929400e+01 0.0000000e+00 3.0000000e+00 2.0000000e+00
 3.3469789e+04 1.0000000e+00]","[0.96573827 0.37       0.99998316 0.98687868 0.86870387 0.21
 0.98687868 0.95888087 0.95888087 0.95888087 0.85288368 0.77933561]","[9.55534631e-01 2.40000000e-01 9.99983163e-01 3.33426516e-05
 6.83628697e-02 1.30000000e-01 3.33426516e-05 1.23205896e-03
 1.23205896e-03 1.23205896e-03 8.92749469e-01 6.86180888e-01]","[9.09755566e-01 2.50000000e-01 9.99983163e-01 3.33426516e-05
 6.83628697e-02 1.60000000e-01 3.33426516e-05 1.23205896e-03
 1.23205896e-03 1.23205896e-03 8.78363617e-01 7.44056585e-01]","[1.69576948e-01 8.00000000e-02 9.99986295e-01 9.23167984e-05
 5.10439130e-02 5.00000000e-02 9.23167984e-05 1.39986924e-04
 1.39986924e-04 1.39986924e-04 2.84650169e-02 1.36277657e-01]",302.5081467243544,397.0,386.8366,284.0706,94.49185327564561,-10.163400000000024,84.32845327564559,102.76599999999996,0.31236135059115167,-0.025600503778337592,0.2787642388767987,0.361762181654842,6.167630672454834,3.4385228157043457,3.8025288581848145,0.3483874797821045,1.7936861271608167,1.6219812925756547,0.9042726416929202,0.09161994366780735,198,5
3,"[4.17022005e+01 7.20324493e+01 1.14374817e-02 3.00000000e+00
 6.00000000e+00 5.66877250e+03 8.50000000e+01]","[1.0000000e+02 0.0000000e+00 0.0000000e+00 3.0000000e+00 6.0000000e+00
 5.6687725e+03 8.5000000e+01]","[1.0000000e+00 1.0000000e+02 9.1000000e+01 3.0000000e+00 6.0000000e+00
 5.6687725e+03 8.5000000e+01]","[1.0000000e+02 1.8994900e+01 1.0000000e+00 3.0000000e+00 6.0000000e+00
 5.6687725e+03 8.5000000e+01]","[6.84236789e-01 2.00000000e-01 9.99924268e-01 8.56414216e-04
 7.57417902e-02 2.40000000e-01 8.56414216e-04 3.14647740e-03
 3.14647740e-03 3.14647740e-03 9.50523417e-01 5.12897687e-01]","[1.61390801e-01 2.40000000e-01 9.99668011e-01 4.53120300e-05
 1.23430945e-01 2.90000000e-01 4.53120300e-05 1.35420155e-03
 1.35420155e-03 1.35420155e-03 1.99733346e-01 6.60372264e-01]","[[7.45564949e-02 5.00000000e-02 9.99947139e-01 1.38865237e-04
  2.67992777e-02 1.30000000e-01 1.38865237e-04 6.60408719e-04
  6.60408719e-04 6.60408719e-04 2.54350209e-02 8.00126603e-03]]","[1.01094967e-02 3.00000000e-02 9.99828297e-01 1.00783571e-04
 7.85242115e-02 9.00000000e-02 1.00783571e-04 4.94969392e-04
 4.94969392e-04 4.94969392e-04 7.25540939e-03 7.39752246e-03]",266.6583136443071,397.0,107.0,377.00509999999997,130.3416863556929,-290.0,-159.6583136443071,-270.00509999999997,0.48879663481842306,-0.7304785894206549,-0.5987374309179565,-0.7161842107706236,4.1968183517456055,3.501469135284424,8.612075090408325,10.070565223693848,1.1985878468709388,0.4873179004697486,0.4065767075329122,1.1693540892264063,1002,302
4,"[7.43794649e+01 4.89643622e+01 3.00947807e-02 3.00000000e+00
 1.00000000e+01 2.44384992e+04 7.60000000e+01]","[1.00000000e+02 6.81975051e+00 0.00000000e+00 3.00000000e+00
 1.00000000e+01 2.44384992e+04 7.60000000e+01]","[9.60000000e+01 1.00000000e+02 0.00000000e+00 3.00000000e+00
 1.00000000e+01 2.44384992e+04 7.60000000e+01]","[1.00000000e+02 2.18190000e+01 0.00000000e+00 3.00000000e+00
 1.00000000e+01 2.44384992e+04 7.60000000e+01]","[0.28947365 0.19       0.99995918 0.97064707 0.13696985 0.2
 0.97064707 0.80396544 0.80396544 0.80396544 0.07734117 0.12040633]","[0.29043388 0.15       0.99996598 0.00155592 0.09331913 0.17
 0.00155592 0.0018428  0.0018428  0.0018428  0.37840853 0.44419355]","[[0.80988667 0.19       0.99995918 0.00106733 0.06596682 0.17
  0.00106733 0.00109484 0.00109484 0.00109484 0.89939411 0.72199117]]","[8.65462313e-02 1.50000000e-01 9.99951933e-01 2.26393495e-04
 8.74710121e-02 1.40000000e-01 2.26393495e-04 1.39336942e-04
 1.39336942e-04 1.39336942e-04 9.45864516e-02 1.69054329e-01]",322.3850078632681,390.1802494949495,293.0,375.181,67.79524163168145,-97.18024949494952,-29.385007863268072,-82.18099999999998,0.21029278650710453,-0.24906501449199422,-0.09114880390384351,-0.2190436082850677,4.649704217910767,6.085249423980713,7.574305534362793,6.693696022033691,0.7640942702508202,0.6138786185500681,0.8034069125378436,0.8837372603555548,1002,203
5,"[4.17022005e+01 7.20324493e+01 1.14374817e-02 1.00000000e+00
 1.70000000e+01 1.97238846e+04 7.60000000e+01]","[0.00000000e+00 5.45636263e+00 0.00000000e+00 1.00000000e+00
 1.70000000e+01 1.97238846e+04 7.60000000e+01]","[9.50000000e+01 5.50200000e+00 0.00000000e+00 1.00000000e+00
 1.70000000e+01 1.97238846e+04 7.60000000e+01]","[0.00000000e+00 1.34170000e+01 0.00000000e+00 1.00000000e+00
 1.70000000e+01 1.97238846e+04 7.60000000e+01]","[8.48226316e-01 8.00000000e-02 9.99989429e-01 2.58178674e-04
 5.30350028e-02 1.10000000e-01 2.58178674e-04 6.72006605e-04
 6.72006605e-04 6.72006605e-04 8.88173091e-01 6.35624017e-01]","[4.50257171e-01 1.00000000e-01 9.99982830e-01 2.17930521e-04
 6.35488684e-02 1.00000000e-01 2.17930521e-04 5.07019065e-04
 5.07019065e-04 5.07019065e-04 2.27932722e-01 6.48513566e-01]","[[6.31912904e-01 8.00000000e-02 9.99961637e-01 4.11602043e-04
  6.25066206e-02 1.80000000e-01 4.11602043e-04 5.85089757e-04
  5.85089757e-04 5.85089757e-04 4.93598593e-01 7.31583231e-01]]","[7.88792232e-02 5.00000000e-02 9.99991582e-01 1.20290430e-04
 1.02203908e-01 5.00000000e-02 1.20290430e-04 3.41850260e-04
 3.41850260e-04 3.41850260e-04 7.22856637e-02 7.42196793e-02]",268.6583136443071,293.5436373737374,388.498,285.58299999999997,24.885323729430297,94.9543626262626,119.83968635569289,102.91500000000002,0.09262815429705061,0.3234761396152064,0.44606729168394865,0.36036808913695856,4.191038131713867,0.16998624801635742,3.4995269775390625,0.34204816818237305,24.65515993570593,1.1976013211537204,0.0485740641827814,0.09774125771218034,186,5
6,"[4.29813652e+01 5.27058140e+00 6.84304861e-02 1.00000000e+00
 1.90000000e+01 2.98283710e+04 6.00000000e+00]","[1.0000000e+02 0.0000000e+00 0.0000000e+00 1.0000000e+00 1.9000000e+01
 2.9828371e+04 6.0000000e+00]","[1.0000000e+00 7.5986000e+00 0.0000000e+00 1.0000000e+00 1.9000000e+01
 2.9828371e+04 6.0000000e+00]","[1.0000000e+02 3.4779600e+01 0.0000000e+00 1.0000000e+00 1.9000000e+01
 2.9828371e+04 6.0000000e+00]","[0.53160933 0.33       0.99998953 0.96548453 0.57841373 0.23
 0.96548453 0.95729768 0.95729768 0.95729768 0.71821747 0.57273379]","[5.26570552e-01 2.30000000e-01 9.99989527e-01 1.26345273e-05
 1.49881229e-02 1.80000000e-01 1.26345273e-05 1.18447795e-03
 1.18447795e-03 1.18447795e-03 7.66632999e-01 5.80240481e-01]","[[8.35473167e-02 5.00000000e-02 9.99991756e-01 5.89962791e-05
  5.66121408e-02 1.40000000e-01 5.89962791e-05 1.65582629e-04
  1.65582629e-04 1.65582629e-04 8.84596139e-02 2.14500536e-01]]","[3.69777013e-02 2.00000000e-02 9.99995164e-01 2.56187878e-05
 3.17987062e-02 2.00000000e-02 2.56187878e-05 4.20373369e-05
 4.20373369e-05 4.20373369e-05 3.41418009e-02 6.53645334e-02]",336.6423533335883,399.0,292.40139999999997,364.2204,62.35764666641171,-106.59860000000003,-44.24095333358832,-71.81900000000002,0.1852341098763048,-0.267164411027569,-0.1314182630185832,-0.197185550287683,5.083327770233154,3.4851839542388916,0.4275224208831787,6.760444402694702,1.458553647950348,11.890201593946772,8.152049539388308,15.813075694904914,54,203
7,"[5.96078288e+01 5.28344179e+00 3.43132343e-01 1.00000000e+00
 1.80000000e+01 6.10790240e+03 1.90000000e+01]","[0.0000000e+00 0.0000000e+00 0.0000000e+00 1.0000000e+00 1.8000000e+01
 6.1079024e+03 1.9000000e+01]","[1.0000000e+02 0.0000000e+00 4.6000000e+01 1.0000000e+00 1.8000000e+01
 6.1079024e+03 1.9000000e+01]","[0.0000000e+00 2.2775300e+01 1.0000000e+00 1.0000000e+00 1.8000000e+01
 6.1079024e+03 1.9000000e+01]","[0.5904923  0.21       0.9999086  0.95679913 0.85470171 0.14
 0.95679913 0.97270182 0.97270182 0.97270182 0.4736469  0.68810409]","[6.68829557e-01 1.40000000e-01 9.99947028e-01 1.01855549e-05
 1.56452312e-01 1.10000000e-01 1.01855549e-05 1.67724206e-03
 1.67724206e-03 1.67724206e-03 1.94931438e-01 4.64822983e-01]","[[3.80179905e-01 1.30000000e-01 9.99939941e-01 5.44831469e-06
  1.56452312e-01 1.80000000e-01 5.44831469e-06 6.06413562e-04
  6.06413562e-04 6.06413562e-04 8.04477683e-01 3.46517630e-01]]","[6.10546543e-03 3.00000000e-02 9.99988704e-01 9.44696104e-06
 2.41133853e-02 6.00000000e-02 9.44696104e-06 2.86866717e-05
 2.86866717e-05 2.86866717e-05 2.24624724e-03 4.20130789e-03]",352.9812546742314,299.0,353.0,275.2247,-53.98125467423142,54.0,0.01874532576857746,77.77530000000002,-0.15292952234546012,0.1806020066889632,5.3105725928357404e-05,0.2825883723372213,4.0250403881073,0.48320555686950684,21.34965443611145,0.3517460823059082,8.329871895894383,0.18852953335390876,0.022632945105293994,0.016475493004278058,1002,5
8,"[4.17022005e+01 7.20324493e+01 1.14374817e-02 1.00000000e+00
 2.30000000e+01 1.24119699e+04 7.70000000e+01]","[0.00000000e+00 0.00000000e+00 0.00000000e+00 1.00000000e+00
 2.30000000e+01 1.24119699e+04 7.70000000e+01]","[9.50000000e+01 1.00000000e+02 0.00000000e+00 1.00000000e+00
 2.30000000e+01 1.24119699e+04 7.70000000e+01]","[0.00000000e+00 3.31747000e+01 0.00000000e+00 1.00000000e+00
 2.30000000e+01 1.24119699e+04 7.70000000e+01]","[6.88249046e-01 1.00000000e-01 9.99945919e-01 1.83247665e-04
 1.85620849e-02 1.00000000e-01 1.83247665e-04 6.72006605e-04
 6.72006605e-04 6.72006605e-04 8.48445798e-01 3.81112551e-01]","[4.37330865e-01 1.90000000e-01 9.99885361e-01 1.71916350e-05
 1.11652392e-02 1.90000000e-01 1.71916350e-05 1.03152525e-03
 1.03152525e-03 1.03152525e-03 9.42663308e-02 5.45499504e-01]","[[6.88249046e-01 1.00000000e-01 9.99945919e-01 1.83247665e-04
  1.85620849e-02 1.00000000e-01 1.83247665e-04 6.72006605e-04
  6.72006605e-04 6.72006605e-04 8.48445798e-01 3.81112551e-01]]","[4.31906358e-02 0.00000000e+00 9.99986909e-01 6.06567656e-05
 2.80699595e-02 1.00000000e-02 6.06567656e-05 8.47714440e-05
 8.47714440e-05 8.47714440e-05 4.93798845e-02 5.67559906e-02]",268.6583136443071,299.0,294.0,265.82529999999997,30.3416863556929,-5.0,25.3416863556929,28.17470000000003,0.11293782777131581,-0.016722408026755852,0.09432682730691254,0.1059895352323501,3.849750280380249,0.3019750118255615,6.918597936630249,0.3312699794769287,12.748572330892367,0.5564350343294117,0.04364685079136721,0.047881085519225305,1002,5
9,"[4.17022005e+01 7.20324493e+01 1.14374817e-02 4.00000000e+00
 1.70000000e+01 3.63740466e+04 4.90000000e+01]","[1.00000000e+02 4.99937000e+01 0.00000000e+00 4.00000000e+00
 1.70000000e+01 3.63740466e+04 4.90000000e+01]","[9.60000000e+01 1.11150000e+00 0.00000000e+00 4.00000000e+00
 1.70000000e+01 3.63740466e+04 4.90000000e+01]","[1.00000000e+02 3.41170000e+01 0.00000000e+00 4.00000000e+00
 1.70000000e+01 3.63740466e+04 4.90000000e+01]","[7.68327400e-01 1.30000000e-01 9.99993848e-01 1.14964760e-04
 1.94656303e-02 1.00000000e-01 1.14964760e-04 8.66286594e-05
 8.66286594e-05 8.66286594e-05 7.18909530e-01 4.03056109e-01]","[7.68327400e-01 1.30000000e-01 9.99993848e-01 1.14964760e-04
 1.94656303e-02 1.00000000e-01 1.14964760e-04 8.66286594e-05
 8.66286594e-05 8.66286594e-05 7.18909530e-01 4.03056109e-01]","[1.32910844e-01 3.60000000e-01 9.99987600e-01 1.94678898e-05
 2.39524844e-02 3.50000000e-01 1.94678898e-05 5.91105099e-04
 5.91105099e-04 5.91105099e-04 4.81510975e-01 6.62977597e-01]","[2.99387002e-02 3.00000000e-02 9.99993743e-01 3.31901108e-05
 3.83085646e-02 1.10000000e-01 3.31901108e-05 4.76217063e-05
 4.76217063e-05 4.76217063e-05 2.54166332e-02 7.95165242e-02]",265.6583136443071,346.0063,390.8885,361.883,80.34798635569291,44.88220000000001,125.23018635569292,29.00550000000004,0.3024486049522686,0.12971497917812483,0.47139569862422986,0.08015159595780968,3.6548545360565186,5.568543195724487,3.450861930847168,2.972104787826538,0.6563394423989933,1.0591135227364115,1.613667340888785,0.8612644746111017,210,102
10,"[4.85544481e+01 5.27002922e+00 4.01664688e-02 2.00000000e+00
 1.80000000e+01 3.45757425e+04 8.00000000e+01]","[0.00000000e+00 4.99937000e+01 0.00000000e+00 2.00000000e+00
 1.80000000e+01 3.45757425e+04 8.00000000e+01]","[0.00000000e+00 4.52060000e+00 0.00000000e+00 2.00000000e+00
 1.80000000e+01 3.45757425e+04 8.00000000e+01]","[0.00000000e+00 2.65686000e+01 0.00000000e+00 2.00000000e+00
 1.80000000e+01 3.45757425e+04 8.00000000e+01]","[0.55303211 0.29       0.99997065 0.98655339 0.72588152 0.3
 0.98655339 0.84118812 0.84118812 0.84118812 0.38007362 0.48581457]","[4.32220505e-01 2.00000000e-01 9.99993422e-01 2.91023667e-04
 3.58083550e-02 1.30000000e-01 2.91023667e-04 9.10522034e-04
 9.10522034e-04 9.10522034e-04 5.46322709e-01 5.75841651e-01]","[1.54281109e-01 3.00000000e-01 9.99984844e-01 3.28585651e-05
 2.90238178e-02 2.50000000e-01 3.28585651e-05 7.36337894e-04
 7.36337894e-04 7.36337894e-04 2.36571145e-01 2.49794811e-01]","[3.93591485e-02 7.00000000e-02 9.99938064e-01 8.40285111e-05
 6.43808630e-02 6.00000000e-02 8.40285111e-05 1.37027251e-04
 1.37027251e-04 1.37027251e-04 2.31126666e-02 8.12607390e-02]",341.24425240415826,248.0063,293.4794,271.4314,-93.23795240415825,45.47309999999999,-47.76485240415826,22.048000000000002,-0.2732293708898292,0.1833546163948254,-0.13997262098230792,0.08122862719641133,5.227288007736206,0.16533970832824707,0.49346280097961426,0.3127148151397705,31.615442295074875,10.59307408250243,0.3350601261128851,0.6337150733935246,72,5
11,"[2.18855407e+01 5.26898907e+00 9.74223478e-02 4.00000000e+00
 1.70000000e+01 4.01583410e+03 1.30000000e+01]","[1.0000000e+02 0.0000000e+00 1.0000000e+00 4.0000000e+00 1.7000000e+01
 4.0158341e+03 1.3000000e+01]","[1.0000000e+02 9.1921800e+01 0.0000000e+00 4.0000000e+00 1.7000000e+01
 4.0158341e+03 1.3000000e+01]","[0.0000000e+00 2.9921800e+01 0.0000000e+00 4.0000000e+00 1.7000000e+01
 4.0158341e+03 1.3000000e+01]","[0.44449881 0.52       0.99993009 0.97227585 0.90779477 0.52
 0.97227585 0.97036793 0.97036793 0.97036793 0.55784525 0.66998346]","[9.66137982e-02 3.50000000e-01 9.99954061e-01 7.13982354e-06
 2.36886174e-01 4.10000000e-01 7.13982354e-06 5.57338017e-04
 5.57338017e-04 5.57338017e-04 8.77913169e-01 2.63219645e-01]","[[7.87283749e-01 3.00000000e-02 9.99988170e-01 1.26619853e-04
  8.27972545e-03 1.30000000e-01 1.26619853e-04 1.02342855e-04
  1.02342855e-04 1.02342855e-04 8.84126015e-01 2.35566424e-01]]","[1.36478617e-01 3.00000000e-02 9.99992092e-01 3.21801288e-05
 2.39788163e-02 4.00000000e-02 3.21801288e-05 7.74768390e-05
 7.74768390e-05 7.74768390e-05 4.29413542e-02 8.85570894e-02]",312.5191292878189,395.0,304.0782,266.07820000000004,82.48087071218112,-90.92180000000002,-8.440929287818904,37.99999999999994,0.2639226305926995,-0.23018177215189878,-0.0270093203800178,0.14281515734847852,4.262434244155884,5.846344232559204,3.527719020843506,0.3170590400695801,0.7290768512086103,1.2082692014220286,1.657259038493745,0.08987650042314559,192,5
12,"[2.59426560e-01 5.27194125e+00 7.22463620e-03 2.00000000e+00
 1.30000000e+01 1.56203749e+04 8.90000000e+01]","[1.00000000e+02 0.00000000e+00 0.00000000e+00 2.00000000e+00
 1.30000000e+01 1.56203749e+04 8.90000000e+01]","[9.60000000e+01 1.09690000e+00 0.00000000e+00 2.00000000e+00
 1.30000000e+01 1.56203749e+04 8.90000000e+01]","[1.00000000e+02 1.05949000e+01 0.00000000e+00 2.00000000e+00
 1.30000000e+01 1.56203749e+04 8.90000000e+01]","[0.57413627 0.44       0.99984233 0.9899729  0.97824726 0.41
 0.9899729  0.79791875 0.79791875 0.79791875 0.41028865 0.73394185]","[2.46533259e-01 3.70000000e-01 9.98822376e-01 4.50205996e-05
 8.12297280e-01 4.30000000e-01 4.50205996e-05 6.88945617e-04
 6.88945617e-04 6.88945617e-04 2.00749305e-01 7.07113564e-01]","[[2.46533259e-01 3.70000000e-01 9.98822376e-01 4.50205996e-05
  8.12297280e-01 4.30000000e-01 4.50205996e-05 6.88945617e-04
  6.88945617e-04 6.88945617e-04 2.00749305e-01 7.07113564e-01]]","[1.68006500e-01 1.90000000e-01 9.98805398e-01 5.77703506e-03
 2.36946978e-01 3.00000000e-01 5.77703506e-03 8.38184772e-04
 8.38184772e-04 8.38184772e-04 1.74299460e-01 3.49218226e-01]",292.980260675987,398.0,392.9031,387.4051,105.01973932401302,-5.096900000000005,99.92283932401301,5.4979999999999905,0.3584532933437333,-0.01280628140703519,0.3410565581908597,0.014191862729736883,4.538862228393555,2.9546589851379395,2.749699592590332,5.709022283554077,1.5361712641710008,1.6506756740352704,1.0745388307507902,2.0762349090563523,174,203
13,"[6.51011945e+01 5.28868272e+00 8.35250052e-02 2.00000000e+00
 1.60000000e+01 6.68289160e+03 1.70000000e+01]","[1.0000000e+02 0.0000000e+00 0.0000000e+00 2.0000000e+00 1.6000000e+01
 6.6828916e+03 1.7000000e+01]","[0.0000000e+00 0.0000000e+00 1.6000000e+01 2.0000000e+00 1.6000000e+01
 6.6828916e+03 1.7000000e+01]","[1.0000000e+02 4.3163000e+01 1.0000000e+00 2.0000000e+00 1.6000000e+01
 6.6828916e+03 1.7000000e+01]","[0.57235384 0.29       0.99992836 0.97204305 0.8611244  0.28
 0.97204305 0.97989309 0.97989309 0.97989309 0.58737627 0.61404386]","[6.88809171e-01 1.80000000e-01 9.99928356e-01 1.56944157e-05
 1.63533517e-01 2.20000000e-01 1.56944157e-05 2.56760365e-03
 2.56760365e-03 2.56760365e-03 5.13381004e-01 6.21304660e-01]","[[3.67863040e-01 1.30000000e-01 9.99966572e-01 7.13982354e-06
  1.63533517e-01 1.70000000e-01 7.13982354e-06 7.40228529e-04
  7.40228529e-04 7.40228529e-04 6.90939246e-01 1.42665343e-01]]","[1.95468605e-02 0.00000000e+00 9.99992875e-01 1.48932067e-05
 2.81784965e-02 3.00000000e-02 1.48932067e-05 3.08883267e-05
 3.08883267e-05 3.08883267e-05 3.34329031e-03 5.05126000e-03]",357.7289868200828,398.0,282.0,353.837,40.27101317991719,-116.0,-75.72898682008281,-71.83699999999999,0.11257408447074266,-0.2914572864321608,-0.21169373914384565,-0.20302286080879045,3.647002696990967,2.9296202659606934,11.655828714370728,5.637511730194092,1.2448721560830092,0.31289089659446495,0.2513437986909245,0.4836645997760313,1002,202
14,"[4.17022005e+01 7.20324493e+01 1.14374817e-02 1.00000000e+00
 9.00000000e+00 2.62412089e+04 4.20000000e+01]","[1.00000000e+02 0.00000000e+00 1.00000000e+00 1.00000000e+00
 9.00000000e+00 2.62412089e+04 4.20000000e+01]","[9.00000000e+01 4.47880000e+00 1.00000000e+00 1.00000000e+00
 9.00000000e+00 2.62412089e+04 4.20000000e+01]","[0.00000000e+00 1.27468000e+01 1.00000000e+00 1.00000000e+00
 9.00000000e+00 2.62412089e+04 4.20000000e+01]","[7.46685050e-01 5.00000000e-02 9.99992112e-01 1.63429507e-04
 1.96374241e-02 1.60000000e-01 1.63429507e-04 6.10707420e-05
 6.10707420e-05 6.10707420e-05 8.29104084e-01 7.05955102e-01]","[1.01628412e-01 1.00000000e-02 9.99991523e-01 1.15750312e-05
 1.79968516e-02 5.00000000e-02 1.15750312e-05 2.88666354e-04
 2.88666354e-04 2.88666354e-04 8.01700887e-01 7.68866071e-01]","[[1.01628412e-01 1.00000000e-02 9.99991523e-01 1.15750312e-05
  1.79968516e-02 5.00000000e-02 1.15750312e-05 2.88666354e-04
  2.88666354e-04 2.88666354e-04 8.01700887e-01 7.68866071e-01]]","[4.26392553e-03 4.00000000e-02 9.98105165e-01 2.33978597e-05
 4.75063213e-02 6.00000000e-02 2.33978597e-05 5.82768734e-05
 5.82768734e-05 5.82768734e-05 2.11925349e-03 5.72928209e-03]",268.6583136443071,398.0,383.5212,285.2532,129.3416863556929,-14.478799999999978,114.86288635569292,98.26800000000003,0.48143563696650066,-0.036378894472361756,0.4275426462617003,0.3444939443273556,3.6517608165740967,5.798371076583862,2.138533115386963,0.2738959789276123,0.6297908099261472,1.7076007803196065,2.7113777359181364,0.12807656657589397,162,3
15,"[4.17022005e+01 7.20324493e+01 1.14374817e-02 1.00000000e+00
 3.00000000e+00 3.83654169e+04 4.20000000e+01]","[1.00000000e+02 0.00000000e+00 0.00000000e+00 1.00000000e+00
 3.00000000e+00 3.83654169e+04 4.20000000e+01]","[5.50000000e+01 1.00000000e+02 0.00000000e+00 1.00000000e+00
 3.00000000e+00 3.83654169e+04 4.20000000e+01]","[0.00000000e+00 3.63541000e+01 0.00000000e+00 1.00000000e+00
 3.00000000e+00 3.83654169e+04 4.20000000e+01]","[6.45143873e-01 1.00000000e-01 9.99988891e-01 1.63429507e-04
 2.87472195e-01 2.10000000e-01 1.63429507e-04 8.27448377e-05
 8.27448377e-05 8.27448377e-05 8.62524811e-01 6.53112837e-01]","[3.00873105e-01 1.40000000e-01 9.99978302e-01 2.16392582e-05
 2.01933163e-01 1.40000000e-01 2.16392582e-05 1.11856547e-03
 1.11856547e-03 1.11856547e-03 7.80521886e-01 4.45496831e-01]","[6.45143873e-01 1.00000000e-01 9.99988891e-01 1.63429507e-04
 2.87472195e-01 2.10000000e-01 1.63429507e-04 8.27448377e-05
 8.27448377e-05 8.27448377e-05 8.62524811e-01 6.53112837e-01]","[1.97564395e-02 8.00000000e-02 9.99991722e-01 3.15835084e-05
 4.28224713e-01 1.70000000e-01 3.15835084e-05 4.34201323e-05
 4.34201323e-05 4.34201323e-05 3.68530416e-02 5.61843038e-02]",268.6583136443071,399.0,254.0,262.6459,130.3416863556929,-145.0,-14.6583136443071,-8.645899999999983,0.4851578370593813,-0.3634085213032581,-0.05456117640831366,-0.03291846550812323,3.6846940517425537,2.968254804611206,7.845292329788208,0.31914258003234863,1.2413671649813736,0.4696694395633854,0.37834852798803703,0.040679501364223124,1002,5
16,"[9.19567261e+01 5.27224696e+00 2.14648750e-03 4.00000000e+00
 1.20000000e+01 8.67313320e+03 4.60000000e+01]","[0.0000000e+00 5.5593000e+00 0.0000000e+00 4.0000000e+00 1.2000000e+01
 8.6731332e+03 4.6000000e+01]","[9.5000000e+01 5.5593000e+00 0.0000000e+00 4.0000000e+00 1.2000000e+01
 8.6731332e+03 4.6000000e+01]","[0.0000000e+00 5.5593000e+00 0.0000000e+00 4.0000000e+00 1.2000000e+01
 8.6731332e+03 4.6000000e+01]","[0.3079147  0.29       0.99982474 0.98248446 0.75649361 0.27
 0.98248446 0.97265425 0.97265425 0.97265425 0.58610175 0.73996343]","[3.91259229e-01 1.10000000e-01 9.99913561e-01 1.95437646e-04
 6.08924135e-02 1.10000000e-01 1.95437646e-04 5.98695716e-04
 5.98695716e-04 5.98695716e-04 6.60218738e-01 7.75935735e-01]","[[4.57873072e-01 1.40000000e-01 9.99709495e-01 3.69127473e-04
  5.98909472e-02 1.30000000e-01 3.69127473e-04 6.90873003e-04
  6.90873003e-04 6.90873003e-04 7.21204097e-01 8.08644848e-01]]","[3.91259229e-01 1.10000000e-01 9.99913561e-01 1.95437646e-04
 6.08924135e-02 1.10000000e-01 1.95437646e-04 5.98695716e-04
 5.98695716e-04 5.98695716e-04 6.60218738e-01 7.75935735e-01]",382.68233269328346,290.4407,385.4407,290.4407,-92.24163269328346,95.0,2.7583673067165364,95.0,-0.24103969484061424,0.32708914418674795,0.007207981845682288,0.32708914418674795,4.721035003662109,0.15465021133422852,2.4397964477539062,0.2879910469055176,30.527181068372773,1.9350118359293158,0.06338652205047704,0.11803896475488525,150,4
17,"[1.01469085e+01 4.89632921e+01 4.76697227e-03 3.00000000e+00
 1.00000000e+00 3.76139969e+04 5.00000000e+01]","[1.00000000e+02 4.99937000e+01 0.00000000e+00 3.00000000e+00
 1.00000000e+00 3.76139969e+04 5.00000000e+01]","[7.60000000e+01 1.00000000e+02 0.00000000e+00 3.00000000e+00
 1.00000000e+00 3.76139969e+04 5.00000000e+01]","[1.00000000e+02 2.95684000e+01 0.00000000e+00 3.00000000e+00
 1.00000000e+00 3.76139969e+04 5.00000000e+01]","[0.11299742 0.09       0.9999569  0.89513242 0.06096487 0.09
 0.89513242 0.14032951 0.14032951 0.14032951 0.02403479 0.07157361]","[6.55958317e-01 6.00000000e-02 9.99956895e-01 2.75725988e-04
 2.92739519e-02 1.10000000e-01 2.75725988e-04 1.01856137e-04
 1.01856137e-04 1.01856137e-04 7.33964271e-01 6.14287482e-01]","[6.55958317e-01 6.00000000e-02 9.99956895e-01 2.75725988e-04
 2.92739519e-02 1.10000000e-01 2.75725988e-04 1.01856137e-04
 1.01856137e-04 1.01856137e-04 7.33964271e-01 6.14287482e-01]","[2.97003299e-02 3.00000000e-02 9.99935619e-01 5.21221184e-05
 5.95460596e-02 8.00000000e-02 5.21221184e-05 5.50262554e-05
 5.50262554e-05 5.50262554e-05 3.40891105e-02 1.00873664e-01]",258.1788494280082,347.0063,273.0,367.4316,88.82745057199179,-74.00630000000001,14.82115057199178,-94.4316,0.34405394078092694,-0.21327076770652292,0.057406524991601135,-0.2570045690136613,4.435198545455933,5.585250377655029,6.441603183746338,5.704147100448608,0.7940912663825921,0.6885240240577019,0.8670590563150357,0.885516685480021,1002,203
18,"[4.17022005e+01 7.20324493e+01 1.14374817e-02 3.00000000e+00
 0.00000000e+00 1.54546175e+04 5.60000000e+01]","[1.00000000e+02 0.00000000e+00 1.00000000e+00 3.00000000e+00
 0.00000000e+00 1.54546175e+04 5.60000000e+01]","[9.60000000e+01 4.84517000e+01 1.00000000e+00 3.00000000e+00
 0.00000000e+00 1.54546175e+04 5.60000000e+01]","[1.00000000e+02 4.24517000e+01 1.00000000e+00 3.00000000e+00
 0.00000000e+00 1.54546175e+04 5.60000000e+01]","[6.06188840e-01 6.00000000e-02 9.97508440e-01 2.66652330e-04
 3.03009784e-01 1.10000000e-01 2.66652330e-04 1.20308063e-04
 1.20308063e-04 1.20308063e-04 7.91024480e-01 4.70645330e-01]","[1.04918901e-01 8.00000000e-02 9.98201246e-01 1.22284820e-05
 2.02365758e-02 1.30000000e-01 1.22284820e-05 2.90688914e-04
 2.90688914e-04 2.90688914e-04 7.99643611e-01 7.77617200e-01]","[[3.65455045e-03 2.00000000e-01 9.97800290e-01 8.29428017e-05
  3.83712189e-01 1.30000000e-01 8.29428017e-05 1.07988811e-04
  1.07988811e-04 1.07988811e-04 3.26689482e-03 5.90487267e-03]]","[3.66990768e-03 1.50000000e-01 9.97800290e-01 8.29428017e-05
 8.21490222e-02 1.10000000e-01 8.29428017e-05 8.63076497e-05
 8.63076497e-05 8.63076497e-05 3.04376872e-03 7.51008825e-03]",266.6583136443071,396.0,343.5483,353.5483,129.3416863556929,-52.45170000000002,76.88998635569288,-10.0,0.4850465173503666,-0.13245378787878792,0.2883464809511084,-0.02828467850078759,3.7155466079711914,3.1089890003204346,3.127985954284668,2.9794609546661377,1.1950980230513009,1.187839927120418,0.9939267777279461,0.9525173700300402,150,103
19,"[4.17022005e+01 7.20324493e+01 1.14374817e-02 1.00000000e+00
 1.00000000e+00 3.92416583e+04 7.70000000e+01]","[0.00000000e+00 4.99937000e+01 0.00000000e+00 1.00000000e+00
 1.00000000e+00 3.92416583e+04 7.70000000e+01]","[9.50000000e+01 8.83400000e-01 0.00000000e+00 1.00000000e+00
 1.00000000e+00 3.92416583e+04 7.70000000e+01]","[0.00000000e+00 9.15140000e+00 0.00000000e+00 1.00000000e+00
 1.00000000e+00 3.92416583e+04 7.70000000e+01]","[6.68712930e-01 1.50000000e-01 9.99962462e-01 5.39482679e-04
 3.40263277e-02 2.30000000e-01 5.39482679e-04 1.20494428e-03
 1.20494428e-03 1.20494428e-03 9.05262906e-01 9.21783491e-01]","[2.54624749e-01 1.10000000e-01 9.99991731e-01 4.23555850e-04
 2.91661399e-02 1.50000000e-01 4.23555850e-04 9.56141279e-04
 9.56141279e-04 9.56141279e-04 7.87099035e-01 6.97921294e-01]","[1.64755750e-01 2.10000000e-01 9.99937225e-01 3.64779039e-05
 1.08601172e-02 1.30000000e-01 3.64779039e-05 1.49110426e-03
 1.49110426e-03 1.49110426e-03 4.52547371e-01 6.06870036e-01]","[6.38976353e-02 1.90000000e-01 9.99988016e-01 2.39634215e-04
 4.10810843e-02 1.80000000e-01 2.39634215e-04 5.94742901e-04
 5.94742901e-04 5.94742901e-04 6.78496849e-02 1.51775092e-01]",268.6583136443071,249.0063,393.1166,289.84860000000003,-19.65201364430709,144.1103,124.4582863556929,103.26799999999997,-0.07314872701213175,0.5787415820402937,0.4632586450329273,0.35628255578947066,3.7022318840026855,0.15504002571105957,2.7949485778808594,0.3204376697540283,23.879200658172955,1.3246153840904407,0.05547151276343392,0.11464886055148298,174,5
20,"[8.79926755e+01 5.28820004e+00 2.87032703e-01 3.00000000e+00
 1.20000000e+01 1.58076199e+04 5.60000000e+01]","[0.00000000e+00 5.45636263e+00 0.00000000e+00 3.00000000e+00
 1.20000000e+01 1.58076199e+04 5.60000000e+01]","[9.50000000e+01 5.13870000e+00 0.00000000e+00 3.00000000e+00
 1.20000000e+01 1.58076199e+04 5.60000000e+01]","[0.00000000e+00 2.45537000e+01 0.00000000e+00 3.00000000e+00
 1.20000000e+01 1.58076199e+04 5.60000000e+01]","[0.26897726 0.21       0.9988647  0.98248446 0.69395793 0.22
 0.98248446 0.92620022 0.92620022 0.92620022 0.26714743 0.6444809 ]","[2.42366637e-01 1.20000000e-01 9.99822510e-01 1.95437646e-04
 4.82240662e-02 9.00000000e-02 1.95437646e-04 1.25040045e-04
 1.25040045e-04 1.25040045e-04 2.01561572e-01 5.75980631e-01]","[[4.39975177e-01 8.00000000e-02 9.98864700e-01 2.53190601e-05
  2.45312136e-02 1.50000000e-01 2.53190601e-05 6.63449240e-04
  6.63449240e-04 6.63449240e-04 2.49244819e-01 5.61791969e-01]]","[3.11744103e-02 5.00000000e-02 9.99947931e-01 3.69389877e-05
 5.58600175e-02 4.00000000e-02 3.69389877e-05 5.80793549e-05
 5.80793549e-05 5.80793549e-05 3.48905785e-02 8.80304382e-02]",379.4174427304507,291.5436373737374,386.86129999999997,272.4463,-87.87380535671332,95.31766262626257,7.443857269549255,114.41499999999996,-0.2316019124590997,0.32694132338093995,0.01961917516490561,0.4199543176031385,3.6980016231536865,0.18053507804870605,2.9813199043273926,0.3252089023590088,20.483562879431183,1.2403907469929774,0.060555419694028466,0.10908218936416965,186,5
21,"[5.60759975e+01 5.23551134e+00 1.79805880e-01 2.00000000e+00
 4.00000000e+00 3.67842707e+04 9.60000000e+01]","[1.00000000e+02 0.00000000e+00 1.00000000e+00 2.00000000e+00
 4.00000000e+00 3.67842707e+04 9.60000000e+01]","[1.00000000e+02 7.53000000e-01 1.00000000e+00 2.00000000e+00
 4.00000000e+00 3.67842707e+04 9.60000000e+01]","[1.00000000e+02 1.34170000e+01 1.00000000e+00 2.00000000e+00
 4.00000000e+00 3.67842707e+04 9.60000000e+01]","[0.78612476 0.25       0.99978929 0.99999679 0.64621284 0.27
 0.99999679 0.9999975  0.9999975  0.9999975  0.46928497 0.53550082]","[0.34228679 0.17       0.99982327 0.99999293 0.10456197 0.17
 0.99999293 0.99999269 0.99999269 0.99999269 0.69627707 0.64324254]","[0.34228679 0.17       0.99982327 0.99999293 0.10456197 0.17
 0.99999293 0.99999269 0.99999269 0.99999269 0.69627707 0.64324254]","[5.17297379e-02 5.00000000e-02 9.99825706e-01 8.47014283e-05
 1.13871342e-01 8.00000000e-02 8.47014283e-05 2.30925276e-04
 2.30925276e-04 2.30925276e-04 8.49355531e-03 1.65010712e-01]",348.6606802700832,397.0,396.247,383.58299999999997,48.33931972991678,-0.7529999999999859,47.586319729916795,12.664000000000044,0.13864287677197115,-0.00189672544080601,0.1364831838596052,0.03301501891376846,4.973050355911255,3.0322158336639404,7.081237316131592,5.764955282211304,1.6400713632255297,0.7022855094239352,0.42820423865138996,0.8141169438112604,384,202
22,"[3.64602309e+01 5.26921080e+00 3.25036810e-01 2.00000000e+00
 1.00000000e+01 1.35396287e+04 7.30000000e+01]","[0.00000000e+00 5.44810000e+00 0.00000000e+00 2.00000000e+00
 1.00000000e+01 1.35396287e+04 7.30000000e+01]","[0.00000000e+00 4.65660000e+00 1.00000000e+02 2.00000000e+00
 1.00000000e+01 1.35396287e+04 7.30000000e+01]","[0.00000000e+00 5.44810000e+00 1.00000000e+00 2.00000000e+00
 1.00000000e+01 1.35396287e+04 7.30000000e+01]","[0.54989708 0.25       0.99955385 0.99010539 0.73527391 0.23
 0.99010539 0.88457521 0.88457521 0.88457521 0.24371054 0.6444809 ]","[4.57046759e-01 1.10000000e-01 9.99931177e-01 5.84666150e-04
 5.98879856e-02 6.00000000e-02 5.84666150e-04 6.57529773e-04
 6.57529773e-04 6.57529773e-04 2.20669290e-01 5.75980631e-01]","[[4.59173158e-02 8.00000000e-02 9.99945956e-01 2.05776305e-05
  2.08063639e-02 8.00000000e-02 2.05776305e-05 3.64014967e-04
  3.64014967e-04 3.64014967e-04 3.42781668e-01 1.06266476e-01]]","[1.96533448e-02 6.00000000e-02 9.99937504e-01 1.06594819e-04
 4.13866464e-02 6.00000000e-02 1.06594819e-04 1.74598007e-04
 1.74598007e-04 1.74598007e-04 2.51793048e-02 4.32291429e-02]",328.865983331255,292.5519,193.3434,291.5519,-36.314083331255006,-99.20849999999999,-135.522583331255,-98.20849999999999,-0.11042213294123863,-0.3391141879440878,-0.4120906089419042,-0.3368474017833531,4.367232322692871,0.14728450775146484,11.401776313781738,0.27237391471862793,29.651674771268915,0.3830308719014282,0.012917680868150058,0.02388872638988714,1002,3
23,"[4.17022005e+01 7.20324493e+01 1.14374817e-02 4.00000000e+00
 4.00000000e+00 7.80790460e+03 6.00000000e+01]","[1.0000000e+02 0.0000000e+00 0.0000000e+00 4.0000000e+00 4.0000000e+00
 7.8079046e+03 6.0000000e+01]","[0.0000000e+00 7.3317900e+01 0.0000000e+00 4.0000000e+00 4.0000000e+00
 7.8079046e+03 6.0000000e+01]","[0.0000000e+00 1.8317900e+01 0.0000000e+00 4.0000000e+00 4.0000000e+00
 7.8079046e+03 6.0000000e+01]","[6.34382862e-01 6.00000000e-02 9.99904507e-01 2.29953343e-04
 1.27933851e-02 1.80000000e-01 2.29953343e-04 1.03384942e-04
 1.03384942e-04 1.03384942e-04 7.92284254e-01 4.19644943e-01]","[2.29792569e-01 2.10000000e-01 9.99586062e-01 2.71552700e-05
 8.93841740e-02 1.90000000e-01 2.71552700e-05 2.23763172e-03
 2.23763172e-03 2.23763172e-03 1.79735336e-01 8.31373049e-01]","[[2.40721216e-01 0.00000000e+00 9.99990283e-01 1.80527765e-04
  1.09317061e-02 1.20000000e-01 1.80527765e-04 8.20188170e-05
  8.20188170e-05 8.20188170e-05 5.82884462e-01 3.31540599e-01]]","[3.05141847e-02 2.00000000e-02 9.99969086e-01 8.63334661e-05
 3.88706336e-02 9.00000000e-02 8.63334661e-05 9.24166370e-05
 9.24166370e-05 9.24166370e-05 3.49962795e-02 5.66159103e-02]",265.6583136443071,396.0,222.6821,277.6821,130.3416863556929,-173.3179,-42.97621364430711,-55.0,0.4906365796261466,-0.43767146464646467,-0.16177251543442545,-0.19806822261859874,3.6796340942382812,2.9604790210723877,7.054827451705933,0.3246159553527832,1.2429184831397289,0.5215767670332613,0.41963875677165036,0.046013308982388736,1002,5
24,"[9.31972069e+01 1.39515730e+00 2.34362086e+01 3.00000000e+00
 3.00000000e+00 1.96711355e+04 9.50000000e+01]","[0.00000000e+00 0.00000000e+00 1.00000000e+00 3.00000000e+00
 3.00000000e+00 1.96711355e+04 9.50000000e+01]","[4.00000000e+01 4.72650000e+00 1.00000000e+00 3.00000000e+00
 3.00000000e+00 1.96711355e+04 9.50000000e+01]","[0.00000000e+00 1.10585000e+01 1.00000000e+00 3.00000000e+00
 3.00000000e+00 1.96711355e+04 9.50000000e+01]","[0.21960209 0.22       0.99988875 0.99999399 0.20112883 0.25
 0.99999399 0.99999092 0.99999092 0.99999092 0.86569597 0.85614741]","[0.20976732 0.26       0.99998205 0.99999399 0.20397957 0.25
 0.99999399 0.99999189 0.99999189 0.99999189 0.86192401 0.71147182]","[[0.21960209 0.22       0.99988875 0.99999399 0.20112883 0.25
  0.99999399 0.99999092 0.99999092 0.99999092 0.86569597 0.85614741]]","[2.30827079e-02 1.60000000e-01 9.99988688e-01 1.00493055e-04
 9.96099308e-02 1.60000000e-01 1.00493055e-04 2.65064535e-04
 2.65064535e-04 2.65064535e-04 1.03535623e-02 2.26808284e-02]",365.365841009982,296.0,331.2735,284.9415,-69.36584100998198,35.27350000000001,-34.092341009981965,46.331999999999994,-0.18985310947031545,0.11916722972972978,-0.09331014885173829,0.16260179721100643,3.6946847438812256,0.2660257816314697,2.4370718002319336,0.2624650001525879,13.88844615443904,1.5160344243980035,0.10915795817183241,0.10769686807241763,192,3
25,"[1.84817680e-01 5.27261959e+00 2.06417834e-01 4.00000000e+00
 2.00000000e+01 3.25330931e+04 4.90000000e+01]","[1.00000000e+02 0.00000000e+00 0.00000000e+00 4.00000000e+00
 2.00000000e+01 3.25330931e+04 4.90000000e+01]","[1.00000000e+02 1.96920000e+01 0.00000000e+00 4.00000000e+00
 2.00000000e+01 3.25330931e+04 4.90000000e+01]","[0.00000000e+00 1.41730000e+01 0.00000000e+00 4.00000000e+00
 2.00000000e+01 3.25330931e+04 4.90000000e+01]","[0.27216091 0.51       0.99999274 0.977547   0.65505071 0.47
 0.977547   0.91557546 0.91557546 0.91557546 0.59157751 0.81938055]","[1.74134524e-01 3.80000000e-01 9.99986064e-01 1.94678898e-05
 2.02727935e-02 3.50000000e-01 1.94678898e-05 6.42280711e-04
 6.42280711e-04 6.42280711e-04 6.86381892e-01 8.63286705e-01]","[4.17584282e-02 3.00000000e-02 9.99991195e-01 6.10534177e-05
 3.57459902e-02 6.00000000e-02 6.10534177e-05 6.73262477e-05
 6.73262477e-05 6.73262477e-05 4.45081968e-02 1.47976821e-01]","[4.54056136e-02 3.00000000e-02 9.99996027e-01 4.79290132e-05
 3.58090078e-02 3.00000000e-02 4.79290132e-05 1.21151118e-04
 1.21151118e-04 1.21151118e-04 2.71863462e-02 7.71536494e-02]",290.70578025677383,396.0,376.308,281.827,105.29421974322617,-19.692000000000007,85.60221974322616,94.481,0.36220201624550485,-0.049727272727272745,0.29446342507402384,0.33524467137641173,4.2187371253967285,3.033778190612793,2.0970380306243896,0.38395214080810547,1.3905885204298953,2.01175995083914,1.446696791526232,0.18309259784563103,168,7
26,"[5.41029405e+01 5.27516029e+00 1.44003746e-02 4.00000000e+00
 2.20000000e+01 1.30948246e+04 1.60000000e+01]","[1.00000000e+02 0.00000000e+00 0.00000000e+00 4.00000000e+00
 2.20000000e+01 1.30948246e+04 1.60000000e+01]","[0.00000000e+00 4.42790000e+00 0.00000000e+00 4.00000000e+00
 2.20000000e+01 1.30948246e+04 1.60000000e+01]","[1.00000000e+02 9.96840000e+00 0.00000000e+00 4.00000000e+00
 2.20000000e+01 1.30948246e+04 1.60000000e+01]","[0.73045357 0.3        0.99992704 0.97204305 0.0717581  0.39
 0.97204305 0.94323573 0.94323573 0.94323573 0.62632819 0.78712377]","[8.46407652e-01 2.90000000e-01 9.99927042e-01 1.56944157e-05
 5.21252830e-02 4.10000000e-01 1.56944157e-05 8.78232962e-04
 8.78232962e-04 8.78232962e-04 5.55453680e-01 7.70769762e-01]","[[8.10186996e-01 2.40000000e-01 9.99957718e-01 1.56944157e-05
  5.21252830e-02 4.20000000e-01 1.56944157e-05 7.84004136e-04
  7.84004136e-04 7.84004136e-04 2.79481593e-01 6.13607901e-01]]","[3.59082511e-02 9.00000000e-02 9.99928780e-01 9.33553672e-05
 1.07873749e-01 1.60000000e-01 9.33553672e-05 2.03822797e-04
 2.03822797e-04 2.03822797e-04 6.13584711e-02 1.21750573e-01]",344.8133798710605,396.0,291.5721,386.0316,51.18662012893952,-104.42790000000002,-53.2412798710605,-94.45950000000005,0.14844731416188156,-0.26370681818181824,-0.15440607290520322,-0.2446936986505769,3.9856526851654053,3.0208468437194824,9.83575701713562,2.9946818351745605,1.319382574277743,0.40522073473568904,0.30712906372703547,0.30446887107492565,1002,102
27,"[2.95818394e+01 5.27994046e+00 4.95582490e-03 3.00000000e+00
 1.00000000e+01 1.40111330e+03 7.80000000e+01]","[ 100.            5.45636263    0.            3.           10.
 1401.1133       78.        ]",[ 100.       88.5385    0.        3.       10.     1401.1133   78.    ],[   0.        8.5385    0.        3.       10.     1401.1133   78.    ],"[0.17575068 0.46       0.99984453 0.96173177 0.82617948 0.45
 0.96173177 0.98281804 0.98281804 0.98281804 0.58846143 0.27094394]","[0.21941763 0.42       0.99974229 0.00208901 0.70902572 0.35
 0.00208901 0.02241068 0.02241068 0.02241068 0.58918817 0.27094394]","[[9.18331131e-01 1.40000000e-01 9.99929666e-01 7.13305899e-04
  3.87866266e-02 1.20000000e-01 7.13305899e-04 3.85332348e-03
  3.85332348e-03 3.85332348e-03 9.37944538e-01 4.03718392e-01]]","[0.07534624 0.32       0.99998596 0.00115675 0.12898679 0.37
 0.00115675 0.03382715 0.03382715 0.03382715 0.25387886 0.08464723]",321.2969431188595,391.5436373737374,308.4615,288.4615,70.24669425487792,-83.0821373737374,-12.835443118859473,20.0,0.21863480421876005,-0.21219125901523356,-0.03994884916820131,0.06933334257777901,3.8761305809020996,2.8136343955993652,3.2975411415100098,0.31322383880615234,1.3776241102840228,1.175460870558583,0.8532522491321961,0.09498709049092285,180,5
28,"[8.67297655e+01 5.27723083e+00 5.37064907e-02 2.00000000e+00
 2.10000000e+01 2.74711630e+04 9.00000000e+00]","[1.0000000e+02 0.0000000e+00 0.0000000e+00 2.0000000e+00 2.1000000e+01
 2.7471163e+04 9.0000000e+00]","[9.5000000e+01 1.6322800e+01 0.0000000e+00 2.0000000e+00 2.1000000e+01
 2.7471163e+04 9.0000000e+00]","[0.0000000e+00 1.4909300e+01 0.0000000e+00 2.0000000e+00 2.1000000e+01
 2.7471163e+04 9.0000000e+00]","[0.51964893 0.35       0.9999915  0.977547   0.62300684 0.33
 0.977547   0.95729768 0.95729768 0.95729768 0.79580135 0.57071673]","[6.33874873e-01 2.50000000e-01 9.99991499e-01 1.94678898e-05
 1.79980454e-02 2.70000000e-01 1.94678898e-05 1.18447795e-03
 1.18447795e-03 1.18447795e-03 7.49887856e-01 6.22975956e-01]","[[3.46048868e-02 3.00000000e-02 9.99994629e-01 6.10534177e-05
  3.21547107e-02 4.00000000e-02 6.10534177e-05 5.46934479e-05
  5.46934479e-05 5.46934479e-05 4.40513814e-02 9.65320332e-02]]","[3.65228402e-02 0.00000000e+00 9.99995618e-01 4.79290132e-05
 3.30512721e-02 2.00000000e-02 4.79290132e-05 9.84198515e-05
 9.84198515e-05 9.84198515e-05 2.61879034e-02 6.65932772e-02]",379.3988281420167,398.0,376.67719999999997,283.09069999999997,18.601171857983275,-21.32280000000003,-2.7216281420167547,93.5865,0.04902801610926557,-0.05357487437185937,-0.007173528066349202,0.3305883944615631,4.579493761062622,2.955709457397461,12.212008476257324,0.3734438419342041,1.549372097315317,0.3749992288300575,0.2420330335623311,0.03058005099327079,1002,7
29,"[4.03336196e+01 5.27001338e+00 4.30893216e-03 2.00000000e+00
 1.30000000e+01 2.21821609e+04 6.50000000e+01]","[1.00000000e+02 4.99937000e+01 0.00000000e+00 2.00000000e+00
 1.30000000e+01 2.21821609e+04 6.50000000e+01]","[5.60000000e+01 1.00000000e+02 0.00000000e+00 2.00000000e+00
 1.30000000e+01 2.21821609e+04 6.50000000e+01]","[1.00000000e+02 3.49389000e+01 0.00000000e+00 2.00000000e+00
 1.30000000e+01 2.21821609e+04 6.50000000e+01]","[0.52847009 0.24       0.9999417  0.98812997 0.69244484 0.17
 0.98812997 0.9442328  0.9442328  0.9442328  0.2529756  0.6444809 ]","[8.05093453e-01 2.00000000e-02 9.99970728e-01 3.12748987e-04
 1.88021786e-02 8.00000000e-02 3.12748987e-04 6.10707420e-05
 6.10707420e-05 6.10707420e-05 8.81590648e-01 6.86256809e-01]","[[8.05093453e-01 2.00000000e-02 9.99970728e-01 3.12748987e-04
  1.88021786e-02 8.00000000e-02 3.12748987e-04 6.10707420e-05
  6.10707420e-05 6.10707420e-05 8.81590648e-01 6.86256809e-01]]","[7.39627941e-02 4.00000000e-02 9.99969900e-01 6.62985296e-05
 4.40270508e-02 9.00000000e-02 6.62985296e-05 4.85736322e-05
 4.85736322e-05 4.85736322e-05 6.29814291e-02 1.07867390e-01]",333.05929732756823,348.0063,254.0,363.0611,14.947002672431779,-94.00630000000001,-79.05929732756823,-109.06110000000001,0.04487790250074059,-0.2701281557259165,-0.23737303826054842,-0.30039323959520864,4.56695556640625,5.571512699127197,7.829334497451782,5.404439449310303,0.8196975961522415,0.5833133796866975,0.7116202150949816,0.6902808215780394,1002,192
30,"[9.22580384e+01 5.27145621e+00 3.16868860e-02 3.00000000e+00
 1.00000000e+01 2.30989478e+04 9.20000000e+01]","[1.00000000e+02 0.00000000e+00 0.00000000e+00 3.00000000e+00
 1.00000000e+01 2.30989478e+04 9.20000000e+01]","[9.50000000e+01 4.55760000e+00 0.00000000e+00 3.00000000e+00
 1.00000000e+01 2.30989478e+04 9.20000000e+01]","[0.00000000e+00 2.78556000e+01 0.00000000e+00 3.00000000e+00
 1.00000000e+01 2.30989478e+04 9.20000000e+01]","[0.82253149 0.37       0.99997328 0.99825838 0.83393535 0.46
 0.99825838 0.73952448 0.73952448 0.73952448 0.29569172 0.7806758 ]","[5.05784687e-01 3.70000000e-01 9.99973283e-01 2.56645281e-04
 3.29689936e-01 4.50000000e-01 2.56645281e-04 4.42295758e-04
 4.42295758e-04 4.42295758e-04 1.58574518e-01 7.15689732e-01]","[[5.05784687e-01 3.70000000e-01 9.99973283e-01 2.56645281e-04
  3.29689936e-01 4.50000000e-01 2.56645281e-04 4.42295758e-04
  4.42295758e-04 4.42295758e-04 1.58574518e-01 7.15689732e-01]]","[6.04051672e-02 3.10000000e-01 9.99903004e-01 1.28749240e-03
 1.12545645e-01 2.90000000e-01 1.28749240e-03 2.63182755e-04
 2.63182755e-04 2.63182755e-04 4.85919574e-02 8.79157186e-02]",383.9548953329262,397.0,387.4424,269.1444,13.045104667073815,-9.55759999999998,3.4875046670738357,118.298,0.033975617515600215,-0.024074559193954608,0.009083110306615131,0.4395335737990461,4.082491636276245,2.949141263961792,3.5382726192474365,0.32527804374694824,1.3842984349932232,1.1538092384595735,0.8334974665092516,0.09193131189991019,222,5
31,"[4.62471566e+01 5.26887252e+00 1.71256633e-02 1.00000000e+00
 1.60000000e+01 3.19210238e+04 2.00000000e+00]","[1.00000000e+02 0.00000000e+00 0.00000000e+00 1.00000000e+00
 1.60000000e+01 3.19210238e+04 2.00000000e+00]","[0.00000000e+00 7.53000000e-01 0.00000000e+00 1.00000000e+00
 1.60000000e+01 3.19210238e+04 2.00000000e+00]","[1.00000000e+02 1.34170000e+01 0.00000000e+00 1.00000000e+00
 1.60000000e+01 3.19210238e+04 2.00000000e+00]","[0.62660276 0.31       0.9999889  0.96548453 0.79706868 0.23
 0.96548453 0.95729768 0.95729768 0.95729768 0.78084784 0.53742572]","[6.21858999e-01 1.80000000e-01 9.99988898e-01 1.26345273e-05
 4.17428749e-02 1.60000000e-01 1.26345273e-05 1.18447795e-03
 1.18447795e-03 1.18447795e-03 8.21181536e-01 5.45059992e-01]","[5.68825233e-01 2.30000000e-01 9.99989176e-01 1.26345273e-05
 1.06816850e-02 1.70000000e-01 1.26345273e-05 1.05742575e-03
 1.05742575e-03 1.05742575e-03 6.12301361e-01 2.87356843e-01]","[6.46657317e-02 6.00000000e-02 9.99992986e-01 3.60593010e-05
 2.75999057e-02 7.00000000e-02 3.60593010e-05 1.13581670e-04
 1.13581670e-04 1.13581670e-04 4.06949550e-02 8.31745388e-02]",339.96115839490494,399.0,298.247,385.583,59.03884160509506,-100.75299999999999,-41.71415839490493,-87.33600000000001,0.17366349109951698,-0.25251378446115286,-0.12270271872191063,-0.22650376183597307,4.087329149246216,2.977440357208252,7.08350133895874,3.001958131790161,1.3727660872705552,0.5770210173839037,0.4203345513372811,0.4237958021239596,1002,102
32,"[4.41423466e+01 5.26853014e+00 3.96360619e-01 4.00000000e+00
 2.30000000e+01 3.09206856e+04 8.70000000e+01]","[0.00000000e+00 0.00000000e+00 0.00000000e+00 4.00000000e+00
 2.30000000e+01 3.09206856e+04 8.70000000e+01]","[9.50000000e+01 3.12750000e+00 0.00000000e+00 4.00000000e+00
 2.30000000e+01 3.09206856e+04 8.70000000e+01]","[0.00000000e+00 1.34170000e+01 0.00000000e+00 4.00000000e+00
 2.30000000e+01 3.09206856e+04 8.70000000e+01]","[0.64659762 0.35       0.99998375 0.98655339 0.02310829 0.34
 0.98655339 0.76051107 0.76051107 0.76051107 0.65481615 0.89730762]","[3.10580060e-01 4.20000000e-01 9.99991608e-01 3.28585651e-05
 1.68383266e-02 4.40000000e-01 3.28585651e-05 4.41585907e-04
 4.41585907e-04 4.41585907e-04 6.03704744e-01 8.26167226e-01]","[4.04923040e-01 3.60000000e-01 9.99983751e-01 3.28585651e-05
 1.65486278e-02 3.00000000e-01 3.28585651e-05 4.94680136e-04
 4.94680136e-04 4.94680136e-04 5.82670799e-01 8.97597365e-01]","[2.70362064e-02 1.20000000e-01 9.99994788e-01 1.74424196e-04
 3.59691487e-02 1.50000000e-01 1.74424196e-04 5.31591244e-04
 5.31591244e-04 5.31591244e-04 1.26585571e-01 1.36399368e-01]",334.477455865889,296.0,387.8725,282.58299999999997,-38.477455865889,91.8725,53.395044134111004,105.28950000000003,-0.11503751655333326,0.3103800675675676,0.15963719885360558,0.37259672379442516,3.9695653915405273,0.3062469959259033,3.201403856277466,0.3215043544769287,12.961973323326792,1.2399452145835377,0.09566021960190982,0.10042605335359599,198,5
33,"[5.48276682e+01 5.27040122e+00 3.51135283e-01 4.00000000e+00
 1.50000000e+01 1.83474740e+04 3.00000000e+01]","[1.0000000e+02 0.0000000e+00 0.0000000e+00 4.0000000e+00 1.5000000e+01
 1.8347474e+04 3.0000000e+01]","[0.0000000e+00 4.1233400e+01 1.1000000e+01 4.0000000e+00 1.5000000e+01
 1.8347474e+04 3.0000000e+01]","[0.0000000e+00 3.4408900e+01 1.0000000e+00 4.0000000e+00 1.5000000e+01
 1.8347474e+04 3.0000000e+01]","[0.48342854 0.33       0.99993267 0.98859815 0.71389567 0.42
 0.98859815 0.93919649 0.93919649 0.93919649 0.61716634 0.7426846 ]","[5.42115334e-01 2.20000000e-01 9.99932671e-01 3.84375978e-05
 2.69282916e-02 3.80000000e-01 3.84375978e-05 8.16430410e-04
 8.16430410e-04 8.16430410e-04 5.43525093e-01 6.85309514e-01]","[[3.88715924e-03 5.00000000e-02 9.99989189e-01 2.69449095e-05
  5.78769425e-02 9.00000000e-02 2.69449095e-05 4.78536141e-05
  4.78536141e-05 4.78536141e-05 2.07256457e-03 4.99159624e-03]]","[4.12778821e-03 3.00000000e-02 9.99989189e-01 2.69449095e-05
 4.89541093e-02 6.00000000e-02 2.69449095e-05 4.78536141e-05
 4.78536141e-05 4.78536141e-05 2.69211516e-03 4.99159624e-03]",345.2061316742935,396.0,243.7666,260.5911,50.79386832570651,-152.2334,-101.43953167429348,-16.824499999999972,0.14714068976512618,-0.38442777777777776,-0.29385205639974843,-0.06456283426410178,4.478222370147705,2.9788050651550293,0.6105294227600098,0.29125499725341797,1.5033620099993485,7.334982071630689,4.879052432377128,0.4770531712243229,54,4
34,"[4.32717968e+01 4.89733196e+01 1.12656615e-03 4.00000000e+00
 9.00000000e+00 2.53627319e+04 7.50000000e+01]","[1.00000000e+02 0.00000000e+00 0.00000000e+00 4.00000000e+00
 9.00000000e+00 2.53627319e+04 7.50000000e+01]","[9.50000000e+01 1.00000000e+02 0.00000000e+00 4.00000000e+00
 9.00000000e+00 2.53627319e+04 7.50000000e+01]","[0.00000000e+00 3.02799000e+01 0.00000000e+00 4.00000000e+00
 9.00000000e+00 2.53627319e+04 7.50000000e+01]","[0.2827827  0.17       0.99997754 0.96573875 0.11640132 0.23
 0.96573875 0.80396544 0.80396544 0.80396544 0.05181358 0.10193118]","[1.92712176e-01 2.30000000e-01 9.99979688e-01 5.62061910e-05
 3.27259468e-02 2.10000000e-01 5.62061910e-05 8.84545571e-04
 8.84545571e-04 8.84545571e-04 9.83816572e-02 7.67655589e-01]","[[8.04791599e-01 1.10000000e-01 9.99977540e-01 9.09939491e-04
  5.53765401e-02 2.00000000e-01 9.09939491e-04 1.09484416e-03
  1.09484416e-03 1.09484416e-03 8.53540596e-01 7.01025628e-01]]","[4.64937837e-02 1.10000000e-01 9.99992434e-01 1.35107430e-04
 6.66628579e-02 1.30000000e-01 1.35107430e-04 1.35343919e-04
 1.35343919e-04 1.35343919e-04 4.72706928e-02 8.43658779e-02]",290.2973506798513,396.0,291.0,265.7201,105.70264932014868,-105.0,0.7026493201486801,25.279899999999998,0.3641185462857384,-0.26515151515151514,0.002420446891792626,0.09513732683376229,4.627681016921997,2.9775893688201904,5.719575881958008,0.3238849639892578,1.5541703182382136,0.8090951343996825,0.5205961823520486,0.05662744418007106,1002,5
35,"[4.17022005e+01 7.20324493e+01 1.14374817e-02 2.00000000e+00
 6.00000000e+00 1.46342469e+04 7.70000000e+01]","[0.00000000e+00 5.45636263e+00 0.00000000e+00 2.00000000e+00
 6.00000000e+00 1.46342469e+04 7.70000000e+01]","[4.50000000e+01 1.00000000e+02 0.00000000e+00 2.00000000e+00
 6.00000000e+00 1.46342469e+04 7.70000000e+01]","[0.00000000e+00 2.68578000e+01 0.00000000e+00 2.00000000e+00
 6.00000000e+00 1.46342469e+04 7.70000000e+01]","[6.85118208e-01 1.70000000e-01 9.99602332e-01 7.58962432e-04
 4.45069515e-02 1.10000000e-01 7.58962432e-04 8.89583957e-04
 8.89583957e-04 8.89583957e-04 8.61474940e-01 5.51440394e-01]","[3.99672451e-01 7.00000000e-02 9.99829562e-01 5.85612958e-04
 9.90099244e-02 8.00000000e-02 5.85612958e-04 6.57529773e-04
 6.57529773e-04 6.57529773e-04 2.44915772e-01 6.04473454e-01]","[[6.85118208e-01 1.70000000e-01 9.99602332e-01 7.58962432e-04
  4.45069515e-02 1.10000000e-01 7.58962432e-04 8.89583957e-04
  8.89583957e-04 8.89583957e-04 8.61474940e-01 5.51440394e-01]]","[4.40472501e-02 8.00000000e-02 9.99385635e-01 1.26351057e-04
 7.65374740e-02 1.00000000e-01 1.26351057e-04 1.09949987e-04
 1.09949987e-04 1.09949987e-04 5.94710207e-02 8.17318214e-02]",267.6583136443071,292.5436373737374,243.0,271.1422,24.885323729430297,-49.5436373737374,-24.6583136443071,-28.142200000000003,0.09297422295838181,-0.1693546912129325,-0.09212608907442978,-0.10379129475234768,3.651280403137207,0.11795639991760254,8.35024094581604,0.29427671432495117,30.9544917078495,0.4372664725281625,0.014126107340256523,0.03524170335137467,1002,4
36,"[9.34553501e+01 5.28735412e+00 4.98300090e-01 1.00000000e+00
 1.40000000e+01 2.46041820e+03 1.00000000e+01]","[1.00000000e+02 6.81975051e+00 0.00000000e+00 1.00000000e+00
 1.40000000e+01 2.46041820e+03 1.00000000e+01]","[1.0000000e+02 1.0000000e+02 9.6000000e+01 1.0000000e+00 1.4000000e+01
 2.4604182e+03 1.0000000e+01]","[0.0000000e+00 4.2492700e+01 1.0000000e+00 1.0000000e+00 1.4000000e+01
 2.4604182e+03 1.0000000e+01]","[0.63354716 0.37       0.99987586 0.95990013 0.88800742 0.29
 0.95990013 0.97358987 0.97358987 0.97358987 0.44828572 0.49347125]","[5.53918015e-01 1.70000000e-01 9.99857447e-01 9.52869210e-04
 1.38378921e-01 2.50000000e-01 9.52869210e-04 2.23696191e-03
 2.23696191e-03 2.23696191e-03 2.57636682e-01 4.71145511e-01]","[[1.04824017e-01 4.00000000e-02 9.99989978e-01 4.97357068e-05
  7.61710426e-03 1.70000000e-01 4.97357068e-05 8.35579032e-05
  8.35579032e-05 8.35579032e-05 4.39090666e-02 6.19404565e-03]]","[1.12923213e-02 0.00000000e+00 9.99996438e-01 3.41351958e-05
 2.85682287e-02 3.00000000e-02 3.41351958e-05 1.20030869e-04
 1.20030869e-04 1.20030869e-04 4.20541325e-03 8.18823458e-03]",386.6696958965899,392.1802494949495,203.0,255.5073,5.51055359835965,-189.18024949494952,-183.66969589658987,-52.50729999999999,0.014251320071985627,-0.48238086884430365,-0.4750041129308207,-0.20550215199330896,4.035695791244507,2.8294148445129395,9.3855299949646,0.26958703994750977,1.4263358372742327,0.42999125178968955,0.30146564403192355,0.02872368849624316,1002,3
37,"[4.17022005e+01 7.20324493e+01 1.14374817e-02 3.00000000e+00
 3.00000000e+00 2.95183985e+04 7.40000000e+01]","[1.00000000e+02 0.00000000e+00 0.00000000e+00 3.00000000e+00
 3.00000000e+00 2.95183985e+04 7.40000000e+01]","[9.60000000e+01 1.16035000e+01 0.00000000e+00 3.00000000e+00
 3.00000000e+00 2.95183985e+04 7.40000000e+01]","[1.00000000e+02 3.10185000e+01 0.00000000e+00 3.00000000e+00
 3.00000000e+00 2.95183985e+04 7.40000000e+01]","[7.64569392e-01 2.60000000e-01 9.99962224e-01 9.09939491e-04
 5.38571555e-02 2.00000000e-01 9.09939491e-04 1.09484416e-03
 1.09484416e-03 1.09484416e-03 8.53362854e-01 6.38896492e-01]","[1.96216590e-01 1.60000000e-01 9.99932240e-01 5.62061910e-05
 2.91737153e-02 1.20000000e-01 5.62061910e-05 1.20134032e-03
 1.20134032e-03 1.20134032e-03 4.33331225e-01 6.87979172e-01]","[[1.61144305e-01 1.00000000e-01 9.99946753e-01 4.32078906e-04
  9.11927531e-02 7.00000000e-02 4.32078906e-04 9.17820994e-04
  9.17820994e-04 9.17820994e-04 7.61204983e-02 3.29917550e-01]]","[5.81962780e-02 5.00000000e-02 9.99942945e-01 1.72099797e-04
 7.68449064e-02 1.40000000e-01 1.72099797e-04 1.39336942e-04
 1.39336942e-04 1.39336942e-04 7.42497163e-02 1.14863684e-01]",266.6583136443071,397.0,381.3965,365.9815,130.3416863556929,-15.603499999999997,114.7381863556929,15.41500000000002,0.48879663481842306,-0.03930352644836271,0.43028167690560376,0.0421196153357479,3.6969282627105713,2.962862968444824,2.7863917350769043,5.7325592041015625,1.2477553981009963,1.3267797977474751,1.0633332460566782,2.0573414469819133,174,203
38,"[3.91940028e-01 5.28870557e+00 5.46119725e-03 4.00000000e+00
 9.00000000e+00 3.75315700e+04 2.40000000e+01]","[1.000000e+02 0.000000e+00 0.000000e+00 4.000000e+00 9.000000e+00
 3.753157e+04 2.400000e+01]","[9.600000e+01 2.336000e+00 0.000000e+00 4.000000e+00 9.000000e+00
 3.753157e+04 2.400000e+01]","[1.000000e+02 1.341700e+01 0.000000e+00 4.000000e+00 9.000000e+00
 3.753157e+04 2.400000e+01]","[0.52730648 0.44       0.99999706 0.98687868 0.70242043 0.46
 0.98687868 0.91157829 0.91157829 0.91157829 0.58657149 0.56903049]","[5.24446081e-01 1.60000000e-01 9.99995996e-01 3.33426516e-05
 2.50757338e-02 2.40000000e-01 3.33426516e-05 6.10587993e-04
 6.10587993e-04 6.10587993e-04 8.03572798e-01 5.55317151e-01]","[5.24446081e-01 1.60000000e-01 9.99995996e-01 3.33426516e-05
 2.50757338e-02 2.40000000e-01 3.33426516e-05 6.10587993e-04
 6.10587993e-04 6.10587993e-04 8.03572798e-01 5.55317151e-01]","[4.40889541e-02 6.00000000e-02 9.99995042e-01 1.17594483e-04
 4.58569415e-02 9.00000000e-02 1.17594483e-04 1.48673448e-04
 1.48673448e-04 1.48673448e-04 3.35833755e-02 8.97850185e-02]",291.09777325682273,396.0,389.664,382.58299999999997,104.90222674317727,-6.336000000000013,98.56622674317725,7.081000000000017,0.36036767155421234,-0.01600000000000003,0.3386017888093449,0.018508402098368244,4.484942436218262,2.9614784717559814,3.356984853744507,5.705421686172485,1.5144268239636929,1.3360031789287308,0.8821840433544517,1.699567300641361,210,203
39,"[9.43100260e+01 5.26846642e+00 1.28371345e-01 4.00000000e+00
 1.30000000e+01 2.81594903e+04 1.80000000e+01]","[0.00000000e+00 0.00000000e+00 0.00000000e+00 4.00000000e+00
 1.30000000e+01 2.81594903e+04 1.80000000e+01]","[9.00000000e+01 2.33600000e+00 0.00000000e+00 4.00000000e+00
 1.30000000e+01 2.81594903e+04 1.80000000e+01]","[0.00000000e+00 1.34170000e+01 0.00000000e+00 4.00000000e+00
 1.30000000e+01 2.81594903e+04 1.80000000e+01]","[0.57150586 0.31       0.99999408 0.98608103 0.66062658 0.3
 0.98608103 0.94494829 0.94494829 0.94494829 0.83210459 0.68327779]","[5.48926768e-01 2.30000000e-01 9.99995598e-01 3.14065551e-05
 2.11327335e-02 3.30000000e-01 3.14065551e-05 8.09839854e-04
 8.09839854e-04 8.09839854e-04 5.46533049e-01 4.01057617e-01]","[[6.02698547e-01 2.00000000e-01 9.99994077e-01 3.14065551e-05
  2.11327335e-02 2.20000000e-01 3.14065551e-05 9.07171035e-04
  9.07171035e-04 9.07171035e-04 7.92222568e-01 6.19443896e-01]]","[4.65835925e-02 2.00000000e-02 9.99997334e-01 8.91168466e-05
 3.36533795e-02 6.00000000e-02 8.91168466e-05 1.39986924e-04
 1.39986924e-04 1.39986924e-04 4.07061119e-02 5.21955530e-02]",384.9131881896751,296.0,383.664,282.58299999999997,-88.91318818967511,87.66399999999999,-1.2491881896751238,101.08100000000002,-0.2309954320033873,0.2961621621621621,-0.0032453764329310446,0.35770375429519835,4.074315309524536,0.4439401626586914,0.7327179908752441,0.29570913314819336,9.177622689337387,5.560550389458428,0.6058813461484647,0.40357837098412686,78,4
40,"[3.28093700e+01 5.27571961e+00 3.67886003e-01 4.00000000e+00
 7.00000000e+00 3.19848469e+04 5.70000000e+01]","[1.00000000e+02 0.00000000e+00 0.00000000e+00 4.00000000e+00
 7.00000000e+00 3.19848469e+04 5.70000000e+01]","[9.50000000e+01 1.23586000e+01 0.00000000e+00 4.00000000e+00
 7.00000000e+00 3.19848469e+04 5.70000000e+01]","[0.00000000e+00 2.59491000e+01 0.00000000e+00 4.00000000e+00
 7.00000000e+00 3.19848469e+04 5.70000000e+01]","[0.26841431 0.25       0.9999747  0.98687868 0.63061474 0.2
 0.98687868 0.92620022 0.92620022 0.92620022 0.59220539 0.74701986]","[1.86868109e-01 1.60000000e-01 9.99974696e-01 3.33426516e-05
 1.85819901e-02 1.10000000e-01 3.33426516e-05 6.63449240e-04
 6.63449240e-04 6.63449240e-04 5.57596442e-01 7.47614360e-01]","[7.47718027e-02 1.00000000e-02 9.99980116e-01 1.17594483e-04
 3.99646101e-02 4.00000000e-02 1.17594483e-04 1.61551217e-04
 1.61551217e-04 1.61551217e-04 4.90558068e-02 1.84376987e-01]","[2.58279646e-02 1.00000000e-02 9.99994850e-01 4.09175604e-05
 3.94210764e-02 1.00000000e-02 4.09175604e-05 5.80793549e-05
 5.80793549e-05 5.80793549e-05 3.40849313e-02 7.89213316e-02]",323.1657644176807,396.0,378.6414,270.0509,72.83423558231931,-17.358600000000024,55.475635582319285,108.59049999999996,0.22537732520510295,-0.043834848484848546,0.1716630958179683,0.4021112316233716,4.260291576385498,2.967839241027832,2.5587878227233887,0.3012840747833252,1.4354859648361749,1.6649647690800529,1.159861405729639,0.11774484469081935,162,4
41,"[4.76596606e+01 5.24752583e+00 5.42790184e-03 2.00000000e+00
 2.10000000e+01 9.50975980e+03 1.40000000e+01]","[1.0000000e+02 0.0000000e+00 0.0000000e+00 2.0000000e+00 2.1000000e+01
 9.5097598e+03 1.4000000e+01]","[9.0000000e+01 2.9673000e+00 1.0000000e+00 2.0000000e+00 2.1000000e+01
 9.5097598e+03 1.4000000e+01]","[0.0000000e+00 3.2967300e+01 1.0000000e+00 2.0000000e+00 2.1000000e+01
 9.5097598e+03 1.4000000e+01]","[4.88700825e-01 1.90000000e-01 9.99735917e-01 4.22729502e-05
 6.97249856e-01 2.70000000e-01 4.22729502e-05 3.34203548e-03
 3.34203548e-03 3.34203548e-03 5.67104542e-01 7.61656832e-01]","[6.29828977e-01 1.60000000e-01 9.99735917e-01 1.56944157e-05
 2.49060125e-02 2.40000000e-01 1.56944157e-05 3.34203548e-03
 3.34203548e-03 3.34203548e-03 4.92614206e-01 7.98863703e-01]","[[3.55058115e-01 1.00000000e-01 9.99829332e-01 7.13982354e-06
  2.49060125e-02 1.90000000e-01 7.13982354e-06 1.07986861e-03
  1.07986861e-03 1.07986861e-03 9.88207258e-01 5.49493475e-01]]","[3.03549939e-03 1.00000000e-02 9.99987124e-01 1.13719797e-05
 2.37189737e-02 4.00000000e-02 1.13719797e-05 3.13258109e-05
 3.13258109e-05 3.13258109e-05 2.08269797e-03 4.72253721e-03]",340.40670686411556,398.0,384.0327,264.0327,57.59329313588444,-13.967300000000023,43.625993135884414,120.0,0.16918965453543391,-0.03509371859296488,0.12815844181736158,0.4544891598654258,4.274684906005859,2.9993772506713867,2.169543504714966,0.2712085247039795,1.425190814209518,1.9703153666731688,1.382492328064859,0.12500718428304153,162,3
42,"[7.88388158e+01 5.26900799e+00 1.57072654e-01 3.00000000e+00
 1.50000000e+01 6.21924180e+03 9.00000000e+00]","[1.0000000e+02 0.0000000e+00 0.0000000e+00 3.0000000e+00 1.5000000e+01
 6.2192418e+03 9.0000000e+00]","[0.0000000e+00 4.2837000e+00 1.0000000e+02 3.0000000e+00 1.5000000e+01
 6.2192418e+03 9.0000000e+00]","[1.0000000e+02 1.3929700e+01 1.0000000e+00 3.0000000e+00 1.5000000e+01
 6.2192418e+03 9.0000000e+00]","[0.5047314  0.42       0.99992836 0.97227585 0.87631951 0.38
 0.97227585 0.97868958 0.97868958 0.97868958 0.67774453 0.53693127]","[5.40825771e-01 3.30000000e-01 9.99928356e-01 1.56944157e-05
 1.82604613e-01 3.40000000e-01 1.56944157e-05 2.41998042e-03
 2.41998042e-03 2.41998042e-03 6.09171998e-01 3.81480278e-01]","[[1.85056276e-01 2.70000000e-01 9.99966572e-01 7.13982354e-06
  1.82604613e-01 3.00000000e-01 7.13982354e-06 6.97595939e-04
  6.97595939e-04 6.97595939e-04 7.67600281e-01 1.08119147e-01]]","[6.13277973e-03 2.00000000e-02 9.99981488e-01 2.51165857e-05
 3.20769511e-02 6.00000000e-02 2.51165857e-05 1.82486277e-04
 1.82486277e-04 1.82486277e-04 7.94991906e-03 7.97211761e-03]",370.4127351360009,397.0,192.7163,382.0703,26.58726486399911,-204.2837,-177.6964351360009,-189.35399999999998,0.07177740488387183,-0.5145685138539043,-0.4797255015294164,-0.4955998935274477,4.131540775299072,2.964102029800415,8.814603567123413,6.745071172714233,1.3938591633356379,0.4687154384014315,0.3362717344267055,0.7652154882917148,1002,202
43,"[4.88561339e+00 5.28734564e+00 4.99458969e-01 1.00000000e+00
 6.00000000e+00 1.75440961e+04 6.00000000e+00]","[1.00000000e+02 0.00000000e+00 0.00000000e+00 1.00000000e+00
 6.00000000e+00 1.75440961e+04 6.00000000e+00]","[9.50000000e+01 1.13583000e+01 0.00000000e+00 1.00000000e+00
 6.00000000e+00 1.75440961e+04 6.00000000e+00]","[0.00000000e+00 2.88318000e+01 0.00000000e+00 1.00000000e+00
 6.00000000e+00 1.75440961e+04 6.00000000e+00]","[0.51386508 0.27       0.99964669 0.97452914 0.6767468  0.31
 0.97452914 0.95860462 0.95860462 0.95860462 0.45147746 0.40075579]","[5.35365394e-01 1.50000000e-01 9.99646687e-01 1.74449136e-05
 2.26917804e-02 2.60000000e-01 1.74449136e-05 1.22349454e-03
 1.22349454e-03 1.22349454e-03 4.12710214e-01 4.08161699e-01]","[[9.16101940e-02 9.00000000e-02 9.99655091e-01 7.22938342e-05
  6.65024292e-02 1.80000000e-01 7.22938342e-05 1.91325041e-04
  1.91325041e-04 1.91325041e-04 4.91413612e-02 1.71905986e-01]]","[2.80299916e-02 5.00000000e-02 9.99938257e-01 2.95363690e-05
 6.31226893e-02 8.00000000e-02 2.95363690e-05 4.71815194e-05
 4.71815194e-05 4.71815194e-05 3.36807400e-02 3.33231679e-02]",298.09880877483334,399.0,382.6417,270.1682,100.90119122516666,-16.358299999999986,84.54289122516667,112.4735,0.33848236978827245,-0.040998245614035055,0.2836069408416372,0.4163091733223969,5.506976366043091,2.970090866088867,2.7605066299438477,0.33436107635498047,1.8541440697721463,1.9949151022887093,1.0759223810120981,0.1211230839759953,174,5
44,"[1.50408657e+00 5.27555641e+00 3.93094429e-01 4.00000000e+00
 1.40000000e+01 1.93348582e+04 3.00000000e+00]","[1.00000000e+02 0.00000000e+00 1.00000000e+00 4.00000000e+00
 1.40000000e+01 1.93348582e+04 3.00000000e+00]","[1.00000000e+00 1.12200000e-01 0.00000000e+00 4.00000000e+00
 1.40000000e+01 1.93348582e+04 3.00000000e+00]","[1.00000000e+02 2.51122000e+01 0.00000000e+00 4.00000000e+00
 1.40000000e+01 1.93348582e+04 3.00000000e+00]","[0.41832944 0.42       0.99999277 0.98802865 0.7673345  0.46
 0.98802865 0.95480409 0.95480409 0.95480409 0.5580288  0.60634429]","[7.94102019e-02 2.00000000e-01 9.99993322e-01 1.67888856e-05
 3.52861980e-02 3.40000000e-01 1.67888856e-05 3.60147241e-04
 3.60147241e-04 3.60147241e-04 9.37334746e-01 8.67305506e-01]","[[3.29993578e-01 3.50000000e-01 9.99992769e-01 3.69040919e-05
  3.52861980e-02 4.50000000e-01 3.69040919e-05 1.11628792e-03
  1.11628792e-03 1.11628792e-03 4.84854683e-01 5.37500294e-01]]","[4.19599050e-02 3.00000000e-02 9.99995431e-01 6.62985296e-05
 4.05667862e-02 4.00000000e-02 6.62985296e-05 9.61380161e-05
 9.61380161e-05 9.61380161e-05 3.98326575e-02 9.70650751e-02]",291.835435727526,395.0,296.88779999999997,370.88779999999997,103.16456427247402,-98.11220000000003,5.052364272473994,-74.0,0.35350252794110404,-0.24838531645569628,0.01731237421486802,-0.199521256832929,4.351927995681763,5.865603446960449,0.4156653881072998,5.752858400344849,0.7419403706769383,10.469786804953692,14.111358835213634,13.840118915216983,54,203
45,"[6.23098330e+01 5.28056145e+00 2.94555075e-01 3.00000000e+00
 8.00000000e+00 2.76844351e+04 7.00000000e+00]","[1.00000000e+02 0.00000000e+00 1.00000000e+00 3.00000000e+00
 8.00000000e+00 2.76844351e+04 7.00000000e+00]","[1.00000000e+02 2.53110000e+00 1.00000000e+00 3.00000000e+00
 8.00000000e+00 2.76844351e+04 7.00000000e+00]","[1.00000000e+02 1.80631000e+01 1.00000000e+00 3.00000000e+00
 8.00000000e+00 2.76844351e+04 7.00000000e+00]","[0.51961242 0.26       0.99997835 0.98687868 0.60772813 0.31
 0.98687868 0.94494829 0.94494829 0.94494829 0.69147931 0.56432187]","[1.14836526e-01 4.00000000e-02 9.99980002e-01 1.51686398e-05
 1.68918465e-02 3.70000000e-01 1.51686398e-05 2.92638499e-04
 2.92638499e-04 2.92638499e-04 9.01734256e-01 7.11348743e-01]","[[1.14836526e-01 4.00000000e-02 9.99980002e-01 1.51686398e-05
  1.68918465e-02 3.70000000e-01 1.51686398e-05 2.92638499e-04
  2.92638499e-04 2.92638499e-04 9.01734256e-01 7.11348743e-01]]","[2.97120162e-03 6.00000000e-02 9.99977885e-01 4.41759130e-05
 3.33459520e-02 8.00000000e-02 4.41759130e-05 3.98650617e-05
 3.98650617e-05 3.98650617e-05 2.76679507e-03 6.96782921e-03]",353.73471648231583,396.0,393.4689,377.9369,42.26528351768417,-2.531099999999981,39.73418351768419,15.532000000000039,0.11948299544355614,-0.0063916666666666185,0.11232763329767947,0.041096807430023474,3.900395393371582,3.0137879848480225,4.925409317016602,5.771221876144409,1.294183735876918,0.7918926412666376,0.6118857928082861,1.171724318668429,252,202
46,"[3.34666522e-02 3.98413749e+00 2.85565778e+00 2.00000000e+00
 4.00000000e+00 2.13671683e+04 9.90000000e+01]","[0.00000000e+00 0.00000000e+00 0.00000000e+00 2.00000000e+00
 4.00000000e+00 2.13671683e+04 9.90000000e+01]","[0.00000000e+00 3.73340000e+00 0.00000000e+00 2.00000000e+00
 4.00000000e+00 2.13671683e+04 9.90000000e+01]","[0.00000000e+00 1.68914000e+01 0.00000000e+00 2.00000000e+00
 4.00000000e+00 2.13671683e+04 9.90000000e+01]","[0.75270798 0.4        0.99998773 0.99999399 0.62929016 0.3
 0.99999399 0.99999334 0.99999334 0.99999334 0.87503859 0.67435568]","[0.20233125 0.41       0.99998648 0.99999726 0.71467096 0.39
 0.99999726 0.99999683 0.99999683 0.99999683 0.1462087  0.29840457]","[[0.20233125 0.41       0.99998648 0.99999726 0.71467096 0.39
  0.99999726 0.99999683 0.99999683 0.99999683 0.1462087  0.29840457]]","[9.75888267e-02 1.30000000e-01 9.99985805e-01 3.55792888e-04
 9.44537464e-02 1.10000000e-01 3.55792888e-04 2.76780693e-04
 2.76780693e-04 2.76780693e-04 3.88133650e-02 6.01296459e-02]",291.1936713850472,298.0,294.2666,281.1086,6.806328614952804,-3.7334000000000174,3.0729286149527866,13.157999999999959,0.023373889214620854,-0.012528187919463146,0.010552868818668225,0.046807532747130315,3.7026422023773193,0.44640254974365234,0.4958803653717041,0.4035823345184326,8.2944020021919,7.466805425138939,0.9002222731868724,0.8138703661233162,60,8
47,"[3.20004487e-01 5.27064392e+00 9.79210025e-04 4.00000000e+00
 1.60000000e+01 3.29571864e+04 1.00000000e+01]","[0.00000000e+00 0.00000000e+00 0.00000000e+00 4.00000000e+00
 1.60000000e+01 3.29571864e+04 1.00000000e+01]","[0.00000000e+00 2.33600000e+00 0.00000000e+00 4.00000000e+00
 1.60000000e+01 3.29571864e+04 1.00000000e+01]","[0.00000000e+00 1.34170000e+01 0.00000000e+00 4.00000000e+00
 1.60000000e+01 3.29571864e+04 1.00000000e+01]","[0.56483716 0.43       0.99999517 0.97773502 0.61966074 0.48
 0.97773502 0.93683858 0.93683858 0.93683858 0.78701946 0.76399544]","[5.07239068e-01 3.10000000e-01 9.99995166e-01 1.94678898e-05
 1.77484003e-02 4.10000000e-01 1.94678898e-05 7.84004136e-04
 7.84004136e-04 7.84004136e-04 8.06386678e-01 5.57431226e-01]","[5.07239068e-01 3.10000000e-01 9.99995166e-01 1.94678898e-05
 1.77484003e-02 4.10000000e-01 1.94678898e-05 7.84004136e-04
 7.84004136e-04 7.84004136e-04 8.06386678e-01 5.57431226e-01]","[4.55652537e-02 2.00000000e-02 9.99997353e-01 4.79290132e-05
 2.83219241e-02 1.00000000e-02 4.79290132e-05 1.21151118e-04
 1.21151118e-04 1.21151118e-04 4.69382375e-02 7.15468416e-02]",291.048381361939,296.0,293.664,282.58299999999997,4.9516186380610065,-2.3360000000000127,2.615618638060994,11.081000000000017,0.017013043037347537,-0.007891891891891935,0.00898688604905275,0.03921325769773843,4.788093090057373,0.281219482421875,9.250910997390747,0.25899839401245117,17.026178445469345,0.5175807108519228,0.030399112314581124,0.02799706905465879,1002,3
48,"[8.94241388e-02 5.27063538e+00 1.12959039e-03 4.00000000e+00
 1.90000000e+01 2.77621362e+04 4.80000000e+01]","[1.00000000e+02 0.00000000e+00 0.00000000e+00 4.00000000e+00
 1.90000000e+01 2.77621362e+04 4.80000000e+01]","[1.00000000e+02 4.24470000e+00 0.00000000e+00 4.00000000e+00
 1.90000000e+01 2.77621362e+04 4.80000000e+01]","[1.00000000e+02 1.42687000e+01 0.00000000e+00 4.00000000e+00
 1.90000000e+01 2.77621362e+04 4.80000000e+01]","[0.27216091 0.42       0.9999927  0.97773502 0.69408656 0.44
 0.97773502 0.91557546 0.91557546 0.91557546 0.80558091 0.90759566]","[1.74134524e-01 3.70000000e-01 9.99985979e-01 1.94678898e-05
 2.41266643e-02 3.40000000e-01 1.94678898e-05 6.42280711e-04
 6.42280711e-04 6.42280711e-04 7.91199705e-01 9.31841669e-01]","[[1.74134524e-01 3.70000000e-01 9.99985979e-01 1.94678898e-05
  2.41266643e-02 3.40000000e-01 1.94678898e-05 6.42280711e-04
  6.42280711e-04 6.42280711e-04 7.91199705e-01 9.31841669e-01]]","[6.65917121e-02 1.00000000e-02 9.99991141e-01 6.10534177e-05
 3.90247902e-02 2.00000000e-02 6.10534177e-05 1.39814254e-04
 1.39814254e-04 1.39814254e-04 1.88006267e-01 2.35854764e-01]",290.8176591721524,396.0,391.7553,381.7313,105.18234082784761,-4.244700000000023,100.93764082784759,10.024000000000001,0.36167797075068225,-0.010718939393939452,0.34708222710814324,0.026259308576477753,5.130733013153076,2.9672486782073975,12.597335577011108,3.07918643951416,1.7291213408687753,0.4072871586048844,0.2355457358476925,0.24443156417404413,1002,104
49,"[3.17018992e+01 5.27254578e+00 2.47443173e-01 3.00000000e+00
 9.00000000e+00 3.21360463e+04 5.00000000e+00]","[1.00000000e+02 0.00000000e+00 0.00000000e+00 3.00000000e+00
 9.00000000e+00 3.21360463e+04 5.00000000e+00]","[9.60000000e+01 0.00000000e+00 7.00000000e+01 3.00000000e+00
 9.00000000e+00 3.21360463e+04 5.00000000e+00]","[1.00000000e+02 3.41170000e+01 0.00000000e+00 3.00000000e+00
 9.00000000e+00 3.21360463e+04 5.00000000e+00]","[0.61527814 0.29       0.99999182 0.98687868 0.56458547 0.22
 0.98687868 0.94494829 0.94494829 0.94494829 0.8022393  0.61305569]","[5.22727994e-01 1.60000000e-01 9.99991820e-01 3.33426516e-05
 1.41768403e-02 1.50000000e-01 3.33426516e-05 9.07171035e-04
 9.07171035e-04 9.07171035e-04 8.37568985e-01 4.57331648e-01]","[1.60946977e-01 5.00000000e-02 9.99992446e-01 1.51686398e-05
 1.41768403e-02 1.90000000e-01 1.51686398e-05 2.92638499e-04
 2.92638499e-04 2.92638499e-04 9.22368537e-01 7.50896155e-01]","[4.35256607e-02 0.00000000e+00 9.99991195e-01 5.21221184e-05
 3.18239696e-02 5.00000000e-02 5.21221184e-05 5.97929943e-05
 5.97929943e-05 5.97929943e-05 3.32848681e-02 9.52444810e-02]",323.18191029774897,397.0,323.0,362.883,73.81808970225103,-74.0,-0.1819102977489706,-39.88299999999998,0.2284103390385993,-0.18639798488664988,-0.0005628727721219786,-0.1099059476470377,4.868529558181763,2.950098752975464,16.356178283691406,5.717131853103638,1.6502937582246606,0.29765691433163993,0.18036601838199454,0.34953959011342745,1002,203
50,"[6.21951308e+01 5.26963377e+00 2.13410983e-01 4.00000000e+00
 2.00000000e+01 3.45155059e+04 6.00000000e+00]","[1.00000000e+02 0.00000000e+00 0.00000000e+00 4.00000000e+00
 2.00000000e+01 3.45155059e+04 6.00000000e+00]","[1.50000000e+01 1.00000000e+02 0.00000000e+00 4.00000000e+00
 2.00000000e+01 3.45155059e+04 6.00000000e+00]","[0.00000000e+00 1.51730000e+01 0.00000000e+00 4.00000000e+00
 2.00000000e+01 3.45155059e+04 6.00000000e+00]","[0.55074567 0.5        0.99999487 0.97773502 0.65896014 0.41
 0.97773502 0.93861998 0.93861998 0.93861998 0.68500393 0.62378772]","[4.56387330e-01 4.30000000e-01 9.99994865e-01 1.94678898e-05
 2.09797033e-02 3.80000000e-01 1.94678898e-05 8.08272363e-04
 8.08272363e-04 8.08272363e-04 7.34342065e-01 5.55759280e-01]","[7.95038293e-01 1.90000000e-01 9.99997227e-01 1.14964760e-04
 1.37074609e-02 1.40000000e-01 1.14964760e-04 8.66286594e-05
 8.66286594e-05 8.66286594e-05 4.73464203e-01 3.51081909e-01]","[4.40634562e-02 5.00000000e-02 9.99997353e-01 4.79290132e-05
 3.25067393e-02 4.00000000e-02 4.79290132e-05 1.11493413e-04
 1.11493413e-04 1.11493413e-04 1.14887925e-02 5.28477106e-02]",352.71208605949937,396.0,211.0,280.827,43.28791394050063,-185.0,-141.71208605949937,-69.827,0.12272875144175906,-0.4671717171717172,-0.40177836728734556,-0.2486477439847308,4.09454607963562,2.936856985092163,5.817246437072754,0.3433680534362793,1.3941932141810192,0.7038632665691229,0.5048534589107064,0.05902587369309775,1002,6
51,"[4.17022005e+01 7.20324493e+01 1.14374817e-02 3.00000000e+00
 2.00000000e+00 3.23710895e+04 2.10000000e+01]","[1.00000000e+02 0.00000000e+00 0.00000000e+00 3.00000000e+00
 2.00000000e+00 3.23710895e+04 2.10000000e+01]","[9.60000000e+01 2.35412000e+01 0.00000000e+00 3.00000000e+00
 2.00000000e+00 3.23710895e+04 2.10000000e+01]","[1.00000000e+02 2.15997000e+01 0.00000000e+00 3.00000000e+00
 2.00000000e+00 3.23710895e+04 2.10000000e+01]","[6.97077741e-01 9.00000000e-02 9.99988891e-01 2.75725988e-04
 5.52442681e-02 1.20000000e-01 2.75725988e-04 7.51764243e-05
 7.51764243e-05 7.51764243e-05 6.94616302e-01 4.82426790e-01]","[6.71243812e-01 6.00000000e-02 9.99983163e-01 3.33426516e-05
 2.10022237e-02 3.00000000e-02 3.33426516e-05 9.01131065e-04
 9.01131065e-04 9.01131065e-04 8.95916281e-01 4.06027958e-01]","[4.48522057e-02 2.00000000e-02 9.99980137e-01 5.21221184e-05
 5.27142016e-02 2.00000000e-02 5.21221184e-05 5.97929943e-05
 5.97929943e-05 5.97929943e-05 4.67150149e-02 9.13962958e-02]","[4.48522057e-02 1.00000000e-02 9.99980137e-01 5.21221184e-05
 4.98588972e-02 1.00000000e-02 5.21221184e-05 5.97929943e-05
 5.97929943e-05 5.97929943e-05 4.67150149e-02 9.51461646e-02]",266.6583136443071,397.0,369.4588,375.4003,130.3416863556929,-27.541200000000003,102.8004863556929,-5.941500000000019,0.48879663481842306,-0.06937329974811084,0.3855138996071859,-0.015827105092883566,3.6744813919067383,2.9471518993377686,14.185225248336792,5.683517217636108,1.2467906363199,0.2590358156165034,0.20776207975148792,0.4006645730424687,1002,202
52,"[4.26478232e+01 5.26991942e+00 2.64193412e-01 3.00000000e+00
 5.00000000e+00 2.93946568e+04 2.20000000e+01]","[1.00000000e+02 0.00000000e+00 0.00000000e+00 3.00000000e+00
 5.00000000e+00 2.93946568e+04 2.20000000e+01]","[9.60000000e+01 2.58520000e+00 1.00000000e+02 3.00000000e+00
 5.00000000e+00 2.93946568e+04 2.20000000e+01]","[1.00000000e+02 1.42342000e+01 1.00000000e+00 3.00000000e+00
 5.00000000e+00 2.93946568e+04 2.20000000e+01]","[0.6422382  0.24       0.99998197 0.98687868 0.69798876 0.2
 0.98687868 0.94459942 0.94459942 0.94459942 0.76888034 0.64826061]","[6.71243812e-01 8.00000000e-02 9.99981968e-01 3.33426516e-05
 2.49912224e-02 1.10000000e-01 3.33426516e-05 9.01131065e-04
 9.01131065e-04 9.01131065e-04 8.26889161e-01 4.95034596e-01]","[[3.82549387e-01 6.00000000e-02 9.99983347e-01 1.51686398e-05
  2.49912224e-02 1.00000000e-01 1.51686398e-05 2.90688914e-04
  2.90688914e-04 2.90688914e-04 9.38971125e-01 6.44061744e-01]]","[5.39261217e-03 2.00000000e-02 9.99984221e-01 4.41759130e-05
 5.81260984e-02 6.00000000e-02 4.41759130e-05 8.27889400e-05
 8.27889400e-05 8.27889400e-05 3.94981539e-03 5.20860259e-03]",334.11371035339903,397.0,290.4148,381.7658,62.88628964660097,-106.58519999999999,-43.698910353399015,-91.351,0.18821822540620925,-0.26847657430730476,-0.13079053328035467,-0.23928544673200164,3.9233148097991943,2.9655749797821045,17.54695224761963,8.401476383209229,1.3229524920281934,0.22358953021778585,0.169007981439307,0.47879975192552027,1002,302
53,"[9.79609351e+01 5.27966974e+00 4.87858829e-01 1.00000000e+00
 1.30000000e+01 3.82934386e+04 1.40000000e+01]","[1.00000000e+02 0.00000000e+00 0.00000000e+00 1.00000000e+00
 1.30000000e+01 3.82934386e+04 1.40000000e+01]","[1.00000000e+02 3.91900000e+00 0.00000000e+00 1.00000000e+00
 1.30000000e+01 3.82934386e+04 1.40000000e+01]","[1.00000000e+02 1.34170000e+01 0.00000000e+00 1.00000000e+00
 1.30000000e+01 3.82934386e+04 1.40000000e+01]","[0.54453942 0.26       0.99998705 0.97813762 0.5022424  0.31
 0.97813762 0.95517919 0.95517919 0.95517919 0.7985113  0.40234922]","[6.60542049e-01 1.30000000e-01 9.99987046e-01 2.03827248e-05
 1.10666493e-02 2.20000000e-01 2.03827248e-05 1.12606118e-03
 1.12606118e-03 1.12606118e-03 8.36275762e-01 4.09764441e-01]","[6.60542049e-01 1.30000000e-01 9.99987046e-01 2.03827248e-05
 1.10666493e-02 2.20000000e-01 2.03827248e-05 1.12606118e-03
 1.12606118e-03 1.12606118e-03 8.36275762e-01 4.09764441e-01]","[4.08774981e-02 2.00000000e-02 9.99990947e-01 6.70475723e-05
 2.44574780e-02 4.00000000e-02 6.70475723e-05 1.20778862e-04
 1.20778862e-04 1.20778862e-04 5.53047482e-02 6.99493442e-02]",391.19340650479853,399.0,395.081,385.583,7.806593495201469,-3.9189999999999827,3.887593495201486,9.49799999999999,0.019955841191064937,-0.009822055137844569,0.009937778680719659,0.02463282872948234,4.39408802986145,2.973722457885742,14.55058217048645,2.9865686893463135,1.4776389162375159,0.3019870942878259,0.2043713731205523,0.20525424030140146,1002,102
54,"[1.04795362e+01 5.26841164e+00 1.52764701e-02 4.00000000e+00
 1.00000000e+00 1.24321431e+04 1.90000000e+01]","[1.00000000e+02 0.00000000e+00 0.00000000e+00 4.00000000e+00
 1.00000000e+00 1.24321431e+04 1.90000000e+01]","[4.50000000e+01 2.57360000e+00 0.00000000e+00 4.00000000e+00
 1.00000000e+00 1.24321431e+04 1.90000000e+01]","[0.00000000e+00 1.81056000e+01 0.00000000e+00 4.00000000e+00
 1.00000000e+00 1.24321431e+04 1.90000000e+01]","[0.62599387 0.3        0.99988144 0.9836239  0.61097254 0.29
 0.9836239  0.94459942 0.94459942 0.94459942 0.61998459 0.61733167]","[6.79230985e-01 1.90000000e-01 9.99881437e-01 2.68798954e-05
 1.71196830e-02 2.70000000e-01 2.68798954e-05 9.01131065e-04
 9.01131065e-04 9.01131065e-04 5.78728272e-01 5.86215010e-01]","[[6.79230985e-01 1.90000000e-01 9.99881437e-01 2.68798954e-05
  1.71196830e-02 2.70000000e-01 2.68798954e-05 9.01131065e-04
  9.01131065e-04 9.01131065e-04 5.78728272e-01 5.86215010e-01]]","[3.21304672e-02 7.00000000e-02 9.99968821e-01 8.63334661e-05
 3.13677566e-02 7.00000000e-02 8.63334661e-05 6.74094011e-05
 6.74094011e-05 6.74094011e-05 3.00464738e-02 4.20952905e-02]",301.1958480539495,396.0,338.4264,277.8944,94.80415194605052,-57.5736,37.230551946050525,60.53199999999998,0.3147591593927597,-0.1453878787878788,0.12360911409171178,0.2178237488772713,4.2060394287109375,2.962435722351074,2.605886220932007,0.3134326934814453,1.4197909500540669,1.6140533669219943,1.1368246620113545,0.12027873318634177,168,4
55,"[4.17022005e+01 7.20324493e+01 1.14374817e-02 1.00000000e+00
 1.50000000e+01 3.20194966e+04 4.50000000e+01]","[1.00000000e+02 4.99937000e+01 0.00000000e+00 1.00000000e+00
 1.50000000e+01 3.20194966e+04 4.50000000e+01]","[9.60000000e+01 6.49940000e+00 0.00000000e+00 1.00000000e+00
 1.50000000e+01 3.20194966e+04 4.50000000e+01]","[1.00000000e+02 2.20314000e+01 0.00000000e+00 1.00000000e+00
 1.50000000e+01 3.20194966e+04 4.50000000e+01]","[7.36084201e-01 3.00000000e-02 9.99995134e-01 7.97914720e-05
 2.73972450e-02 1.10000000e-01 7.97914720e-05 8.70216207e-05
 8.70216207e-05 8.70216207e-05 8.42485838e-01 6.13781708e-01]","[7.36084201e-01 3.00000000e-02 9.99995134e-01 7.97914720e-05
 2.73972450e-02 1.10000000e-01 7.97914720e-05 8.70216207e-05
 8.70216207e-05 8.70216207e-05 8.42485838e-01 6.13781708e-01]","[1.45669033e-01 4.00000000e-02 9.99989720e-01 1.13451950e-04
 3.74171773e-02 1.00000000e-01 1.13451950e-04 3.12975712e-04
 3.12975712e-04 3.12975712e-04 2.44958260e-01 3.79238921e-01]","[4.28576968e-02 2.00000000e-02 9.99992986e-01 3.00005451e-05
 3.38135013e-02 3.00000000e-02 3.00005451e-05 7.80995255e-05
 7.80995255e-05 7.80995255e-05 4.11281787e-02 1.29333932e-01]",268.6583136443071,349.0063,388.5006,376.9686,80.34798635569291,39.49430000000001,119.84228635569292,11.532000000000039,0.29907128227593377,0.1131621406261148,0.4460769694041902,0.030591407347986117,3.6856486797332764,5.578340768814087,2.8149406909942627,2.9837231636047363,0.6607069794548993,1.3093166373006146,1.9816903377966966,1.0599595128772885,174,102
56,"[7.05968809e+01 5.28260908e+00 4.24915652e-01 4.00000000e+00
 1.30000000e+01 9.61739840e+03 6.80000000e+01]","[1.00000000e+02 5.45636263e+00 0.00000000e+00 4.00000000e+00
 1.30000000e+01 9.61739840e+03 6.80000000e+01]","[9.6000000e+01 0.0000000e+00 1.0000000e+01 4.0000000e+00 1.3000000e+01
 9.6173984e+03 6.8000000e+01]","[1.0000000e+02 2.1445600e+01 0.0000000e+00 4.0000000e+00 1.3000000e+01
 9.6173984e+03 6.8000000e+01]","[0.53114574 0.3        0.99938308 0.98942902 0.77592765 0.33
 0.98942902 0.96463142 0.96463142 0.96463142 0.27303145 0.73996343]","[0.58393987 0.1        0.9989777  0.00118805 0.07065186 0.18
 0.00118805 0.00215146 0.00215146 0.00215146 0.27362765 0.73996343]","[[2.69830580e-02 1.20000000e-01 9.99526442e-01 1.94170257e-05
  3.16218006e-02 2.40000000e-01 1.94170257e-05 9.12493506e-04
  9.12493506e-04 9.12493506e-04 4.87609187e-01 4.20681484e-01]]","[9.08965499e-02 0.00000000e+00 9.99688712e-01 1.61957612e-04
 4.20603053e-02 6.00000000e-02 1.61957612e-04 4.26938998e-04
 4.26938998e-04 4.26938998e-04 7.69821446e-02 1.48888072e-01]",360.8893561471957,390.5436373737374,382.0,374.5544,29.654281226541684,-8.543637373737397,21.110643852804287,7.445600000000013,0.08217000784707713,-0.02187626824799969,0.058496166465474536,0.019878554356857144,4.051105976104736,3.843348979949951,16.987436294555664,5.7997987270355225,1.0540562403358673,0.23847659563574541,0.22624655735613933,0.341416952297523,1002,204
57,"[2.07664221e+01 5.27237005e+00 1.92138014e-01 1.00000000e+00
 5.00000000e+00 1.20652441e+04 7.00000000e+00]","[1.00000000e+02 0.00000000e+00 1.00000000e+00 1.00000000e+00
 5.00000000e+00 1.20652441e+04 7.00000000e+00]","[1.00000000e+02 3.98550000e+00 1.00000000e+02 1.00000000e+00
 5.00000000e+00 1.20652441e+04 7.00000000e+00]","[1.00000000e+02 1.50095000e+01 1.00000000e+00 1.00000000e+00
 5.00000000e+00 1.20652441e+04 7.00000000e+00]","[0.56946786 0.3        0.99966884 0.97452914 0.64470526 0.21
 0.97452914 0.96919371 0.96919371 0.96919371 0.48360166 0.5890806 ]","[4.25982963e-01 1.00000000e-01 9.99720123e-01 9.33142087e-06
 1.97275381e-02 2.20000000e-01 9.33142087e-06 5.36240451e-04
 5.36240451e-04 5.36240451e-04 8.28672747e-01 4.00375898e-01]","[[4.25982963e-01 1.00000000e-01 9.99720123e-01 9.33142087e-06
  1.97275381e-02 2.20000000e-01 9.33142087e-06 5.36240451e-04
  5.36240451e-04 5.36240451e-04 8.28672747e-01 4.00375898e-01]]","[4.58059682e-03 8.00000000e-02 9.99814534e-01 2.86565142e-05
 6.07557559e-02 4.00000000e-02 2.86565142e-05 6.72549840e-05
 6.72549840e-05 6.72549840e-05 3.60257280e-03 6.35461617e-03]",314.301914082347,398.0,295.0145,382.9905,83.69808591765297,-102.9855,-19.287414082347027,-87.976,0.26629836525820233,-0.25875753768844223,-0.061365881714909726,-0.22970804758864777,3.9541923999786377,2.950870990753174,15.69417953491211,5.682428598403931,1.3400085643762347,0.25195279505898566,0.18802327220667284,0.36207235846660357,1002,202
58,"[4.82280453e+00 5.28005666e+00 9.64354631e-02 4.00000000e+00
 1.00000000e+01 1.25936414e+04 6.70000000e+01]","[0.00000000e+00 5.45636263e+00 0.00000000e+00 4.00000000e+00
 1.00000000e+01 1.25936414e+04 6.70000000e+01]","[0.00000000e+00 9.43324000e+01 0.00000000e+00 4.00000000e+00
 1.00000000e+01 1.25936414e+04 6.70000000e+01]","[0.00000000e+00 4.93324000e+01 0.00000000e+00 4.00000000e+00
 1.00000000e+01 1.25936414e+04 6.70000000e+01]","[0.51948174 0.26       0.9995774  0.99010539 0.68168406 0.27
 0.99010539 0.90606277 0.90606277 0.90606277 0.26618487 0.75055199]","[4.45491113e-01 1.10000000e-01 9.99934811e-01 5.84666150e-04
 4.56669301e-02 8.00000000e-02 5.84666150e-04 3.90750733e-04
 3.90750733e-04 3.90750733e-04 2.50387352e-01 6.92745672e-01]","[[2.81557504e-01 4.00000000e-02 9.99982042e-01 5.94937345e-04
  3.16079863e-02 9.00000000e-02 5.94937345e-04 8.79359908e-04
  8.79359908e-04 8.79359908e-04 6.20781112e-01 3.56608267e-01]]","[5.10274209e-02 4.00000000e-02 9.99982042e-01 5.94937345e-04
 3.16079863e-02 9.00000000e-02 5.94937345e-04 8.79359908e-04
 8.79359908e-04 8.79359908e-04 4.04240492e-02 6.61340748e-02]",295.44631240266176,290.5436373737374,201.6676,246.6676,-4.902675028924364,-88.8760373737374,-93.77871240266177,-45.0,-0.016594131735997237,-0.30589565883149167,-0.3174137177073695,-0.18243174215016483,3.9378716945648193,0.14096546173095703,7.087594509124756,0.26143789291381836,27.935010790661174,0.5556005905099536,0.019889041556973158,0.03688668878802764,1002,3
59,"[1.46780190e+01 5.21829353e+00 1.10568042e-03 2.00000000e+00
 1.80000000e+01 1.28998572e+04 9.40000000e+01]","[1.00000000e+02 0.00000000e+00 0.00000000e+00 2.00000000e+00
 1.80000000e+01 1.28998572e+04 9.40000000e+01]","[0.00000000e+00 3.59740000e+00 0.00000000e+00 2.00000000e+00
 1.80000000e+01 1.28998572e+04 9.40000000e+01]","[0.00000000e+00 2.18894000e+01 0.00000000e+00 2.00000000e+00
 1.80000000e+01 1.28998572e+04 9.40000000e+01]","[0.85098601 0.52       0.99989375 0.99999318 0.98771635 0.47
 0.99999318 0.99999678 0.99999678 0.99999678 0.41489732 0.81894969]","[0.57680592 0.5        0.99989375 0.99999318 0.84827356 0.46
 0.99999318 0.99999678 0.99999678 0.99999678 0.19388901 0.81894969]","[[0.47433752 0.48       0.99996622 0.99999318 0.85053116 0.48
  0.99999318 0.99999639 0.99999639 0.99999639 0.20027079 0.6300104 ]]","[7.48486485e-02 1.00000000e-01 9.99987771e-01 6.96208031e-05
 2.14416599e-01 1.10000000e-01 6.96208031e-05 1.05519670e-04
 1.05519670e-04 1.05519670e-04 8.67363795e-02 2.15118596e-01]",307.45861980856193,398.0,294.4026,276.1106,90.54138019143807,-103.5974,-13.056019808561928,18.29200000000003,0.29448314133398945,-0.26029497487437186,-0.04246431541483928,0.06624881478653855,4.565847396850586,2.9780874252319336,0.5232703685760498,0.34488940238952637,1.5331475356184339,8.725598984852523,5.691297661925819,0.6591036357133256,60,6
60,"[5.58077179e+01 5.24510882e+00 1.60744966e-01 3.00000000e+00
 1.00000000e+00 3.10766180e+04 9.50000000e+01]","[1.0000000e+02 0.0000000e+00 0.0000000e+00 3.0000000e+00 1.0000000e+00
 3.1076618e+04 9.5000000e+01]","[1.0000000e+02 7.8120900e+01 0.0000000e+00 3.0000000e+00 1.0000000e+00
 3.1076618e+04 9.5000000e+01]","[0.0000000e+00 3.8120900e+01 0.0000000e+00 3.0000000e+00 1.0000000e+00
 3.1076618e+04 9.5000000e+01]","[0.81414086 0.34       0.99981964 0.99999882 0.81317392 0.37
 0.99999882 0.9999969  0.9999969  0.9999969  0.75618965 0.70333172]","[0.49167341 0.32       0.99981964 0.99999679 0.29888782 0.32
 0.99999679 0.9999969  0.9999969  0.9999969  0.72838258 0.6611842 ]","[7.91631076e-01 1.50000000e-01 9.99816108e-01 8.06246503e-04
 5.30173540e-02 1.20000000e-01 8.06246503e-04 1.15039398e-03
 1.15039398e-03 1.15039398e-03 8.35706996e-01 6.79907489e-01]","[3.90960530e-02 1.20000000e-01 9.99969816e-01 1.19700561e-04
 1.09810887e-01 1.00000000e-01 1.19700561e-04 1.68467920e-04
 1.68467920e-04 1.68467920e-04 3.44142518e-02 8.36176025e-02]",347.40186407368844,397.0,318.8791,258.8791,49.598135926311556,-78.1209,-28.52276407368845,60.0,0.14276876740014022,-0.19677808564231739,-0.08210308298069005,0.2317684200848968,3.932624101638794,2.9788002967834473,8.355685710906982,0.32631516456604004,1.3202040116235048,0.4706524679961808,0.35649980143402354,0.03905306827662138,1002,5
61,"[6.80361618e+01 5.26923879e+00 3.34161292e-02 3.00000000e+00
 8.00000000e+00 6.26667620e+03 8.50000000e+01]","[1.00000000e+02 5.45636263e+00 0.00000000e+00 3.00000000e+00
 8.00000000e+00 6.26667620e+03 8.50000000e+01]","[1.0000000e+02 9.0617900e+01 0.0000000e+00 3.0000000e+00 8.0000000e+00
 6.2666762e+03 8.5000000e+01]","[1.0000000e+02 2.0617900e+01 0.0000000e+00 3.0000000e+00 8.0000000e+00
 6.2666762e+03 8.5000000e+01]","[0.5213643  0.35       0.99955    0.99012124 0.79589221 0.34
 0.99012124 0.89704941 0.89704941 0.89704941 0.25655889 0.73329051]","[0.58948881 0.22       0.99925422 0.00110568 0.07551784 0.24
 0.00110568 0.00267402 0.00267402 0.00267402 0.277726   0.73329051]","[[7.16518534e-01 2.20000000e-01 9.99880183e-01 8.56414216e-04
  6.59516328e-02 2.50000000e-01 8.56414216e-04 3.14647740e-03
  3.14647740e-03 3.14647740e-03 9.41606463e-01 5.12897687e-01]]","[1.44999779e-01 1.20000000e-01 9.99610870e-01 1.94093243e-04
 9.97374968e-02 1.10000000e-01 1.94093243e-04 1.29458294e-03
 1.29458294e-03 1.29458294e-03 1.32068988e-01 2.67939878e-01]",359.73350690927674,391.5436373737374,306.38210000000004,376.3821,31.810130464460656,-85.16153737373736,-53.351406909276704,-69.99999999999994,0.08842693230820735,-0.21750203360461892,-0.14830813889886466,-0.18598121430323053,4.416849851608276,2.85925030708313,3.5445265769958496,3.0206315517425537,1.5447580229917452,1.2461043120042736,0.8066663473874914,0.8521960510457447,186,103
62,"[4.17022005e+01 7.20324493e+01 1.14374817e-02 4.00000000e+00
 2.00000000e+01 2.74007153e+04 7.20000000e+01]","[1.00000000e+02 4.99937000e+01 0.00000000e+00 4.00000000e+00
 2.00000000e+01 2.74007153e+04 7.20000000e+01]","[9.60000000e+01 5.46840000e+00 0.00000000e+00 4.00000000e+00
 2.00000000e+01 2.74007153e+04 7.20000000e+01]","[1.00000000e+02 1.49664000e+01 0.00000000e+00 4.00000000e+00
 2.00000000e+01 2.74007153e+04 7.20000000e+01]","[8.36741657e-01 1.30000000e-01 9.99992627e-01 3.70690017e-04
 3.55364195e-02 2.20000000e-01 3.70690017e-04 1.18568634e-03
 1.18568634e-03 1.18568634e-03 8.28592542e-01 4.45710060e-01]","[8.36741657e-01 1.30000000e-01 9.99992627e-01 3.70690017e-04
 3.55364195e-02 2.20000000e-01 3.70690017e-04 1.18568634e-03
 1.18568634e-03 1.18568634e-03 8.28592542e-01 4.45710060e-01]","[[4.77901854e-01 7.00000000e-02 9.99978279e-01 5.28924334e-04
  5.64024790e-02 1.80000000e-01 5.28924334e-04 4.33748385e-04
  4.33748385e-04 4.33748385e-04 4.47218890e-01 8.27277089e-01]]","[1.11238814e-01 4.00000000e-02 9.99989350e-01 1.96883002e-04
 1.41779505e-01 5.00000000e-02 1.96883002e-04 4.85579331e-04
 4.85579331e-04 4.85579331e-04 5.32378840e-02 9.78564672e-02]",265.6583136443071,346.0063,386.5316,381.0336,80.34798635569291,40.525300000000016,120.87328635569293,5.498000000000047,0.3024486049522686,0.11712301192203729,0.454995308437934,0.014429173700167249,3.675393581390381,5.621859788894653,3.0578229427337646,5.780728340148926,0.6537682758738851,1.2019641588876606,1.8385171065099604,1.8904718972972387,186,203
63,"[3.78436678e+01 5.27054530e+00 1.05880875e-01 2.00000000e+00
 1.40000000e+01 3.76391483e+04 2.90000000e+01]","[1.00000000e+02 0.00000000e+00 0.00000000e+00 2.00000000e+00
 1.40000000e+01 3.76391483e+04 2.90000000e+01]","[5.60000000e+01 1.00000000e+02 0.00000000e+00 2.00000000e+00
 1.40000000e+01 3.76391483e+04 2.90000000e+01]","[1.00000000e+02 3.62918000e+01 0.00000000e+00 2.00000000e+00
 1.40000000e+01 3.76391483e+04 2.90000000e+01]","[0.5022537  0.32       0.99998948 0.98608103 0.68237378 0.35
 0.98608103 0.95044025 0.95044025 0.95044025 0.74027755 0.41254955]","[6.21541065e-01 1.70000000e-01 9.99989485e-01 3.14065551e-05
 2.32719767e-02 2.20000000e-01 3.14065551e-05 1.01344808e-03
 1.01344808e-03 1.01344808e-03 7.83691975e-01 4.20020645e-01]","[6.00000514e-01 1.50000000e-01 9.99993616e-01 2.66170266e-04
 1.99406709e-02 9.00000000e-02 2.66170266e-04 1.17904635e-04
 1.17904635e-04 1.17904635e-04 6.14692077e-01 5.48437697e-01]","[2.97003299e-02 1.10000000e-01 9.99993509e-01 5.03153536e-05
 4.36965353e-02 1.20000000e-01 5.03153536e-05 7.18734822e-05
 7.18734822e-05 7.18734822e-05 2.73559266e-02 9.63261570e-02]",330.4672416049588,398.0,254.0,361.7082,67.53275839504118,-144.0,-76.46724160495882,-107.70819999999998,0.20435537896905975,-0.36180904522613067,-0.23139129080869053,-0.2977764949757843,3.845144271850586,2.9845991134643555,7.816910266876221,6.727199077606201,1.2883285579306354,0.4919007818401343,0.3818131475950862,0.8605956634953815,1002,203
64,"[4.17022005e+01 7.20324493e+01 1.14374817e-02 3.00000000e+00
 0.00000000e+00 2.65642734e+04 5.50000000e+01]","[0.00000000e+00 4.99937000e+01 0.00000000e+00 3.00000000e+00
 0.00000000e+00 2.65642734e+04 5.50000000e+01]","[9.00000000e+01 5.37050000e+00 0.00000000e+00 3.00000000e+00
 0.00000000e+00 2.65642734e+04 5.50000000e+01]","[0.00000000e+00 9.25350000e+00 0.00000000e+00 3.00000000e+00
 0.00000000e+00 2.65642734e+04 5.50000000e+01]","[7.78583779e-01 1.20000000e-01 9.99847760e-01 3.19727641e-04
 2.74906214e-02 1.30000000e-01 3.19727641e-04 1.20308063e-04
 1.20308063e-04 1.20308063e-04 8.15645547e-01 6.73288570e-01]","[4.47571215e-01 8.00000000e-02 9.99967623e-01 2.51011051e-04
 2.31389116e-02 1.10000000e-01 2.51011051e-04 9.54448423e-05
 9.54448423e-05 9.54448423e-05 6.07341198e-01 5.83320070e-01]","[[4.02083743e-01 9.00000000e-02 9.99920468e-01 3.58583441e-04
  3.43454490e-02 5.00000000e-02 3.58583441e-04 2.19169979e-04
  2.19169979e-04 2.19169979e-04 1.62536722e-01 5.48073133e-01]]","[9.55232009e-02 4.00000000e-02 9.99985117e-01 1.22883242e-04
 5.15069503e-02 1.10000000e-01 1.22883242e-04 2.57685463e-04
 2.57685463e-04 2.57685463e-04 3.00119722e-02 1.51028268e-01]",266.6583136443071,247.0063,381.6295,287.74649999999997,-19.65201364430709,134.6232,114.97118635569291,93.88300000000004,-0.07369735965000032,0.5450192970786575,0.43115545427566093,0.3262698243071594,3.7009332180023193,0.18127107620239258,0.8602960109710693,0.3050954341888428,20.416567802963545,4.3019299994485,0.2107077957943577,0.3546400660912779,78,4
65,"[6.52427438e+01 5.26898282e+00 7.97027543e-02 4.00000000e+00
 0.00000000e+00 1.80861200e+03 4.00000000e+00]","[ 100.            5.45636263    0.            4.            0.
 1808.612         4.        ]",[ 100.       0.      41.       4.       0.    1808.612    4.   ],"[1.000000e+02 1.925320e+01 1.000000e+00 4.000000e+00 0.000000e+00
 1.808612e+03 4.000000e+00]","[0.38813701 0.42       0.99988313 0.97959684 0.91938351 0.32
 0.97959684 0.99718853 0.99718853 0.99718853 0.94001022 0.73170522]","[0.19338848 0.31       0.99979892 0.00225702 0.82582206 0.27
 0.00225702 0.02204726 0.02204726 0.02204726 0.91448183 0.73170522]","[[1.21927676e-01 3.10000000e-01 9.99910304e-01 1.70413911e-05
  2.64476755e-01 3.60000000e-01 1.70413911e-05 4.79364023e-03
  4.79364023e-03 4.79364023e-03 9.59288432e-01 5.76910256e-01]]","[5.20206017e-03 1.10000000e-01 9.99931453e-01 2.85844064e-04
 1.97699942e-02 1.50000000e-01 2.85844064e-04 1.97685643e-03
 1.97685643e-03 1.97685643e-03 4.03671404e-03 1.15356038e-02]",355.894058214461,390.5436373737374,355.0,375.7468,34.64957915927641,-35.5436373737374,-0.8940582144609834,-20.746800000000007,0.09735925160738888,-0.09101066813623009,-0.0025121470668729904,-0.055214841483679986,4.03869104385376,2.885300874710083,17.59324860572815,8.475033521652222,1.3997469308151684,0.2295591413707876,0.16400046059547319,0.481720784579424,1002,302
66,"[7.20221908e-02 5.26894693e+00 2.40777507e-01 4.00000000e+00
 1.00000000e+01 3.74557776e+04 2.30000000e+01]","[1.00000000e+02 0.00000000e+00 0.00000000e+00 4.00000000e+00
 1.00000000e+01 3.74557776e+04 2.30000000e+01]","[9.60000000e+01 2.33600000e+00 0.00000000e+00 4.00000000e+00
 1.00000000e+01 3.74557776e+04 2.30000000e+01]","[1.00000000e+02 1.34170000e+01 0.00000000e+00 4.00000000e+00
 1.00000000e+01 3.74557776e+04 2.30000000e+01]","[0.52730648 0.48       0.99999706 0.9868577  0.70242043 0.45
 0.9868577  0.91157829 0.91157829 0.91157829 0.62556027 0.52868864]","[5.24446081e-01 1.90000000e-01 9.99995996e-01 3.32887141e-05
 2.50757338e-02 2.40000000e-01 3.32887141e-05 6.10587993e-04
 6.10587993e-04 6.10587993e-04 8.28094557e-01 5.14786215e-01]","[5.24446081e-01 1.90000000e-01 9.99995996e-01 3.32887141e-05
 2.50757338e-02 2.40000000e-01 3.32887141e-05 6.10587993e-04
 6.10587993e-04 6.10587993e-04 8.28094557e-01 5.14786215e-01]","[4.40889541e-02 9.00000000e-02 9.99995042e-01 1.17404270e-04
 4.58569415e-02 1.10000000e-01 1.17404270e-04 1.48673448e-04
 1.48673448e-04 1.48673448e-04 3.46486356e-02 6.26360837e-02]",290.56229774950305,396.0,389.664,382.58299999999997,105.43770225049695,-6.336000000000013,99.10170225049694,7.081000000000017,0.362874684937259,-0.01600000000000003,0.3410686899782628,0.018508402098368244,4.819934844970703,3.151096820831299,3.5096118450164795,3.5528669357299805,1.5296054418598106,1.3733526833786005,0.8978476709057559,1.0123247506059456,210,102
67,"[4.17022005e+01 7.20324493e+01 1.14374817e-02 3.00000000e+00
 2.00000000e+00 2.29715350e+03 4.60000000e+01]","[1.0000000e+02 0.0000000e+00 1.0000000e+00 3.0000000e+00 2.0000000e+00
 2.2971535e+03 4.6000000e+01]","[8.1000000e+01 2.5968000e+00 1.0000000e+00 3.0000000e+00 2.0000000e+00
 2.2971535e+03 4.6000000e+01]","[1.0000000e+02 2.2596800e+01 1.0000000e+00 3.0000000e+00 2.0000000e+00
 2.2971535e+03 4.6000000e+01]","[8.17780157e-01 3.00000000e-02 9.99965950e-01 5.16066793e-04
 1.53648937e-02 1.00000000e-01 5.16066793e-04 1.57553770e-04
 1.57553770e-04 1.57553770e-04 9.70123013e-01 5.77394868e-01]","[9.21574852e-02 1.10000000e-01 9.99892292e-01 1.45472605e-05
 1.07967724e-01 1.80000000e-01 1.45472605e-05 3.00300916e-04
 3.00300916e-04 3.00300916e-04 9.14999145e-01 2.20695035e-01]","[[9.21574852e-02 1.10000000e-01 9.99892292e-01 1.45472605e-05
  1.07967724e-01 1.80000000e-01 1.45472605e-05 3.00300916e-04
  3.00300916e-04 3.00300916e-04 9.14999145e-01 2.20695035e-01]]","[8.88370390e-03 0.00000000e+00 9.99920525e-01 4.96825261e-05
 3.80898772e-02 7.00000000e-02 4.96825261e-05 7.01158040e-05
 7.01158040e-05 7.01158040e-05 5.91233488e-03 1.26639906e-02]",266.6583136443071,396.0,374.40319999999997,373.40319999999997,129.3416863556929,-21.59680000000003,107.74488635569287,1.0,0.4850465173503666,-0.054537373737373815,0.40405598041624424,0.0026780702468538033,4.204646587371826,6.541841268539429,2.5379209518432617,3.4742274284362793,0.642731367939562,1.6567287426024997,2.5776379141313157,1.3689265719300632,150,102
68,"[6.01351498e+01 4.89535597e+01 1.58160119e-05 3.00000000e+00
 7.00000000e+00 4.81687530e+03 7.10000000e+01]","[0.0000000e+00 0.0000000e+00 1.0000000e+00 3.0000000e+00 7.0000000e+00
 4.8168753e+03 7.1000000e+01]","[6.0000000e+01 3.5934000e+00 1.0000000e+00 3.0000000e+00 7.0000000e+00
 4.8168753e+03 7.1000000e+01]","[0.0000000e+00 2.3593400e+01 1.0000000e+00 3.0000000e+00 7.0000000e+00
 4.8168753e+03 7.1000000e+01]","[0.52909706 0.2        0.99992427 0.95919546 0.09648721 0.21
 0.95919546 0.81262388 0.81262388 0.81262388 0.21219964 0.10774106]","[2.05643629e-02 1.90000000e-01 9.99958100e-01 2.06109728e-05
 7.99520905e-02 1.40000000e-01 2.06109728e-05 7.21572758e-04
 7.21572758e-04 7.21572758e-04 2.36747944e-01 1.36405939e-01]","[[1.81925382e-02 1.40000000e-01 9.99740890e-01 2.06109728e-05
  7.86634166e-02 1.50000000e-01 2.06109728e-05 8.08304077e-04
  8.08304077e-04 8.08304077e-04 3.26866936e-01 2.66305089e-01]]","[1.26711676e-02 4.00000000e-02 9.99980633e-01 3.29834740e-05
 5.26401748e-02 1.50000000e-01 3.29834740e-05 9.42150215e-05
 9.42150215e-05 9.42150215e-05 2.93733675e-03 8.04467129e-03]",308.1815742979849,296.0,352.4066,272.4066,-12.181574297984923,56.406600000000026,44.2250257020151,80.0,-0.03952726351578175,0.19056283783783792,0.14350314681452478,0.2936786406790437,5.381026983261108,0.4428842067718506,2.0065555572509766,0.28287267684936523,12.149963581864899,2.6817233960036617,0.2207186365567726,0.14097425602155106,138,3
69,"[4.17022005e+01 7.20324493e+01 1.14374817e-02 4.00000000e+00
 2.00000000e+00 2.66706340e+03 4.40000000e+01]","[1.0000000e+02 0.0000000e+00 0.0000000e+00 4.0000000e+00 2.0000000e+00
 2.6670634e+03 4.4000000e+01]","[1.0000000e+02 9.9085000e+01 0.0000000e+00 4.0000000e+00 2.0000000e+00
 2.6670634e+03 4.4000000e+01]","[1.0000000e+02 4.4085000e+01 0.0000000e+00 4.0000000e+00 2.0000000e+00
 2.6670634e+03 4.4000000e+01]","[7.37870101e-01 8.00000000e-02 9.99967915e-01 7.43094118e-04
 1.53199427e-02 1.00000000e-01 7.43094118e-04 9.75940601e-05
 9.75940601e-05 9.75940601e-05 9.51495674e-01 5.01686011e-01]","[1.93699234e-01 2.10000000e-01 9.99845550e-01 3.57047309e-05
 1.10929516e-01 1.90000000e-01 3.57047309e-05 1.33280270e-03
 1.33280270e-03 1.33280270e-03 3.34472962e-01 4.73866644e-01]","[[7.37870101e-01 8.00000000e-02 9.99967915e-01 7.43094118e-04
  1.53199427e-02 1.00000000e-01 7.43094118e-04 9.75940601e-05
  9.75940601e-05 9.75940601e-05 9.51495674e-01 5.01686011e-01]]","[1.15870524e-01 6.00000000e-02 9.99967915e-01 3.09781129e-04
 3.85292065e-02 5.00000000e-02 3.09781129e-04 2.38878551e-04
 2.38878551e-04 2.38878551e-04 8.97221571e-02 1.31030100e-01]",265.6583136443071,396.0,296.91499999999996,351.915,130.3416863556929,-99.08500000000004,31.256686355692864,-55.00000000000006,0.4906365796261466,-0.2502146464646466,0.11765747484772034,-0.1562877399372009,4.215705871582031,3.4536495208740234,4.443630218505859,6.855694770812988,1.220652485465622,0.9487076251361739,0.7772135283649434,1.542813968241977,204,203
70,"[3.61146721e+01 5.26842097e+00 1.14990463e-02 4.00000000e+00
 0.00000000e+00 7.49896570e+03 3.60000000e+01]","[1.0000000e+02 0.0000000e+00 0.0000000e+00 4.0000000e+00 0.0000000e+00
 7.4989657e+03 3.6000000e+01]","[1.0000000e+02 1.0000000e+02 9.6000000e+01 4.0000000e+00 0.0000000e+00
 7.4989657e+03 3.6000000e+01]","[0.0000000e+00 4.6704100e+01 1.0000000e+00 4.0000000e+00 0.0000000e+00
 7.4989657e+03 3.6000000e+01]","[0.57809588 0.21       0.99988313 0.9836239  0.71843325 0.3
 0.9836239  0.98102758 0.98102758 0.98102758 0.65360006 0.65229185]","[6.12943705e-01 1.30000000e-01 9.99883126e-01 2.68798954e-05
 7.44592872e-02 2.90000000e-01 2.68798954e-05 2.72386220e-03
 2.72386220e-03 2.72386220e-03 5.72983835e-01 4.80489188e-01]","[[4.47371319e-02 1.00000000e-01 9.99950908e-01 6.60106230e-05
  2.52968661e-02 1.50000000e-01 6.60106230e-05 1.11381001e-04
  1.11381001e-04 1.11381001e-04 1.28159802e-02 6.75122830e-03]]","[3.28690265e-03 6.00000000e-02 9.99984546e-01 6.33335088e-05
 4.54543312e-02 4.00000000e-02 6.33335088e-05 1.75133448e-04
 1.75133448e-04 1.75133448e-04 2.75564367e-03 5.47540960e-03]",326.83475207156437,396.0,200.0,248.29590000000002,69.16524792843563,-196.0,-126.83475207156437,-48.29590000000002,0.21162146157973763,-0.494949494949495,-0.38806996889912243,-0.19450945424390823,5.357296943664551,3.4590907096862793,11.231937408447266,0.2810540199279785,1.548758732652729,0.4769699784505083,0.30796919390636757,0.02502275517637809,1002,3
71,"[4.17022005e+01 7.20324493e+01 1.14374817e-02 4.00000000e+00
 3.00000000e+00 1.63210887e+04 6.70000000e+01]","[1.00000000e+02 0.00000000e+00 1.00000000e+00 4.00000000e+00
 3.00000000e+00 1.63210887e+04 6.70000000e+01]","[9.60000000e+01 3.56299000e+01 1.00000000e+00 4.00000000e+00
 3.00000000e+00 1.63210887e+04 6.70000000e+01]","[1.00000000e+02 2.06299000e+01 1.00000000e+00 4.00000000e+00
 3.00000000e+00 1.63210887e+04 6.70000000e+01]","[7.03566359e-01 1.10000000e-01 9.99721185e-01 7.58962432e-04
 5.70498548e-02 1.60000000e-01 7.58962432e-04 1.10820535e-03
 1.10820535e-03 1.10820535e-03 8.11393336e-01 3.98241274e-01]","[5.84153060e-02 1.50000000e-01 9.99452205e-01 2.06140278e-05
 2.46655280e-02 2.10000000e-01 2.06140278e-05 4.38627713e-04
 4.38627713e-04 4.38627713e-04 6.68725456e-01 9.29056996e-01]","[[5.47217156e-03 2.30000000e-01 9.99803180e-01 4.32026111e-05
  5.61929132e-02 2.00000000e-01 4.32026111e-05 5.71922104e-05
  5.71922104e-05 5.71922104e-05 3.97618457e-03 6.68186060e-03]]","[6.06992522e-03 8.00000000e-02 9.99636315e-01 4.61685815e-05
 6.24643115e-02 4.00000000e-02 4.61685815e-05 1.27867101e-04
 1.27867101e-04 1.27867101e-04 4.09254596e-03 9.72141035e-03]",265.6583136443071,395.0,355.3701,374.3701,129.3416863556929,-39.62990000000002,89.71178635569288,-19.0,0.48687234583921185,-0.10032886075949372,0.33769613728636777,-0.05075191635229416,4.2822723388671875,3.4657881259918213,3.7203614711761475,3.466798782348633,1.235583995095404,1.1510366323392223,0.9315729540915157,0.9318446095111952,150,102
72,"[4.17022005e+01 7.20324493e+01 1.14374817e-02 1.00000000e+00
 7.00000000e+00 2.21283862e+04 7.60000000e+01]","[0.00000000e+00 4.99937000e+01 0.00000000e+00 1.00000000e+00
 7.00000000e+00 2.21283862e+04 7.60000000e+01]","[0.00000000e+00 9.08600000e+00 0.00000000e+00 1.00000000e+00
 7.00000000e+00 2.21283862e+04 7.60000000e+01]","[0.00000000e+00 2.22440000e+01 0.00000000e+00 1.00000000e+00
 7.00000000e+00 2.21283862e+04 7.60000000e+01]","[7.99914115e-01 1.10000000e-01 9.99966327e-01 6.33859645e-04
 5.48473545e-02 1.10000000e-01 6.33859645e-04 8.89583957e-04
 8.89583957e-04 8.89583957e-04 8.85586568e-01 6.96209313e-01]","[4.03546680e-01 9.00000000e-02 9.99992582e-01 4.97662702e-04
 5.57694874e-02 6.00000000e-02 4.97662702e-04 7.05852134e-04
 7.05852134e-04 7.05852134e-04 7.30165383e-01 6.04784202e-01]","[[9.54224203e-02 1.90000000e-01 9.99987308e-01 3.15737434e-04
  3.94060536e-01 2.90000000e-01 3.15737434e-04 6.46233257e-04
  6.46233257e-04 6.46233257e-04 5.03345101e-02 1.14206321e-01]]","[4.98636445e-02 6.00000000e-02 9.99982802e-01 1.37415312e-04
 9.37012808e-02 6.00000000e-02 1.37415312e-04 1.09949987e-04
 1.09949987e-04 1.09949987e-04 4.20965365e-02 8.41388629e-02]",268.6583136443071,249.0063,289.914,276.756,-19.65201364430709,40.90769999999998,21.255686355692887,13.158000000000015,-0.07314872701213175,0.16428379522927725,0.07911791772740213,0.04754368468976288,4.205411672592163,0.14340472221374512,0.5650341510772705,0.3495662212371826,29.32547553297433,7.44275662731943,0.25379832695127486,0.6186638817684104,54,5
73,"[9.70520381e+01 5.27108268e+00 2.50451548e-01 2.00000000e+00
 1.00000000e+00 7.68990400e+03 1.50000000e+01]","[1.000000e+02 0.000000e+00 0.000000e+00 2.000000e+00 1.000000e+00
 7.689904e+03 1.500000e+01]","[1.000000e+02 9.609670e+01 0.000000e+00 2.000000e+00 1.000000e+00
 7.689904e+03 1.500000e+01]","[1.000000e+02 4.609670e+01 0.000000e+00 2.000000e+00 1.000000e+00
 7.689904e+03 1.500000e+01]","[0.59684806 0.2        0.99983262 0.9836239  0.83367276 0.2
 0.9836239  0.98739615 0.98739615 0.98739615 0.55956147 0.55603574]","[7.10012703e-01 1.30000000e-01 9.99832621e-01 2.68798954e-05
 1.36467489e-01 1.70000000e-01 2.68798954e-05 4.12103060e-03
 4.12103060e-03 4.12103060e-03 5.15402029e-01 6.00518412e-01]","[[5.30380127e-01 3.00000000e-02 9.99965229e-01 2.29953343e-04
  1.25375120e-02 1.30000000e-01 2.29953343e-04 8.39868164e-05
  8.39868164e-05 8.39868164e-05 6.94851432e-01 4.03074494e-01]]","[3.49643423e-02 6.00000000e-02 9.99965229e-01 4.87437984e-05
 2.88633847e-02 3.00000000e-02 4.87437984e-05 8.71463450e-05
 8.71463450e-05 8.71463450e-05 4.94269175e-02 7.35312814e-02]",389.5305038367307,398.0,301.9033,351.9033,8.469496163269298,-96.0967,-87.6272038367307,-50.0,0.021742831639237258,-0.24144899497487438,-0.22495594818283884,-0.14208448741458235,4.451970338821411,3.5146093368530273,4.52446174621582,6.736202716827393,1.2667041802169952,0.9839778936234703,0.7768016471335147,1.4888406830848848,204,203
74,"[5.32958792e+01 5.15347532e+00 5.42303670e+01 3.00000000e+00
 2.10000000e+01 2.95457896e+04 1.00000000e+02]","[0.00000000e+00 0.00000000e+00 0.00000000e+00 3.00000000e+00
 2.10000000e+01 2.95457896e+04 1.00000000e+02]","[0.00000000e+00 3.91900000e+00 0.00000000e+00 3.00000000e+00
 2.10000000e+01 2.95457896e+04 1.00000000e+02]","[0.00000000e+00 1.34170000e+01 0.00000000e+00 3.00000000e+00
 2.10000000e+01 2.95457896e+04 1.00000000e+02]","[0.71733332 0.53       0.99991812 0.99998791 0.92866774 0.48
 0.99998791 0.99999479 0.99999479 0.99999479 0.91358649 0.65214408]","[0.16630446 0.63       0.99997018 0.9999945  0.94633644 0.51
 0.9999945  0.99999247 0.99999247 0.99999247 0.60256876 0.1797578 ]","[[0.16630446 0.63       0.99997018 0.9999945  0.94633644 0.51
  0.9999945  0.99999247 0.99999247 0.99999247 0.60256876 0.1797578 ]]","[1.51474947e-01 2.80000000e-01 9.99980724e-01 1.36939055e-04
 2.60942549e-01 1.90000000e-01 1.36939055e-04 4.67496144e-04
 4.67496144e-04 4.67496144e-04 6.30822851e-02 2.29932414e-02]",290.91203684082944,297.0,293.081,283.58299999999997,6.087963159170556,-3.9189999999999827,2.1689631591705734,9.498000000000047,0.020927161437811335,-0.013195286195286137,0.007455735358098321,0.03349283983877753,5.614155292510986,0.28562426567077637,8.456250429153442,0.302274227142334,19.655736459668027,0.6639059875941992,0.033776703760577995,0.035745656975841804,1002,4
75,"[4.17022005e+01 7.20324493e+01 1.14374817e-02 2.00000000e+00
 1.10000000e+01 1.43977431e+04 8.30000000e+01]","[1.00000000e+02 6.81975051e+00 0.00000000e+00 2.00000000e+00
 1.10000000e+01 1.43977431e+04 8.30000000e+01]","[9.60000000e+01 6.29350000e+00 0.00000000e+00 2.00000000e+00
 1.10000000e+01 1.43977431e+04 8.30000000e+01]","[1.00000000e+02 1.34170000e+01 0.00000000e+00 2.00000000e+00
 1.10000000e+01 1.43977431e+04 8.30000000e+01]","[7.15584359e-01 1.20000000e-01 9.99487354e-01 8.06470548e-04
 4.13446981e-02 1.60000000e-01 8.06470548e-04 2.15854627e-03
 2.15854627e-03 2.15854627e-03 8.61970902e-01 5.57042172e-01]","[0.31109085 0.17       0.99923888 0.00118805 0.09244487 0.34
 0.00118805 0.00268442 0.00268442 0.00268442 0.43388059 0.4381438 ]","[[0.59918214 0.17       0.99923888 0.00118805 0.1994059  0.3
  0.00118805 0.00100911 0.00100911 0.00100911 0.5026344  0.48986011]]","[1.41906865e-01 3.10000000e-01 9.99396414e-01 3.85802976e-04
 9.18641660e-02 3.90000000e-01 3.85802976e-04 7.64806645e-04
 7.64806645e-04 7.64806645e-04 1.73269362e-01 1.68745916e-01]",267.6583136443071,391.1802494949495,387.7065,384.583,123.52193585064242,-3.473749494949516,120.0481863556929,3.1234999999999786,0.4614911233984368,-0.008880176081063533,0.4485128248817473,0.008121783854200468,4.179612636566162,6.602290391921997,3.2541446685791016,3.4973604679107666,0.6330549534264627,1.284396688605476,2.028886562933552,1.074740315536698,174,103
76,"[2.88698261e+01 5.27245870e+00 6.29219814e-02 3.00000000e+00
 3.00000000e+00 1.85882204e+04 9.00000000e+00]","[1.00000000e+02 0.00000000e+00 1.00000000e+00 3.00000000e+00
 3.00000000e+00 1.85882204e+04 9.00000000e+00]","[9.60000000e+01 2.01610000e+00 0.00000000e+00 3.00000000e+00
 3.00000000e+00 1.85882204e+04 9.00000000e+00]","[1.00000000e+02 7.84060000e+00 0.00000000e+00 3.00000000e+00
 3.00000000e+00 1.85882204e+04 9.00000000e+00]","[0.58045266 0.34       0.99971317 0.99331112 0.70648134 0.19
 0.99331112 0.95888087 0.95888087 0.95888087 0.5494292  0.59223778]","[3.63384862e-01 1.40000000e-01 9.99735102e-01 2.99492406e-05
 2.60002469e-02 1.80000000e-01 2.99492406e-05 3.97529586e-04
 3.97529586e-04 3.97529586e-04 9.73405831e-01 8.22490382e-01]","[[6.36407057e-01 2.20000000e-01 9.99713167e-01 6.58311770e-05
  2.60002469e-02 1.30000000e-01 6.58311770e-05 1.23205896e-03
  1.23205896e-03 1.23205896e-03 5.06608838e-01 4.73462383e-01]]","[7.91254607e-02 1.70000000e-01 9.99719990e-01 5.13766454e-04
 8.68297678e-02 2.00000000e-01 5.13766454e-04 2.35508842e-04
 2.35508842e-04 2.35508842e-04 8.86539605e-02 2.83348731e-01]",320.53444544149477,396.0,390.9839,389.1594,75.46555455850523,-5.0160999999999945,70.44945455850524,1.8245000000000005,0.2354366453644668,-0.012666919191919177,0.21978746921089937,0.004688310239968508,4.73288893699646,6.885186433792114,17.14800763130188,3.4361069202423096,0.6874017112692407,0.2760022644471577,0.4015152419937073,0.20037936733653294,1002,102
77,"[4.17022005e+01 7.20324493e+01 1.14374817e-02 1.00000000e+00
 1.90000000e+01 1.10018175e+04 4.20000000e+01]","[1.00000000e+02 0.00000000e+00 0.00000000e+00 1.00000000e+00
 1.90000000e+01 1.10018175e+04 4.20000000e+01]","[1.00000000e+02 1.00000000e+02 9.60000000e+01 1.00000000e+00
 1.90000000e+01 1.10018175e+04 4.20000000e+01]","[0.00000000e+00 1.79900000e+01 1.00000000e+00 1.00000000e+00
 1.90000000e+01 1.10018175e+04 4.20000000e+01]","[7.52748213e-01 2.00000000e-02 9.99976193e-01 5.68245652e-05
 1.13261662e-02 2.20000000e-01 5.68245652e-05 5.19403580e-05
 5.19403580e-05 5.19403580e-05 8.14677296e-01 3.55506436e-01]","[3.17610441e-01 1.60000000e-01 9.99826652e-01 1.01855549e-05
 2.37083880e-02 8.00000000e-02 1.01855549e-05 8.66319105e-04
 8.66319105e-04 8.66319105e-04 3.36487921e-01 7.34818151e-01]","[[1.02763779e-01 3.00000000e-02 9.99982006e-01 1.77182941e-05
  1.13261662e-02 1.70000000e-01 1.77182941e-05 2.87098843e-05
  2.87098843e-05 2.87098843e-05 7.63390966e-03 5.39321048e-03]]","[3.46675215e-03 7.00000000e-02 9.99972446e-01 1.33029179e-05
 3.77806466e-02 6.00000000e-02 1.33029179e-05 2.42853439e-05
 2.42853439e-05 2.42853439e-05 2.60535539e-03 4.13882545e-03]",268.6583136443071,399.0,203.0,280.01,130.3416863556929,-196.0,-65.6583136443071,-77.00999999999999,0.4851578370593813,-0.49122807017543857,-0.24439338114522705,-0.275025891932431,4.270788192749023,3.455512762069702,10.79468584060669,0.2841367721557617,1.2359347184673706,0.3956380255813905,0.32011239725671287,0.02632191212892144,1002,3
78,"[4.17022005e+01 7.20324493e+01 1.14374817e-02 2.00000000e+00
 8.00000000e+00 2.78678481e+04 7.70000000e+01]","[1.00000000e+02 4.99937000e+01 0.00000000e+00 2.00000000e+00
 8.00000000e+00 2.78678481e+04 7.70000000e+01]","[6.60000000e+01 5.19660000e+00 0.00000000e+00 2.00000000e+00
 8.00000000e+00 2.78678481e+04 7.70000000e+01]","[1.00000000e+02 9.94560000e+00 0.00000000e+00 2.00000000e+00
 8.00000000e+00 2.78678481e+04 7.70000000e+01]","[7.93598715e-01 1.70000000e-01 9.99945165e-01 9.09939491e-04
 3.37466244e-02 1.60000000e-01 9.09939491e-04 8.89583957e-04
 8.89583957e-04 8.89583957e-04 8.74857654e-01 7.57388515e-01]","[7.93598715e-01 1.70000000e-01 9.99945165e-01 9.09939491e-04
 3.37466244e-02 1.60000000e-01 9.09939491e-04 8.89583957e-04
 8.89583957e-04 8.89583957e-04 8.74857654e-01 7.57388515e-01]","[[4.74112454e-01 1.60000000e-01 9.99915724e-01 5.62061910e-05
  2.69889449e-02 1.70000000e-01 5.62061910e-05 1.19298917e-03
  1.19298917e-03 1.19298917e-03 3.57615297e-01 6.01756816e-01]]","[1.49876762e-01 1.70000000e-01 9.99933774e-01 7.66067812e-04
 8.40379629e-02 1.40000000e-01 7.66067812e-04 7.45724128e-04
 7.45724128e-04 7.45724128e-04 8.12789024e-02 2.19613461e-01]",267.6583136443071,348.0063,358.8034,388.0544,80.34798635569291,10.7971,91.14508635569291,-29.250999999999976,0.30018864447628507,0.031025587755164202,0.34052776136375207,-0.07537860671081162,5.240727186203003,6.574378967285156,3.091703176498413,6.765137195587158,0.7971440667295644,1.6950938971245362,2.1264586514191626,2.1881586974494707,156,203
79,"[4.17022005e+01 7.20324493e+01 1.14374817e-02 3.00000000e+00
 9.00000000e+00 2.12186341e+04 7.50000000e+01]","[1.00000000e+02 0.00000000e+00 1.00000000e+00 3.00000000e+00
 9.00000000e+00 2.12186341e+04 7.50000000e+01]","[1.00000000e+02 1.00000000e+02 9.10000000e+01 3.00000000e+00
 9.00000000e+00 2.12186341e+04 7.50000000e+01]","[1.00000000e+02 3.87868000e+01 1.00000000e+00 3.00000000e+00
 9.00000000e+00 2.12186341e+04 7.50000000e+01]","[0.81803506 0.16       0.99995897 0.00106905 0.06596682 0.15
 0.00106905 0.00109484 0.00109484 0.00109484 0.87168037 0.67251871]","[2.69830580e-02 7.00000000e-02 9.99969035e-01 3.00418289e-05
 2.28479132e-02 1.40000000e-01 3.00418289e-05 3.02292942e-04
 3.02292942e-04 3.02292942e-04 6.22837450e-01 7.73190101e-01]","[[1.27180965e-01 7.00000000e-02 9.99969223e-01 1.73375238e-04
  2.31822303e-02 1.20000000e-01 1.73375238e-04 2.29421883e-04
  2.29421883e-04 2.29421883e-04 9.76506634e-03 1.83895253e-02]]","[5.45014378e-03 1.00000000e-02 9.99968352e-01 6.08628693e-05
 5.09662900e-02 4.00000000e-02 6.08628693e-05 6.24510866e-05
 6.24510866e-05 6.24510866e-05 3.13713531e-03 6.19966629e-03]",266.6583136443071,396.0,206.0,357.21320000000003,129.3416863556929,-190.0,-60.6583136443071,-151.21320000000003,0.4850465173503666,-0.4797979797979798,-0.22747580158036484,-0.4233135841564646,4.132600545883179,3.520174026489258,10.74759292602539,6.696524620056152,1.173976205376615,0.3845140557822999,0.3275313877924354,0.6230720372596602,1002,202
80,"[1.24979355e+01 1.16318234e+01 6.16866018e-02 4.00000000e+00
 1.80000000e+01 1.05145781e+04 3.60000000e+01]","[1.00000000e+02 0.00000000e+00 0.00000000e+00 4.00000000e+00
 1.80000000e+01 1.05145781e+04 3.60000000e+01]","[0.00000000e+00 2.25705000e+01 1.00000000e+00 4.00000000e+00
 1.80000000e+01 1.05145781e+04 3.60000000e+01]","[0.00000000e+00 1.86875000e+01 1.00000000e+00 4.00000000e+00
 1.80000000e+01 1.05145781e+04 3.60000000e+01]","[0.11426662 0.03       0.99992878 0.99938647 0.0374724  0.11
 0.99938647 0.80272995 0.80272995 0.80272995 0.06740476 0.34593292]","[5.26029601e-01 3.00000000e-01 9.99927042e-01 1.56944157e-05
 3.33071199e-02 4.20000000e-01 1.56944157e-05 6.42280711e-04
 6.42280711e-04 6.42280711e-04 5.71003068e-01 8.00134874e-01]","[[3.73742876e-03 7.00000000e-02 9.99988404e-01 1.13719797e-05
  2.55760148e-01 6.00000000e-02 1.13719797e-05 2.57570118e-05
  2.57570118e-05 2.57570118e-05 2.54871374e-03 8.45724647e-03]]","[3.46675215e-03 7.00000000e-02 9.99988404e-01 1.91782562e-05
 3.55615865e-02 7.00000000e-02 1.91782562e-05 2.98948527e-05
 2.98948527e-05 2.98948527e-05 2.71645558e-03 5.59752261e-03]",296.8044255325656,396.0,272.42949999999996,276.3125,99.19557446743443,-123.57050000000004,-24.374925532565612,-3.883000000000038,0.33421191173091397,-0.3120467171717173,-0.08212453533611877,-0.014052929201538252,4.4099719524383545,3.5476367473602295,0.7158265113830566,0.30031800270080566,1.2430731403714832,6.16067145084889,4.956000778045786,0.4195402069148819,48,3
81,"[4.17022005e+01 7.20324493e+01 1.14374817e-02 2.00000000e+00
 1.00000000e+01 2.52515799e+04 2.20000000e+01]","[0.00000000e+00 0.00000000e+00 1.00000000e+00 2.00000000e+00
 1.00000000e+01 2.52515799e+04 2.20000000e+01]","[9.50000000e+01 3.29400000e+00 0.00000000e+00 2.00000000e+00
 1.00000000e+01 2.52515799e+04 2.20000000e+01]","[0.00000000e+00 1.41665000e+01 0.00000000e+00 2.00000000e+00
 1.00000000e+01 2.52515799e+04 2.20000000e+01]","[7.08625177e-01 1.10000000e-01 9.99992112e-01 2.75280061e-04
 2.23617589e-02 1.00000000e-01 2.75280061e-04 6.10707420e-05
 6.10707420e-05 6.10707420e-05 7.53020719e-01 6.13902830e-01]","[3.80985882e-01 8.00000000e-02 9.99994524e-01 1.51441014e-05
 1.89115478e-02 9.00000000e-02 1.51441014e-05 2.57677971e-04
 2.57677971e-04 2.57677971e-04 7.92547277e-01 6.20032416e-01]","[[7.00690384e-01 8.00000000e-02 9.99992549e-01 3.32887141e-05
  1.89115478e-02 1.00000000e-01 3.32887141e-05 8.94864963e-04
  8.94864963e-04 8.94864963e-04 4.56839447e-01 5.91605203e-01]]","[4.65835925e-02 6.00000000e-02 9.99994123e-01 9.21674689e-05
 4.22756607e-02 1.00000000e-02 9.21674689e-05 1.13721946e-04
 1.13721946e-04 1.13721946e-04 2.84234235e-02 6.51706923e-02]",267.6583136443071,297.0,389.706,283.8335,29.3416863556929,92.70600000000002,122.04768635569292,105.8725,0.10962366890903026,0.3121414141414142,0.45598317008707934,0.3730091761543299,4.23304009437561,0.6888151168823242,2.411494493484497,0.3746335506439209,6.145393721228064,1.7553596352024279,0.28563827068376113,0.15535326813149505,174,6
82,"[4.22713730e+01 5.27652625e+00 2.88386064e-02 3.00000000e+00
 1.90000000e+01 1.92982819e+04 1.00000000e+01]","[0.00000000e+00 0.00000000e+00 0.00000000e+00 3.00000000e+00
 1.90000000e+01 1.92982819e+04 1.00000000e+01]","[0.00000000e+00 5.49010000e+00 0.00000000e+00 3.00000000e+00
 1.90000000e+01 1.92982819e+04 1.00000000e+01]","[0.00000000e+00 3.84956000e+01 0.00000000e+00 3.00000000e+00
 1.90000000e+01 1.92982819e+04 1.00000000e+01]","[0.50003588 0.41       0.99998962 0.98082776 0.6490954  0.39
 0.98082776 0.94323573 0.94323573 0.94323573 0.62874422 0.72120885]","[4.68390775e-01 2.40000000e-01 9.99990229e-01 2.28756798e-05
 2.01026677e-02 2.30000000e-01 2.28756798e-05 7.84004136e-04
 7.84004136e-04 7.84004136e-04 2.72189182e-01 3.66662771e-01]","[[3.17571054e-01 1.40000000e-01 9.99988680e-01 1.14441379e-04
  3.65458896e-02 1.60000000e-01 1.14441379e-04 1.47998846e-04
  1.47998846e-04 1.47998846e-04 5.10945320e-01 6.36523694e-01]]","[2.86002172e-02 6.00000000e-02 9.99995232e-01 3.43321754e-05
 5.57028925e-02 4.00000000e-02 3.43321754e-05 5.02639893e-05
 5.02639893e-05 5.02639893e-05 3.03059795e-02 5.44701886e-02]",333.9660081555782,297.0,291.5099,258.50440000000003,-36.96600815557821,-5.490099999999984,-42.45610815557819,33.005499999999984,-0.11068793605592811,-0.018485185185185132,-0.1271270342453535,0.12767867780973932,4.880085468292236,0.5082619190216064,0.41739392280578613,0.35390496253967285,9.601517024305695,11.691798087254245,1.2177032085301858,0.8478919869284853,54,5
83,"[4.17022005e+01 7.20324493e+01 1.14374817e-02 3.00000000e+00
 1.20000000e+01 2.53772176e+04 7.30000000e+01]","[1.00000000e+02 0.00000000e+00 1.00000000e+00 3.00000000e+00
 1.20000000e+01 2.53772176e+04 7.30000000e+01]","[8.60000000e+01 3.63360000e+00 1.00000000e+00 3.00000000e+00
 1.20000000e+01 2.53772176e+04 7.30000000e+01]","[1.00000000e+02 9.45810000e+00 1.00000000e+00 3.00000000e+00
 1.20000000e+01 2.53772176e+04 7.30000000e+01]","[8.04791599e-01 1.60000000e-01 9.99967161e-01 8.56877056e-04
 5.65574423e-02 1.10000000e-01 8.56877056e-04 1.09484416e-03
 1.09484416e-03 1.09484416e-03 8.63163912e-01 7.40947386e-01]","[2.69079424e-02 1.00000000e-01 9.99945142e-01 2.40853451e-05
 2.43345032e-02 9.00000000e-02 2.40853451e-05 3.02292942e-04
 3.02292942e-04 3.02292942e-04 6.30207527e-01 8.11712133e-01]","[[2.69079424e-02 1.00000000e-01 9.99945142e-01 2.40853451e-05
  2.43345032e-02 9.00000000e-02 2.40853451e-05 3.02292942e-04
  3.02292942e-04 3.02292942e-04 6.30207527e-01 8.11712133e-01]]","[8.80595376e-03 7.00000000e-02 9.99959935e-01 1.77514880e-04
 7.68251039e-02 9.00000000e-02 1.77514880e-04 3.14260346e-04
 3.14260346e-04 3.14260346e-04 5.44440470e-03 9.28166849e-03]",266.6583136443071,396.0,378.3664,386.5419,129.3416863556929,-17.6336,111.7080863556929,-8.1755,0.4850465173503666,-0.04452929292929293,0.4189184459656458,-0.021150359120188523,4.217233180999756,6.663110733032227,2.0838310718536377,6.735126256942749,0.6329225717490952,2.0237884145034775,3.197529215794429,3.2320884105790917,126,202
84,"[4.17022005e+01 7.20324493e+01 1.14374817e-02 2.00000000e+00
 1.10000000e+01 3.84211407e+04 7.30000000e+01]","[1.00000000e+02 4.99937000e+01 0.00000000e+00 2.00000000e+00
 1.10000000e+01 3.84211407e+04 7.30000000e+01]","[9.60000000e+01 5.14870000e+00 0.00000000e+00 2.00000000e+00
 1.10000000e+01 3.84211407e+04 7.30000000e+01]","[1.00000000e+02 1.87392000e+01 0.00000000e+00 2.00000000e+00
 1.10000000e+01 3.84211407e+04 7.30000000e+01]","[7.09537078e-01 6.00000000e-02 9.99959436e-01 8.56877056e-04
 1.05322127e-02 6.00000000e-02 8.56877056e-04 1.20494428e-03
 1.20494428e-03 1.20494428e-03 8.98367285e-01 7.17881759e-01]","[7.09537078e-01 6.00000000e-02 9.99959436e-01 8.56877056e-04
 1.05322127e-02 6.00000000e-02 8.56877056e-04 1.20494428e-03
 1.20494428e-03 1.20494428e-03 8.98367285e-01 7.17881759e-01]","[4.25197347e-01 1.90000000e-01 9.99967360e-01 5.29425555e-05
 7.57024023e-03 1.30000000e-01 5.29425555e-05 1.09798245e-03
 1.09798245e-03 1.09798245e-03 6.24788581e-01 3.41903620e-01]","[4.21741131e-02 2.00000000e-02 9.99957502e-01 3.65571704e-04
 2.05765479e-02 6.00000000e-02 3.65571704e-04 2.26774195e-04
 2.26774195e-04 2.26774195e-04 6.65887941e-02 8.02244878e-02]",267.6583136443071,348.0063,388.8513,379.2608,80.34798635569291,40.84499999999997,121.19298635569288,9.590499999999963,0.30018864447628507,0.11736856487942882,0.4527899197509966,0.025287348442021854,4.193072080612183,6.6403961181640625,3.3369619846343994,6.722031354904175,0.6314490891804635,1.2565537455685398,1.9899525822412358,2.014416521931294,174,203
85,"[4.68703840e+01 5.26872153e+00 3.18595103e-01 4.00000000e+00
 9.00000000e+00 3.94247700e+03 6.50000000e+01]","[ 100.            5.45636263    0.            4.            9.
 3942.477        65.        ]",[   0.       78.0176    0.        4.        9.     3942.477    65.    ],[   0.       33.0176    0.        4.        9.     3942.477    65.    ],"[0.52872193 0.35       0.99978995 0.9836239  0.79350171 0.28
 0.9836239  0.96113958 0.96113958 0.96113958 0.17485196 0.55610941]","[6.14668246e-01 2.20000000e-01 9.99651837e-01 4.42492631e-04
 7.77982060e-02 1.80000000e-01 4.42492631e-04 6.16852564e-04
 6.16852564e-04 6.16852564e-04 1.75285464e-01 5.56109414e-01]","[[5.92685789e-01 2.00000000e-02 9.99991556e-01 2.38406916e-04
  1.05271884e-02 2.00000000e-01 2.38406916e-04 9.54640097e-05
  9.54640097e-05 9.54640097e-05 6.24096816e-01 4.10075602e-01]]","[2.14696031e-01 4.00000000e-02 9.99991181e-01 5.05360607e-05
 2.83989085e-02 1.10000000e-01 5.05360607e-05 8.95230532e-05
 8.95230532e-05 8.95230532e-05 4.61990660e-02 8.26338449e-02]",337.28306732087106,390.5436373737374,217.98239999999998,262.9824,53.26057005286634,-172.5612373737374,-119.30066732087107,-45.0,0.1579105956190721,-0.4418487996223633,-0.3537108111252306,-0.17111411257939696,5.277149200439453,3.3047869205474854,8.225785493850708,0.36401915550231934,1.5968198033067795,0.6415374196645967,0.40175943355415983,0.044253421849432685,1002,5
86,"[9.31972069e+01 1.39515730e+00 2.34362086e+01 2.00000000e+00
 1.10000000e+01 1.02445944e+04 9.90000000e+01]","[0.00000000e+00 0.00000000e+00 1.00000000e+00 2.00000000e+00
 1.10000000e+01 1.02445944e+04 9.90000000e+01]","[6.00000000e+01 1.96310000e+00 1.00000000e+00 2.00000000e+00
 1.10000000e+01 1.02445944e+04 9.90000000e+01]","[0.00000000e+00 2.09631000e+01 1.00000000e+00 2.00000000e+00
 1.10000000e+01 1.02445944e+04 9.90000000e+01]","[0.75797413 0.33       0.99989837 0.9999907  0.92664097 0.33
 0.9999907  0.99999729 0.99999729 0.99999729 0.62120224 0.22046284]","[0.74711095 0.32       0.99998395 0.9999907  0.92783171 0.31
 0.9999907  0.99999697 0.99999697 0.99999697 0.61362829 0.09982816]","[[0.75797413 0.33       0.99989837 0.9999907  0.92664097 0.33
  0.9999907  0.99999729 0.99999729 0.99999729 0.62120224 0.22046284]]","[1.87641717e-01 5.00000000e-02 9.99989625e-01 2.94424657e-05
 6.37514088e-02 1.10000000e-01 2.94424657e-05 4.74129986e-04
 4.74129986e-04 4.74129986e-04 7.74880855e-02 2.06313940e-01]",366.365841009982,297.0,355.0369,276.0369,-69.36584100998198,58.0369,-11.328941009981975,79.0,-0.18933490310875364,0.19541043771043773,-0.03092248168866078,0.28619362121513464,4.273487329483032,0.3456907272338867,2.0500810146331787,0.3259568214416504,12.362169398289023,2.0845455857497845,0.16862295917400183,0.15899704407534054,138,4
87,"[9.95961360e+01 5.26967083e+00 9.22233519e-04 3.00000000e+00
 1.90000000e+01 5.75809040e+03 6.90000000e+01]","[0.00000000e+00 5.45636263e+00 0.00000000e+00 3.00000000e+00
 1.90000000e+01 5.75809040e+03 6.90000000e+01]","[9.6000000e+01 2.8773100e+01 6.0000000e+00 3.0000000e+00 1.9000000e+01
 5.7580904e+03 6.9000000e+01]","[1.0000000e+02 3.2773100e+01 1.0000000e+00 3.0000000e+00 1.9000000e+01
 5.7580904e+03 6.9000000e+01]","[0.53064185 0.38       0.99989581 0.98321929 0.79605411 0.3
 0.98321929 0.95306893 0.95306893 0.95306893 0.24098755 0.76970462]","[5.04429817e-01 2.70000000e-01 9.99961699e-01 2.61708799e-04
 8.21672705e-02 1.10000000e-01 2.61708799e-04 1.24217351e-03
 1.24217351e-03 1.24217351e-03 1.94358449e-01 7.12173810e-01]","[[8.20279761e-03 6.00000000e-02 9.99978082e-01 3.14498970e-05
  4.62157729e-02 3.10000000e-01 3.14498970e-05 6.78958977e-05
  6.78958977e-05 6.78958977e-05 5.24361132e-03 6.41962517e-03]]","[8.20279761e-03 3.00000000e-02 9.99986182e-01 3.14498970e-05
 4.09849736e-02 2.00000000e-01 3.14498970e-05 6.78958977e-05
 6.78958977e-05 6.78958977e-05 4.04347137e-03 6.92712733e-03]",391.3255428870933,291.5436373737374,358.2269,363.2269,-99.78190551335592,66.6832626262626,-33.09864288709332,-5.0,-0.2549843917092459,0.22872480849506446,-0.08458083937710925,-0.013765500297472462,4.690982341766357,0.15420794486999512,4.675045967102051,4.737532615661621,30.4198486382857,1.0034088166782635,0.03298533232724232,1.0133659966125006,162,103
88,"[9.70076618e+01 5.27334397e+00 2.91701157e-01 2.00000000e+00
 9.00000000e+00 1.62845714e+04 2.40000000e+01]","[1.00000000e+02 0.00000000e+00 1.00000000e+00 2.00000000e+00
 9.00000000e+00 1.62845714e+04 2.40000000e+01]","[1.00000000e+02 5.15100000e-01 1.00000000e+00 2.00000000e+00
 9.00000000e+00 1.62845714e+04 2.40000000e+01]","[1.00000000e+02 1.39706000e+01 1.00000000e+00 2.00000000e+00
 9.00000000e+00 1.62845714e+04 2.40000000e+01]","[0.59058225 0.19       0.99979188 0.9836239  0.67038703 0.26
 0.9836239  0.9442328  0.9442328  0.9442328  0.53140667 0.62869354]","[4.01797183e-01 3.00000000e-02 9.99824111e-01 1.22284820e-05
 2.20590886e-02 2.00000000e-01 1.22284820e-05 2.88666354e-04
 2.88666354e-04 2.88666354e-04 8.66016322e-01 8.22785978e-01]","[[4.01797183e-01 3.00000000e-02 9.99824111e-01 1.22284820e-05
  2.20590886e-02 2.00000000e-01 1.22284820e-05 2.88666354e-04
  2.88666354e-04 2.88666354e-04 8.66016322e-01 8.22785978e-01]]","[6.24568443e-03 4.00000000e-02 9.99863542e-01 4.13126088e-05
 5.87487495e-02 6.00000000e-02 4.13126088e-05 6.72549840e-05
 6.72549840e-05 6.72549840e-05 4.00280879e-03 6.77178535e-03]",389.44261664466524,397.0,396.4849,383.0294,7.557383355334764,-0.5151000000000181,7.042283355334746,13.455499999999972,0.019405640349397773,-0.0012974811083123882,0.018082980789337337,0.03512915718741165,4.710890769958496,3.852867364883423,8.130767822265625,6.736991882324219,1.222697363759636,0.5793906397201506,0.47386267190320874,0.8285800344557086,330,202
89,"[1.71596057e+01 5.27211449e+00 2.55503398e-02 2.00000000e+00
 1.30000000e+01 5.03940220e+03 4.20000000e+01]","[1.00000000e+02 5.45636263e+00 0.00000000e+00 2.00000000e+00
 1.30000000e+01 5.03940220e+03 4.20000000e+01]","[9.6000000e+01 8.5530000e-01 0.0000000e+00 2.0000000e+00 1.3000000e+01
 5.0394022e+03 4.2000000e+01]","[1.0000000e+02 2.5659300e+01 0.0000000e+00 2.0000000e+00 1.3000000e+01
 5.0394022e+03 4.2000000e+01]","[0.34649868 0.3        0.99989923 0.98248446 0.80246084 0.27
 0.98248446 0.97355032 0.97355032 0.97355032 0.46211785 0.68769756]","[4.29840513e-01 1.30000000e-01 9.99832954e-01 3.69127473e-04
 7.68969091e-02 1.80000000e-01 3.69127473e-04 7.14919478e-04
 7.14919478e-04 7.14919478e-04 4.04461468e-01 6.87697556e-01]","[[3.25655575e-01 2.20000000e-01 9.99899227e-01 2.53190601e-05
  1.13539811e-01 2.10000000e-01 2.53190601e-05 1.94046395e-03
  1.94046395e-03 1.94046395e-03 3.51028042e-01 6.08961422e-01]]","[8.45247948e-02 3.00000000e-02 9.99956843e-01 4.70541344e-05
 2.72887438e-02 1.00000000e-02 4.70541344e-05 6.48824565e-05
 6.48824565e-05 6.48824565e-05 5.92942068e-02 1.57501165e-01]",309.86194089889597,392.5436373737374,393.1447,372.34069999999997,82.68169647484143,0.6010626262626033,83.28275910110403,20.80400000000003,0.2668339849514446,0.0015311995127062442,0.268773760531882,0.055873558813205305,4.689202785491943,3.304549217224121,3.8001863956451416,3.499084234237671,1.4190143578587566,1.233940206423974,0.8695755610858982,0.9207664756253742,198,103
90,"[4.76252972e-01 1.40355041e+00 4.83499173e+01 2.00000000e+00
 2.00000000e+00 2.52158961e+04 9.50000000e+01]","[1.00000000e+02 0.00000000e+00 1.00000000e+00 2.00000000e+00
 2.00000000e+00 2.52158961e+04 9.50000000e+01]","[0.00000000e+00 0.00000000e+00 7.60000000e+01 2.00000000e+00
 2.00000000e+00 2.52158961e+04 9.50000000e+01]","[1.00000000e+02 1.34170000e+01 1.00000000e+00 2.00000000e+00
 2.00000000e+00 2.52158961e+04 9.50000000e+01]","[0.32748826 0.29       0.99998085 0.99999293 0.23137278 0.2
 0.99999293 0.99999399 0.99999399 0.99999399 0.8454634  0.79238271]","[0.34046436 0.23       0.99988127 0.99999293 0.22824897 0.23
 0.99999293 0.99999327 0.99999327 0.99999327 0.84960658 0.89640065]","[[0.32748826 0.29       0.99998085 0.99999293 0.23137278 0.2
  0.99999293 0.99999399 0.99999399 0.99999399 0.8454634  0.79238271]]","[2.33002573e-02 1.20000000e-01 9.99869613e-01 8.47014283e-05
 2.02727577e-01 1.40000000e-01 8.47014283e-05 2.50925730e-04
 2.50925730e-04 2.50925730e-04 1.28030965e-02 4.49077918e-02]",248.72278526930245,397.0,222.0,383.58299999999997,148.27721473069755,-175.0,-26.72278526930245,-161.58299999999997,0.5961545283040783,-0.44080604534005036,-0.10744003706925598,-0.42124650988182477,4.23025107383728,6.7961108684539795,17.581218242645264,6.732820749282837,0.6224517456701826,0.2406119425544881,0.38655517351859225,0.3829553024347088,1002,202
91,"[8.16409981e+01 5.26982790e+00 2.83567146e-01 1.00000000e+00
 2.30000000e+01 2.42384981e+04 1.50000000e+01]","[1.00000000e+02 0.00000000e+00 1.00000000e+00 1.00000000e+00
 2.30000000e+01 2.42384981e+04 1.50000000e+01]","[9.60000000e+01 2.70000000e+01 0.00000000e+00 1.00000000e+00
 2.30000000e+01 2.42384981e+04 1.50000000e+01]","[1.00000000e+02 2.58270000e+01 0.00000000e+00 1.00000000e+00
 2.30000000e+01 2.42384981e+04 1.50000000e+01]","[0.88702511 0.16       0.99998953 0.97047458 0.00931823 0.2
 0.97047458 0.95729768 0.95729768 0.95729768 0.53782902 0.732441  ]","[9.30349277e-01 1.10000000e-01 9.99990328e-01 7.94132696e-06
 6.64646365e-03 1.50000000e-01 7.94132696e-06 3.82165018e-04
 3.82165018e-04 3.82165018e-04 9.92007888e-01 9.22603405e-01]","[[9.43790227e-02 1.00000000e-02 9.99955319e-01 3.37571172e-05
  1.44965987e-02 0.00000000e+00 3.37571172e-05 4.20373369e-05
  4.20373369e-05 4.20373369e-05 7.01100302e-02 1.79264422e-01]]","[9.43790227e-02 1.00000000e-02 9.99995101e-01 3.37571172e-05
 1.44965987e-02 0.00000000e+00 3.37571172e-05 4.20373369e-05
 4.20373369e-05 4.20373369e-05 6.41071557e-02 8.71803727e-02]",375.0876030561223,398.0,368.0,373.173,22.912396943877695,-30.0,-7.087603056122305,-5.173000000000002,0.06108545512353134,-0.07537688442211055,-0.018895860589297656,-0.01386220332124779,4.767405033111572,3.4756925106048584,2.319981813430786,3.4833598136901855,1.3716417716945632,2.0549320712396186,1.4981550676317625,1.501459965558522,150,102
92,"[4.17022005e+01 7.20324493e+01 1.14374817e-02 1.00000000e+00
 3.00000000e+00 3.48131734e+04 6.00000000e+01]","[0.00000000e+00 4.99937000e+01 0.00000000e+00 1.00000000e+00
 3.00000000e+00 3.48131734e+04 6.00000000e+01]","[5.50000000e+01 1.00000000e+02 0.00000000e+00 1.00000000e+00
 3.00000000e+00 3.48131734e+04 6.00000000e+01]","[0.00000000e+00 3.57545000e+01 0.00000000e+00 1.00000000e+00
 3.00000000e+00 3.48131734e+04 6.00000000e+01]","[8.85729756e-01 1.10000000e-01 9.99974073e-01 1.63429507e-04
 2.06748000e-02 1.70000000e-01 1.63429507e-04 8.27448377e-05
 8.27448377e-05 8.27448377e-05 7.55948140e-01 6.39935247e-01]","[5.86144682e-01 5.00000000e-02 9.99994289e-01 1.28300555e-04
 1.76867740e-02 1.40000000e-01 1.28300555e-04 6.56440350e-05
 6.56440350e-05 6.56440350e-05 5.24925830e-01 5.42698612e-01]","[8.85729756e-01 1.10000000e-01 9.99974073e-01 1.63429507e-04
 2.06748000e-02 1.70000000e-01 1.63429507e-04 8.27448377e-05
 8.27448377e-05 8.27448377e-05 7.55948140e-01 6.39935247e-01]","[7.59411455e-02 6.00000000e-02 9.99993891e-01 3.15835084e-05
 4.77124658e-02 1.70000000e-01 3.15835084e-05 4.34201323e-05
 4.34201323e-05 4.34201323e-05 1.76446652e-02 5.32034628e-02]",268.6583136443071,249.0063,254.0,263.2455,-19.65201364430709,4.99369999999999,-14.6583136443071,-9.245499999999993,-0.07314872701213175,0.02005451267698845,-0.05456117640831366,-0.035121208149806904,4.194390296936035,0.15845990180969238,9.228416919708252,0.3277890682220459,26.46972671971882,0.45450810614965553,0.017170865077766984,0.03551953396492284,1002,4
93,"[4.17022005e+01 7.20324493e+01 1.14374817e-02 3.00000000e+00
 1.10000000e+01 3.69591365e+04 4.00000000e+01]","[1.00000000e+02 4.99937000e+01 0.00000000e+00 3.00000000e+00
 1.10000000e+01 3.69591365e+04 4.00000000e+01]","[5.60000000e+01 1.00000000e+02 0.00000000e+00 3.00000000e+00
 1.10000000e+01 3.69591365e+04 4.00000000e+01]","[1.00000000e+02 3.48398000e+01 0.00000000e+00 3.00000000e+00
 1.10000000e+01 3.69591365e+04 4.00000000e+01]","[6.00000514e-01 7.00000000e-02 9.99991341e-01 2.66170266e-04
 2.06285031e-02 6.00000000e-02 2.66170266e-04 1.01856137e-04
 1.01856137e-04 1.01856137e-04 5.70974340e-01 5.88116737e-01]","[6.00000514e-01 7.00000000e-02 9.99991341e-01 2.66170266e-04
 2.06285031e-02 6.00000000e-02 2.66170266e-04 1.01856137e-04
 1.01856137e-04 1.01856137e-04 5.70974340e-01 5.88116737e-01]","[6.00000514e-01 7.00000000e-02 9.99991341e-01 2.66170266e-04
 2.06285031e-02 6.00000000e-02 2.66170266e-04 1.01856137e-04
 1.01856137e-04 1.01856137e-04 5.70974340e-01 5.88116737e-01]","[2.97003299e-02 3.00000000e-02 9.99991195e-01 5.03153536e-05
 3.84183358e-02 3.00000000e-02 5.03153536e-05 5.50262554e-05
 5.50262554e-05 5.50262554e-05 2.92287057e-02 8.95884895e-02]",266.6583136443071,347.0063,253.0,362.16020000000003,80.34798635569291,-94.00630000000001,-13.6583136443071,-109.16020000000003,0.3013143871556478,-0.27090660890018425,-0.051220280581710236,-0.30141412557205355,4.192466974258423,6.645087480545044,9.430694580078125,6.864975690841675,0.6309122320109092,0.4445554819593884,0.7046233365019011,0.7279395629398916,1002,204
94,"[4.17022005e+01 7.20324493e+01 1.14374817e-02 2.00000000e+00
 2.10000000e+01 2.33822670e+03 5.30000000e+01]","[1.0000000e+02 0.0000000e+00 0.0000000e+00 2.0000000e+00 2.1000000e+01
 2.3382267e+03 5.3000000e+01]","[8.5000000e+01 6.2901000e+00 0.0000000e+00 2.0000000e+00 2.1000000e+01
 2.3382267e+03 5.3000000e+01]","[0.0000000e+00 9.4241000e+00 0.0000000e+00 2.0000000e+00 2.1000000e+01
 2.3382267e+03 5.3000000e+01]","[8.61530120e-01 1.00000000e-02 9.99978571e-01 1.61227685e-04
 1.26774183e-02 1.00000000e-01 1.61227685e-04 9.03536171e-05
 9.03536171e-05 9.03536171e-05 9.66151591e-01 5.07414484e-01]","[2.90454229e-01 3.40000000e-01 9.99881043e-01 1.25319752e-05
 1.13539811e-01 3.40000000e-01 1.25319752e-05 1.01506853e-03
 1.01506853e-03 1.01506853e-03 1.58276084e-01 5.92680401e-01]","[[3.80870433e-01 1.70000000e-01 9.99863402e-01 5.56789549e-04
  1.19092276e-01 2.60000000e-01 5.56789549e-04 9.76697380e-04
  9.76697380e-04 9.76697380e-04 3.48781970e-01 5.65830697e-01]]","[1.32575036e-01 1.80000000e-01 9.99974042e-01 2.69990190e-04
 6.44705873e-02 2.10000000e-01 2.69990190e-04 8.98258038e-04
 8.98258038e-04 8.98258038e-04 5.21870741e-02 1.70308284e-01]",267.6583136443071,398.0,376.7099,288.5759,130.3416863556929,-21.290099999999995,109.0515863556929,88.13400000000001,0.48697043847068705,-0.05349271356783918,0.40742835472173033,0.3054101191402332,4.206435441970825,3.4912569522857666,1.2089176177978516,0.37552785873413086,1.204848425498107,3.4795054518547035,2.88791965712717,0.31063147166155747,84,6
95,"[9.43990821e+01 5.27144559e+00 8.03853793e-03 2.00000000e+00
 5.00000000e+00 1.75726130e+03 2.60000000e+01]","[ 100.            5.45636263    0.            2.            5.
 1757.2613       26.        ]",[   0.        0.       16.        2.        5.     1757.2613   26.    ],"[0.0000000e+00 3.2524800e+01 1.0000000e+00 2.0000000e+00 5.0000000e+00
 1.7572613e+03 2.6000000e+01]","[0.26795307 0.39       0.9998073  0.96982354 0.78035487 0.35
 0.96982354 0.96762577 0.96762577 0.96762577 0.85723396 0.31954539]","[0.12152965 0.29       0.99968058 0.00151194 0.5962917  0.31
 0.00151194 0.00169631 0.00169631 0.00169631 0.82598191 0.31954539]","[[1.25686408e-01 3.00000000e-01 9.99935239e-01 1.45472605e-05
  8.72059123e-02 3.50000000e-01 1.45472605e-05 4.53434658e-04
  4.53434658e-04 4.53434658e-04 4.92156595e-01 4.96335121e-02]]","[2.22826571e-03 8.00000000e-02 9.99989065e-01 2.61424275e-05
 2.39712836e-02 7.00000000e-02 2.61424275e-05 5.53271734e-05
 5.53271734e-05 5.53271734e-05 2.20924120e-03 2.85636965e-03]",387.1195979403428,392.5436373737374,282.0,264.4752,5.424039433394569,-110.5436373737374,-105.11959794034283,17.524800000000027,0.01401127574592708,-0.28160853176302986,-0.27154295080804025,0.06626254559973876,4.662500858306885,3.2632198333740234,14.927366971969604,0.2756307125091553,1.4288037877871278,0.3123458321257903,0.2186065258194329,0.018464791079815395,1002,3
96,"[2.13771346e-01 5.31157151e-01 1.30077156e+01 2.00000000e+00
 1.00000000e+00 2.52276695e+04 2.10000000e+01]","[1.00000000e+02 0.00000000e+00 0.00000000e+00 2.00000000e+00
 1.00000000e+00 2.52276695e+04 2.10000000e+01]","[9.10000000e+01 5.10130000e+00 0.00000000e+00 2.00000000e+00
 1.00000000e+00 2.52276695e+04 2.10000000e+01]","[1.00000000e+02 1.09258000e+01 0.00000000e+00 2.00000000e+00
 1.00000000e+00 2.52276695e+04 2.10000000e+01]","[6.06684261e-01 1.20000000e-01 9.99987790e-01 1.51686398e-05
 1.36877371e-02 1.10000000e-01 1.51686398e-05 4.38923317e-04
 4.38923317e-04 4.38923317e-04 8.96254031e-01 7.38106224e-01]","[7.59087226e-01 7.00000000e-02 9.99984662e-01 3.33426516e-05
 1.62916186e-02 4.00000000e-02 3.33426516e-05 1.21535104e-03
 1.21535104e-03 1.21535104e-03 4.58847769e-01 5.27200551e-01]","[[9.06157640e-01 4.00000000e-02 9.99984662e-01 3.33426516e-05
  1.62916186e-02 4.00000000e-02 3.33426516e-05 1.21535104e-03
  1.21535104e-03 1.21535104e-03 5.08819932e-01 5.27200551e-01]]","[1.16240028e-01 4.00000000e-02 9.99986579e-01 2.32107309e-04
 3.94630672e-02 2.00000000e-02 2.32107309e-04 1.91325041e-04
 1.91325041e-04 1.91325041e-04 5.35963770e-02 1.35721472e-01]",284.67489858887666,398.0,383.8987,387.0742,113.32510141112334,-14.10129999999998,99.22380141112336,-3.1754999999999995,0.39808603418450955,-0.0354304020100502,0.3485512839487156,-0.008203853421385356,4.142100095748901,3.445391893386841,2.06408429145813,6.754701852798462,1.2022145009684784,2.0067494883277273,1.6692108494042723,3.272493221692386,120,203
97,"[3.43911304e+01 5.26852194e+00 2.73875411e-01 4.00000000e+00
 5.00000000e+00 2.08922888e+04 9.00000000e+00]","[1.00000000e+02 0.00000000e+00 0.00000000e+00 4.00000000e+00
 5.00000000e+00 2.08922888e+04 9.00000000e+00]","[5.50000000e+01 1.00000000e+02 0.00000000e+00 4.00000000e+00
 5.00000000e+00 2.08922888e+04 9.00000000e+00]","[0.00000000e+00 2.08962000e+01 0.00000000e+00 4.00000000e+00
 5.00000000e+00 2.08922888e+04 9.00000000e+00]","[0.58045266 0.41       0.99998795 0.98881153 0.73969351 0.28
 0.98881153 0.95888087 0.95888087 0.95888087 0.61851145 0.67602612]","[6.11436865e-01 3.00000000e-01 9.99987948e-01 3.91790776e-05
 3.05523637e-02 2.50000000e-01 3.91790776e-05 1.23205896e-03
 1.23205896e-03 1.23205896e-03 5.77204264e-01 6.11561570e-01]","[[6.70835618e-01 1.50000000e-01 9.99993203e-01 3.23976380e-04
  3.12707755e-02 1.70000000e-01 3.23976380e-04 7.51764243e-05
  7.51764243e-05 7.51764243e-05 7.25102920e-01 5.31459292e-01]]","[2.87407411e-02 3.00000000e-02 9.99991146e-01 5.76169961e-05
 5.03410707e-02 2.00000000e-02 5.76169961e-05 8.86448592e-05
 8.86448592e-05 8.86448592e-05 3.13786585e-02 7.84988065e-02]",324.84873302554865,396.0,251.0,275.1038,71.15126697445135,-145.0,-73.84873302554865,-24.10379999999998,0.21902891943511274,-0.3661616161616162,-0.2273326798529967,-0.08761711034162371,4.5370848178863525,3.5002598762512207,10.009971857070923,0.2772810459136963,1.2962137036366488,0.45325650088430675,0.3496772944250267,0.027700482066573277,1002,3
98,"[2.14331402e-01 3.98299423e+00 1.73955667e+01 1.00000000e+00
 1.00000000e+00 3.61709239e+04 9.90000000e+01]","[0.00000000e+00 0.00000000e+00 0.00000000e+00 1.00000000e+00
 1.00000000e+00 3.61709239e+04 9.90000000e+01]","[0.00000000e+00 3.57400000e+00 0.00000000e+00 1.00000000e+00
 1.00000000e+00 3.61709239e+04 9.90000000e+01]","[0.00000000e+00 2.22440000e+01 0.00000000e+00 1.00000000e+00
 1.00000000e+00 3.61709239e+04 9.90000000e+01]","[0.77576166 0.28       0.99997725 0.99999079 0.41246941 0.22
 0.99999079 0.99999276 0.99999276 0.99999276 0.73965918 0.63305626]","[0.18609242 0.4        0.99997494 0.99999507 0.46328882 0.3
 0.99999507 0.99999655 0.99999655 0.99999655 0.38585121 0.10479406]","[0.18609242 0.4        0.99997494 0.99999507 0.46328882 0.3
 0.99999507 0.99999655 0.99999655 0.99999655 0.38585121 0.10479406]","[6.92240443e-02 1.50000000e-01 9.99970848e-01 9.23580947e-05
 4.55714726e-02 1.40000000e-01 9.23580947e-05 1.27908424e-04
 1.27908424e-04 1.27908424e-04 3.11714416e-02 1.04113114e-01]",277.8357705014242,299.0,295.426,276.756,21.16422949857582,-3.5740000000000123,17.59022949857581,18.670000000000016,0.0761753227828788,-0.011953177257525125,0.06331160838948073,0.06746014539883514,4.198611259460449,0.49207639694213867,0.8421616554260254,0.43921613693237305,8.532437819719583,4.985517011382443,0.58430159313441,0.5215342376401431,78,8
99,"[9.65164452e+01 5.28731058e+00 7.69298200e-02 4.00000000e+00
 2.10000000e+01 9.65267790e+03 5.80000000e+01]","[1.0000000e+02 0.0000000e+00 1.0000000e+00 4.0000000e+00 2.1000000e+01
 9.6526779e+03 5.8000000e+01]","[9.6000000e+01 8.8640000e-01 1.0000000e+00 4.0000000e+00 2.1000000e+01
 9.6526779e+03 5.8000000e+01]","[1.0000000e+02 2.5886400e+01 1.0000000e+00 4.0000000e+00 2.1000000e+01
 9.6526779e+03 5.8000000e+01]","[0.18700203 0.35       0.99975072 0.97204305 0.76714122 0.43
 0.97204305 0.97171489 0.97171489 0.97171489 0.30046978 0.82763942]","[2.95727374e-02 2.20000000e-01 9.99838901e-01 7.13982354e-06
 3.52493750e-02 3.00000000e-01 7.13982354e-06 5.85528443e-04
 5.85528443e-04 5.85528443e-04 9.37412315e-01 6.60545521e-01]","[[2.95727374e-02 2.20000000e-01 9.99838901e-01 7.13982354e-06
  3.52493750e-02 3.00000000e-01 7.13982354e-06 5.85528443e-04
  5.85528443e-04 5.85528443e-04 9.37412315e-01 6.60545521e-01]]","[3.25292486e-03 2.00000000e-02 9.99944210e-01 1.48932067e-05
 2.89399413e-02 2.00000000e-02 1.48932067e-05 3.96992720e-05
 3.96992720e-05 3.96992720e-05 4.71460865e-03 7.95785752e-03]",387.1522047813703,395.0,390.1136,369.1136,7.847795218629699,-4.8863999999999805,2.9613952186297183,21.0,0.020270568323539438,-0.012370632911392355,0.007649175652511279,0.05689305406248916,4.6465442180633545,3.490636110305786,2.4822709560394287,3.4399077892303467,1.3311454048002467,1.8718924325155535,1.4062268673018872,1.3857906127697153,162,102
100,"[4.01760726e-01 5.25702009e+00 1.97649329e-02 1.00000000e+00
 2.00000000e+00 3.35839297e+04 9.60000000e+01]","[1.00000000e+02 0.00000000e+00 0.00000000e+00 1.00000000e+00
 2.00000000e+00 3.35839297e+04 9.60000000e+01]","[0.00000000e+00 3.57400000e+00 0.00000000e+00 1.00000000e+00
 2.00000000e+00 3.35839297e+04 9.60000000e+01]","[1.00000000e+02 2.22440000e+01 0.00000000e+00 1.00000000e+00
 2.00000000e+00 3.35839297e+04 9.60000000e+01]","[0.83744331 0.49       0.99997494 0.99999819 0.80858345 0.52
 0.99999819 0.99999795 0.99999795 0.99999795 0.81269083 0.69114635]","[0.55561676 0.28       0.99983186 0.99999507 0.28901276 0.31
 0.99999507 0.9999977  0.9999977  0.9999977  0.71480236 0.68921016]","[0.46159162 0.44       0.99997494 0.99999507 0.29265283 0.48
 0.99999507 0.99999795 0.99999795 0.99999795 0.72655614 0.56017702]","[1.41013959e-01 1.10000000e-01 9.99793552e-01 1.17647086e-04
 9.13172573e-02 1.50000000e-01 1.17647086e-04 1.40897685e-04
 1.40897685e-04 1.40897685e-04 1.32996603e-01 2.91110043e-01]",294.1249756996164,399.0,295.426,376.756,104.87502430038359,-103.57400000000001,1.301024300383574,-81.32999999999998,0.3565661979263203,-0.2595839598997494,0.004423372402458887,-0.21586915669558013,4.65955114364624,3.4469521045684814,0.8772084712982178,3.5992302894592285,1.3517887694089565,5.311794511913883,3.9294560157030767,4.103050081279512,78,105
101,"[5.73561823e+01 4.24193335e+01 1.88457283e-01 2.00000000e+00
 1.10000000e+01 3.81297192e+04 8.40000000e+01]","[1.00000000e+02 4.99937000e+01 0.00000000e+00 2.00000000e+00
 1.10000000e+01 3.81297192e+04 8.40000000e+01]","[0.00000000e+00 1.04640000e+01 0.00000000e+00 2.00000000e+00
 1.10000000e+01 3.81297192e+04 8.40000000e+01]","[0.00000000e+00 2.22440000e+01 0.00000000e+00 2.00000000e+00
 1.10000000e+01 3.81297192e+04 8.40000000e+01]","[5.07092338e-02 4.00000000e-02 9.99959436e-01 1.82879303e-04
 1.63578748e-02 4.00000000e-02 1.82879303e-04 1.00000000e+00
 1.00000000e+00 1.00000000e+00 5.37063523e-02 1.06010889e-01]","[7.09964533e-01 6.00000000e-02 9.99959436e-01 9.66889042e-04
 1.40633628e-02 8.00000000e-02 9.66889042e-04 2.28206039e-03
 2.28206039e-03 2.28206039e-03 8.87327217e-01 7.43230880e-01]","[7.53268143e-02 9.00000000e-02 9.99994053e-01 3.82008864e-04
 2.70239135e-02 1.10000000e-01 3.82008864e-04 7.91018857e-04
 7.91018857e-04 7.91018857e-04 3.09997241e-01 1.95482191e-01]","[3.38108406e-02 9.00000000e-02 9.99990642e-01 1.43570244e-04
 2.92275383e-02 1.00000000e-01 1.43570244e-04 2.68898273e-04
 2.68898273e-04 2.68898273e-04 1.54125797e-01 1.56178627e-01]",312.74839156403954,348.0063,287.536,275.756,35.25790843596047,-60.47030000000001,-25.212391564039535,11.78000000000003,0.11273569868621029,-0.17376208419215403,-0.0806155754725183,0.042718925426826725,4.808710098266602,6.616305589675903,0.4993858337402344,0.3872671127319336,0.7267968556002193,9.629248115131654,13.248885215910045,0.7754867810955535,48,6
102,"[6.84699004e+01 1.16368909e+01 3.64574277e-01 1.00000000e+00
 1.10000000e+01 3.17399495e+04 7.30000000e+01]","[0.00000000e+00 5.45636263e+00 0.00000000e+00 1.00000000e+00
 1.10000000e+01 3.17399495e+04 7.30000000e+01]","[9.50000000e+01 5.11220000e+00 0.00000000e+00 1.00000000e+00
 1.10000000e+01 3.17399495e+04 7.30000000e+01]","[0.00000000e+00 1.38197000e+01 0.00000000e+00 1.00000000e+00
 1.10000000e+01 3.17399495e+04 7.30000000e+01]","[0.17449227 0.12       0.99997046 0.99983773 0.06213245 0.05
 0.99983773 0.93709103 0.93709103 0.93709103 0.07333552 0.29630051]","[4.34674120e-01 1.30000000e-01 9.99990391e-01 3.97746533e-04
 4.30010397e-02 1.30000000e-01 3.97746533e-04 6.57529773e-04
 6.57529773e-04 6.57529773e-04 5.97591398e-01 5.94823957e-01]","[5.25853448e-01 1.70000000e-01 9.99964307e-01 3.43597601e-05
 2.16516083e-02 2.20000000e-01 3.43597601e-05 1.19298917e-03
 1.19298917e-03 1.19298917e-03 7.17766485e-01 5.65492727e-01]","[6.28946229e-02 9.00000000e-02 9.99990641e-01 1.69526273e-04
 6.38395399e-02 1.10000000e-01 1.69526273e-04 4.43351674e-04
 4.43351674e-04 4.43351674e-04 4.22343611e-02 7.26893556e-02]",355.46843518981143,293.5436373737374,388.88779999999997,285.1803,-61.92479781607403,95.34416262626257,33.41936481018854,103.70749999999998,-0.17420617890589277,0.32480405121120426,0.0940149996506537,0.3636559047030948,4.397929906845093,0.19392752647399902,0.9740025997161865,0.3775203227996826,22.678213798775744,4.5153163945626025,0.199103705195969,0.38759683281100876,84,6
103,"[9.99728884e+01 5.28457794e+00 2.86485278e-01 2.00000000e+00
 1.40000000e+01 5.22895250e+03 7.00000000e+00]","[1.0000000e+02 0.0000000e+00 0.0000000e+00 2.0000000e+00 1.4000000e+01
 5.2289525e+03 7.0000000e+00]","[9.6000000e+01 2.1780200e+01 0.0000000e+00 2.0000000e+00 1.4000000e+01
 5.2289525e+03 7.0000000e+00]","[1.0000000e+02 1.9024200e+01 0.0000000e+00 2.0000000e+00 1.4000000e+01
 5.2289525e+03 7.0000000e+00]","[0.5235916  0.42       0.99989923 0.98248446 0.90521943 0.36
 0.98248446 0.98411661 0.98411661 0.98411661 0.66687854 0.83133184]","[5.22542186e-01 3.50000000e-01 9.99899227e-01 2.53190601e-05
 2.31436805e-01 3.20000000e-01 2.53190601e-05 3.26208650e-03
 3.26208650e-03 3.26208650e-03 5.97367449e-01 8.35599334e-01]","[[6.62530958e-02 4.00000000e-02 9.99955692e-01 4.70541344e-05
  2.76605156e-02 5.00000000e-02 4.70541344e-05 1.04320772e-04
  1.04320772e-04 1.04320772e-04 9.57227085e-02 4.16461665e-01]]","[6.04845688e-02 5.00000000e-02 9.99955692e-01 1.06161108e-04
 2.76605156e-02 4.00000000e-02 1.06161108e-04 1.35725908e-04
 1.35725908e-04 1.35725908e-04 8.13922760e-02 3.20064734e-01]",392.4018251524847,398.0,372.2198,378.9758,5.598174847515281,-25.78019999999998,-20.182025152484698,-6.755999999999972,0.014266434273948313,-0.06477437185929644,-0.051432036904115054,-0.01782699581345292,4.454363822937012,3.506002902984619,3.734473705291748,7.773611545562744,1.270496330492215,1.192768827539254,0.9388211511615717,2.081581545090956,150,202
104,"[5.10180147e+01 5.26923237e+00 2.06735205e-04 1.00000000e+00
 1.30000000e+01 4.97239930e+03 5.10000000e+01]","[1.00000000e+02 5.45636263e+00 0.00000000e+00 1.00000000e+00
 1.30000000e+01 4.97239930e+03 5.10000000e+01]","[1.0000000e+02 4.4839000e+00 0.0000000e+00 1.0000000e+00 1.3000000e+01
 4.9723993e+03 5.1000000e+01]","[1.0000000e+02 1.4129900e+01 0.0000000e+00 1.0000000e+00 1.3000000e+01
 4.9723993e+03 5.1000000e+01]","[0.33580636 0.23       0.99941343 0.9730013  0.77130254 0.22
 0.9730013  0.97355032 0.97355032 0.97355032 0.18951292 0.66348293]","[4.18222280e-01 8.00000000e-02 9.99027988e-01 2.18004123e-04
 6.46858054e-02 1.40000000e-01 2.18004123e-04 7.14919478e-04
 7.14919478e-04 7.14919478e-04 1.56003713e-01 6.63482925e-01]","[[3.15296119e-01 1.40000000e-01 9.99413435e-01 1.64319305e-05
  9.61157453e-02 1.70000000e-01 1.64319305e-05 1.94046395e-03
  1.94046395e-03 1.94046395e-03 1.29879569e-01 5.82349513e-01]]","[9.64157971e-02 0.00000000e+00 9.99714676e-01 6.27019126e-05
 4.37235754e-02 2.00000000e-02 6.27019126e-05 1.79923632e-04
 1.79923632e-04 1.79923632e-04 4.60044751e-02 1.25263960e-01]",344.7485756116885,393.5436373737374,394.5161,384.8701,48.795061762048874,0.9724626262625975,49.76752438831147,9.646000000000015,0.14153810983982062,0.0024710414142436687,0.14435889778517225,0.025063001776443574,5.1439738273620605,3.2761528491973877,14.944025754928589,3.5144011974334717,1.5701263232032239,0.3442160708044525,0.21922826572464263,0.2351709810373159,1002,103
105,"[4.20080651e+01 5.27404126e+00 2.16750164e-01 3.00000000e+00
 8.00000000e+00 2.20929772e+04 9.10000000e+01]","[1.00000000e+02 4.99937000e+01 0.00000000e+00 3.00000000e+00
 8.00000000e+00 2.20929772e+04 9.10000000e+01]","[9.60000000e+01 6.27350000e+00 0.00000000e+00 3.00000000e+00
 8.00000000e+00 2.20929772e+04 9.10000000e+01]","[1.00000000e+02 1.39800000e+01 0.00000000e+00 3.00000000e+00
 8.00000000e+00 2.20929772e+04 9.10000000e+01]","[0.53467821 0.34       0.99987865 0.98594252 0.846045   0.39
 0.98594252 0.73952448 0.73952448 0.73952448 0.29425669 0.77343937]","[8.41673398e-01 1.40000000e-01 9.99920646e-01 9.47246836e-04
 6.36282543e-02 1.10000000e-01 9.47246836e-04 1.79616857e-03
 1.79616857e-03 1.79616857e-03 8.56493844e-01 6.94723615e-01]","[[5.60745175e-01 1.00000000e-01 9.99887629e-01 1.09516421e-03
  1.37832302e-01 1.70000000e-01 1.09516421e-03 5.47542406e-04
  5.47542406e-04 5.47542406e-04 4.67217211e-01 6.07804973e-01]]","[1.46985882e-01 1.50000000e-01 9.99849205e-01 4.53181469e-04
 2.86690952e-01 1.50000000e-01 4.53181469e-04 6.88920573e-04
 6.88920573e-04 6.88920573e-04 1.23167366e-01 2.23012430e-01]",333.5172736767288,347.0063,386.7265,383.02,13.489026323271219,39.72019999999998,53.209226323271196,3.7065000000000055,0.04044476070029838,0.11446535696902325,0.15953964164040801,0.009677040363427512,4.531681776046753,6.598012924194336,3.7421092987060547,3.552854299545288,0.6868252348263024,1.2109966370072933,1.7631801739398139,0.949425582190716,198,104
106,"[4.74586259e+01 5.21052806e+00 5.43658780e-03 1.00000000e+00
 2.10000000e+01 1.09163259e+04 9.80000000e+01]","[0.00000000e+00 0.00000000e+00 0.00000000e+00 1.00000000e+00
 2.10000000e+01 1.09163259e+04 9.80000000e+01]","[9.50000000e+01 3.12750000e+00 0.00000000e+00 1.00000000e+00
 2.10000000e+01 1.09163259e+04 9.80000000e+01]","[0.00000000e+00 1.34170000e+01 0.00000000e+00 1.00000000e+00
 2.10000000e+01 1.09163259e+04 9.80000000e+01]","[0.75159563 0.51       0.99990021 0.99998955 0.99584307 0.53
 0.99998955 0.9999981  0.9999981  0.9999981  0.50081161 0.86507223]","[0.29780586 0.52       0.99996828 0.99998955 0.94429977 0.48
 0.99998955 0.99999787 0.99999787 0.99999787 0.25379023 0.74899251]","[[0.41523161 0.51       0.99990021 0.99998955 0.94336416 0.52
  0.99998955 0.9999981  0.9999981  0.9999981  0.21275333 0.86507223]]","[3.05193106e-01 3.40000000e-01 9.99988514e-01 7.56077990e-05
 3.09123351e-01 4.10000000e-01 7.56077990e-05 9.93822213e-04
 9.93822213e-04 9.93822213e-04 1.89476267e-01 1.93787595e-01]",341.2426612149617,299.0,390.8725,285.58299999999997,-42.242661214961686,91.8725,49.62983878503832,105.28950000000003,-0.1237906804048496,0.3072658862876254,0.14543855275403153,0.3686826596821241,4.737030267715454,0.32485389709472656,2.4205355644226074,0.31081485748291016,14.582033061878732,1.9570174209960107,0.13420744643023536,0.1284074739703532,138,4
107,"[4.13608307e+00 5.28058607e+00 3.11898298e-01 4.00000000e+00
 0.00000000e+00 3.53006715e+04 1.20000000e+01]","[0.00000000e+00 0.00000000e+00 1.00000000e+00 4.00000000e+00
 0.00000000e+00 3.53006715e+04 1.20000000e+01]","[9.50000000e+01 8.52260000e+00 0.00000000e+00 4.00000000e+00
 0.00000000e+00 3.53006715e+04 1.20000000e+01]","[0.00000000e+00 2.40546000e+01 0.00000000e+00 4.00000000e+00
 0.00000000e+00 3.53006715e+04 1.20000000e+01]","[0.62692346 0.25       0.99999196 0.98687868 0.62584556 0.28
 0.98687868 0.95547725 0.95547725 0.95547725 0.75684376 0.50260164]","[5.16883593e-01 1.50000000e-01 9.99993601e-01 1.51686398e-05
 1.53070013e-02 2.10000000e-01 1.51686398e-05 4.09502014e-04
 4.09502014e-04 4.09502014e-04 8.83783877e-01 5.79888967e-01]","[9.45006293e-02 2.00000000e-02 9.99992715e-01 2.32107309e-04
 4.26712069e-02 6.00000000e-02 2.32107309e-04 2.73673464e-04
 2.73673464e-04 2.73673464e-04 2.33143126e-02 1.78654029e-01]","[2.58410119e-02 1.00000000e-02 9.99993457e-01 1.69836517e-04
 3.14650484e-02 7.00000000e-02 1.69836517e-04 1.13580499e-04
 1.13580499e-04 1.13580499e-04 1.56961016e-02 7.01293654e-02]",294.54359871192844,295.0,382.4774,271.9454,0.4564012880715609,87.47739999999999,87.93380128807155,110.53199999999998,0.0015495203089371282,0.29653355932203385,0.2985425644034219,0.4064492357657088,5.185659170150757,0.6928749084472656,3.054067850112915,0.3176264762878418,7.484264629775426,1.6979515271604173,0.22686952040756025,0.10400111977738101,162,4
108,"[5.70504577e+01 4.89537856e+01 5.78204949e-03 3.00000000e+00
 4.00000000e+00 1.98496758e+04 7.40000000e+01]","[1.00000000e+02 4.99937000e+01 0.00000000e+00 3.00000000e+00
 4.00000000e+00 1.98496758e+04 7.40000000e+01]","[2.60000000e+01 6.24947000e+01 0.00000000e+00 3.00000000e+00
 4.00000000e+00 1.98496758e+04 7.40000000e+01]","[1.00000000e+02 2.36647000e+01 0.00000000e+00 3.00000000e+00
 4.00000000e+00 1.98496758e+04 7.40000000e+01]","[0.27144208 0.23       0.99996203 0.97069317 0.16884211 0.15
 0.97069317 0.80396544 0.80396544 0.80396544 0.06116263 0.07919425]","[0.79574302 0.2        0.99996203 0.00106905 0.08172763 0.16
 0.00106905 0.00109484 0.00109484 0.00109484 0.87429604 0.63986771]","[[0.79574302 0.2        0.99996203 0.00106905 0.08172763 0.16
  0.00106905 0.00109484 0.00109484 0.00109484 0.87429604 0.63986771]]","[7.97366475e-02 8.00000000e-02 9.99927849e-01 2.26760249e-04
 1.09283638e-01 5.00000000e-02 2.26760249e-04 1.39336942e-04
 1.39336942e-04 1.39336942e-04 7.50940740e-02 1.33374005e-01]",305.0908900955811,347.0063,260.50530000000003,373.3353,41.91540990441894,-86.50099999999998,-44.58559009558104,-112.82999999999998,0.13738663219766206,-0.24927789495464484,-0.146138713226124,-0.30222162222538285,11.438933610916138,13.35846757888794,4.815767288208008,7.619619131088257,0.8563058257516393,2.3753086323182098,2.7739022214793834,1.5822232834518024,168,103
109,"[5.19460828e+01 5.26897388e+00 1.51529178e-02 4.00000000e+00
 1.70000000e+01 1.79874594e+04 6.90000000e+01]","[1.00000000e+02 4.99937000e+01 0.00000000e+00 4.00000000e+00
 1.70000000e+01 1.79874594e+04 6.90000000e+01]","[9.60000000e+01 1.27605000e+01 0.00000000e+00 4.00000000e+00
 1.70000000e+01 1.79874594e+04 6.90000000e+01]","[1.00000000e+02 3.31170000e+01 0.00000000e+00 4.00000000e+00
 1.70000000e+01 1.79874594e+04 6.90000000e+01]","[0.44418641 0.41       0.99980189 0.98321929 0.79041133 0.42
 0.98321929 0.90330412 0.90330412 0.90330412 0.2605279  0.81389764]","[7.57358866e-01 9.00000000e-02 9.99937308e-01 3.09157485e-04
 6.51084229e-02 2.00000000e-01 3.09157485e-04 9.40183464e-04
 9.40183464e-04 9.40183464e-04 8.07651376e-01 2.76790711e-01]","[[1.26702960e-01 3.00000000e-02 9.99909478e-01 1.84123664e-04
  9.21430560e-02 6.00000000e-02 1.84123664e-04 4.37146861e-04
  4.37146861e-04 4.37146861e-04 6.35297535e-02 1.97517689e-01]]","[8.32665904e-02 3.00000000e-02 9.99935534e-01 1.00099688e-04
 7.48655365e-02 7.00000000e-02 1.00099688e-04 1.10473359e-04
 1.10473359e-04 1.10473359e-04 6.45379274e-02 8.79028000e-02]",342.6619559777623,346.0063,379.2395,362.883,3.344344022237692,33.23320000000001,36.5775440222377,16.35650000000004,0.00975989299043962,0.09604796213248143,0.10674527295528387,0.04507375655514323,5.065464735031128,13.984188079833984,6.9022133350372314,14.255539178848267,0.36222801825268813,0.7338899117066778,2.0260440240012594,2.0653576594748024,174,204
110,"[1.02763857e+01 5.26954453e+00 2.45802757e-02 3.00000000e+00
 1.60000000e+01 9.30432750e+03 6.70000000e+01]","[1.0000000e+02 0.0000000e+00 0.0000000e+00 3.0000000e+00 1.6000000e+01
 9.3043275e+03 6.7000000e+01]","[1.0000000e+02 2.0810000e-01 1.0000000e+00 3.0000000e+00 1.6000000e+01
 9.3043275e+03 6.7000000e+01]","[1.0000000e+02 2.5208100e+01 1.0000000e+00 3.0000000e+00 1.6000000e+01
 9.3043275e+03 6.7000000e+01]","[0.51264037 0.28       0.99966256 0.98321929 0.74113306 0.31
 0.98321929 0.96656786 0.96656786 0.96656786 0.28242787 0.68228865]","[1.68790983e-01 1.70000000e-01 9.99662561e-01 2.64896362e-05
 3.07749851e-02 2.70000000e-01 2.64896362e-05 2.82605223e-03
 2.82605223e-03 2.82605223e-03 1.44491622e-01 6.02976128e-01]","[[2.29819766e-02 5.00000000e-02 9.99740995e-01 1.20509386e-05
  2.78508630e-02 2.00000000e-01 1.20509386e-05 9.67231362e-04
  9.67231362e-04 9.67231362e-04 4.99318138e-01 2.61436011e-01]]","[5.97188800e-03 7.00000000e-02 9.99894339e-01 3.14498970e-05
 3.38728620e-02 8.00000000e-02 3.14498970e-05 7.41419710e-05
 7.41419710e-05 7.41419710e-05 4.61453083e-03 9.27323882e-03]",301.98226092051027,397.0,395.7919,370.7919,95.01773907948973,-1.2081000000000017,93.80963907948973,25.0,0.3146467570308738,-0.0030430730478589463,0.310646190917098,0.06742326356104326,6.849062919616699,3.73917555809021,6.682250022888184,9.873574256896973,1.8317040249147514,1.0249635820505285,0.5595683407957959,1.4775822848707842,252,282
111,"[4.88809835e+01 5.27064042e+00 1.24449876e-01 3.00000000e+00
 2.30000000e+01 3.14674808e+04 7.90000000e+01]","[1.00000000e+02 0.00000000e+00 0.00000000e+00 3.00000000e+00
 2.30000000e+01 3.14674808e+04 7.90000000e+01]","[9.60000000e+01 3.12750000e+00 0.00000000e+00 3.00000000e+00
 2.30000000e+01 3.14674808e+04 7.90000000e+01]","[1.00000000e+02 1.34170000e+01 0.00000000e+00 3.00000000e+00
 2.30000000e+01 3.14674808e+04 7.90000000e+01]","[0.73960079 0.29       0.99997047 0.98655339 0.0154702  0.28
 0.98655339 0.81011009 0.81011009 0.81011009 0.74686672 0.83134823]","[4.91034731e-01 2.60000000e-01 9.99970468e-01 3.28585651e-05
 1.10541983e-02 2.30000000e-01 3.28585651e-05 6.64465982e-04
 6.64465982e-04 6.64465982e-04 6.84696555e-01 7.77089353e-01]","[4.91034731e-01 2.60000000e-01 9.99970468e-01 3.28585651e-05
 1.10541983e-02 2.30000000e-01 3.28585651e-05 6.64465982e-04
 6.64465982e-04 6.64465982e-04 6.84696555e-01 7.77089353e-01]","[4.97058535e-02 6.00000000e-02 9.99980644e-01 1.96883002e-04
 2.93548534e-02 1.10000000e-01 1.96883002e-04 7.33122314e-04
 7.33122314e-04 7.33122314e-04 1.25297644e-01 1.51039150e-01]",340.48589322763945,397.0,389.8725,383.58299999999997,56.51410677236055,-7.127499999999998,49.38660677236055,6.289500000000032,0.16598075837044085,-0.017953400503778333,0.14504743883571714,0.016396712054496766,5.263246774673462,3.63779878616333,3.9915411472320557,3.741615056991577,1.4468218513604045,1.3186001548106985,0.9113769975003191,0.9373860669296143,198,103
112,"[2.48685143e+01 5.26870604e+00 8.60063225e-03 3.00000000e+00
 7.00000000e+00 7.56625040e+03 8.90000000e+01]","[0.0000000e+00 0.0000000e+00 0.0000000e+00 3.0000000e+00 7.0000000e+00
 7.5662504e+03 8.9000000e+01]","[1.0000000e+02 1.0000000e+02 9.1000000e+01 3.0000000e+00 7.0000000e+00
 7.5662504e+03 8.9000000e+01]","[1.0000000e+02 3.6082100e+01 1.0000000e+00 3.0000000e+00 7.0000000e+00
 7.5662504e+03 8.9000000e+01]","[0.46971627 0.39       0.99966954 0.99062984 0.85346025 0.37
 0.99062984 0.90893221 0.90893221 0.90893221 0.3077054  0.78858249]","[1.09145851e-01 3.30000000e-01 9.99952250e-01 4.77959107e-05
 6.22721690e-01 3.80000000e-01 4.77959107e-05 1.38457644e-03
 1.38457644e-03 1.38457644e-03 1.68191772e-01 5.45884013e-01]","[[8.48142853e-02 3.00000000e-02 9.99947382e-01 5.33343566e-04
  2.13834860e-02 1.00000000e-01 5.33343566e-04 6.60408719e-04
  6.60408719e-04 6.60408719e-04 2.11441965e-02 7.79632955e-03]]","[6.28110070e-03 2.00000000e-02 9.99945893e-01 1.87272451e-04
 8.26383091e-02 6.00000000e-02 1.87272451e-04 2.21755948e-04
 2.21755948e-04 2.21755948e-04 3.57222229e-03 6.30249173e-03]",316.59120766408705,297.0,206.0,359.91790000000003,-19.59120766408705,-91.0,-110.59120766408705,-153.91790000000003,-0.061881717463467656,-0.3063973063973064,-0.34931863231472843,-0.42764724955330097,4.9908270835876465,0.5209307670593262,11.623823881149292,3.6463136672973633,9.580595732060623,0.4293618979965296,0.04481578285990167,0.31369312754391443,1002,102
113,"[2.68367839e+00 5.21165953e+00 3.36531376e-01 2.00000000e+00
 1.80000000e+01 9.17717780e+03 9.40000000e+01]","[0.0000000e+00 0.0000000e+00 0.0000000e+00 2.0000000e+00 1.8000000e+01
 9.1771778e+03 9.4000000e+01]","[1.0000000e+02 0.0000000e+00 1.0000000e+01 2.0000000e+00 1.8000000e+01
 9.1771778e+03 9.4000000e+01]","[0.0000000e+00 2.7104000e+01 0.0000000e+00 2.0000000e+00 1.8000000e+01
 9.1771778e+03 9.4000000e+01]","[0.85098601 0.5        0.99990044 0.99999318 0.98789258 0.48
 0.99999318 0.99999915 0.99999915 0.99999915 0.42336216 0.8317128 ]","[0.45185699 0.49       0.99996835 0.99999318 0.85238142 0.45
 0.99999318 0.99999905 0.99999905 0.99999905 0.20494657 0.67046928]","[[0.24319105 0.4        0.99992358 0.99998501 0.79359726 0.47
  0.99998501 0.99999753 0.99999753 0.99999753 0.5938138  0.36684021]]","[6.79406940e-02 1.60000000e-01 9.99931775e-01 6.96208031e-05
 1.85544992e-01 2.10000000e-01 6.96208031e-05 1.83676145e-04
 1.83676145e-04 1.83676145e-04 4.49639014e-02 1.11521537e-01]",295.13548748432873,298.0,388.0,270.896,2.864512515671265,90.0,92.86451251567127,117.10399999999998,0.009705754262517708,0.30201342281879195,0.3146504451471707,0.4322839761384442,11.554272413253784,0.7249667644500732,33.73085141181946,0.678941011428833,15.937658082875467,0.34254315944142194,0.02149269093741409,0.020128190751536403,1002,4
114,"[9.31972069e+01 1.39515730e+00 2.34362086e+01 2.00000000e+00
 2.20000000e+01 2.55266283e+04 1.80000000e+01]","[1.00000000e+02 0.00000000e+00 0.00000000e+00 2.00000000e+00
 2.20000000e+01 2.55266283e+04 1.80000000e+01]","[9.50000000e+01 2.70000000e+01 0.00000000e+00 2.00000000e+00
 2.20000000e+01 2.55266283e+04 1.80000000e+01]","[0.00000000e+00 2.58270000e+01 0.00000000e+00 2.00000000e+00
 2.20000000e+01 2.55266283e+04 1.80000000e+01]","[8.80110822e-01 1.00000000e-01 9.99992149e-01 8.85649944e-06
 4.96896272e-02 9.00000000e-02 8.85649944e-06 3.82165018e-04
 3.82165018e-04 3.82165018e-04 9.93040002e-01 9.25813097e-01]","[9.18624472e-01 1.40000000e-01 9.99991499e-01 1.94678898e-05
 4.96896272e-02 1.40000000e-01 1.94678898e-05 1.18447795e-03
 1.18447795e-03 1.18447795e-03 4.35411358e-01 7.80793026e-01]","[[4.39369822e-02 3.00000000e-02 9.99956855e-01 3.31901108e-05
  3.25397042e-02 3.00000000e-02 3.31901108e-05 4.20373369e-05
  4.20373369e-05 4.20373369e-05 5.56799124e-02 1.93158743e-01]]","[2.97289070e-02 4.00000000e-02 9.99996141e-01 2.60552118e-05
 3.25397042e-02 3.00000000e-02 2.60552118e-05 4.08325456e-05
 4.08325456e-05 4.08325456e-05 2.70324455e-02 6.53321928e-02]",366.365841009982,398.0,366.0,272.173,31.634158990018022,-32.0,-0.36584100998197755,93.827,0.08634582007648503,-0.08040201005025126,-0.0009985674673529672,0.3447329455897536,10.10581350326538,7.92252516746521,4.8987956047058105,0.9227206707000732,1.2755798548632074,2.062917973870492,1.6172393801967953,0.18835663807114195,150,4
115,"[1.98801338e+00 2.62109869e+00 2.83064880e+00 1.00000000e+00
 2.20000000e+01 3.10396446e+04 2.10000000e+01]","[1.00000000e+02 0.00000000e+00 0.00000000e+00 1.00000000e+00
 2.20000000e+01 3.10396446e+04 2.10000000e+01]","[1.00000000e+02 1.79325000e+01 0.00000000e+00 1.00000000e+00
 2.20000000e+01 3.10396446e+04 2.10000000e+01]","[1.00000000e+02 1.51730000e+01 0.00000000e+00 1.00000000e+00
 2.20000000e+01 3.10396446e+04 2.10000000e+01]","[8.80110822e-01 1.10000000e-01 9.99990328e-01 6.75829247e-06
 3.72530739e-02 1.20000000e-01 6.75829247e-06 2.79452596e-04
 2.79452596e-04 2.79452596e-04 9.92488223e-01 8.46644529e-01]","[9.18624472e-01 1.20000000e-01 9.99989527e-01 1.26345273e-05
 3.72530739e-02 1.20000000e-01 1.26345273e-05 8.66319105e-04
 8.66319105e-04 8.66319105e-04 8.65910788e-01 7.21633724e-01]","[2.54675402e-02 4.00000000e-02 9.99993383e-01 3.60593010e-05
 4.12174334e-02 4.00000000e-02 3.60593010e-05 5.46934479e-05
 5.46934479e-05 5.46934479e-05 3.34294266e-02 4.84992416e-02]","[3.30648580e-02 3.00000000e-02 9.99993383e-01 3.60593010e-05
 4.00723777e-02 1.00000000e-02 3.60593010e-05 1.13581670e-04
 1.13581670e-04 1.13581670e-04 3.57063479e-02 6.35311585e-02]",295.5362658941282,399.0,381.0675,383.827,103.46373410587182,-17.932500000000005,85.53123410587182,-2.7595000000000027,0.35008811454272176,-0.044943609022556404,0.28941028217671333,-0.007189436907773562,10.3884756565094,8.25777530670166,5.537630558013916,10.482760429382324,1.258023531843807,1.8759784618487172,1.491210946665848,1.8930046559736535,168,122
116,"[3.83875985e+01 5.26857743e+00 2.06280990e-01 2.00000000e+00
 8.00000000e+00 4.39126290e+03 1.20000000e+01]","[1.0000000e+02 0.0000000e+00 1.0000000e+00 2.0000000e+00 8.0000000e+00
 4.3912629e+03 1.2000000e+01]","[1.0000000e+02 3.9245000e+00 5.0000000e+00 2.0000000e+00 8.0000000e+00
 4.3912629e+03 1.2000000e+01]","[0.0000000e+00 2.5972500e+01 0.0000000e+00 2.0000000e+00 8.0000000e+00
 4.3912629e+03 1.2000000e+01]","[0.59101669 0.35       0.99980205 0.9836239  0.89953378 0.34
 0.9836239  0.98052255 0.98052255 0.98052255 0.3894523  0.67798293]","[3.03721738e-01 2.30000000e-01 9.99869923e-01 1.22284820e-05
 2.20153189e-01 3.60000000e-01 1.22284820e-05 8.56524183e-04
 8.56524183e-04 8.56524183e-04 7.84278926e-01 3.36008048e-01]","[[3.03721738e-01 2.30000000e-01 9.99869923e-01 1.22284820e-05
  2.20153189e-01 3.60000000e-01 1.22284820e-05 8.56524183e-04
  8.56524183e-04 8.56524183e-04 7.84278926e-01 3.36008048e-01]]","[1.35510478e-01 1.00000000e-01 9.99958041e-01 3.82654414e-05
 2.81897794e-02 4.00000000e-02 3.82654414e-05 6.24827340e-05
 6.24827340e-05 6.24827340e-05 3.70913557e-02 1.02989484e-01]",330.9127401186711,397.0,389.0755,272.02750000000003,66.08725988132892,-7.924500000000023,58.162759881328896,117.04799999999994,0.19971204450342067,-0.019960957178841367,0.17576464375614767,0.4302800268355219,12.616344213485718,16.453785181045532,19.256714582443237,0.8798322677612305,0.7667745795064543,0.6551659764946774,0.854444049144645,0.045689635373387764,372,4
117,"[4.17022005e+01 7.20324493e+01 1.14374817e-02 3.00000000e+00
 6.00000000e+00 3.95663264e+04 6.20000000e+01]","[1.00000000e+02 5.45636263e+00 0.00000000e+00 3.00000000e+00
 6.00000000e+00 3.95663264e+04 6.20000000e+01]","[5.50000000e+01 1.00000000e+02 0.00000000e+00 3.00000000e+00
 6.00000000e+00 3.95663264e+04 6.20000000e+01]","[0.00000000e+00 3.35898000e+01 0.00000000e+00 3.00000000e+00
 6.00000000e+00 3.95663264e+04 6.20000000e+01]","[6.60447733e-01 1.20000000e-01 9.90792159e-01 2.75725988e-04
 8.79793046e-03 6.00000000e-02 2.75725988e-04 1.01856137e-04
 1.01856137e-04 1.01856137e-04 8.59360595e-01 6.27366670e-01]","[4.14903767e-01 9.00000000e-02 9.73755971e-01 3.58583441e-04
 1.44111994e-02 3.00000000e-02 3.58583441e-04 1.32799202e-04
 1.32799202e-04 1.32799202e-04 4.93207904e-01 5.84200166e-01]","[6.60447733e-01 1.20000000e-01 9.90792159e-01 2.75725988e-04
 8.79793046e-03 6.00000000e-02 2.75725988e-04 1.01856137e-04
 1.01856137e-04 1.01856137e-04 8.59360595e-01 6.27366670e-01]","[2.30413486e-02 5.00000000e-02 9.97866546e-01 4.09175604e-05
 1.74463713e-02 4.00000000e-02 4.09175604e-05 5.34492212e-05
 5.34492212e-05 5.34492212e-05 4.25831065e-02 8.07439696e-02]",266.6583136443071,391.5436373737374,252.0,263.41020000000003,124.8853237294303,-139.5436373737374,-14.6583136443071,-11.410200000000032,0.4683346340216252,-0.35639357674082134,-0.054970398049766715,-0.04331722917335787,12.631869077682495,8.010093450546265,23.653464317321777,0.9923861026763916,1.5769939708782097,0.5340388582501208,0.3386435637117374,0.04195521169174584,1002,4
118,"[3.18501941e-01 5.27013915e+00 6.33300259e-02 3.00000000e+00
 1.10000000e+01 3.76461843e+04 7.20000000e+01]","[1.00000000e+02 4.99937000e+01 0.00000000e+00 3.00000000e+00
 1.10000000e+01 3.76461843e+04 7.20000000e+01]","[9.60000000e+01 3.78070000e+00 0.00000000e+00 3.00000000e+00
 1.10000000e+01 3.76461843e+04 7.20000000e+01]","[1.00000000e+02 2.21372000e+01 0.00000000e+00 3.00000000e+00
 1.10000000e+01 3.76461843e+04 7.20000000e+01]","[0.4368749  0.33       0.99999034 0.9916118  0.68823074 0.25
 0.9916118  0.82351728 0.82351728 0.82351728 0.32151009 0.35616906]","[7.09537078e-01 8.00000000e-02 9.99948315e-01 8.56877056e-04
 3.42400021e-02 1.00000000e-01 8.56877056e-04 2.12513359e-03
 2.12513359e-03 2.12513359e-03 7.66366182e-01 6.47981798e-01]","[1.42892367e-01 1.60000000e-01 9.99958411e-01 5.29425555e-05
 2.34891137e-02 1.20000000e-01 5.29425555e-05 8.14082515e-04
 8.14082515e-04 8.14082515e-04 2.89647824e-01 3.29048927e-01]","[4.90573717e-02 2.00000000e-02 9.99945851e-01 1.62056948e-04
 5.84704570e-02 1.00000000e-02 1.62056948e-04 1.28229718e-04
 1.28229718e-04 1.28229718e-04 3.78655315e-02 1.21652190e-01]",291.98503276787886,347.0063,389.2193,374.8628,55.02126723212115,42.212999999999965,97.23426723212111,14.356499999999983,0.18843865629188514,0.12164908821540117,0.3330111352297295,0.03829801196597791,11.844451665878296,16.091764450073242,8.478187084197998,16.727182626724243,0.7360567390000781,1.3970500471680418,1.8980195046728505,1.9729669162291865,174,206
119,"[2.91064322e+01 5.26956200e+00 9.32433306e-02 3.00000000e+00
 7.00000000e+00 4.11149400e+03 7.60000000e+01]","[1.000000e+02 7.845500e+00 0.000000e+00 3.000000e+00 7.000000e+00
 4.111494e+03 7.600000e+01]","[1.000000e+02 2.845500e+00 1.000000e+00 3.000000e+00 7.000000e+00
 4.111494e+03 7.600000e+01]","[1.000000e+02 7.845500e+00 1.000000e+00 3.000000e+00 7.000000e+00
 4.111494e+03 7.600000e+01]","[0.50961266 0.3        0.99966801 0.99012124 0.79982294 0.24
 0.99012124 0.93190401 0.93190401 0.93190401 0.16961976 0.44428779]","[2.80741073e-01 2.20000000e-01 9.99676483e-01 8.44513736e-04
 1.38479552e-01 1.80000000e-01 8.44513736e-04 1.49215794e-03
 1.49215794e-03 1.49215794e-03 1.43347700e-01 3.04454734e-01]","[[1.51128071e-02 1.70000000e-01 9.99740890e-01 2.06109728e-05
  7.86634166e-02 2.00000000e-01 2.06109728e-05 7.26897021e-04
  7.26897021e-04 7.26897021e-04 3.41053794e-01 1.16437668e-01]]","[1.04380981e-02 1.70000000e-01 9.99774168e-01 2.07712486e-04
 9.82357843e-02 2.90000000e-01 2.07712486e-04 5.11105554e-04
 5.11105554e-04 5.11105554e-04 5.42982474e-03 1.01303098e-02]",320.74362689052487,389.1545,393.1545,388.1545,68.41087310947512,4.0,72.41087310947512,5.0,0.21328833178289427,0.0102786939377548,0.22575935120353974,0.012881468590471063,10.960896730422974,15.968605279922485,10.09539246559143,23.62822461128235,0.6864028848032356,1.0857326020540043,1.5817716185229038,2.3404958937273084,180,302
120,"[8.81226739e+01 5.28306982e+00 4.92908480e-01 3.00000000e+00
 1.00000000e+00 8.17880460e+03 2.80000000e+01]","[1.0000000e+02 0.0000000e+00 1.0000000e+00 3.0000000e+00 1.0000000e+00
 8.1788046e+03 2.8000000e+01]","[0.0000000e+00 7.5099100e+01 0.0000000e+00 3.0000000e+00 1.0000000e+00
 8.1788046e+03 2.8000000e+01]","[0.0000000e+00 3.8099100e+01 0.0000000e+00 3.0000000e+00 1.0000000e+00
 8.1788046e+03 2.8000000e+01]","[0.57809588 0.2        0.99943847 0.9836239  0.73459348 0.22
 0.9836239  0.97972541 0.97972541 0.97972541 0.55956147 0.57244407]","[3.24568662e-01 1.20000000e-01 9.99637065e-01 1.22284820e-05
 8.02633459e-02 2.00000000e-01 1.22284820e-05 8.22207338e-04
 8.22207338e-04 8.22207338e-04 9.48311755e-01 3.02402081e-01]","[[1.77201791e-01 1.00000000e-02 9.99962451e-01 1.80527765e-04
  2.17062979e-02 6.00000000e-02 1.80527765e-04 8.20188170e-05
  8.20188170e-05 8.20188170e-05 3.70012191e-01 2.97258457e-01]]","[2.90813225e-02 6.00000000e-02 9.99961219e-01 3.82654414e-05
 4.10240287e-02 1.10000000e-01 3.82654414e-05 7.96256479e-05
 7.96256479e-05 7.96256479e-05 3.08883156e-02 7.55071164e-02]",379.3466956105255,396.0,221.9009,258.9009,16.6533043894745,-174.0991,-157.4457956105255,-36.99999999999997,0.043899959014200594,-0.4396441919191919,-0.41504459491107515,-0.14291182456298906,12.327636003494263,16.479541063308716,19.34019136428833,1.2328197956085205,0.7480569972267878,0.6374102391901482,0.8520877975250128,0.06374392953964886,1002,6
121,"[9.31972069e+01 1.39515730e+00 2.34362086e+01 4.00000000e+00
 9.00000000e+00 2.31620367e+04 1.00000000e+02]","[0.00000000e+00 0.00000000e+00 0.00000000e+00 4.00000000e+00
 9.00000000e+00 2.31620367e+04 1.00000000e+02]","[0.00000000e+00 4.95200000e+00 0.00000000e+00 4.00000000e+00
 9.00000000e+00 2.31620367e+04 1.00000000e+02]","[0.00000000e+00 2.22440000e+01 0.00000000e+00 4.00000000e+00
 9.00000000e+00 2.31620367e+04 1.00000000e+02]","[0.45934318 0.29       0.99994695 0.99999399 0.59858746 0.34
 0.99999399 0.99999774 0.99999774 0.99999774 0.6897186  0.5171054 ]","[0.17944753 0.47       0.9999913  0.99999726 0.69130736 0.46
 0.99999726 0.99999272 0.99999272 0.99999272 0.0833849  0.13431784]","[[0.17944753 0.47       0.9999913  0.99999726 0.69130736 0.46
  0.99999726 0.99999272 0.99999272 0.99999272 0.0833849  0.13431784]]","[2.43775347e-01 2.10000000e-01 9.99988772e-01 1.57721166e-04
 7.94081846e-02 2.00000000e-01 1.57721166e-04 1.71004097e-04
 1.71004097e-04 1.71004097e-04 3.21666483e-02 3.29384623e-02]",364.365841009982,296.0,291.048,273.756,-68.36584100998198,-4.951999999999998,-73.31784100998198,17.29200000000003,-0.18762966588876553,-0.016729729729729723,-0.2012204020188967,0.06316573883312158,12.02314305305481,1.096062183380127,1.1741173267364502,1.2109217643737793,10.969398666758897,10.240154692609865,0.9335201503470837,1.031346473473507,60,7
122,"[4.85849454e-01 5.27284661e+00 1.71280652e-02 3.00000000e+00
 0.00000000e+00 1.29728066e+04 6.90000000e+01]","[1.00000000e+02 6.81975051e+00 0.00000000e+00 3.00000000e+00
 0.00000000e+00 1.29728066e+04 6.90000000e+01]","[9.60000000e+01 6.92250000e+00 0.00000000e+00 3.00000000e+00
 0.00000000e+00 1.29728066e+04 6.90000000e+01]","[1.00000000e+02 1.08055000e+01 0.00000000e+00 3.00000000e+00
 0.00000000e+00 1.29728066e+04 6.90000000e+01]","[0.58850653 0.23       0.99990665 0.99012124 0.69744418 0.2
 0.99012124 0.93617666 0.93617666 0.93617666 0.21107525 0.49156934]","[0.25463306 0.09       0.99923036 0.00110568 0.09140926 0.14
 0.00110568 0.00186621 0.00186621 0.00186621 0.32756454 0.27334662]","[[0.25463306 0.09       0.99923036 0.00110568 0.09140926 0.13
  0.00110568 0.00186621 0.00186621 0.00186621 0.44029252 0.27334662]]","[1.73028630e-01 5.00000000e-02 9.99274097e-01 7.16447917e-04
 1.02895824e-01 1.30000000e-01 7.16447917e-04 9.28958800e-04
 9.28958800e-04 9.28958800e-04 8.98712613e-02 1.95619780e-01]",292.1958747811152,390.1802494949495,386.0775,386.1945,97.98437471383431,-4.102749494949535,93.88162521888478,-0.11700000000001864,0.335337981028085,-0.01051501069123859,0.32129688788115773,-0.0003029561529229925,13.507922172546387,8.150299787521362,8.012347221374512,16.82117795944214,1.657352799859938,1.685888267112457,1.0172174972371186,2.099407014534809,162,202
123,"[6.90443883e+01 5.27875322e+00 1.69857577e-01 3.00000000e+00
 0.00000000e+00 1.69208811e+04 4.00000000e+00]","[1.00000000e+02 0.00000000e+00 1.00000000e+00 3.00000000e+00
 0.00000000e+00 1.69208811e+04 4.00000000e+00]","[5.60000000e+01 1.00000000e+02 0.00000000e+00 3.00000000e+00
 0.00000000e+00 1.69208811e+04 4.00000000e+00]","[1.00000000e+02 3.31170000e+01 0.00000000e+00 3.00000000e+00
 0.00000000e+00 1.69208811e+04 4.00000000e+00]","[0.58045266 0.28       0.99978833 0.9836239  0.60951874 0.18
 0.9836239  0.95888087 0.95888087 0.95888087 0.49622484 0.40891251]","[2.75125277e-01 1.30000000e-01 9.99771695e-01 1.22284820e-05
 1.70171358e-02 1.40000000e-01 1.22284820e-05 3.97529586e-04
 3.97529586e-04 3.97529586e-04 9.67284494e-01 7.35453397e-01]","[[5.32320752e-01 4.00000000e-02 9.99711747e-01 2.66652330e-04
  2.22899219e-02 7.00000000e-02 2.66652330e-04 1.20308063e-04
  1.20308063e-04 1.20308063e-04 6.03183229e-01 3.64709044e-01]]","[4.19599050e-02 2.00000000e-02 9.99728560e-01 2.02315895e-04
 4.81240544e-02 3.00000000e-02 2.02315895e-04 1.27060217e-04
 1.27060217e-04 1.27060217e-04 4.54765382e-02 9.67603423e-02]",360.5957775162703,396.0,253.0,363.883,35.40422248372971,-143.0,-107.59577751627029,-110.88299999999998,0.09818257642279866,-0.3611111111111111,-0.29838335395210086,-0.3047215725933885,12.55325198173523,16.156652212142944,22.060970306396484,17.378488779067993,0.7769711086743895,0.5690253786387386,0.7323636262480436,0.7877481605616039,1002,204
124,"[4.17022005e+01 7.20324493e+01 1.14374817e-02 1.00000000e+00
 1.60000000e+01 1.86287267e+04 8.10000000e+01]","[1.00000000e+02 4.99937000e+01 0.00000000e+00 1.00000000e+00
 1.60000000e+01 1.86287267e+04 8.10000000e+01]","[5.60000000e+01 1.00000000e+02 0.00000000e+00 1.00000000e+00
 1.60000000e+01 1.86287267e+04 8.10000000e+01]","[1.00000000e+02 3.67442000e+01 0.00000000e+00 1.00000000e+00
 1.60000000e+01 1.86287267e+04 8.10000000e+01]","[7.57358866e-01 1.10000000e-01 9.99962658e-01 4.34086714e-04
 6.34685208e-02 1.00000000e-01 4.34086714e-04 8.47137591e-04
 8.47137591e-04 8.47137591e-04 8.55701259e-01 4.93457261e-01]","[7.57358866e-01 1.10000000e-01 9.99962658e-01 4.34086714e-04
 6.34685208e-02 1.00000000e-01 4.34086714e-04 8.47137591e-04
 8.47137591e-04 8.47137591e-04 8.55701259e-01 4.93457261e-01]","[[7.57358866e-01 1.10000000e-01 9.99962658e-01 4.34086714e-04
  6.34685208e-02 1.00000000e-01 4.34086714e-04 8.47137591e-04
  8.47137591e-04 8.47137591e-04 8.55701259e-01 4.93457261e-01]]","[8.32665904e-02 1.20000000e-01 9.99960222e-01 1.83058666e-04
 9.21406608e-02 5.00000000e-02 1.83058666e-04 1.53289200e-04
 1.53289200e-04 1.53289200e-04 6.86399698e-02 1.18703239e-01]",268.6583136443071,349.0063,255.0,362.2558,80.34798635569291,-94.00630000000001,-13.6583136443071,-107.25580000000002,0.29907128227593377,-0.26935416352083047,-0.050838976315433,-0.2960775231204028,10.95190978050232,16.156571626663208,22.053119897842407,8.84099531173706,0.6778609988290072,0.4966149837862085,0.7326206768704824,0.40089544484823797,1002,103
125,"[4.53953980e+01 5.26850040e+00 1.38956815e-01 1.00000000e+00
 9.00000000e+00 2.01316901e+04 1.00000000e+01]","[0.00000000e+00 0.00000000e+00 1.00000000e+00 1.00000000e+00
 9.00000000e+00 2.01316901e+04 1.00000000e+01]","[1.00000000e+02 0.00000000e+00 3.60000000e+01 1.00000000e+00
 9.00000000e+00 2.01316901e+04 1.00000000e+01]","[0.00000000e+00 1.91811000e+01 1.00000000e+00 1.00000000e+00
 9.00000000e+00 2.01316901e+04 1.00000000e+01]","[0.51386508 0.27       0.99998885 0.98254669 0.59011526 0.32
 0.98254669 0.95860462 0.95860462 0.95860462 0.4626822  0.56194788]","[3.27096184e-01 6.00000000e-02 9.99991805e-01 1.36012210e-05
 1.57162546e-02 1.50000000e-01 1.36012210e-05 3.52389980e-04
 3.52389980e-04 3.52389980e-04 6.92779195e-01 5.98423050e-01]","[[3.22287956e-01 7.00000000e-02 9.99989702e-01 1.36012210e-05
  1.57162546e-02 2.70000000e-01 1.36012210e-05 3.94763942e-04
  3.94763942e-04 3.94763942e-04 8.91112321e-01 7.78645949e-01]]","[3.01788722e-03 5.00000000e-02 9.99992096e-01 3.08306879e-05
 4.39269192e-02 3.00000000e-02 3.08306879e-05 2.80614974e-05
 2.80614974e-05 2.80614974e-05 2.03926935e-03 2.70101823e-03]",338.9879407652631,298.0,363.0,278.8189,-40.98794076526309,65.0,24.01205923473691,84.18110000000001,-0.12091268106096364,0.2181208053691275,0.07083455293580604,0.30192035044970056,11.494118213653564,1.169337511062622,48.24720883369446,0.8893566131591797,9.82959847341972,0.2382338479573642,0.02423637634859388,0.018433327743885543,1002,3
126,"[4.68958928e+00 5.27085838e+00 4.60308237e-02 1.00000000e+00
 3.00000000e+00 2.94140943e+04 3.40000000e+01]","[1.00000000e+02 0.00000000e+00 1.00000000e+00 1.00000000e+00
 3.00000000e+00 2.94140943e+04 3.40000000e+01]","[0.00000000e+00 2.06600000e+00 0.00000000e+00 1.00000000e+00
 3.00000000e+00 2.94140943e+04 3.40000000e+01]","[1.00000000e+02 1.17735000e+01 0.00000000e+00 1.00000000e+00
 3.00000000e+00 2.94140943e+04 3.40000000e+01]","[0.64863138 0.21       0.99997779 0.97955394 0.61475715 0.13
 0.97955394 0.95833848 0.95833848 0.95833848 0.73487648 0.69137468]","[5.89982579e-01 7.00000000e-02 9.99979485e-01 1.15750312e-05
 1.73901674e-02 6.00000000e-02 1.15750312e-05 3.92134254e-04
 3.92134254e-04 3.92134254e-04 9.51446069e-01 8.32296418e-01]","[[7.06764560e-01 9.00000000e-02 9.99982312e-01 2.16392582e-05
  1.48696452e-02 1.60000000e-01 2.16392582e-05 1.36023184e-03
  1.36023184e-03 1.36023184e-03 5.46232503e-01 5.25189209e-01]]","[9.99540713e-02 5.00000000e-02 9.99982543e-01 6.94551295e-05
 5.07776542e-02 4.00000000e-02 6.94551295e-05 1.31240780e-04
 1.31240780e-04 1.31240780e-04 4.80445870e-02 1.73173315e-01]",298.3727000786744,398.0,296.93399999999997,387.2265,99.62729992132557,-101.06600000000003,-1.438700078674458,-90.29250000000002,0.33390219646454256,-0.25393467336683423,-0.004821822097983843,-0.23317748139654704,13.582850694656372,15.033500671386719,24.335516452789307,16.224732637405396,0.9035055102308027,0.5581492680053446,0.6177596723928823,0.6667100190325214,1002,202
127,"[3.64720017e-01 5.26893182e+00 2.80249817e-03 4.00000000e+00
 5.00000000e+00 7.32697070e+03 5.60000000e+01]","[1.0000000e+02 0.0000000e+00 0.0000000e+00 4.0000000e+00 5.0000000e+00
 7.3269707e+03 5.6000000e+01]","[9.6000000e+01 3.5990900e+01 1.0000000e+00 4.0000000e+00 5.0000000e+00
 7.3269707e+03 5.6000000e+01]","[1.0000000e+02 3.0990900e+01 1.0000000e+00 4.0000000e+00 5.0000000e+00
 7.3269707e+03 5.6000000e+01]","[0.30247872 0.36       0.99994143 0.9836239  0.72641449 0.28
 0.9836239  0.97939218 0.97939218 0.97939218 0.24058919 0.77580054]","[1.93487086e-01 2.30000000e-01 9.99594659e-01 2.68798954e-05
 8.93841740e-02 2.30000000e-01 2.68798954e-05 2.23763172e-03
 2.23763172e-03 2.23763172e-03 2.14219746e-01 8.09011439e-01]","[[2.68915290e-03 1.10000000e-01 9.99944118e-01 1.99815286e-05
  3.43786943e-02 2.50000000e-01 1.99815286e-05 4.20074636e-05
  4.20074636e-05 4.20074636e-05 4.02032332e-03 7.29613909e-03]]","[2.68915290e-03 8.00000000e-02 9.99917920e-01 1.99815286e-05
 3.43786943e-02 1.90000000e-01 1.99815286e-05 4.20074636e-05
 4.20074636e-05 4.20074636e-05 4.75530580e-03 7.76056478e-03]",291.0929856955737,396.0,355.0091,364.0091,104.9070143044263,-40.99090000000001,63.91611430442629,-9.0,0.36039004531060226,-0.10351237373737376,0.21957284251180836,-0.024724656608859506,13.178164005279541,7.74121880531311,8.363650560379028,16.810930252075195,1.7023371043633124,1.5756473695479605,0.9255789382193282,2.00999911829331,150,302
128,"[4.17022005e+01 7.20324493e+01 1.14374817e-02 3.00000000e+00
 1.10000000e+01 6.61756620e+03 6.20000000e+01]","[1.00000000e+02 5.45636263e+00 0.00000000e+00 3.00000000e+00
 1.10000000e+01 6.61756620e+03 6.20000000e+01]","[1.0000000e+00 4.6466000e+00 5.0000000e+00 3.0000000e+00 1.1000000e+01
 6.6175662e+03 6.2000000e+01]","[1.0000000e+02 1.5295600e+01 0.0000000e+00 3.0000000e+00 1.1000000e+01
 6.6175662e+03 6.2000000e+01]","[6.97917565e-01 7.00000000e-02 9.82246158e-01 2.21983592e-04
 1.04293670e-02 1.10000000e-01 2.21983592e-04 1.03384942e-04
 1.03384942e-04 1.03384942e-04 9.41908378e-01 4.80697440e-01]","[5.84904399e-01 1.10000000e-01 9.17401586e-01 3.69127473e-04
 5.78490866e-02 9.00000000e-02 3.69127473e-04 5.30013704e-04
 5.30013704e-04 5.30013704e-04 2.63401489e-01 6.64504622e-01]","[[2.33685059e-02 1.10000000e-01 9.99891883e-01 1.16364044e-05
  8.10364483e-02 1.80000000e-01 1.16364044e-05 4.64378666e-04
  4.64378666e-04 4.64378666e-04 5.25548717e-01 2.46123692e-01]]","[1.39086813e-01 3.00000000e-02 9.64895917e-01 1.06161108e-04
 4.37765483e-02 6.00000000e-02 1.06161108e-04 2.21475023e-04
 2.21475023e-04 2.21475023e-04 5.76564031e-02 1.30900155e-01]",266.6583136443071,391.5436373737374,288.35339999999997,381.7044,124.8853237294303,-103.19023737373743,21.695086355692865,-93.35100000000006,0.4683346340216252,-0.26354722060070146,0.08135912231347764,-0.244563594236797,10.445956707000732,7.6503746509552,5.127659797668457,8.543524026870728,1.3654176669238656,2.037178190282924,1.4919817134580222,1.6661643642496449,156,104
129,"[4.12693433e+01 4.89523812e+01 1.76567857e-01 2.00000000e+00
 1.10000000e+01 2.88098971e+04 4.00000000e+01]","[0.00000000e+00 5.45636263e+00 0.00000000e+00 2.00000000e+00
 1.10000000e+01 2.88098971e+04 4.00000000e+01]","[1.00000000e+02 9.48870000e+01 0.00000000e+00 2.00000000e+00
 1.10000000e+01 2.88098971e+04 4.00000000e+01]","[0.00000000e+00 4.38870000e+01 0.00000000e+00 2.00000000e+00
 1.10000000e+01 2.88098971e+04 4.00000000e+01]","[0.17865865 0.07       0.99999211 0.89177412 0.0337995  0.09
 0.89177412 0.08914454 0.08914454 0.08914454 0.04261187 0.0995846 ]","[3.09110122e-01 9.00000000e-02 9.99993655e-01 2.09146205e-04
 3.73316958e-02 1.10000000e-01 2.09146205e-04 1.68686585e-04
 1.68686585e-04 1.68686585e-04 6.02353237e-01 5.96378326e-01]","[[7.08625177e-01 9.00000000e-02 9.99992112e-01 2.66170266e-04
  1.59893099e-02 1.20000000e-01 2.66170266e-04 6.10707420e-05
  6.10707420e-05 6.10707420e-05 7.51505141e-01 6.79883552e-01]]","[3.26740333e-02 9.00000000e-02 9.99994927e-01 3.94991758e-05
 6.95413114e-02 6.00000000e-02 3.94991758e-05 6.17433792e-05
 6.17433792e-05 6.17433792e-05 2.69359510e-02 6.96795692e-02]",290.1403941990034,292.5436373737374,303.113,254.113,2.403243174733973,10.569362626262603,12.972605800996575,49.0,0.00828303546415402,0.03612918305503864,0.04471147782372846,0.19282760031954288,11.342912673950195,0.3664407730102539,22.624366283416748,1.0989248752593994,30.954286502481516,0.50135824941379,0.016196730923634682,0.04857262570332816,1002,6
130,"[9.39245439e+00 5.28404458e+00 8.57926100e-03 3.00000000e+00
 1.50000000e+01 1.81530480e+04 2.30000000e+01]","[1.0000000e+02 0.0000000e+00 0.0000000e+00 3.0000000e+00 1.5000000e+01
 1.8153048e+04 2.3000000e+01]","[9.6000000e+01 5.5020000e+00 0.0000000e+00 3.0000000e+00 1.5000000e+01
 1.8153048e+04 2.3000000e+01]","[1.0000000e+02 1.3417000e+01 0.0000000e+00 3.0000000e+00 1.5000000e+01
 1.8153048e+04 2.3000000e+01]","[0.56346308 0.28       0.99987763 0.98850079 0.68449223 0.25
 0.98850079 0.93919649 0.93919649 0.93919649 0.57180006 0.53223308]","[6.20200759e-01 1.30000000e-01 9.99877635e-01 3.84375978e-05
 2.34955882e-02 1.80000000e-01 3.84375978e-05 8.16430410e-04
 8.16430410e-04 8.16430410e-04 4.98858380e-01 3.77034802e-01]","[[4.00097121e-01 1.40000000e-01 9.99796802e-01 4.25258617e-04
  4.25934570e-02 1.30000000e-01 4.25258617e-04 2.32003975e-04
  2.32003975e-04 2.32003975e-04 7.07317863e-01 5.32233076e-01]]","[7.58032934e-02 9.00000000e-02 9.99946103e-01 1.58410158e-04
 5.59719469e-02 7.00000000e-02 1.58410158e-04 2.59733652e-04
 2.59733652e-04 2.59733652e-04 7.26663936e-02 7.79717460e-02]",301.0998305531675,397.0,387.498,383.58299999999997,95.90016944683248,-9.50200000000001,86.39816944683247,3.9150000000000205,0.3184995795934154,-0.02393450881612093,0.2869419397815851,0.010206396008165171,11.051629543304443,7.960070610046387,8.845274925231934,8.336576223373413,1.3883833554637326,1.2494387836130099,0.8999234820095391,0.9424892152976034,198,103
131,"[8.59583081e+01 5.27160082e+00 1.42740878e-01 4.00000000e+00
 0.00000000e+00 2.22464529e+04 6.90000000e+01]","[0.00000000e+00 0.00000000e+00 1.00000000e+00 4.00000000e+00
 0.00000000e+00 2.22464529e+04 6.90000000e+01]","[1.00000000e+02 1.00000000e+02 9.60000000e+01 4.00000000e+00
 0.00000000e+00 2.22464529e+04 6.90000000e+01]","[0.00000000e+00 3.55091000e+01 1.00000000e+00 4.00000000e+00
 0.00000000e+00 2.22464529e+04 6.90000000e+01]","[0.57007883 0.25       0.99996888 0.99326473 0.77011205 0.2
 0.99326473 0.92909816 0.92909816 0.92909816 0.23921763 0.64565578]","[7.05736540e-02 1.10000000e-01 9.99992885e-01 3.00462818e-05
 1.83211175e-02 1.00000000e-01 3.00462818e-05 4.90961603e-04
 4.90961603e-04 4.90961603e-04 7.37447469e-01 7.80486873e-01]","[[1.32946890e-01 5.00000000e-02 9.99947092e-01 2.01076355e-04
  4.01160650e-02 1.70000000e-01 2.01076355e-04 3.71677318e-04
  3.71677318e-04 3.71677318e-04 9.54274134e-03 2.08005625e-02]]","[6.56742486e-03 2.00000000e-02 9.99989105e-01 1.92922598e-04
 6.38651173e-02 2.00000000e-02 1.92922598e-04 1.18051006e-04
 1.18051006e-04 1.18051006e-04 3.17538512e-03 6.78186857e-03]",376.5439664175493,295.0,200.0,259.4909,-81.54396641754931,-95.0,-176.5439664175493,-59.49090000000001,-0.21655895111893858,-0.3220338983050847,-0.4688535261823312,-0.22926006268427912,8.837480068206787,0.736579179763794,24.27397632598877,0.8649954795837402,11.998004167102291,0.36407220430321496,0.03034439722078745,0.03563468415587267,1002,3
132,"[4.17022005e+01 7.20324493e+01 1.14374817e-02 4.00000000e+00
 1.20000000e+01 3.85852296e+04 7.00000000e+01]","[0.00000000e+00 4.99937000e+01 0.00000000e+00 4.00000000e+00
 1.20000000e+01 3.85852296e+04 7.00000000e+01]","[9.50000000e+01 1.27605000e+01 0.00000000e+00 4.00000000e+00
 1.20000000e+01 3.85852296e+04 7.00000000e+01]","[0.00000000e+00 3.31170000e+01 0.00000000e+00 4.00000000e+00
 1.20000000e+01 3.85852296e+04 7.00000000e+01]","[7.09537078e-01 1.00000000e-01 9.99977123e-01 8.56877056e-04
 1.14646882e-02 1.80000000e-01 8.56877056e-04 1.50095123e-03
 1.50095123e-03 1.50095123e-03 8.71441076e-01 6.12232634e-01]","[2.92488268e-01 6.00000000e-02 9.99995334e-01 6.72792791e-04
 1.16664438e-02 1.20000000e-01 6.72792791e-04 1.19110010e-03
 1.19110010e-03 1.19110010e-03 7.33218551e-01 5.13205700e-01]","[7.21266235e-02 7.00000000e-02 9.99970609e-01 3.65571704e-04
 1.75620165e-02 7.00000000e-02 3.65571704e-04 4.64581896e-04
 4.64581896e-04 4.64581896e-04 6.58743928e-02 1.71524440e-01]","[2.67013135e-02 1.00000000e-02 9.99995127e-01 1.27222989e-04
 1.60137153e-02 1.00000000e-02 1.27222989e-04 1.14044300e-04
 1.14044300e-04 1.14044300e-04 5.16161417e-02 5.33520690e-02]",265.6583136443071,246.0063,378.2395,262.88300000000004,-19.65201364430709,132.2332,112.58118635569292,115.35649999999998,-0.07397477374120273,0.5375195675883098,0.4237819054532927,0.43881308414770054,10.123780012130737,0.4299275875091553,7.225457429885864,1.0545639991760254,23.547639896253813,1.4011265183373527,0.059501781261750035,0.14595117463624496,198,6
133,"[3.92252669e+01 5.20936264e+00 1.39852816e-01 1.00000000e+00
 2.10000000e+01 2.83959814e+04 9.80000000e+01]","[1.00000000e+02 0.00000000e+00 0.00000000e+00 1.00000000e+00
 2.10000000e+01 2.83959814e+04 9.80000000e+01]","[1.00000000e+02 3.91900000e+00 0.00000000e+00 1.00000000e+00
 2.10000000e+01 2.83959814e+04 9.80000000e+01]","[1.00000000e+02 1.34170000e+01 0.00000000e+00 1.00000000e+00
 2.10000000e+01 2.83959814e+04 9.80000000e+01]","[0.75106037 0.48       0.99992813 0.99999157 0.99552971 0.46
 0.99999157 0.99999723 0.99999723 0.99999723 0.86292216 0.88068488]","[0.41453615 0.47       0.99992813 0.99999157 0.93933574 0.44
 0.99999157 0.99999723 0.99999723 0.99999723 0.6377176  0.88068488]","[[0.41453615 0.47       0.99992813 0.99999157 0.93933574 0.44
  0.99999157 0.99999723 0.99999723 0.99999723 0.6377176  0.88068488]]","[4.24310090e-01 1.20000000e-01 9.99950967e-01 1.02985493e-04
 1.75190206e-01 1.30000000e-01 1.02985493e-04 7.85631350e-04
 7.85631350e-04 7.85631350e-04 1.98127777e-01 3.50484900e-01]",332.8760514670773,399.0,395.081,385.583,66.12394853292273,-3.9189999999999827,62.20494853292274,9.49799999999999,0.19864435498287156,-0.009822055137844569,0.18687120403756366,0.02463282872948234,10.144059419631958,8.060968160629272,38.13703417778015,15.726359128952026,1.2584170061825515,0.2659897298868146,0.2113685118526036,0.41236450258931523,1002,203
134,"[4.17022005e+01 7.20324493e+01 1.14374817e-02 3.00000000e+00
 0.00000000e+00 2.47476310e+04 5.20000000e+01]","[0.0000000e+00 0.0000000e+00 1.0000000e+00 3.0000000e+00 0.0000000e+00
 2.4747631e+04 5.2000000e+01]","[0.0000000e+00 3.1782000e+00 1.0000000e+02 3.0000000e+00 0.0000000e+00
 2.4747631e+04 5.2000000e+01]","[0.0000000e+00 5.1197000e+00 1.0000000e+00 3.0000000e+00 0.0000000e+00
 2.4747631e+04 5.2000000e+01]","[7.61576427e-01 9.00000000e-02 9.98425554e-01 3.75675164e-04
 3.64830826e-02 1.40000000e-01 3.75675164e-04 1.20308063e-04
 1.20308063e-04 1.20308063e-04 8.82615540e-01 7.13276335e-01]","[1.36386877e-01 9.00000000e-02 9.99796775e-01 1.78238736e-05
 1.59468927e-02 1.10000000e-01 1.78238736e-05 3.25377561e-04
 3.25377561e-04 3.25377561e-04 8.70999145e-01 6.48528436e-01]","[[1.36386877e-01 9.00000000e-02 9.99796775e-01 1.78238736e-05
  1.59468927e-02 1.10000000e-01 1.78238736e-05 3.25377561e-04
  3.25377561e-04 3.25377561e-04 8.70999145e-01 6.48528436e-01]]","[1.93634454e-01 9.00000000e-02 9.99796775e-01 1.78238736e-05
 1.59468927e-02 1.10000000e-01 1.78238736e-05 3.25377561e-04
 3.25377561e-04 3.25377561e-04 3.75260126e-01 3.31231096e-01]",266.6583136443071,296.0,193.8218,290.88030000000003,29.3416863556929,-102.1782,-72.8365136443071,-97.05850000000004,0.11003477054471847,-0.3451966216216216,-0.2731454821298503,-0.33367161681282653,10.303332805633545,0.848181962966919,24.649407148361206,0.8702375888824463,12.147550001644397,0.4179951567848784,0.0344098321660166,0.0353046052444431,1002,3
135,"[9.82268259e+00 1.16378728e+01 9.70372609e-02 4.00000000e+00
 1.80000000e+01 9.00857820e+03 2.50000000e+01]","[1.0000000e+02 0.0000000e+00 0.0000000e+00 4.0000000e+00 1.8000000e+01
 9.0085782e+03 2.5000000e+01]","[0.0000000e+00 4.7793000e+00 0.0000000e+00 4.0000000e+00 1.8000000e+01
 9.0085782e+03 2.5000000e+01]","[0.0000000e+00 6.1573000e+00 0.0000000e+00 4.0000000e+00 1.8000000e+01
 9.0085782e+03 2.5000000e+01]","[0.11426662 0.02       0.99987404 0.99938647 0.03666219 0.14
 0.99938647 0.84799899 0.84799899 0.84799899 0.0607734  0.3274363 ]","[5.03445530e-01 3.30000000e-01 9.99870963e-01 1.56944157e-05
 8.73859804e-02 4.40000000e-01 1.56944157e-05 1.81550968e-03
 1.81550968e-03 1.81550968e-03 5.83803501e-01 7.86557654e-01]","[[4.39869653e-01 2.90000000e-01 9.99925217e-01 1.56944157e-05
  8.88037756e-02 3.60000000e-01 1.56944157e-05 1.62088016e-03
  1.62088016e-03 1.62088016e-03 3.03357891e-01 5.84516190e-01]]","[2.55972581e-01 7.00000000e-02 9.99940096e-01 8.11595275e-05
 9.32738508e-02 2.50000000e-01 8.11595275e-05 5.18170779e-04
 5.18170779e-04 5.18170779e-04 2.13699206e-01 4.04795810e-01]",294.08777254717677,396.0,291.22069999999997,289.8427,101.91222745282323,-104.77930000000003,-2.8670725471768037,1.377999999999986,0.3465367722368489,-0.26459419191919203,-0.009749036902637207,0.004754302937420836,11.10854458808899,7.977334976196289,25.156604528427124,0.9614369869232178,1.39251324173248,0.44157567351890686,0.31710698346360094,0.0382180745353288,1002,4
136,"[5.40672142e+00 5.26888806e+00 3.50490052e-02 4.00000000e+00
 3.00000000e+00 1.43887510e+03 9.00000000e+00]",[ 100.        0.        0.        4.        3.     1438.8751    9.    ],[  96.        0.       16.        4.        3.     1438.8751    9.    ],"[1.0000000e+02 3.7546800e+01 1.0000000e+00 4.0000000e+00 3.0000000e+00
 1.4388751e+03 9.0000000e+00]","[0.38813701 0.52       0.99981842 0.99180985 0.93345108 0.3
 0.99180985 0.98130117 0.98130117 0.98130117 0.97403228 0.84067477]","[4.23014985e-01 4.50000000e-01 9.99818417e-01 1.00499069e-04
 3.06639426e-01 3.20000000e-01 1.00499069e-04 2.76437463e-03
 2.76437463e-03 2.76437463e-03 9.59732758e-01 8.22497330e-01]","[[1.72754298e-01 3.80000000e-01 9.99880678e-01 4.58920064e-05
  3.06639426e-01 3.60000000e-01 4.58920064e-05 7.11063731e-04
  7.11063731e-04 7.11063731e-04 9.82579837e-01 6.76826069e-01]]","[4.71294277e-03 4.00000000e-02 9.99980826e-01 1.56720793e-04
 3.85797616e-02 5.00000000e-02 1.56720793e-04 1.21432959e-04
 1.21432959e-04 1.21432959e-04 1.42246266e-02 1.18839916e-02]",296.10278434851534,396.0,376.0,357.4532,99.89721565148466,-20.0,79.89721565148466,18.54680000000002,0.3373734423716355,-0.050505050505050504,0.2698293291205428,0.05188595318212292,13.694020509719849,7.794790029525757,48.16655778884888,15.790846347808838,1.7568171121798655,0.28430556673265484,0.1618299165926767,0.3278383814976416,1002,202
137,"[1.10978628e-01 5.27080452e+00 2.37969763e-02 1.00000000e+00
 1.50000000e+01 4.55368980e+03 1.00000000e+02]","[1.0000000e+02 0.0000000e+00 1.0000000e+00 1.0000000e+00 1.5000000e+01
 4.5536898e+03 1.0000000e+02]","[0.0000000e+00 0.0000000e+00 2.6000000e+01 1.0000000e+00 1.5000000e+01
 4.5536898e+03 1.0000000e+02]","[1.0000000e+02 3.4435400e+01 1.0000000e+00 1.0000000e+00 1.5000000e+01
 4.5536898e+03 1.0000000e+02]","[0.81001207 0.45       0.99999114 1.         0.99597109 0.46
 1.         0.99999998 0.99999998 0.99999998 0.13185241 0.2160501 ]","[0.61910007 0.31       0.99997899 0.99998046 0.97864811 0.36
 0.99998046 0.9999994  0.9999994  0.9999994  0.30674665 0.06199731]","[[0.6844866  0.34       0.99999182 0.99998046 0.9790138  0.28
  0.99998046 0.99999933 0.99999933 0.99999933 0.29997054 0.02585752]]","[2.00795309e-01 8.00000000e-02 9.99992506e-01 2.31627366e-05
 2.75672745e-02 2.00000000e-02 2.31627366e-05 1.27818600e-03
 1.27818600e-03 1.27818600e-03 2.65143639e-02 3.86177504e-02]",293.8163771341279,398.0,273.0,363.5646,104.18362286587211,-125.0,-20.81637713412789,-90.56459999999998,0.354587528040726,-0.314070351758794,-0.07084825337909997,-0.24910181024225128,16.85373282432556,8.902516841888428,36.83171725273132,7.998946189880371,1.8931424813514308,0.4575874838710037,0.24170789487770206,0.21717548858754868,1002,103
138,"[4.32112900e-01 5.27385875e+00 5.35479957e-02 3.00000000e+00
 1.90000000e+01 2.20273219e+04 9.20000000e+01]","[0.00000000e+00 0.00000000e+00 0.00000000e+00 3.00000000e+00
 1.90000000e+01 2.20273219e+04 9.20000000e+01]","[9.50000000e+01 5.50200000e+00 0.00000000e+00 3.00000000e+00
 1.90000000e+01 2.20273219e+04 9.20000000e+01]","[0.00000000e+00 1.34170000e+01 0.00000000e+00 3.00000000e+00
 1.90000000e+01 2.20273219e+04 9.20000000e+01]","[0.83297046 0.51       0.99998831 0.97599051 0.97032942 0.58
 0.97599051 0.7105205  0.7105205  0.7105205  0.30267653 0.81741639]","[4.34329253e-01 4.90000000e-01 9.99988310e-01 1.83630738e-05
 7.62079305e-01 5.70000000e-01 1.83630738e-05 3.82394784e-04
 3.82394784e-04 3.82394784e-04 1.64030456e-01 6.63048376e-01]","[[6.77130438e-01 3.00000000e-01 9.99973990e-01 4.89563892e-04
  1.42243748e-01 3.10000000e-01 4.89563892e-04 4.22197528e-04
  4.22197528e-04 4.22197528e-04 6.91066998e-01 8.52084573e-01]]","[1.10042236e-01 1.90000000e-01 9.99993129e-01 1.80434152e-04
 2.77096717e-01 2.70000000e-01 1.80434152e-04 4.60341168e-04
 4.60341168e-04 4.60341168e-04 1.29627456e-01 1.51258039e-01]",292.1047061560412,297.0,386.498,283.58299999999997,4.895293843958825,89.49799999999999,94.39329384395882,102.91500000000002,0.01675869556632127,0.3013400673400673,0.3231488293568755,0.3629096243427851,14.293709993362427,1.2455077171325684,8.06532621383667,0.976442813873291,11.476211505352756,1.7722420165523496,0.1544274446079821,0.12106674770304149,186,5
139,"[5.90768673e+01 5.27298442e+00 4.09781510e-01 2.00000000e+00
 2.00000000e+01 5.19031250e+03 5.40000000e+01]","[1.0000000e+02 0.0000000e+00 0.0000000e+00 2.0000000e+00 2.0000000e+01
 5.1903125e+03 5.4000000e+01]","[1.0000000e+02 4.7006000e+00 1.0000000e+02 2.0000000e+00 2.0000000e+01
 5.1903125e+03 5.4000000e+01]","[1.0000000e+02 1.1032600e+01 1.0000000e+00 2.0000000e+00 2.0000000e+01
 5.1903125e+03 5.4000000e+01]","[0.36981494 0.3        0.99988104 0.97204305 0.80246084 0.27
 0.97204305 0.97270182 0.97270182 0.97270182 0.23866072 0.76970462]","[3.48316844e-01 2.60000000e-01 9.99881043e-01 1.56944157e-05
 1.13539811e-01 2.50000000e-01 1.56944157e-05 1.87862659e-03
 1.87862659e-03 1.87862659e-03 1.64827342e-01 7.40177593e-01]","[[1.20858204e-01 1.70000000e-01 9.99921833e-01 7.13982354e-06
  1.13539811e-01 1.90000000e-01 7.13982354e-06 6.06413562e-04
  6.06413562e-04 6.06413562e-04 6.02824116e-01 4.17077940e-01]]","[1.01317036e-02 4.00000000e-02 9.99931754e-01 4.10987602e-05
 5.23983635e-02 3.00000000e-02 4.10987602e-05 8.88271090e-05
 8.88271090e-05 8.88271090e-05 4.53337021e-03 6.75999850e-03]",351.3941013312327,398.0,293.2994,385.9674,46.60589866876728,-104.70060000000001,-58.09470133123273,-92.668,0.13263142008418466,-0.2630668341708543,-0.16532634187980075,-0.2400928161290306,12.927814960479736,8.036904335021973,46.55714178085327,15.637974262237549,1.6085565314178139,0.27767630198029747,0.17262452177266535,0.3358877642413328,1002,202
140,"[4.66144243e+01 5.27002626e+00 1.13580933e-02 4.00000000e+00
 1.50000000e+01 4.65819470e+03 7.90000000e+01]","[1.0000000e+02 0.0000000e+00 0.0000000e+00 4.0000000e+00 1.5000000e+01
 4.6581947e+03 7.9000000e+01]","[1.0000000e+02 1.0000000e+02 9.1000000e+01 4.0000000e+00 1.5000000e+01
 4.6581947e+03 7.9000000e+01]","[1.0000000e+02 2.0508700e+01 1.0000000e+00 4.0000000e+00 1.5000000e+01
 4.6581947e+03 7.9000000e+01]","[0.50775998 0.38       0.99986407 0.98321929 0.81502146 0.5
 0.98321929 0.93509639 0.93509639 0.93509639 0.25927553 0.78066859]","[1.66068629e-01 3.80000000e-01 9.99864074e-01 2.64896362e-05
 1.21975504e-01 5.30000000e-01 2.64896362e-05 2.23717093e-03
 2.23717093e-03 2.23717093e-03 1.30588942e-01 7.81207178e-01]","[[7.09619436e-02 6.00000000e-02 9.99982468e-01 5.86579579e-05
  1.34454119e-02 9.00000000e-02 5.86579579e-05 6.25836406e-04
  6.25836406e-04 6.25836406e-04 2.59097871e-02 5.24990337e-03]]","[9.02213748e-03 6.00000000e-02 9.99956726e-01 3.36088258e-05
 4.75436095e-02 3.00000000e-02 3.36088258e-05 6.93625760e-04
 6.93625760e-04 6.93625760e-04 4.35524831e-03 1.26305697e-02]",337.33303991966216,396.0,205.0,374.4913,58.666960080337844,-191.0,-132.33303991966216,-169.49130000000002,0.17391406455267389,-0.4823232323232323,-0.3922919615320754,-0.4525907544447628,10.869561910629272,7.726451635360718,24.488383769989014,10.639403104782104,1.406798673388941,0.4438660392095835,0.31551496856356986,0.434467346016559,1002,104
141,"[4.17022005e+01 7.20324493e+01 1.14374817e-02 2.00000000e+00
 1.40000000e+01 2.20519332e+04 7.80000000e+01]","[0.00000000e+00 5.45636263e+00 0.00000000e+00 2.00000000e+00
 1.40000000e+01 2.20519332e+04 7.80000000e+01]","[0.00000000e+00 3.57400000e+00 0.00000000e+00 2.00000000e+00
 1.40000000e+01 2.20519332e+04 7.80000000e+01]","[0.00000000e+00 2.22440000e+01 0.00000000e+00 2.00000000e+00
 1.40000000e+01 2.20519332e+04 7.80000000e+01]","[0.81803506 0.18       0.99997353 0.00100672 0.04900793 0.22
 0.00100672 0.00138157 0.00138157 0.00138157 0.89723152 0.72506561]","[4.48218529e-01 1.20000000e-01 9.99984257e-01 8.87117931e-04
 7.07235205e-02 1.10000000e-01 8.87117931e-04 4.14268288e-03
 4.14268288e-03 4.14268288e-03 3.07919236e-01 6.38213314e-01]","[[1.55868456e-01 2.50000000e-01 9.99986410e-01 6.22096107e-05
  3.61043708e-02 2.00000000e-01 6.22096107e-05 2.64242009e-03
  2.64242009e-03 2.64242009e-03 1.32563945e-01 3.91481247e-01]]","[5.57254580e-02 2.40000000e-01 9.99992281e-01 1.67632550e-04
 8.94293851e-02 1.60000000e-01 1.67632550e-04 6.98592417e-04
 6.98592417e-04 6.98592417e-04 4.72284802e-02 1.21709254e-01]",267.6583136443071,292.5436373737374,294.426,275.756,24.885323729430297,1.8823626262625908,26.767686355692888,18.670000000000016,0.09297422295838181,0.006434467839263889,0.10000693044515196,0.06770478248886704,10.18495798110962,0.4983358383178711,1.6013600826263428,1.2850518226623535,20.43794003555688,6.3601922463344875,0.3111953668162912,0.8024752437657734,72,9
142,"[1.56362092e+01 5.27060075e+00 2.87032703e-01 2.00000000e+00
 1.40000000e+01 2.98740870e+03 6.60000000e+01]","[0.00000000e+00 6.81975051e+00 0.00000000e+00 2.00000000e+00
 1.40000000e+01 2.98740870e+03 6.60000000e+01]","[9.0000000e+01 6.6576000e+00 0.0000000e+00 2.0000000e+00 1.4000000e+01
 2.9874087e+03 6.6000000e+01]","[0.0000000e+00 1.1406600e+01 0.0000000e+00 2.0000000e+00 1.4000000e+01
 2.9874087e+03 6.6000000e+01]","[0.40626805 0.3        0.99980577 0.98146797 0.81159905 0.33
 0.98146797 0.95906916 0.95906916 0.95906916 0.13763741 0.42671991]","[0.4538962  0.24       0.99997919 0.00210764 0.0868219  0.28
 0.00210764 0.00304931 0.00304931 0.00304931 0.17108346 0.35810621]","[[0.58293539 0.17       0.99977697 0.00397399 0.13306177 0.31
  0.00397399 0.00314195 0.00314195 0.00314195 0.23232368 0.41681099]]","[0.2030966  0.19       0.99998165 0.00240434 0.06005787 0.16
 0.00240434 0.0021087  0.0021087  0.0021087  0.04152774 0.1891831 ]",308.07857578729715,291.1802494949495,381.3424,286.5934,-16.898326292347633,90.16215050505048,73.26382421270284,94.74900000000002,-0.054850702452008654,0.30964377103679325,0.23780889023352753,0.33060426374089574,12.706241846084595,0.3208441734313965,2.2809224128723145,0.8996634483337402,39.602532625706125,5.57065938515809,0.14066422058932054,0.3944296584822516,72,4
143,"[6.62434032e+00 1.16350335e+01 4.47429222e-02 3.00000000e+00
 3.00000000e+00 1.38062185e+04 2.10000000e+01]","[1.00000000e+02 0.00000000e+00 0.00000000e+00 3.00000000e+00
 3.00000000e+00 1.38062185e+04 2.10000000e+01]","[1.00000000e+02 4.07000000e-01 1.00000000e+00 3.00000000e+00
 3.00000000e+00 1.38062185e+04 2.10000000e+01]","[0.00000000e+00 1.30710000e+01 1.00000000e+00 3.00000000e+00
 3.00000000e+00 1.38062185e+04 2.10000000e+01]","[0.11343535 0.05       0.99973803 0.99968139 0.06147517 0.06
 0.99968139 0.82462091 0.82462091 0.82462091 0.05390553 0.21847917]","[6.79230985e-01 6.00000000e-02 9.99731167e-01 2.68798954e-05
 2.33306836e-02 1.20000000e-01 2.68798954e-05 9.01131065e-04
 9.01131065e-04 9.01131065e-04 4.66913918e-01 5.27578890e-01]","[[3.91188924e-01 8.00000000e-02 9.99772803e-01 1.22284820e-05
  2.33306836e-02 1.20000000e-01 1.22284820e-05 2.90688914e-04
  2.90688914e-04 2.90688914e-04 9.37582567e-01 2.06529722e-01]]","[4.81646011e-03 7.00000000e-02 9.99943220e-01 3.15451934e-05
 6.34822931e-02 7.00000000e-02 3.15451934e-05 7.17372943e-05
 7.17372943e-05 7.17372943e-05 2.41174148e-03 3.79165966e-03]",291.94456387298,397.0,395.593,282.929,105.05543612702002,-1.4069999999999823,103.64843612702003,112.66400000000004,0.35984720774841283,-0.0035440806045339605,0.35502779963430203,0.39820591031672276,13.493510961532593,10.174270391464233,21.787703275680542,1.2409234046936035,1.326238682712134,0.6193177312357684,0.46697305644054576,0.05695521868423477,306,3
144,"[1.24128177e+01 5.26849596e+00 3.89847143e-01 3.00000000e+00
 1.60000000e+01 1.10365168e+04 8.50000000e+01]","[1.00000000e+02 5.45636263e+00 0.00000000e+00 3.00000000e+00
 1.60000000e+01 1.10365168e+04 8.50000000e+01]","[9.60000000e+01 5.50200000e+00 0.00000000e+00 3.00000000e+00
 1.60000000e+01 1.10365168e+04 8.50000000e+01]","[1.00000000e+02 1.34170000e+01 0.00000000e+00 3.00000000e+00
 1.60000000e+01 1.10365168e+04 8.50000000e+01]","[0.58573541 0.32       0.9996399  0.98321929 0.78448631 0.38
 0.98321929 0.76051107 0.76051107 0.76051107 0.36237855 0.76406492]","[6.18919984e-01 1.10000000e-01 9.99403176e-01 4.94266172e-04
 7.08519454e-02 2.20000000e-01 4.94266172e-04 4.87546737e-04
 4.87546737e-04 4.87546737e-04 3.87723003e-01 7.64064924e-01]","[[6.59668660e-01 1.10000000e-01 9.99403176e-01 4.94266172e-04
  7.08519454e-02 2.10000000e-01 4.94266172e-04 4.87546737e-04
  4.87546737e-04 4.87546737e-04 7.51747790e-01 7.64064924e-01]]","[1.62622704e-01 1.30000000e-01 9.99835739e-01 2.07780735e-04
 1.09447631e-01 1.70000000e-01 2.07780735e-04 6.13443233e-04
 6.13443233e-04 6.13443233e-04 1.82619319e-01 2.37104516e-01]",303.7544745832858,391.5436373737374,387.498,383.58299999999997,87.7891627904516,-4.0456373737374065,83.74352541671419,3.9150000000000205,0.28901356238747644,-0.010332532539344403,0.2756947878104516,0.010206396008165171,15.897444248199463,9.268513679504395,9.864881992340088,11.245049238204956,1.7152096655317803,1.611518947772873,0.9395463307823891,1.1399071217411971,186,113
145,"[9.64836166e+01 5.26963801e+00 1.03442665e-01 2.00000000e+00
 5.00000000e+00 3.68932790e+03 6.70000000e+01]","[1.00000000e+02 5.45636263e+00 0.00000000e+00 2.00000000e+00
 5.00000000e+00 3.68932790e+03 6.70000000e+01]","[9.6000000e+01 3.7588000e+00 1.0000000e+02 2.0000000e+00 5.0000000e+00
 3.6893279e+03 6.7000000e+01]","[1.0000000e+02 5.3418000e+00 1.0000000e+00 2.0000000e+00 5.0000000e+00
 3.6893279e+03 6.7000000e+01]","[0.50243514 0.24       0.99973943 0.98402475 0.80646954 0.25
 0.98402475 0.97348817 0.97348817 0.97348817 0.24363854 0.52483609]","[0.51614691 0.14       0.99956811 0.0040021  0.08381717 0.17
 0.0040021  0.00328323 0.00328323 0.00328323 0.24419211 0.52483609]","[[5.67699336e-02 9.00000000e-02 9.99796633e-01 2.58247567e-05
  1.05982788e-01 2.70000000e-01 2.58247567e-05 1.16365853e-03
  1.16365853e-03 1.16365853e-03 4.49396138e-01 1.54021522e-01]]","[4.85958731e-02 8.00000000e-02 9.99740147e-01 5.09511875e-04
 7.62496727e-02 2.30000000e-01 5.09511875e-04 8.29016341e-04
 8.29016341e-04 8.29016341e-04 2.65534798e-02 4.64529340e-02]",389.1105359632132,392.5436373737374,290.2412,391.6582,3.433101410524216,-102.3024373737374,-98.86933596321319,-101.41700000000003,0.00882294642067668,-0.26061417797567343,-0.2540906164837448,-0.25894261884469677,4.301529407501221,3.0238280296325684,26.382739782333374,6.073863744735718,1.4225443263795357,0.16304331706980812,0.11461387462334025,0.2302211140634813,1002,202
146,"[5.26614637e+01 5.21658402e+00 3.43969909e-01 4.00000000e+00
 1.40000000e+01 1.28342726e+04 9.80000000e+01]","[1.00000000e+02 0.00000000e+00 0.00000000e+00 4.00000000e+00
 1.40000000e+01 1.28342726e+04 9.80000000e+01]","[8.10000000e+01 5.07140000e+00 0.00000000e+00 4.00000000e+00
 1.40000000e+01 1.28342726e+04 9.80000000e+01]","[1.00000000e+02 1.40954000e+01 0.00000000e+00 4.00000000e+00
 1.40000000e+01 1.28342726e+04 9.80000000e+01]","[0.66412052 0.48       0.9997607  0.99999577 0.99542106 0.43
 0.99999577 0.99999881 0.99999881 0.99999881 0.50800627 0.79277381]","[0.30391101 0.48       0.9997607  0.99999577 0.9379465  0.47
 0.99999577 0.99999881 0.99999881 0.99999881 0.25938808 0.79277381]","[[0.68269391 0.45       0.9997607  0.99999577 0.9379465  0.46
  0.99999577 0.99999881 0.99999881 0.99999881 0.41540206 0.79277381]]","[4.70207555e-01 1.30000000e-01 9.99886396e-01 3.02904623e-04
 2.17584621e-01 2.80000000e-01 3.02904623e-04 4.98345550e-03
 4.98345550e-03 4.98345550e-03 1.44426995e-01 2.56473028e-01]",343.10090978433055,396.0,371.9286,381.9046,52.899090215669446,-24.071399999999983,28.827690215669463,-9.975999999999999,0.15417939360440994,-0.06078636363636359,0.08402102528317465,-0.026121706834638804,3.8449182510375977,3.1664955615997314,0.9190628528594971,6.201889753341675,1.2142503206589443,4.183520462256562,3.445352569465468,6.748058344481688,84,205
147,"[4.17022005e+01 7.20324493e+01 1.14374817e-02 1.00000000e+00
 1.00000000e+00 2.01729207e+04 6.30000000e+01]","[1.00000000e+02 0.00000000e+00 1.00000000e+00 1.00000000e+00
 1.00000000e+00 2.01729207e+04 6.30000000e+01]","[1.00000000e+02 1.00000000e+02 9.60000000e+01 1.00000000e+00
 1.00000000e+00 2.01729207e+04 6.30000000e+01]","[1.00000000e+02 3.72199000e+01 1.00000000e+00 1.00000000e+00
 1.00000000e+00 2.01729207e+04 6.30000000e+01]","[7.73410671e-01 4.00000000e-02 9.99970202e-01 1.92032464e-04
 3.06751535e-02 1.60000000e-01 1.92032464e-04 6.10707420e-05
 6.10707420e-05 6.10707420e-05 8.71358077e-01 6.82616176e-01]","[8.71810217e-02 1.00000000e-02 9.99953260e-01 1.37405624e-05
 2.06063620e-02 3.00000000e-02 1.37405624e-05 3.92134254e-04
 3.92134254e-04 3.92134254e-04 7.45062706e-01 8.51152793e-01]","[[1.06703321e-01 8.00000000e-02 9.99977648e-01 5.11594380e-05
  3.06751535e-02 2.10000000e-01 5.11594380e-05 3.37568158e-05
  3.37568158e-05 3.37568158e-05 1.15840148e-02 1.92806945e-02]]","[4.58311298e-03 6.00000000e-02 9.99976197e-01 2.33882058e-05
 8.25371452e-02 3.00000000e-02 2.33882058e-05 2.48907937e-05
 2.48907937e-05 2.48907937e-05 3.17223291e-03 5.75370143e-03]",268.6583136443071,398.0,203.0,360.7801,129.3416863556929,-195.0,-65.6583136443071,-157.7801,0.48143563696650066,-0.4899497487437186,-0.24439338114522705,-0.4373303849075933,4.565945386886597,3.1000800132751465,10.0812668800354,7.06483793258667,1.4728475933957605,0.4529138491441825,0.30750897185496,0.7007887021201309,1002,239
148,"[8.24744291e+01 5.27649459e+00 1.99546556e-01 4.00000000e+00
 6.00000000e+00 1.09341473e+04 8.20000000e+01]","[0.00000000e+00 0.00000000e+00 0.00000000e+00 4.00000000e+00
 6.00000000e+00 1.09341473e+04 8.20000000e+01]","[9.50000000e+01 6.29350000e+00 0.00000000e+00 4.00000000e+00
 6.00000000e+00 1.09341473e+04 8.20000000e+01]","[0.00000000e+00 1.34170000e+01 0.00000000e+00 4.00000000e+00
 6.00000000e+00 1.09341473e+04 8.20000000e+01]","[0.49626972 0.25       0.99935    0.99012124 0.78902755 0.28
 0.99012124 0.79509097 0.79509097 0.79509097 0.33991786 0.78294731]","[1.22179837e-01 3.10000000e-01 9.99906052e-01 4.53120300e-05
 3.41669633e-02 3.20000000e-01 4.53120300e-05 6.76480508e-04
 6.76480508e-04 6.76480508e-04 2.46568208e-01 6.04607870e-01]","[[5.35551448e-01 8.00000000e-02 9.99253659e-01 1.10567687e-03
  1.12806845e-01 1.70000000e-01 1.10567687e-03 7.48170613e-04
  7.48170613e-04 7.48170613e-04 4.93665137e-01 5.64790922e-01]]","[7.48700796e-02 8.00000000e-02 9.99946909e-01 2.85038337e-04
 9.57250789e-02 1.00000000e-01 2.85038337e-04 7.25810215e-04
 7.25810215e-04 7.25810215e-04 1.66983998e-01 1.10726368e-01]",372.99838795641836,296.0,384.7065,282.58299999999997,-76.99838795641836,88.7065,11.70811204358165,102.12350000000004,-0.20643088668097662,0.2996841216216216,0.03138917599008401,0.36139293588078564,4.139966011047363,0.2902398109436035,2.016199827194214,0.30631327629089355,14.263949516738762,2.0533510395190477,0.14395389138957884,0.15192605026514935,126,4
149,"[4.17022005e+01 7.20324493e+01 1.14374817e-02 4.00000000e+00
 1.50000000e+01 2.64095620e+04 8.60000000e+01]","[1.0000000e+02 4.9993700e+01 0.0000000e+00 4.0000000e+00 1.5000000e+01
 2.6409562e+04 8.6000000e+01]","[1.0000000e+00 8.1330600e+01 0.0000000e+00 4.0000000e+00 1.5000000e+01
 2.6409562e+04 8.6000000e+01]","[1.0000000e+02 3.0330600e+01 0.0000000e+00 4.0000000e+00 1.5000000e+01
 2.6409562e+04 8.6000000e+01]","[8.27933368e-01 1.90000000e-01 9.99992880e-01 4.89821168e-04
 1.44136791e-01 1.30000000e-01 4.89821168e-04 2.95241870e-03
 2.95241870e-03 2.95241870e-03 8.11562870e-01 5.54697886e-01]","[8.27933368e-01 1.90000000e-01 9.99992880e-01 4.89821168e-04
 1.44136791e-01 1.30000000e-01 4.89821168e-04 2.95241870e-03
 2.95241870e-03 2.95241870e-03 8.11562870e-01 5.54697886e-01]","[[8.27933368e-01 1.90000000e-01 9.99992880e-01 4.89821168e-04
  1.44136791e-01 1.30000000e-01 4.89821168e-04 2.95241870e-03
  2.95241870e-03 2.95241870e-03 8.11562870e-01 5.54697886e-01]]","[9.95713954e-02 8.00000000e-02 9.99988384e-01 1.41448172e-04
 2.30065198e-01 1.10000000e-01 1.41448172e-04 5.03004766e-04
 5.03004766e-04 5.03004766e-04 5.66871128e-02 1.23563535e-01]",265.6583136443071,346.0063,215.6694,365.6694,80.34798635569291,-130.3369,-49.988913644307104,-150.0,0.3024486049522686,-0.3766893839794247,-0.1881699577120625,-0.4102065964502362,3.9262566566467285,5.865585803985596,0.5178923606872559,3.1927521228790283,0.6693716174058666,7.5812214172004575,11.325878211838884,6.1648951891125945,66,104
150,"[4.17022005e+01 7.20324493e+01 1.14374817e-02 2.00000000e+00
 3.00000000e+00 2.30228798e+04 5.10000000e+01]","[0.00000000e+00 0.00000000e+00 1.00000000e+00 2.00000000e+00
 3.00000000e+00 2.30228798e+04 5.10000000e+01]","[1.00000000e+02 1.00000000e+02 9.10000000e+01 2.00000000e+00
 3.00000000e+00 2.30228798e+04 5.10000000e+01]","[0.00000000e+00 2.06903000e+01 1.00000000e+00 2.00000000e+00
 3.00000000e+00 2.30228798e+04 5.10000000e+01]","[7.71210484e-01 3.00000000e-02 9.99955403e-01 3.23976380e-04
 2.72358462e-02 1.40000000e-01 3.23976380e-04 6.10707420e-05
 6.10707420e-05 6.10707420e-05 8.80140347e-01 7.07380565e-01]","[2.33593237e-01 1.10000000e-01 9.99980145e-01 1.78238736e-05
 1.86239662e-02 9.00000000e-02 1.78238736e-05 4.38923317e-04
 4.38923317e-04 4.38923317e-04 8.41247566e-01 7.22271226e-01]","[[1.12540381e-01 4.00000000e-02 9.99963164e-01 8.02048324e-05
  2.72358462e-02 1.60000000e-01 8.02048324e-05 3.37568158e-05
  3.37568158e-05 3.37568158e-05 1.25458776e-02 2.16194154e-02]]","[4.12778821e-03 2.00000000e-02 9.99983615e-01 2.29734400e-05
 5.26463024e-02 2.00000000e-02 2.29734400e-05 3.69019496e-05
 3.69019496e-05 3.69019496e-05 2.60143789e-03 8.34934087e-03]",267.6583136443071,297.0,207.0,276.3097,29.3416863556929,-90.0,-60.6583136443071,-69.30970000000002,0.10962366890903026,-0.30303030303030304,-0.22662592773006981,-0.2508406328116603,3.9026105403900146,0.32665300369262695,9.910382747650146,0.28453803062438965,11.94726665995174,0.3937900926495865,0.032960684971534496,0.028711104088472925,1002,3
151,"[3.91596889e+00 5.27933436e+00 2.95015385e-01 4.00000000e+00
 1.00000000e+00 2.80724127e+04 1.40000000e+01]","[1.00000000e+02 0.00000000e+00 1.00000000e+00 4.00000000e+00
 1.00000000e+00 2.80724127e+04 1.40000000e+01]","[0.00000000e+00 2.59720000e+00 1.00000000e+02 4.00000000e+00
 1.00000000e+00 2.80724127e+04 1.40000000e+01]","[1.00000000e+02 9.48720000e+00 1.00000000e+00 4.00000000e+00
 1.00000000e+00 2.80724127e+04 1.40000000e+01]","[0.59280762 0.23       0.99999156 0.98687868 0.62758236 0.23
 0.98687868 0.95888087 0.95888087 0.95888087 0.80278426 0.6537368 ]","[3.50646674e-01 1.10000000e-01 9.99992207e-01 1.51686398e-05
 1.83464639e-02 2.10000000e-01 1.51686398e-05 3.97529586e-04
 3.97529586e-04 3.97529586e-04 9.76866421e-01 8.82276007e-01]","[[3.55655957e-01 1.00000000e-01 9.99993282e-01 1.51686398e-05
  1.54193054e-02 1.60000000e-01 1.51686398e-05 4.44962128e-04
  4.44962128e-04 4.44962128e-04 9.24205008e-01 7.60471802e-01]]","[5.27251469e-03 9.00000000e-02 9.99993901e-01 8.71972632e-05
 4.29755139e-02 9.00000000e-02 8.71972632e-05 9.21565796e-05
 9.21565796e-05 9.21565796e-05 3.88040081e-03 7.98125860e-03]",294.3416191428988,395.0,193.4028,385.5128,100.65838085710118,-201.5972,-100.93881914289881,-192.11,0.3419780768693567,-0.510372658227848,-0.34293084150595227,-0.49832327227526557,4.431886434555054,9.776374340057373,24.780444622039795,10.40675687789917,0.45332618007434494,0.1788461225031177,0.3945197307461642,0.41995844048106273,1002,102
152,"[6.07489301e+00 5.27347036e+00 3.29212573e-01 4.00000000e+00
 1.90000000e+01 9.98178550e+03 2.00000000e+01]","[1.0000000e+02 0.0000000e+00 0.0000000e+00 4.0000000e+00 1.9000000e+01
 9.9817855e+03 2.0000000e+01]","[1.0000000e+02 9.6562300e+01 0.0000000e+00 4.0000000e+00 1.9000000e+01
 9.9817855e+03 2.0000000e+01]","[0.0000000e+00 3.6562300e+01 0.0000000e+00 4.0000000e+00 1.9000000e+01
 9.9817855e+03 2.0000000e+01]","[0.46730697 0.35       0.99992704 0.97204305 0.73066384 0.39
 0.97204305 0.97171489 0.97171489 0.97171489 0.65430115 0.80876297]","[5.26029601e-01 3.10000000e-01 9.99927042e-01 1.56944157e-05
 2.92080634e-02 3.90000000e-01 1.56944157e-05 1.81400549e-03
 1.81400549e-03 1.81400549e-03 5.83803501e-01 7.93635526e-01]","[[7.05464398e-01 3.00000000e-02 9.99987657e-01 9.58771622e-05
  1.10257199e-02 1.10000000e-01 9.58771622e-05 9.60177601e-05
  9.60177601e-05 9.60177601e-05 6.35265531e-01 1.42252531e-01]]","[3.43935516e-02 1.00000000e-02 9.99994799e-01 2.43663897e-05
 5.99259227e-02 2.00000000e-02 2.43663897e-05 7.52505988e-05
 7.52505988e-05 7.52505988e-05 3.20473806e-02 4.08557940e-02]",296.4722100805264,396.0,299.4377,259.4377,99.5277899194736,-96.5623,2.9654899194736117,40.0,0.3357069787162862,-0.2438441919191919,0.010002589850388134,0.15417959687431704,4.150453805923462,3.179818630218506,3.614565849304199,0.3355283737182617,1.305248597036573,1.148257903981033,0.8797235305121411,0.09282674260391484,180,5
153,"[1.40445570e+01 5.26910618e+00 1.60664825e-03 3.00000000e+00
 1.60000000e+01 1.80283724e+04 5.10000000e+01]","[0.00000000e+00 5.45636263e+00 0.00000000e+00 3.00000000e+00
 1.60000000e+01 1.80283724e+04 5.10000000e+01]","[9.50000000e+01 5.25540000e+00 0.00000000e+00 3.00000000e+00
 1.60000000e+01 1.80283724e+04 5.10000000e+01]","[0.00000000e+00 1.49629000e+01 0.00000000e+00 3.00000000e+00
 1.60000000e+01 1.80283724e+04 5.10000000e+01]","[0.31769342 0.29       0.99966792 0.97227585 0.68937397 0.25
 0.97227585 0.92395138 0.92395138 0.92395138 0.26714743 0.66278772]","[2.88163034e-01 4.00000000e-02 9.99860477e-01 8.11595275e-05
 4.42695771e-02 7.00000000e-02 8.11595275e-05 1.08215185e-04
 1.08215185e-04 1.08215185e-04 2.01561572e-01 5.95601440e-01]","[[3.17693420e-01 2.80000000e-01 9.99667925e-01 4.22729502e-05
  6.89373971e-01 2.60000000e-01 4.22729502e-05 6.42280711e-04
  6.42280711e-04 6.42280711e-04 2.67147432e-01 6.62787719e-01]]","[5.40211305e-02 5.00000000e-02 9.99962994e-01 4.48224592e-05
 5.81425600e-02 5.00000000e-02 4.48224592e-05 1.21151118e-04
 1.21151118e-04 1.21151118e-04 3.62550694e-02 8.57092075e-02]",305.77384418675797,291.5436373737374,386.7446,282.0371,-14.230206813020573,95.2009626262626,80.97075581324202,104.70749999999998,-0.04653833898339966,0.3265410402499095,0.2648060236433676,0.3712543491618655,4.7803637981414795,0.11694931983947754,3.5784404277801514,0.3037574291229248,40.87551603295272,1.3358791056099624,0.032681645034964533,0.08488542292468945,210,4
154,"[2.01241136e+01 5.26874402e+00 2.14071370e-03 4.00000000e+00
 2.30000000e+01 2.04336142e+04 3.80000000e+01]","[1.00000000e+02 0.00000000e+00 0.00000000e+00 4.00000000e+00
 2.30000000e+01 2.04336142e+04 3.80000000e+01]","[1.00000000e+00 9.35700000e+01 0.00000000e+00 4.00000000e+00
 2.30000000e+01 2.04336142e+04 3.80000000e+01]","[1.00000000e+02 4.85700000e+01 0.00000000e+00 4.00000000e+00
 2.30000000e+01 2.04336142e+04 3.80000000e+01]","[0.4759206  0.28       0.99999429 0.98098884 0.01505255 0.43
 0.98098884 0.92395138 0.92395138 0.92395138 0.56175668 0.77943934]","[6.24087581e-01 2.40000000e-01 9.99994290e-01 2.28756798e-05
 1.07544682e-02 4.30000000e-01 2.28756798e-05 6.42280711e-04
 6.42280711e-04 6.42280711e-04 4.48042683e-01 8.10340855e-01]","[[7.65404289e-01 5.00000000e-02 9.99996916e-01 1.35086704e-04
  1.13329803e-02 1.60000000e-01 1.35086704e-04 6.39373045e-05
  6.39373045e-05 6.39373045e-05 7.17276997e-01 2.78283966e-01]]","[5.74285532e-02 3.00000000e-02 9.99996916e-01 4.37335198e-05
 2.09392886e-02 1.00000000e-01 4.37335198e-05 6.77178925e-05
 6.77178925e-05 6.77178925e-05 4.55347904e-02 6.35126460e-02]",310.85322887294444,396.0,203.43,347.43,85.14677112705556,-192.57,-107.42322887294443,-144.0,0.2739130985892308,-0.48628787878787877,-0.34557539988382013,-0.41447197996718765,5.227932929992676,3.1203126907348633,7.397120475769043,6.079800128936768,1.6754516127553383,0.7067524379409479,0.4218280209111316,0.8219144393892922,1002,203
155,"[4.10549419e+01 5.27201514e+00 1.68695792e-02 4.00000000e+00
 4.00000000e+00 3.74070116e+04 1.30000000e+01]","[1.00000000e+02 0.00000000e+00 0.00000000e+00 4.00000000e+00
 4.00000000e+00 3.74070116e+04 1.30000000e+01]","[5.00000000e+01 1.00000000e+02 0.00000000e+00 4.00000000e+00
 4.00000000e+00 3.74070116e+04 1.30000000e+01]","[0.00000000e+00 1.93844000e+01 0.00000000e+00 4.00000000e+00
 4.00000000e+00 3.74070116e+04 1.30000000e+01]","[0.6101133  0.34       0.99999031 0.98687868 0.77278126 0.3
 0.98687868 0.95547725 0.95547725 0.95547725 0.75684376 0.76502551]","[6.40264575e-01 2.20000000e-01 9.99990309e-01 3.33426516e-05
 3.63484670e-02 2.00000000e-01 3.33426516e-05 1.13394435e-03
 1.13394435e-03 1.13394435e-03 8.17155220e-01 7.40877535e-01]","[5.92438995e-01 2.00000000e-01 9.99993888e-01 2.75725988e-04
 3.04809155e-02 2.50000000e-01 2.75725988e-04 1.01856137e-04
 1.01856137e-04 1.01856137e-04 5.27423637e-01 5.10572626e-01]","[1.85037851e-02 5.00000000e-02 9.99992916e-01 9.23167984e-05
 5.86373322e-02 5.00000000e-02 9.23167984e-05 6.20355147e-05
 6.20355147e-05 6.20355147e-05 1.49272463e-02 6.99811176e-02]",331.76605719173193,396.0,246.0,276.6156,64.23394280826807,-150.0,-85.76605719173193,-30.615599999999972,0.19361215958010566,-0.3787878787878788,-0.2585136584426616,-0.11067922416523138,4.572483539581299,5.145711898803711,22.250218152999878,0.3576996326446533,0.8886007669112455,0.2055028633040533,0.23126568303376127,0.016076230362551597,1002,5
156,"[8.01446611e+01 5.26843930e+00 4.73653039e-02 4.00000000e+00
 7.00000000e+00 3.56698474e+04 1.50000000e+01]","[1.00000000e+02 0.00000000e+00 0.00000000e+00 4.00000000e+00
 7.00000000e+00 3.56698474e+04 1.50000000e+01]","[9.60000000e+01 2.76550000e+00 0.00000000e+00 4.00000000e+00
 7.00000000e+00 3.56698474e+04 1.50000000e+01]","[1.00000000e+02 1.46380000e+01 0.00000000e+00 4.00000000e+00
 7.00000000e+00 3.56698474e+04 1.50000000e+01]","[0.68029879 0.28       0.99998911 0.98687868 0.64430663 0.3
 0.98687868 0.94046301 0.94046301 0.94046301 0.73084292 0.61275136]","[7.07623422e-01 1.40000000e-01 9.99989109e-01 3.33426516e-05
 1.96939205e-02 2.00000000e-01 3.33426516e-05 8.34907136e-04
 8.34907136e-04 8.34907136e-04 7.75355838e-01 5.44185536e-01]","[7.07623422e-01 1.40000000e-01 9.99989109e-01 3.33426516e-05
 1.96939205e-02 2.00000000e-01 3.33426516e-05 8.34907136e-04
 8.34907136e-04 8.34907136e-04 7.75355838e-01 5.44185536e-01]","[9.19171079e-02 1.00000000e-02 9.99988461e-01 1.17594483e-04
 3.31989538e-02 2.00000000e-02 1.17594483e-04 1.48673448e-04
 1.48673448e-04 1.48673448e-04 2.15638076e-02 8.42672797e-02]",370.8288565227849,396.0,389.2345,381.362,25.171143477215082,-6.7654999999999745,18.405643477215108,7.872500000000002,0.06787806028161265,-0.017084595959595897,0.04963379508758431,0.020643115989532262,19.395081996917725,9.96855640411377,2.9118716716766357,10.254146575927734,1.9456259472950235,6.66069256608076,3.423418861853188,3.5214967320395227,198,102
157,"[4.17022005e+01 7.20324493e+01 1.14374817e-02 2.00000000e+00
 1.00000000e+01 3.96735104e+04 9.20000000e+01]","[0.00000000e+00 0.00000000e+00 0.00000000e+00 2.00000000e+00
 1.00000000e+01 3.96735104e+04 9.20000000e+01]","[0.00000000e+00 2.96040000e+00 0.00000000e+00 2.00000000e+00
 1.00000000e+01 3.96735104e+04 9.20000000e+01]","[0.00000000e+00 9.85040000e+00 0.00000000e+00 2.00000000e+00
 1.00000000e+01 3.96735104e+04 9.20000000e+01]","[0.75593812 0.09       0.99995944 0.00655103 0.00858477 0.08
 0.00655103 0.00197666 0.00197666 0.00197666 0.87340757 0.69368252]","[3.62909308e-01 3.60000000e-01 9.99994541e-01 2.18420441e-04
 5.70572250e-02 3.50000000e-01 2.18420441e-04 4.90148432e-04
 4.90148432e-04 4.90148432e-04 7.24123859e-01 5.59714629e-01]","[3.62909308e-01 3.60000000e-01 9.99994541e-01 2.18420441e-04
 5.70572250e-02 3.50000000e-01 2.18420441e-04 4.90148432e-04
 4.90148432e-04 4.90148432e-04 7.24123859e-01 5.59714629e-01]","[8.10022547e-02 1.30000000e-01 9.99995949e-01 2.59528000e-03
 2.70892363e-02 1.40000000e-01 2.59528000e-03 5.78907192e-04
 5.78907192e-04 5.78907192e-04 2.56623249e-01 2.01536105e-01]",267.6583136443071,298.0,295.0396,288.14959999999996,30.3416863556929,-2.960399999999993,27.381286355692907,6.890000000000043,0.11335977553835361,-0.009934228187919438,0.10229940547290484,0.023911190576006505,14.39208984375,1.1130752563476562,31.0046443939209,1.4248855113983154,12.930024058727971,0.46419141793388435,0.03590027488158831,0.0459571634912121,1002,5
158,"[4.26425315e+00 5.27093748e+00 1.16374780e-01 1.00000000e+00
 7.00000000e+00 2.74870328e+04 1.60000000e+01]","[1.00000000e+02 0.00000000e+00 0.00000000e+00 1.00000000e+00
 7.00000000e+00 2.74870328e+04 1.60000000e+01]","[2.50000000e+01 4.20800000e+00 8.00000000e+01 1.00000000e+00
 7.00000000e+00 2.74870328e+04 1.60000000e+01]","[0.00000000e+00 2.35000000e+01 0.00000000e+00 1.00000000e+00
 7.00000000e+00 2.74870328e+04 1.60000000e+01]","[0.75062373 0.22       0.99997779 0.97955394 0.56259661 0.32
 0.97955394 0.95860462 0.95860462 0.95860462 0.62033955 0.5733614 ]","[8.30478341e-01 7.00000000e-02 9.99977785e-01 2.16392582e-05
 1.40642708e-02 2.50000000e-01 2.16392582e-05 1.22349454e-03
 1.22349454e-03 1.22349454e-03 5.60355689e-01 5.80865141e-01]","[[5.57528826e-01 4.00000000e-02 9.99979485e-01 1.15750312e-05
  1.40642708e-02 2.60000000e-01 1.15750312e-05 3.94763942e-04
  3.94763942e-04 3.94763942e-04 8.42934336e-01 7.18943181e-01]]","[7.02213975e-02 2.00000000e-02 9.99983761e-01 3.15835084e-05
 3.47613501e-02 4.00000000e-02 3.15835084e-05 4.71815194e-05
 4.71815194e-05 4.71815194e-05 1.83142221e-02 5.77290154e-02]",297.8769408833544,399.0,239.792,275.5,101.1230591166456,-159.208,-58.08494088335439,-35.708,0.3394793125535836,-0.3990175438596491,-0.1949964327923586,-0.12961161524500908,17.55596375465393,9.758936643600464,11.872673511505127,1.4880704879760742,1.7989627759461333,1.478686644389021,0.8219662264058418,0.12533575411924452,186,5
159,"[9.31972069e+01 1.39515730e+00 2.34362086e+01 1.00000000e+00
 2.30000000e+01 2.01287015e+04 2.90000000e+01]","[0.00000000e+00 0.00000000e+00 0.00000000e+00 1.00000000e+00
 2.30000000e+01 2.01287015e+04 2.90000000e+01]","[9.50000000e+01 1.93343000e+01 0.00000000e+00 1.00000000e+00
 2.30000000e+01 2.01287015e+04 2.90000000e+01]","[0.00000000e+00 1.93343000e+01 0.00000000e+00 1.00000000e+00
 2.30000000e+01 2.01287015e+04 2.90000000e+01]","[8.65282622e-01 1.30000000e-01 9.99988192e-01 7.94132696e-06
 7.58696802e-03 1.50000000e-01 7.94132696e-06 2.79452596e-04
 2.79452596e-04 2.79452596e-04 9.89839087e-01 9.07054028e-01]","[8.84395192e-01 1.00000000e-01 9.99987962e-01 1.48461775e-05
 7.72101649e-03 1.60000000e-01 1.48461775e-05 7.73367570e-04
 7.73367570e-04 7.73367570e-04 2.23462273e-01 5.62459568e-01]","[[3.32588213e-02 7.00000000e-02 9.99991921e-01 4.75141144e-05
  2.09667661e-02 1.00000000e-02 4.75141144e-05 5.46934479e-05
  5.46934479e-05 5.46934479e-05 8.50744034e-02 1.47553524e-01]]","[2.24228001e-02 7.00000000e-02 9.99993409e-01 3.73000903e-05
 2.13321308e-02 2.00000000e-02 3.73000903e-05 4.73921426e-05
 4.73921426e-05 4.73921426e-05 2.58000955e-02 1.03605416e-01]",367.365841009982,299.0,374.6657,279.6657,-68.36584100998198,75.66570000000002,7.299858990018038,95.0,-0.18609743579323249,0.2530625418060201,0.01987081588736958,0.3396912814120573,13.532330989837646,1.4568729400634766,8.087989807128906,1.419100046157837,9.28861441358643,1.6731389767467308,0.18012793967412785,0.17545769468045266,150,5
160,"[4.17022005e+01 7.20324493e+01 1.14374817e-02 3.00000000e+00
 0.00000000e+00 3.06933703e+04 1.70000000e+01]","[1.00000000e+02 0.00000000e+00 0.00000000e+00 3.00000000e+00
 0.00000000e+00 3.06933703e+04 1.70000000e+01]","[1.00000000e+02 4.40480000e+00 0.00000000e+00 3.00000000e+00
 0.00000000e+00 3.06933703e+04 1.70000000e+01]","[1.00000000e+02 1.02293000e+01 0.00000000e+00 3.00000000e+00
 0.00000000e+00 3.06933703e+04 1.70000000e+01]","[6.97077741e-01 8.00000000e-02 9.99974130e-01 3.19727641e-04
 1.51959721e-02 2.00000000e-01 3.19727641e-04 1.20308063e-04
 1.20308063e-04 1.20308063e-04 6.94616302e-01 5.24073595e-01]","[6.71243812e-01 6.00000000e-02 9.99986693e-01 3.33426516e-05
 1.56184780e-02 4.00000000e-02 3.33426516e-05 1.23205896e-03
 1.23205896e-03 1.23205896e-03 8.60286815e-01 2.75087787e-01]","[6.71243812e-01 6.00000000e-02 9.99986693e-01 3.33426516e-05
 1.56184780e-02 4.00000000e-02 3.33426516e-05 1.23205896e-03
 1.23205896e-03 1.23205896e-03 8.60286815e-01 2.75087787e-01]","[1.00306007e-01 2.00000000e-02 9.99987938e-01 2.32107309e-04
 3.72052884e-02 1.00000000e-02 2.32107309e-04 2.97375241e-04
 2.97375241e-04 2.97375241e-04 5.13353570e-02 1.73068532e-01]",266.6583136443071,397.0,392.5952,386.7707,130.3416863556929,-4.404800000000023,125.93688635569288,5.8245000000000005,0.48879663481842306,-0.011095214105793508,0.4722781173951278,0.01505931033555541,12.20123815536499,9.541808128356934,40.62281560897827,9.781338930130005,1.2787134252998233,0.30035431991740935,0.23488790684041227,0.24078436670372444,1002,103
161,"[1.62902003e+01 1.16328066e+01 1.02551467e-02 3.00000000e+00
 1.20000000e+01 1.16451938e+04 4.60000000e+01]","[0.00000000e+00 5.45636263e+00 0.00000000e+00 3.00000000e+00
 1.20000000e+01 1.16451938e+04 4.60000000e+01]","[7.50000000e+01 1.11150000e+00 0.00000000e+00 3.00000000e+00
 1.20000000e+01 1.16451938e+04 4.60000000e+01]","[0.00000000e+00 3.41170000e+01 0.00000000e+00 3.00000000e+00
 1.20000000e+01 1.16451938e+04 4.60000000e+01]","[0.11343535 0.01       0.99981343 0.99966995 0.03940567 0.01
 0.99966995 0.82462091 0.82462091 0.82462091 0.06713878 0.36983142]","[2.78921696e-01 7.00000000e-02 9.99905737e-01 1.95437646e-04
 5.21743921e-02 7.00000000e-02 1.95437646e-04 1.25040045e-04
 1.25040045e-04 1.25040045e-04 3.66482402e-01 6.38112227e-01]","[[2.36629719e-01 1.40000000e-01 9.99808878e-01 2.53190601e-05
  2.84189938e-02 1.10000000e-01 2.53190601e-05 6.63449240e-04
  6.63449240e-04 6.63449240e-04 4.01384237e-01 6.03445816e-01]]","[3.52964030e-02 1.00000000e-02 9.99988904e-01 3.69389877e-05
 2.73821186e-02 1.10000000e-01 3.69389877e-05 5.80793549e-05
 5.80793549e-05 5.80793549e-05 3.89472471e-02 8.96185981e-02]",301.6471384820235,291.5436373737374,370.8885,262.88300000000004,-10.103501108286082,79.34486262626262,69.24136151797654,108.00549999999998,-0.03349443710664669,0.27215432770548986,0.2295442345862099,0.410850073987287,17.48600172996521,0.5077028274536133,1.6971807479858398,1.5057168006896973,34.441410968038845,10.302969645818244,0.2991448188745594,0.8871870615293239,54,5
162,"[9.43485572e+01 5.28862521e+00 2.69736265e-01 4.00000000e+00
 8.00000000e+00 1.77347182e+04 6.50000000e+01]","[1.00000000e+02 0.00000000e+00 0.00000000e+00 4.00000000e+00
 8.00000000e+00 1.77347182e+04 6.50000000e+01]","[9.60000000e+01 1.00000000e+02 0.00000000e+00 4.00000000e+00
 8.00000000e+00 1.77347182e+04 6.50000000e+01]","[1.00000000e+02 4.11168000e+01 0.00000000e+00 4.00000000e+00
 8.00000000e+00 1.77347182e+04 6.50000000e+01]","[0.46937202 0.25       0.99923162 0.9836239  0.70578095 0.25
 0.9836239  0.92620022 0.92620022 0.92620022 0.18800447 0.72256306]","[1.57489465e-01 1.80000000e-01 9.99231619e-01 2.71552700e-05
 2.59149085e-02 2.40000000e-01 2.71552700e-05 6.63449240e-04
 6.63449240e-04 6.63449240e-04 9.08561301e-02 7.23193746e-01]","[[6.82692858e-01 9.00000000e-02 9.99649624e-01 2.29953343e-04
  2.67571945e-02 1.50000000e-01 2.29953343e-04 7.51764243e-05
  7.51764243e-05 7.51764243e-05 7.73425561e-01 4.33400729e-01]]","[6.93245053e-02 8.00000000e-02 9.99639713e-01 4.87437984e-05
 6.42295520e-02 7.00000000e-02 4.87437984e-05 5.97929943e-05
 5.97929943e-05 5.97929943e-05 4.39734009e-02 9.01812371e-02]",384.7901956941189,396.0,292.0,354.8832,11.209804305881107,-104.0,-92.79019569411889,-62.88319999999999,0.029132250331014443,-0.26262626262626265,-0.2411449063215752,-0.17719407399392248,13.626182079315186,9.904260873794556,22.06305503845215,18.393919944763184,1.3757899002204568,0.6176017806947891,0.4489070464871304,0.8336977772437096,1002,203
163,"[4.11162456e+01 5.27197659e+00 7.73705584e-03 4.00000000e+00
 1.00000000e+01 1.39875178e+04 4.90000000e+01]","[1.00000000e+02 5.45636263e+00 0.00000000e+00 4.00000000e+00
 1.00000000e+01 1.39875178e+04 4.90000000e+01]","[9.60000000e+01 1.00000000e+02 0.00000000e+00 4.00000000e+00
 1.00000000e+01 1.39875178e+04 4.90000000e+01]","[1.00000000e+02 2.48864000e+01 0.00000000e+00 4.00000000e+00
 1.00000000e+01 1.39875178e+04 4.90000000e+01]","[0.3079147  0.26       0.99965872 0.9835978  0.81043219 0.27
 0.9835978  0.92620022 0.92620022 0.92620022 0.2601759  0.72256306]","[3.55336629e-01 1.20000000e-01 9.99434371e-01 3.34541359e-04
 8.06016353e-02 1.60000000e-01 3.34541359e-04 1.44302177e-04
 1.44302177e-04 1.44302177e-04 1.93544353e-01 7.22563065e-01]","[[6.36398683e-01 5.00000000e-02 9.99851548e-01 2.29581426e-04
  1.68218294e-02 6.00000000e-02 2.29581426e-04 7.51764243e-05
  7.51764243e-05 7.51764243e-05 7.67219260e-01 4.33400729e-01]]","[5.03192308e-02 2.00000000e-02 9.99704484e-01 4.86649481e-05
 3.84322141e-02 2.00000000e-02 4.86649481e-05 5.97929943e-05
 5.97929943e-05 5.97929943e-05 4.90798539e-02 1.14152448e-01]",331.8365319281795,390.5436373737374,292.0,371.1136,58.707105445557886,-98.5436373737374,-39.83653192817951,-79.11360000000002,0.17691573951919212,-0.2523242678754343,-0.1200486628060634,-0.2131789295784364,13.951013803482056,8.807371377944946,20.58806872367859,13.056520223617554,1.5840156165570132,0.6776261528327242,0.42779007084892234,0.6341789702985152,1002,142
164,"[4.17022005e+01 7.20324493e+01 1.14374817e-02 4.00000000e+00
 1.90000000e+01 3.09217776e+04 6.40000000e+01]","[1.00000000e+02 0.00000000e+00 0.00000000e+00 4.00000000e+00
 1.90000000e+01 3.09217776e+04 6.40000000e+01]","[9.50000000e+01 2.70000000e+01 0.00000000e+00 4.00000000e+00
 1.90000000e+01 3.09217776e+04 6.40000000e+01]","[0.00000000e+00 2.58270000e+01 0.00000000e+00 4.00000000e+00
 1.90000000e+01 3.09217776e+04 6.40000000e+01]","[8.10629113e-01 8.00000000e-02 9.99992627e-01 1.14964760e-04
 1.73611746e-02 1.60000000e-01 1.14964760e-04 6.39373045e-05
 6.39373045e-05 6.39373045e-05 8.21449327e-01 4.81373718e-01]","[1.29228587e-01 3.50000000e-01 9.99983751e-01 1.96673327e-05
 2.55477228e-02 2.70000000e-01 1.96673327e-05 6.42280711e-04
 6.42280711e-04 6.42280711e-04 4.61153977e-01 8.63286705e-01]","[5.99238861e-02 4.00000000e-02 9.99929925e-01 3.31901108e-05
 4.35759446e-02 9.00000000e-02 3.31901108e-05 5.17470472e-05
 5.17470472e-05 5.17470472e-05 6.12280053e-02 2.42241081e-01]","[3.90584571e-02 0.00000000e+00 9.99995803e-01 2.60552118e-05
 4.22741001e-02 3.00000000e-02 2.60552118e-05 5.02639893e-05
 5.02639893e-05 5.02639893e-05 3.58553896e-02 8.53701035e-02]",265.6583136443071,396.0,364.0,270.173,130.3416863556929,-32.0,98.3416863556929,93.827,0.4906365796261466,-0.08080808080808081,0.37018109844423575,0.34728488783113043,12.496225357055664,9.77986454963684,5.875884532928467,1.3547685146331787,1.2777503505935255,2.126696889128232,1.6644072045375404,0.2305641826419586,150,5
165,"[9.23833207e+01 5.26885808e+00 4.38610023e-01 1.00000000e+00
 1.50000000e+01 1.51788342e+04 7.40000000e+01]","[1.00000000e+02 4.99937000e+01 0.00000000e+00 1.00000000e+00
 1.50000000e+01 1.51788342e+04 7.40000000e+01]","[9.60000000e+01 4.95020000e+00 0.00000000e+00 1.00000000e+00
 1.50000000e+01 1.51788342e+04 7.40000000e+01]","[1.00000000e+02 3.11312000e+01 0.00000000e+00 1.00000000e+00
 1.50000000e+01 1.51788342e+04 7.40000000e+01]","[0.52922855 0.26       0.99940993 0.97390579 0.84393211 0.38
 0.97390579 0.90414307 0.90414307 0.90414307 0.25148765 0.63765932]","[7.05372527e-01 7.00000000e-02 9.99848384e-01 2.14583987e-04
 3.44443838e-02 1.50000000e-01 2.14583987e-04 1.26715001e-03
 1.26715001e-03 1.26715001e-03 8.37985752e-01 4.47776127e-01]","[[2.04314880e-01 1.90000000e-01 9.99409933e-01 1.71916350e-05
  5.65787387e-02 3.00000000e-01 1.71916350e-05 1.46789474e-03
  1.46789474e-03 1.46789474e-03 1.03814743e-01 5.54480578e-01]]","[7.91040974e-02 1.00000000e-02 9.99743928e-01 9.04807019e-05
 5.90296446e-02 3.00000000e-02 9.04807019e-05 1.81992626e-04
 1.81992626e-04 1.81992626e-04 8.22956304e-02 1.07808264e-01]",385.67585257281985,349.0063,390.0498,367.8688,-36.66955257281984,41.043499999999995,4.3739474271801555,22.180999999999983,-0.09507868415458089,0.11760102897855997,0.011340993733472868,0.06029595333988635,14.829315185546875,21.68428373336792,10.406954765319824,18.490074634552002,0.6838738769465291,1.4249427925798372,2.083633898902752,1.7767036613023819,210,204
166,"[5.69895677e+01 1.16350335e+01 2.78478732e-01 3.00000000e+00
 2.00000000e+01 3.27957400e+04 8.60000000e+01]","[0.000000e+00 0.000000e+00 0.000000e+00 3.000000e+00 2.000000e+01
 3.279574e+04 8.600000e+01]","[9.500000e+01 5.502000e+00 0.000000e+00 3.000000e+00 2.000000e+01
 3.279574e+04 8.600000e+01]","[0.000000e+00 1.341700e+01 0.000000e+00 3.000000e+00 2.000000e+01
 3.279574e+04 8.600000e+01]","[0.21392801 0.09       0.99996947 0.99982202 0.07421544 0.17
 0.99982202 0.94079916 0.94079916 0.94079916 0.14247082 0.48443038]","[1.68247935e-01 3.40000000e-01 9.99980689e-01 3.28585651e-05
 2.96133249e-02 4.10000000e-01 3.28585651e-05 4.41585907e-04
 4.41585907e-04 4.41585907e-04 7.40132305e-01 6.99891650e-01]","[6.49950873e-01 1.00000000e-01 9.99950015e-01 5.28924334e-04
 5.26740145e-02 1.40000000e-01 5.28924334e-04 4.87546737e-04
 4.87546737e-04 4.87546737e-04 9.34593237e-01 8.58794820e-01]","[8.40137711e-02 9.00000000e-02 9.99988007e-01 1.74424196e-04
 7.62275218e-02 1.20000000e-01 1.74424196e-04 5.31591244e-04
 5.31591244e-04 5.31591244e-04 1.62364637e-01 1.58695883e-01]",342.07605547626696,297.0,386.498,283.58299999999997,-45.07605547626696,89.49799999999999,44.42194452373303,102.91500000000002,-0.13177202775420307,0.3013400673400673,0.12985984786887547,0.3629096243427851,13.278499603271484,0.9391248226165771,9.412269353866577,1.4633634090423584,14.13922759093419,1.4107649392562966,0.09977666249327884,0.15547402587253903,186,4
167,"[5.98541419e+01 5.27382399e+00 8.71983366e-02 3.00000000e+00
 2.00000000e+00 1.50954466e+04 1.30000000e+01]","[1.00000000e+02 0.00000000e+00 0.00000000e+00 3.00000000e+00
 2.00000000e+00 1.50954466e+04 1.30000000e+01]","[9.60000000e+01 6.90600000e+00 0.00000000e+00 3.00000000e+00
 2.00000000e+00 1.50954466e+04 1.30000000e+01]","[1.00000000e+02 2.24380000e+01 0.00000000e+00 3.00000000e+00
 2.00000000e+00 1.50954466e+04 1.30000000e+01]","[0.58045266 0.2        0.99964099 0.9836239  0.81477703 0.19
 0.9836239  0.95888087 0.95888087 0.95888087 0.5230761  0.57639006]","[6.36407057e-01 1.00000000e-01 9.99640992e-01 2.68798954e-05
 4.65168804e-02 1.30000000e-01 2.68798954e-05 1.23205896e-03
 1.23205896e-03 1.23205896e-03 4.80121035e-01 4.57229090e-01]","[[1.21119849e-01 5.00000000e-02 9.99586223e-01 3.35083251e-04
  5.64882257e-02 1.10000000e-01 3.35083251e-04 4.73452293e-04
  4.73452293e-04 4.73452293e-04 3.30906263e-01 2.51056205e-01]]","[4.19599050e-02 6.00000000e-02 9.99703273e-01 4.87437984e-05
 5.20836071e-02 4.00000000e-02 4.87437984e-05 5.97929943e-05
 5.97929943e-05 5.97929943e-05 4.98768476e-02 1.28209141e-01]",351.49311961433847,397.0,386.094,374.562,45.50688038566153,-10.906000000000006,34.600880385661526,11.531999999999982,0.12946734330274262,-0.027471032745591956,0.09843970892979623,0.030787960337674357,13.795289039611816,9.14369511604309,8.549981117248535,9.601142883300781,1.5087214593810396,1.613487661602143,1.069440387136857,1.122943168135384,162,102
168,"[4.17022005e+01 7.20324493e+01 1.14374817e-02 3.00000000e+00
 0.00000000e+00 3.51071831e+04 5.90000000e+01]","[1.00000000e+02 4.99937000e+01 0.00000000e+00 3.00000000e+00
 0.00000000e+00 3.51071831e+04 5.90000000e+01]","[9.60000000e+01 4.24100000e-01 0.00000000e+00 3.00000000e+00
 0.00000000e+00 3.51071831e+04 5.90000000e+01]","[1.00000000e+02 2.17806000e+01 0.00000000e+00 3.00000000e+00
 0.00000000e+00 3.51071831e+04 5.90000000e+01]","[7.14671366e-01 1.00000000e-01 9.99832880e-01 3.19727641e-04
 4.77224494e-02 1.80000000e-01 3.19727641e-04 1.63002143e-04
 1.63002143e-04 1.63002143e-04 7.33964271e-01 6.38109835e-01]","[7.14671366e-01 1.00000000e-01 9.99832880e-01 3.19727641e-04
 4.77224494e-02 1.80000000e-01 3.19727641e-04 1.63002143e-04
 1.63002143e-04 1.63002143e-04 7.33964271e-01 6.38109835e-01]","[5.45748295e-01 1.00000000e-01 9.99914420e-01 3.36842326e-05
 3.10477102e-02 6.00000000e-02 3.36842326e-05 8.29347902e-04
 8.29347902e-04 8.29347902e-04 2.78597749e-01 1.28603149e-01]","[3.86571246e-02 7.00000000e-02 9.99895417e-01 2.16335639e-04
 1.02940698e-01 8.00000000e-02 2.16335639e-04 1.16931515e-04
 1.16931515e-04 1.16931515e-04 2.76376245e-02 1.32955292e-01]",266.6583136443071,347.0063,392.5759,375.2194,80.34798635569291,45.56959999999998,125.91758635569289,17.356499999999983,0.3013143871556478,0.1313221114429334,0.4722057401279944,0.04625693660828833,11.987035989761353,17.4560124874115,10.115137100219727,18.121533155441284,0.6866995540021451,1.1850591713186927,1.7257316746633429,1.7915262023534648,198,203
169,"[1.13329606e+00 1.16350335e+01 8.33865677e-02 4.00000000e+00
 1.10000000e+01 3.31285680e+04 4.80000000e+01]","[1.0000000e+02 4.9993700e+01 0.0000000e+00 4.0000000e+00 1.1000000e+01
 3.3128568e+04 4.8000000e+01]","[9.6000000e+01 1.0000000e+02 0.0000000e+00 4.0000000e+00 1.1000000e+01
 3.3128568e+04 4.8000000e+01]","[1.0000000e+02 3.6072500e+01 0.0000000e+00 4.0000000e+00 1.1000000e+01
 3.3128568e+04 4.8000000e+01]","[0.11624003 0.02       0.99998323 0.99969133 0.03482358 0.05
 0.99969133 0.82462091 0.82462091 0.82462091 0.05244268 0.31902322]","[7.45221683e-01 6.00000000e-02 9.99981514e-01 2.66170266e-04
 8.31217390e-02 1.10000000e-01 2.66170266e-04 7.51764243e-05
 7.51764243e-05 7.51764243e-05 8.26178327e-01 6.77229094e-01]","[7.45221683e-01 6.00000000e-02 9.99981514e-01 2.66170266e-04
 8.31217390e-02 1.10000000e-01 2.66170266e-04 7.51764243e-05
 7.51764243e-05 7.51764243e-05 8.26178327e-01 6.77229094e-01]","[4.48522057e-02 1.00000000e-02 9.99981202e-01 5.03153536e-05
 3.24968555e-02 3.00000000e-02 5.03153536e-05 5.97929943e-05
 5.97929943e-05 5.97929943e-05 4.89053043e-02 1.00852978e-01]",285.4148759633846,346.0063,292.0,359.9275,60.59142403661542,-54.00630000000001,6.585124036615412,-67.92750000000001,0.2122924526344191,-0.15608473024913133,0.02307211218191797,-0.1887255072202041,13.010740518569946,17.545068979263306,21.03546166419983,18.828351974487305,0.7415610924042232,0.6185146171863143,0.8340710206100772,0.8950767173572998,1002,203
170,"[4.71041921e-01 5.27391519e+00 4.87547044e-03 2.00000000e+00
 1.10000000e+01 2.61630031e+04 5.20000000e+01]","[1.00000000e+02 4.99937000e+01 0.00000000e+00 2.00000000e+00
 1.10000000e+01 2.61630031e+04 5.20000000e+01]","[8.10000000e+01 5.50290000e+00 0.00000000e+00 2.00000000e+00
 1.10000000e+01 2.61630031e+04 5.20000000e+01]","[1.00000000e+02 1.32689000e+01 0.00000000e+00 2.00000000e+00
 1.10000000e+01 2.61630031e+04 5.20000000e+01]","[0.37188092 0.27       0.99999468 0.98596248 0.6836367  0.23
 0.98596248 0.93794061 0.93794061 0.93794061 0.17826811 0.60238312]","[7.55577377e-01 3.00000000e-02 9.99975677e-01 2.66170266e-04
 1.65228278e-02 8.00000000e-02 2.66170266e-04 6.10707420e-05
 6.10707420e-05 6.10707420e-05 8.47414574e-01 7.37349625e-01]","[[4.26344509e-01 6.00000000e-02 9.99969423e-01 3.95014322e-04
  4.17209704e-02 8.00000000e-02 3.95014322e-04 1.94671058e-04
  1.94671058e-04 1.94671058e-04 5.09779466e-01 6.55063983e-01]]","[6.60813921e-02 3.00000000e-02 9.99971678e-01 1.13518437e-04
 6.02405241e-02 3.00000000e-02 1.13518437e-04 1.31240780e-04
 1.31240780e-04 1.31240780e-04 3.58243883e-02 1.26189053e-01]",293.1922512607724,348.0063,373.4971,384.7311,54.81404873922759,25.49079999999998,80.30484873922757,-11.234000000000037,0.18695599390338122,0.07324809924418028,0.27389826434329073,-0.029199615003830042,17.73690915107727,17.853978872299194,3.093501329421997,10.049051523208618,0.9934429338099218,5.733603209535814,5.771446969326212,3.2484393743856015,90,103
171,"[4.06502770e+01 5.28919256e+00 1.70334118e-01 3.00000000e+00
 1.60000000e+01 1.61025878e+04 2.50000000e+01]","[1.00000000e+02 0.00000000e+00 0.00000000e+00 3.00000000e+00
 1.60000000e+01 1.61025878e+04 2.50000000e+01]","[0.00000000e+00 4.36620000e+00 0.00000000e+00 3.00000000e+00
 1.60000000e+01 1.61025878e+04 2.50000000e+01]","[0.00000000e+00 2.96057000e+01 0.00000000e+00 3.00000000e+00
 1.60000000e+01 1.61025878e+04 2.50000000e+01]","[0.5654887  0.26       0.99978516 0.97204305 0.68449223 0.28
 0.97204305 0.92395138 0.92395138 0.92395138 0.57180006 0.66766078]","[6.22139658e-01 1.20000000e-01 9.99785156e-01 1.56944157e-05
 2.34955882e-02 2.20000000e-01 1.56944157e-05 6.42280711e-04
 6.42280711e-04 6.42280711e-04 4.98858380e-01 5.16583799e-01]","[[5.69117981e-01 7.00000000e-02 9.99871051e-01 1.56944157e-05
  2.39039440e-02 1.00000000e-01 1.56944157e-05 5.73353537e-04
  5.73353537e-04 5.73353537e-04 2.30921548e-01 2.92247926e-01]]","[3.81654424e-02 5.00000000e-02 9.99944512e-01 2.43663897e-05
 5.02192612e-02 6.00000000e-02 2.43663897e-05 5.02639893e-05
 5.02639893e-05 5.02639893e-05 3.81838548e-02 8.08597713e-02]",332.19075028423333,397.0,292.6338,267.3943,64.80924971576667,-104.36619999999999,-39.556950284233324,25.23950000000002,0.1950964909778907,-0.2628871536523929,-0.11907902387524967,0.09439056853493145,13.329116106033325,9.55099630355835,1.522449016571045,1.309999704360962,1.395573370818643,8.75504924037062,6.273442459879347,0.8604555489887112,66,5
172,"[9.83284601e+01 4.89518643e+01 2.12001765e-01 2.00000000e+00
 8.00000000e+00 2.10612943e+04 7.90000000e+01]","[0.00000000e+00 5.45636263e+00 0.00000000e+00 2.00000000e+00
 8.00000000e+00 2.10612943e+04 7.90000000e+01]","[0.00000000e+00 4.95200000e+00 0.00000000e+00 2.00000000e+00
 8.00000000e+00 2.10612943e+04 7.90000000e+01]","[0.00000000e+00 2.42440000e+01 0.00000000e+00 2.00000000e+00
 8.00000000e+00 2.10612943e+04 7.90000000e+01]","[0.28620559 0.18       0.99994489 0.97069317 0.11536019 0.17
 0.97069317 0.75196002 0.75196002 0.75196002 0.05777732 0.09953878]","[4.17414475e-01 9.00000000e-02 9.99975190e-01 8.25589978e-04
 6.65964690e-02 9.00000000e-02 8.25589978e-04 9.92644137e-04
 9.92644137e-04 9.92644137e-04 2.41725351e-01 6.19338610e-01]","[[1.40056465e-01 2.20000000e-01 9.99980413e-01 6.60444748e-05
  3.39237620e-02 1.60000000e-01 6.60444748e-05 8.26066611e-04
  8.26066611e-04 8.26066611e-04 9.86909448e-02 3.72392630e-01]]","[5.21664256e-02 1.30000000e-01 9.99976937e-01 1.78020864e-04
 9.37012808e-02 1.00000000e-01 1.78020864e-04 1.93117456e-04
 1.93117456e-04 1.93117456e-04 4.41626553e-02 1.08944952e-01]",347.1645940622244,292.5436373737374,293.048,273.756,-54.62095668848701,0.5043626262626049,-54.11659406222441,19.29200000000003,-0.15733446792300762,0.0017240594626854228,-0.15588166243855145,0.07047151477958485,12.850881814956665,0.483478307723999,1.160609245300293,1.3294873237609863,26.58005873200993,11.072530971982445,0.4165728557494862,1.1455081278600348,54,5
173,"[4.17022005e+01 7.20324493e+01 1.14374817e-02 1.00000000e+00
 2.00000000e+01 3.01142897e+04 6.90000000e+01]","[1.00000000e+02 4.99937000e+01 0.00000000e+00 1.00000000e+00
 2.00000000e+01 3.01142897e+04 6.90000000e+01]","[9.60000000e+01 5.31750000e+00 0.00000000e+00 1.00000000e+00
 2.00000000e+01 3.01142897e+04 6.90000000e+01]","[1.00000000e+02 1.14410000e+01 0.00000000e+00 1.00000000e+00
 2.00000000e+01 3.01142897e+04 6.90000000e+01]","[8.23283834e-01 9.00000000e-02 9.99989482e-01 2.19725500e-04
 3.75318122e-02 1.10000000e-01 2.19725500e-04 7.63896709e-04
 7.63896709e-04 7.63896709e-04 8.69205105e-01 6.35735708e-01]","[8.23283834e-01 9.00000000e-02 9.99989482e-01 2.19725500e-04
 3.75318122e-02 1.10000000e-01 2.19725500e-04 7.63896709e-04
 7.63896709e-04 7.63896709e-04 8.69205105e-01 6.35735708e-01]","[[5.32420933e-01 1.30000000e-01 9.99970507e-01 3.12399486e-04
  5.01041818e-02 9.00000000e-02 3.12399486e-04 5.26737187e-04
  5.26737187e-04 5.26737187e-04 5.73941582e-01 7.96869924e-01]]","[1.82678435e-01 5.00000000e-02 9.99976684e-01 1.29430406e-04
 7.33481200e-02 6.00000000e-02 1.29430406e-04 5.17686554e-04
 5.17686554e-04 5.17686554e-04 7.33355197e-02 2.50644186e-01]",268.6583136443071,349.0063,389.6825,387.559,80.34798635569291,40.676199999999994,121.0241863556929,2.1234999999999786,0.29907128227593377,0.11654861244625095,0.45047623769396583,0.005479165752827256,12.194591045379639,16.874593257904053,8.654854536056519,10.130182027816772,0.7226598507592292,1.4089885618038311,1.9497258085163336,1.1704624249447488,174,103
174,"[9.13353448e+01 5.28485465e+00 1.91431059e-03 2.00000000e+00
 2.00000000e+00 2.54897460e+04 1.50000000e+01]","[0.0000000e+00 0.0000000e+00 1.0000000e+00 2.0000000e+00 2.0000000e+00
 2.5489746e+04 1.5000000e+01]","[1.0000000e+02 1.0000000e+02 9.1000000e+01 2.0000000e+00 2.0000000e+00
 2.5489746e+04 1.5000000e+01]","[0.0000000e+00 3.4292000e+01 1.0000000e+00 2.0000000e+00 2.0000000e+00
 2.5489746e+04 1.5000000e+01]","[0.80947605 0.2        0.99998466 0.98687868 0.70695046 0.15
 0.98687868 0.96919371 0.96919371 0.96919371 0.50173641 0.59176874]","[7.71958451e-01 9.00000000e-02 9.99987790e-01 1.51686398e-05
 2.19276415e-02 1.10000000e-01 1.51686398e-05 6.00213795e-04
 6.00213795e-04 6.00213795e-04 8.96254031e-01 8.14732372e-01]","[[1.67216197e-01 6.00000000e-02 9.99991642e-01 6.82573017e-05
  2.59129436e-02 2.90000000e-01 6.82573017e-05 3.37568158e-05
  3.37568158e-05 3.37568158e-05 5.39511747e-03 1.70222510e-02]]","[8.27304130e-03 5.00000000e-02 9.99993488e-01 1.63147637e-05
 5.90635099e-02 4.00000000e-02 1.63147637e-05 2.41774109e-05
 2.41774109e-05 2.41774109e-05 2.48586552e-03 5.19694571e-03]",384.048575830323,297.0,207.0,262.70799999999997,-87.04857583032299,-90.0,-177.048575830323,-55.70799999999997,-0.226660327126905,-0.30303030303030304,-0.4610056825429944,-0.2120529256817454,13.35176420211792,0.9126052856445312,32.74303460121155,1.2739360332489014,14.630382282618692,0.4077741835701411,0.02787173811955607,0.038907085087396376,1002,3
175,"[3.23911534e+01 7.54594909e+00 1.86901901e-01 4.00000000e+00
 1.10000000e+01 8.03855720e+03 5.50000000e+01]","[1.0000000e+02 4.9993700e+01 0.0000000e+00 4.0000000e+00 1.1000000e+01
 8.0385572e+03 5.5000000e+01]","[1.0000000e+02 9.5958300e+01 0.0000000e+00 4.0000000e+00 1.1000000e+01
 8.0385572e+03 5.5000000e+01]","[1.0000000e+02 1.5958300e+01 0.0000000e+00 4.0000000e+00 1.1000000e+01
 8.0385572e+03 5.5000000e+01]","[0.1343899  0.12       0.99969538 0.60633728 0.07586602 0.12
 0.60633728 0.78530875 0.78530875 0.78530875 0.17806822 0.24793114]","[6.19755226e-01 3.00000000e-02 9.99864213e-01 2.21983592e-04
 1.03987027e-02 8.00000000e-02 2.21983592e-04 1.03384942e-04
 1.03384942e-04 1.03384942e-04 7.93718786e-01 4.55264424e-01]","[[6.19755226e-01 3.00000000e-02 9.99864213e-01 2.21983592e-04
  1.03987027e-02 8.00000000e-02 2.21983592e-04 1.03384942e-04
  1.03384942e-04 1.03384942e-04 7.93718786e-01 4.55264424e-01]]","[4.28502187e-02 4.00000000e-02 9.99729692e-01 1.06161108e-04
 4.16381407e-02 3.00000000e-02 1.06161108e-04 1.06653744e-04
 1.06653744e-04 1.06653744e-04 3.48382272e-01 1.11989052e-01]",320.658302422305,346.0063,300.0417,380.0417,25.347997577695025,-45.96460000000002,-20.616602422304993,-80.0,0.07904987142454173,-0.1328432459177767,-0.06429461600265399,-0.21050321583131537,12.840406894683838,17.65694832801819,10.710029363632202,10.170241832733154,0.7272155219658527,1.198914256788661,1.6486367803972113,0.9495998084998728,180,103
176,"[6.29290794e+01 5.14764462e+00 9.40479007e+01 4.00000000e+00
 1.70000000e+01 8.86052700e+03 1.00000000e+02]","[1.000000e+02 0.000000e+00 1.000000e+00 4.000000e+00 1.700000e+01
 8.860527e+03 1.000000e+02]","[8.600000e+01 4.280000e+00 1.000000e+00 4.000000e+00 1.700000e+01
 8.860527e+03 1.000000e+02]","[1.000000e+02 1.928000e+01 1.000000e+00 4.000000e+00 1.700000e+01
 8.860527e+03 1.000000e+02]","[0.6919204  0.42       0.99992754 0.99998501 0.96726889 0.43
 0.99998501 0.99999977 0.99999977 0.99999977 0.35865063 0.12645065]","[0.41761878 0.4        0.99992754 0.99998501 0.96726889 0.43
 0.99998501 0.99999977 0.99999977 0.99999977 0.57308945 0.12645065]","[[0.41761878 0.4        0.99992754 0.99998501 0.96726889 0.43
  0.99998501 0.99999977 0.99999977 0.99999977 0.57308945 0.12645065]]","[1.84791504e-01 2.00000000e-02 9.99969237e-01 4.70415377e-05
 4.06566303e-02 1.10000000e-01 4.70415377e-05 5.84219356e-03
 5.84219356e-03 5.84219356e-03 4.25469464e-02 3.71290367e-02]",259.7335340475381,395.0,376.72,375.72,135.26646595246189,-18.279999999999973,116.98646595246191,1.0,0.5207893791939263,-0.046278481012658156,0.45040955678464795,0.002661556478228468,16.97817635536194,9.325488090515137,5.561831951141357,18.254173755645752,1.8206206678479677,3.0526230394066123,1.6766936096660436,3.282043383547352,126,202
177,"[4.21952178e+01 5.27023866e+00 4.69078417e-03 2.00000000e+00
 1.00000000e+01 3.73533863e+04 8.70000000e+01]","[0.00000000e+00 4.99937000e+01 0.00000000e+00 2.00000000e+00
 1.00000000e+01 3.73533863e+04 8.70000000e+01]","[0.00000000e+00 9.08600000e+00 0.00000000e+00 2.00000000e+00
 1.00000000e+01 3.73533863e+04 8.70000000e+01]","[0.00000000e+00 2.22440000e+01 0.00000000e+00 2.00000000e+00
 1.00000000e+01 3.73533863e+04 8.70000000e+01]","[0.48374407 0.3        0.99996736 0.99208233 0.56733153 0.27
 0.99208233 0.80279349 0.80279349 0.80279349 0.44443795 0.49047287]","[2.92917846e-01 1.00000000e-01 9.99990981e-01 8.04903441e-04
 2.33327753e-02 1.10000000e-01 8.04903441e-04 1.81125232e-03
 1.81125232e-03 1.81125232e-03 5.89384592e-01 6.63011175e-01]","[7.94942087e-02 1.10000000e-01 9.99994053e-01 4.05020839e-04
 2.45955605e-01 1.20000000e-01 4.05020839e-04 6.68496248e-04
 6.68496248e-04 6.68496248e-04 6.97414698e-02 1.86571866e-01]","[3.38108406e-02 1.50000000e-01 9.99990642e-01 1.52221013e-04
 5.31579767e-02 1.40000000e-01 1.52221013e-04 2.27229651e-04
 2.27229651e-04 2.27229651e-04 5.30055958e-02 1.48728619e-01]",334.92028835158,248.0063,288.914,275.756,-86.91398835157997,40.90769999999998,-46.00628835158,13.158000000000015,-0.25950648967656054,0.16494621305991009,-0.1373648893532698,0.047716096839234744,13.74755859375,0.5193169116973877,1.4912405014038086,1.5616827011108398,26.47238763863109,9.21887420627891,0.3482449083219766,1.0472373166103786,54,7
178,"[5.51802076e+01 5.27023187e+00 1.03050488e-01 2.00000000e+00
 1.60000000e+01 3.18777392e+04 8.90000000e+01]","[0.00000000e+00 0.00000000e+00 0.00000000e+00 2.00000000e+00
 1.60000000e+01 3.18777392e+04 8.90000000e+01]","[0.00000000e+00 5.68700000e-01 0.00000000e+00 2.00000000e+00
 1.60000000e+01 3.18777392e+04 8.90000000e+01]","[0.00000000e+00 1.15927000e+01 0.00000000e+00 2.00000000e+00
 1.60000000e+01 3.18777392e+04 8.90000000e+01]","[0.59810222 0.47       0.99997543 0.9971008  0.96695342 0.39
 0.9971008  0.81075686 0.81075686 0.81075686 0.74536439 0.80756736]","[1.95848725e-01 4.90000000e-01 9.99986860e-01 1.54010241e-04
 7.44694826e-01 4.70000000e-01 1.54010241e-04 5.95660279e-04
 5.95660279e-04 5.95660279e-04 6.95488380e-01 5.68333396e-01]","[1.95848725e-01 4.90000000e-01 9.99986860e-01 1.54010241e-04
 7.44694826e-01 4.70000000e-01 1.54010241e-04 5.95660279e-04
 5.95660279e-04 5.95660279e-04 6.95488380e-01 5.68333396e-01]","[1.40642137e-01 1.40000000e-01 9.99989833e-01 6.53804378e-03
 1.38874638e-01 1.80000000e-01 6.53804378e-03 5.60108227e-04
 5.60108227e-04 5.60108227e-04 1.40082046e-01 3.99831861e-01]",347.80692521006705,298.0,297.43129999999996,286.40729999999996,-49.80692521006705,-0.5687000000000353,-50.375625210067085,11.024000000000001,-0.14320279902415647,-0.001908389261745085,-0.144837901601992,0.03849063903049958,12.935928583145142,0.7824749946594238,1.4847121238708496,1.245795726776123,16.532066419292505,8.712752038031041,0.5270213545636062,0.8390823424598712,60,3
179,"[6.72241231e+00 5.27298632e+00 6.71722871e-02 3.00000000e+00
 1.50000000e+01 8.80487520e+03 3.80000000e+01]","[1.0000000e+02 0.0000000e+00 1.0000000e+00 3.0000000e+00 1.5000000e+01
 8.8048752e+03 3.8000000e+01]","[1.0000000e+02 2.1076000e+00 1.0000000e+00 3.0000000e+00 1.5000000e+01
 8.8048752e+03 3.8000000e+01]","[1.0000000e+02 1.0753600e+01 1.0000000e+00 3.0000000e+00 1.5000000e+01
 8.8048752e+03 3.8000000e+01]","[0.30037346 0.29       0.99975969 0.97204305 0.72507837 0.27
 0.97204305 0.97766714 0.97766714 0.97766714 0.5284911  0.68228865]","[7.48130474e-02 1.00000000e-01 9.99844695e-01 7.13982354e-06
 7.67720706e-02 1.50000000e-01 7.13982354e-06 7.44919487e-04
 7.44919487e-04 7.44919487e-04 8.44404290e-01 2.61436011e-01]","[[7.48130474e-02 1.00000000e-01 9.99844695e-01 7.13982354e-06
  7.67720706e-02 1.50000000e-01 7.13982354e-06 7.44919487e-04
  7.44919487e-04 7.44919487e-04 8.44404290e-01 2.61436011e-01]]","[1.08467934e-02 7.00000000e-02 9.99864405e-01 4.10987979e-05
 3.94056650e-02 1.20000000e-01 4.10987979e-05 2.03132464e-04
 2.03132464e-04 2.03132464e-04 4.82351112e-03 1.12859367e-02]",298.38225369688837,396.0,393.8924,385.2464,97.61774630311163,-2.107599999999991,95.51014630311164,8.646000000000015,0.32715667602094267,-0.005322222222222199,0.32009325326745347,0.0224427794782768,14.570902109146118,9.599915981292725,15.76346206665039,10.340306043624878,1.5178155868801677,0.9243465710475312,0.6089979435166446,0.6559666905597541,252,104
180,"[5.85134369e+00 5.26940610e+00 1.26010584e-01 4.00000000e+00
 2.20000000e+01 1.98429111e+04 7.70000000e+01]","[0.00000000e+00 0.00000000e+00 0.00000000e+00 4.00000000e+00
 2.20000000e+01 1.98429111e+04 7.70000000e+01]","[1.00000000e+02 7.41828000e+01 0.00000000e+00 4.00000000e+00
 2.20000000e+01 1.98429111e+04 7.70000000e+01]","[0.00000000e+00 3.91828000e+01 0.00000000e+00 4.00000000e+00
 2.20000000e+01 1.98429111e+04 7.70000000e+01]","[0.71132301 0.38       0.99998367 0.9885336  0.12489122 0.38
 0.9885336  0.84619224 0.84619224 0.84619224 0.24416852 0.79903068]","[3.56553059e-01 4.90000000e-01 9.99991566e-01 3.86102581e-05
 9.36520788e-02 3.90000000e-01 3.86102581e-05 7.64795673e-04
 7.64795673e-04 7.64795673e-04 9.11962226e-02 7.07342945e-01]","[[7.98098076e-01 1.60000000e-01 9.99992589e-01 4.35551304e-04
  5.25282051e-02 1.80000000e-01 4.35551304e-04 8.27105155e-04
  8.27105155e-04 8.27105155e-04 8.55324227e-01 3.97500281e-01]]","[4.31906358e-02 1.40000000e-01 9.99996503e-01 1.10719824e-04
 6.65552814e-02 8.00000000e-02 1.10719824e-04 1.04350773e-04
 1.04350773e-04 1.04350773e-04 3.14227876e-02 4.37613622e-02]",296.4559269994601,296.0,321.8172,256.8172,-0.4559269994600754,25.817200000000014,25.36127300053994,65.0,-0.0015379250604792454,0.08722027027027032,0.08554820697036065,0.25309831272983274,16.593361377716064,1.4492785930633545,26.754924058914185,1.3924221992492676,11.44939382747834,0.6201984106244361,0.054168667788854555,0.05204358630146593,1002,5
181,"[8.28656764e+01 5.27830150e+00 2.37918411e-02 4.00000000e+00
 7.00000000e+00 3.12907959e+04 2.00000000e+00]","[1.00000000e+02 0.00000000e+00 0.00000000e+00 4.00000000e+00
 7.00000000e+00 3.12907959e+04 2.00000000e+00]","[9.60000000e+01 4.05310000e+00 0.00000000e+00 4.00000000e+00
 7.00000000e+00 3.12907959e+04 2.00000000e+00]","[1.00000000e+02 1.03851000e+01 0.00000000e+00 4.00000000e+00
 7.00000000e+00 3.12907959e+04 2.00000000e+00]","[0.61527814 0.36       0.99999008 0.98687868 0.90428899 0.2
 0.98687868 0.94494829 0.94494829 0.94494829 0.81983765 0.69477097]","[5.22727994e-01 2.60000000e-01 9.99990079e-01 3.33426516e-05
 9.48464871e-02 1.30000000e-01 3.33426516e-05 9.07171035e-04
 9.07171035e-04 9.07171035e-04 8.52601055e-01 6.32005928e-01]","[5.22727994e-01 2.60000000e-01 9.99990079e-01 3.33426516e-05
 9.48464871e-02 1.30000000e-01 3.33426516e-05 9.07171035e-04
 9.07171035e-04 9.07171035e-04 8.52601055e-01 6.32005928e-01]","[1.17920346e-01 7.00000000e-02 9.99992204e-01 2.32107309e-04
 3.36419940e-02 3.00000000e-02 2.32107309e-04 2.35508842e-04
 2.35508842e-04 2.35508842e-04 3.53838848e-02 2.21328033e-01]",373.563583080181,396.0,387.9469,385.6149,22.43641691981901,-8.053099999999972,14.383316919819038,2.3320000000000505,0.06006050358234009,-0.02033611111111104,0.038502995396989294,0.006047484161011544,13.124329090118408,9.444136619567871,45.95822501182556,9.988708972930908,1.3896801389896591,0.28557084366816543,0.2054939375299588,0.2173432279066631,1002,103
182,"[2.83946660e+01 5.27699765e+00 2.65303422e-01 2.00000000e+00
 4.00000000e+00 1.76533440e+03 3.30000000e+01]","[ 100.            5.45636263    0.            2.            4.
 1765.3344       33.        ]",[   0.       80.1829    0.        2.        4.     1765.3344   33.    ],[   0.       30.1829    0.        2.        4.     1765.3344   33.    ],"[0.26795307 0.34       0.9998073  0.96982354 0.78422094 0.28
 0.96982354 0.96762577 0.96762577 0.96762577 0.85413462 0.31954539]","[0.12152965 0.22       0.99968058 0.00151194 0.60174412 0.24
 0.00151194 0.00169631 0.00169631 0.00169631 0.82234472 0.31954539]","[[4.10953982e-01 2.00000000e-02 9.99989633e-01 2.79239790e-04
  9.84653471e-03 1.40000000e-01 2.79239790e-04 1.01541942e-04
  1.01541942e-04 1.01541942e-04 4.35805497e-01 2.53901379e-01]]","[3.62119237e-02 7.00000000e-02 9.99984273e-01 1.16378002e-04
 2.45081710e-02 4.00000000e-02 1.16378002e-04 1.86746419e-04
 1.86746419e-04 1.86746419e-04 3.81773725e-02 4.36884362e-02]",320.85236490921164,392.5436373737374,217.81709999999998,267.8171,71.69127246452575,-174.72653737373741,-103.03526490921166,-50.0,0.22344006248734213,-0.4451136656875215,-0.3211298284753691,-0.1866945762611872,13.328948259353638,8.773744583129883,22.405275106430054,1.4299981594085693,1.519185808643493,0.5949022360153206,0.3915928075621763,0.06382417321884061,1002,4
183,"[5.28895556e+01 5.20811638e+00 2.17015191e-01 4.00000000e+00
 6.00000000e+00 9.92620230e+03 9.60000000e+01]","[1.00000000e+02 5.45636263e+00 0.00000000e+00 4.00000000e+00
 6.00000000e+00 9.92620230e+03 9.60000000e+01]","[9.5000000e+01 4.9210000e+00 0.0000000e+00 4.0000000e+00 6.0000000e+00
 9.9262023e+03 9.6000000e+01]","[0.0000000e+00 2.6277500e+01 0.0000000e+00 4.0000000e+00 6.0000000e+00
 9.9262023e+03 9.6000000e+01]","[0.78884403 0.36       0.99977631 0.99999601 0.88046798 0.35
 0.99999601 0.99999879 0.99999879 0.99999879 0.41191868 0.75412508]","[5.37577154e-01 1.80000000e-01 9.99681271e-01 7.76890068e-04
 1.37131055e-01 2.10000000e-01 7.76890068e-04 3.03523334e-03
 3.03523334e-03 3.03523334e-03 3.70964181e-01 7.53540859e-01]","[[0.45202747 0.37       0.99977631 0.99999601 0.33869092 0.4
  0.99999601 0.99999879 0.99999879 0.99999879 0.21061741 0.75412508]]","[1.12831875e-01 9.00000000e-02 9.99853644e-01 1.11942602e-04
 1.30456155e-01 1.30000000e-01 1.11942602e-04 2.93235331e-04
 2.93235331e-04 2.93235331e-04 6.01741959e-02 1.28095502e-01]",343.4644240139626,390.5436373737374,386.079,269.72249999999997,47.07921335977477,-4.464637373737389,42.61457598603738,116.35650000000004,0.13707158607454753,-0.011431852798218496,0.12407275108150648,0.431393376525874,13.160858869552612,8.915961503982544,9.588890075683594,1.2655131816864014,1.4761009077567209,1.372511183846726,0.9298220579869275,0.13197702462932684,198,4
184,"[3.92056516e-01 6.51998407e-01 4.55951763e+01 3.00000000e+00
 2.20000000e+01 3.03391979e+04 3.60000000e+01]","[0.00000000e+00 0.00000000e+00 0.00000000e+00 3.00000000e+00
 2.20000000e+01 3.03391979e+04 3.60000000e+01]","[9.50000000e+01 2.16783000e+01 0.00000000e+00 3.00000000e+00
 2.20000000e+01 3.03391979e+04 3.60000000e+01]","[0.00000000e+00 2.63703000e+01 0.00000000e+00 3.00000000e+00
 2.20000000e+01 3.03391979e+04 3.60000000e+01]","[7.48403160e-01 2.20000000e-01 9.99991997e-01 8.85649944e-06
 5.15252167e-02 2.70000000e-01 8.85649944e-06 1.84912596e-04
 1.84912596e-04 1.84912596e-04 9.85075755e-01 7.24266568e-01]","[8.49982482e-01 2.10000000e-01 9.99991996e-01 1.94678898e-05
 5.15252167e-02 2.60000000e-01 1.94678898e-05 5.73353537e-04
 5.73353537e-04 5.73353537e-04 6.66528529e-01 5.44985002e-01]","[[2.97086836e-02 1.00000000e-02 9.99994629e-01 3.31901108e-05
  3.61208177e-02 3.00000000e-02 3.31901108e-05 5.17470472e-05
  5.17470472e-05 5.17470472e-05 5.12895348e-02 1.47658112e-01]]","[2.82713484e-02 2.00000000e-02 9.99964798e-01 2.60552118e-05
 3.29831390e-02 2.00000000e-02 2.60552118e-05 5.02639893e-05
 5.02639893e-05 5.02639893e-05 3.39045612e-02 9.96333815e-02]",251.14488176353058,297.0,370.3217,270.6297,45.85511823646942,73.32170000000002,119.17681823646944,99.69200000000001,0.1825843230985891,0.24687441077441086,0.4745341310546088,0.3683705077454544,13.249351978302002,1.4245305061340332,8.1914541721344,1.3677716255187988,9.300855208962004,1.6174603067882019,0.1739044711963336,0.16697543522512395,162,5
185,"[5.50874954e+01 5.20822424e+00 1.99175504e-01 4.00000000e+00
 3.00000000e+00 6.44934870e+03 9.50000000e+01]","[1.0000000e+02 0.0000000e+00 0.0000000e+00 4.0000000e+00 3.0000000e+00
 6.4493487e+03 9.5000000e+01]","[1.0000000e+00 6.1868000e+00 0.0000000e+00 4.0000000e+00 3.0000000e+00
 6.4493487e+03 9.5000000e+01]","[1.0000000e+02 1.3893300e+01 0.0000000e+00 4.0000000e+00 3.0000000e+00
 6.4493487e+03 9.5000000e+01]","[0.84530378 0.36       0.99984567 0.99999601 0.88046798 0.34
 0.99999601 0.99999883 0.99999883 0.99999883 0.39376882 0.82982111]","[0.52431797 0.38       0.99984567 0.99999601 0.59283517 0.39
 0.99999601 0.99999883 0.99999883 0.99999883 0.19834571 0.82982111]","[[5.96450438e-01 1.30000000e-01 9.99847665e-01 7.76890068e-04
  2.07649416e-01 1.70000000e-01 7.76890068e-04 3.14422808e-03
  3.14422808e-03 3.14422808e-03 4.54377307e-01 6.31021874e-01]]","[1.89900550e-01 1.40000000e-01 9.99880994e-01 3.21673150e-04
 3.79745561e-01 1.40000000e-01 3.21673150e-04 1.08892152e-03
 1.08892152e-03 1.08892152e-03 1.16740424e-01 1.98362595e-01]",345.68009567748635,396.0,290.8132,382.1067,50.31990432251365,-105.1868,-54.866895677486355,-91.2935,0.14556783844870624,-0.2656232323232323,-0.15872159364557753,-0.23892148449634618,12.908210515975952,9.208436250686646,1.4782664775848389,18.55798077583313,1.4017809500514733,8.731991634596977,6.2292126557122485,12.553880546728472,54,204
186,"[1.52692670e+00 5.27170408e+00 3.48318141e-01 3.00000000e+00
 2.30000000e+01 1.52105342e+04 2.50000000e+01]","[1.00000000e+02 0.00000000e+00 1.00000000e+00 3.00000000e+00
 2.30000000e+01 1.52105342e+04 2.50000000e+01]","[1.00000000e+00 3.76750000e+00 0.00000000e+00 3.00000000e+00
 2.30000000e+01 1.52105342e+04 2.50000000e+01]","[1.00000000e+02 2.17675000e+01 0.00000000e+00 3.00000000e+00
 2.30000000e+01 1.52105342e+04 2.50000000e+01]","[0.77782003 0.19       0.99977751 0.97204305 0.02260405 0.24
 0.97204305 0.92395138 0.92395138 0.92395138 0.55044428 0.71543707]","[7.45758325e-01 8.00000000e-02 9.99811970e-01 7.13982354e-06
 1.61851511e-02 1.30000000e-01 7.13982354e-06 2.07152019e-04
 2.07152019e-04 2.07152019e-04 9.87393135e-01 8.60184958e-01]","[[8.76833664e-01 1.30000000e-01 9.99777511e-01 1.56944157e-05
  1.61851511e-02 2.30000000e-01 1.56944157e-05 6.42280711e-04
  6.42280711e-04 6.42280711e-04 4.77190915e-01 6.17122105e-01]]","[4.77207527e-02 7.00000000e-02 9.99901998e-01 3.10388398e-05
 1.59845833e-02 9.00000000e-02 3.10388398e-05 5.17470472e-05
 5.17470472e-05 5.17470472e-05 5.01686125e-02 9.96951198e-02]",292.9069044829124,396.0,294.2325,375.2325,103.09309551708759,-101.76749999999998,1.3255955170876064,-81.0,0.35196539903722834,-0.25698863636363634,0.004525654727831583,-0.21586616297895303,17.770354986190796,18.040247440338135,1.4020142555236816,9.90284013748169,0.9850394261475673,12.674874678469797,12.867378037892864,7.06329489765621,60,104
187,"[3.03343120e-01 5.27066690e+00 2.13045834e-01 2.00000000e+00
 1.50000000e+01 2.51831445e+04 9.00000000e+01]","[0.00000000e+00 0.00000000e+00 0.00000000e+00 2.00000000e+00
 1.50000000e+01 2.51831445e+04 9.00000000e+01]","[0.00000000e+00 3.57400000e+00 0.00000000e+00 2.00000000e+00
 1.50000000e+01 2.51831445e+04 9.00000000e+01]","[0.00000000e+00 2.22440000e+01 0.00000000e+00 2.00000000e+00
 1.50000000e+01 2.51831445e+04 9.00000000e+01]","[0.61605136 0.49       0.99998803 0.97213962 0.97629166 0.53
 0.97213962 0.80798983 0.80798983 0.80798983 0.37879141 0.8010634 ]","[2.10744763e-01 4.40000000e-01 9.99988030e-01 1.56275163e-05
 8.01320512e-01 5.00000000e-01 1.56275163e-05 6.55414696e-04
 6.55414696e-04 6.55414696e-04 1.89213156e-01 5.94896777e-01]","[[2.10744763e-01 4.40000000e-01 9.99988030e-01 1.56275163e-05
  8.01320512e-01 5.00000000e-01 1.56275163e-05 6.55414696e-04
  6.55414696e-04 6.55414696e-04 1.89213156e-01 5.94896777e-01]]","[7.08162925e-02 2.00000000e-01 9.99992566e-01 9.77590873e-05
 1.42512703e-01 1.90000000e-01 9.77590873e-05 3.43738738e-04
 3.43738738e-04 3.43738738e-04 1.06102311e-01 2.48524956e-01]",292.81963038360277,298.0,294.426,275.756,5.180369616397229,-3.5740000000000123,1.6063696163972168,18.670000000000016,0.017691333089966628,-0.011993288590604069,0.005485867236062087,0.06770478248886704,16.450879335403442,0.8570199012756348,1.8414013385772705,1.374096393585205,19.195446116148602,8.933891265721547,0.4654172250889084,0.7462231968653171,72,6
188,"[6.88685932e+00 5.26975075e+00 5.89071977e-02 2.00000000e+00
 3.00000000e+00 1.43249000e+03 9.20000000e+01]","[ 100.            5.45636263    0.            2.            3.
 1432.49         92.        ]",[  95.      0.     11.      2.      3.   1432.49   92.  ],"[0.00000e+00 2.43571e+01 1.00000e+00 2.00000e+00 3.00000e+00 1.43249e+03
 9.20000e+01]","[0.46557269 0.45       0.99987045 0.91707094 0.93247503 0.49
 0.91707094 0.87352411 0.87352411 0.87352411 0.62237892 0.48000007]","[0.18900702 0.35       0.9998154  0.0013586  0.90519892 0.35
 0.0013586  0.00276035 0.00276035 0.00276035 0.64744327 0.48000007]","[[7.54953676e-02 4.40000000e-01 9.99898893e-01 5.05932342e-06
  7.22681867e-01 4.40000000e-01 5.05932342e-06 2.92228381e-04
  2.92228381e-04 2.92228381e-04 5.77379134e-01 9.71591048e-02]]","[6.11305134e-03 1.70000000e-01 9.99992180e-01 1.99496968e-05
 1.81360215e-01 3.00000000e-01 1.99496968e-05 9.41153838e-05
 9.41153838e-05 9.41153838e-05 5.53190090e-03 1.39901519e-02]",299.55820137417356,392.5436373737374,382.0,272.6429,92.98543599956383,-10.543637373737397,82.44179862582644,109.3571,0.31040858027925317,-0.02685978416126738,0.2752112886498796,0.4011001203405627,13.644466876983643,9.239502429962158,53.602041482925415,1.1810176372528076,1.4767534269742624,0.25455125401016676,0.1723722114745451,0.02203307196105606,1002,3
189,"[6.28102552e+01 5.28016193e+00 2.73915906e-02 3.00000000e+00
 1.10000000e+01 2.99019999e+04 1.90000000e+01]","[1.00000000e+02 0.00000000e+00 0.00000000e+00 3.00000000e+00
 1.10000000e+01 2.99019999e+04 1.90000000e+01]","[0.00000000e+00 3.51770000e+00 1.00000000e+02 3.00000000e+00
 1.10000000e+01 2.99019999e+04 1.90000000e+01]","[0.00000000e+00 7.34220000e+00 1.00000000e+00 3.00000000e+00
 1.10000000e+01 2.99019999e+04 1.90000000e+01]","[0.57150586 0.25       0.99999255 0.98596248 0.62300684 0.19
 0.98596248 0.92620022 0.92620022 0.92620022 0.82773832 0.63095442]","[6.02698547e-01 9.00000000e-02 9.99992549e-01 3.14065551e-05
 1.79980454e-02 9.00000000e-02 3.14065551e-05 6.63449240e-04
 6.63449240e-04 6.63449240e-04 8.59311515e-01 4.76280053e-01]","[[2.01720783e-01 1.00000000e-01 9.99994524e-01 1.42878324e-05
  1.79980454e-02 1.50000000e-01 1.42878324e-05 1.91009896e-04
  1.91009896e-04 1.91009896e-04 8.44260114e-01 4.15579777e-01]]","[9.96369267e-03 9.00000000e-02 9.99996660e-01 5.82263276e-05
 4.65747180e-02 2.10000000e-01 5.82263276e-05 1.24536673e-04
 1.24536673e-04 1.24536673e-04 3.55528908e-03 5.65541677e-03]",354.5027017223557,397.0,193.4823,288.6578,42.49729827764429,-203.5177,-161.0204017223557,-95.1755,0.11987863018016688,-0.5126390428211587,-0.4542148788712642,-0.32971740240520087,13.313971757888794,9.256289005279541,29.67514395713806,1.6702582836151123,1.438370360983204,0.4486573604198557,0.3119206100111616,0.05628475757447331,1002,9
190,"[4.17022005e+01 7.20324493e+01 1.14374817e-02 3.00000000e+00
 5.00000000e+00 1.35479920e+03 4.60000000e+01]","[ 100.            5.45636263    0.            3.            5.
 1354.7992       46.        ]",[   0.        0.       16.        3.        5.     1354.7992   46.    ],"[1.0000000e+02 3.6304600e+01 1.0000000e+00 3.0000000e+00 5.0000000e+00
 1.3547992e+03 4.6000000e+01]","[8.94126681e-01 2.00000000e-02 9.99965950e-01 5.16066793e-04
 6.64107364e-03 9.00000000e-02 5.16066793e-04 1.57553770e-04
 1.57553770e-04 1.57553770e-04 9.46314634e-01 3.50786930e-01]","[0.11369575 0.3        0.99968058 0.00151194 0.56457562 0.27
 0.00151194 0.0012579  0.0012579  0.0012579  0.75612284 0.33456456]","[[1.14953612e-02 2.60000000e-01 9.99935239e-01 1.45472605e-05
  7.73776220e-02 3.10000000e-01 1.45472605e-05 3.36136203e-04
  3.36136203e-04 3.36136203e-04 5.32803952e-01 3.69298296e-02]]","[2.35193317e-03 6.00000000e-02 9.99979652e-01 4.96825261e-05
 1.52595935e-02 6.00000000e-02 4.96825261e-05 7.01158040e-05
 7.01158040e-05 7.01158040e-05 3.61318444e-03 3.72320319e-03]",266.6583136443071,391.5436373737374,281.0,359.6954,124.8853237294303,-110.5436373737374,14.3416863556929,-78.6954,0.4683346340216252,-0.28232775819115397,0.053783008523871245,-0.21878344843998562,12.719763278961182,8.521268129348755,37.49941444396973,22.894144535064697,1.4927077854940471,0.3391989839725789,0.22723736505488443,0.6105200541003728,1002,202
191,"[8.02099126e+01 5.21525191e+00 2.30735933e-02 4.00000000e+00
 2.00000000e+01 1.58210790e+03 9.30000000e+01]",[ 100.        0.        0.        4.       20.     1582.1079   93.    ],"[1.0000000e+00 1.5695000e+00 0.0000000e+00 4.0000000e+00 2.0000000e+01
 1.5821079e+03 9.3000000e+01]",[ 100.       20.9845    0.        4.       20.     1582.1079   93.    ],"[0.39311261 0.74       0.99992626 0.99998027 0.98829507 0.65
 0.99998027 0.99999557 0.99999557 0.99999557 0.78459967 0.86896442]","[0.11556343 0.74       0.99992626 0.99998027 0.9434704  0.69
 0.99998027 0.99999557 0.99999557 0.99999557 0.55123675 0.86896442]","[[0.11556343 0.74       0.99992626 0.99998027 0.9434704  0.69
  0.99998027 0.99999557 0.99999557 0.99999557 0.55123675 0.86896442]]","[9.87727204e-02 2.80000000e-01 9.99968167e-01 1.27456418e-04
 2.66531663e-01 1.90000000e-01 1.27456418e-04 4.40506136e-04
 4.40506136e-04 4.40506136e-04 1.01009024e-01 1.84157934e-01]",370.9715870637744,396.0,295.4305,375.0155,25.028412936225607,-100.5695,-75.5410870637744,-79.58499999999998,0.06746719643497368,-0.25396338383838385,-0.20363038490812504,-0.21221789499367355,13.526705741882324,9.492106199264526,1.8335597515106201,18.4783878326416,1.4250478721919915,7.377292030291371,5.176873124229651,10.07787600999518,66,202
192,"[4.73181310e+01 5.28074160e+00 5.73544411e-02 1.00000000e+00
 1.80000000e+01 3.28649944e+04 5.00000000e+00]","[1.00000000e+02 0.00000000e+00 0.00000000e+00 1.00000000e+00
 1.80000000e+01 3.28649944e+04 5.00000000e+00]","[9.50000000e+01 1.61730000e+01 0.00000000e+00 1.00000000e+00
 1.80000000e+01 3.28649944e+04 5.00000000e+00]","[0.00000000e+00 1.41730000e+01 0.00000000e+00 1.00000000e+00
 1.80000000e+01 3.28649944e+04 5.00000000e+00]","[0.62660276 0.34       0.9999885  0.96519674 0.53451645 0.22
 0.96519674 0.95729768 0.95729768 0.95729768 0.78084784 0.64277622]","[6.21858999e-01 2.20000000e-01 9.99988503e-01 1.26345273e-05
 1.25751859e-02 1.80000000e-01 1.26345273e-05 1.18447795e-03
 1.18447795e-03 1.18447795e-03 8.21181536e-01 6.49804762e-01]","[3.76857169e-02 0.00000000e+00 9.99992736e-01 3.60593010e-05
 2.69836559e-02 1.00000000e-02 3.60593010e-05 5.46934479e-05
 5.46934479e-05 5.46934479e-05 2.54383325e-02 8.31745388e-02]","[4.40634562e-02 1.00000000e-02 9.99994073e-01 2.83076279e-05
 2.77401666e-02 2.00000000e-02 2.83076279e-05 9.84198515e-05
 9.84198515e-05 9.84198515e-05 2.05615707e-02 4.72191680e-02]",340.9800349572697,399.0,377.827,284.827,58.01996504273029,-21.173000000000002,36.84696504273029,93.0,0.170156487461212,-0.053065162907268176,0.10806194282708607,0.3265139891934402,13.37028455734253,9.649686574935913,37.085798025131226,1.9927213191986084,1.3855667179979185,0.3605230376405044,0.2601989734290413,0.05373273396593054,1002,8
193,"[1.71016744e+01 5.27997297e+00 3.81415231e-01 3.00000000e+00
 2.20000000e+01 2.57760422e+04 7.20000000e+01]","[0.00000000e+00 0.00000000e+00 0.00000000e+00 3.00000000e+00
 2.20000000e+01 2.57760422e+04 7.20000000e+01]","[0.00000000e+00 2.05485000e+01 0.00000000e+00 3.00000000e+00
 2.20000000e+01 2.57760422e+04 7.20000000e+01]","[0.00000000e+00 2.58270000e+01 0.00000000e+00 3.00000000e+00
 2.20000000e+01 2.57760422e+04 7.20000000e+01]","[0.77215018 0.3        0.99997047 0.9864388  0.10607345 0.27
 0.9864388  0.84619224 0.84619224 0.84619224 0.22241978 0.79459317]","[4.32494114e-01 3.40000000e-01 9.99984748e-01 3.28585651e-05
 7.91156760e-02 2.90000000e-01 3.28585651e-05 7.64795673e-04
 7.64795673e-04 7.64795673e-04 7.81593861e-02 6.23757579e-01]","[[2.88170900e-02 2.40000000e-01 9.99991337e-01 8.97970328e-05
  8.33873152e-02 1.50000000e-01 8.97970328e-05 2.66481483e-04
  2.66481483e-04 2.66481483e-04 3.41299659e-02 1.22215193e-01]]","[3.97510638e-02 2.10000000e-01 9.99992371e-01 8.40285111e-05
 6.18710079e-02 1.20000000e-01 8.40285111e-05 1.04350773e-04
 1.04350773e-04 1.04350773e-04 4.12957326e-02 1.00768754e-01]",308.4402862414769,297.0,276.4515,271.173,-11.440286241476883,-20.54849999999999,-31.988786241476873,5.278500000000008,-0.03709076522033935,-0.06918686868686866,-0.1037114400044129,0.01946543350554815,16.67752432823181,0.8667893409729004,1.5561811923980713,1.1677701473236084,19.240573850980503,10.716955332516125,0.5569976974449744,0.7504075701648069,48,3
194,"[1.22514597e+01 5.27901785e+00 4.88315495e+01 2.00000000e+00
 1.00000000e+01 1.69041513e+04 7.00000000e+00]","[1.00000000e+02 0.00000000e+00 1.00000000e+00 2.00000000e+00
 1.00000000e+01 1.69041513e+04 7.00000000e+00]","[0.00000000e+00 2.34090000e+01 1.10000000e+01 2.00000000e+00
 1.00000000e+01 1.69041513e+04 7.00000000e+00]","[1.00000000e+02 2.62920000e+01 1.00000000e+00 2.00000000e+00
 1.00000000e+01 1.69041513e+04 7.00000000e+00]","[0.05147074 0.15       0.99989053 0.96464008 0.64498764 0.23
 0.96464008 0.88183969 0.88183969 0.88183969 0.08735808 0.524198  ]","[2.50385105e-01 9.00000000e-02 9.99890529e-01 1.22086999e-05
 1.97513960e-02 2.20000000e-01 1.22086999e-05 3.94763942e-04
 3.94763942e-04 3.94763942e-04 9.41814888e-01 8.57220113e-01]","[[3.41161863e-03 1.10000000e-01 9.99970434e-01 1.52325974e-05
  5.20859073e-02 1.10000000e-01 1.52325974e-05 2.41774109e-05
  2.41774109e-05 2.41774109e-05 2.37773711e-03 6.16990204e-03]]","[3.51757342e-03 5.00000000e-02 9.99318207e-01 1.99492045e-05
 5.20859073e-02 5.00000000e-02 1.99492045e-05 2.48907937e-05
 2.48907937e-05 2.48907937e-05 4.65353306e-03 7.97074773e-03]",256.14089236141206,397.0,263.591,370.70799999999997,140.85910763858794,-133.409,7.450107638587951,-107.11699999999996,0.5499282302797527,-0.33604282115869016,0.02908597518304859,-0.28895249090928704,15.54831314086914,17.715221166610718,2.599055767059326,28.69541597366333,0.8776810063299847,5.982293007302846,6.816021953485983,11.040708066887865,48,304
195,"[8.55161572e+01 5.26865185e+00 2.13801369e-01 4.00000000e+00
 6.00000000e+00 7.68891610e+03 5.40000000e+01]","[1.0000000e+02 4.9993700e+01 0.0000000e+00 4.0000000e+00 6.0000000e+00
 7.6889161e+03 5.4000000e+01]","[6.0000000e+01 5.3774000e+00 0.0000000e+00 4.0000000e+00 6.0000000e+00
 7.6889161e+03 5.4000000e+01]","[0.0000000e+00 8.5434000e+00 0.0000000e+00 4.0000000e+00 6.0000000e+00
 7.6889161e+03 5.4000000e+01]","[0.29294072 0.26       0.99958608 0.9836239  0.74591895 0.22
 0.9836239  0.96899341 0.96899341 0.96899341 0.30042628 0.73996343]","[6.19755226e-01 5.00000000e-02 9.99904511e-01 2.29953343e-04
 1.42811084e-02 1.60000000e-01 2.29953343e-04 1.03384942e-04
 1.03384942e-04 1.03384942e-04 8.10350582e-01 4.55264424e-01]","[[3.39186732e-01 1.80000000e-01 9.99474834e-01 3.35083251e-04
  5.67830837e-02 1.30000000e-01 3.35083251e-04 6.07061648e-04
  6.07061648e-04 6.07061648e-04 2.26644445e-01 7.39963431e-01]]","[6.26547806e-02 5.00000000e-02 9.99959341e-01 1.14828169e-04
 4.23327142e-02 9.00000000e-02 1.14828169e-04 2.79766954e-04
 2.79766954e-04 2.79766954e-04 4.69679410e-02 1.24099028e-01]",376.03370396467466,346.0063,350.6226,287.4566,-30.027403964674647,4.616299999999967,-25.41110396467468,63.166,-0.07985295905149896,0.013341664588188038,-0.06757666585935033,0.21974099742361108,15.3700110912323,10.206396341323853,2.404118776321411,1.3261198997497559,1.5059194819822845,6.393199555119424,4.24537940548048,0.5516033204394658,66,4
196,"[6.28047857e+01 5.27471105e+00 2.97500341e-01 1.00000000e+00
 2.20000000e+01 3.53553970e+03 8.00000000e+00]","[1.0000000e+02 0.0000000e+00 1.0000000e+00 1.0000000e+00 2.2000000e+01
 3.5355397e+03 8.0000000e+00]","[1.0000000e+02 3.7621000e+00 1.0000000e+00 1.0000000e+00 2.2000000e+01
 3.5355397e+03 8.0000000e+00]","[1.0000000e+02 3.3762100e+01 1.0000000e+00 1.0000000e+00 2.2000000e+01
 3.5355397e+03 8.0000000e+00]","[0.66577916 0.32       0.9999086  0.97963193 0.23917771 0.25
 0.97963193 0.97706967 0.97706967 0.97706967 0.5892681  0.20539862]","[6.80570334e-01 3.00000000e-01 9.99939941e-01 2.19349805e-05
 3.88661527e-01 2.80000000e-01 2.19349805e-05 5.77134785e-04
 5.77134785e-04 5.77134785e-04 9.86599032e-01 1.72391014e-01]","[[6.80570334e-01 3.00000000e-01 9.99939941e-01 2.19349805e-05
  3.88661527e-01 2.80000000e-01 2.19349805e-05 5.77134785e-04
  5.77134785e-04 5.77134785e-04 9.86599032e-01 1.72391014e-01]]","[4.06616387e-03 0.00000000e+00 9.99992230e-01 1.08709788e-04
 1.87018354e-02 3.00000000e-02 1.08709788e-04 5.50751395e-05
 5.50751395e-05 5.50751395e-05 6.61085692e-03 3.71499797e-03]",356.23257427172484,398.0,394.2379,364.2379,41.76742572827516,-3.7620999999999754,38.00532572827518,30.0,0.11724763186989201,-0.009452512562814009,0.10668683459386766,0.08236375182264119,14.140038251876831,7.513814449310303,14.580831289291382,14.599929571151733,1.8818721632359119,0.9697690050266007,0.5153214038508684,1.0013098211947886,282,202
197,"[4.17022005e+01 7.20324493e+01 1.14374817e-02 2.00000000e+00
 9.00000000e+00 2.39395261e+04 7.00000000e+00]","[1.00000000e+02 0.00000000e+00 0.00000000e+00 2.00000000e+00
 9.00000000e+00 2.39395261e+04 7.00000000e+00]","[1.00000000e+02 3.47350000e+00 5.00000000e+00 2.00000000e+00
 9.00000000e+00 2.39395261e+04 7.00000000e+00]","[0.00000000e+00 2.55215000e+01 0.00000000e+00 2.00000000e+00
 9.00000000e+00 2.39395261e+04 7.00000000e+00]","[6.70835618e-01 4.00000000e-02 9.99992112e-01 3.23976380e-04
 1.66080829e-02 1.00000000e-01 3.23976380e-04 6.10707420e-05
 6.10707420e-05 6.10707420e-05 8.10622560e-01 7.43067245e-01]","[5.20694247e-01 2.10000000e-01 9.99992586e-01 3.91790776e-05
 1.89115478e-02 2.30000000e-01 3.91790776e-05 1.22349454e-03
 1.22349454e-03 1.22349454e-03 5.24286159e-01 5.95702229e-01]","[[2.30940748e-01 1.10000000e-01 9.99993153e-01 1.78238736e-05
  1.89115478e-02 3.00000000e-01 1.78238736e-05 3.94763942e-04
  3.94763942e-04 3.94763942e-04 9.45989566e-01 8.83618474e-01]]","[2.93556135e-02 8.00000000e-02 9.99994825e-01 5.39155943e-05
 4.53979097e-02 1.20000000e-01 5.39155943e-05 4.71815194e-05
 4.71815194e-05 4.71815194e-05 3.87910225e-02 1.16728102e-01]",267.6583136443071,398.0,389.5265,272.4785,130.3416863556929,-8.473500000000001,121.8681863556929,117.048,0.48697043847068705,-0.021290201005025128,0.45531253894711576,0.4295678374624053,10.545127868652344,8.674482583999634,19.694425344467163,1.0820975303649902,1.2156492063403501,0.5354371952576331,0.4404537036383543,0.05494435666126143,372,5
198,"[8.24791814e+00 1.16318852e+01 7.38038250e-02 1.00000000e+00
 5.00000000e+00 1.22999814e+04 8.20000000e+01]","[1.00000000e+02 6.81975051e+00 0.00000000e+00 1.00000000e+00
 5.00000000e+00 1.22999814e+04 8.20000000e+01]","[9.00000000e+01 5.50200000e+00 0.00000000e+00 1.00000000e+00
 5.00000000e+00 1.22999814e+04 8.20000000e+01]","[0.00000000e+00 1.34170000e+01 0.00000000e+00 1.00000000e+00
 5.00000000e+00 1.22999814e+04 8.20000000e+01]","[0.16632686 0.15       0.99917632 0.99983661 0.12376859 0.18
 0.99983661 0.95195962 0.95195962 0.95195962 0.12867564 0.41957974]","[2.45709685e-01 8.00000000e-02 9.99029511e-01 6.53202132e-04
 9.33781633e-02 2.20000000e-01 6.53202132e-04 2.68442465e-03
 2.68442465e-03 2.68442465e-03 4.10724153e-01 4.97986918e-01]","[[5.70933317e-01 1.00000000e-01 9.98599568e-01 6.53202132e-04
  5.96763189e-02 1.90000000e-01 6.53202132e-04 1.37045271e-03
  1.37045271e-03 1.37045271e-03 5.84765648e-01 7.83841489e-01]]","[6.55784800e-02 1.80000000e-01 9.99930950e-01 1.68364462e-04
 1.12061004e-01 2.00000000e-01 1.68364462e-04 5.89695256e-04
 5.89695256e-04 5.89695256e-04 1.58581655e-01 1.12224522e-01]",295.54222910704914,392.1802494949495,383.498,285.58299999999997,96.63802038790038,-8.68224949494953,87.95577089295085,97.91500000000002,0.32698548928145516,-0.022138415960851032,0.2976081325457289,0.3428600441903056,10.279785633087158,7.479882001876831,3.0100204944610596,0.8012545108795166,1.3743245723004431,3.415187920482163,2.4849937120498224,0.2661956994492093,90,3
199,"[2.81821217e+01 4.89828438e+01 5.41351222e-03 4.00000000e+00
 1.90000000e+01 1.03756601e+04 7.90000000e+01]","[1.00000000e+02 5.45636263e+00 0.00000000e+00 4.00000000e+00
 1.90000000e+01 1.03756601e+04 7.90000000e+01]","[1.00000000e+02 9.68226000e+01 0.00000000e+00 4.00000000e+00
 1.90000000e+01 1.03756601e+04 7.90000000e+01]","[0.00000000e+00 3.68226000e+01 0.00000000e+00 4.00000000e+00
 1.90000000e+01 1.03756601e+04 7.90000000e+01]","[0.30240214 0.12       0.99994878 0.90540262 0.08356868 0.23
 0.90540262 0.69415183 0.69415183 0.69415183 0.06620896 0.08133151]","[4.78616721e-01 1.30000000e-01 9.99540480e-01 4.94266172e-04
 6.86043169e-02 2.00000000e-01 4.94266172e-04 3.62850772e-03
 3.62850772e-03 3.62850772e-03 3.40638156e-01 8.54416893e-01]","[[7.57358866e-01 1.40000000e-01 9.99948775e-01 3.09157485e-04
  3.84508858e-02 2.20000000e-01 3.09157485e-04 1.74223903e-03
  1.74223903e-03 1.74223903e-03 8.15973914e-01 2.86614962e-01]]","[4.92145442e-02 6.00000000e-02 9.99986908e-01 7.85823256e-05
 6.41949054e-02 4.00000000e-02 7.85823256e-05 3.19020197e-04
 3.19020197e-04 3.19020197e-04 3.99343323e-02 6.48910229e-02]",275.19386438836693,390.5436373737374,299.17740000000003,259.17740000000003,115.34977298537046,-91.36623737373736,23.9835356116331,40.0,0.4191582295693311,-0.23394629595847924,0.08715141838259291,0.15433444428410809,13.029927253723145,8.085982322692871,12.860519647598267,1.0526127815246582,1.6114216843085793,1.0131726874781857,0.6287446031936157,0.08184838640802794,204,5
