sample_index,rules,n_satisfied_reqs,pred_req_0,real_req_0,pred_req_1,real_req_1,pred_req_2,real_req_2,pred_req_3,real_req_3,pred_req_4,real_req_4,pred_req_5,real_req_5,pred_req_6,real_req_6,pred_req_7,real_req_7,pred_req_8,real_req_8,pred_req_9,real_req_9,pred_req_10,real_req_10,pred_req_11,real_req_11
0,countermeasure = 0.0; #threats <= 53.00; countermeasure = 0.0; formation = 1.0; 26.00 < #threats <= 75.00; threat_range <= 30458.59; day_time > 18.00; #threats <= 53.00; countermeasure = 0.0; 26.00 < #threats <= 53.00; threat_range <= 30458.59; countermeasure = 0.0; threat_range <= 30458.59; #threats > 26.00; threat_range <= 30458.59; countermeasure = 0.0; #threats <= 53.00; day_time > 18.00,12,1,1,1,1,1,1,1,1,1,1,1,1,1,1,1,1,1,1,1,1,1,1,1,1
1,countermeasure = 0.0; flying_speed <= 38.83; countermeasure = 0.0; flying_speed <= 38.83; #threats > 26.00; threat_range > 10398.43; countermeasure = 0.0; flying_speed <= 38.83; #threats > 26.00; threat_range <= 30458.59; countermeasure = 0.0; countermeasure = 0.0; threat_range > 10398.43; flying_speed <= 38.83; countermeasure = 0.0; threat_range <= 30458.59; #threats <= 75.00; day_time <= 18.00; flying_speed <= 38.83,12,1,1,1,1,1,1,1,1,1,1,1,1,1,1,1,1,1,1,1,1,1,1,1,1
2,countermeasure = 0.0; flying_speed <= 38.83; countermeasure = 0.0; flying_speed <= 38.83; threat_range <= 30458.59; #threats <= 53.00; countermeasure = 0.0; day_time <= 6.00; flying_speed <= 38.83; #threats <= 53.00; countermeasure = 0.0; flying_speed <= 38.83; #threats <= 26.00; #threats <= 26.00; countermeasure = 0.0; day_time <= 12.00; threat_range <= 30458.59; day_time <= 6.00,12,1,1,1,0,1,1,1,0,1,0,1,0,1,0,1,0,1,0,1,0,1,1,1,1
3,countermeasure = 0.0; #threats <= 75.00; countermeasure = 0.0; flying_speed <= 38.83; #threats > 26.00; #threats <= 53.00; formation = 0.0; countermeasure = 0.0; 26.00 < #threats <= 75.00; flying_speed <= 38.83; #threats <= 75.00; countermeasure = 0.0; weather = 2.0; #threats <= 53.00; 26.00 < #threats <= 53.00; countermeasure = 0.0; day_time <= 18.00; threat_range > 10398.43; threat_range > 30458.59,12,1,1,1,1,1,1,1,1,1,1,1,1,1,1,1,1,1,1,1,1,1,1,1,1
4,countermeasure = 0.0; countermeasure = 0.0; countermeasure = 0.0; weather = 1.0; day_time > 12.00; countermeasure = 0.0; threat_range > 30458.59,8,1,1,1,0,1,1,0,0,1,0,1,0,0,0,1,0,0,0,1,0,0,0,1,1
5,countermeasure = 0.0; #threats <= 53.00; countermeasure = 0.0; flying_speed <= 38.83; 10398.43 < threat_range <= 30458.59; weather = 3.0; day_time <= 12.00; countermeasure = 0.0; flying_speed <= 38.83; weather = 3.0; threat_range <= 30458.59; #threats <= 26.00; countermeasure = 0.0; flying_speed <= 38.83; day_time <= 6.00; day_time <= 6.00; #threats <= 53.00; countermeasure = 0.0; countermeasure = 0.0,12,1,1,1,1,1,1,1,1,1,1,1,1,1,1,1,1,1,1,1,1,1,1,1,1
6,#threats > 26.00; threat_range > 30458.59; flying_speed <= 38.83; formation = 0.0; #threats <= 53.00; threat_range > 30458.59; #threats > 26.00; threat_range > 10398.43; #threats <= 75.00; 26.00 < #threats <= 53.00; weather = 2.0,9,1,1,1,1,1,1,0,1,1,1,1,1,0,1,1,1,0,1,1,1,1,1,1,1
7,threat_range > 10398.43; flying_speed <= 38.83; #threats <= 53.00; threat_range > 20104.47; 26.00 < #threats <= 53.00; day_time <= 12.00; #threats <= 53.00,8,0,1,1,1,1,1,0,1,1,1,1,1,0,1,1,1,0,1,1,1,1,1,1,1
8,countermeasure = 0.0; flying_speed <= 15.83; countermeasure = 0.0; flying_speed <= 15.83; countermeasure = 0.0; flying_speed <= 15.83; threat_range > 10398.43; countermeasure = 0.0; flying_speed <= 15.83; flying_speed <= 15.83; flying_speed <= 15.83; weather = 2.0; #threats > 26.00; flying_speed <= 15.83,12,1,1,1,1,1,1,1,1,1,1,1,1,1,1,1,1,1,1,1,1,1,1,1,1
9,#threats <= 75.00; #threats <= 26.00; #threats <= 53.00; countermeasure = 1.0; weather = 1.0; day_time <= 12.00; #threats <= 75.00; formation = 1.0; flying_speed <= 38.83; threat_range > 30458.59,8,0,0,1,1,1,1,0,0,1,1,1,1,0,0,1,1,0,0,1,1,1,1,1,1
10,countermeasure = 0.0; day_time <= 18.00; threat_range > 20104.47; countermeasure = 0.0; #threats <= 53.00; flying_speed <= 15.83; #threats <= 53.00; threat_range > 10398.43; countermeasure = 0.0; countermeasure = 0.0,9,1,0,1,1,1,1,0,0,1,1,1,1,0,0,1,1,0,0,1,1,1,1,1,1
11,#threats > 26.00; flying_speed <= 27.56; day_time <= 18.00; #threats <= 53.00; #threats > 26.00; flying_speed <= 38.83; #threats > 26.00; day_time <= 6.00; formation = 1.0; #threats <= 53.00,9,1,1,1,0,1,1,0,0,1,0,1,0,0,0,1,0,0,0,1,0,1,1,1,1
12,flying_speed <= 15.83; #threats <= 75.00; flying_speed <= 15.83; flying_speed <= 27.56; #threats <= 75.00; threat_range <= 20104.47; flying_speed <= 15.83,8,0,0,1,1,1,1,0,0,1,1,1,1,0,0,1,1,0,0,1,1,1,1,1,1
13,countermeasure = 0.0; flying_speed <= 15.83; countermeasure = 0.0; flying_speed <= 27.56; threat_range <= 20104.47; countermeasure = 0.0; flying_speed <= 15.83; threat_range <= 20104.47; threat_range > 10398.43; countermeasure = 0.0; flying_speed <= 15.83; flying_speed <= 15.83; flying_speed <= 15.83,11,1,1,1,0,1,1,1,0,1,0,1,0,1,0,1,0,1,0,1,0,0,0,1,0
14,#threats <= 53.00; #threats <= 53.00; #threats <= 26.00; day_time > 12.00,5,0,0,1,0,1,1,0,0,1,0,1,0,0,0,1,0,0,0,0,0,0,0,0,0
15,#threats <= 53.00; #threats <= 53.00; flying_speed > 27.56; flying_speed > 15.83; 26.00 < #threats <= 53.00; threat_range <= 30458.59; flying_speed > 15.83; day_time > 12.00,8,0,0,1,1,1,1,0,0,1,1,1,1,0,0,1,1,0,0,1,1,1,1,1,1
16,#threats > 75.00; flying_speed <= 27.56; threat_range <= 30458.59; day_time > 12.00; formation = 0.0,2,1,1,0,0,1,1,0,0,0,0,0,0,0,0,0,0,0,0,0,0,0,0,0,0
17,formation = 0.0; threat_range > 20104.47; threat_range > 20104.47; threat_range > 20104.47; 10398.43 < threat_range <= 30458.59; flying_speed > 27.56; 12.00 < day_time <= 18.00; #threats > 26.00; weather = 4.0; day_time > 12.00,8,0,1,1,1,1,1,0,1,1,1,1,1,0,1,1,1,0,1,1,1,1,1,1,1
18,countermeasure = 0.0; #threats <= 75.00; countermeasure = 0.0; #threats > 53.00; weather = 2.0; #threats <= 75.00; formation = 0.0; countermeasure = 0.0; 26.00 < #threats <= 75.00; 20104.47 < threat_range <= 30458.59; #threats <= 75.00; countermeasure = 0.0; threat_range > 10398.43; day_time > 12.00; 20104.47 < threat_range <= 30458.59; weather = 2.0; day_time <= 18.00; flying_speed > 38.83,12,1,1,1,1,1,1,1,1,1,1,1,1,1,1,1,1,1,1,1,1,1,1,1,1
19,threat_range > 10398.43; weather = 2.0; countermeasure = 1.0; weather = 2.0; 26.00 < #threats <= 53.00; 6.00 < day_time <= 18.00; formation = 0.0; flying_speed > 38.83,8,0,1,1,1,1,1,0,1,1,1,1,1,0,1,1,1,0,1,1,1,1,1,1,1
20,#threats > 75.00; flying_speed <= 15.83; threat_range <= 20104.47; flying_speed <= 15.83; flying_speed <= 15.83; weather = 3.0; flying_speed <= 38.83; flying_speed <= 15.83; 12.00 < day_time <= 18.00; threat_range <= 30458.59; #threats > 75.00; flying_speed <= 15.83,9,1,0,1,1,1,1,0,0,1,1,1,1,0,0,1,1,0,0,1,1,1,1,1,1
21,countermeasure = 0.0; #threats <= 75.00; countermeasure = 0.0; flying_speed <= 27.56; day_time > 12.00; formation = 0.0; countermeasure = 0.0; flying_speed <= 27.56; threat_range <= 20104.47; weather = 3.0; countermeasure = 0.0; flying_speed <= 27.56; formation = 0.0; threat_range <= 30458.59; weather = 3.0; day_time <= 18.00; 26.00 < #threats <= 75.00; formation = 0.0,12,1,0,1,1,1,1,1,0,1,1,1,1,1,0,1,1,1,0,1,1,1,1,1,1
22,#threats > 75.00; threat_range <= 20104.47; flying_speed <= 15.83; formation = 0.0; day_time <= 18.00; flying_speed <= 15.83; flying_speed <= 15.83; #threats > 75.00; threat_range <= 20104.47; weather = 2.0; day_time > 6.00; weather = 2.0; flying_speed <= 15.83; #threats > 75.00; threat_range <= 30458.59; flying_speed <= 15.83; flying_speed <= 15.83; #threats > 75.00; threat_range <= 30458.59; day_time <= 12.00; weather = 2.0; flying_speed <= 38.83; flying_speed <= 15.83; threat_range <= 20104.47; weather = 2.0; threat_range <= 10398.43,12,1,1,1,1,1,1,1,1,1,1,1,1,1,1,1,1,1,1,1,1,1,1,1,1
23,flying_speed <= 15.83; flying_speed <= 15.83; #threats <= 75.00; weather = 2.0; flying_speed <= 15.83; flying_speed <= 15.83; formation = 1.0; flying_speed <= 15.83,8,0,0,1,1,1,1,0,0,1,1,1,1,0,0,1,1,0,0,1,1,1,1,1,1
24,#threats <= 75.00; #threats <= 26.00; #threats <= 26.00; flying_speed > 38.83; day_time <= 6.00; #threats <= 75.00; threat_range <= 30458.59; formation = 0.0,8,0,0,1,1,1,1,0,0,1,1,1,1,0,0,1,1,0,0,1,1,1,1,1,1
25,flying_speed <= 15.83; flying_speed <= 15.83; weather = 1.0; weather = 1.0; flying_speed <= 15.83; flying_speed <= 15.83; weather = 1.0; flying_speed <= 15.83,8,0,0,1,1,1,1,0,0,1,1,1,1,0,0,1,1,0,0,1,1,1,1,1,1
26,countermeasure = 0.0; flying_speed <= 38.83; countermeasure = 0.0; flying_speed <= 38.83; #threats > 26.00; weather = 2.0; countermeasure = 0.0; flying_speed <= 38.83; threat_range <= 30458.59; #threats > 26.00; weather = 2.0; countermeasure = 0.0; flying_speed <= 38.83; flying_speed <= 38.83; 10398.43 < threat_range <= 30458.59; weather = 2.0; countermeasure = 0.0; #threats > 26.00; #threats > 53.00,12,1,1,1,1,1,1,1,1,1,1,1,1,1,1,1,1,1,1,1,1,1,1,1,1
27,#threats <= 53.00; #threats <= 53.00; weather = 2.0; flying_speed <= 38.83; 26.00 < #threats <= 53.00; flying_speed <= 38.83; threat_range <= 30458.59; weather = 2.0,8,0,1,1,1,1,1,0,1,1,1,1,1,0,1,1,1,0,1,1,1,1,1,1,1
28,countermeasure = 0.0; countermeasure = 0.0; flying_speed <= 38.83; #threats > 26.00; countermeasure = 0.0; flying_speed <= 38.83; day_time <= 6.00; #threats > 26.00; countermeasure = 0.0; flying_speed <= 38.83; countermeasure = 0.0; day_time <= 6.00; countermeasure = 0.0; threat_range <= 30458.59; threat_range <= 10398.43,12,1,1,1,1,1,1,1,1,1,1,1,1,1,1,1,1,1,1,1,1,1,1,1,1
29,#threats <= 75.00; #threats <= 53.00; 26.00 < #threats <= 53.00; day_time > 18.00; day_time > 18.00,8,0,0,1,0,1,1,0,0,1,0,1,0,0,0,1,0,0,0,1,0,1,1,1,1
30,flying_speed <= 15.83; flying_speed <= 15.83; flying_speed <= 27.56; flying_speed <= 38.83; threat_range <= 20104.47; flying_speed <= 15.83; day_time > 12.00; flying_speed <= 15.83,8,0,0,1,1,1,1,0,0,1,1,1,1,0,0,1,1,0,0,1,1,1,1,1,1
31,countermeasure = 0.0; formation = 1.0; countermeasure = 0.0; flying_speed <= 27.56; day_time <= 6.00; countermeasure = 0.0; flying_speed <= 27.56; threat_range <= 30458.59; #threats <= 53.00; countermeasure = 0.0; flying_speed <= 27.56; flying_speed <= 38.83; flying_speed <= 27.56; #threats <= 53.00; weather = 4.0; #threats <= 53.00,12,1,1,1,1,1,1,1,1,1,1,1,1,1,1,1,1,1,1,1,1,1,1,1,1
32,countermeasure = 0.0; #threats <= 53.00; countermeasure = 0.0; 26.00 < #threats <= 75.00; threat_range > 10398.43; #threats <= 75.00; threat_range <= 30458.59; countermeasure = 0.0; day_time <= 12.00; 10398.43 < threat_range <= 30458.59; #threats > 26.00; countermeasure = 0.0; #threats <= 53.00; 26.00 < #threats <= 53.00; 10398.43 < threat_range <= 20104.47; threat_range <= 20104.47,12,1,1,1,1,1,1,1,1,1,1,1,1,1,1,1,1,1,1,1,1,1,1,1,1
33,countermeasure = 0.0; flying_speed <= 15.83; countermeasure = 0.0; flying_speed <= 27.56; threat_range <= 30458.59; flying_speed <= 27.56; formation = 1.0; countermeasure = 0.0; flying_speed <= 15.83; threat_range <= 30458.59; day_time > 12.00; countermeasure = 0.0; flying_speed <= 15.83; flying_speed <= 38.83; flying_speed <= 15.83; countermeasure = 0.0; day_time <= 18.00; flying_speed <= 15.83,12,1,1,1,1,1,1,1,1,1,1,1,1,1,1,1,1,1,1,1,1,1,1,1,1
34,countermeasure = 0.0; #threats <= 75.00; countermeasure = 0.0; flying_speed <= 15.83; flying_speed <= 15.83; #threats <= 53.00; countermeasure = 0.0; flying_speed <= 15.83; flying_speed <= 15.83; flying_speed <= 15.83; #threats <= 53.00; threat_range > 20104.47; #threats <= 53.00,11,1,1,1,0,1,1,1,0,1,0,1,0,0,0,1,0,1,0,1,0,1,1,1,1
35,countermeasure = 0.0; day_time <= 6.00; countermeasure = 0.0; flying_speed <= 15.83; threat_range <= 30458.59; #threats <= 75.00; day_time <= 6.00; countermeasure = 0.0; flying_speed <= 38.83; threat_range <= 30458.59; flying_speed <= 38.83; countermeasure = 0.0; flying_speed <= 15.83; flying_speed <= 15.83; flying_speed <= 15.83; countermeasure = 0.0; threat_range <= 30458.59; flying_speed <= 15.83,12,1,1,1,1,1,1,1,1,1,1,1,1,1,1,1,1,1,1,1,1,1,1,1,1
36,countermeasure = 0.0; threat_range <= 20104.47; countermeasure = 0.0; flying_speed <= 27.56; threat_range <= 30458.59; flying_speed <= 38.83; countermeasure = 0.0; flying_speed <= 27.56; threat_range <= 30458.59; #threats > 26.00; threat_range > 10398.43; countermeasure = 0.0; flying_speed <= 27.56; flying_speed <= 27.56; 10398.43 < threat_range <= 20104.47; countermeasure = 0.0; flying_speed <= 27.56,12,1,1,1,1,1,1,1,1,1,1,1,1,1,1,1,1,1,1,1,1,1,1,1,1
37,flying_speed <= 15.83; #threats <= 75.00; flying_speed <= 15.83,7,0,0,1,0,1,1,0,0,1,0,1,0,0,0,1,0,0,0,1,0,0,0,1,1
38,#threats > 53.00; flying_speed <= 15.83; weather = 1.0; 6.00 < day_time <= 18.00; formation = 0.0; #threats <= 75.00; formation = 0.0; flying_speed <= 15.83; flying_speed <= 15.83; flying_speed <= 15.83; formation = 0.0; day_time > 12.00; #threats > 26.00; threat_range <= 30458.59,9,1,1,1,1,1,1,0,1,1,1,1,1,0,1,1,1,0,1,1,1,1,1,1,1
39,countermeasure = 0.0; #threats <= 75.00; countermeasure = 0.0; flying_speed <= 15.83; #threats <= 53.00; day_time > 18.00; countermeasure = 0.0; flying_speed <= 15.83; #threats <= 75.00; countermeasure = 0.0; flying_speed <= 15.83; weather = 3.0; flying_speed <= 15.83; 26.00 < #threats <= 53.00; flying_speed <= 15.83,12,1,1,1,1,1,1,1,1,1,1,1,1,1,1,1,1,1,1,1,1,1,1,1,1
40,#threats <= 26.00; #threats <= 75.00; #threats <= 26.00; #threats <= 26.00; flying_speed <= 15.83; weather = 2.0; flying_speed <= 15.83,8,0,1,1,1,1,1,0,1,1,1,1,1,0,1,1,1,0,1,1,1,1,1,1,1
41,countermeasure = 0.0; flying_speed <= 15.83; countermeasure = 0.0; flying_speed <= 27.56; #threats > 26.00; threat_range > 10398.43; countermeasure = 0.0; flying_speed <= 15.83; flying_speed <= 15.83; countermeasure = 0.0; flying_speed <= 15.83; flying_speed <= 15.83; countermeasure = 0.0; threat_range <= 20104.47; flying_speed <= 15.83,12,1,1,1,1,1,1,1,1,1,1,1,1,1,1,1,1,1,1,1,1,1,1,1,1
42,#threats <= 53.00; #threats <= 75.00; day_time > 18.00; formation = 1.0; #threats <= 53.00; 26.00 < #threats <= 53.00; day_time > 18.00; threat_range > 20104.47,8,0,0,1,1,1,1,0,0,1,1,1,1,0,0,1,1,0,0,1,1,1,1,1,1
43,threat_range <= 30458.59; day_time <= 6.00; #threats <= 53.00; threat_range > 20104.47; #threats <= 75.00; threat_range <= 30458.59; day_time <= 6.00; weather = 3.0; day_time <= 6.00,8,0,0,1,1,1,1,0,0,1,1,1,1,0,0,1,0,0,0,1,0,1,1,1,1
44,countermeasure = 0.0; #threats <= 53.00; countermeasure = 0.0; flying_speed <= 27.56; formation = 0.0; threat_range <= 30458.59; countermeasure = 0.0; flying_speed <= 27.56; threat_range <= 20104.47; #threats <= 75.00; flying_speed <= 27.56; countermeasure = 0.0; #threats <= 26.00; threat_range <= 20104.47; flying_speed <= 27.56; countermeasure = 0.0; #threats <= 53.00; formation = 0.0,12,1,1,1,1,1,1,1,1,1,1,1,1,1,1,1,1,1,1,1,1,1,1,1,1
45,countermeasure = 0.0; threat_range > 10398.43; countermeasure = 0.0; day_time <= 6.00; #threats > 26.00; threat_range > 30458.59; countermeasure = 0.0; day_time <= 6.00; #threats > 26.00; weather = 1.0; threat_range > 10398.43; threat_range > 10398.43; countermeasure = 0.0; weather = 1.0; day_time <= 6.00; countermeasure = 0.0; weather = 1.0; flying_speed > 15.83; threat_range > 10398.43; day_time <= 6.00,12,1,1,1,1,1,1,1,1,1,1,1,1,1,1,1,1,1,1,1,1,1,1,1,1
46,countermeasure = 0.0; #threats <= 53.00; countermeasure = 0.0; flying_speed <= 27.56; #threats > 26.00; day_time > 18.00; countermeasure = 0.0; flying_speed <= 38.83; #threats > 26.00; #threats > 26.00; countermeasure = 0.0; flying_speed <= 27.56; countermeasure = 0.0; 10398.43 < threat_range <= 20104.47; #threats <= 53.00; day_time > 18.00; threat_range > 10398.43,12,1,1,1,1,1,1,1,1,1,1,1,1,1,1,1,1,1,1,1,1,1,1,1,1
47,countermeasure = 0.0; #threats <= 75.00; countermeasure = 0.0; formation = 1.0; 10398.43 < threat_range <= 30458.59; #threats <= 53.00; #threats <= 75.00; countermeasure = 0.0; formation = 1.0; 10398.43 < threat_range <= 20104.47; countermeasure = 0.0; #threats <= 26.00; threat_range <= 20104.47; countermeasure = 0.0; #threats <= 53.00; #threats <= 26.00,12,1,1,1,0,1,1,1,0,1,0,1,1,1,0,1,1,1,1,1,1,1,1,1,1
48,day_time > 18.00; weather = 1.0; #threats <= 75.00; #threats <= 75.00; countermeasure = 1.0; 10398.43 < threat_range <= 20104.47; day_time > 12.00,8,0,0,1,1,1,1,0,0,1,1,1,1,0,0,1,1,0,0,1,1,1,1,1,1
49,countermeasure = 0.0; #threats <= 53.00; countermeasure = 0.0; flying_speed <= 27.56; threat_range <= 30458.59; threat_range <= 30458.59; #threats <= 75.00; countermeasure = 0.0; flying_speed <= 27.56; threat_range <= 20104.47; #threats <= 75.00; countermeasure = 0.0; countermeasure = 0.0; #threats <= 53.00; #threats <= 53.00; threat_range <= 20104.47; weather = 4.0; countermeasure = 0.0; #threats <= 53.00,12,1,1,1,1,1,1,1,1,1,1,1,1,1,1,1,1,1,1,1,1,1,1,1,1
50,day_time <= 6.00; threat_range <= 30458.59; weather = 2.0; threat_range > 10398.43; day_time <= 6.00; 10398.43 < threat_range <= 30458.59; 15.83 < flying_speed <= 38.83; #threats > 26.00; formation = 1.0; #threats > 75.00,8,0,0,1,1,1,1,0,0,1,1,1,1,0,0,1,1,0,0,1,1,1,1,1,1
51,weather = 1.0; flying_speed > 38.83; threat_range > 20104.47; weather = 1.0; flying_speed > 38.83; 53.00 < #threats <= 75.00; 10398.43 < threat_range <= 30458.59; flying_speed > 15.83,8,0,0,1,1,1,1,0,0,1,1,1,1,0,0,1,1,0,0,1,1,1,1,1,1
52,#threats <= 75.00; weather = 1.0; day_time > 6.00; #threats > 26.00; threat_range <= 20104.47; day_time <= 12.00; #threats <= 75.00; day_time <= 12.00,8,0,0,1,1,1,1,0,0,1,1,1,1,0,0,1,1,0,0,1,1,1,1,1,1
53,#threats <= 53.00; #threats <= 26.00; formation = 0.0; threat_range <= 30458.59; #threats <= 53.00,7,0,0,1,0,1,1,0,0,1,0,1,0,0,0,1,0,0,0,1,0,0,0,1,1
54,countermeasure = 0.0; countermeasure = 0.0; flying_speed <= 38.83; flying_speed <= 38.83; threat_range <= 30458.59; countermeasure = 0.0; flying_speed <= 15.83; countermeasure = 0.0; #threats <= 75.00; flying_speed <= 15.83; #threats <= 26.00; weather = 3.0; flying_speed <= 15.83,12,1,1,1,1,1,1,1,1,1,1,1,1,1,1,1,1,1,1,1,1,1,1,1,1
55,countermeasure = 0.0; #threats <= 75.00; countermeasure = 0.0; flying_speed <= 27.56; formation = 1.0; #threats <= 26.00; flying_speed <= 38.83; countermeasure = 0.0; flying_speed <= 27.56; #threats <= 53.00; threat_range > 20104.47; day_time <= 18.00; flying_speed <= 38.83; countermeasure = 0.0; flying_speed <= 27.56; day_time > 12.00; countermeasure = 0.0; #threats <= 53.00; threat_range > 10398.43; weather = 3.0; flying_speed <= 27.56,12,1,1,1,0,1,1,1,0,1,0,1,0,1,0,1,0,1,0,1,0,1,1,1,1
56,countermeasure = 0.0; #threats <= 75.00; countermeasure = 0.0; flying_speed <= 38.83; #threats > 26.00; threat_range > 10398.43; #threats <= 75.00; #threats > 26.00; countermeasure = 0.0; flying_speed <= 38.83; 26.00 < #threats <= 75.00; flying_speed <= 38.83; countermeasure = 0.0; flying_speed <= 38.83; #threats <= 75.00; threat_range > 30458.59,11,1,1,1,0,1,1,1,0,1,0,1,0,1,0,1,0,1,0,1,0,0,0,1,0
57,flying_speed <= 38.83; day_time > 12.00; weather = 2.0; #threats <= 75.00; day_time > 12.00; 10398.43 < threat_range <= 20104.47; #threats > 26.00; weather = 2.0; countermeasure = 1.0; flying_speed <= 38.83,8,0,1,1,1,1,1,0,1,1,1,1,1,0,1,1,1,0,1,1,1,1,1,1,1
58,countermeasure = 0.0; #threats <= 53.00; countermeasure = 0.0; flying_speed <= 38.83; threat_range > 10398.43; #threats <= 75.00; day_time <= 6.00; #threats <= 53.00; countermeasure = 0.0; countermeasure = 0.0; day_time <= 6.00; flying_speed <= 38.83; threat_range > 20104.47; #threats <= 53.00; countermeasure = 0.0; flying_speed <= 38.83; threat_range > 20104.47; #threats <= 26.00,11,1,1,1,0,1,1,1,0,1,0,1,0,1,0,1,0,1,0,1,0,0,0,1,0
59,countermeasure = 0.0; #threats <= 53.00; countermeasure = 0.0; flying_speed <= 27.56; #threats <= 75.00; weather = 4.0; countermeasure = 0.0; flying_speed <= 15.83; #threats <= 26.00; countermeasure = 0.0; flying_speed <= 15.83; #threats <= 53.00; flying_speed <= 15.83,12,1,0,1,0,1,1,1,0,1,0,1,0,1,0,1,0,1,0,1,0,1,1,1,1
60,countermeasure = 0.0; #threats <= 75.00; countermeasure = 0.0; flying_speed <= 15.83; #threats <= 75.00; flying_speed <= 15.83; countermeasure = 0.0; flying_speed <= 15.83; flying_speed <= 27.56; countermeasure = 0.0; flying_speed <= 27.56; flying_speed <= 15.83; flying_speed <= 15.83; formation = 1.0; threat_range <= 20104.47; #threats <= 53.00,12,1,1,1,1,1,1,1,1,1,1,1,1,1,1,1,1,1,1,1,1,1,1,1,1
61,countermeasure = 0.0; #threats <= 75.00; countermeasure = 0.0; threat_range <= 30458.59; 26.00 < #threats <= 75.00; day_time <= 12.00; day_time <= 12.00; countermeasure = 0.0; day_time <= 12.00; 26.00 < #threats <= 75.00; formation = 0.0; countermeasure = 0.0; #threats > 26.00; countermeasure = 0.0; threat_range <= 20104.47; 26.00 < #threats <= 75.00; countermeasure = 0.0,12,1,1,1,1,1,1,1,1,1,1,1,1,1,1,1,1,1,1,1,1,1,1,1,1
62,countermeasure = 0.0; flying_speed <= 15.83; countermeasure = 0.0; flying_speed <= 15.83; countermeasure = 0.0; countermeasure = 0.0; flying_speed <= 15.83; #threats <= 53.00; countermeasure = 0.0; #threats <= 75.00; flying_speed <= 15.83; 26.00 < #threats <= 53.00; countermeasure = 0.0,12,1,1,1,1,1,1,1,1,1,1,1,1,1,1,1,1,1,1,1,1,1,1,1,1
63,#threats <= 53.00; day_time > 18.00; threat_range > 20104.47; #threats <= 53.00; day_time > 12.00,7,0,0,1,0,1,1,0,0,1,0,1,0,0,0,1,0,0,0,1,0,0,0,1,1
64,#threats <= 26.00; #threats <= 26.00; flying_speed <= 27.56; #threats <= 75.00; #threats <= 75.00; 15.83 < flying_speed <= 27.56; threat_range > 10398.43; 6.00 < day_time <= 18.00; #threats <= 53.00,8,0,0,1,1,1,1,0,0,1,1,1,1,0,0,1,1,0,0,1,1,1,1,1,1
65,#threats > 53.00; flying_speed <= 15.83; formation = 1.0; weather = 2.0; threat_range > 30458.59; day_time > 6.00; formation = 1.0,3,1,1,0,0,1,1,0,0,0,0,0,0,0,0,0,0,0,0,0,0,0,0,1,1
66,countermeasure = 0.0; countermeasure = 0.0; flying_speed <= 27.56; day_time <= 6.00; countermeasure = 0.0; flying_speed <= 15.83; countermeasure = 0.0; flying_speed <= 15.83; formation = 1.0; flying_speed <= 15.83; countermeasure = 0.0; threat_range <= 20104.47,12,1,1,1,0,1,1,1,0,1,0,1,1,1,0,1,1,1,1,1,1,1,1,1,1
67,countermeasure = 0.0; #threats <= 75.00; countermeasure = 0.0; flying_speed <= 38.83; #threats > 26.00; day_time <= 12.00; countermeasure = 0.0; flying_speed <= 38.83; threat_range <= 30458.59; #threats > 26.00; flying_speed <= 38.83; countermeasure = 0.0; flying_speed <= 38.83; threat_range > 10398.43; day_time <= 12.00; threat_range <= 30458.59; formation = 0.0; countermeasure = 0.0,12,1,1,1,1,1,1,1,1,1,1,1,1,1,1,1,1,1,1,1,1,1,1,1,1
68,#threats <= 75.00; day_time > 12.00; #threats <= 75.00,6,0,0,1,0,1,1,0,0,1,0,1,0,0,0,1,0,0,0,1,0,0,0,0,0
69,threat_range <= 30458.59; weather = 1.0; weather = 1.0; flying_speed <= 38.83; day_time <= 12.00; flying_speed <= 27.56; threat_range > 10398.43; formation = 1.0; flying_speed <= 27.56,8,0,1,1,1,1,1,0,1,1,1,1,1,0,1,1,1,0,1,1,1,1,1,1,1
70,#threats <= 75.00; day_time <= 12.00; weather = 2.0; #threats <= 26.00; threat_range <= 20104.47; formation = 1.0; flying_speed > 38.83; threat_range <= 20104.47,8,0,0,1,1,1,1,0,0,1,1,1,1,0,0,1,1,0,0,1,1,1,1,1,1
72,countermeasure = 0.0; flying_speed <= 15.83; countermeasure = 0.0; flying_speed <= 15.83; #threats <= 75.00; countermeasure = 0.0; flying_speed <= 15.83; #threats <= 53.00; countermeasure = 0.0; flying_speed <= 15.83; countermeasure = 0.0; day_time <= 18.00; countermeasure = 0.0,12,1,1,1,1,1,1,1,1,1,1,1,1,1,1,1,1,1,1,1,1,1,1,1,1
73,countermeasure = 0.0; threat_range > 10398.43; countermeasure = 0.0; day_time <= 6.00; 10398.43 < threat_range <= 30458.59; #threats > 26.00; countermeasure = 0.0; #threats > 26.00; day_time <= 6.00; weather = 3.0; countermeasure = 0.0; day_time <= 6.00; countermeasure = 0.0; day_time <= 6.00; countermeasure = 0.0; 10398.43 < threat_range <= 30458.59; day_time <= 6.00,12,1,1,1,1,1,1,1,1,1,1,1,1,1,1,1,1,1,1,1,1,1,1,1,1
74,#threats > 75.00; day_time > 12.00; 10398.43 < threat_range <= 20104.47; day_time > 12.00; threat_range > 10398.43; formation = 1.0; formation = 1.0; #threats > 75.00; 10398.43 < threat_range <= 20104.47; formation = 1.0; weather = 3.0; flying_speed > 38.83; threat_range > 10398.43,8,1,1,1,0,1,1,0,0,1,0,1,0,0,0,1,0,1,0,1,0,0,0,0,0
75,#threats <= 53.00; #threats <= 75.00; flying_speed <= 38.83,5,0,0,1,0,1,1,0,0,1,0,1,0,0,0,0,0,0,0,1,0,0,0,0,0
76,#threats <= 75.00; #threats <= 75.00; day_time <= 6.00; formation = 1.0; #threats <= 75.00; flying_speed <= 15.83; weather = 2.0; day_time <= 6.00; flying_speed <= 15.83,8,0,0,1,1,1,1,0,0,1,1,1,1,0,0,1,1,0,0,1,1,1,1,1,1
77,threat_range > 20104.47; flying_speed <= 15.83; flying_speed <= 15.83; flying_speed <= 27.56; flying_speed <= 15.83; flying_speed <= 15.83; threat_range > 10398.43; threat_range > 10398.43,8,0,0,1,1,1,1,0,0,1,1,1,1,0,0,1,1,0,0,1,1,1,1,1,1
78,#threats <= 75.00; day_time > 12.00; flying_speed <= 27.56; #threats <= 53.00; threat_range <= 20104.47; flying_speed > 15.83; day_time > 12.00; flying_speed <= 38.83,8,0,0,1,1,1,1,0,0,1,1,1,1,0,0,1,0,0,0,1,0,1,1,1,1
79,countermeasure = 0.0; flying_speed <= 27.56; countermeasure = 0.0; flying_speed <= 38.83; #threats > 26.00; day_time <= 6.00; countermeasure = 0.0; day_time <= 6.00; flying_speed <= 27.56; countermeasure = 0.0; countermeasure = 0.0; day_time <= 6.00; countermeasure = 0.0; day_time <= 6.00; threat_range <= 30458.59; weather = 1.0; day_time <= 12.00,12,1,1,1,0,1,1,1,0,1,0,1,1,1,0,1,1,1,1,1,1,1,1,1,1
80,#threats <= 75.00; flying_speed <= 38.83; 10398.43 < threat_range <= 20104.47; #threats <= 75.00; formation = 0.0,8,0,1,1,1,1,1,0,1,1,1,1,1,0,1,1,1,0,1,1,1,1,1,1,1
81,flying_speed > 27.56; formation = 1.0; #threats <= 53.00; weather = 2.0; threat_range <= 20104.47; flying_speed > 27.56; 26.00 < #threats <= 53.00; weather = 2.0,8,0,0,1,0,1,1,0,0,1,0,1,0,0,0,1,0,0,0,1,0,1,1,1,1
82,countermeasure = 0.0; countermeasure = 0.0; flying_speed <= 15.83; #threats <= 75.00; countermeasure = 0.0; flying_speed <= 15.83; threat_range <= 30458.59; countermeasure = 0.0; countermeasure = 0.0; flying_speed <= 15.83; #threats <= 53.00; flying_speed <= 15.83; #threats <= 75.00; formation = 0.0; #threats <= 26.00,12,1,1,1,1,1,1,1,1,1,1,1,1,1,1,1,1,1,1,1,1,1,1,1,1
83,#threats <= 53.00; threat_range > 20104.47; #threats <= 53.00; 26.00 < #threats <= 53.00; flying_speed <= 27.56; threat_range > 10398.43; #threats > 26.00,8,0,0,1,1,1,1,0,0,1,1,1,1,0,0,1,1,0,0,1,1,1,1,1,1
84,#threats <= 53.00; flying_speed <= 27.56; day_time <= 12.00; flying_speed <= 27.56; flying_speed <= 38.83; day_time <= 12.00; #threats <= 53.00; threat_range <= 20104.47; flying_speed > 15.83; #threats <= 53.00,8,0,0,1,1,1,1,0,0,1,1,1,1,0,0,1,1,0,0,1,1,1,1,1,1
85,#threats > 75.00; day_time <= 18.00; flying_speed <= 27.56; formation = 0.0; threat_range > 10398.43; weather = 1.0; formation = 0.0; day_time <= 6.00; flying_speed <= 27.56; threat_range > 10398.43; formation = 0.0; #threats > 75.00; weather = 1.0; #threats > 75.00,7,1,1,0,0,1,1,0,0,0,0,1,1,0,0,1,1,0,1,1,1,1,1,1,1
86,#threats > 53.00; day_time <= 18.00; weather = 2.0; threat_range > 30458.59; formation = 1.0; threat_range > 10398.43; #threats <= 75.00; #threats > 53.00; flying_speed > 38.83; 53.00 < #threats <= 75.00; threat_range > 10398.43; flying_speed > 38.83,9,1,1,1,1,1,1,0,1,1,1,1,1,0,1,1,1,0,1,1,1,1,1,1,1
87,countermeasure = 1.0; flying_speed <= 27.56; #threats <= 75.00; weather = 1.0,6,0,0,1,0,1,1,0,0,1,0,1,0,0,0,1,0,0,0,1,0,0,0,0,0
88,#threats > 75.00; flying_speed <= 15.83; threat_range <= 20104.47; weather = 2.0; day_time <= 12.00; threat_range > 10398.43; flying_speed <= 15.83; #threats > 75.00; 10398.43 < threat_range <= 20104.47; day_time <= 6.00; formation = 0.0; weather = 2.0; flying_speed <= 15.83; flying_speed <= 15.83; flying_speed <= 15.83; #threats > 75.00; day_time <= 6.00; 10398.43 < threat_range <= 20104.47; formation = 0.0; flying_speed <= 15.83; flying_speed <= 15.83; #threats > 75.00; day_time <= 6.00; 10398.43 < threat_range <= 20104.47; weather = 2.0; flying_speed <= 15.83; flying_speed <= 15.83; weather = 2.0; weather = 2.0,12,1,1,1,1,1,1,1,1,1,1,1,1,1,1,1,1,1,1,1,1,1,1,1,1
89,countermeasure = 0.0; countermeasure = 0.0; day_time <= 6.00; #threats > 53.00; formation = 1.0; weather = 4.0; day_time <= 6.00; formation = 1.0; threat_range <= 30458.59; countermeasure = 0.0; day_time <= 6.00; formation = 1.0; flying_speed > 38.83; countermeasure = 0.0,10,1,0,1,0,1,1,1,0,1,0,1,0,0,0,1,0,1,0,1,0,0,0,1,0
90,countermeasure = 0.0; flying_speed <= 15.83; countermeasure = 0.0; flying_speed <= 15.83; threat_range <= 10398.43; countermeasure = 0.0; flying_speed <= 15.83; flying_speed <= 15.83; countermeasure = 0.0; flying_speed <= 15.83; flying_speed <= 15.83; flying_speed <= 15.83; countermeasure = 0.0; day_time <= 6.00,12,1,1,1,1,1,1,1,1,1,1,1,1,1,1,1,1,1,1,1,1,1,1,1,1
91,#threats <= 75.00; #threats <= 75.00; weather = 3.0; threat_range > 20104.47; flying_speed <= 38.83; 26.00 < #threats <= 53.00; flying_speed <= 38.83; weather = 3.0; formation = 1.0; day_time <= 12.00,8,0,1,1,1,1,1,0,1,1,1,1,1,0,1,1,1,0,1,1,1,1,1,1,1
92,countermeasure = 0.0; #threats <= 75.00; countermeasure = 0.0; flying_speed <= 38.83; weather = 3.0; day_time <= 6.00; countermeasure = 0.0; flying_speed <= 27.56; day_time <= 6.00; flying_speed <= 27.56; countermeasure = 0.0; flying_speed <= 27.56; threat_range <= 20104.47; 10398.43 < threat_range <= 20104.47; countermeasure = 0.0; threat_range > 10398.43,12,1,1,1,1,1,1,1,1,1,1,1,1,1,1,1,1,1,1,1,1,1,1,1,1
93,flying_speed <= 15.83; day_time <= 6.00; weather = 3.0; threat_range > 30458.59; formation = 1.0; day_time <= 6.00; flying_speed <= 15.83; day_time <= 6.00; weather = 3.0; formation = 1.0; #threats <= 26.00; #threats <= 26.00; flying_speed <= 15.83; formation = 1.0; day_time <= 6.00; threat_range > 10398.43; flying_speed <= 15.83; formation = 1.0; day_time <= 6.00; weather = 3.0; threat_range > 20104.47; day_time <= 6.00; day_time <= 6.00; #threats <= 53.00; flying_speed <= 27.56; day_time <= 6.00,12,1,1,1,1,1,1,1,1,1,1,1,1,1,1,1,1,1,1,1,1,1,1,1,1
94,#threats > 26.00; day_time <= 6.00; 10398.43 < threat_range <= 20104.47; flying_speed > 38.83; weather = 1.0; weather = 1.0; day_time <= 12.00; weather = 1.0; threat_range <= 20104.47; formation = 1.0; #threats > 26.00; 10398.43 < threat_range <= 20104.47; weather = 1.0; day_time <= 6.00; flying_speed > 38.83; formation = 1.0; 26.00 < #threats <= 53.00; threat_range <= 20104.47; day_time <= 6.00,10,1,1,1,1,1,1,0,1,1,1,1,1,0,1,1,1,1,1,1,1,1,1,1,1
95,countermeasure = 0.0; threat_range > 30458.59; countermeasure = 0.0; flying_speed <= 15.83; #threats <= 53.00; #threats <= 75.00; countermeasure = 0.0; flying_speed <= 15.83; #threats <= 26.00; countermeasure = 0.0; flying_speed <= 27.56; #threats <= 26.00; flying_speed <= 15.83; weather = 3.0; threat_range > 30458.59,12,1,1,1,1,1,1,1,1,1,1,1,1,1,1,1,1,1,1,1,1,1,1,1,1
96,#threats <= 75.00; #threats <= 75.00; #threats <= 75.00; flying_speed <= 38.83; flying_speed <= 27.56; threat_range <= 20104.47; 26.00 < #threats <= 75.00; formation = 0.0,8,0,0,1,1,1,1,0,0,1,1,1,1,0,0,1,1,0,0,1,1,1,1,1,1
97,countermeasure = 0.0; countermeasure = 0.0; 26.00 < #threats <= 75.00; #threats <= 75.00; countermeasure = 0.0; flying_speed <= 27.56; threat_range <= 30458.59; day_time <= 6.00; countermeasure = 0.0; flying_speed <= 27.56; #threats <= 53.00; flying_speed <= 27.56; countermeasure = 0.0; day_time <= 6.00; day_time <= 6.00,12,1,1,1,1,1,1,1,1,1,1,1,1,1,1,1,1,1,1,1,1,1,1,1,1
98,#threats <= 75.00; #threats <= 53.00; threat_range > 30458.59; #threats <= 75.00; #threats <= 53.00; threat_range > 10398.43; flying_speed <= 27.56; threat_range > 30458.59,8,0,1,1,1,1,1,0,1,1,1,1,1,0,1,1,1,0,1,1,1,1,1,1,1
99,countermeasure = 0.0; countermeasure = 0.0; countermeasure = 0.0; flying_speed <= 15.83; weather = 1.0; countermeasure = 0.0; flying_speed <= 15.83; countermeasure = 0.0; flying_speed <= 27.56; flying_speed <= 38.83; flying_speed <= 15.83; countermeasure = 0.0; threat_range <= 20104.47; #threats <= 53.00,12,1,1,1,1,1,1,1,1,1,1,1,1,1,1,1,1,1,1,1,1,1,1,1,1
100,countermeasure = 0.0; #threats <= 53.00; #threats <= 26.00; formation = 0.0; countermeasure = 0.0; flying_speed <= 27.56; threat_range <= 10398.43; flying_speed <= 27.56; weather = 2.0; threat_range <= 20104.47; #threats <= 53.00,10,1,1,1,1,1,1,0,1,1,1,1,1,0,1,1,1,1,1,1,1,1,1,1,1
101,#threats <= 75.00; flying_speed > 15.83; weather = 4.0; 27.56 < flying_speed <= 38.83; 10398.43 < threat_range <= 20104.47; formation = 0.0,8,0,1,1,1,1,1,0,1,1,1,1,1,0,1,1,1,0,1,1,1,1,1,1,1
102,countermeasure = 0.0; #threats <= 53.00; countermeasure = 0.0; flying_speed <= 27.56; threat_range <= 20104.47; flying_speed <= 27.56; #threats <= 26.00; countermeasure = 0.0; flying_speed <= 27.56; threat_range <= 20104.47; countermeasure = 0.0; flying_speed <= 27.56; countermeasure = 0.0; #threats <= 53.00; 10398.43 < threat_range <= 30458.59; day_time > 18.00,12,1,1,1,1,1,1,1,1,1,1,1,1,1,1,1,1,1,1,1,1,1,1,1,1
103,countermeasure = 0.0; flying_speed <= 38.83; countermeasure = 0.0; flying_speed <= 38.83; #threats > 26.00; threat_range <= 30458.59; day_time > 18.00; #threats > 26.00; countermeasure = 0.0; flying_speed <= 38.83; threat_range <= 30458.59; #threats > 26.00; day_time > 12.00; countermeasure = 0.0; threat_range <= 20104.47; countermeasure = 0.0; flying_speed <= 38.83; weather = 3.0; day_time > 12.00,12,1,1,1,1,1,1,1,1,1,1,1,1,1,1,1,1,1,1,1,1,1,1,1,1
104,countermeasure = 0.0; flying_speed <= 15.83; countermeasure = 0.0; flying_speed <= 15.83; #threats <= 53.00; countermeasure = 0.0; countermeasure = 0.0; flying_speed <= 27.56; #threats > 26.00; #threats <= 53.00; countermeasure = 0.0; flying_speed <= 15.83; flying_speed <= 38.83; flying_speed <= 15.83; formation = 1.0; day_time > 6.00; countermeasure = 0.0; flying_speed <= 15.83,12,1,1,1,1,1,1,1,1,1,1,1,1,1,1,1,1,1,1,1,1,1,1,1,1
105,#threats > 75.00; 15.83 < flying_speed <= 38.83; day_time <= 18.00; threat_range <= 30458.59; formation = 1.0; threat_range <= 20104.47; flying_speed <= 38.83; #threats > 75.00; threat_range <= 20104.47; day_time <= 6.00; formation = 1.0; flying_speed <= 38.83; day_time <= 6.00; flying_speed <= 38.83; threat_range <= 20104.47; #threats > 53.00; day_time <= 6.00; #threats > 75.00; day_time <= 6.00; formation = 1.0; flying_speed <= 38.83; weather = 3.0; threat_range <= 30458.59; day_time <= 6.00; weather = 3.0; threat_range <= 20104.47; #threats > 75.00,12,1,1,1,1,1,1,1,1,1,1,1,1,1,1,1,1,1,1,1,1,1,1,1,1
106,countermeasure = 0.0; #threats <= 75.00; countermeasure = 0.0; flying_speed <= 15.83; flying_speed <= 15.83; countermeasure = 0.0; flying_speed <= 15.83; threat_range <= 30458.59; countermeasure = 0.0; flying_speed <= 27.56; countermeasure = 0.0; flying_speed <= 15.83; countermeasure = 0.0; formation = 0.0; flying_speed <= 15.83,12,1,1,1,1,1,1,1,1,1,1,1,1,1,1,1,1,1,1,1,1,1,1,1,1
107,countermeasure = 0.0; #threats <= 53.00; countermeasure = 0.0; flying_speed <= 15.83; countermeasure = 0.0; flying_speed <= 15.83; day_time <= 6.00; flying_speed <= 38.83; countermeasure = 0.0; flying_speed <= 27.56; flying_speed <= 15.83; flying_speed <= 15.83; day_time <= 12.00; threat_range > 10398.43; day_time <= 6.00,12,1,1,1,1,1,1,1,1,1,1,1,1,1,1,1,1,1,1,1,1,1,1,1,1
108,countermeasure = 0.0; #threats <= 75.00; countermeasure = 0.0; flying_speed <= 38.83; #threats > 26.00; flying_speed > 27.56; flying_speed > 27.56; countermeasure = 0.0; flying_speed <= 38.83; 26.00 < #threats <= 75.00; countermeasure = 0.0; countermeasure = 0.0; flying_speed <= 38.83; threat_range > 20104.47; countermeasure = 0.0; 26.00 < #threats <= 75.00; formation = 1.0; threat_range > 10398.43; day_time <= 18.00; flying_speed > 15.83; threat_range > 30458.59,12,1,1,1,1,1,1,1,1,1,1,1,1,1,1,1,1,1,1,1,1,1,1,1,1
109,day_time > 18.00; flying_speed <= 27.56; #threats <= 26.00; flying_speed <= 27.56; #threats <= 53.00; threat_range > 30458.59; day_time > 18.00; day_time > 12.00,8,0,0,1,1,1,1,0,0,1,1,1,1,0,0,1,1,0,0,1,1,1,1,1,1
110,countermeasure = 0.0; flying_speed <= 15.83; countermeasure = 0.0; flying_speed <= 15.83; flying_speed <= 15.83; day_time <= 12.00; countermeasure = 0.0; flying_speed <= 15.83; flying_speed <= 38.83; countermeasure = 0.0; flying_speed <= 27.56; weather = 3.0; flying_speed <= 15.83; countermeasure = 0.0; threat_range > 10398.43; flying_speed <= 15.83,12,1,1,1,1,1,1,1,1,1,1,1,1,1,1,1,1,1,1,1,1,1,1,1,1
111,#threats <= 75.00; weather = 1.0; day_time <= 6.00; flying_speed <= 38.83; #threats <= 53.00; threat_range <= 20104.47; flying_speed <= 27.56; day_time <= 6.00; day_time <= 6.00,8,0,1,1,1,1,1,0,1,1,1,1,1,0,1,1,1,0,1,1,1,1,1,1,1
112,#threats <= 75.00; threat_range <= 30458.59; threat_range <= 30458.59; #threats <= 75.00; #threats <= 75.00; 26.00 < #threats <= 53.00; threat_range <= 30458.59; day_time > 18.00,8,0,0,1,0,1,1,0,0,1,0,1,0,0,0,1,0,0,0,1,0,1,0,1,0
113,countermeasure = 0.0; day_time <= 12.00; countermeasure = 0.0; day_time <= 6.00; #threats > 26.00; weather = 3.0; threat_range <= 30458.59; countermeasure = 0.0; 10398.43 < threat_range <= 30458.59; formation = 1.0; day_time <= 6.00; countermeasure = 0.0; #threats > 26.00; threat_range <= 30458.59; day_time <= 6.00; countermeasure = 0.0; flying_speed > 38.83,12,1,1,1,1,1,1,1,1,1,1,1,1,1,1,1,1,1,1,1,1,1,1,1,1
114,countermeasure = 0.0; day_time <= 12.00; countermeasure = 0.0; flying_speed <= 38.83; #threats > 53.00; day_time <= 12.00; threat_range > 30458.59; countermeasure = 0.0; flying_speed <= 38.83; #threats > 26.00; day_time <= 12.00; flying_speed <= 38.83; countermeasure = 0.0; weather = 2.0; flying_speed > 27.56; 27.56 < flying_speed <= 38.83; threat_range > 10398.43; countermeasure = 0.0; day_time > 6.00; formation = 0.0; threat_range > 30458.59,12,1,1,1,1,1,1,1,1,1,1,1,1,1,1,1,1,1,1,1,1,1,1,1,1
115,countermeasure = 0.0; #threats <= 26.00; countermeasure = 0.0; formation = 1.0; threat_range <= 20104.47; #threats <= 75.00; countermeasure = 0.0; threat_range <= 30458.59; formation = 1.0; countermeasure = 0.0; threat_range <= 30458.59; day_time > 12.00; day_time > 18.00; #threats <= 53.00; threat_range <= 30458.59; countermeasure = 0.0; #threats <= 53.00,12,1,1,1,1,1,1,1,1,1,1,1,1,1,1,1,1,1,1,1,1,1,1,1,1
116,day_time <= 12.00; #threats <= 53.00; #threats <= 53.00; 10398.43 < threat_range <= 30458.59; weather = 4.0; flying_speed > 38.83; threat_range <= 30458.59,8,0,1,1,1,1,1,0,1,1,1,1,1,0,1,1,1,0,1,1,1,1,1,1,1
117,flying_speed <= 27.56; formation = 0.0; threat_range <= 10398.43; flying_speed <= 38.83; flying_speed <= 38.83; 15.83 < flying_speed <= 27.56; day_time > 12.00; threat_range <= 20104.47; threat_range <= 10398.43,8,0,0,1,1,1,1,0,0,1,1,1,1,0,0,1,1,0,0,1,1,1,1,1,1
118,countermeasure = 0.0; countermeasure = 0.0; weather = 3.0; 10398.43 < threat_range <= 30458.59; weather = 3.0; countermeasure = 0.0; 26.00 < #threats <= 53.00; threat_range <= 30458.59; flying_speed > 15.83; countermeasure = 0.0; 20104.47 < threat_range <= 30458.59; countermeasure = 0.0; 26.00 < #threats <= 53.00; threat_range <= 30458.59; flying_speed > 27.56,12,1,1,1,1,1,1,1,1,1,1,1,1,1,1,1,1,1,1,1,1,1,1,1,1
119,flying_speed <= 27.56; #threats <= 75.00; weather = 3.0; 26.00 < #threats <= 53.00; threat_range <= 20104.47; formation = 0.0; threat_range > 10398.43,8,0,0,1,1,1,1,0,0,1,1,1,1,0,0,1,1,0,0,1,1,1,1,1,1
120,#threats > 75.00; day_time <= 6.00; flying_speed > 38.83; 10398.43 < threat_range <= 20104.47; weather = 4.0; flying_speed > 38.83; weather = 4.0; day_time <= 6.00; 10398.43 < threat_range <= 20104.47; threat_range <= 20104.47,9,1,1,1,1,1,1,0,1,1,1,1,1,0,1,1,1,0,1,1,1,1,1,1,1
121,countermeasure = 0.0; #threats <= 26.00; countermeasure = 0.0; flying_speed <= 38.83; 10398.43 < threat_range <= 20104.47; threat_range > 10398.43; countermeasure = 0.0; flying_speed <= 38.83; 10398.43 < threat_range <= 30458.59; #threats <= 75.00; countermeasure = 0.0; flying_speed <= 38.83; #threats <= 26.00; 10398.43 < threat_range <= 20104.47; day_time <= 18.00; countermeasure = 0.0,12,1,1,1,1,1,1,1,1,1,1,1,1,1,1,1,1,1,1,1,1,1,1,1,1
122,countermeasure = 0.0; countermeasure = 0.0; flying_speed <= 27.56; #threats > 26.00; #threats <= 53.00; countermeasure = 0.0; flying_speed <= 27.56; #threats > 26.00; countermeasure = 0.0; countermeasure = 0.0; flying_speed <= 27.56; flying_speed <= 38.83; 15.83 < flying_speed <= 27.56; countermeasure = 0.0; formation = 1.0; #threats <= 75.00,12,1,1,1,1,1,1,1,1,1,1,1,1,1,1,1,1,1,1,1,1,1,1,1,1
123,countermeasure = 0.0; #threats <= 75.00; countermeasure = 0.0; flying_speed <= 15.83; threat_range > 10398.43; countermeasure = 0.0; flying_speed <= 15.83; weather = 1.0; countermeasure = 0.0; flying_speed <= 27.56; flying_speed <= 27.56; flying_speed <= 15.83; countermeasure = 0.0; flying_speed <= 15.83,12,1,1,1,1,1,1,1,1,1,1,1,1,1,1,1,1,1,1,1,1,1,1,1,1
124,#threats > 26.00; flying_speed <= 27.56; threat_range <= 20104.47; flying_speed <= 27.56,7,0,1,1,0,1,1,0,0,1,0,1,0,0,0,1,0,0,0,1,0,0,0,1,0
125,weather = 1.0; #threats <= 75.00; #threats <= 53.00; 10398.43 < threat_range <= 30458.59; flying_speed <= 38.83; day_time <= 18.00; #threats <= 53.00,8,0,1,1,1,1,1,0,1,1,1,1,1,0,1,1,1,0,1,1,1,1,1,1,1
126,countermeasure = 0.0; threat_range > 10398.43; day_time <= 6.00; weather = 2.0; countermeasure = 0.0; day_time <= 6.00; 26.00 < #threats <= 75.00; countermeasure = 0.0; countermeasure = 0.0; #threats > 53.00; threat_range <= 30458.59; day_time <= 6.00; threat_range <= 30458.59; countermeasure = 0.0; weather = 2.0,11,1,1,1,0,1,1,0,0,1,0,1,0,1,0,1,0,1,0,1,0,1,1,1,1
127,countermeasure = 0.0; #threats <= 53.00; #threats <= 53.00; #threats <= 75.00; #threats <= 26.00; countermeasure = 0.0; day_time <= 12.00; threat_range > 10398.43; flying_speed > 15.83; weather = 2.0; threat_range > 30458.59,7,1,0,1,1,1,1,0,0,1,1,1,1,0,0,0,0,0,0,0,0,1,1,1,1
128,countermeasure = 0.0; threat_range > 20104.47; countermeasure = 0.0; threat_range <= 30458.59; #threats > 26.00; weather = 3.0; countermeasure = 0.0; weather = 3.0; #threats > 26.00; day_time > 6.00; countermeasure = 0.0,10,1,0,1,0,1,1,0,0,1,0,1,0,1,0,1,0,1,0,1,0,0,0,1,1
129,#threats > 75.00; formation = 1.0; day_time > 12.00; flying_speed > 15.83; threat_range > 20104.47; threat_range > 20104.47; threat_range > 10398.43; threat_range <= 30458.59; flying_speed > 38.83; 20104.47 < threat_range <= 30458.59; #threats > 26.00; 12.00 < day_time <= 18.00; formation = 1.0; weather = 2.0; #threats > 75.00,9,1,0,1,1,1,1,0,0,1,1,1,1,0,0,1,1,0,0,1,1,1,1,1,1
130,countermeasure = 0.0; #threats <= 75.00; countermeasure = 0.0; #threats <= 75.00; formation = 1.0; threat_range <= 30458.59; day_time <= 18.00; countermeasure = 0.0; countermeasure = 0.0; 20104.47 < threat_range <= 30458.59; #threats <= 26.00; countermeasure = 0.0; 20104.47 < threat_range <= 30458.59; #threats <= 53.00; countermeasure = 0.0; 10398.43 < threat_range <= 30458.59; countermeasure = 0.0,12,1,1,1,1,1,1,1,1,1,1,1,1,1,1,1,1,1,1,1,1,1,1,1,1
131,threat_range > 20104.47; day_time <= 6.00; #threats <= 26.00; day_time <= 6.00; 20104.47 < threat_range <= 30458.59; #threats <= 53.00,8,0,0,1,1,1,1,0,0,1,1,1,1,0,0,1,1,0,0,1,1,1,1,1,1
132,flying_speed <= 38.83; #threats <= 53.00; #threats <= 26.00; #threats <= 26.00; #threats <= 53.00,6,0,1,1,0,1,1,0,0,1,0,1,0,0,0,1,0,0,0,1,0,0,0,0,0
133,countermeasure = 0.0; day_time <= 18.00; countermeasure = 0.0; flying_speed <= 27.56; threat_range <= 20104.47; #threats <= 53.00; countermeasure = 0.0; flying_speed <= 27.56; formation = 0.0; threat_range > 10398.43; countermeasure = 0.0; flying_speed <= 27.56; countermeasure = 0.0; 26.00 < #threats <= 53.00; threat_range <= 20104.47; day_time <= 18.00; #threats <= 53.00,12,1,1,1,1,1,1,1,1,1,1,1,1,1,1,1,1,1,1,1,1,1,1,1,1
134,threat_range <= 20104.47; #threats <= 53.00; formation = 1.0; day_time > 18.00; day_time > 18.00; 26.00 < #threats <= 53.00; day_time > 18.00,8,0,0,1,1,1,1,0,0,1,1,1,1,0,0,1,1,0,0,1,1,1,1,1,1
135,#threats <= 26.00; threat_range > 20104.47; #threats <= 26.00; #threats <= 26.00; #threats <= 26.00; #threats <= 26.00; weather = 4.0; threat_range > 20104.47; day_time > 12.00; flying_speed > 38.83; flying_speed > 38.83,8,0,0,1,1,1,1,0,0,1,1,1,1,0,0,1,1,0,0,1,1,1,1,1,1
136,#threats <= 75.00; #threats <= 75.00; weather = 1.0,6,0,0,1,0,1,1,0,0,1,0,1,0,0,0,1,0,0,0,1,0,0,0,0,0
137,#threats <= 53.00; threat_range > 10398.43; threat_range > 20104.47; threat_range > 20104.47; #threats > 26.00; flying_speed > 38.83; weather = 4.0; threat_range > 10398.43; #threats <= 75.00; day_time > 18.00,8,0,0,1,1,1,1,0,0,1,1,1,1,0,0,1,1,0,0,1,1,1,1,1,1
138,countermeasure = 0.0; #threats <= 26.00; countermeasure = 0.0; flying_speed <= 38.83; weather = 1.0; threat_range <= 30458.59; #threats <= 75.00; countermeasure = 0.0; flying_speed <= 38.83; 20104.47 < threat_range <= 30458.59; countermeasure = 0.0; countermeasure = 0.0; flying_speed <= 38.83; day_time > 6.00; day_time <= 18.00; #threats <= 53.00; countermeasure = 0.0; flying_speed <= 38.83; threat_range <= 30458.59; flying_speed > 27.56,12,1,1,1,1,1,1,1,1,1,1,1,1,1,1,1,1,1,1,1,1,1,1,1,1
139,#threats <= 75.00; weather = 1.0; #threats <= 75.00; #threats <= 26.00; #threats <= 26.00; 10398.43 < threat_range <= 20104.47; flying_speed > 27.56; #threats <= 26.00,8,0,1,1,1,1,1,0,1,1,1,1,1,0,1,1,1,0,1,1,1,1,1,1,1
140,countermeasure = 0.0; #threats <= 53.00; countermeasure = 0.0; #threats > 26.00; threat_range > 10398.43; day_time <= 18.00; weather = 3.0; day_time <= 12.00; countermeasure = 0.0; day_time <= 12.00; 26.00 < #threats <= 75.00; threat_range > 30458.59; countermeasure = 0.0; day_time <= 12.00; threat_range > 20104.47; flying_speed > 27.56; flying_speed > 38.83; 26.00 < #threats <= 75.00; day_time <= 18.00; countermeasure = 0.0,12,1,1,1,1,1,1,1,1,1,1,1,1,1,1,1,1,1,1,1,1,1,1,1,1
141,#threats > 75.00; threat_range <= 20104.47; flying_speed <= 15.83; weather = 4.0; day_time > 12.00; flying_speed <= 15.83; threat_range <= 30458.59; day_time > 18.00; flying_speed <= 27.56; flying_speed <= 15.83; flying_speed <= 15.83; #threats > 26.00; day_time > 12.00; threat_range <= 10398.43,9,1,1,1,1,1,1,0,1,1,1,1,1,0,1,1,1,0,1,1,1,1,1,1,1
142,weather = 1.0; #threats <= 53.00; flying_speed <= 27.56; day_time <= 18.00; #threats <= 53.00; 10398.43 < threat_range <= 20104.47; flying_speed > 15.83; #threats <= 26.00,8,0,0,1,1,1,1,0,0,1,1,1,1,0,0,1,1,0,0,1,1,1,1,1,1
143,countermeasure = 0.0; threat_range > 10398.43; countermeasure = 0.0; flying_speed <= 38.83; day_time > 18.00; countermeasure = 0.0; flying_speed <= 38.83; 10398.43 < threat_range <= 30458.59; day_time > 6.00; #threats <= 53.00; countermeasure = 0.0; flying_speed <= 38.83; threat_range <= 20104.47; day_time > 12.00; #threats <= 53.00; weather = 4.0; countermeasure = 0.0; countermeasure = 0.0,12,1,1,1,1,1,1,1,1,1,1,1,1,1,1,1,1,1,1,1,1,1,1,1,1
144,countermeasure = 0.0; flying_speed <= 27.56; countermeasure = 0.0; flying_speed <= 27.56; #threats > 26.00; countermeasure = 0.0; countermeasure = 0.0; flying_speed <= 38.83; 10398.43 < threat_range <= 20104.47; day_time > 12.00; countermeasure = 0.0; flying_speed <= 27.56; day_time > 12.00; flying_speed <= 27.56; countermeasure = 0.0; day_time <= 18.00; threat_range <= 30458.59; flying_speed <= 27.56,12,1,1,1,1,1,1,1,1,1,1,1,1,1,1,1,1,1,1,1,1,1,1,1,1
145,#threats <= 53.00; #threats <= 53.00; day_time <= 12.00; flying_speed <= 38.83; #threats <= 75.00; #threats <= 53.00; weather = 3.0; 6.00 < day_time <= 12.00; flying_speed <= 38.83; threat_range > 10398.43; #threats <= 26.00,8,0,0,1,1,1,1,0,0,1,1,1,1,0,0,1,1,0,0,1,1,1,1,1,1
146,weather = 4.0; threat_range > 20104.47; #threats <= 75.00; #threats <= 75.00; #threats <= 75.00; day_time > 12.00; 10398.43 < threat_range <= 30458.59; flying_speed <= 38.83; day_time > 6.00,8,0,0,1,1,1,1,0,0,1,1,1,1,0,0,1,1,0,0,1,1,1,1,1,1
147,formation = 1.0; #threats <= 75.00; #threats <= 53.00; threat_range > 20104.47; flying_speed <= 38.83; #threats <= 53.00; 10398.43 < threat_range <= 30458.59; #threats <= 53.00,8,0,0,1,1,1,1,0,0,1,1,1,1,0,0,1,1,0,0,1,1,1,1,1,1
148,#threats <= 53.00; #threats <= 75.00; threat_range <= 20104.47; #threats > 26.00; #threats <= 53.00; 26.00 < #threats <= 53.00; threat_range <= 20104.47; #threats <= 53.00,8,0,1,1,1,1,1,0,1,1,1,1,1,0,1,1,1,0,1,1,1,1,1,1,1
149,countermeasure = 0.0; threat_range > 30458.59; countermeasure = 0.0; flying_speed <= 38.83; #threats > 26.00; day_time > 6.00; threat_range > 20104.47; countermeasure = 0.0; flying_speed <= 38.83; #threats > 26.00; flying_speed <= 38.83; countermeasure = 0.0; flying_speed <= 38.83; threat_range > 20104.47; 6.00 < day_time <= 12.00; countermeasure = 0.0; flying_speed <= 38.83; threat_range > 10398.43; #threats > 75.00,12,1,1,1,1,1,1,1,1,1,1,1,1,1,1,1,1,1,1,1,1,1,1,1,1
150,flying_speed > 38.83; #threats <= 53.00; threat_range > 20104.47; #threats <= 53.00; flying_speed > 38.83; weather = 3.0; threat_range <= 30458.59; day_time <= 18.00; day_time <= 6.00,8,0,0,1,1,1,1,0,0,1,1,1,1,0,0,1,1,0,0,1,1,1,1,1,1
151,flying_speed <= 15.83; flying_speed <= 15.83; flying_speed <= 15.83; #threats <= 53.00; flying_speed <= 15.83; day_time <= 12.00; #threats <= 53.00,8,0,0,1,1,1,1,0,0,1,1,1,1,0,0,1,1,0,0,1,1,1,1,1,1
152,#threats <= 75.00; #threats <= 75.00; #threats <= 75.00; #threats > 53.00; day_time > 12.00; 26.00 < #threats <= 75.00; formation = 1.0; day_time > 6.00; flying_speed > 38.83; weather = 4.0; threat_range > 30458.59,8,0,0,1,0,1,1,0,0,1,0,1,0,0,0,1,0,0,0,1,0,1,0,1,1
153,countermeasure = 0.0; threat_range > 30458.59; flying_speed <= 27.56; countermeasure = 0.0; flying_speed <= 27.56; countermeasure = 0.0; day_time <= 12.00; flying_speed <= 38.83; threat_range > 10398.43; formation = 1.0; threat_range > 30458.59,7,1,1,0,0,1,1,0,0,0,0,1,0,0,0,1,0,1,0,0,0,1,1,1,1
154,countermeasure = 0.0; threat_range > 10398.43; countermeasure = 0.0; flying_speed <= 38.83; #threats > 53.00; #threats <= 75.00; day_time <= 12.00; countermeasure = 0.0; flying_speed <= 38.83; threat_range <= 30458.59; #threats > 26.00; countermeasure = 0.0; countermeasure = 0.0; flying_speed <= 38.83,10,1,0,1,1,1,1,1,0,1,1,1,1,1,0,1,0,1,0,1,0,0,0,0,0
155,countermeasure = 0.0; #threats <= 75.00; countermeasure = 0.0; flying_speed <= 27.56; day_time > 18.00; countermeasure = 0.0; countermeasure = 0.0; flying_speed <= 27.56; threat_range <= 30458.59; countermeasure = 0.0; flying_speed <= 27.56; flying_speed > 15.83; day_time > 18.00,11,1,0,1,1,1,1,1,0,1,1,1,1,1,0,1,0,1,0,1,0,0,0,1,0
156,#threats > 75.00; 6.00 < day_time <= 18.00; flying_speed > 15.83; threat_range > 20104.47; weather = 1.0; day_time > 12.00; flying_speed > 38.83; formation = 0.0; threat_range > 10398.43; day_time > 12.00; #threats > 26.00; flying_speed > 38.83,7,1,1,1,0,1,1,0,0,0,0,1,0,0,0,1,0,0,0,0,0,1,1,1,1
157,countermeasure = 0.0; #threats <= 75.00; countermeasure = 0.0; flying_speed <= 38.83; 26.00 < #threats <= 75.00; countermeasure = 0.0; countermeasure = 0.0; countermeasure = 0.0; flying_speed <= 38.83; 26.00 < #threats <= 75.00; day_time > 18.00; countermeasure = 0.0; flying_speed <= 38.83; countermeasure = 0.0; threat_range <= 20104.47; flying_speed > 27.56; threat_range <= 20104.47,12,1,1,1,1,1,1,1,1,1,1,1,1,1,1,1,1,1,1,1,1,1,1,1,1
158,countermeasure = 0.0; countermeasure = 0.0; flying_speed <= 38.83; day_time <= 6.00; threat_range <= 10398.43; #threats <= 53.00; countermeasure = 0.0; day_time <= 6.00; threat_range <= 30458.59; #threats <= 26.00; countermeasure = 0.0; flying_speed <= 27.56; #threats <= 26.00; threat_range <= 20104.47; day_time <= 6.00; countermeasure = 0.0; threat_range <= 20104.47,12,1,1,1,1,1,1,1,1,1,1,1,1,1,1,1,1,1,1,1,1,1,1,1,1
159,countermeasure = 0.0; countermeasure = 0.0; #threats <= 75.00; threat_range <= 20104.47; 12.00 < day_time <= 18.00; formation = 0.0; weather = 2.0; #threats <= 26.00; countermeasure = 0.0; formation = 0.0; #threats <= 75.00; threat_range <= 30458.59; day_time <= 18.00; formation = 0.0; countermeasure = 0.0; day_time > 12.00; #threats <= 75.00; #threats <= 53.00; day_time > 12.00; flying_speed > 38.83; threat_range <= 20104.47; #threats <= 26.00,12,1,0,1,1,1,1,1,0,1,1,1,1,1,0,1,1,1,0,1,1,1,1,1,1
160,threat_range <= 30458.59; #threats > 26.00; flying_speed <= 38.83; threat_range > 10398.43; flying_speed <= 27.56; 26.00 < #threats <= 75.00; threat_range <= 30458.59; day_time > 12.00; day_time > 12.00,8,0,0,1,1,1,1,0,0,1,1,1,1,0,0,1,1,0,0,1,1,1,1,1,1
161,countermeasure = 0.0; threat_range > 10398.43; countermeasure = 0.0; flying_speed <= 38.83; #threats > 26.00; threat_range > 30458.59; countermeasure = 0.0; day_time <= 6.00; #threats > 26.00; countermeasure = 0.0; day_time <= 6.00; #threats <= 53.00; weather = 4.0; countermeasure = 0.0; day_time <= 6.00,12,1,0,1,1,1,1,1,0,1,1,1,1,1,0,1,1,1,0,1,1,1,1,1,1
162,threat_range > 30458.59; #threats <= 75.00; weather = 1.0; flying_speed <= 15.83; flying_speed <= 15.83; 26.00 < #threats <= 53.00; flying_speed <= 27.56; threat_range > 30458.59,8,0,0,1,1,1,1,0,0,1,1,1,1,0,0,1,1,0,0,1,1,1,1,1,1
163,#threats <= 75.00; #threats <= 75.00; weather = 4.0; day_time > 12.00; threat_range > 10398.43; day_time > 12.00; 10398.43 < threat_range <= 20104.47; #threats <= 75.00; #threats <= 75.00,8,0,0,1,1,1,1,0,0,1,1,1,1,0,0,1,1,0,0,1,1,1,1,1,1
164,flying_speed <= 38.83; flying_speed <= 15.83; weather = 1.0; flying_speed <= 15.83; #threats <= 75.00; flying_speed <= 15.83; weather = 1.0; flying_speed <= 15.83,8,0,1,1,0,1,1,0,0,1,0,1,1,0,0,1,1,0,1,1,1,1,1,1,1
165,#threats <= 75.00; day_time <= 6.00; flying_speed <= 27.56; #threats > 53.00; flying_speed <= 15.83,7,0,1,1,0,1,1,0,0,1,0,1,0,0,0,1,0,0,0,1,0,0,0,1,1
166,countermeasure = 0.0; #threats <= 53.00; countermeasure = 0.0; 26.00 < #threats <= 75.00; threat_range > 10398.43; threat_range > 10398.43; formation = 1.0; countermeasure = 0.0; #threats > 26.00; 10398.43 < threat_range <= 30458.59; formation = 1.0; countermeasure = 0.0; threat_range <= 30458.59; threat_range > 20104.47; #threats <= 53.00; weather = 3.0; countermeasure = 0.0; day_time > 18.00,12,1,0,1,1,1,1,1,0,1,1,1,1,1,0,1,1,1,0,1,1,1,1,1,1
167,countermeasure = 0.0; weather = 1.0; countermeasure = 0.0; flying_speed <= 15.83; threat_range <= 30458.59; #threats <= 53.00; flying_speed <= 38.83; countermeasure = 0.0; flying_speed <= 15.83; countermeasure = 0.0; flying_speed <= 27.56; countermeasure = 0.0; flying_speed <= 15.83; countermeasure = 0.0; #threats <= 53.00,12,1,1,1,1,1,1,1,1,1,1,1,1,1,1,1,1,1,1,1,1,1,1,1,1
168,day_time <= 6.00; countermeasure = 0.0; #threats > 26.00; day_time <= 6.00; #threats <= 75.00; threat_range > 30458.59; countermeasure = 0.0; day_time <= 6.00; 26.00 < #threats <= 75.00; formation = 1.0; countermeasure = 0.0; #threats <= 53.00; #threats <= 53.00; countermeasure = 0.0; day_time <= 12.00; #threats <= 53.00,11,0,0,1,1,1,1,1,0,1,1,1,1,1,0,1,1,1,0,1,1,1,1,1,1
169,flying_speed <= 38.83; flying_speed <= 38.83; #threats <= 26.00; day_time <= 6.00,7,0,0,1,0,1,1,0,0,1,0,1,0,0,0,1,0,0,0,1,0,0,0,1,0
170,#threats <= 75.00; #threats <= 75.00; day_time <= 6.00; formation = 1.0; day_time <= 6.00; 10398.43 < threat_range <= 30458.59; threat_range > 20104.47,8,0,0,1,1,1,1,0,0,1,1,1,1,0,0,1,0,0,0,1,0,1,1,1,1
171,#threats > 75.00; flying_speed <= 15.83; day_time > 6.00; threat_range > 30458.59; weather = 2.0; flying_speed <= 15.83; day_time > 18.00; day_time > 18.00; day_time > 18.00; weather = 2.0; flying_speed <= 15.83; day_time > 12.00; flying_speed <= 15.83,9,1,0,1,1,1,1,0,0,1,1,1,1,0,0,1,1,0,0,1,1,1,1,1,1
172,countermeasure = 0.0; #threats <= 53.00; countermeasure = 0.0; flying_speed <= 27.56; #threats > 26.00; #threats <= 75.00; countermeasure = 0.0; countermeasure = 0.0; flying_speed <= 27.56; 10398.43 < threat_range <= 30458.59; flying_speed <= 27.56; countermeasure = 0.0; flying_speed <= 27.56; day_time > 12.00; 26.00 < #threats <= 53.00; countermeasure = 0.0; countermeasure = 0.0,12,1,1,1,1,1,1,1,1,1,1,1,1,1,1,1,1,1,1,1,1,1,1,1,1
173,#threats > 75.00; 15.83 < flying_speed <= 27.56; 10398.43 < threat_range <= 30458.59; 12.00 < day_time <= 18.00; day_time > 12.00; countermeasure = 1.0; threat_range <= 20104.47; flying_speed <= 27.56; flying_speed <= 27.56; 10398.43 < threat_range <= 20104.47; day_time <= 18.00; weather = 4.0; #threats > 75.00,9,1,1,1,1,1,1,0,1,1,1,1,1,0,1,1,1,0,1,1,1,1,1,1,1
174,countermeasure = 0.0; flying_speed <= 27.56; countermeasure = 0.0; flying_speed <= 15.83; #threats <= 75.00; countermeasure = 0.0; flying_speed <= 15.83; threat_range <= 30458.59; countermeasure = 0.0; flying_speed <= 15.83; threat_range <= 20104.47; flying_speed <= 15.83; flying_speed <= 15.83,12,1,1,1,1,1,1,1,1,1,1,1,1,1,1,1,1,1,1,1,1,1,1,1,1
175,weather = 1.0; #threats <= 75.00; day_time > 12.00; #threats <= 75.00; day_time > 12.00; 12.00 < day_time <= 18.00; threat_range <= 30458.59; 26.00 < #threats <= 75.00; flying_speed > 38.83,8,0,0,1,1,1,1,0,0,1,1,1,1,0,0,1,1,0,0,1,1,1,1,1,1
176,day_time <= 12.00; flying_speed <= 15.83; flying_speed <= 27.56; flying_speed <= 27.56; 20104.47 < threat_range <= 30458.59; day_time <= 18.00; day_time <= 6.00,8,0,0,1,1,1,1,0,0,1,1,1,1,0,0,1,1,0,0,1,1,1,1,1,1
177,flying_speed <= 15.83; flying_speed <= 15.83; day_time <= 18.00; threat_range > 10398.43; flying_speed <= 15.83,5,0,0,1,0,1,1,0,0,1,0,0,0,0,0,0,0,0,0,0,0,1,0,1,0
178,#threats > 53.00; flying_speed <= 27.56; day_time <= 18.00; threat_range <= 20104.47; formation = 1.0; weather = 2.0; #threats <= 75.00; threat_range > 10398.43; flying_speed <= 27.56; #threats <= 75.00; threat_range <= 20104.47; weather = 2.0; flying_speed <= 27.56; threat_range <= 20104.47,9,1,1,1,1,1,1,0,1,1,1,1,1,0,1,1,1,0,1,1,1,1,1,1,1
179,day_time <= 6.00; #threats <= 75.00; threat_range > 10398.43; flying_speed <= 27.56; 15.83 < flying_speed <= 27.56; threat_range > 10398.43; day_time <= 12.00; day_time <= 6.00,8,0,1,1,1,1,1,0,1,1,1,1,1,0,1,1,1,0,1,1,1,1,1,1,1
180,#threats <= 26.00; weather = 2.0; #threats <= 53.00; 10398.43 < threat_range <= 20104.47; threat_range <= 20104.47,8,0,0,1,0,1,1,0,0,1,0,1,1,0,0,1,0,0,0,1,0,1,1,1,1
181,#threats > 75.00; day_time > 12.00; threat_range <= 10398.43; formation = 1.0; flying_speed <= 38.83; flying_speed <= 38.83; flying_speed <= 38.83; #threats > 75.00; threat_range <= 20104.47; formation = 1.0; day_time > 12.00; formation = 1.0; formation = 1.0; flying_speed <= 38.83; #threats > 53.00; threat_range <= 30458.59; weather = 3.0; day_time > 12.00; weather = 3.0; #threats > 75.00; formation = 1.0; flying_speed <= 38.83; weather = 3.0; threat_range <= 20104.47; day_time > 18.00; flying_speed <= 38.83; threat_range <= 10398.43; formation = 1.0; weather = 3.0; #threats > 53.00; flying_speed <= 38.83; day_time > 12.00; formation = 1.0,12,1,1,1,1,1,1,1,1,1,1,1,1,1,1,1,1,1,1,1,1,1,1,1,1
182,countermeasure = 0.0; threat_range <= 20104.47; countermeasure = 0.0; flying_speed <= 27.56; #threats > 26.00; #threats <= 53.00; day_time > 12.00; countermeasure = 0.0; flying_speed <= 27.56; threat_range <= 20104.47; day_time > 12.00; countermeasure = 0.0; flying_speed <= 27.56; countermeasure = 0.0; countermeasure = 0.0; threat_range <= 20104.47; #threats <= 75.00; threat_range <= 10398.43,12,1,1,1,0,1,1,1,0,1,0,1,1,1,0,1,1,1,1,1,1,1,1,1,1
183,countermeasure = 0.0; #threats <= 75.00; countermeasure = 0.0; #threats > 53.00; 10398.43 < threat_range <= 20104.47; #threats <= 75.00; countermeasure = 0.0; day_time <= 6.00; #threats > 26.00; threat_range <= 30458.59; #threats <= 75.00; countermeasure = 0.0; day_time <= 6.00; countermeasure = 0.0; day_time <= 6.00; countermeasure = 0.0; threat_range <= 30458.59; countermeasure = 0.0,12,1,1,1,1,1,1,1,1,1,1,1,1,1,1,1,1,1,1,1,1,1,1,1,1
184,countermeasure = 0.0; #threats <= 53.00; countermeasure = 0.0; flying_speed <= 15.83; countermeasure = 0.0; flying_speed <= 27.56; formation = 1.0; flying_speed <= 15.83; countermeasure = 0.0; #threats <= 26.00; flying_speed <= 15.83; #threats <= 75.00; weather = 3.0; countermeasure = 0.0; threat_range > 30458.59,12,1,1,1,0,1,1,1,0,1,0,1,1,1,0,1,1,1,1,1,1,1,1,1,1
185,countermeasure = 0.0; flying_speed <= 15.83; countermeasure = 0.0; flying_speed <= 15.83; flying_speed <= 38.83; threat_range <= 20104.47; countermeasure = 0.0; flying_speed <= 15.83; flying_speed <= 27.56; countermeasure = 0.0; threat_range <= 20104.47; flying_speed <= 27.56; weather = 2.0; threat_range <= 30458.59; #threats <= 75.00; countermeasure = 0.0,12,1,1,1,1,1,1,1,1,1,1,1,1,1,1,1,1,1,1,1,1,1,1,1,1
186,countermeasure = 0.0; #threats <= 53.00; countermeasure = 0.0; flying_speed <= 15.83; #threats <= 53.00; flying_speed <= 15.83; countermeasure = 0.0; flying_speed <= 15.83; #threats <= 53.00,9,1,1,1,0,1,1,1,0,1,0,1,0,0,0,1,0,1,0,1,0,0,0,0,0
187,countermeasure = 0.0; countermeasure = 0.0; flying_speed <= 27.56; flying_speed <= 15.83; day_time > 12.00; countermeasure = 0.0; flying_speed <= 15.83; #threats > 26.00; countermeasure = 0.0; flying_speed <= 15.83; weather = 2.0; flying_speed <= 15.83; weather = 2.0; flying_speed <= 15.83,12,1,1,1,1,1,1,1,1,1,1,1,1,1,1,1,1,1,1,1,1,1,1,1,1
188,countermeasure = 0.0; flying_speed <= 15.83; countermeasure = 0.0; flying_speed <= 15.83; flying_speed <= 15.83; countermeasure = 0.0; flying_speed <= 15.83; day_time <= 12.00; weather = 4.0; countermeasure = 0.0; flying_speed <= 27.56; threat_range > 20104.47; flying_speed <= 15.83; #threats > 75.00; threat_range > 10398.43; flying_speed <= 15.83,12,1,1,1,0,1,1,1,0,1,0,1,1,1,0,1,1,1,1,1,1,1,1,1,1
189,countermeasure = 1.0; threat_range > 20104.47; #threats <= 75.00; #threats > 26.00; 26.00 < #threats <= 53.00; 20104.47 < threat_range <= 30458.59; day_time > 12.00; formation = 0.0,8,0,1,1,0,1,1,0,0,1,0,1,1,0,0,1,1,0,1,1,1,1,1,1,1
190,countermeasure = 0.0; countermeasure = 0.0; flying_speed <= 27.56; threat_range <= 20104.47; #threats <= 75.00; day_time <= 12.00; countermeasure = 0.0; flying_speed <= 27.56; #threats > 26.00; countermeasure = 0.0; threat_range <= 20104.47; countermeasure = 0.0; flying_speed <= 27.56; day_time <= 6.00; day_time <= 6.00,12,1,1,1,1,1,1,1,1,1,1,1,1,1,1,1,1,1,1,1,1,1,1,1,1
191,countermeasure = 0.0; #threats <= 26.00; #threats <= 75.00,4,1,1,1,0,1,1,0,0,1,0,0,0,0,0,0,0,0,0,0,0,0,0,0,0
192,#threats <= 75.00; #threats <= 26.00; #threats <= 53.00; #threats <= 53.00; 10398.43 < threat_range <= 20104.47; flying_speed <= 15.83,8,0,1,1,1,1,1,0,1,1,1,1,1,0,1,1,1,0,1,1,1,1,1,1,1
193,#threats <= 53.00; #threats <= 75.00; threat_range > 10398.43; 10398.43 < threat_range <= 20104.47; #threats <= 53.00; #threats <= 53.00,8,0,0,1,1,1,1,0,0,1,1,1,1,0,0,1,1,0,0,1,1,1,1,1,1
194,#threats <= 75.00; #threats <= 75.00; flying_speed > 27.56; day_time > 6.00; 10398.43 < threat_range <= 30458.59; 26.00 < #threats <= 75.00; day_time <= 12.00; flying_speed > 38.83,8,0,0,1,1,1,1,0,0,1,1,1,1,0,0,1,1,0,0,1,1,1,1,1,1
195,weather = 1.0; #threats <= 53.00; #threats <= 53.00; threat_range <= 20104.47; 26.00 < #threats <= 53.00; day_time <= 18.00,7,0,0,1,0,1,1,0,0,1,0,1,0,0,0,1,0,0,0,1,0,1,0,0,0
196,countermeasure = 0.0; #threats <= 53.00; countermeasure = 0.0; #threats <= 75.00; 10398.43 < threat_range <= 30458.59; weather = 2.0; day_time <= 6.00; formation = 1.0; #threats <= 26.00; countermeasure = 0.0; day_time <= 6.00; 10398.43 < threat_range <= 30458.59; formation = 1.0; countermeasure = 0.0; threat_range > 20104.47; threat_range > 20104.47; day_time <= 6.00; countermeasure = 0.0; #threats <= 53.00; day_time <= 6.00,12,1,1,1,1,1,1,1,1,1,1,1,1,1,1,1,1,1,1,1,1,1,1,1,1
197,countermeasure = 0.0; #threats <= 75.00; countermeasure = 0.0; threat_range > 10398.43; #threats <= 75.00; day_time <= 12.00; formation = 1.0; weather = 2.0; countermeasure = 0.0; day_time <= 12.00; formation = 1.0; threat_range > 10398.43; #threats <= 53.00; countermeasure = 0.0; day_time <= 12.00; #threats <= 53.00; countermeasure = 0.0; #threats <= 53.00; countermeasure = 0.0,12,1,0,1,1,1,1,1,0,1,1,1,1,1,0,1,1,1,0,1,1,1,1,1,1
198,countermeasure = 0.0; flying_speed <= 38.83; countermeasure = 0.0; flying_speed <= 38.83; #threats <= 53.00; countermeasure = 0.0; 27.56 < flying_speed <= 38.83; #threats <= 75.00; threat_range > 10398.43; weather = 3.0; #threats <= 75.00; countermeasure = 0.0; day_time > 18.00; #threats <= 26.00; countermeasure = 0.0; flying_speed <= 38.83; #threats <= 53.00; threat_range > 20104.47; #threats <= 53.00,12,1,1,1,1,1,1,1,1,1,1,1,1,1,1,1,1,1,1,1,1,1,1,1,1
199,flying_speed <= 15.83; #threats <= 75.00; flying_speed <= 27.56; flying_speed <= 15.83; flying_speed <= 15.83; flying_speed <= 15.83,8,0,0,1,0,1,1,0,0,1,0,1,0,0,0,1,0,0,0,1,0,1,0,1,1
200,countermeasure = 0.0; countermeasure = 0.0; weather = 1.0; 26.00 < #threats <= 75.00; formation = 1.0; countermeasure = 0.0; threat_range <= 30458.59; formation = 1.0; 26.00 < #threats <= 75.00; #threats <= 75.00; countermeasure = 0.0; formation = 1.0; day_time > 18.00; 10398.43 < threat_range <= 20104.47; weather = 1.0; countermeasure = 0.0,12,1,1,1,1,1,1,1,1,1,1,1,1,1,1,1,1,1,1,1,1,1,1,1,1
201,countermeasure = 0.0; countermeasure = 0.0; flying_speed <= 38.83; #threats > 26.00; #threats <= 75.00; weather = 1.0; countermeasure = 0.0; flying_speed <= 38.83; threat_range <= 20104.47; #threats <= 53.00; countermeasure = 0.0; #threats > 26.00; threat_range <= 20104.47; threat_range <= 20104.47; formation = 0.0; flying_speed <= 38.83; 26.00 < #threats <= 53.00; flying_speed <= 38.83,12,1,1,1,0,1,1,1,0,1,0,1,0,1,0,1,0,1,0,1,0,1,0,1,1
202,countermeasure = 0.0; countermeasure = 0.0; countermeasure = 0.0; #threats > 26.00; threat_range > 30458.59; day_time <= 18.00; countermeasure = 0.0; flying_speed <= 38.83; #threats > 26.00; weather = 2.0; countermeasure = 0.0; countermeasure = 0.0; flying_speed <= 38.83; formation = 1.0; day_time > 6.00; countermeasure = 0.0; threat_range > 10398.43; weather = 2.0; 15.83 < flying_speed <= 38.83; #threats > 26.00; 6.00 < day_time <= 12.00; day_time <= 12.00,12,1,1,1,0,1,1,1,0,1,0,1,0,1,0,1,0,1,0,1,0,1,1,1,1
203,countermeasure = 0.0; #threats <= 26.00; #threats <= 75.00; day_time <= 6.00; #threats <= 53.00; countermeasure = 0.0; #threats <= 26.00; day_time <= 6.00; #threats <= 53.00; countermeasure = 0.0; #threats <= 26.00,10,1,1,1,0,1,1,0,0,1,0,1,1,0,0,1,1,1,1,1,1,1,1,1,1
204,#threats <= 75.00; formation = 1.0; flying_speed <= 38.83; flying_speed <= 38.83; threat_range <= 20104.47; 26.00 < #threats <= 53.00; flying_speed > 27.56; #threats <= 53.00,8,0,0,1,1,1,1,0,0,1,1,1,1,0,0,1,1,0,0,1,1,1,1,1,1
205,countermeasure = 0.0; countermeasure = 0.0; countermeasure = 0.0; flying_speed <= 15.83; day_time <= 12.00; flying_speed <= 15.83; countermeasure = 0.0; flying_speed <= 15.83; #threats <= 75.00; countermeasure = 0.0; flying_speed <= 15.83; countermeasure = 0.0; flying_speed <= 15.83; formation = 1.0; #threats <= 75.00; threat_range > 10398.43,12,1,0,1,1,1,1,1,0,1,1,1,1,1,0,1,1,1,0,1,1,1,1,1,1
206,countermeasure = 0.0; #threats <= 26.00; countermeasure = 0.0; countermeasure = 0.0; #threats <= 75.00; flying_speed > 27.56; countermeasure = 0.0,9,1,0,1,0,1,1,0,0,1,0,1,0,0,0,1,0,1,0,1,0,0,0,1,1
207,weather = 3.0; #threats <= 75.00; threat_range > 10398.43; flying_speed <= 38.83; threat_range > 20104.47; 10398.43 < threat_range <= 30458.59; flying_speed <= 38.83; day_time <= 12.00; #threats <= 75.00; weather = 3.0,8,0,0,1,1,1,0,0,0,1,0,1,1,0,0,1,0,0,0,1,1,1,1,1,1
208,countermeasure = 0.0; #threats <= 75.00; countermeasure = 0.0; flying_speed <= 15.83; flying_speed <= 38.83; countermeasure = 0.0; flying_speed <= 15.83; threat_range <= 30458.59; #threats <= 75.00; countermeasure = 0.0; flying_speed <= 15.83; flying_speed <= 38.83; flying_speed <= 15.83; countermeasure = 0.0; flying_speed <= 15.83,12,1,1,1,1,1,1,1,1,1,1,1,1,1,1,1,1,1,1,1,1,1,1,1,1
209,countermeasure = 0.0; #threats <= 53.00; countermeasure = 0.0; day_time <= 6.00; 26.00 < #threats <= 75.00; #threats <= 75.00; day_time <= 6.00; threat_range > 20104.47; countermeasure = 0.0; countermeasure = 0.0; countermeasure = 0.0; #threats <= 53.00; day_time <= 6.00; flying_speed > 38.83,11,1,1,1,0,1,1,1,0,1,0,1,1,0,0,1,1,1,1,1,1,1,1,1,1
210,countermeasure = 0.0; threat_range > 20104.47; countermeasure = 0.0; weather = 1.0; day_time <= 18.00; countermeasure = 0.0; formation = 1.0; countermeasure = 0.0,9,1,0,1,0,1,1,0,0,1,0,1,0,0,0,1,0,1,0,1,0,0,0,1,1
211,countermeasure = 0.0; countermeasure = 0.0; flying_speed <= 38.83; #threats > 53.00; day_time <= 6.00; countermeasure = 0.0; day_time <= 12.00; flying_speed <= 38.83; threat_range <= 20104.47; flying_speed <= 38.83; countermeasure = 0.0; day_time <= 6.00; flying_speed <= 38.83; day_time <= 6.00; countermeasure = 0.0; threat_range <= 20104.47; flying_speed <= 38.83; threat_range <= 10398.43,12,1,1,1,1,1,1,1,1,1,1,1,1,1,1,1,1,1,1,1,1,1,1,1,1
212,flying_speed <= 38.83; flying_speed <= 38.83; threat_range <= 20104.47; 26.00 < #threats <= 53.00; flying_speed > 27.56,6,0,1,0,0,1,1,0,0,0,0,1,0,0,0,1,0,0,0,1,0,1,1,1,1
213,#threats <= 53.00; #threats <= 75.00; day_time <= 6.00; threat_range <= 20104.47; #threats <= 53.00; day_time <= 6.00,8,0,1,1,1,1,1,0,1,1,1,1,1,0,1,1,1,0,1,1,1,1,1,1,1
214,countermeasure = 0.0; countermeasure = 0.0; flying_speed <= 27.56; day_time <= 12.00; #threats <= 75.00; countermeasure = 0.0; flying_speed <= 27.56; threat_range <= 20104.47; #threats <= 75.00; countermeasure = 0.0; flying_speed <= 27.56; #threats <= 75.00; 10398.43 < threat_range <= 20104.47; countermeasure = 0.0,12,1,1,1,1,1,1,1,1,1,1,1,1,1,1,1,1,1,1,1,1,1,1,1,1
215,#threats <= 75.00; #threats <= 53.00; flying_speed <= 27.56; flying_speed <= 27.56; #threats > 26.00; 26.00 < #threats <= 53.00; threat_range > 10398.43; #threats <= 53.00,8,0,0,1,1,1,1,0,0,1,1,1,1,0,0,1,1,0,0,1,1,1,1,1,1
216,#threats <= 75.00; #threats <= 26.00; day_time <= 12.00; day_time <= 6.00; #threats <= 75.00; threat_range <= 20104.47; #threats <= 53.00,8,0,0,1,1,1,1,0,0,1,1,1,1,0,0,1,1,0,0,1,1,1,1,1,1
217,countermeasure = 0.0; threat_range > 20104.47; countermeasure = 0.0; flying_speed <= 38.83; #threats > 26.00; #threats <= 75.00; countermeasure = 0.0; flying_speed <= 38.83; 26.00 < #threats <= 53.00; countermeasure = 0.0; flying_speed <= 38.83; flying_speed <= 38.83; day_time > 18.00; countermeasure = 0.0; flying_speed <= 38.83; 10398.43 < threat_range <= 30458.59; weather = 4.0; day_time > 12.00,12,1,1,1,1,1,1,1,1,1,1,1,1,1,1,1,1,1,1,1,1,1,1,1,1
218,countermeasure = 0.0; #threats <= 75.00; countermeasure = 0.0; flying_speed <= 27.56; day_time <= 6.00; threat_range <= 30458.59; countermeasure = 0.0; flying_speed <= 27.56; day_time <= 6.00; #threats <= 75.00; countermeasure = 0.0; flying_speed <= 38.83; #threats <= 75.00; flying_speed <= 27.56; 26.00 < #threats <= 75.00; day_time <= 12.00; day_time <= 6.00,12,1,1,1,1,1,1,1,1,1,1,1,1,1,1,1,1,1,1,1,1,1,1,1,1
219,flying_speed <= 38.83; #threats <= 26.00; #threats <= 75.00; #threats <= 26.00; flying_speed <= 27.56; flying_speed <= 27.56; #threats <= 53.00; 20104.47 < threat_range <= 30458.59; flying_speed <= 27.56,8,0,0,1,1,1,1,0,0,1,1,1,1,0,0,1,1,0,0,1,1,1,1,1,1
220,countermeasure = 0.0; flying_speed <= 15.83; countermeasure = 0.0; flying_speed <= 15.83; flying_speed <= 15.83; flying_speed <= 15.83; countermeasure = 0.0; flying_speed <= 27.56; #threats > 53.00; weather = 3.0; countermeasure = 0.0; flying_speed <= 27.56; flying_speed <= 15.83; threat_range <= 30458.59; weather = 3.0; countermeasure = 0.0; day_time > 6.00,12,1,1,1,1,1,1,1,1,1,1,1,1,1,1,1,1,1,1,1,1,1,1,1,1
221,countermeasure = 0.0; #threats <= 53.00; countermeasure = 0.0; flying_speed <= 15.83; flying_speed <= 15.83; flying_speed <= 15.83; countermeasure = 0.0; flying_speed <= 15.83; countermeasure = 0.0; countermeasure = 0.0; flying_speed <= 15.83; flying_speed <= 15.83; 10398.43 < threat_range <= 20104.47; countermeasure = 0.0; threat_range <= 20104.47,12,1,1,1,0,1,1,1,0,1,0,1,0,1,0,1,0,1,0,1,0,1,0,1,0
222,countermeasure = 0.0; #threats <= 75.00; countermeasure = 0.0; 10398.43 < threat_range <= 30458.59; #threats <= 75.00; day_time <= 18.00; #threats <= 75.00; countermeasure = 0.0; 20104.47 < threat_range <= 30458.59; day_time > 12.00; #threats <= 75.00; countermeasure = 0.0; countermeasure = 0.0; weather = 2.0; #threats <= 53.00; #threats <= 53.00; 10398.43 < threat_range <= 30458.59; countermeasure = 0.0; countermeasure = 0.0,12,1,1,1,1,1,1,1,1,1,1,1,1,1,1,1,1,1,1,1,1,1,1,1,1
223,countermeasure = 0.0; formation = 1.0; countermeasure = 0.0; flying_speed <= 27.56; weather = 4.0; day_time <= 12.00; countermeasure = 0.0; day_time <= 12.00; flying_speed <= 27.56; threat_range > 20104.47; countermeasure = 0.0; flying_speed <= 27.56; flying_speed <= 27.56; #threats <= 53.00; 10398.43 < threat_range <= 30458.59; flying_speed <= 27.56; countermeasure = 0.0; #threats <= 26.00,12,1,1,1,1,1,1,1,1,1,1,1,1,1,1,1,1,1,1,1,1,1,1,1,1
224,countermeasure = 0.0; countermeasure = 0.0; 53.00 < #threats <= 75.00; threat_range > 20104.47; day_time > 18.00; countermeasure = 0.0; threat_range > 10398.43; 53.00 < #threats <= 75.00; formation = 0.0; weather = 2.0; countermeasure = 0.0; #threats > 26.00; weather = 2.0; day_time > 18.00; flying_speed > 38.83; #threats <= 75.00; countermeasure = 0.0; threat_range > 10398.43; day_time > 12.00,12,1,1,1,1,1,1,1,1,1,1,1,1,1,1,1,1,1,1,1,1,1,1,1,1
225,weather = 3.0; flying_speed <= 15.83; flying_speed <= 15.83; flying_speed <= 15.83; flying_speed <= 15.83; weather = 3.0; #threats > 53.00,8,0,1,1,0,1,1,0,0,1,0,1,0,0,0,1,0,0,0,1,0,1,1,1,1
226,countermeasure = 0.0; weather = 1.0; countermeasure = 0.0; formation = 1.0; threat_range > 10398.43; #threats <= 26.00; countermeasure = 0.0; #threats <= 75.00; weather = 1.0; countermeasure = 0.0; threat_range > 20104.47; #threats <= 75.00; #threats <= 53.00; #threats <= 26.00; threat_range > 10398.43; countermeasure = 0.0; weather = 1.0; day_time > 12.00; threat_range > 30458.59,12,1,1,1,1,1,1,1,1,1,1,1,1,1,1,1,1,1,1,1,1,1,1,1,1
227,#threats > 75.00; formation = 1.0; weather = 2.0; threat_range <= 20104.47; 6.00 < day_time <= 12.00; #threats > 75.00; weather = 2.0; day_time <= 12.00; 10398.43 < threat_range <= 20104.47; formation = 1.0; weather = 2.0; day_time > 6.00; #threats > 75.00; formation = 1.0; weather = 2.0; 10398.43 < threat_range <= 20104.47; day_time <= 12.00; 10398.43 < threat_range <= 20104.47; formation = 1.0; flying_speed > 38.83,11,1,1,1,1,1,1,1,1,1,1,1,1,0,1,1,1,1,1,1,1,1,1,1,1
228,countermeasure = 0.0; countermeasure = 0.0; flying_speed <= 27.56; #threats <= 75.00; flying_speed <= 15.83; #threats <= 75.00; countermeasure = 0.0; flying_speed <= 15.83; countermeasure = 0.0; flying_speed <= 15.83; weather = 4.0; flying_speed <= 15.83; day_time <= 12.00; #threats <= 75.00; threat_range > 10398.43; flying_speed <= 15.83,12,1,1,1,1,1,1,1,1,1,1,1,1,1,1,1,1,1,1,1,1,1,1,1,1
229,flying_speed <= 15.83; flying_speed <= 15.83; threat_range > 10398.43; flying_speed <= 15.83; #threats > 26.00; formation = 0.0; flying_speed <= 15.83,8,0,0,1,1,1,1,0,0,1,1,1,1,0,0,1,1,0,0,1,1,1,1,1,1
230,#threats <= 75.00; day_time > 18.00; day_time > 18.00; day_time > 18.00; formation = 1.0; 26.00 < #threats <= 75.00; flying_speed > 15.83; 10398.43 < threat_range <= 30458.59; day_time > 18.00,8,0,0,1,1,1,1,0,0,1,1,1,1,0,0,1,1,0,0,1,1,1,1,1,1
231,countermeasure = 0.0; countermeasure = 0.0; flying_speed <= 15.83; threat_range <= 10398.43; flying_speed <= 15.83; flying_speed <= 15.83; countermeasure = 0.0; flying_speed <= 15.83; threat_range <= 30458.59; countermeasure = 0.0; flying_speed <= 15.83; countermeasure = 0.0; flying_speed <= 15.83; weather = 1.0; threat_range <= 10398.43,12,1,1,1,1,1,1,1,1,1,1,1,1,1,1,1,1,1,1,1,1,1,1,1,1
232,threat_range > 30458.59; #threats <= 75.00; #threats <= 53.00; #threats <= 53.00; 26.00 < #threats <= 53.00; formation = 0.0; flying_speed <= 27.56; day_time > 12.00,8,0,1,1,1,1,1,0,1,1,1,1,1,0,1,1,1,0,1,1,1,1,1,1,1
233,flying_speed <= 27.56; #threats <= 53.00; threat_range <= 30458.59; weather = 1.0; #threats <= 53.00; 10398.43 < threat_range <= 20104.47; day_time <= 12.00; flying_speed <= 27.56,8,0,0,1,1,1,1,0,0,1,1,1,1,0,0,1,1,0,0,1,1,1,1,1,1
234,#threats <= 75.00; #threats <= 75.00; day_time <= 6.00; #threats <= 53.00; weather = 3.0; flying_speed > 27.56; formation = 1.0; countermeasure = 1.0; flying_speed > 38.83,8,0,1,1,1,1,1,0,1,1,1,1,1,0,1,1,1,0,1,1,1,1,1,1,1
235,#threats > 75.00; flying_speed <= 15.83; threat_range <= 10398.43; 12.00 < day_time <= 18.00,2,1,1,0,0,1,1,0,0,0,0,0,0,0,0,0,0,0,0,0,0,0,0,0,0
236,countermeasure = 0.0; countermeasure = 0.0; flying_speed <= 15.83; #threats > 26.00; countermeasure = 0.0; flying_speed <= 15.83; formation = 0.0; threat_range > 10398.43; countermeasure = 0.0; flying_speed <= 27.56; weather = 4.0; #threats <= 53.00; countermeasure = 0.0; flying_speed <= 27.56; threat_range > 30458.59,12,1,1,1,1,1,1,1,1,1,1,1,1,1,1,1,1,1,1,1,1,1,1,1,1
237,#threats <= 75.00; #threats <= 75.00; weather = 3.0; flying_speed <= 38.83; flying_speed <= 38.83; 26.00 < #threats <= 75.00; 10398.43 < threat_range <= 30458.59; day_time <= 12.00; countermeasure = 1.0,8,0,1,1,1,1,1,0,1,1,1,1,1,0,1,1,1,0,1,1,1,1,1,1,1
238,countermeasure = 0.0; day_time <= 6.00; countermeasure = 0.0; day_time <= 6.00; #threats > 53.00; 10398.43 < threat_range <= 30458.59; day_time <= 6.00; countermeasure = 0.0; day_time <= 6.00; #threats > 26.00; threat_range > 20104.47; threat_range <= 30458.59; countermeasure = 0.0; day_time <= 6.00; weather = 1.0; day_time <= 6.00; countermeasure = 0.0; threat_range <= 30458.59; countermeasure = 0.0,12,1,1,1,0,1,1,1,0,1,0,1,0,1,0,1,0,1,0,1,0,1,0,1,1
239,countermeasure = 0.0; flying_speed <= 15.83; countermeasure = 0.0; flying_speed <= 15.83; formation = 0.0; countermeasure = 0.0; flying_speed <= 15.83; flying_speed <= 15.83; countermeasure = 0.0; flying_speed <= 27.56; day_time > 12.00; flying_speed <= 15.83; day_time > 18.00; formation = 0.0; flying_speed <= 15.83,12,1,1,1,1,1,1,1,1,1,1,1,1,1,1,1,1,1,1,1,1,1,1,1,1
240,countermeasure = 0.0; #threats <= 26.00; countermeasure = 0.0; flying_speed <= 15.83; #threats <= 26.00; countermeasure = 0.0; flying_speed <= 15.83; day_time <= 12.00; #threats <= 53.00; countermeasure = 0.0; flying_speed <= 27.56; weather = 2.0; flying_speed <= 15.83; weather = 2.0; formation = 0.0; flying_speed <= 15.83,12,1,1,1,1,1,1,1,1,1,1,1,1,1,1,1,1,1,1,1,1,1,1,1,1
241,threat_range > 10398.43; flying_speed > 27.56; #threats <= 53.00; #threats <= 53.00; 10398.43 < threat_range <= 30458.59; flying_speed > 38.83; day_time > 12.00; flying_speed > 38.83,8,0,0,1,1,1,1,0,0,1,1,1,1,0,0,1,1,0,0,1,1,1,1,1,1
242,#threats > 75.00; day_time <= 6.00; 15.83 < flying_speed <= 27.56; 10398.43 < threat_range <= 30458.59; formation = 0.0; threat_range > 10398.43; flying_speed <= 38.83; weather = 3.0; flying_speed <= 27.56; flying_speed <= 38.83; day_time <= 6.00,8,1,0,1,0,1,1,0,0,1,0,1,0,0,0,1,0,0,0,1,0,0,0,1,0
243,countermeasure = 0.0; #threats <= 53.00; countermeasure = 0.0; flying_speed <= 27.56; flying_speed <= 27.56; #threats <= 75.00; countermeasure = 0.0; flying_speed <= 27.56; day_time <= 12.00; flying_speed <= 38.83; countermeasure = 0.0; flying_speed <= 38.83; countermeasure = 0.0; 26.00 < #threats <= 53.00; flying_speed <= 27.56; weather = 2.0; flying_speed <= 27.56,12,1,1,1,1,1,1,1,1,1,1,1,1,1,1,1,1,1,1,1,1,1,1,1,1
244,countermeasure = 0.0; #threats <= 26.00; countermeasure = 0.0; flying_speed <= 27.56; #threats <= 75.00; day_time <= 18.00; #threats <= 75.00; countermeasure = 0.0; flying_speed <= 38.83; #threats <= 75.00; threat_range <= 30458.59; #threats <= 53.00; countermeasure = 0.0; flying_speed <= 27.56; #threats <= 26.00; day_time <= 12.00; threat_range <= 20104.47; countermeasure = 0.0; #threats <= 75.00; #threats <= 26.00,12,1,1,1,1,1,1,1,1,1,1,1,1,1,1,1,1,1,1,1,1,1,1,1,1
245,countermeasure = 0.0; countermeasure = 0.0; flying_speed <= 38.83; 26.00 < #threats <= 53.00; threat_range <= 30458.59; countermeasure = 0.0; flying_speed <= 38.83; countermeasure = 0.0; 26.00 < #threats <= 53.00; formation = 0.0; threat_range <= 30458.59; #threats <= 53.00,11,1,0,1,1,1,1,0,0,1,1,1,1,1,0,1,1,1,0,1,1,1,1,1,1
246,countermeasure = 0.0; #threats <= 26.00; countermeasure = 0.0; flying_speed <= 15.83; threat_range <= 30458.59; countermeasure = 0.0; flying_speed <= 15.83; countermeasure = 0.0; flying_speed <= 15.83; #threats <= 75.00; flying_speed <= 15.83; countermeasure = 0.0; #threats <= 26.00,12,1,0,1,1,1,1,1,0,1,1,1,1,1,0,1,0,1,0,1,0,1,1,1,1
247,#threats <= 75.00; #threats <= 75.00; threat_range > 20104.47; flying_speed <= 38.83; flying_speed <= 38.83; 26.00 < #threats <= 53.00; day_time <= 12.00; threat_range <= 30458.59; day_time <= 6.00,8,0,0,1,1,1,1,0,0,1,1,1,1,0,0,1,0,0,0,1,0,1,1,1,1
248,day_time <= 6.00; #threats <= 26.00; day_time <= 6.00; #threats <= 26.00; #threats <= 26.00; day_time <= 6.00; #threats <= 53.00; threat_range <= 20104.47; threat_range <= 30458.59,8,0,0,1,1,1,1,0,0,1,1,1,1,0,0,1,1,0,0,1,1,1,1,1,1
249,#threats <= 26.00; day_time <= 12.00; #threats <= 26.00; #threats <= 53.00; #threats <= 26.00; day_time <= 6.00; threat_range <= 30458.59; flying_speed > 15.83; formation = 1.0,8,0,1,1,1,1,1,0,1,1,1,1,1,0,1,1,1,0,1,1,1,1,1,1,1
250,#threats <= 53.00; #threats <= 53.00; day_time > 12.00; #threats <= 26.00; flying_speed > 38.83; #threats <= 75.00; threat_range > 20104.47; day_time > 6.00; weather = 4.0; #threats <= 26.00,8,0,0,1,1,1,1,0,0,1,1,1,1,0,0,1,1,0,0,1,1,1,1,1,1
251,countermeasure = 0.0; #threats <= 75.00; countermeasure = 0.0; day_time > 18.00; 26.00 < #threats <= 75.00; #threats <= 53.00; countermeasure = 0.0; 26.00 < #threats <= 53.00; threat_range <= 30458.59; formation = 0.0; countermeasure = 0.0; threat_range <= 30458.59; weather = 3.0; formation = 0.0; 26.00 < #threats <= 53.00; threat_range <= 20104.47; day_time > 12.00,12,1,1,1,1,1,1,1,1,1,1,1,1,1,1,1,1,1,1,1,1,1,1,1,1
252,countermeasure = 0.0; #threats <= 75.00; countermeasure = 0.0; day_time > 12.00; 26.00 < #threats <= 75.00; threat_range <= 30458.59; countermeasure = 0.0; 20104.47 < threat_range <= 30458.59; #threats <= 75.00; threat_range > 10398.43; countermeasure = 0.0; 20104.47 < threat_range <= 30458.59; countermeasure = 0.0; countermeasure = 0.0; weather = 2.0; threat_range <= 30458.59; #threats <= 75.00; flying_speed > 38.83,12,1,1,1,1,1,1,1,1,1,1,1,1,1,1,1,1,1,1,1,1,1,1,1,1
253,#threats <= 75.00; formation = 1.0; threat_range > 20104.47; threat_range <= 30458.59; 10398.43 < threat_range <= 30458.59; flying_speed > 27.56; #threats <= 75.00; weather = 4.0; #threats > 53.00,8,0,0,1,1,1,1,0,0,1,1,1,1,0,0,1,1,0,0,1,1,1,1,1,1
254,#threats > 75.00; 6.00 < day_time <= 18.00; threat_range <= 10398.43; 15.83 < flying_speed <= 27.56; countermeasure = 1.0; #threats > 53.00; day_time > 12.00; flying_speed <= 27.56; flying_speed <= 27.56; formation = 1.0; 12.00 < day_time <= 18.00; threat_range <= 20104.47; #threats > 75.00; countermeasure = 1.0,8,1,1,1,0,1,1,0,0,0,0,1,1,0,0,1,1,0,1,1,1,1,1,1,1
255,flying_speed <= 15.83; #threats > 26.00; 12.00 < day_time <= 18.00; formation = 1.0; threat_range > 20104.47; flying_speed <= 15.83; flying_speed <= 15.83; 26.00 < #threats <= 53.00; 20104.47 < threat_range <= 30458.59; 12.00 < day_time <= 18.00; weather = 1.0; formation = 1.0; flying_speed <= 15.83; 26.00 < #threats <= 53.00; day_time > 6.00; threat_range <= 30458.59; #threats <= 53.00; flying_speed <= 15.83; weather = 1.0; 12.00 < day_time <= 18.00; #threats > 26.00; threat_range <= 30458.59; flying_speed <= 15.83; flying_speed <= 15.83; weather = 1.0; threat_range > 10398.43; flying_speed <= 15.83,12,1,1,1,1,1,1,1,1,1,1,1,1,1,1,1,1,1,1,1,1,1,1,1,1
256,weather = 2.0; day_time <= 18.00; threat_range <= 20104.47; 26.00 < #threats <= 53.00; day_time > 12.00; formation = 1.0,8,0,0,1,1,1,1,0,0,1,1,1,1,0,0,1,1,0,0,1,1,1,1,1,1
257,flying_speed <= 15.83; threat_range <= 10398.43; formation = 1.0; weather = 2.0; #threats <= 75.00; flying_speed <= 15.83; threat_range <= 10398.43; formation = 1.0; weather = 2.0; #threats <= 75.00; #threats <= 75.00; flying_speed <= 15.83; threat_range <= 10398.43; weather = 2.0; day_time > 12.00; day_time > 6.00; flying_speed <= 15.83; threat_range <= 10398.43; day_time > 6.00; flying_speed <= 38.83; flying_speed <= 15.83; day_time > 18.00; threat_range <= 10398.43; day_time > 18.00,12,1,1,1,1,1,1,1,1,1,1,1,1,1,1,1,1,1,1,1,1,1,1,1,1
258,countermeasure = 0.0; #threats <= 75.00; countermeasure = 0.0; flying_speed <= 38.83; threat_range > 20104.47; day_time <= 12.00; threat_range > 10398.43; countermeasure = 0.0; flying_speed <= 38.83; day_time > 6.00; #threats <= 53.00; countermeasure = 0.0; flying_speed <= 38.83; day_time <= 12.00; #threats <= 53.00,11,1,0,1,1,1,1,1,0,1,1,1,1,0,0,1,0,1,0,1,0,1,0,1,0
259,countermeasure = 0.0; #threats > 53.00; countermeasure = 0.0; flying_speed <= 27.56; day_time <= 6.00; threat_range > 20104.47; countermeasure = 0.0; countermeasure = 0.0; flying_speed <= 27.56; day_time <= 6.00; flying_speed <= 27.56; countermeasure = 0.0; flying_speed <= 27.56; countermeasure = 0.0; day_time <= 6.00; #threats <= 75.00; weather = 4.0; threat_range > 30458.59,12,1,1,1,1,1,1,1,1,1,1,1,1,1,1,1,1,1,1,1,1,1,1,1,1
260,countermeasure = 0.0; #threats <= 75.00; #threats <= 75.00; #threats <= 75.00; countermeasure = 0.0; day_time <= 6.00; #threats > 53.00; countermeasure = 0.0; countermeasure = 0.0; #threats <= 75.00; countermeasure = 0.0; flying_speed > 38.83; countermeasure = 0.0; day_time <= 6.00; 53.00 < #threats <= 75.00; day_time <= 6.00,11,1,1,1,1,1,1,0,1,1,1,1,1,1,1,1,1,1,1,1,1,1,1,1,1
261,flying_speed <= 38.83; flying_speed <= 38.83; flying_speed <= 27.56; flying_speed <= 38.83; 10398.43 < threat_range <= 30458.59; formation = 1.0; 15.83 < flying_speed <= 27.56; flying_speed <= 27.56,8,0,1,1,1,1,1,0,1,1,1,1,1,0,1,1,1,0,1,1,1,1,1,1,1
262,flying_speed <= 27.56; flying_speed <= 15.83; flying_speed <= 15.83; formation = 1.0; flying_speed <= 38.83; flying_speed <= 15.83; threat_range <= 20104.47; day_time > 12.00; flying_speed <= 27.56,8,0,0,1,1,1,1,0,0,1,1,1,1,0,0,1,1,0,0,1,1,1,1,1,1
263,countermeasure = 0.0; #threats <= 53.00; countermeasure = 0.0; 26.00 < #threats <= 75.00; threat_range <= 30458.59; #threats <= 75.00; countermeasure = 0.0; 20104.47 < threat_range <= 30458.59; #threats <= 75.00; countermeasure = 0.0; formation = 1.0; threat_range > 10398.43; 26.00 < #threats <= 53.00; countermeasure = 0.0; 20104.47 < threat_range <= 30458.59; flying_speed > 38.83,12,1,1,1,1,1,1,1,1,1,1,1,1,1,1,1,1,1,1,1,1,1,1,1,1
264,#threats <= 53.00; day_time > 12.00; day_time > 18.00; 26.00 < #threats <= 53.00; threat_range <= 20104.47; formation = 1.0,7,0,0,1,0,1,1,0,0,1,0,1,0,0,0,1,0,0,0,1,0,1,0,0,0
265,countermeasure = 0.0; weather = 3.0; countermeasure = 0.0; flying_speed <= 38.83; #threats > 26.00; threat_range > 10398.43; day_time <= 6.00; day_time <= 6.00; countermeasure = 0.0; flying_speed <= 38.83; #threats > 53.00; day_time <= 6.00; countermeasure = 0.0; flying_speed <= 38.83; countermeasure = 0.0; day_time <= 6.00; flying_speed <= 38.83; day_time <= 6.00,12,1,0,1,0,1,1,1,0,1,0,1,1,1,0,1,1,1,0,1,1,1,1,1,1
266,#threats > 75.00; 6.00 < day_time <= 18.00; weather = 3.0; threat_range > 30458.59; formation = 1.0; flying_speed > 38.83; weather = 3.0; threat_range > 10398.43; day_time <= 12.00; threat_range > 20104.47; weather = 3.0; 6.00 < day_time <= 12.00; formation = 1.0; #threats > 26.00; flying_speed > 27.56; threat_range > 30458.59,9,1,0,1,1,1,1,0,0,1,1,1,1,0,0,1,1,0,0,1,1,1,1,1,1
267,flying_speed <= 15.83; threat_range > 20104.47; flying_speed <= 27.56; flying_speed <= 27.56; flying_speed <= 15.83; day_time > 12.00; #threats > 75.00; flying_speed <= 15.83,8,0,0,1,1,1,1,0,0,1,1,1,1,0,0,1,1,0,0,1,1,1,1,1,1
268,#threats <= 26.00; formation = 0.0,6,0,1,1,0,1,1,0,0,1,0,1,0,0,0,1,0,0,0,1,0,0,0,0,0
269,countermeasure = 0.0; threat_range > 10398.43; countermeasure = 0.0; formation = 1.0; 26.00 < #threats <= 75.00; #threats <= 75.00; #threats <= 75.00; countermeasure = 0.0; 10398.43 < threat_range <= 30458.59; #threats > 26.00; countermeasure = 0.0; countermeasure = 0.0; 26.00 < #threats <= 75.00; countermeasure = 0.0; countermeasure = 0.0; threat_range <= 30458.59; day_time <= 12.00; threat_range > 20104.47,12,1,1,1,1,1,1,1,1,1,1,1,1,1,1,1,1,1,1,1,1,1,1,1,1
270,countermeasure = 0.0; flying_speed <= 38.83; threat_range <= 10398.43; flying_speed <= 38.83; countermeasure = 0.0; threat_range <= 10398.43; countermeasure = 0.0; day_time <= 12.00; weather = 3.0; 27.56 < flying_speed <= 38.83; #threats > 26.00; countermeasure = 0.0,9,1,1,1,0,1,1,0,0,1,0,1,0,0,0,1,0,0,0,1,0,1,0,1,0
271,#threats > 53.00; 6.00 < day_time <= 18.00; flying_speed <= 38.83; weather = 2.0; threat_range <= 10398.43; weather = 2.0; flying_speed <= 38.83; formation = 0.0; #threats > 53.00; weather = 2.0; day_time > 12.00; threat_range <= 30458.59; #threats <= 75.00; #threats <= 75.00; flying_speed <= 38.83; #threats > 53.00; threat_range <= 30458.59; formation = 0.0; #threats <= 75.00; flying_speed <= 38.83; #threats > 53.00; threat_range <= 20104.47; 12.00 < day_time <= 18.00; day_time > 12.00; threat_range <= 10398.43; 26.00 < #threats <= 75.00; weather = 2.0; day_time <= 18.00; weather = 2.0,12,1,1,1,1,1,1,1,1,1,1,1,1,1,1,1,1,1,1,1,1,1,1,1,1
272,countermeasure = 0.0; weather = 4.0; countermeasure = 0.0; flying_speed <= 38.83; #threats > 26.00; #threats <= 53.00; #threats <= 53.00; countermeasure = 0.0; threat_range <= 30458.59; flying_speed <= 38.83; threat_range > 20104.47; countermeasure = 0.0; formation = 1.0; #threats <= 53.00; 26.00 < #threats <= 53.00; threat_range <= 30458.59; day_time <= 12.00; day_time <= 12.00,12,1,0,1,1,1,1,1,0,1,1,1,1,1,0,1,1,1,0,1,1,1,1,1,1
273,#threats > 75.00; formation = 1.0; threat_range <= 20104.47; day_time > 18.00; day_time > 12.00; flying_speed > 27.56; threat_range <= 20104.47; 27.56 < flying_speed <= 38.83; #threats > 26.00; formation = 1.0; #threats > 75.00,7,1,1,0,1,1,1,0,1,0,1,1,1,0,1,1,1,0,1,1,1,1,1,1,1
274,countermeasure = 0.0; #threats <= 75.00; countermeasure = 0.0; flying_speed <= 27.56; day_time <= 6.00; day_time <= 6.00; countermeasure = 0.0; flying_speed <= 27.56; #threats > 26.00; day_time <= 12.00; countermeasure = 0.0; day_time <= 6.00; threat_range > 10398.43; flying_speed <= 27.56; countermeasure = 0.0; day_time <= 12.00; threat_range > 20104.47,12,1,1,1,1,1,1,1,1,1,1,1,1,1,1,1,1,1,1,1,1,1,1,1,1
275,#threats <= 75.00; weather = 3.0; #threats <= 75.00; #threats <= 75.00; #threats <= 26.00; 10398.43 < threat_range <= 20104.47; #threats <= 75.00; flying_speed > 15.83; #threats <= 26.00,8,0,1,1,1,1,1,0,1,1,1,1,1,0,1,1,1,0,1,1,1,1,1,1,1
276,#threats > 75.00; threat_range <= 10398.43; flying_speed <= 15.83; day_time <= 12.00; weather = 2.0; day_time <= 6.00; flying_speed <= 15.83; flying_speed <= 15.83; flying_speed <= 15.83; threat_range <= 30458.59; weather = 2.0; day_time <= 6.00,9,1,1,1,1,1,1,0,1,1,1,1,1,0,1,1,1,0,1,1,1,1,1,1,1
277,countermeasure = 0.0; #threats <= 53.00; countermeasure = 0.0; flying_speed <= 15.83; flying_speed <= 15.83; #threats <= 53.00; countermeasure = 0.0; flying_speed <= 15.83; threat_range <= 30458.59; flying_speed <= 27.56; countermeasure = 0.0; flying_speed <= 27.56; #threats <= 26.00; threat_range <= 10398.43; countermeasure = 0.0; day_time <= 12.00; flying_speed <= 15.83,12,1,1,1,1,1,1,1,1,1,1,1,1,1,1,1,1,1,1,1,1,1,1,1,1
278,flying_speed <= 15.83; day_time <= 18.00; weather = 1.0; threat_range <= 30458.59; formation = 1.0; flying_speed <= 15.83; formation = 1.0; weather = 1.0; threat_range <= 30458.59; #threats <= 75.00; #threats <= 53.00; flying_speed <= 15.83; weather = 1.0; flying_speed <= 15.83; flying_speed <= 15.83; weather = 1.0; 12.00 < day_time <= 18.00; threat_range <= 30458.59; formation = 1.0; #threats <= 75.00; flying_speed <= 15.83; weather = 1.0; flying_speed <= 15.83,12,1,1,1,1,1,1,1,1,1,1,1,1,1,1,1,1,1,1,1,1,1,1,1,1
279,flying_speed <= 27.56; #threats <= 75.00; threat_range > 10398.43; flying_speed <= 27.56; day_time <= 12.00; threat_range <= 30458.59; 26.00 < #threats <= 75.00; day_time <= 6.00,8,0,1,1,1,1,1,0,1,1,1,1,1,0,1,1,1,0,1,1,1,1,1,1,1
280,countermeasure = 0.0; #threats <= 53.00; countermeasure = 0.0; flying_speed <= 27.56; #threats <= 75.00; #threats <= 26.00; countermeasure = 0.0; flying_speed <= 27.56; weather = 3.0; #threats <= 75.00; flying_speed <= 27.56; countermeasure = 0.0; flying_speed <= 27.56; flying_speed <= 27.56; #threats <= 53.00; flying_speed <= 27.56; countermeasure = 0.0; #threats <= 26.00,12,1,1,1,0,1,1,1,0,1,0,1,1,1,0,1,1,1,1,1,1,1,1,1,1
281,countermeasure = 0.0; countermeasure = 0.0; flying_speed <= 15.83; countermeasure = 0.0; flying_speed <= 15.83; #threats <= 53.00; countermeasure = 0.0; flying_speed <= 15.83; #threats <= 53.00; flying_speed <= 15.83; #threats <= 53.00; flying_speed <= 15.83,12,1,1,1,0,1,1,1,0,1,0,1,0,1,0,1,0,1,0,1,0,1,0,1,0
282,#threats <= 75.00; #threats <= 75.00; day_time <= 6.00; #threats <= 75.00; #threats <= 75.00; day_time <= 6.00; weather = 1.0; threat_range <= 20104.47; threat_range <= 20104.47,8,0,0,1,1,1,1,0,0,1,1,1,1,0,0,1,0,0,0,1,0,1,1,1,1
283,day_time <= 6.00; #threats <= 75.00; #threats <= 75.00; day_time <= 6.00; day_time <= 6.00; formation = 1.0; 26.00 < #threats <= 75.00; weather = 1.0; threat_range > 30458.59,8,0,0,1,1,1,1,0,0,1,1,1,1,0,0,1,0,0,0,1,0,1,1,1,1
284,countermeasure = 0.0; threat_range > 30458.59; countermeasure = 0.0; flying_speed <= 27.56; threat_range > 10398.43; countermeasure = 0.0; flying_speed <= 27.56; #threats > 26.00; day_time <= 6.00; countermeasure = 0.0; day_time <= 6.00; countermeasure = 0.0; day_time <= 12.00; countermeasure = 0.0; flying_speed <= 27.56; threat_range > 30458.59,12,1,1,1,1,1,1,1,1,1,1,1,1,1,1,1,1,1,1,1,1,1,1,1,1
285,#threats <= 75.00; #threats <= 75.00; day_time > 18.00; #threats <= 53.00; weather = 3.0; threat_range <= 20104.47; day_time > 18.00,8,0,0,1,1,1,1,0,0,1,1,1,1,0,0,1,1,0,0,1,1,1,1,1,1
286,countermeasure = 0.0; weather = 4.0; countermeasure = 0.0; day_time <= 6.00; 10398.43 < threat_range <= 30458.59; #threats <= 53.00; countermeasure = 0.0; 10398.43 < threat_range <= 30458.59; day_time <= 12.00; day_time <= 6.00; countermeasure = 0.0; #threats <= 75.00; threat_range <= 30458.59; threat_range <= 30458.59; countermeasure = 0.0; day_time <= 6.00; countermeasure = 0.0,12,1,1,1,1,1,1,1,1,1,1,1,1,1,1,1,1,1,1,1,1,1,1,1,1
287,#threats > 75.00; flying_speed <= 15.83; weather = 4.0; threat_range > 30458.59; day_time <= 18.00; formation = 0.0; flying_speed <= 38.83; formation = 0.0,7,1,0,1,0,1,1,0,0,1,0,1,0,0,0,1,0,0,0,1,0,0,0,0,0
288,countermeasure = 0.0; #threats <= 53.00; countermeasure = 0.0; formation = 1.0; threat_range > 10398.43; #threats <= 75.00; day_time <= 18.00; countermeasure = 0.0; formation = 1.0; #threats <= 75.00; threat_range > 10398.43; day_time <= 18.00; formation = 1.0; countermeasure = 0.0; formation = 1.0; #threats <= 53.00; threat_range > 10398.43; weather = 4.0; day_time > 6.00; flying_speed > 38.83; #threats <= 26.00,12,1,1,1,1,1,1,1,1,1,1,1,1,1,1,1,1,1,1,1,1,1,1,1,1
289,countermeasure = 0.0; day_time > 6.00; countermeasure = 0.0; flying_speed <= 38.83; #threats > 26.00; threat_range <= 30458.59; countermeasure = 0.0; flying_speed <= 38.83; #threats > 26.00; threat_range <= 30458.59; flying_speed <= 38.83; countermeasure = 0.0; flying_speed <= 27.56,10,1,1,1,0,1,1,1,0,1,0,1,0,1,0,1,0,1,0,1,0,0,0,0,0
290,#threats > 53.00; flying_speed <= 15.83; 10398.43 < threat_range <= 20104.47; 12.00 < day_time <= 18.00; flying_speed <= 15.83; flying_speed <= 15.83; threat_range <= 20104.47; weather = 3.0; formation = 0.0; #threats > 53.00; day_time <= 18.00; #threats <= 75.00; #threats <= 75.00; flying_speed <= 15.83; #threats > 53.00; 10398.43 < threat_range <= 20104.47; day_time > 12.00; formation = 0.0; flying_speed <= 27.56; flying_speed <= 15.83; #threats > 53.00; weather = 3.0; threat_range <= 20104.47; 12.00 < day_time <= 18.00; flying_speed <= 15.83; flying_speed <= 15.83; weather = 3.0; #threats > 26.00; day_time > 12.00; flying_speed <= 15.83,12,1,1,1,1,1,1,1,1,1,1,1,1,1,1,1,1,1,1,1,1,1,1,1,1
291,#threats > 75.00; 10398.43 < threat_range <= 20104.47; 6.00 < day_time <= 18.00; formation = 1.0; threat_range > 10398.43; formation = 1.0; threat_range > 10398.43; #threats > 75.00; formation = 1.0; 10398.43 < threat_range <= 20104.47; day_time <= 12.00; flying_speed > 38.83; 10398.43 < threat_range <= 30458.59; weather = 4.0; flying_speed > 38.83,10,1,1,1,0,1,1,0,0,1,0,1,0,0,0,1,0,1,0,1,0,1,0,1,1
292,threat_range <= 10398.43; flying_speed <= 38.83; weather = 3.0; formation = 1.0; 6.00 < day_time <= 12.00; #threats <= 75.00; flying_speed <= 38.83; threat_range <= 30458.59; #threats <= 26.00; #threats <= 75.00; flying_speed <= 38.83; threat_range <= 10398.43; day_time <= 12.00; weather = 3.0; #threats <= 75.00; flying_speed <= 38.83; flying_speed <= 38.83; 6.00 < day_time <= 18.00; threat_range <= 10398.43; weather = 3.0; formation = 1.0; #threats <= 75.00; threat_range <= 20104.47; #threats <= 53.00; day_time <= 12.00; formation = 1.0; #threats <= 26.00,12,1,1,1,1,1,1,1,1,1,1,1,1,1,1,1,1,1,1,1,1,1,1,1,1
293,#threats <= 53.00; #threats <= 75.00; #threats <= 53.00; formation = 1.0; threat_range <= 20104.47; 26.00 < #threats <= 53.00; weather = 3.0; threat_range <= 10398.43,8,0,0,1,1,1,1,0,0,1,1,1,1,0,0,1,0,0,0,1,0,1,1,1,1
294,#threats > 75.00; formation = 1.0; day_time <= 12.00; flying_speed <= 27.56; day_time <= 12.00; flying_speed <= 27.56; flying_speed <= 38.83; threat_range > 10398.43; 15.83 < flying_speed <= 27.56; 10398.43 < threat_range <= 30458.59; day_time <= 12.00; formation = 1.0; #threats > 75.00,9,1,0,1,0,1,1,0,0,1,0,1,0,0,0,1,0,0,0,1,0,1,0,1,0
295,countermeasure = 0.0; countermeasure = 0.0; flying_speed <= 27.56; #threats > 26.00; #threats <= 75.00; countermeasure = 0.0; flying_speed <= 27.56; flying_speed <= 27.56; countermeasure = 0.0; flying_speed <= 27.56; countermeasure = 0.0; 26.00 < #threats <= 53.00; flying_speed <= 27.56; flying_speed <= 27.56,12,1,1,1,1,1,1,1,1,1,1,1,1,1,1,1,1,1,1,1,1,1,1,1,1
296,#threats <= 26.00; #threats <= 75.00; day_time <= 6.00; #threats <= 53.00; threat_range <= 10398.43; day_time <= 6.00; formation = 0.0,8,0,0,1,1,1,1,0,0,1,1,1,1,0,0,1,1,0,0,1,1,1,1,1,1
297,#threats <= 53.00; flying_speed > 15.83; threat_range > 30458.59; day_time <= 12.00; 26.00 < #threats <= 53.00; flying_speed <= 38.83; 6.00 < day_time <= 12.00; weather = 1.0; threat_range > 30458.59,8,0,0,1,1,1,1,0,0,1,1,1,1,0,0,1,1,0,0,1,1,1,1,1,1
298,#threats > 75.00; 15.83 < flying_speed <= 27.56; threat_range <= 30458.59; flying_speed <= 38.83; day_time > 12.00; #threats > 75.00; flying_speed <= 27.56; 10398.43 < threat_range <= 30458.59; flying_speed <= 38.83; day_time > 12.00,9,1,1,1,0,1,1,0,0,1,0,1,0,0,0,1,0,1,0,1,0,0,0,1,1
299,countermeasure = 0.0; flying_speed <= 15.83; countermeasure = 0.0; flying_speed <= 15.83; flying_speed <= 27.56; countermeasure = 0.0; flying_speed <= 15.83; flying_speed <= 15.83; countermeasure = 0.0; flying_speed <= 15.83; #threats <= 75.00; #threats <= 53.00; flying_speed <= 27.56; countermeasure = 0.0; flying_speed <= 15.83,12,1,1,1,1,1,1,1,1,1,1,1,1,1,1,1,1,1,1,1,1,1,1,1,1
300,flying_speed <= 15.83; #threats <= 75.00; flying_speed <= 27.56; flying_speed <= 15.83; flying_speed <= 15.83; flying_speed <= 15.83; day_time <= 6.00; threat_range <= 20104.47,8,0,1,1,1,1,1,0,1,1,1,1,1,0,1,1,1,0,1,1,1,1,1,1,1
301,#threats > 75.00; threat_range <= 20104.47; weather = 2.0; flying_speed <= 27.56; day_time <= 18.00; #threats > 26.00; day_time > 12.00; flying_speed <= 27.56; threat_range <= 20104.47; 10398.43 < threat_range <= 20104.47; weather = 2.0; formation = 0.0; weather = 2.0,9,1,0,1,1,1,1,0,0,1,1,1,1,0,0,1,0,0,0,1,0,1,0,1,0
302,#threats > 75.00; threat_range > 20104.47; 12.00 < day_time <= 18.00; 15.83 < flying_speed <= 38.83; flying_speed <= 38.83; flying_speed <= 38.83; weather = 3.0; 12.00 < day_time <= 18.00; 10398.43 < threat_range <= 30458.59; flying_speed <= 38.83; weather = 3.0; formation = 0.0,9,1,0,1,1,1,1,0,0,1,1,1,1,0,0,1,0,0,0,1,0,1,0,1,1
303,day_time <= 18.00; #threats <= 53.00; formation = 1.0; flying_speed <= 38.83; threat_range <= 20104.47; day_time <= 12.00; weather = 2.0; #threats <= 53.00; threat_range <= 20104.47,8,0,1,1,0,1,1,0,0,1,0,1,0,0,0,1,0,0,0,1,0,1,0,1,0
304,countermeasure = 0.0; #threats <= 26.00; countermeasure = 0.0; flying_speed <= 38.83; #threats <= 75.00; weather = 2.0; threat_range > 10398.43; day_time > 6.00; countermeasure = 0.0; countermeasure = 0.0; flying_speed <= 38.83; weather = 2.0; countermeasure = 0.0; countermeasure = 0.0; flying_speed <= 38.83; flying_speed > 27.56; flying_speed <= 38.83; #threats <= 53.00; countermeasure = 0.0; threat_range > 10398.43; day_time > 6.00; #threats <= 26.00,12,1,1,1,0,1,1,1,0,1,0,1,1,1,0,1,1,1,1,1,1,1,1,1,1
305,flying_speed <= 38.83; #threats <= 53.00; #threats <= 53.00; 15.83 < flying_speed <= 27.56; formation = 1.0,8,0,0,1,1,1,1,0,0,1,1,1,1,0,0,1,1,0,0,1,1,1,1,1,1
306,#threats <= 26.00; threat_range <= 10398.43; #threats <= 53.00; flying_speed > 38.83; day_time > 18.00; threat_range <= 20104.47,6,0,0,1,0,1,1,0,0,1,0,1,0,0,0,0,0,0,0,0,0,1,1,1,1
307,flying_speed <= 15.83; formation = 1.0; flying_speed <= 15.83; #threats > 75.00; threat_range > 10398.43; threat_range > 30458.59,8,0,0,1,1,1,1,0,0,1,1,1,1,0,0,1,1,0,0,1,1,1,1,1,1
308,flying_speed <= 15.83; #threats > 26.00; day_time <= 6.00; 10398.43 < threat_range <= 20104.47; #threats <= 53.00; formation = 1.0; flying_speed <= 15.83; flying_speed <= 15.83; threat_range <= 20104.47; flying_speed <= 15.83,9,1,1,1,1,1,1,0,1,1,1,1,1,0,1,1,1,0,1,1,1,1,1,1,1
309,flying_speed <= 38.83; flying_speed <= 27.56; threat_range > 20104.47; day_time > 6.00; threat_range > 20104.47; flying_speed <= 27.56; #threats > 26.00; 10398.43 < threat_range <= 30458.59; day_time <= 12.00; threat_range <= 30458.59,8,0,1,1,1,1,1,0,1,1,1,1,1,0,1,1,1,0,1,1,1,1,1,1,1
310,#threats <= 75.00; #threats <= 26.00; #threats <= 75.00; day_time <= 6.00; weather = 3.0; threat_range > 10398.43; flying_speed <= 27.56; weather = 3.0,8,0,0,1,1,1,1,0,0,1,1,1,1,0,0,1,1,0,0,1,1,1,1,1,1
311,#threats > 53.00; day_time <= 6.00; flying_speed <= 38.83; 10398.43 < threat_range <= 20104.47; weather = 1.0; #threats <= 75.00; flying_speed <= 38.83; flying_speed <= 38.83; day_time <= 6.00; 10398.43 < threat_range <= 20104.47; threat_range > 10398.43,9,1,1,1,1,1,1,0,1,1,1,1,1,0,1,1,1,0,1,1,1,1,1,1,1
312,#threats <= 53.00; countermeasure = 1.0; flying_speed <= 38.83; formation = 0.0; day_time <= 12.00; 10398.43 < threat_range <= 20104.47; #threats <= 53.00; threat_range <= 20104.47,8,0,1,1,0,1,1,0,0,1,0,1,0,0,0,1,0,0,0,1,0,1,1,1,1
313,countermeasure = 0.0; flying_speed <= 27.56; countermeasure = 0.0; flying_speed <= 27.56; threat_range > 10398.43; #threats <= 53.00; countermeasure = 0.0; countermeasure = 0.0; flying_speed <= 27.56; threat_range <= 30458.59; countermeasure = 0.0; countermeasure = 0.0; threat_range <= 30458.59; #threats <= 53.00; countermeasure = 0.0,11,1,1,1,0,1,1,1,0,1,0,1,0,1,0,1,0,1,0,1,0,1,0,0,0
314,#threats > 75.00; threat_range <= 10398.43; flying_speed <= 27.56; 6.00 < day_time <= 12.00; formation = 0.0; weather = 1.0,2,1,1,0,0,1,1,0,0,0,0,0,0,0,0,0,0,0,0,0,0,0,0,0,0
315,countermeasure = 0.0; #threats <= 75.00; flying_speed <= 15.83; countermeasure = 0.0; flying_speed <= 15.83; countermeasure = 0.0; flying_speed <= 15.83; flying_speed <= 15.83,8,1,1,1,0,1,1,0,0,1,0,1,0,1,0,0,0,1,0,1,0,0,0,0,0
316,#threats > 75.00; threat_range <= 10398.43; flying_speed > 38.83; day_time <= 18.00; weather = 2.0; formation = 1.0; countermeasure = 1.0; day_time <= 6.00,6,1,0,1,1,1,1,0,0,1,1,1,1,0,0,0,0,0,0,0,0,0,0,1,1
317,countermeasure = 0.0; threat_range <= 10398.43; threat_range <= 20104.47; countermeasure = 0.0; day_time <= 6.00; flying_speed <= 38.83; day_time <= 6.00; countermeasure = 0.0; day_time <= 6.00,8,1,1,0,0,1,1,0,0,0,0,1,1,0,0,1,1,1,1,1,1,1,1,1,1
318,countermeasure = 0.0; #threats <= 75.00; countermeasure = 0.0; flying_speed <= 38.83; 10398.43 < threat_range <= 20104.47; #threats <= 75.00; weather = 4.0; countermeasure = 0.0; flying_speed <= 38.83; formation = 1.0; 10398.43 < threat_range <= 30458.59; #threats <= 26.00; countermeasure = 0.0; flying_speed <= 38.83; #threats <= 53.00; 10398.43 < threat_range <= 20104.47; countermeasure = 0.0; threat_range > 10398.43,12,1,1,1,1,1,1,1,1,1,1,1,1,1,1,1,1,1,1,1,1,1,1,1,1
319,#threats <= 75.00; countermeasure = 1.0; day_time > 12.00; 26.00 < #threats <= 53.00; formation = 1.0; flying_speed > 38.83; threat_range > 30458.59,8,0,0,1,1,1,1,0,0,1,1,1,1,0,0,1,1,0,0,1,1,1,1,1,1
320,flying_speed <= 15.83; day_time <= 18.00; weather = 2.0; flying_speed <= 15.83,8,0,0,1,1,1,1,0,0,1,1,1,1,0,0,1,1,0,0,1,1,1,1,1,1
321,#threats <= 75.00; threat_range > 10398.43; #threats <= 26.00; threat_range > 10398.43,6,0,0,1,0,1,1,0,0,1,0,1,0,0,0,1,0,0,0,1,0,0,0,0,0
322,countermeasure = 0.0; countermeasure = 0.0; flying_speed <= 38.83; #threats > 53.00; day_time > 12.00; countermeasure = 0.0; flying_speed <= 38.83; #threats > 26.00; countermeasure = 0.0; formation = 1.0; day_time > 18.00; threat_range <= 20104.47; #threats > 26.00; countermeasure = 0.0; formation = 1.0; day_time > 12.00,12,1,1,1,1,1,1,1,1,1,1,1,1,1,1,1,1,1,1,1,1,1,1,1,1
323,flying_speed <= 27.56; #threats <= 26.00; #threats <= 75.00; #threats <= 53.00; weather = 3.0; flying_speed <= 27.56; #threats <= 26.00,8,0,1,1,1,1,1,0,1,1,1,1,1,0,1,1,1,0,1,1,1,1,1,1,1
324,weather = 1.0; formation = 0.0; #threats <= 53.00,4,0,0,0,0,1,1,0,0,0,0,1,0,0,0,1,0,0,0,1,0,0,0,0,0
325,countermeasure = 0.0; flying_speed <= 27.56; countermeasure = 0.0; flying_speed <= 15.83; threat_range <= 20104.47; #threats <= 53.00; countermeasure = 0.0; flying_speed <= 15.83; threat_range <= 20104.47; countermeasure = 0.0; flying_speed <= 15.83; #threats <= 53.00; flying_speed <= 27.56; 26.00 < #threats <= 53.00; flying_speed <= 15.83,12,1,1,1,1,1,1,1,1,1,1,1,1,1,1,1,1,1,1,1,1,1,1,1,1
326,#threats <= 75.00; #threats <= 75.00; #threats <= 75.00; threat_range <= 20104.47; day_time <= 6.00; flying_speed > 38.83,8,0,0,1,1,1,1,0,0,1,1,1,1,0,0,1,1,0,0,1,1,1,1,1,1
327,countermeasure = 0.0; countermeasure = 0.0; flying_speed <= 38.83; #threats > 26.00; #threats <= 53.00; #threats <= 53.00; countermeasure = 0.0; flying_speed <= 38.83; #threats <= 75.00; 26.00 < #threats <= 53.00; threat_range <= 20104.47; formation = 0.0,11,1,0,1,1,1,1,1,0,1,1,1,1,0,0,1,1,1,0,1,1,1,1,1,1
328,flying_speed <= 27.56; threat_range <= 30458.59; day_time <= 12.00; flying_speed <= 27.56; flying_speed <= 38.83; flying_speed <= 27.56; day_time <= 6.00; formation = 1.0; countermeasure = 1.0,8,0,0,1,1,1,1,0,0,1,1,1,1,0,0,1,0,0,0,1,0,1,1,1,1
329,countermeasure = 0.0; #threats <= 53.00; countermeasure = 0.0; flying_speed <= 15.83; countermeasure = 0.0; flying_speed <= 15.83; countermeasure = 0.0; flying_speed <= 27.56; day_time <= 12.00; flying_speed <= 15.83; weather = 2.0; day_time > 6.00,12,1,1,1,1,1,1,1,1,1,1,1,1,1,1,1,1,1,1,1,1,1,1,1,1
330,threat_range <= 30458.59; day_time <= 6.00; #threats > 26.00; #threats <= 75.00; 10398.43 < threat_range <= 20104.47; day_time <= 12.00; #threats <= 53.00,8,0,0,1,1,1,1,0,0,1,1,1,1,0,0,1,1,0,0,1,1,1,1,1,1
331,countermeasure = 0.0; formation = 1.0; countermeasure = 0.0; weather = 3.0; 53.00 < #threats <= 75.00; #threats <= 75.00; countermeasure = 0.0; 26.00 < #threats <= 75.00; threat_range <= 30458.59; countermeasure = 0.0; formation = 1.0; formation = 1.0; threat_range <= 10398.43; 26.00 < #threats <= 75.00; weather = 3.0; countermeasure = 0.0; flying_speed > 27.56,12,1,1,1,0,1,1,1,0,1,0,1,1,1,0,1,1,1,1,1,1,1,1,1,1
332,flying_speed <= 15.83; countermeasure = 1.0; threat_range <= 10398.43; day_time > 12.00; flying_speed <= 15.83; threat_range <= 30458.59; #threats > 26.00; threat_range <= 10398.43,8,0,0,1,1,1,1,0,0,1,1,1,1,0,0,1,1,0,0,1,1,1,1,1,1
333,#threats <= 75.00; #threats <= 26.00; flying_speed <= 27.56; #threats <= 53.00; #threats <= 53.00; flying_speed <= 27.56; weather = 3.0; #threats <= 53.00,8,0,1,1,1,1,1,0,1,1,1,1,1,0,1,1,1,0,1,1,1,1,1,1,1
334,#threats > 75.00; 6.00 < day_time <= 18.00; formation = 0.0; flying_speed > 27.56; threat_range > 10398.43; formation = 0.0; threat_range > 20104.47; threat_range > 20104.47; day_time > 12.00; threat_range > 30458.59,8,1,0,1,1,1,1,0,0,1,1,1,1,0,0,1,0,0,0,1,0,0,0,1,1
335,threat_range > 20104.47; weather = 3.0; day_time <= 12.00; threat_range > 20104.47; day_time <= 6.00; 26.00 < #threats <= 53.00; day_time <= 6.00,8,0,0,1,1,1,1,0,0,1,1,1,1,0,0,1,1,0,0,1,1,1,1,1,1
336,flying_speed <= 15.83; flying_speed <= 15.83; flying_speed <= 15.83; flying_speed <= 15.83; flying_speed <= 15.83; threat_range > 10398.43; #threats > 26.00; formation = 0.0; weather = 2.0; threat_range > 30458.59,8,0,0,1,1,1,1,0,0,1,1,1,1,0,0,1,1,0,0,1,1,1,1,1,1
337,countermeasure = 0.0; countermeasure = 0.0; flying_speed <= 15.83; threat_range <= 20104.47; flying_speed <= 15.83; #threats <= 53.00; countermeasure = 0.0; flying_speed <= 15.83; day_time <= 6.00; #threats <= 75.00; countermeasure = 0.0; flying_speed <= 15.83; flying_speed <= 15.83; formation = 1.0; flying_speed <= 15.83,12,1,1,1,1,1,1,1,1,1,1,1,1,1,1,1,1,1,1,1,1,1,1,1,1
338,#threats <= 75.00; #threats <= 75.00; formation = 1.0; flying_speed <= 38.83; 26.00 < #threats <= 53.00; 10398.43 < threat_range <= 20104.47; day_time <= 6.00,8,0,1,1,0,1,1,0,0,1,0,1,0,0,0,1,0,0,0,1,0,1,0,1,0
339,countermeasure = 0.0; #threats <= 75.00; countermeasure = 0.0; day_time <= 6.00; 10398.43 < threat_range <= 20104.47; #threats <= 53.00; countermeasure = 0.0; day_time <= 6.00; 10398.43 < threat_range <= 20104.47; #threats <= 75.00; countermeasure = 0.0; threat_range > 10398.43; #threats <= 26.00; day_time <= 6.00; threat_range <= 20104.47; countermeasure = 0.0,12,1,1,1,1,1,1,1,1,1,1,1,1,1,1,1,1,1,1,1,1,1,1,1,1
340,countermeasure = 0.0; #threats <= 75.00; countermeasure = 0.0; flying_speed <= 27.56; day_time > 12.00; #threats <= 53.00; threat_range <= 20104.47; countermeasure = 0.0; flying_speed <= 27.56; threat_range <= 30458.59; #threats > 26.00; #threats <= 53.00; countermeasure = 0.0; threat_range <= 30458.59; threat_range <= 20104.47; 26.00 < #threats <= 53.00; threat_range <= 30458.59; threat_range <= 20104.47,12,1,1,1,1,1,1,1,1,1,1,1,1,1,1,1,1,1,1,1,1,1,1,1,1
341,#threats <= 75.00; #threats <= 75.00; #threats <= 75.00; threat_range <= 30458.59; #threats <= 75.00; threat_range <= 30458.59; day_time <= 6.00; #threats > 26.00; day_time <= 6.00,8,0,0,1,1,1,1,0,0,1,1,1,1,0,0,1,1,0,0,1,1,1,1,1,1
342,countermeasure = 0.0; countermeasure = 0.0; flying_speed <= 27.56; #threats > 26.00; threat_range <= 30458.59; #threats <= 75.00; day_time <= 6.00; countermeasure = 0.0; flying_speed <= 27.56; day_time <= 6.00; flying_speed <= 27.56; countermeasure = 0.0; flying_speed <= 27.56; day_time <= 6.00; threat_range <= 30458.59; #threats <= 75.00; day_time <= 6.00,12,1,1,1,1,1,1,1,1,1,1,1,1,1,1,1,1,1,1,1,1,1,1,1,1
343,countermeasure = 0.0; #threats <= 53.00; countermeasure = 0.0; day_time <= 6.00; flying_speed <= 38.83; day_time <= 6.00; #threats <= 53.00; countermeasure = 0.0; flying_speed <= 38.83; threat_range <= 20104.47; weather = 4.0; countermeasure = 0.0; flying_speed <= 38.83; 10398.43 < threat_range <= 20104.47; countermeasure = 0.0; flying_speed > 27.56,12,1,1,1,1,1,1,1,1,1,1,1,1,1,1,1,1,1,1,1,1,1,1,1,1
344,countermeasure = 0.0; #threats <= 26.00; countermeasure = 0.0; flying_speed <= 38.83; day_time > 6.00; threat_range > 10398.43; #threats <= 75.00; countermeasure = 0.0; flying_speed <= 27.56; day_time <= 12.00; flying_speed <= 27.56; countermeasure = 0.0; flying_speed <= 27.56; #threats <= 26.00; 15.83 < flying_speed <= 27.56; #threats <= 53.00; countermeasure = 0.0; #threats <= 26.00,12,1,1,1,1,1,1,1,1,1,1,1,1,1,1,1,1,1,1,1,1,1,1,1,1
345,#threats > 75.00; flying_speed <= 15.83; weather = 2.0; day_time <= 18.00; threat_range <= 30458.59; flying_speed <= 15.83; day_time <= 6.00; flying_speed <= 15.83; weather = 2.0; day_time <= 6.00; flying_speed <= 15.83,9,1,1,1,1,1,1,0,1,1,1,1,1,0,1,1,1,0,1,1,1,1,1,1,1
346,countermeasure = 0.0; #threats <= 53.00; countermeasure = 0.0; threat_range > 10398.43; day_time <= 6.00; threat_range > 20104.47; countermeasure = 0.0; #threats <= 75.00; day_time <= 6.00; formation = 1.0; threat_range > 10398.43; countermeasure = 0.0; countermeasure = 0.0; day_time <= 6.00; flying_speed > 27.56; day_time <= 6.00; countermeasure = 0.0; #threats <= 75.00; #threats <= 26.00,12,1,1,1,1,1,1,1,1,1,1,1,1,1,1,1,1,1,1,1,1,1,1,1,1
347,countermeasure = 0.0; flying_speed <= 27.56; countermeasure = 0.0; flying_speed <= 27.56; threat_range <= 30458.59; #threats <= 75.00; flying_speed <= 27.56; countermeasure = 0.0; flying_speed <= 27.56; threat_range <= 30458.59; countermeasure = 0.0; countermeasure = 0.0; flying_speed <= 27.56; formation = 0.0; threat_range <= 30458.59; #threats <= 75.00; countermeasure = 0.0; flying_speed <= 27.56; weather = 3.0,12,1,1,1,1,1,1,1,1,1,1,1,1,1,1,1,1,1,1,1,1,1,1,1,1
348,countermeasure = 0.0; flying_speed <= 15.83; countermeasure = 0.0; flying_speed <= 15.83; #threats <= 75.00; flying_speed <= 15.83; countermeasure = 0.0; flying_speed <= 27.56; 10398.43 < threat_range <= 30458.59; countermeasure = 0.0; flying_speed <= 27.56; countermeasure = 0.0; flying_speed <= 15.83; day_time <= 18.00; 10398.43 < threat_range <= 30458.59; flying_speed <= 15.83,12,1,1,1,1,1,1,1,1,1,1,1,1,1,1,1,1,1,1,1,1,1,1,1,1
349,#threats <= 75.00; #threats > 26.00; day_time > 12.00; #threats <= 75.00; 10398.43 < threat_range <= 20104.47; day_time <= 18.00; #threats <= 75.00; day_time > 12.00,8,0,1,1,1,1,1,0,1,1,1,1,1,0,1,1,1,0,1,1,1,1,1,1,1
350,#threats <= 75.00; #threats <= 75.00; #threats <= 75.00; flying_speed > 27.56; threat_range <= 20104.47; 26.00 < #threats <= 75.00; countermeasure = 1.0,8,0,0,1,1,1,1,0,0,1,1,1,1,0,0,1,1,0,0,1,1,1,1,1,1
351,#threats <= 75.00; threat_range > 20104.47; #threats <= 53.00; #threats <= 26.00,6,0,0,1,0,1,1,0,0,1,0,1,0,0,0,1,0,0,0,1,0,0,0,0,0
352,flying_speed <= 15.83; day_time <= 6.00; weather = 3.0; formation = 1.0; #threats <= 53.00; flying_speed <= 15.83; 20104.47 < threat_range <= 30458.59; day_time <= 6.00; #threats <= 53.00; flying_speed <= 15.83; 10398.43 < threat_range <= 30458.59; day_time <= 6.00; formation = 1.0; day_time <= 6.00; flying_speed <= 15.83; 20104.47 < threat_range <= 30458.59; day_time <= 6.00; formation = 1.0; #threats <= 26.00; flying_speed <= 15.83; day_time <= 6.00; #threats <= 75.00; flying_speed <= 15.83,12,1,1,1,1,1,1,1,1,1,1,1,1,1,1,1,1,1,1,1,1,1,1,1,1
353,countermeasure = 0.0; #threats <= 53.00; countermeasure = 0.0; flying_speed <= 38.83; 26.00 < #threats <= 53.00; countermeasure = 0.0; countermeasure = 0.0; flying_speed <= 38.83; 26.00 < #threats <= 53.00; day_time > 6.00; countermeasure = 0.0; flying_speed <= 38.83; 26.00 < #threats <= 53.00; threat_range <= 30458.59; flying_speed > 27.56,12,1,1,1,1,1,1,1,1,1,1,1,1,1,1,1,1,1,1,1,1,1,1,1,1
354,countermeasure = 0.0; flying_speed <= 15.83; countermeasure = 0.0; flying_speed <= 15.83; flying_speed <= 15.83; day_time <= 6.00; countermeasure = 0.0; flying_speed <= 15.83; flying_speed <= 15.83; countermeasure = 0.0; flying_speed <= 27.56; flying_speed <= 27.56; flying_speed <= 15.83; threat_range > 10398.43; #threats <= 75.00; threat_range > 30458.59,12,1,1,1,1,1,1,1,1,1,1,1,1,1,1,1,1,1,1,1,1,1,1,1,1
355,#threats <= 75.00; weather = 4.0; day_time <= 6.00; day_time <= 6.00; 10398.43 < threat_range <= 20104.47; day_time <= 12.00,8,0,0,1,1,1,1,0,0,1,1,1,1,0,0,1,0,0,0,1,0,1,1,1,1
356,#threats <= 75.00; countermeasure = 1.0; weather = 1.0; flying_speed <= 38.83; day_time > 18.00; flying_speed <= 38.83; 53.00 < #threats <= 75.00; 10398.43 < threat_range <= 30458.59; weather = 1.0; formation = 0.0; day_time > 18.00,8,0,0,1,1,1,1,0,0,1,1,1,1,0,0,1,1,0,0,1,1,1,1,1,1
357,countermeasure = 0.0,2,1,1,0,0,1,1,0,0,0,0,0,0,0,0,0,0,0,0,0,0,0,0,0,0
358,#threats <= 75.00; #threats <= 75.00; #threats <= 75.00; #threats <= 53.00; #threats <= 53.00; threat_range <= 20104.47; weather = 3.0; #threats <= 53.00; threat_range > 10398.43,8,0,0,1,1,1,1,0,0,1,1,1,1,0,0,1,0,0,0,1,0,1,1,1,1
359,flying_speed <= 15.83; threat_range > 10398.43; flying_speed <= 15.83; flying_speed <= 15.83; flying_speed <= 15.83; 26.00 < #threats <= 53.00; day_time <= 12.00,8,0,0,1,1,1,1,0,0,1,1,1,1,0,0,1,1,0,0,1,1,1,1,1,1
360,countermeasure = 0.0; weather = 1.0; countermeasure = 0.0; flying_speed <= 15.83; flying_speed <= 15.83; flying_speed <= 15.83; countermeasure = 0.0; flying_speed <= 15.83; day_time <= 12.00; #threats > 26.00; flying_speed <= 38.83; countermeasure = 0.0; flying_speed <= 15.83; flying_speed <= 15.83; flying_speed <= 15.83; weather = 1.0; threat_range > 20104.47,12,1,0,1,1,1,1,1,0,1,1,1,1,1,0,1,1,1,0,1,1,1,1,1,1
361,#threats <= 75.00; weather = 2.0; threat_range > 10398.43; 10398.43 < threat_range <= 20104.47; weather = 2.0; flying_speed > 38.83,8,0,0,1,0,1,1,0,0,1,0,1,0,0,0,1,0,0,0,1,0,1,0,1,1
362,flying_speed <= 15.83; flying_speed <= 15.83; day_time > 18.00; flying_speed <= 15.83; #threats > 75.00; weather = 2.0; day_time > 18.00,8,0,0,1,1,1,1,0,0,1,1,1,1,0,0,1,0,0,0,1,0,1,1,1,1
363,flying_speed <= 27.56; threat_range > 20104.47; threat_range > 10398.43; flying_speed <= 27.56; day_time <= 12.00; threat_range <= 30458.59; #threats > 26.00,8,0,1,1,0,1,1,0,0,1,0,1,0,0,0,1,0,0,0,1,0,1,0,1,1
364,countermeasure = 0.0; flying_speed <= 38.83; countermeasure = 0.0; flying_speed <= 38.83; #threats > 26.00; flying_speed <= 38.83; day_time > 18.00; countermeasure = 0.0; flying_speed <= 38.83; #threats > 26.00; threat_range <= 30458.59; countermeasure = 0.0; day_time > 18.00; flying_speed <= 38.83; countermeasure = 0.0; countermeasure = 0.0; 10398.43 < threat_range <= 30458.59; flying_speed > 27.56; day_time > 18.00; formation = 0.0; #threats > 75.00,12,1,1,1,1,1,1,1,1,1,1,1,1,1,1,1,1,1,1,1,1,1,1,1,1
365,countermeasure = 0.0; countermeasure = 0.0; flying_speed <= 27.56; day_time <= 6.00; threat_range <= 30458.59; countermeasure = 0.0; flying_speed <= 27.56; day_time <= 6.00; countermeasure = 0.0; flying_speed <= 38.83; day_time <= 6.00; 10398.43 < threat_range <= 20104.47; day_time <= 6.00,12,1,1,1,0,1,1,1,0,1,0,1,0,1,0,1,0,1,0,1,0,1,0,1,0
366,countermeasure = 0.0; flying_speed <= 15.83; countermeasure = 0.0; flying_speed <= 15.83; flying_speed <= 15.83; countermeasure = 0.0; countermeasure = 0.0; flying_speed <= 15.83; flying_speed <= 27.56; flying_speed <= 15.83,10,1,1,1,0,1,1,1,0,1,0,1,0,1,0,1,0,0,0,1,0,0,0,1,0
367,countermeasure = 0.0; flying_speed > 15.83; countermeasure = 0.0; flying_speed <= 27.56; day_time > 12.00; flying_speed <= 27.56; threat_range > 20104.47; countermeasure = 0.0; flying_speed <= 27.56; flying_speed <= 38.83; 15.83 < flying_speed <= 27.56; countermeasure = 0.0; weather = 2.0; day_time > 12.00,11,1,0,1,1,1,1,1,0,1,1,1,1,0,0,1,1,1,0,1,1,1,1,1,1
368,countermeasure = 0.0; formation = 1.0; #threats <= 26.00; flying_speed <= 38.83; flying_speed <= 38.83; #threats <= 53.00; day_time <= 6.00; #threats <= 53.00; #threats <= 26.00,9,1,0,1,1,1,1,0,0,1,1,1,1,0,0,1,1,0,0,1,1,1,1,1,1
369,countermeasure = 0.0; day_time > 12.00; countermeasure = 0.0; flying_speed <= 38.83; #threats > 26.00; threat_range <= 20104.47; countermeasure = 0.0; flying_speed <= 38.83; threat_range <= 20104.47; countermeasure = 0.0; flying_speed <= 38.83; threat_range <= 20104.47; countermeasure = 0.0; weather = 3.0; day_time <= 18.00; #threats > 75.00,12,1,0,1,0,1,1,1,0,1,0,1,0,1,0,1,0,1,0,1,0,1,0,1,0
370,countermeasure = 0.0; weather = 2.0; countermeasure = 0.0; flying_speed <= 38.83; #threats > 26.00; weather = 2.0; countermeasure = 0.0; flying_speed <= 38.83; #threats <= 75.00; day_time > 12.00; countermeasure = 0.0; flying_speed <= 38.83; #threats > 53.00; threat_range <= 20104.47; threat_range <= 20104.47; 26.00 < #threats <= 75.00; countermeasure = 0.0; threat_range <= 10398.43,12,1,1,1,1,1,1,1,1,1,1,1,1,1,1,1,1,1,1,1,1,1,1,1,1
371,#threats <= 53.00; #threats <= 53.00; flying_speed <= 27.56; #threats <= 53.00; threat_range <= 20104.47; day_time <= 6.00; threat_range <= 10398.43,8,0,0,1,1,1,1,0,0,1,1,1,1,0,0,1,1,0,0,1,1,1,1,1,1
372,countermeasure = 0.0; #threats <= 53.00; countermeasure = 0.0; day_time <= 6.00; 10398.43 < threat_range <= 30458.59; #threats <= 26.00; countermeasure = 0.0; day_time <= 6.00; formation = 1.0; threat_range <= 30458.59; countermeasure = 0.0; countermeasure = 0.0; day_time <= 6.00; countermeasure = 0.0; threat_range <= 30458.59; #threats <= 53.00,12,1,1,1,1,1,1,1,1,1,1,1,1,1,1,1,1,1,1,1,1,1,1,1,1
373,countermeasure = 0.0; formation = 1.0; countermeasure = 0.0; flying_speed <= 15.83; flying_speed <= 15.83; day_time <= 12.00; countermeasure = 0.0; day_time <= 6.00; flying_speed <= 15.83; flying_speed <= 27.56; countermeasure = 0.0; flying_speed <= 15.83; flying_speed <= 15.83; flying_speed <= 15.83; weather = 2.0; day_time <= 6.00,12,1,1,1,1,1,1,1,1,1,1,1,1,1,1,1,1,1,1,1,1,1,1,1,1
374,flying_speed <= 27.56; flying_speed <= 27.56; flying_speed <= 27.56; formation = 1.0; day_time <= 6.00; 10398.43 < threat_range <= 30458.59; #threats > 75.00,7,0,0,1,0,1,1,0,0,1,0,1,0,0,0,1,0,0,0,1,0,1,0,0,0
375,countermeasure = 0.0; #threats <= 75.00; countermeasure = 0.0; flying_speed <= 38.83; #threats > 26.00; day_time <= 6.00; #threats <= 75.00; countermeasure = 0.0; threat_range <= 30458.59; flying_speed <= 38.83; #threats <= 75.00; countermeasure = 0.0; flying_speed <= 38.83; #threats <= 75.00; countermeasure = 0.0; day_time <= 12.00; #threats <= 75.00; threat_range <= 20104.47; countermeasure = 0.0,12,1,1,1,1,1,1,1,1,1,1,1,1,1,1,1,1,1,1,1,1,1,1,1,1
376,#threats > 75.00; formation = 1.0; flying_speed > 15.83; threat_range > 30458.59; #threats > 75.00; threat_range > 30458.59; day_time > 6.00; formation = 1.0; day_time > 12.00; flying_speed > 38.83,6,1,0,0,0,1,1,0,0,0,0,0,0,0,0,1,0,1,0,1,0,0,0,1,1
377,#threats > 75.00; flying_speed <= 27.56; threat_range <= 10398.43; weather = 3.0; day_time > 6.00; formation = 1.0; flying_speed <= 38.83; flying_speed <= 38.83; day_time > 18.00; #threats > 75.00; flying_speed <= 27.56; formation = 1.0; weather = 3.0; threat_range <= 20104.47; flying_speed <= 27.56; threat_range <= 10398.43; 15.83 < flying_speed <= 27.56; formation = 1.0; flying_speed <= 27.56,10,1,1,1,0,1,1,0,0,1,0,1,1,0,0,1,1,1,1,1,1,1,1,1,1
378,countermeasure = 0.0; threat_range > 20104.47; countermeasure = 0.0; #threats > 26.00; weather = 4.0; day_time <= 18.00; 10398.43 < threat_range <= 30458.59; formation = 1.0; countermeasure = 0.0; 20104.47 < threat_range <= 30458.59; #threats > 26.00; day_time > 12.00; countermeasure = 0.0; 10398.43 < threat_range <= 30458.59; threat_range > 10398.43; countermeasure = 0.0; 20104.47 < threat_range <= 30458.59; formation = 1.0; weather = 4.0; 12.00 < day_time <= 18.00; day_time > 12.00,12,1,1,1,1,1,1,1,1,1,1,1,1,1,1,1,1,1,1,1,1,1,1,1,1
379,threat_range > 20104.47; day_time > 18.00; flying_speed <= 38.83; flying_speed <= 38.83; weather = 3.0; day_time > 18.00; threat_range > 30458.59; #threats > 75.00; countermeasure = 1.0; day_time > 18.00,8,0,1,1,1,1,1,0,1,1,1,1,1,0,1,1,1,0,1,1,1,1,1,1,1
380,countermeasure = 0.0; flying_speed <= 27.56; countermeasure = 0.0; flying_speed <= 15.83; flying_speed <= 38.83; countermeasure = 0.0; flying_speed <= 27.56; formation = 1.0; countermeasure = 0.0; flying_speed <= 27.56; flying_speed <= 15.83; flying_speed <= 15.83; threat_range > 30458.59; day_time > 12.00; flying_speed <= 15.83,12,1,0,1,1,1,1,1,0,1,1,1,1,1,0,1,1,1,0,1,1,1,1,1,1
381,countermeasure = 0.0; flying_speed <= 27.56; countermeasure = 0.0; flying_speed <= 27.56; day_time <= 6.00; threat_range > 10398.43; flying_speed <= 38.83; countermeasure = 0.0; flying_speed <= 27.56; #threats <= 75.00; countermeasure = 0.0; flying_speed <= 27.56; flying_speed <= 27.56; countermeasure = 0.0; #threats <= 53.00; day_time <= 6.00; flying_speed <= 38.83; #threats <= 75.00,12,1,1,1,1,1,1,1,1,1,1,1,1,1,1,1,1,1,1,1,1,1,1,1,1
382,#threats <= 75.00; #threats <= 75.00; #threats <= 53.00; day_time <= 6.00; day_time <= 6.00; #threats <= 53.00; day_time <= 6.00,8,0,0,1,1,1,1,0,0,1,1,1,1,0,0,1,1,0,0,1,1,1,1,1,1
383,#threats <= 53.00; #threats <= 26.00; weather = 4.0; threat_range > 10398.43; flying_speed > 38.83; day_time > 12.00; #threats <= 53.00; weather = 4.0; #threats <= 53.00,8,0,0,1,0,1,1,0,0,1,0,1,0,0,0,1,0,0,0,1,0,1,0,1,0
384,countermeasure = 0.0; countermeasure = 0.0; flying_speed <= 38.83; 26.00 < #threats <= 75.00; #threats <= 75.00; countermeasure = 0.0; flying_speed <= 38.83; 26.00 < #threats <= 75.00; #threats <= 75.00; countermeasure = 0.0; flying_speed <= 38.83; flying_speed <= 38.83; countermeasure = 0.0; #threats <= 75.00; day_time <= 12.00; weather = 4.0; formation = 1.0; day_time <= 12.00,12,1,1,1,1,1,1,1,1,1,1,1,1,1,1,1,1,1,1,1,1,1,1,1,1
385,countermeasure = 0.0; day_time <= 6.00; countermeasure = 0.0; flying_speed <= 27.56; weather = 3.0; #threats <= 75.00; countermeasure = 0.0; flying_speed <= 27.56; threat_range <= 30458.59; flying_speed <= 27.56; countermeasure = 0.0; flying_speed <= 27.56; #threats <= 75.00; day_time <= 6.00; threat_range <= 20104.47; countermeasure = 0.0; formation = 0.0,12,1,1,1,1,1,1,1,1,1,1,1,1,1,1,1,1,1,1,1,1,1,1,1,1
386,countermeasure = 0.0; #threats <= 75.00; countermeasure = 0.0; 10398.43 < threat_range <= 20104.47; #threats > 26.00; #threats <= 75.00; weather = 4.0; countermeasure = 0.0; 10398.43 < threat_range <= 30458.59; #threats > 26.00; threat_range > 10398.43; countermeasure = 0.0; threat_range <= 20104.47; day_time > 18.00; flying_speed > 38.83; day_time > 18.00; threat_range <= 30458.59; day_time > 18.00,12,1,0,1,1,1,1,1,0,1,1,1,1,1,0,1,1,1,0,1,1,1,1,1,1
387,#threats <= 75.00; #threats <= 75.00; flying_speed <= 38.83; flying_speed <= 38.83; day_time > 18.00,7,0,0,1,0,1,1,0,0,1,0,1,0,0,0,1,0,0,0,1,0,0,0,1,1
388,day_time <= 6.00; threat_range > 20104.47; day_time <= 6.00; weather = 2.0; flying_speed <= 38.83; formation = 1.0; #threats > 75.00,8,0,0,1,1,1,1,0,0,1,1,1,1,0,0,1,1,0,0,1,1,1,1,1,1
389,countermeasure = 0.0; countermeasure = 0.0; flying_speed <= 38.83; #threats > 26.00; #threats <= 75.00; countermeasure = 0.0; flying_speed <= 38.83; threat_range > 10398.43; 26.00 < #threats <= 53.00; countermeasure = 0.0; flying_speed <= 38.83; weather = 1.0,10,1,0,1,1,1,1,1,0,1,1,1,1,1,0,1,0,1,0,1,0,0,0,0,0
390,countermeasure = 0.0; day_time <= 6.00; countermeasure = 0.0; flying_speed <= 27.56; countermeasure = 0.0; countermeasure = 0.0; flying_speed <= 27.56; day_time <= 6.00; countermeasure = 0.0; countermeasure = 0.0; flying_speed <= 27.56; weather = 2.0; day_time <= 6.00; threat_range <= 20104.47; #threats <= 75.00; day_time <= 6.00,12,1,0,1,1,1,1,1,0,1,1,1,1,1,0,1,1,1,0,1,1,1,1,1,1
391,countermeasure = 0.0; #threats <= 53.00; countermeasure = 0.0; day_time <= 12.00; 26.00 < #threats <= 75.00; #threats <= 75.00; #threats <= 75.00; countermeasure = 0.0; threat_range <= 30458.59; 26.00 < #threats <= 75.00; weather = 1.0; countermeasure = 0.0; countermeasure = 0.0; threat_range <= 20104.47; 26.00 < #threats <= 53.00,11,1,0,1,0,1,1,1,0,1,0,1,0,1,0,1,0,1,0,1,0,1,0,0,0
392,#threats > 75.00; flying_speed <= 15.83; threat_range > 30458.59; day_time <= 18.00; flying_speed <= 15.83; flying_speed <= 15.83; day_time > 12.00; #threats > 75.00; threat_range > 20104.47; flying_speed <= 27.56; flying_speed <= 15.83; #threats > 75.00; formation = 1.0; day_time > 12.00; threat_range > 10398.43; #threats > 26.00; #threats > 75.00; flying_speed <= 15.83; formation = 1.0; day_time <= 18.00; threat_range > 10398.43; weather = 4.0; threat_range > 10398.43; flying_speed <= 15.83; threat_range > 10398.43; day_time <= 18.00; threat_range > 30458.59,12,1,1,1,1,1,1,1,1,1,1,1,1,1,1,1,1,1,1,1,1,1,1,1,1
393,flying_speed <= 27.56; threat_range <= 10398.43; day_time > 6.00; formation = 1.0; weather = 4.0; #threats <= 75.00; #threats <= 53.00; #threats <= 75.00; threat_range <= 10398.43; day_time > 18.00,8,1,0,1,0,1,1,0,0,1,0,1,0,0,0,1,0,0,0,1,0,0,0,1,0
394,#threats > 75.00; flying_speed <= 15.83; 6.00 < day_time <= 12.00; formation = 1.0; threat_range > 10398.43; weather = 4.0; day_time <= 12.00; threat_range > 20104.47; flying_speed <= 15.83; #threats > 75.00; threat_range > 10398.43; formation = 1.0; day_time <= 12.00; flying_speed <= 15.83; flying_speed <= 38.83,9,1,0,1,0,1,1,0,0,1,0,1,0,0,0,1,0,1,0,1,0,0,0,1,0
395,weather = 3.0; day_time <= 6.00; day_time <= 6.00; 10398.43 < threat_range <= 20104.47; #threats > 26.00; threat_range <= 30458.59,8,0,0,1,1,1,1,0,0,1,1,1,1,0,0,1,1,0,0,1,1,1,1,1,1
396,countermeasure = 0.0; #threats <= 53.00; countermeasure = 0.0; flying_speed <= 38.83; day_time <= 6.00; flying_speed <= 27.56; flying_speed <= 38.83; countermeasure = 0.0; flying_speed <= 27.56; day_time <= 6.00; countermeasure = 0.0; countermeasure = 0.0; #threats <= 53.00,10,1,1,1,0,1,1,1,0,1,0,1,0,1,0,1,0,1,0,1,0,0,0,0,0
397,#threats <= 75.00; #threats <= 75.00; threat_range > 10398.43; flying_speed <= 38.83; #threats <= 53.00; weather = 4.0; day_time > 6.00; flying_speed > 15.83; flying_speed <= 27.56,8,0,0,1,1,1,1,0,0,1,1,1,1,0,0,1,0,0,0,1,0,1,1,1,1
398,countermeasure = 0.0; #threats <= 53.00; countermeasure = 0.0; 10398.43 < threat_range <= 30458.59; weather = 4.0; #threats <= 75.00; formation = 0.0; countermeasure = 0.0; 10398.43 < threat_range <= 20104.47; day_time <= 12.00; #threats <= 26.00; #threats <= 26.00; weather = 4.0; flying_speed > 15.83; formation = 0.0; threat_range <= 20104.47,11,1,0,1,1,1,1,1,0,1,1,1,1,1,0,1,0,0,0,1,0,1,0,1,0
399,#threats > 75.00; weather = 2.0; threat_range > 10398.43; day_time <= 12.00; flying_speed > 15.83; day_time <= 6.00; day_time <= 6.00; weather = 2.0; day_time <= 6.00; #threats > 75.00; threat_range > 10398.43; #threats > 75.00; day_time <= 6.00; formation = 1.0; threat_range > 10398.43; weather = 2.0; day_time <= 6.00; formation = 1.0; flying_speed > 38.83; #threats > 26.00; threat_range > 10398.43; countermeasure = 1.0; flying_speed > 38.83,11,1,1,1,1,1,1,0,1,1,1,1,1,1,1,1,1,1,1,1,1,1,1,1,1
400,countermeasure = 0.0; #threats <= 26.00; countermeasure = 0.0; flying_speed <= 38.83; #threats <= 75.00; formation = 0.0; threat_range > 10398.43; #threats <= 26.00; #threats <= 75.00; countermeasure = 0.0; flying_speed <= 38.83; day_time > 12.00; 10398.43 < threat_range <= 30458.59; countermeasure = 0.0; flying_speed <= 38.83; #threats <= 53.00; countermeasure = 0.0; #threats <= 53.00; threat_range <= 30458.59; threat_range <= 20104.47,12,1,0,1,1,1,1,1,0,1,1,1,1,1,0,1,1,1,0,1,1,1,1,1,1
401,#threats > 53.00; formation = 0.0; 10398.43 < threat_range <= 20104.47; day_time <= 6.00; flying_speed > 38.83; weather = 4.0; #threats <= 75.00; #threats <= 75.00; threat_range <= 30458.59; #threats <= 75.00; day_time <= 12.00; threat_range <= 20104.47; day_time <= 6.00; #threats <= 75.00; threat_range > 10398.43,9,1,1,1,0,1,1,0,0,1,0,1,0,0,0,1,0,0,0,1,0,1,0,1,0
402,#threats <= 53.00; countermeasure = 1.0; #threats <= 53.00; #threats <= 75.00; day_time > 12.00; 26.00 < #threats <= 53.00; 10398.43 < threat_range <= 30458.59; threat_range > 10398.43,8,0,0,1,0,1,1,0,0,1,0,1,0,0,0,1,0,0,0,1,0,1,0,1,0
403,countermeasure = 0.0; countermeasure = 0.0; flying_speed <= 38.83; day_time > 12.00; #threats <= 75.00; countermeasure = 0.0; flying_speed <= 27.56; threat_range <= 30458.59; #threats > 26.00; countermeasure = 0.0; countermeasure = 0.0; flying_speed <= 27.56; flying_speed <= 27.56; countermeasure = 0.0; 10398.43 < threat_range <= 30458.59; day_time > 18.00,12,1,1,1,1,1,1,1,1,1,1,1,1,1,1,1,1,1,1,1,1,1,1,1,1
404,flying_speed <= 38.83; flying_speed <= 15.83; weather = 3.0; threat_range > 20104.47; #threats <= 75.00; flying_speed <= 15.83,7,0,0,1,0,1,1,0,0,1,0,1,0,0,0,1,0,0,0,1,0,0,0,1,0
405,#threats > 75.00; day_time <= 6.00; weather = 3.0; flying_speed > 15.83; day_time <= 6.00; threat_range > 10398.43; #threats > 26.00; day_time <= 6.00; weather = 3.0; flying_speed > 27.56; #threats > 75.00; countermeasure = 1.0; formation = 1.0; formation = 1.0,9,1,1,1,1,1,1,0,1,1,1,1,1,0,1,1,1,0,1,1,1,1,1,1,1
406,countermeasure = 0.0; threat_range > 10398.43; countermeasure = 0.0; flying_speed <= 27.56; #threats > 26.00; #threats <= 53.00; day_time > 18.00; countermeasure = 0.0; flying_speed <= 27.56; threat_range <= 20104.47; day_time > 18.00; countermeasure = 0.0; flying_speed <= 27.56; countermeasure = 0.0; threat_range <= 20104.47; countermeasure = 0.0; flying_speed <= 27.56; countermeasure = 0.0,12,1,1,1,1,1,1,1,1,1,1,1,1,1,1,1,1,1,1,1,1,1,1,1,1
407,countermeasure = 0.0; countermeasure = 0.0; #threats > 26.00; 10398.43 < threat_range <= 30458.59; day_time > 6.00; threat_range > 10398.43; flying_speed > 38.83; countermeasure = 0.0; #threats > 53.00; threat_range > 10398.43; day_time <= 12.00; formation = 0.0; countermeasure = 0.0; countermeasure = 0.0; 10398.43 < threat_range <= 30458.59; countermeasure = 0.0; day_time <= 12.00; #threats > 26.00; flying_speed > 27.56; weather = 4.0; #threats > 75.00,12,1,1,1,0,1,1,1,0,1,0,1,1,1,0,1,1,1,1,1,1,1,1,1,1
408,countermeasure = 0.0; flying_speed <= 15.83; countermeasure = 0.0; flying_speed <= 15.83; flying_speed <= 15.83; countermeasure = 0.0; flying_speed <= 15.83; day_time > 12.00; flying_speed <= 27.56; countermeasure = 0.0; weather = 1.0; flying_speed <= 15.83; flying_speed <= 15.83; countermeasure = 0.0; threat_range > 10398.43; flying_speed <= 15.83,12,1,1,1,1,1,1,1,1,1,1,1,1,1,1,1,1,1,1,1,1,1,1,1,1
409,#threats > 75.00; threat_range <= 20104.47; flying_speed <= 38.83; day_time <= 6.00; day_time <= 6.00; formation = 0.0; flying_speed <= 38.83; day_time <= 18.00; day_time <= 6.00,8,1,0,1,1,1,1,0,0,1,1,1,1,0,0,1,0,0,0,1,0,0,0,1,1
410,#threats <= 75.00; day_time > 18.00; threat_range <= 30458.59; #threats > 53.00,7,0,1,1,0,1,1,0,0,1,0,1,0,0,0,1,0,0,0,1,0,0,0,1,0
411,countermeasure = 0.0; #threats <= 53.00; countermeasure = 0.0; flying_speed <= 15.83; threat_range <= 20104.47; countermeasure = 0.0; flying_speed <= 15.83; threat_range <= 20104.47; countermeasure = 0.0; flying_speed <= 15.83; flying_speed <= 15.83; flying_speed <= 15.83; day_time > 18.00,12,1,1,1,1,1,1,1,1,1,1,1,1,1,1,1,1,1,1,1,1,1,1,1,1
412,#threats <= 53.00; weather = 3.0; threat_range <= 20104.47; threat_range <= 20104.47; #threats <= 53.00; #threats <= 53.00,8,0,1,1,1,1,1,0,1,1,1,1,1,0,1,1,1,0,1,1,1,1,1,1,1
413,#threats > 75.00; 15.83 < flying_speed <= 38.83; day_time > 12.00; threat_range <= 30458.59; flying_speed <= 27.56; countermeasure = 1.0; formation = 1.0; threat_range <= 20104.47; formation = 1.0; 15.83 < flying_speed <= 27.56; #threats > 26.00; day_time > 12.00; countermeasure = 1.0; day_time > 18.00,9,1,1,1,1,1,1,0,1,1,1,1,1,0,1,1,1,0,1,1,1,1,1,1,1
414,countermeasure = 0.0; day_time <= 6.00; countermeasure = 0.0; flying_speed <= 27.56; day_time <= 6.00; countermeasure = 0.0; countermeasure = 0.0; flying_speed <= 27.56; threat_range <= 30458.59; day_time <= 6.00; countermeasure = 0.0; flying_speed <= 27.56; threat_range > 10398.43; countermeasure = 0.0; day_time <= 6.00; threat_range <= 30458.59; day_time <= 6.00,12,1,1,1,0,1,1,1,0,1,0,1,0,1,0,1,0,1,0,1,0,1,0,1,0
415,#threats > 75.00; day_time > 12.00; flying_speed <= 27.56; threat_range <= 30458.59; threat_range > 20104.47; threat_range <= 30458.59; #threats > 75.00; flying_speed <= 27.56; formation = 1.0; 10398.43 < threat_range <= 30458.59; weather = 3.0; day_time <= 18.00; threat_range <= 30458.59; flying_speed <= 27.56; formation = 1.0; 12.00 < day_time <= 18.00; threat_range <= 30458.59,10,1,0,1,1,1,1,0,0,1,1,1,1,0,0,1,1,1,0,1,1,1,1,1,1
416,#threats > 26.00; #threats <= 75.00; #threats <= 75.00; flying_speed <= 38.83; formation = 1.0; threat_range <= 20104.47; day_time <= 12.00; weather = 3.0; #threats > 26.00; threat_range <= 10398.43,8,0,0,1,1,1,1,0,0,1,1,1,1,0,0,1,1,0,0,1,1,1,1,1,1
417,countermeasure = 0.0; countermeasure = 0.0; flying_speed <= 27.56; threat_range <= 30458.59; formation = 0.0; countermeasure = 0.0; flying_speed <= 38.83; #threats > 26.00; threat_range > 10398.43; countermeasure = 0.0; flying_speed <= 27.56; flying_speed <= 27.56; 10398.43 < threat_range <= 30458.59; day_time <= 18.00; countermeasure = 0.0; flying_speed <= 27.56; countermeasure = 0.0,12,1,1,1,1,1,1,1,1,1,1,1,1,1,1,1,1,1,1,1,1,1,1,1,1
418,#threats <= 75.00; flying_speed <= 15.83; day_time > 12.00; flying_speed <= 15.83; flying_speed <= 38.83; flying_speed <= 15.83; day_time > 18.00; threat_range > 30458.59; flying_speed <= 15.83,8,0,1,1,1,1,1,0,1,1,1,1,1,0,1,1,1,0,1,1,1,1,1,1,1
419,countermeasure = 0.0; threat_range > 30458.59; weather = 1.0; countermeasure = 0.0; 26.00 < #threats <= 53.00; threat_range > 20104.47; countermeasure = 0.0; weather = 1.0; #threats <= 75.00; day_time > 6.00,9,1,1,1,0,1,1,0,0,1,0,1,0,1,0,1,0,1,0,1,0,0,0,0,0
420,countermeasure = 0.0; formation = 0.0; countermeasure = 0.0; countermeasure = 0.0; weather = 1.0,7,1,1,1,0,1,1,0,0,1,0,1,0,0,0,1,0,0,0,1,0,0,0,0,0
421,#threats > 75.00; day_time > 12.00; 15.83 < flying_speed <= 38.83; threat_range > 30458.59; flying_speed <= 38.83; formation = 1.0; threat_range > 30458.59; threat_range > 20104.47; day_time > 18.00; formation = 1.0; weather = 3.0; flying_speed <= 38.83; threat_range > 30458.59; #threats > 53.00,8,1,1,1,0,1,1,0,0,0,0,1,1,0,0,1,1,0,1,1,1,1,1,1,1
422,#threats <= 53.00; #threats <= 75.00; #threats <= 53.00; weather = 2.0; 10398.43 < threat_range <= 20104.47; day_time <= 12.00; #threats <= 26.00,8,0,0,1,1,1,1,0,0,1,1,1,1,0,0,1,1,0,0,1,1,1,1,1,1
423,countermeasure = 0.0; flying_speed <= 27.56; countermeasure = 0.0; flying_speed <= 27.56; #threats > 26.00; threat_range > 10398.43; weather = 3.0; flying_speed <= 27.56; #threats > 75.00; day_time > 18.00; countermeasure = 0.0; flying_speed <= 27.56; day_time > 6.00; threat_range > 20104.47; formation = 1.0; flying_speed <= 27.56; countermeasure = 0.0; day_time > 18.00,11,1,1,1,0,1,1,1,0,1,0,1,1,0,0,1,1,1,1,1,1,1,1,1,1
424,countermeasure = 0.0; #threats <= 26.00; countermeasure = 0.0; threat_range > 20104.47; #threats <= 75.00; day_time <= 18.00; threat_range > 30458.59; #threats <= 75.00; #threats <= 26.00; #threats <= 26.00; countermeasure = 0.0; #threats <= 53.00; threat_range > 10398.43; weather = 4.0; flying_speed > 38.83; formation = 0.0,10,1,1,1,1,1,1,1,1,1,1,1,1,0,1,1,1,0,1,1,1,1,1,1,1
425,day_time <= 6.00; #threats <= 75.00; #threats <= 75.00; formation = 0.0; 10398.43 < threat_range <= 30458.59; day_time <= 6.00; formation = 0.0,8,0,1,1,1,1,1,0,1,1,1,1,1,0,1,1,1,0,1,1,1,1,1,1,1
426,countermeasure = 0.0; countermeasure = 0.0; flying_speed <= 38.83; #threats > 26.00; flying_speed <= 38.83; countermeasure = 0.0; flying_speed <= 38.83; day_time <= 6.00; #threats > 53.00; #threats <= 75.00; countermeasure = 0.0; flying_speed <= 38.83; formation = 0.0; threat_range <= 20104.47; day_time <= 6.00; formation = 0.0; threat_range <= 10398.43,12,1,1,1,1,1,1,1,1,1,1,1,1,1,1,1,1,1,1,1,1,1,1,1,1
427,countermeasure = 0.0; #threats <= 53.00; countermeasure = 0.0; flying_speed <= 27.56; formation = 1.0; #threats <= 75.00; threat_range > 20104.47; countermeasure = 0.0; flying_speed <= 27.56; threat_range <= 30458.59; #threats <= 75.00; countermeasure = 0.0; flying_speed <= 27.56; countermeasure = 0.0; #threats <= 53.00; weather = 4.0; day_time > 18.00,12,1,1,1,1,1,1,1,1,1,1,1,1,1,1,1,1,1,1,1,1,1,1,1,1
428,countermeasure = 0.0; countermeasure = 0.0; flying_speed <= 15.83; #threats <= 75.00; countermeasure = 0.0; flying_speed <= 27.56; threat_range <= 20104.47; flying_speed <= 15.83; countermeasure = 0.0; flying_speed <= 15.83; flying_speed <= 15.83; flying_speed <= 15.83; 26.00 < #threats <= 75.00; countermeasure = 0.0,12,1,1,1,1,1,1,1,1,1,1,1,1,1,1,1,1,1,1,1,1,1,1,1,1
429,#threats > 75.00; weather = 2.0; day_time <= 6.00; threat_range > 10398.43; threat_range > 10398.43; day_time <= 6.00; formation = 1.0; threat_range > 30458.59,7,1,1,1,0,1,1,0,0,1,0,1,0,0,0,1,0,0,0,0,0,0,0,1,0
430,#threats <= 75.00; #threats <= 75.00; formation = 0.0; day_time > 12.00; #threats <= 75.00; threat_range > 30458.59,7,0,1,1,0,1,1,0,0,1,0,1,0,0,0,1,0,0,0,1,0,0,0,1,0
431,flying_speed <= 15.83; flying_speed <= 15.83; flying_speed <= 15.83; threat_range <= 30458.59,6,0,0,1,0,1,1,0,0,1,0,1,0,0,0,1,0,0,0,1,0,0,0,0,0
432,countermeasure = 0.0; weather = 2.0; countermeasure = 0.0; 10398.43 < threat_range <= 30458.59; #threats > 26.00; day_time <= 6.00; day_time <= 6.00; countermeasure = 0.0; day_time <= 6.00; #threats > 26.00; threat_range <= 30458.59; countermeasure = 0.0; day_time <= 6.00; day_time <= 6.00; 10398.43 < threat_range <= 30458.59; day_time <= 6.00,12,1,1,1,1,1,1,1,1,1,1,1,1,1,1,1,1,1,1,1,1,1,1,1,1
433,countermeasure = 0.0; countermeasure = 0.0; flying_speed <= 27.56; 10398.43 < threat_range <= 20104.47; weather = 1.0; countermeasure = 0.0; flying_speed <= 27.56; flying_speed <= 27.56; countermeasure = 0.0; flying_speed <= 27.56; day_time > 6.00,10,1,1,1,0,1,1,1,0,1,0,1,0,1,0,1,0,1,0,1,0,0,0,0,0
434,countermeasure = 0.0; flying_speed <= 27.56; countermeasure = 0.0; flying_speed <= 27.56; #threats > 26.00; threat_range > 10398.43; #threats <= 53.00; countermeasure = 0.0; flying_speed <= 27.56; threat_range <= 30458.59; countermeasure = 0.0; threat_range > 20104.47; flying_speed <= 27.56; flying_speed <= 27.56; countermeasure = 0.0; weather = 2.0; flying_speed <= 27.56,12,1,1,1,0,1,1,1,0,1,0,1,1,1,0,1,1,1,1,1,1,1,1,1,1
435,#threats > 75.00; day_time > 6.00; threat_range <= 30458.59; 15.83 < flying_speed <= 27.56; day_time > 18.00; day_time > 18.00; formation = 1.0; flying_speed <= 27.56; #threats > 75.00; #threats > 75.00,5,1,1,0,0,1,1,0,0,0,0,0,0,0,0,1,0,0,0,0,0,1,1,1,1
436,countermeasure = 0.0; countermeasure = 0.0; countermeasure = 0.0; flying_speed <= 38.83; threat_range > 10398.43; countermeasure = 0.0; weather = 4.0; countermeasure = 0.0; 20104.47 < threat_range <= 30458.59; formation = 0.0; countermeasure = 0.0; flying_speed <= 38.83; countermeasure = 0.0; 10398.43 < threat_range <= 30458.59; countermeasure = 0.0; flying_speed <= 38.83; day_time <= 18.00; weather = 4.0; countermeasure = 0.0,12,1,1,1,1,1,1,1,1,1,1,1,1,1,1,1,1,1,1,1,1,1,1,1,1
437,countermeasure = 0.0; countermeasure = 0.0; flying_speed <= 27.56; day_time <= 6.00; #threats <= 53.00; flying_speed <= 15.83; countermeasure = 0.0; flying_speed <= 15.83; day_time <= 6.00; flying_speed <= 27.56; countermeasure = 0.0; flying_speed <= 27.56; flying_speed <= 15.83; flying_speed <= 15.83; day_time <= 6.00; formation = 0.0; threat_range > 20104.47,12,1,1,1,1,1,1,1,1,1,1,1,1,1,1,1,1,1,1,1,1,1,1,1,1
438,#threats <= 75.00; threat_range > 30458.59; day_time > 6.00; threat_range > 30458.59,7,0,0,1,0,1,1,0,0,1,0,1,0,0,0,1,0,0,0,1,0,0,0,1,0
439,countermeasure = 0.0; #threats <= 75.00; flying_speed > 27.56; #threats <= 53.00; countermeasure = 0.0; day_time <= 6.00; countermeasure = 0.0,7,1,1,1,0,1,1,0,0,1,0,1,0,0,0,0,0,0,0,0,0,1,1,1,1
440,formation = 0.0; #threats <= 75.00; #threats <= 75.00; flying_speed <= 38.83; #threats <= 53.00; 26.00 < #threats <= 53.00; day_time > 18.00; threat_range > 20104.47,8,0,1,1,0,1,1,0,0,1,0,1,0,0,0,1,0,0,0,1,0,1,1,1,1
441,countermeasure = 0.0; flying_speed <= 15.83; countermeasure = 0.0; flying_speed <= 15.83; flying_speed <= 15.83; countermeasure = 0.0; flying_speed <= 15.83; flying_speed <= 15.83; countermeasure = 0.0; flying_speed <= 38.83; flying_speed <= 15.83; day_time <= 6.00; weather = 1.0; day_time <= 6.00,12,1,1,1,1,1,1,1,1,1,1,1,1,1,1,1,1,1,1,1,1,1,1,1,1
442,#threats <= 75.00; #threats <= 75.00; #threats <= 53.00; flying_speed <= 38.83; #threats <= 75.00; #threats <= 53.00; threat_range > 10398.43; 15.83 < flying_speed <= 27.56; weather = 1.0,8,0,0,1,1,1,1,0,0,1,1,1,1,0,0,1,1,0,0,1,1,1,1,1,1
443,flying_speed <= 15.83; #threats <= 53.00; #threats <= 75.00; flying_speed <= 15.83; flying_speed <= 15.83; threat_range <= 30458.59; #threats > 26.00; flying_speed <= 15.83,8,0,0,1,1,1,1,0,0,1,1,1,1,0,0,1,1,0,0,1,1,1,1,1,1
444,#threats > 53.00; flying_speed > 38.83; 10398.43 < threat_range <= 20104.47; 6.00 < day_time <= 18.00; formation = 0.0; #threats <= 75.00; #threats <= 75.00; #threats <= 75.00; threat_range > 10398.43; 10398.43 < threat_range <= 20104.47; 26.00 < #threats <= 75.00; flying_speed > 38.83,9,1,1,1,1,1,1,0,1,1,1,1,1,0,1,1,1,0,1,1,1,1,1,1,1
445,countermeasure = 0.0; formation = 1.0; countermeasure = 0.0; flying_speed <= 38.83; #threats > 26.00; threat_range > 30458.59; flying_speed <= 27.56; countermeasure = 0.0; flying_speed <= 27.56; day_time > 18.00; day_time > 18.00; countermeasure = 0.0; flying_speed <= 27.56; flying_speed <= 38.83; #threats <= 53.00; countermeasure = 0.0; day_time > 18.00,12,1,1,1,1,1,1,1,1,1,1,1,1,1,1,1,1,1,1,1,1,1,1,1,1
446,flying_speed <= 15.83; flying_speed <= 15.83; flying_speed <= 15.83; flying_speed <= 15.83; weather = 3.0; flying_speed <= 15.83,8,0,0,1,0,1,1,0,0,1,0,1,0,0,0,1,0,0,0,1,0,1,1,1,1
447,flying_speed <= 27.56; #threats <= 75.00; weather = 1.0; 26.00 < #threats <= 53.00; threat_range <= 30458.59; weather = 1.0; flying_speed <= 27.56,8,0,0,1,1,1,1,0,0,1,1,1,1,0,0,1,1,0,0,1,1,1,1,1,1
448,countermeasure = 0.0; threat_range > 10398.43; countermeasure = 0.0; weather = 3.0; #threats > 26.00; weather = 3.0; countermeasure = 0.0; #threats > 26.00; threat_range > 10398.43; weather = 3.0; countermeasure = 0.0; #threats > 26.00; threat_range > 20104.47; day_time > 18.00; flying_speed > 38.83; #threats > 75.00,12,1,1,1,0,1,1,1,0,1,0,1,0,1,0,1,0,1,0,1,0,1,1,1,1
449,countermeasure = 0.0; threat_range > 20104.47; #threats > 26.00; countermeasure = 0.0; countermeasure = 0.0,7,1,1,0,0,1,1,0,0,1,0,1,0,0,0,1,0,0,0,1,0,0,0,1,1
450,countermeasure = 0.0; #threats <= 53.00; countermeasure = 0.0; 26.00 < #threats <= 53.00; threat_range > 10398.43; day_time <= 18.00; formation = 0.0; flying_speed > 38.83; threat_range > 30458.59; countermeasure = 0.0; weather = 2.0; threat_range > 20104.47; 26.00 < #threats <= 53.00; countermeasure = 0.0; day_time <= 18.00; flying_speed > 27.56,11,1,0,1,1,1,1,1,0,1,1,1,1,0,0,1,1,1,0,1,1,1,1,1,1
451,countermeasure = 0.0; threat_range > 10398.43; countermeasure = 0.0; flying_speed <= 38.83; #threats > 26.00; weather = 2.0; formation = 1.0; countermeasure = 0.0; flying_speed <= 27.56; #threats > 26.00; day_time <= 6.00; countermeasure = 0.0; countermeasure = 0.0; day_time <= 6.00; day_time <= 6.00; countermeasure = 0.0; formation = 1.0; threat_range > 10398.43; weather = 2.0,12,1,1,1,1,1,1,1,1,1,1,1,1,1,1,1,1,1,1,1,1,1,1,1,1
452,countermeasure = 0.0; #threats <= 75.00; countermeasure = 0.0; flying_speed <= 27.56; weather = 1.0; #threats <= 75.00; countermeasure = 0.0; flying_speed <= 27.56; threat_range <= 30458.59; countermeasure = 0.0; weather = 1.0; #threats <= 53.00; day_time > 18.00; flying_speed <= 27.56; 26.00 < #threats <= 53.00; flying_speed <= 38.83,12,1,1,1,1,1,1,1,1,1,1,1,1,1,1,1,1,1,1,1,1,1,1,1,1
453,countermeasure = 0.0; #threats <= 53.00; countermeasure = 0.0; flying_speed <= 27.56; #threats <= 75.00; countermeasure = 0.0; flying_speed <= 27.56; #threats <= 53.00; countermeasure = 0.0; flying_speed <= 27.56; day_time > 18.00; flying_speed <= 27.56; countermeasure = 0.0; #threats <= 53.00; threat_range > 30458.59,12,1,1,1,1,1,1,1,1,1,1,1,1,1,1,1,1,1,1,1,1,1,1,1,1
454,countermeasure = 0.0; flying_speed <= 27.56; countermeasure = 0.0; flying_speed <= 27.56; #threats <= 75.00; countermeasure = 0.0; flying_speed <= 15.83; #threats <= 75.00; countermeasure = 0.0; flying_speed <= 27.56; flying_speed <= 15.83; flying_speed <= 15.83; 10398.43 < threat_range <= 20104.47; countermeasure = 0.0,12,1,0,1,1,1,1,1,0,1,1,1,1,1,0,1,0,1,0,1,0,1,0,1,0
455,#threats <= 53.00; #threats <= 53.00; day_time > 18.00; #threats <= 53.00; 26.00 < #threats <= 53.00; flying_speed <= 27.56; day_time > 18.00,8,0,0,1,1,1,1,0,0,1,1,1,1,0,0,1,1,0,0,1,1,1,1,1,1
456,#threats <= 75.00; #threats <= 53.00; #threats <= 75.00; #threats <= 53.00; #threats <= 75.00; threat_range <= 20104.47; 26.00 < #threats <= 53.00; flying_speed > 38.83,8,0,0,1,1,1,1,0,0,1,1,1,1,0,0,1,1,0,0,1,1,1,1,1,1
457,countermeasure = 0.0; #threats <= 53.00; countermeasure = 0.0; flying_speed <= 15.83; countermeasure = 0.0; flying_speed <= 15.83; day_time <= 12.00; threat_range > 20104.47; countermeasure = 0.0; threat_range > 10398.43; flying_speed <= 15.83; flying_speed <= 15.83; #threats <= 75.00; countermeasure = 0.0; threat_range > 20104.47,12,1,1,1,1,1,1,1,1,1,1,1,1,1,1,1,1,1,1,1,1,1,1,1,1
458,countermeasure = 0.0; countermeasure = 0.0; flying_speed <= 38.83; weather = 2.0; countermeasure = 0.0; flying_speed <= 27.56; #threats > 53.00; weather = 2.0; countermeasure = 0.0; flying_speed <= 27.56; day_time > 6.00; countermeasure = 0.0; flying_speed <= 27.56; day_time <= 18.00; threat_range > 10398.43; threat_range > 30458.59,12,1,1,1,1,1,1,1,1,1,1,1,1,1,1,1,1,1,1,1,1,1,1,1,1
459,countermeasure = 0.0; #threats <= 53.00; countermeasure = 0.0; flying_speed <= 38.83; 10398.43 < threat_range <= 30458.59; #threats <= 26.00; day_time <= 6.00; countermeasure = 0.0; day_time <= 6.00; flying_speed <= 38.83; formation = 1.0; #threats <= 53.00; countermeasure = 0.0; day_time <= 6.00; day_time <= 6.00; formation = 1.0; threat_range <= 30458.59; countermeasure = 0.0,12,1,1,1,1,1,1,1,1,1,1,1,1,1,1,1,1,1,1,1,1,1,1,1,1
460,#threats > 75.00; threat_range <= 20104.47; day_time > 12.00; formation = 0.0; flying_speed > 38.83; threat_range > 10398.43; formation = 0.0; flying_speed > 27.56; #threats > 75.00; 10398.43 < threat_range <= 20104.47; day_time > 18.00; weather = 3.0; threat_range <= 30458.59; day_time > 12.00; weather = 3.0; formation = 0.0; 10398.43 < threat_range <= 20104.47; flying_speed > 38.83; day_time > 18.00,10,1,1,1,1,1,1,0,1,1,1,1,1,0,1,1,1,1,1,1,1,1,1,1,1
461,weather = 2.0; flying_speed <= 15.83,5,0,0,1,0,1,1,0,0,1,0,1,0,0,0,0,0,0,0,0,0,0,0,1,1
462,#threats <= 75.00; #threats <= 75.00; formation = 0.0; #threats <= 75.00,6,0,0,1,0,1,1,0,0,1,0,1,0,0,0,1,0,0,0,1,0,0,0,0,0
463,countermeasure = 0.0; #threats <= 75.00; countermeasure = 0.0; flying_speed <= 38.83; day_time > 12.00; flying_speed > 27.56; flying_speed <= 38.83; countermeasure = 0.0; weather = 1.0; threat_range > 10398.43,9,1,1,1,0,1,1,1,0,1,0,1,0,0,0,1,0,1,0,1,0,0,0,0,0
464,countermeasure = 0.0; countermeasure = 0.0; flying_speed <= 15.83; threat_range > 10398.43; flying_speed <= 15.83; countermeasure = 0.0; flying_speed <= 15.83; countermeasure = 0.0; flying_speed <= 15.83; flying_speed <= 15.83; threat_range > 10398.43; weather = 3.0; flying_speed <= 15.83,12,1,1,1,1,1,1,1,1,1,1,1,1,1,1,1,1,1,1,1,1,1,1,1,1
465,day_time <= 6.00; formation = 0.0; weather = 1.0; #threats <= 26.00; #threats <= 53.00; threat_range <= 20104.47; formation = 0.0; day_time <= 18.00; weather = 1.0; day_time <= 6.00; weather = 1.0; flying_speed > 38.83; day_time <= 6.00; threat_range <= 20104.47; #threats <= 53.00; day_time <= 6.00,11,0,1,1,1,1,1,1,1,1,1,1,1,1,1,1,1,1,1,1,1,1,1,1,1
466,weather = 1.0; #threats <= 75.00; #threats <= 75.00; formation = 1.0; flying_speed <= 27.56; 26.00 < #threats <= 53.00; #threats <= 53.00,8,0,0,1,0,1,1,0,0,1,0,1,0,0,0,1,0,0,0,1,0,1,1,1,1
467,#threats <= 75.00; #threats <= 53.00; #threats <= 75.00; #threats <= 53.00; 15.83 < flying_speed <= 27.56; 26.00 < #threats <= 53.00; #threats <= 75.00,8,0,0,1,1,1,1,0,0,1,1,1,1,0,0,1,1,0,0,1,1,1,1,1,1
468,flying_speed <= 38.83; #threats <= 53.00; #threats <= 75.00; flying_speed <= 27.56; flying_speed <= 38.83; flying_speed <= 27.56; day_time <= 18.00; threat_range <= 30458.59; #threats <= 75.00; formation = 0.0; flying_speed <= 27.56,8,0,0,1,1,1,1,0,0,1,1,1,1,0,0,1,1,0,0,1,1,1,1,1,1
469,countermeasure = 0.0; #threats <= 75.00; countermeasure = 0.0; flying_speed <= 27.56; threat_range <= 20104.47; #threats <= 75.00; #threats > 26.00; countermeasure = 0.0; 26.00 < #threats <= 75.00; #threats <= 53.00; countermeasure = 0.0; flying_speed <= 27.56; 10398.43 < threat_range <= 20104.47; #threats <= 75.00; flying_speed > 15.83,12,1,1,1,1,1,1,1,1,1,1,1,1,1,1,1,1,1,1,1,1,1,1,1,1
470,#threats > 75.00; day_time <= 6.00; 10398.43 < threat_range <= 30458.59; flying_speed > 38.83; flying_speed > 27.56; threat_range > 10398.43; day_time <= 6.00; flying_speed > 38.83; #threats > 75.00; formation = 1.0; 10398.43 < threat_range <= 30458.59; day_time <= 6.00; weather = 4.0; flying_speed > 15.83; flying_speed > 38.83; 10398.43 < threat_range <= 30458.59; day_time <= 6.00; #threats > 26.00; flying_speed > 38.83,10,1,1,1,0,1,1,0,0,1,0,1,1,0,0,1,1,1,1,1,1,1,1,1,1
471,flying_speed <= 38.83; #threats <= 75.00; #threats <= 75.00; flying_speed <= 27.56; #threats <= 53.00; flying_speed <= 27.56; 26.00 < #threats <= 53.00; threat_range <= 20104.47,8,0,1,1,1,1,1,0,1,1,1,1,1,0,1,1,1,0,1,1,1,1,1,1,1
472,countermeasure = 0.0; day_time <= 12.00; countermeasure = 0.0; flying_speed <= 38.83; #threats > 26.00; weather = 4.0; day_time <= 12.00; countermeasure = 0.0; flying_speed <= 38.83; #threats > 26.00; flying_speed <= 38.83; countermeasure = 0.0; flying_speed <= 38.83; flying_speed > 27.56; #threats > 75.00,11,1,0,1,0,1,1,1,0,1,0,1,0,1,0,1,0,1,0,1,0,0,0,1,0
473,#threats <= 53.00; #threats <= 53.00; #threats <= 53.00; threat_range <= 20104.47; threat_range <= 10398.43; #threats <= 53.00; flying_speed <= 27.56,8,0,1,1,1,1,1,0,1,1,1,1,1,0,1,1,1,0,1,1,1,1,1,1,1
474,#threats > 75.00; weather = 2.0; flying_speed <= 27.56; day_time <= 18.00; formation = 1.0; day_time <= 12.00; flying_speed <= 27.56; weather = 2.0; flying_speed <= 27.56,8,1,1,1,0,1,1,0,0,1,0,1,0,0,0,1,0,0,0,1,0,0,0,1,1
475,#threats > 75.00; 6.00 < day_time <= 12.00; threat_range <= 20104.47; flying_speed <= 38.83; formation = 1.0; flying_speed <= 38.83; flying_speed <= 38.83; weather = 1.0; 6.00 < day_time <= 18.00; #threats > 53.00; threat_range <= 20104.47; day_time > 6.00; flying_speed > 27.56; formation = 1.0; #threats > 75.00; formation = 1.0; flying_speed <= 38.83; day_time <= 12.00; threat_range <= 20104.47; weather = 1.0; formation = 1.0; day_time <= 12.00; threat_range <= 20104.47; weather = 1.0; formation = 1.0; threat_range <= 20104.47,11,1,1,1,1,1,1,1,1,1,1,1,1,0,1,1,1,1,1,1,1,1,1,1,1
476,#threats <= 75.00; formation = 1.0; flying_speed <= 15.83; flying_speed <= 15.83; #threats > 26.00; flying_speed <= 27.56,8,0,0,1,1,1,1,0,0,1,1,1,1,0,0,1,1,0,0,1,1,1,1,1,1
477,#threats <= 75.00; #threats <= 75.00; day_time > 18.00; flying_speed <= 38.83; 10398.43 < threat_range <= 30458.59; 26.00 < #threats <= 75.00; 15.83 < flying_speed <= 38.83; countermeasure = 1.0; threat_range <= 30458.59,8,0,1,1,1,1,1,0,1,1,1,1,1,0,1,1,1,0,1,1,1,1,1,1,1
478,#threats <= 53.00; #threats <= 75.00; #threats > 26.00; weather = 4.0; 26.00 < #threats <= 53.00; threat_range <= 20104.47; day_time <= 6.00,8,0,1,1,1,1,1,0,1,1,1,1,1,0,1,1,1,0,1,1,1,1,1,1,1
479,#threats <= 75.00; #threats <= 75.00; threat_range > 30458.59; #threats <= 53.00; day_time <= 6.00; #threats <= 53.00; flying_speed <= 38.83; weather = 3.0; threat_range > 30458.59,8,0,0,1,1,1,1,0,0,1,1,1,1,0,0,1,1,0,0,1,1,1,1,1,1
480,countermeasure = 0.0; #threats <= 75.00; countermeasure = 0.0; flying_speed <= 15.83; day_time <= 6.00; countermeasure = 0.0; day_time <= 6.00; countermeasure = 0.0; day_time <= 6.00; flying_speed <= 15.83; countermeasure = 0.0; flying_speed <= 15.83; flying_speed <= 38.83; flying_speed <= 15.83; weather = 2.0; threat_range > 20104.47,12,1,1,1,1,1,1,1,1,1,1,1,1,1,1,1,1,1,1,1,1,1,1,1,1
481,countermeasure = 0.0; #threats <= 26.00; countermeasure = 0.0; flying_speed <= 38.83; formation = 1.0; day_time > 12.00; #threats <= 26.00; countermeasure = 0.0; flying_speed <= 38.83; threat_range <= 30458.59; formation = 1.0; countermeasure = 0.0; flying_speed <= 38.83; 10398.43 < threat_range <= 20104.47; #threats <= 75.00; #threats <= 26.00,12,1,1,1,1,1,1,1,1,1,1,1,1,1,1,1,1,1,1,1,1,1,1,1,1
482,countermeasure = 0.0; #threats <= 53.00; countermeasure = 0.0; weather = 3.0; day_time <= 6.00; #threats > 26.00; countermeasure = 0.0; threat_range > 20104.47; countermeasure = 0.0; #threats > 26.00; day_time <= 6.00; weather = 3.0; day_time <= 6.00; countermeasure = 0.0; formation = 1.0; #threats > 26.00; day_time <= 6.00; 26.00 < #threats <= 53.00; day_time <= 6.00; threat_range > 20104.47,12,1,1,1,1,1,1,1,1,1,1,1,1,1,1,1,1,1,1,1,1,1,1,1,1
483,#threats <= 75.00; flying_speed <= 15.83; #threats <= 53.00; flying_speed <= 15.83; flying_speed <= 15.83; day_time <= 12.00; #threats <= 53.00; flying_speed <= 15.83,8,0,0,1,1,1,1,0,0,1,1,1,1,0,0,1,1,0,0,1,1,1,1,1,1
484,countermeasure = 0.0; #threats <= 26.00; #threats <= 75.00; #threats <= 53.00; #threats <= 53.00; formation = 0.0,8,1,1,1,0,1,1,0,0,1,0,1,0,0,0,1,0,0,0,1,0,0,0,1,1
485,#threats > 75.00; threat_range <= 30458.59; formation = 0.0; day_time <= 18.00; 15.83 < flying_speed <= 38.83; day_time > 6.00; threat_range > 20104.47; flying_speed <= 38.83; 12.00 < day_time <= 18.00; flying_speed <= 38.83; #threats > 26.00; 10398.43 < threat_range <= 30458.59; weather = 2.0; countermeasure = 1.0; #threats > 53.00,8,1,0,1,1,1,1,0,0,0,1,1,1,0,0,1,1,0,0,1,1,1,1,1,1
486,countermeasure = 0.0; #threats <= 53.00; #threats <= 75.00; flying_speed <= 38.83; formation = 1.0; #threats <= 53.00; countermeasure = 0.0; threat_range <= 30458.59; countermeasure = 0.0,9,1,0,1,1,1,1,0,0,1,1,1,1,0,0,1,1,0,0,1,1,1,1,1,1
487,countermeasure = 0.0; flying_speed <= 27.56; countermeasure = 0.0; flying_speed <= 27.56; #threats > 26.00; threat_range > 30458.59; countermeasure = 0.0; flying_speed <= 27.56; flying_speed <= 27.56; countermeasure = 0.0; flying_speed <= 38.83; flying_speed <= 27.56; threat_range > 10398.43; countermeasure = 0.0; day_time <= 12.00; #threats > 75.00,12,1,1,1,1,1,1,1,1,1,1,1,1,1,1,1,1,1,1,1,1,1,1,1,1
488,countermeasure = 0.0; countermeasure = 0.0; flying_speed <= 38.83; 10398.43 < threat_range <= 20104.47; day_time <= 12.00; #threats <= 26.00; #threats <= 75.00; countermeasure = 0.0; flying_speed <= 38.83; threat_range <= 30458.59; countermeasure = 0.0; countermeasure = 0.0; #threats <= 53.00; formation = 0.0,11,1,0,1,0,1,1,1,0,1,0,1,0,1,0,1,0,1,0,1,0,0,0,1,0
489,countermeasure = 0.0; countermeasure = 0.0; day_time <= 6.00; weather = 3.0; threat_range <= 30458.59; #threats > 53.00; day_time <= 6.00; threat_range <= 10398.43; countermeasure = 0.0; day_time <= 6.00; #threats > 26.00; threat_range <= 30458.59; weather = 3.0; formation = 0.0; countermeasure = 0.0; countermeasure = 0.0; day_time <= 6.00,11,1,1,1,0,1,1,1,0,1,0,1,0,1,0,1,0,1,0,1,0,0,0,1,0
490,flying_speed <= 27.56; day_time > 12.00; formation = 1.0; flying_speed <= 15.83; weather = 3.0; day_time <= 18.00; flying_speed <= 15.83,8,0,0,1,1,1,1,0,0,1,1,1,1,0,0,1,1,0,0,1,1,1,1,1,1
491,countermeasure = 0.0; countermeasure = 0.0; flying_speed <= 15.83; weather = 4.0; countermeasure = 0.0; flying_speed <= 15.83; countermeasure = 0.0; day_time <= 6.00; flying_speed <= 15.83; flying_speed <= 15.83; #threats > 75.00; flying_speed <= 15.83,12,1,1,1,1,1,1,1,1,1,1,1,1,1,1,1,1,1,1,1,1,1,1,1,1
492,countermeasure = 0.0; #threats <= 75.00; countermeasure = 0.0; flying_speed <= 27.56; #threats <= 75.00; countermeasure = 0.0; flying_speed <= 38.83; threat_range <= 30458.59; formation = 1.0; #threats <= 53.00; countermeasure = 0.0; flying_speed <= 27.56; 26.00 < #threats <= 53.00; threat_range <= 20104.47; formation = 1.0,12,1,0,1,1,1,1,1,0,1,1,1,1,1,0,1,1,1,0,1,1,1,1,1,1
493,flying_speed <= 15.83; flying_speed <= 27.56; flying_speed <= 27.56; flying_speed <= 15.83; threat_range > 20104.47; #threats > 75.00; formation = 0.0; day_time <= 6.00; weather = 1.0; day_time <= 6.00,8,0,0,1,0,1,1,0,0,1,0,1,0,0,0,1,0,0,0,1,0,1,1,1,1
494,countermeasure = 0.0; #threats <= 53.00; countermeasure = 0.0; flying_speed <= 38.83; #threats > 26.00; countermeasure = 0.0; flying_speed <= 38.83; threat_range <= 30458.59; #threats > 26.00; threat_range > 20104.47; countermeasure = 0.0; flying_speed <= 38.83; #threats <= 75.00; 26.00 < #threats <= 53.00; countermeasure = 0.0; threat_range <= 30458.59; day_time > 12.00,12,1,1,1,1,1,1,1,1,1,1,1,1,1,1,1,1,1,1,1,1,1,1,1,1
495,#threats > 75.00; day_time <= 6.00; 10398.43 < threat_range <= 20104.47; flying_speed > 38.83; formation = 0.0; day_time <= 6.00; formation = 0.0; day_time <= 18.00; day_time <= 6.00; formation = 0.0,8,1,1,1,0,1,1,0,0,1,0,1,0,0,0,1,0,0,0,1,0,0,0,1,0
496,countermeasure = 0.0; day_time <= 18.00; countermeasure = 0.0; flying_speed <= 38.83; threat_range > 10398.43; threat_range > 20104.47; day_time > 12.00; countermeasure = 0.0; 27.56 < flying_speed <= 38.83; #threats > 26.00; threat_range > 10398.43; flying_speed <= 38.83; countermeasure = 0.0; flying_speed <= 38.83; countermeasure = 0.0; 12.00 < day_time <= 18.00; flying_speed <= 38.83; #threats > 26.00; formation = 0.0; threat_range > 10398.43; weather = 1.0; day_time <= 18.00,12,1,1,1,1,1,1,1,1,1,1,1,1,1,1,1,1,1,1,1,1,1,1,1,1
497,day_time <= 6.00; flying_speed <= 38.83; #threats <= 75.00; threat_range > 20104.47; day_time <= 6.00,7,0,1,1,0,1,1,0,0,1,0,1,0,0,0,1,0,0,0,1,0,0,0,1,1
498,countermeasure = 0.0; #threats <= 53.00; countermeasure = 0.0; flying_speed <= 27.56; threat_range <= 30458.59; #threats > 26.00; day_time <= 6.00; countermeasure = 0.0; day_time <= 6.00; flying_speed <= 27.56; flying_speed <= 27.56; countermeasure = 0.0; countermeasure = 0.0; flying_speed <= 27.56; #threats <= 53.00; countermeasure = 0.0; day_time <= 6.00,12,1,1,1,0,1,1,1,0,1,0,1,0,1,0,1,0,1,0,1,0,1,0,1,0
499,day_time <= 6.00; 10398.43 < threat_range <= 20104.47; weather = 4.0; flying_speed > 38.83; formation = 0.0; day_time <= 6.00; #threats <= 75.00; day_time <= 6.00; day_time <= 6.00; weather = 4.0; 10398.43 < threat_range <= 20104.47; formation = 0.0; day_time <= 6.00; 10398.43 < threat_range <= 20104.47; #threats <= 53.00; flying_speed > 38.83; #threats <= 75.00; day_time <= 6.00; #threats <= 53.00,11,1,1,1,1,1,1,0,1,1,1,1,1,1,1,1,1,1,1,1,1,1,1,1,1
500,countermeasure = 0.0; #threats <= 75.00; countermeasure = 0.0; 15.83 < flying_speed <= 38.83; day_time > 6.00; #threats <= 26.00; #threats <= 75.00; countermeasure = 0.0; flying_speed <= 38.83; day_time <= 18.00; threat_range <= 20104.47; #threats <= 53.00; countermeasure = 0.0; flying_speed <= 38.83; #threats <= 53.00; day_time <= 12.00; #threats <= 53.00; threat_range <= 10398.43; #threats <= 26.00,12,1,1,1,0,1,1,1,0,1,0,1,0,1,0,1,0,1,0,1,0,1,0,1,0
501,countermeasure = 0.0; #threats <= 75.00; countermeasure = 0.0; flying_speed <= 15.83; flying_speed <= 15.83; flying_speed <= 15.83; countermeasure = 0.0; flying_speed <= 15.83; day_time <= 12.00; day_time > 6.00; countermeasure = 0.0; flying_speed <= 38.83; #threats <= 53.00; 26.00 < #threats <= 53.00; flying_speed <= 27.56; flying_speed <= 15.83,12,1,0,1,1,1,1,1,0,1,1,1,1,1,0,1,1,1,0,1,1,1,1,1,1
502,#threats <= 75.00; formation = 1.0; #threats <= 53.00; #threats <= 75.00,6,0,0,1,0,1,1,0,0,1,0,1,0,0,0,1,0,0,0,1,0,0,0,0,0
503,#threats > 75.00; weather = 3.0; flying_speed > 15.83; day_time <= 18.00; formation = 0.0; day_time > 6.00; formation = 0.0; threat_range <= 20104.47; flying_speed > 38.83; day_time <= 12.00; #threats > 75.00,9,1,1,1,1,1,1,0,1,1,1,1,1,0,1,1,1,0,1,1,1,1,1,1,1
504,#threats > 75.00; weather = 2.0; day_time > 12.00; 10398.43 < threat_range <= 30458.59; flying_speed <= 27.56; flying_speed <= 27.56; flying_speed <= 38.83; threat_range > 20104.47; #threats > 75.00; flying_speed <= 27.56; 10398.43 < threat_range <= 30458.59; weather = 2.0; day_time > 6.00; day_time > 12.00; flying_speed <= 27.56; #threats > 75.00; threat_range <= 30458.59; flying_speed <= 27.56,10,1,1,1,1,1,1,0,1,1,1,1,1,0,1,1,1,1,1,1,1,1,1,1,1
505,countermeasure = 0.0; day_time > 12.00; countermeasure = 0.0; flying_speed <= 15.83; #threats > 53.00; threat_range <= 10398.43; countermeasure = 0.0; flying_speed <= 15.83; countermeasure = 0.0; flying_speed <= 15.83; flying_speed <= 15.83; threat_range <= 30458.59; countermeasure = 0.0; flying_speed <= 15.83; #threats > 53.00; flying_speed <= 27.56,12,1,1,1,1,1,1,1,1,1,1,1,1,1,1,1,1,1,1,1,1,1,1,1,1
506,countermeasure = 0.0; #threats <= 75.00; countermeasure = 0.0; flying_speed <= 15.83; threat_range <= 20104.47; #threats <= 53.00; flying_speed <= 15.83; countermeasure = 0.0; flying_speed <= 27.56; threat_range <= 20104.47; day_time > 12.00; countermeasure = 0.0; flying_speed <= 27.56; flying_speed <= 15.83; flying_speed <= 15.83; countermeasure = 0.0; flying_speed <= 15.83,12,1,1,1,1,1,1,1,1,1,1,1,1,1,1,1,1,1,1,1,1,1,1,1,1
507,countermeasure = 0.0; threat_range > 20104.47; countermeasure = 0.0; flying_speed <= 38.83; day_time > 18.00; weather = 1.0; countermeasure = 0.0; #threats > 26.00; flying_speed <= 38.83; threat_range > 10398.43; threat_range > 10398.43; countermeasure = 0.0; flying_speed <= 38.83; day_time > 6.00; countermeasure = 0.0; day_time > 18.00; 27.56 < flying_speed <= 38.83; threat_range > 20104.47; formation = 0.0; formation = 0.0,12,1,1,1,1,1,1,1,1,1,1,1,1,1,1,1,1,1,1,1,1,1,1,1,1
508,countermeasure = 0.0; weather = 1.0; countermeasure = 0.0; threat_range <= 30458.59; #threats > 26.00; weather = 1.0; countermeasure = 0.0; weather = 1.0; #threats > 26.00; day_time <= 12.00; threat_range <= 30458.59; formation = 0.0; countermeasure = 0.0; countermeasure = 0.0; formation = 0.0; threat_range <= 20104.47; threat_range <= 20104.47; countermeasure = 0.0; day_time <= 12.00; #threats > 26.00; threat_range <= 10398.43,12,1,1,1,1,1,1,1,1,1,1,1,1,1,1,1,1,1,1,1,1,1,1,1,1
509,10398.43 < threat_range <= 20104.47; day_time > 12.00; formation = 0.0; flying_speed > 38.83; weather = 3.0; #threats <= 26.00; #threats <= 53.00; #threats <= 53.00; threat_range > 10398.43; #threats <= 53.00; 10398.43 < threat_range <= 20104.47; flying_speed > 38.83; #threats <= 26.00,9,1,1,1,1,1,1,0,1,1,1,1,1,0,1,1,1,0,1,1,1,1,1,1,1
510,#threats > 53.00; flying_speed <= 27.56; formation = 1.0; day_time <= 12.00; threat_range > 30458.59; weather = 4.0; #threats <= 75.00; flying_speed <= 27.56; #threats > 53.00; day_time <= 18.00; threat_range > 10398.43; #threats <= 75.00; day_time <= 6.00; flying_speed <= 27.56; #threats > 53.00; day_time <= 6.00; threat_range > 20104.47; #threats <= 75.00; flying_speed <= 38.83; flying_speed <= 27.56; formation = 1.0; day_time <= 12.00; #threats <= 75.00; day_time <= 6.00,11,1,1,1,1,1,1,1,1,1,1,1,1,1,1,1,1,0,1,1,1,1,1,1,1
511,countermeasure = 0.0; #threats <= 75.00; countermeasure = 0.0; flying_speed <= 27.56; weather = 3.0; formation = 1.0; formation = 1.0; countermeasure = 0.0; flying_speed <= 38.83; day_time > 12.00; countermeasure = 0.0; flying_speed <= 27.56; flying_speed <= 38.83; threat_range <= 30458.59; countermeasure = 0.0; #threats <= 75.00; flying_speed <= 27.56; flying_speed <= 27.56,12,1,0,1,1,1,1,1,0,1,1,1,1,1,0,1,1,1,0,1,1,1,1,1,1
512,countermeasure = 0.0; threat_range <= 10398.43; countermeasure = 0.0; #threats > 26.00; threat_range <= 30458.59; formation = 1.0; day_time <= 12.00; weather = 4.0; countermeasure = 0.0; #threats > 53.00; formation = 1.0; threat_range <= 30458.59; 6.00 < day_time <= 12.00; weather = 4.0; countermeasure = 0.0; #threats > 26.00; countermeasure = 0.0; threat_range <= 20104.47; countermeasure = 0.0; day_time <= 12.00; #threats > 26.00; flying_speed > 15.83; formation = 1.0; #threats > 75.00,12,1,1,1,1,1,1,1,1,1,1,1,1,1,1,1,1,1,1,1,1,1,1,1,1
513,countermeasure = 0.0; #threats <= 75.00; countermeasure = 0.0; flying_speed <= 15.83; threat_range <= 30458.59; #threats <= 53.00; countermeasure = 0.0; flying_speed <= 15.83; countermeasure = 0.0; flying_speed <= 15.83; flying_speed <= 15.83; #threats <= 75.00; flying_speed <= 15.83,12,1,1,1,1,1,1,1,1,1,1,1,1,1,1,1,1,1,1,1,1,1,1,1,1
514,countermeasure = 0.0; day_time <= 6.00; countermeasure = 0.0; day_time <= 6.00; 26.00 < #threats <= 75.00; day_time <= 6.00; day_time <= 12.00; countermeasure = 0.0; day_time <= 6.00; #threats > 53.00; countermeasure = 0.0; countermeasure = 0.0; #threats > 26.00; #threats <= 75.00; countermeasure = 0.0; #threats <= 75.00; threat_range <= 20104.47; day_time <= 6.00; day_time <= 6.00,12,1,1,1,0,1,1,1,0,1,0,1,0,1,0,1,0,1,0,1,0,1,0,1,1
515,countermeasure = 0.0; day_time > 12.00; countermeasure = 0.0; #threats > 26.00; weather = 4.0; threat_range > 10398.43; formation = 1.0; day_time > 18.00; countermeasure = 0.0; countermeasure = 0.0; #threats > 26.00; threat_range > 10398.43; formation = 1.0; countermeasure = 0.0; countermeasure = 0.0; threat_range > 30458.59; #threats > 26.00; formation = 1.0; flying_speed > 38.83; day_time > 18.00; flying_speed > 38.83,12,1,0,1,1,1,1,1,0,1,1,1,1,1,0,1,0,1,0,1,0,1,0,1,1
516,#threats <= 75.00; weather = 1.0; flying_speed <= 38.83; flying_speed <= 38.83; threat_range <= 20104.47; 26.00 < #threats <= 75.00; flying_speed <= 27.56; day_time <= 18.00; threat_range <= 20104.47,8,0,1,1,1,1,1,0,1,1,1,1,1,0,1,1,1,0,1,1,1,1,1,1,1
517,#threats > 75.00; weather = 2.0; flying_speed <= 27.56; threat_range <= 10398.43; day_time > 18.00; countermeasure = 1.0; threat_range <= 20104.47; #threats > 75.00; flying_speed <= 27.56; weather = 2.0; threat_range <= 10398.43; day_time > 12.00; threat_range <= 20104.47; flying_speed <= 27.56; formation = 0.0; weather = 2.0; #threats > 26.00; threat_range <= 10398.43,10,1,1,1,0,1,1,0,0,1,0,1,0,0,0,1,0,1,0,1,0,1,0,1,0
518,countermeasure = 0.0; #threats <= 53.00; countermeasure = 0.0; flying_speed <= 38.83; threat_range <= 20104.47; #threats <= 53.00; weather = 2.0; countermeasure = 0.0; flying_speed <= 38.83; threat_range <= 30458.59; #threats <= 75.00; weather = 2.0; #threats <= 53.00; countermeasure = 0.0; weather = 2.0; threat_range <= 20104.47; #threats <= 53.00; countermeasure = 0.0; formation = 0.0; #threats <= 26.00,12,1,1,1,1,1,1,1,1,1,1,1,1,1,1,1,1,1,1,1,1,1,1,1,1
519,#threats > 75.00; flying_speed <= 27.56; 6.00 < day_time <= 12.00; threat_range > 30458.59; countermeasure = 1.0; weather = 4.0; flying_speed <= 38.83; weather = 4.0; flying_speed <= 27.56; formation = 1.0; 6.00 < day_time <= 18.00; threat_range > 10398.43; #threats > 26.00; threat_range > 30458.59,9,1,1,1,1,1,1,0,1,1,1,1,1,0,1,1,1,0,1,1,1,1,1,1,1
520,#threats <= 26.00; #threats <= 75.00; flying_speed <= 38.83; #threats <= 53.00; 10398.43 < threat_range <= 30458.59; formation = 1.0; flying_speed > 27.56,8,0,0,1,1,1,1,0,0,1,1,1,1,0,0,1,1,0,0,1,1,1,1,1,1
521,countermeasure = 0.0; countermeasure = 0.0; threat_range > 10398.43; #threats <= 75.00; countermeasure = 0.0; threat_range > 10398.43; weather = 1.0; formation = 0.0; #threats <= 26.00; countermeasure = 0.0; threat_range > 10398.43; #threats <= 53.00; threat_range > 30458.59; #threats <= 53.00; countermeasure = 0.0; formation = 0.0; flying_speed > 38.83; flying_speed > 38.83,12,1,1,1,1,1,1,1,1,1,1,1,1,1,1,1,1,1,1,1,1,1,1,1,1
522,countermeasure = 0.0; #threats <= 53.00; #threats <= 75.00; threat_range > 30458.59; threat_range > 20104.47; threat_range > 10398.43; #threats <= 75.00; countermeasure = 0.0; day_time <= 12.00; weather = 4.0; threat_range > 30458.59,9,1,0,1,0,1,1,0,0,1,0,1,0,0,0,1,0,0,0,1,0,1,0,1,0
523,countermeasure = 0.0; weather = 3.0; countermeasure = 0.0; threat_range > 30458.59; flying_speed > 15.83; day_time > 18.00; threat_range > 30458.59,8,1,1,1,0,1,1,0,0,1,0,1,0,0,0,1,0,0,0,1,0,0,0,1,1
524,#threats <= 53.00; threat_range > 10398.43; formation = 1.0; 26.00 < #threats <= 53.00; flying_speed > 15.83; weather = 4.0; day_time <= 18.00; threat_range > 30458.59,8,0,0,1,0,1,1,0,0,1,0,1,0,0,0,1,0,0,0,1,0,1,1,1,1
525,#threats > 75.00; day_time <= 18.00; weather = 4.0; flying_speed <= 38.83; threat_range > 20104.47; day_time <= 12.00; threat_range > 20104.47; threat_range > 10398.43; threat_range > 20104.47; day_time <= 12.00; 10398.43 < threat_range <= 30458.59; #threats > 75.00; formation = 1.0; flying_speed <= 38.83; weather = 4.0; #threats > 75.00,9,1,1,1,1,1,1,0,1,1,1,1,1,0,1,1,1,0,1,1,1,1,1,1,1
526,countermeasure = 0.0; countermeasure = 0.0; flying_speed <= 27.56; #threats <= 53.00; flying_speed <= 38.83; countermeasure = 0.0; flying_speed <= 27.56; threat_range <= 30458.59; day_time > 12.00; #threats <= 53.00; countermeasure = 0.0; flying_speed <= 27.56; threat_range > 10398.43,11,1,1,1,0,1,1,1,0,1,0,1,0,1,0,1,0,1,0,1,0,0,0,1,0
527,countermeasure = 0.0; threat_range <= 30458.59; countermeasure = 0.0; #threats > 26.00; 20104.47 < threat_range <= 30458.59; day_time <= 18.00; countermeasure = 0.0; #threats > 53.00; 10398.43 < threat_range <= 30458.59; flying_speed > 15.83; countermeasure = 0.0; weather = 2.0; flying_speed > 38.83; countermeasure = 0.0; threat_range <= 30458.59; formation = 0.0; flying_speed > 38.83,12,1,1,1,1,1,1,1,1,1,1,1,1,1,1,1,1,1,1,1,1,1,1,1,1
528,#threats <= 75.00; threat_range > 10398.43; #threats <= 53.00; #threats <= 53.00; 10398.43 < threat_range <= 30458.59; flying_speed > 15.83; day_time <= 18.00; #threats <= 26.00,8,0,0,1,1,1,1,0,0,1,1,1,1,0,0,1,1,0,0,1,1,1,1,1,1
529,#threats <= 53.00; #threats <= 75.00; day_time <= 12.00; flying_speed <= 15.83; day_time <= 6.00; flying_speed <= 15.83; #threats <= 53.00; day_time <= 6.00; flying_speed <= 15.83,8,0,0,1,1,1,1,0,0,1,1,1,1,0,0,1,1,0,0,1,1,1,1,1,1
530,flying_speed <= 27.56; threat_range > 20104.47; formation = 1.0; flying_speed <= 27.56; weather = 2.0; #threats <= 75.00; threat_range > 30458.59,8,0,1,1,1,1,1,0,1,1,1,1,1,0,1,1,1,0,1,1,1,1,1,1,1
531,#threats > 75.00; threat_range <= 10398.43; day_time <= 6.00; weather = 3.0; flying_speed <= 38.83; day_time <= 6.00; day_time <= 6.00; weather = 3.0; flying_speed <= 38.83; day_time <= 6.00; threat_range <= 20104.47; flying_speed <= 38.83; threat_range <= 10398.43,9,1,1,1,1,1,1,0,1,1,1,1,1,0,1,1,1,0,1,1,1,1,1,1,1
532,countermeasure = 0.0; #threats <= 53.00; countermeasure = 0.0; flying_speed <= 38.83; #threats > 26.00; countermeasure = 0.0; 26.00 < #threats <= 75.00; flying_speed <= 38.83; countermeasure = 0.0; flying_speed <= 38.83; threat_range > 20104.47,11,1,0,1,0,1,1,1,0,1,0,1,0,1,0,1,0,1,0,1,0,0,0,1,0
533,#threats <= 53.00; #threats <= 75.00; #threats <= 53.00; weather = 3.0; threat_range <= 20104.47; 26.00 < #threats <= 75.00,7,0,1,1,0,1,1,0,0,1,0,1,0,0,0,1,0,0,0,1,0,1,0,0,0
534,threat_range <= 30458.59; flying_speed <= 27.56; #threats > 26.00; weather = 4.0; #threats <= 75.00; flying_speed <= 27.56; weather = 4.0; day_time <= 12.00; #threats > 26.00; flying_speed <= 27.56; threat_range <= 10398.43; 26.00 < #threats <= 75.00; formation = 0.0; flying_speed <= 27.56; flying_speed <= 27.56; #threats > 26.00; formation = 0.0; threat_range <= 30458.59; threat_range <= 30458.59; threat_range <= 20104.47; 26.00 < #threats <= 53.00; flying_speed <= 27.56,12,1,1,1,1,1,1,1,1,1,1,1,1,1,1,1,1,1,1,1,1,1,1,1,1
535,#threats <= 75.00; #threats <= 75.00; day_time > 12.00; 26.00 < #threats <= 53.00; flying_speed <= 38.83; threat_range <= 10398.43,8,0,0,1,1,1,1,0,0,1,1,1,1,0,0,1,1,0,0,1,1,1,1,1,1
536,#threats > 75.00; 10398.43 < threat_range <= 20104.47; weather = 1.0; formation = 1.0; day_time > 6.00; weather = 1.0; weather = 1.0; formation = 1.0; formation = 1.0,7,1,1,1,0,1,1,0,0,1,0,1,0,0,0,1,0,0,0,1,0,0,0,0,0
537,flying_speed <= 27.56; #threats <= 75.00; #threats <= 75.00; flying_speed <= 27.56; #threats <= 75.00; threat_range <= 30458.59; weather = 2.0; flying_speed <= 27.56; #threats <= 75.00; flying_speed <= 27.56,8,0,0,1,0,1,1,0,0,1,0,1,0,0,0,1,0,0,0,1,0,1,0,1,0
538,countermeasure = 0.0; countermeasure = 0.0; flying_speed <= 15.83; #threats <= 75.00; countermeasure = 0.0; flying_speed <= 27.56; formation = 1.0; #threats <= 75.00; countermeasure = 0.0; flying_speed <= 27.56; countermeasure = 0.0; countermeasure = 0.0; weather = 3.0; #threats <= 26.00; threat_range > 10398.43; flying_speed <= 15.83,11,1,1,1,1,1,1,1,1,1,1,0,1,1,1,1,1,1,1,1,1,1,1,1,1
539,countermeasure = 0.0; threat_range > 20104.47; countermeasure = 0.0; flying_speed <= 38.83; #threats <= 53.00; flying_speed <= 27.56; countermeasure = 0.0; flying_speed <= 27.56; threat_range <= 30458.59; flying_speed <= 15.83; countermeasure = 0.0; flying_speed <= 15.83; flying_speed <= 15.83; flying_speed <= 15.83; countermeasure = 0.0; flying_speed <= 15.83,12,1,1,1,0,1,1,1,0,1,0,1,1,1,0,1,1,1,1,1,1,1,1,1,1
540,#threats <= 53.00; threat_range > 20104.47; flying_speed > 27.56; flying_speed <= 38.83; #threats <= 53.00; 20104.47 < threat_range <= 30458.59; day_time <= 18.00,8,0,0,1,1,1,1,0,0,1,1,1,1,0,0,1,1,0,0,1,1,1,1,1,1
541,countermeasure = 0.0; #threats <= 75.00; countermeasure = 0.0; flying_speed <= 38.83; formation = 1.0; #threats <= 53.00; flying_speed > 27.56; countermeasure = 0.0; day_time <= 6.00; flying_speed <= 38.83; weather = 3.0; formation = 1.0; countermeasure = 0.0; flying_speed <= 38.83; #threats <= 53.00; day_time <= 6.00; weather = 3.0; countermeasure = 0.0,12,1,1,1,0,1,1,1,0,1,0,1,0,1,0,1,0,1,0,1,0,1,0,1,0
542,#threats <= 75.00; flying_speed <= 38.83; #threats <= 53.00; #threats <= 53.00; 15.83 < flying_speed <= 27.56,7,0,0,1,0,1,1,0,0,1,0,1,0,0,0,1,0,0,0,1,0,1,0,0,0
543,flying_speed <= 15.83; flying_speed <= 15.83; #threats <= 75.00; day_time > 12.00,6,0,1,1,0,1,1,0,0,1,0,1,0,0,0,1,0,0,0,1,0,0,0,0,0
544,#threats > 75.00; 6.00 < day_time <= 18.00; countermeasure = 1.0; flying_speed > 38.83; weather = 3.0; threat_range > 10398.43; day_time <= 18.00; formation = 1.0; #threats > 26.00; threat_range > 20104.47,7,1,1,0,1,1,1,0,1,0,1,1,1,0,1,1,1,0,1,1,1,1,1,1,1
545,flying_speed <= 15.83; flying_speed <= 15.83; flying_speed <= 15.83; weather = 1.0; #threats > 75.00,8,0,0,1,1,1,1,0,0,1,1,1,1,0,0,1,1,0,0,1,1,1,1,1,1
546,#threats <= 26.00; #threats <= 26.00; formation = 1.0; flying_speed > 15.83; #threats <= 53.00; threat_range <= 30458.59; day_time <= 18.00; weather = 1.0; flying_speed > 38.83,8,0,0,1,1,1,1,0,0,1,1,1,1,0,0,1,1,0,0,1,1,1,1,1,1
547,countermeasure = 0.0; flying_speed <= 15.83; countermeasure = 0.0; flying_speed <= 15.83; countermeasure = 0.0; flying_speed <= 15.83; flying_speed <= 15.83; countermeasure = 0.0; flying_speed <= 27.56; flying_speed <= 15.83; flying_speed <= 15.83; countermeasure = 0.0; #threats > 26.00; threat_range <= 20104.47; flying_speed <= 15.83,12,1,1,1,1,1,1,1,1,1,1,1,1,1,1,1,1,1,1,1,1,1,1,1,1
548,#threats <= 75.00; #threats <= 75.00; #threats <= 75.00; #threats <= 53.00; day_time <= 6.00; threat_range <= 30458.59; formation = 1.0; weather = 1.0; day_time <= 12.00,8,0,1,1,1,1,1,0,1,1,1,1,1,0,1,1,1,0,1,1,1,1,1,1,1
549,countermeasure = 0.0; day_time <= 6.00; countermeasure = 0.0; day_time <= 6.00; #threats > 26.00; formation = 1.0; day_time <= 18.00; weather = 1.0; countermeasure = 0.0; day_time <= 6.00; #threats > 26.00; threat_range > 20104.47; countermeasure = 0.0; threat_range <= 30458.59; day_time <= 12.00; threat_range <= 30458.59; day_time <= 6.00; countermeasure = 0.0; flying_speed > 38.83,12,1,1,1,1,1,1,1,1,1,1,1,1,1,1,1,1,1,1,1,1,1,1,1,1
550,countermeasure = 0.0; threat_range > 10398.43; countermeasure = 0.0; flying_speed <= 27.56; threat_range <= 30458.59; weather = 4.0; threat_range <= 30458.59; countermeasure = 0.0; threat_range <= 30458.59; flying_speed <= 27.56; flying_speed <= 38.83; countermeasure = 0.0; flying_speed <= 27.56; day_time <= 18.00; countermeasure = 0.0; 10398.43 < threat_range <= 30458.59; day_time > 6.00; threat_range > 10398.43,12,1,1,1,1,1,1,1,1,1,1,1,1,1,1,1,1,1,1,1,1,1,1,1,1
551,countermeasure = 0.0; countermeasure = 0.0; flying_speed <= 38.83; #threats <= 75.00; day_time <= 6.00; countermeasure = 0.0; flying_speed <= 38.83; day_time <= 6.00; countermeasure = 0.0; weather = 4.0; day_time <= 6.00; day_time <= 6.00; countermeasure = 0.0; countermeasure = 0.0,12,1,1,1,1,1,1,1,1,1,1,1,1,1,1,1,1,1,1,1,1,1,1,1,1
552,countermeasure = 0.0; #threats <= 75.00; countermeasure = 0.0; flying_speed <= 27.56; #threats <= 53.00; threat_range > 10398.43; weather = 3.0; #threats <= 26.00; countermeasure = 0.0; flying_speed <= 27.56; #threats <= 75.00; day_time <= 18.00; weather = 3.0; day_time > 12.00; countermeasure = 0.0; flying_speed <= 38.83; #threats <= 26.00; countermeasure = 0.0; #threats <= 75.00; flying_speed <= 27.56; weather = 3.0; countermeasure = 0.0,12,1,1,1,0,1,1,1,0,1,0,1,0,1,0,1,0,1,0,1,0,1,0,1,0
553,countermeasure = 0.0; flying_speed <= 15.83; countermeasure = 0.0; flying_speed <= 15.83; countermeasure = 0.0; flying_speed <= 15.83; flying_speed <= 38.83; countermeasure = 0.0; flying_speed <= 27.56; flying_speed <= 15.83; day_time <= 18.00; countermeasure = 0.0; day_time > 12.00,12,1,1,1,1,1,1,1,1,1,1,1,1,1,1,1,1,1,1,1,1,1,1,1,1
554,#threats <= 75.00; #threats <= 26.00,4,0,0,1,1,1,1,0,0,1,1,1,1,0,0,0,0,0,0,0,0,0,0,0,0
555,flying_speed <= 27.56; day_time <= 6.00; #threats <= 75.00; threat_range <= 30458.59; formation = 1.0; formation = 1.0,7,0,0,1,0,1,1,0,0,1,0,1,0,0,0,1,0,0,0,1,0,0,0,1,0
556,#threats > 75.00; threat_range <= 20104.47; day_time <= 12.00; formation = 1.0; flying_speed <= 38.83; flying_speed <= 38.83; #threats > 53.00; day_time > 6.00; threat_range <= 10398.43; weather = 2.0; weather = 2.0; flying_speed > 27.56; #threats > 53.00; flying_speed <= 38.83; threat_range <= 20104.47; day_time <= 18.00; weather = 2.0; #threats > 75.00; flying_speed <= 38.83; formation = 1.0; weather = 2.0; day_time <= 12.00; threat_range <= 20104.47; formation = 1.0; threat_range <= 20104.47; day_time <= 12.00; day_time <= 18.00,12,1,1,1,1,1,1,1,1,1,1,1,1,1,1,1,1,1,1,1,1,1,1,1,1
557,countermeasure = 0.0; #threats <= 75.00; countermeasure = 0.0; flying_speed <= 27.56; #threats <= 75.00; countermeasure = 0.0; flying_speed <= 27.56; #threats <= 75.00; day_time > 6.00; formation = 0.0; threat_range > 10398.43; #threats <= 53.00; countermeasure = 0.0; flying_speed <= 27.56; day_time > 12.00; #threats <= 53.00; countermeasure = 0.0; weather = 3.0; day_time > 12.00; day_time > 18.00,12,1,1,1,1,1,1,1,1,1,1,1,1,1,1,1,1,1,1,1,1,1,1,1,1
558,weather = 2.0; #threats <= 75.00; threat_range > 20104.47; #threats <= 75.00; flying_speed > 38.83; 53.00 < #threats <= 75.00; day_time <= 6.00; day_time <= 6.00,8,0,0,1,1,1,1,0,0,1,1,1,1,0,0,1,1,0,0,1,1,1,1,1,1
559,countermeasure = 0.0; #threats <= 53.00; countermeasure = 0.0; flying_speed <= 38.83; 26.00 < #threats <= 53.00; #threats <= 75.00; countermeasure = 0.0; flying_speed <= 27.56; #threats > 26.00; flying_speed <= 27.56; countermeasure = 0.0; flying_speed <= 27.56; #threats <= 53.00; flying_speed <= 27.56; countermeasure = 0.0; threat_range <= 30458.59; countermeasure = 0.0,12,1,1,1,1,1,1,1,1,1,1,1,1,1,1,1,1,1,1,1,1,1,1,1,1
560,#threats <= 75.00; #threats <= 75.00; #threats <= 26.00; #threats <= 53.00; #threats <= 53.00; #threats <= 53.00; day_time <= 18.00; flying_speed > 38.83; weather = 2.0; formation = 1.0; flying_speed > 38.83,8,0,1,1,1,1,1,0,1,1,1,1,1,0,1,1,1,0,1,1,1,1,1,1,1
561,day_time <= 12.00; flying_speed > 15.83; countermeasure = 1.0; formation = 1.0,6,0,0,1,1,1,1,0,0,1,1,1,1,0,0,1,0,0,0,1,0,0,0,0,0
562,#threats <= 75.00; weather = 4.0; #threats <= 75.00; 10398.43 < threat_range <= 20104.47; #threats <= 75.00; threat_range <= 20104.47,8,0,0,1,1,1,1,0,0,1,1,1,1,0,0,1,1,0,0,1,1,1,1,1,1
563,#threats <= 75.00; day_time <= 18.00; #threats <= 75.00; formation = 0.0; #threats <= 75.00; day_time <= 6.00; threat_range <= 20104.47; flying_speed <= 38.83; day_time <= 6.00,8,0,0,1,1,1,1,0,0,1,1,1,1,0,0,1,1,0,0,1,1,1,1,1,1
564,#threats > 75.00; 15.83 < flying_speed <= 27.56; flying_speed <= 27.56; #threats > 75.00; threat_range > 30458.59; flying_speed > 15.83; flying_speed <= 27.56; weather = 2.0; formation = 1.0; day_time <= 12.00; threat_range > 30458.59,9,1,1,1,1,1,1,0,1,1,1,1,1,0,1,1,1,0,1,1,1,1,1,1,1
565,#threats > 75.00; flying_speed <= 15.83; threat_range <= 10398.43; 12.00 < day_time <= 18.00; flying_speed <= 27.56; flying_speed <= 15.83; #threats > 75.00; flying_speed <= 15.83; threat_range <= 10398.43,8,1,1,1,0,1,1,0,0,1,0,1,0,0,0,1,0,0,0,1,0,0,0,1,0
566,#threats <= 75.00; #threats <= 75.00; #threats <= 75.00; #threats <= 53.00; day_time <= 12.00; 10398.43 < threat_range <= 20104.47; flying_speed > 38.83,8,0,0,1,1,1,1,0,0,1,1,1,1,0,0,1,1,0,0,1,1,1,1,1,1
567,countermeasure = 0.0; countermeasure = 0.0; flying_speed <= 38.83; 26.00 < #threats <= 75.00; #threats <= 75.00; day_time <= 6.00; countermeasure = 0.0; flying_speed <= 38.83; day_time <= 6.00; flying_speed <= 38.83; countermeasure = 0.0; day_time <= 6.00; day_time <= 12.00; 26.00 < #threats <= 53.00; countermeasure = 0.0; day_time <= 6.00,12,1,1,1,1,1,1,1,1,1,1,1,1,1,1,1,1,1,1,1,1,1,1,1,1
568,flying_speed <= 27.56; weather = 2.0; flying_speed <= 38.83; flying_speed <= 38.83; day_time <= 12.00; flying_speed <= 27.56; 26.00 < #threats <= 75.00; weather = 2.0; threat_range > 30458.59,8,0,0,1,1,1,1,0,0,1,1,1,1,0,0,1,0,0,0,1,0,1,1,1,1
569,countermeasure = 0.0; formation = 0.0; countermeasure = 0.0; countermeasure = 0.0; #threats <= 53.00; countermeasure = 0.0; 15.83 < flying_speed <= 38.83; day_time <= 18.00; #threats <= 26.00,9,1,1,1,1,1,1,0,1,1,1,1,1,0,1,1,1,0,1,1,1,1,1,1,1
570,#threats > 26.00; #threats > 26.00; flying_speed <= 27.56; formation = 0.0,6,0,0,1,1,1,1,0,0,1,1,1,1,0,0,1,0,0,0,0,0,0,0,1,1
571,flying_speed <= 15.83; threat_range > 30458.59; weather = 3.0; 12.00 < day_time <= 18.00; #threats <= 53.00; weather = 3.0; #threats <= 26.00; flying_speed <= 15.83; threat_range > 30458.59,8,1,1,1,0,1,1,0,0,1,0,1,0,0,0,1,0,0,0,1,0,0,0,1,0
572,countermeasure = 0.0; flying_speed <= 38.83; countermeasure = 0.0; flying_speed <= 38.83; #threats > 26.00; #threats <= 75.00; countermeasure = 0.0; flying_speed <= 38.83; threat_range <= 30458.59; #threats > 26.00; countermeasure = 0.0; flying_speed <= 38.83; #threats > 26.00; 10398.43 < threat_range <= 20104.47; #threats <= 75.00; #threats > 53.00,12,1,1,1,1,1,1,1,1,1,1,1,1,1,1,1,1,1,1,1,1,1,1,1,1
573,#threats <= 75.00; day_time > 12.00; threat_range <= 20104.47; threat_range <= 20104.47; #threats <= 75.00; 15.83 < flying_speed <= 38.83; formation = 0.0; countermeasure = 1.0,7,0,0,1,0,1,1,0,0,1,0,1,0,0,0,1,0,0,0,1,0,1,0,0,0
574,#threats > 75.00; threat_range <= 20104.47; 6.00 < day_time <= 18.00; day_time > 6.00; formation = 1.0; threat_range > 10398.43; flying_speed > 38.83,7,1,1,0,0,1,1,0,0,1,0,1,0,0,0,1,0,0,0,1,0,0,0,1,1
575,countermeasure = 0.0; #threats <= 75.00; countermeasure = 0.0; flying_speed <= 27.56; countermeasure = 0.0; flying_speed <= 27.56; weather = 1.0; flying_speed <= 27.56; countermeasure = 0.0; threat_range > 10398.43; flying_speed <= 38.83,10,1,1,1,0,1,1,1,0,1,0,1,0,1,0,1,0,1,0,1,0,0,0,0,0
576,#threats <= 75.00; #threats <= 75.00; flying_speed <= 27.56; flying_speed <= 27.56; flying_speed <= 27.56; flying_speed <= 27.56; threat_range > 10398.43; 6.00 < day_time <= 12.00; #threats <= 75.00; #threats > 53.00,8,0,1,1,1,1,1,0,1,1,1,1,1,0,1,1,1,0,1,1,1,1,1,1,1
577,countermeasure = 0.0; #threats <= 53.00; countermeasure = 0.0; flying_speed <= 15.83; flying_speed <= 15.83; countermeasure = 0.0; flying_speed <= 15.83; day_time > 6.00; countermeasure = 0.0; flying_speed <= 15.83; flying_speed <= 15.83; #threats <= 53.00; day_time > 12.00; flying_speed <= 15.83,12,1,0,1,1,1,1,1,0,1,1,1,1,1,0,1,1,1,0,1,1,1,1,1,1
578,countermeasure = 0.0; countermeasure = 0.0; flying_speed <= 27.56; flying_speed <= 27.56; countermeasure = 0.0; flying_speed <= 27.56; #threats <= 75.00; flying_speed <= 38.83; countermeasure = 0.0; flying_speed <= 27.56; #threats > 26.00,10,1,1,1,0,1,1,1,0,1,0,1,0,1,0,1,0,1,0,1,0,0,0,0,0
579,countermeasure = 0.0; #threats <= 75.00; countermeasure = 0.0; threat_range > 10398.43; 26.00 < #threats <= 75.00; #threats <= 75.00; countermeasure = 0.0; flying_speed <= 38.83; threat_range <= 30458.59; day_time > 18.00; day_time > 18.00; countermeasure = 0.0; countermeasure = 0.0; day_time > 18.00,11,1,1,1,0,1,1,1,0,1,0,1,0,1,0,1,0,1,0,1,0,0,0,1,1
580,#threats <= 75.00; flying_speed <= 27.56; flying_speed <= 15.83; threat_range <= 30458.59,7,0,1,1,0,1,1,0,0,1,0,1,0,0,0,1,0,0,0,1,0,1,0,0,0
581,#threats <= 75.00; #threats <= 75.00; threat_range > 20104.47; #threats <= 53.00; flying_speed > 38.83; 26.00 < #threats <= 75.00; weather = 4.0; flying_speed > 38.83,8,0,1,1,0,1,1,0,0,1,0,1,1,0,0,1,1,0,1,1,1,1,1,1,1
582,flying_speed <= 15.83; flying_speed <= 15.83; flying_speed <= 27.56; day_time > 18.00,5,0,0,1,1,1,1,0,0,1,1,1,1,0,0,0,0,0,0,0,0,0,0,1,1
583,#threats <= 75.00; formation = 1.0; threat_range <= 30458.59; 26.00 < #threats <= 75.00; threat_range <= 30458.59; formation = 1.0; #threats > 26.00,8,0,1,1,0,1,1,0,0,1,0,1,0,0,0,1,0,0,0,1,0,1,1,1,1
584,#threats <= 53.00; day_time > 18.00; formation = 0.0; threat_range > 20104.47; flying_speed <= 15.83; weather = 2.0; #threats <= 53.00; day_time > 18.00,8,0,0,1,1,1,1,0,0,1,1,1,1,0,0,1,0,0,0,1,0,1,1,1,1
585,countermeasure = 0.0; #threats <= 26.00; countermeasure = 0.0; flying_speed <= 38.83; #threats <= 26.00; countermeasure = 0.0; flying_speed <= 15.83; countermeasure = 0.0; flying_speed <= 27.56; flying_speed <= 38.83; flying_speed <= 15.83; #threats <= 53.00; #threats <= 26.00,12,1,1,1,1,1,1,1,1,1,1,1,1,1,1,1,1,1,1,1,1,1,1,1,1
586,countermeasure = 0.0; #threats <= 75.00; countermeasure = 0.0; flying_speed <= 27.56; #threats > 26.00; countermeasure = 0.0; threat_range <= 20104.47; countermeasure = 0.0; #threats <= 75.00; flying_speed <= 38.83; flying_speed <= 27.56; countermeasure = 0.0; flying_speed <= 27.56; countermeasure = 0.0; threat_range <= 20104.47; countermeasure = 0.0; day_time <= 12.00; formation = 0.0,12,1,1,1,1,1,1,1,1,1,1,1,1,1,1,1,1,1,1,1,1,1,1,1,1
587,threat_range <= 10398.43,4,0,0,1,0,1,1,0,0,0,0,1,0,0,0,0,0,0,0,0,0,0,0,1,0
588,countermeasure = 0.0; weather = 1.0; countermeasure = 0.0; flying_speed <= 38.83; #threats > 26.00; #threats <= 75.00; weather = 1.0; countermeasure = 0.0; flying_speed <= 38.83; threat_range <= 30458.59; countermeasure = 0.0; flying_speed <= 38.83; threat_range <= 10398.43; countermeasure = 0.0; 26.00 < #threats <= 75.00; day_time > 12.00,12,1,1,1,1,1,1,1,1,1,1,1,1,1,1,1,1,1,1,1,1,1,1,1,1
589,flying_speed <= 38.83; day_time > 18.00; #threats <= 53.00; threat_range <= 30458.59; flying_speed <= 27.56; day_time > 18.00,8,0,0,1,0,1,1,0,0,1,0,1,0,0,0,1,0,0,0,1,0,1,0,1,0
590,countermeasure = 0.0; #threats <= 53.00; countermeasure = 0.0; flying_speed <= 15.83; formation = 1.0; #threats <= 53.00; countermeasure = 0.0; flying_speed <= 15.83; threat_range <= 30458.59; threat_range > 20104.47; countermeasure = 0.0; flying_speed <= 15.83; flying_speed <= 15.83; formation = 1.0; threat_range <= 30458.59; #threats <= 26.00,12,1,1,1,1,1,1,1,1,1,1,1,1,1,1,1,1,1,1,1,1,1,1,1,1
591,countermeasure = 0.0; flying_speed <= 38.83; countermeasure = 0.0; flying_speed <= 38.83; formation = 1.0; #threats <= 75.00; #threats > 26.00; countermeasure = 0.0; flying_speed <= 38.83; 26.00 < #threats <= 75.00; countermeasure = 0.0; countermeasure = 0.0; threat_range <= 20104.47; 10398.43 < threat_range <= 20104.47; countermeasure = 0.0; #threats > 26.00; day_time > 18.00,12,1,0,1,0,1,1,1,0,1,0,1,0,1,0,1,0,1,0,1,0,1,0,1,0
592,#threats > 75.00; flying_speed <= 27.56; 10398.43 < threat_range <= 20104.47; 6.00 < day_time <= 18.00; flying_speed <= 27.56; day_time <= 12.00; flying_speed <= 15.83; flying_speed <= 15.83; #threats > 75.00; formation = 1.0; 10398.43 < threat_range <= 20104.47; day_time <= 12.00; flying_speed <= 15.83; flying_speed <= 15.83; #threats > 75.00,10,1,1,1,0,1,1,0,0,1,0,1,1,0,0,1,1,1,1,1,1,1,1,1,1
593,day_time <= 6.00; day_time <= 12.00; flying_speed <= 15.83; formation = 0.0; day_time <= 6.00; day_time <= 6.00,8,0,0,1,1,1,1,0,0,1,1,1,1,0,0,1,1,0,0,1,1,1,1,1,1
594,#threats > 75.00; threat_range <= 10398.43; flying_speed <= 27.56; countermeasure = 1.0; flying_speed <= 27.56; day_time <= 6.00; #threats > 75.00; flying_speed <= 27.56; day_time <= 6.00; weather = 3.0; day_time <= 12.00,8,1,1,1,0,1,1,0,0,1,0,1,0,0,0,1,0,1,0,1,0,0,0,0,0
595,#threats > 53.00; day_time <= 18.00; flying_speed > 27.56; #threats <= 75.00; flying_speed > 38.83; #threats <= 75.00; day_time <= 6.00; day_time <= 6.00,7,1,1,0,0,1,1,0,0,0,0,1,1,0,0,1,1,0,1,1,1,1,1,1,1
596,countermeasure = 0.0; #threats <= 75.00; countermeasure = 0.0; flying_speed <= 27.56; threat_range <= 20104.47; #threats <= 26.00; #threats <= 53.00; countermeasure = 0.0; flying_speed <= 27.56; threat_range <= 30458.59; flying_speed <= 27.56; countermeasure = 0.0; flying_speed <= 27.56; #threats <= 26.00; #threats <= 26.00; countermeasure = 0.0; threat_range > 10398.43; #threats <= 26.00,12,1,1,1,0,1,1,1,0,1,0,1,0,1,0,1,0,1,0,1,0,1,0,1,1
597,#threats > 75.00; 10398.43 < threat_range <= 20104.47; 15.83 < flying_speed <= 27.56; day_time <= 6.00; formation = 1.0; flying_speed <= 27.56; day_time <= 6.00; formation = 1.0; weather = 1.0; flying_speed <= 38.83; day_time <= 6.00; weather = 1.0; threat_range <= 20104.47; day_time <= 6.00,9,1,1,1,1,1,1,0,1,1,1,1,1,0,1,1,1,0,1,1,1,1,1,1,1
598,#threats > 75.00; day_time <= 12.00; threat_range <= 10398.43; flying_speed <= 38.83; flying_speed <= 38.83; formation = 1.0; day_time <= 6.00; flying_speed > 27.56; #threats > 53.00; threat_range <= 20104.47; 27.56 < flying_speed <= 38.83; day_time <= 6.00; day_time <= 6.00,9,1,0,1,1,1,1,0,0,1,1,1,1,0,0,1,0,0,0,1,0,1,0,1,1
599,flying_speed <= 15.83; #threats <= 75.00; flying_speed <= 15.83; flying_speed <= 27.56; flying_speed <= 15.83; 26.00 < #threats <= 53.00; threat_range > 10398.43; #threats <= 53.00,8,0,1,1,1,1,1,0,1,1,1,1,1,0,1,1,1,0,1,1,1,1,1,1,1
600,countermeasure = 0.0; threat_range > 20104.47; countermeasure = 0.0; flying_speed <= 27.56; threat_range > 10398.43; #threats <= 75.00; countermeasure = 0.0; countermeasure = 0.0; countermeasure = 0.0; threat_range > 10398.43; threat_range > 10398.43; flying_speed <= 27.56; countermeasure = 0.0; day_time <= 18.00; weather = 3.0; threat_range > 30458.59,11,1,0,1,1,1,1,1,0,1,1,1,1,0,0,1,1,1,0,1,1,1,1,1,1
601,countermeasure = 0.0; countermeasure = 0.0; flying_speed <= 15.83; flying_speed <= 27.56; countermeasure = 0.0; flying_speed <= 15.83; day_time > 18.00; countermeasure = 0.0; flying_speed <= 27.56; flying_speed <= 15.83; weather = 1.0; formation = 0.0,12,1,1,1,1,1,1,1,1,1,1,1,1,1,1,1,1,1,1,1,1,1,1,1,1
602,countermeasure = 0.0; countermeasure = 0.0; flying_speed <= 27.56; #threats > 53.00; flying_speed <= 27.56; countermeasure = 0.0; flying_speed <= 27.56; threat_range <= 20104.47; flying_speed <= 27.56; flying_speed <= 38.83; flying_speed <= 27.56; countermeasure = 0.0; day_time <= 12.00; #threats > 75.00,11,1,1,1,0,1,1,1,0,1,0,1,0,1,0,1,0,0,0,1,0,1,0,1,0
603,countermeasure = 0.0; #threats <= 75.00; countermeasure = 0.0; 26.00 < #threats <= 75.00; 20104.47 < threat_range <= 30458.59; countermeasure = 0.0; threat_range <= 30458.59; countermeasure = 0.0; 53.00 < #threats <= 75.00; threat_range <= 30458.59; day_time > 18.00; countermeasure = 0.0; threat_range > 20104.47; weather = 2.0; countermeasure = 0.0; flying_speed > 38.83; 53.00 < #threats <= 75.00; threat_range <= 30458.59; day_time > 18.00,12,1,1,1,1,1,1,1,1,1,1,1,1,1,1,1,1,1,1,1,1,1,1,1,1
604,#threats <= 75.00; flying_speed <= 38.83; flying_speed <= 38.83; flying_speed > 15.83; threat_range <= 20104.47; day_time <= 6.00; #threats <= 26.00,8,0,0,1,0,1,1,0,0,1,0,1,1,0,0,1,1,0,0,1,1,1,1,1,1
605,#threats <= 75.00; day_time > 6.00; weather = 4.0; 26.00 < #threats <= 53.00; flying_speed > 38.83; day_time > 12.00; flying_speed > 38.83,7,0,0,1,0,1,1,0,0,1,0,0,0,0,0,1,0,0,0,1,0,1,1,1,1
606,#threats <= 26.00; flying_speed <= 15.83; flying_speed <= 27.56; flying_speed <= 15.83; #threats <= 53.00; #threats <= 26.00,8,0,0,1,1,1,1,0,0,1,1,1,1,0,0,1,1,0,0,1,1,1,1,1,1
607,flying_speed <= 27.56; day_time <= 18.00; #threats <= 75.00; formation = 1.0; weather = 1.0; day_time <= 6.00; weather = 1.0; threat_range <= 20104.47,7,0,1,1,0,1,1,0,0,1,0,1,0,0,0,1,0,0,0,1,0,1,0,0,0
608,#threats <= 75.00; #threats > 26.00; #threats <= 75.00; #threats <= 75.00; #threats <= 75.00; day_time <= 12.00; 26.00 < #threats <= 53.00; threat_range <= 20104.47; threat_range <= 20104.47,8,0,1,1,0,1,1,0,0,1,0,1,0,0,0,1,0,0,0,1,0,1,0,1,1
609,countermeasure = 0.0; #threats <= 75.00; countermeasure = 0.0; flying_speed <= 38.83; formation = 1.0; 12.00 < day_time <= 18.00; weather = 4.0; #threats <= 75.00; #threats <= 26.00; countermeasure = 0.0; threat_range > 10398.43; flying_speed <= 38.83; formation = 1.0; threat_range > 20104.47; countermeasure = 0.0; flying_speed <= 38.83; flying_speed <= 38.83; countermeasure = 0.0; #threats <= 53.00; flying_speed <= 38.83; formation = 1.0; threat_range > 30458.59; weather = 4.0; formation = 1.0,12,1,1,1,1,1,1,1,1,1,1,1,1,1,1,1,1,1,1,1,1,1,1,1,1
610,#threats > 75.00; threat_range <= 20104.47; flying_speed <= 27.56; day_time <= 18.00; formation = 1.0,3,1,1,1,0,1,1,0,0,0,0,0,0,0,0,0,0,0,0,0,0,0,0,0,0
611,countermeasure = 0.0; #threats <= 26.00; #threats <= 26.00; #threats <= 53.00; 10398.43 < threat_range <= 20104.47; formation = 0.0; countermeasure = 0.0,9,1,1,1,1,1,1,0,1,1,1,1,1,0,1,1,1,0,1,1,1,1,1,1,1
612,countermeasure = 0.0; #threats <= 53.00; countermeasure = 0.0; flying_speed <= 27.56; 26.00 < #threats <= 75.00; #threats <= 53.00; countermeasure = 0.0; day_time <= 6.00; flying_speed <= 27.56; flying_speed <= 27.56; countermeasure = 0.0; flying_speed <= 27.56; flying_speed <= 38.83; day_time <= 6.00; 26.00 < #threats <= 53.00; threat_range > 20104.47,12,1,1,1,1,1,1,1,1,1,1,1,1,1,1,1,1,1,1,1,1,1,1,1,1
613,countermeasure = 0.0; #threats <= 75.00; #threats <= 75.00; countermeasure = 0.0; countermeasure = 0.0; threat_range <= 20104.47; weather = 1.0,8,1,1,1,0,1,1,0,0,1,0,1,0,0,0,1,0,1,0,1,0,0,0,0,0
614,#threats > 53.00; flying_speed <= 15.83; threat_range > 30458.59; weather = 4.0; formation = 0.0; threat_range > 20104.47; flying_speed <= 15.83; formation = 0.0; #threats > 53.00; day_time > 6.00; #threats <= 75.00; flying_speed <= 15.83; #threats > 53.00; formation = 0.0; threat_range > 10398.43; weather = 4.0; threat_range > 20104.47; flying_speed <= 15.83; #threats > 53.00; day_time > 18.00; flying_speed <= 27.56; flying_speed <= 15.83; threat_range > 10398.43; formation = 0.0; #threats > 26.00; flying_speed <= 15.83,12,1,1,1,1,1,1,1,1,1,1,1,1,1,1,1,1,1,1,1,1,1,1,1,1
615,#threats <= 75.00; day_time > 6.00; #threats <= 75.00,7,0,0,1,0,1,1,0,0,1,0,1,0,0,0,1,0,0,0,1,0,0,0,1,0
616,countermeasure = 0.0; flying_speed <= 38.83; countermeasure = 0.0; flying_speed <= 27.56; threat_range <= 30458.59; countermeasure = 0.0; flying_speed <= 27.56; threat_range <= 30458.59; flying_speed <= 38.83; countermeasure = 0.0; flying_speed <= 27.56; day_time > 18.00,10,1,1,1,0,1,1,1,0,1,0,1,0,1,0,1,0,1,0,1,0,0,0,0,0
617,countermeasure = 0.0; countermeasure = 0.0; weather = 3.0; #threats > 53.00; threat_range > 20104.47; countermeasure = 0.0; flying_speed > 27.56; countermeasure = 0.0; #threats > 26.00; threat_range > 10398.43; formation = 1.0; countermeasure = 0.0; threat_range > 10398.43; #threats > 26.00; #threats > 26.00; threat_range > 30458.59; countermeasure = 0.0; formation = 1.0; day_time > 18.00; #threats > 26.00; threat_range > 30458.59,12,1,1,1,1,1,1,1,1,1,1,1,1,1,1,1,1,1,1,1,1,1,1,1,1
618,#threats > 75.00; day_time > 6.00; weather = 2.0; flying_speed <= 38.83; flying_speed <= 38.83; threat_range > 20104.47; threat_range > 10398.43; flying_speed > 27.56; 6.00 < day_time <= 12.00; formation = 1.0; 15.83 < flying_speed <= 38.83; threat_range > 10398.43; #threats > 26.00; weather = 2.0; threat_range > 30458.59,9,1,1,1,1,1,1,0,1,1,1,1,1,0,1,1,1,0,1,1,1,1,1,1,1
619,#threats > 75.00; formation = 0.0; 20104.47 < threat_range <= 30458.59; 15.83 < flying_speed <= 27.56; day_time <= 18.00,2,1,0,0,0,1,1,0,0,0,0,0,0,0,0,0,0,0,0,0,0,0,0,0,0
620,countermeasure = 0.0; #threats <= 26.00; #threats <= 53.00; countermeasure = 0.0; day_time > 12.00; threat_range <= 20104.47; #threats <= 53.00; countermeasure = 0.0; flying_speed > 15.83; #threats <= 53.00,10,1,1,1,1,1,1,0,1,1,1,1,1,0,1,1,1,1,1,1,1,1,1,1,1
621,countermeasure = 0.0; #threats <= 53.00; countermeasure = 0.0; flying_speed <= 15.83; threat_range <= 20104.47; flying_speed <= 15.83; weather = 3.0; countermeasure = 0.0; flying_speed <= 15.83; threat_range <= 20104.47; flying_speed <= 15.83; countermeasure = 0.0; day_time > 12.00; flying_speed <= 15.83; weather = 3.0; flying_speed <= 15.83,12,1,1,1,1,1,1,1,1,1,1,1,1,1,1,1,1,1,1,1,1,1,1,1,1
622,#threats > 75.00; threat_range <= 20104.47; day_time > 12.00; weather = 4.0; flying_speed <= 38.83; formation = 1.0; countermeasure = 1.0; weather = 4.0; day_time > 6.00; 10398.43 < threat_range <= 20104.47; flying_speed > 15.83; day_time > 18.00,9,1,0,1,0,1,1,0,0,1,0,1,1,0,0,1,0,0,0,1,0,1,1,1,1
623,#threats <= 53.00; #threats <= 75.00; #threats <= 26.00; #threats <= 26.00,7,0,0,1,1,1,1,0,0,1,1,1,1,0,0,1,0,0,0,1,0,0,0,1,0
624,day_time <= 6.00; #threats <= 75.00; threat_range > 20104.47; #threats <= 53.00; flying_speed > 27.56; day_time <= 6.00; threat_range <= 30458.59; 26.00 < #threats <= 53.00; weather = 2.0,8,0,1,1,1,1,1,0,1,1,1,1,1,0,1,1,1,0,1,1,1,1,1,1,1
625,#threats > 53.00; 6.00 < day_time <= 18.00; formation = 0.0; 10398.43 < threat_range <= 20104.47; flying_speed > 38.83; weather = 1.0; #threats <= 75.00; day_time <= 18.00; weather = 1.0; #threats <= 75.00; 10398.43 < threat_range <= 20104.47; formation = 0.0,9,1,0,1,1,1,1,0,0,1,1,1,1,0,0,1,1,0,0,1,1,1,1,1,1
626,formation = 1.0; threat_range > 10398.43; threat_range <= 20104.47; threat_range <= 20104.47; day_time <= 6.00; 10398.43 < threat_range <= 20104.47; #threats > 26.00; day_time <= 6.00,8,0,1,1,0,1,1,0,0,1,0,1,0,0,0,1,0,0,0,1,0,1,0,1,1
627,countermeasure = 0.0; #threats <= 26.00; day_time > 18.00; #threats <= 75.00; countermeasure = 0.0; #threats <= 53.00; weather = 4.0; flying_speed > 15.83; #threats <= 26.00,9,1,1,1,0,1,1,0,0,1,0,1,0,0,0,1,0,0,0,1,0,1,0,1,0
628,countermeasure = 0.0; #threats <= 75.00; countermeasure = 0.0; flying_speed <= 15.83; threat_range <= 30458.59; #threats <= 75.00; #threats <= 26.00; countermeasure = 0.0; flying_speed <= 15.83; threat_range <= 30458.59; countermeasure = 0.0; flying_speed <= 15.83; flying_speed <= 15.83; #threats <= 53.00; countermeasure = 0.0; flying_speed <= 15.83; flying_speed <= 15.83,12,1,0,1,1,1,1,1,0,1,1,1,1,1,0,1,1,1,0,1,1,1,1,1,1
629,countermeasure = 0.0; #threats <= 75.00; countermeasure = 0.0; flying_speed <= 38.83; #threats > 26.00; countermeasure = 0.0; flying_speed <= 38.83; day_time <= 6.00; countermeasure = 0.0; flying_speed <= 38.83; countermeasure = 0.0; day_time <= 6.00; threat_range <= 30458.59; #threats > 26.00; day_time <= 6.00,12,1,1,1,1,1,1,1,1,1,1,1,1,1,1,1,1,1,1,1,1,1,1,1,1
630,countermeasure = 0.0; #threats <= 75.00; #threats <= 26.00; day_time > 12.00; #threats <= 53.00; countermeasure = 0.0; #threats <= 75.00,9,1,0,1,1,1,1,0,0,1,1,1,1,0,0,1,1,0,0,1,1,1,1,1,1
631,countermeasure = 0.0; #threats <= 75.00; countermeasure = 0.0; flying_speed <= 15.83; day_time <= 6.00; countermeasure = 0.0; flying_speed <= 15.83; countermeasure = 0.0; flying_speed <= 27.56; flying_speed <= 15.83; flying_speed <= 15.83; weather = 2.0; threat_range <= 30458.59; countermeasure = 0.0,12,1,1,1,1,1,1,1,1,1,1,1,1,1,1,1,1,1,1,1,1,1,1,1,1
632,countermeasure = 0.0; countermeasure = 0.0; flying_speed <= 27.56; day_time > 18.00; #threats <= 75.00; flying_speed <= 27.56; countermeasure = 0.0; flying_speed <= 27.56; #threats <= 53.00; flying_speed <= 27.56; countermeasure = 0.0; flying_speed <= 27.56; threat_range > 10398.43; #threats <= 26.00; flying_speed <= 27.56; weather = 2.0; threat_range <= 30458.59; day_time > 18.00,12,1,1,1,0,1,1,1,0,1,0,1,0,1,0,1,0,1,0,1,0,1,1,1,1
633,countermeasure = 0.0; day_time > 18.00; countermeasure = 0.0; flying_speed <= 38.83; threat_range <= 30458.59; day_time > 12.00; countermeasure = 0.0; flying_speed <= 38.83; threat_range <= 30458.59; formation = 1.0; weather = 1.0; countermeasure = 0.0; day_time > 6.00; threat_range <= 20104.47; countermeasure = 0.0; weather = 1.0; flying_speed > 15.83; formation = 1.0; day_time > 18.00,12,1,1,1,0,1,1,1,0,1,0,1,1,1,0,1,1,1,1,1,1,1,1,1,1
634,#threats <= 75.00; day_time > 12.00; #threats <= 53.00; day_time > 18.00; 26.00 < #threats <= 53.00; day_time > 18.00; formation = 1.0; #threats <= 53.00,8,0,0,1,1,1,1,0,0,1,1,1,1,0,0,1,1,0,0,1,1,1,1,1,1
635,#threats <= 53.00; #threats <= 53.00; #threats <= 75.00; #threats <= 53.00; 26.00 < #threats <= 53.00; threat_range > 10398.43; flying_speed <= 38.83; day_time > 6.00; threat_range > 30458.59,8,0,1,1,0,1,1,0,0,1,0,1,0,0,0,1,0,0,0,1,0,1,0,1,0
636,countermeasure = 0.0; threat_range > 10398.43; countermeasure = 0.0; flying_speed <= 38.83; threat_range > 10398.43; threat_range > 20104.47; countermeasure = 0.0; flying_speed <= 38.83; 26.00 < #threats <= 75.00; #threats <= 75.00; countermeasure = 0.0; flying_speed <= 38.83; countermeasure = 0.0; 15.83 < flying_speed <= 38.83; #threats <= 75.00; threat_range > 10398.43; countermeasure = 0.0; day_time <= 18.00; countermeasure = 0.0,12,1,1,1,0,1,1,1,0,1,0,1,0,1,0,1,0,1,0,1,0,1,0,1,0
637,flying_speed <= 38.83; flying_speed <= 38.83; threat_range > 10398.43; flying_speed <= 38.83; 10398.43 < threat_range <= 20104.47; formation = 1.0,8,0,0,1,0,1,1,0,0,1,0,1,0,0,0,1,0,0,0,1,0,1,1,1,1
638,countermeasure = 0.0; #threats <= 75.00; countermeasure = 0.0; flying_speed <= 27.56; countermeasure = 0.0; flying_speed <= 27.56; threat_range <= 30458.59; day_time > 12.00; countermeasure = 0.0; flying_speed <= 27.56; flying_speed <= 27.56; threat_range > 20104.47; #threats <= 53.00; weather = 4.0; formation = 0.0,12,1,1,1,1,1,1,1,1,1,1,1,1,1,1,1,1,1,1,1,1,1,1,1,1
639,countermeasure = 0.0; flying_speed <= 15.83; countermeasure = 0.0; flying_speed <= 15.83; #threats <= 75.00; flying_speed <= 27.56; countermeasure = 0.0; flying_speed <= 15.83; threat_range <= 20104.47; countermeasure = 0.0; countermeasure = 0.0; flying_speed <= 15.83; day_time > 12.00; flying_speed <= 15.83; #threats <= 53.00; flying_speed <= 15.83,12,1,1,1,1,1,1,1,1,1,1,1,1,1,1,1,1,1,1,1,1,1,1,1,1
640,day_time <= 6.00; flying_speed <= 15.83; threat_range > 30458.59; #threats <= 53.00; threat_range > 20104.47; flying_speed <= 15.83; 26.00 < #threats <= 53.00; threat_range > 30458.59,8,0,0,1,1,1,1,0,0,1,1,1,1,0,0,1,1,0,0,1,1,1,1,1,1
641,countermeasure = 0.0; #threats <= 75.00; countermeasure = 0.0; flying_speed <= 38.83; weather = 1.0; day_time > 12.00; #threats <= 26.00; formation = 0.0; countermeasure = 0.0; flying_speed <= 38.83; 10398.43 < threat_range <= 20104.47; #threats <= 53.00; countermeasure = 0.0; weather = 1.0; day_time > 18.00; 10398.43 < threat_range <= 20104.47; threat_range > 10398.43,12,1,1,1,1,1,1,1,1,1,1,1,1,1,1,1,1,1,1,1,1,1,1,1,1
642,countermeasure = 0.0; day_time > 18.00; countermeasure = 0.0; flying_speed <= 15.83; weather = 2.0; countermeasure = 0.0; flying_speed <= 15.83; threat_range <= 30458.59; countermeasure = 0.0; flying_speed <= 15.83; flying_speed <= 38.83; flying_speed <= 15.83; weather = 2.0; flying_speed <= 15.83,12,1,1,1,1,1,1,1,1,1,1,1,1,1,1,1,1,1,1,1,1,1,1,1,1
643,flying_speed <= 15.83; #threats > 26.00; threat_range <= 10398.43; day_time <= 12.00; weather = 1.0; formation = 0.0; flying_speed <= 15.83; flying_speed <= 15.83; weather = 1.0; threat_range <= 20104.47; 26.00 < #threats <= 75.00; 6.00 < day_time <= 18.00; formation = 0.0; flying_speed <= 27.56; flying_speed <= 15.83; weather = 1.0; threat_range <= 10398.43; formation = 0.0; #threats > 26.00; day_time > 6.00; flying_speed <= 15.83; flying_speed <= 15.83; #threats > 26.00; threat_range <= 10398.43; 6.00 < day_time <= 12.00; weather = 1.0; formation = 0.0; flying_speed <= 15.83; flying_speed <= 15.83; weather = 1.0; flying_speed <= 27.56,12,1,1,1,1,1,1,1,1,1,1,1,1,1,1,1,1,1,1,1,1,1,1,1,1
644,#threats <= 75.00; flying_speed <= 38.83; #threats <= 75.00; flying_speed <= 15.83; threat_range > 10398.43; flying_speed <= 15.83,8,0,0,1,1,1,1,0,0,1,1,1,1,0,0,1,1,0,0,1,1,1,1,1,1
645,countermeasure = 0.0; #threats <= 75.00; countermeasure = 0.0; 26.00 < #threats <= 75.00; threat_range > 10398.43; day_time <= 12.00; flying_speed > 15.83; formation = 1.0; #threats <= 75.00; countermeasure = 0.0; threat_range > 10398.43; #threats > 26.00; day_time <= 12.00; threat_range > 30458.59; countermeasure = 0.0; threat_range > 10398.43; weather = 1.0; threat_range > 10398.43; 26.00 < #threats <= 53.00; countermeasure = 0.0; flying_speed > 38.83,12,1,1,1,1,1,1,1,1,1,1,1,1,1,1,1,1,1,1,1,1,1,1,1,1
646,countermeasure = 0.0; formation = 1.0; countermeasure = 0.0; weather = 2.0; flying_speed <= 38.83; countermeasure = 0.0; flying_speed <= 38.83; countermeasure = 0.0; flying_speed <= 38.83; #threats > 26.00; threat_range <= 30458.59; countermeasure = 0.0; #threats > 26.00; flying_speed <= 38.83; #threats > 26.00; threat_range <= 20104.47; #threats <= 53.00; countermeasure = 0.0; day_time > 18.00,12,1,1,1,1,1,1,1,1,1,1,1,1,1,1,1,1,1,1,1,1,1,1,1,1
647,countermeasure = 0.0; #threats <= 75.00; countermeasure = 0.0; 10398.43 < threat_range <= 30458.59; #threats > 26.00; #threats <= 75.00; countermeasure = 0.0; day_time <= 12.00; 10398.43 < threat_range <= 30458.59; countermeasure = 0.0; countermeasure = 0.0; 26.00 < #threats <= 75.00; threat_range > 20104.47; countermeasure = 0.0; 10398.43 < threat_range <= 30458.59; flying_speed > 38.83; flying_speed > 38.83,12,1,0,1,1,1,1,1,0,1,1,1,1,1,0,1,1,1,0,1,1,1,1,1,1
648,countermeasure = 0.0; countermeasure = 0.0; flying_speed <= 15.83; threat_range > 10398.43; day_time <= 6.00; countermeasure = 0.0; flying_speed <= 15.83; threat_range <= 30458.59; day_time <= 6.00; countermeasure = 0.0; flying_speed <= 15.83; flying_speed <= 27.56; flying_speed <= 15.83; flying_speed <= 15.83,12,1,1,1,1,1,1,1,1,1,1,1,1,1,1,1,1,1,1,1,1,1,1,1,1
649,countermeasure = 0.0; flying_speed <= 38.83; countermeasure = 0.0; flying_speed <= 38.83; #threats > 26.00; #threats <= 75.00; countermeasure = 0.0; flying_speed <= 38.83; countermeasure = 0.0; day_time > 12.00; countermeasure = 0.0; weather = 2.0; 26.00 < #threats <= 75.00; threat_range > 10398.43; 15.83 < flying_speed <= 38.83; 6.00 < day_time <= 18.00; threat_range > 30458.59,11,1,0,1,1,1,1,1,0,1,1,1,1,0,0,1,1,1,0,1,1,1,1,1,1
650,flying_speed <= 38.83; threat_range > 30458.59; countermeasure = 1.0; threat_range > 30458.59,7,0,0,1,0,1,1,0,0,1,0,1,0,0,0,1,0,0,0,1,0,0,0,1,0
651,countermeasure = 0.0; flying_speed <= 38.83; countermeasure = 0.0; flying_speed <= 38.83; day_time <= 6.00; #threats <= 75.00; countermeasure = 0.0; day_time <= 6.00; flying_speed <= 38.83; countermeasure = 0.0; flying_speed <= 38.83; #threats <= 26.00; day_time <= 6.00; #threats <= 26.00; flying_speed <= 38.83; day_time <= 6.00,12,1,1,1,1,1,1,1,1,1,1,1,1,1,1,1,1,1,1,1,1,1,1,1,1
652,countermeasure = 0.0; #threats <= 75.00; countermeasure = 0.0; flying_speed <= 15.83; day_time > 18.00; countermeasure = 0.0; countermeasure = 0.0; flying_speed <= 15.83; threat_range <= 20104.47; flying_speed <= 15.83; countermeasure = 0.0; threat_range > 10398.43; day_time > 18.00; flying_speed <= 15.83; #threats <= 53.00; threat_range > 10398.43; day_time > 6.00; flying_speed <= 15.83,12,1,1,1,1,1,1,1,1,1,1,1,1,1,1,1,1,1,1,1,1,1,1,1,1
653,countermeasure = 0.0; flying_speed <= 15.83; countermeasure = 0.0; flying_speed <= 15.83; threat_range <= 20104.47; flying_speed <= 15.83; countermeasure = 0.0; flying_speed <= 15.83; weather = 4.0; countermeasure = 0.0; flying_speed <= 15.83; day_time > 6.00; flying_speed <= 15.83; day_time <= 18.00; countermeasure = 0.0; flying_speed <= 15.83,12,1,1,1,0,1,1,1,0,1,0,1,1,1,0,1,1,1,1,1,1,1,1,1,1
654,countermeasure = 0.0; threat_range > 10398.43; countermeasure = 0.0; flying_speed <= 27.56; countermeasure = 0.0; day_time <= 12.00; countermeasure = 0.0; flying_speed <= 27.56; threat_range <= 20104.47; threat_range <= 20104.47; countermeasure = 0.0; flying_speed <= 27.56; weather = 2.0; 10398.43 < threat_range <= 20104.47; flying_speed <= 27.56; countermeasure = 0.0,12,1,1,1,0,1,1,1,0,1,0,1,0,1,0,1,0,1,0,1,0,1,0,1,0
655,#threats > 75.00; 15.83 < flying_speed <= 27.56; day_time <= 6.00; threat_range > 30458.59; countermeasure = 1.0; flying_speed <= 27.56; day_time <= 6.00; threat_range > 30458.59,7,1,0,1,0,1,1,0,0,1,0,1,0,0,0,1,0,0,0,0,0,0,0,1,0
656,#threats <= 75.00; day_time > 12.00; #threats <= 53.00; #threats <= 53.00; formation = 0.0; 10398.43 < threat_range <= 20104.47; day_time > 18.00,8,0,0,1,1,1,1,0,0,1,1,1,1,0,0,1,1,0,0,1,1,1,1,1,1
657,flying_speed <= 27.56; #threats <= 53.00; flying_speed <= 15.83; #threats <= 53.00; flying_speed <= 27.56; weather = 3.0; threat_range <= 30458.59; day_time > 18.00,8,0,1,1,1,1,1,0,1,1,1,1,1,0,1,1,1,0,1,1,1,1,1,1,1
658,countermeasure = 0.0; #threats <= 53.00; countermeasure = 0.0; flying_speed <= 27.56; 26.00 < #threats <= 75.00; #threats <= 53.00; #threats <= 75.00; countermeasure = 0.0; flying_speed <= 27.56; #threats <= 53.00; countermeasure = 0.0; flying_speed <= 38.83; #threats <= 53.00; flying_speed <= 27.56; countermeasure = 0.0; flying_speed <= 27.56,12,1,0,1,1,1,1,1,0,1,1,1,1,1,0,1,1,1,0,1,1,1,1,1,1
659,countermeasure = 0.0; #threats <= 53.00; countermeasure = 0.0; flying_speed <= 38.83; #threats > 26.00; countermeasure = 0.0; flying_speed <= 27.56; flying_speed <= 27.56; countermeasure = 0.0; flying_speed <= 27.56; countermeasure = 0.0; 10398.43 < threat_range <= 20104.47; #threats <= 53.00; flying_speed <= 27.56,12,1,1,1,0,1,1,1,0,1,0,1,0,1,0,1,0,1,0,1,0,1,1,1,1
660,day_time <= 18.00; #threats <= 75.00; #threats <= 53.00; #threats <= 53.00; #threats <= 53.00; 10398.43 < threat_range <= 30458.59; flying_speed > 15.83; formation = 0.0; #threats <= 53.00,8,0,0,1,0,1,1,0,0,1,0,1,0,0,0,1,0,0,0,1,0,1,1,1,1
661,day_time <= 6.00; day_time <= 6.00; weather = 4.0; threat_range <= 20104.47; #threats <= 53.00; day_time <= 6.00; flying_speed > 27.56,8,0,0,1,1,1,1,0,0,1,1,1,1,0,0,1,1,0,0,1,1,1,1,1,1
662,#threats <= 75.00; threat_range > 20104.47; #threats <= 26.00; #threats <= 53.00; 20104.47 < threat_range <= 30458.59; #threats <= 26.00,8,0,0,1,1,1,1,0,0,1,1,1,1,0,0,1,1,0,0,1,1,1,1,1,1
663,countermeasure = 0.0; flying_speed <= 15.83; countermeasure = 0.0; flying_speed <= 27.56; flying_speed <= 15.83; countermeasure = 0.0; flying_speed <= 15.83; #threats > 26.00; countermeasure = 0.0; countermeasure = 0.0; flying_speed <= 27.56; #threats > 26.00; flying_speed <= 15.83; countermeasure = 0.0; day_time <= 18.00; threat_range > 10398.43; flying_speed <= 15.83,12,1,0,1,0,1,1,1,0,1,0,1,0,1,0,1,0,1,0,1,0,1,0,1,1
664,#threats <= 75.00; threat_range > 10398.43; threat_range <= 30458.59; 10398.43 < threat_range <= 20104.47; flying_speed > 15.83; #threats <= 53.00; day_time > 18.00,8,0,0,1,1,1,1,0,0,1,1,1,1,0,0,1,1,0,0,1,1,1,1,1,1
665,countermeasure = 0.0; flying_speed <= 15.83; countermeasure = 0.0; flying_speed <= 15.83; #threats <= 53.00; countermeasure = 0.0; flying_speed <= 15.83; countermeasure = 0.0; flying_speed <= 38.83; #threats <= 53.00; countermeasure = 0.0; flying_speed <= 15.83; flying_speed <= 27.56,12,1,1,1,1,1,1,1,1,1,1,1,1,1,1,1,1,1,1,1,1,1,1,1,1
666,countermeasure = 0.0; #threats <= 75.00; countermeasure = 0.0; flying_speed <= 38.83; #threats > 26.00; day_time <= 12.00; flying_speed <= 27.56; countermeasure = 0.0; flying_speed <= 27.56; day_time <= 6.00; weather = 1.0; countermeasure = 0.0; flying_speed <= 27.56; #threats <= 53.00; flying_speed <= 27.56; #threats <= 53.00; #threats <= 53.00,12,1,1,1,1,1,1,1,1,1,1,1,1,1,1,1,1,1,1,1,1,1,1,1,1
667,countermeasure = 0.0; countermeasure = 0.0; 26.00 < #threats <= 75.00; threat_range <= 30458.59; formation = 1.0; day_time > 12.00; countermeasure = 0.0; threat_range <= 30458.59; day_time > 18.00; countermeasure = 0.0; formation = 1.0; #threats <= 53.00; #threats <= 53.00; countermeasure = 0.0; 20104.47 < threat_range <= 30458.59; #threats > 26.00,12,1,1,1,1,1,1,1,1,1,1,1,1,1,1,1,1,1,1,1,1,1,1,1,1
668,countermeasure = 0.0; flying_speed <= 38.83; countermeasure = 0.0; flying_speed <= 27.56; weather = 3.0; threat_range <= 30458.59; countermeasure = 0.0; flying_speed <= 27.56; threat_range <= 20104.47; countermeasure = 0.0; countermeasure = 0.0; flying_speed <= 27.56; day_time > 6.00; flying_speed <= 27.56; countermeasure = 0.0; threat_range <= 20104.47; formation = 0.0; weather = 3.0; countermeasure = 0.0,12,1,1,1,1,1,1,1,1,1,1,1,1,1,1,1,1,1,1,1,1,1,1,1,1
669,countermeasure = 0.0; #threats <= 53.00; countermeasure = 0.0; flying_speed <= 27.56; day_time > 12.00; flying_speed <= 27.56; threat_range > 10398.43; countermeasure = 0.0; flying_speed <= 27.56; countermeasure = 0.0; flying_speed <= 27.56; 10398.43 < threat_range <= 20104.47; #threats <= 75.00; flying_speed <= 27.56,12,1,1,1,1,1,1,1,1,1,1,1,1,1,1,1,1,1,1,1,1,1,1,1,1
670,#threats <= 75.00; #threats <= 75.00; #threats <= 75.00,6,0,0,1,1,1,1,0,0,1,1,1,1,0,0,1,0,0,0,1,0,0,0,0,0
671,countermeasure = 0.0; weather = 1.0; countermeasure = 0.0; 10398.43 < threat_range <= 30458.59; #threats > 26.00; #threats <= 75.00; day_time > 18.00; countermeasure = 0.0; #threats > 26.00; 10398.43 < threat_range <= 30458.59; threat_range > 10398.43; countermeasure = 0.0; formation = 1.0; #threats > 26.00; 10398.43 < threat_range <= 20104.47; countermeasure = 0.0; day_time > 18.00,12,1,1,1,1,1,1,1,1,1,1,1,1,1,1,1,1,1,1,1,1,1,1,1,1
672,#threats <= 75.00; #threats <= 75.00; threat_range <= 10398.43; #threats <= 75.00; formation = 0.0; threat_range <= 10398.43; #threats <= 53.00; day_time <= 6.00; day_time <= 6.00,8,0,0,1,0,1,1,0,0,1,0,1,1,0,0,1,1,0,0,1,1,1,1,1,1
673,#threats > 26.00; formation = 0.0; 6.00 < day_time <= 18.00; threat_range <= 10398.43; weather = 2.0; #threats <= 53.00; threat_range <= 20104.47; #threats > 26.00; day_time > 6.00; #threats <= 75.00; threat_range <= 20104.47; day_time > 12.00; threat_range <= 30458.59; 26.00 < #threats <= 75.00; formation = 0.0; weather = 2.0; #threats <= 75.00; threat_range <= 20104.47; formation = 0.0; day_time <= 18.00; #threats > 26.00; weather = 2.0; 26.00 < #threats <= 53.00; threat_range <= 30458.59; flying_speed > 38.83,12,1,1,1,1,1,1,1,1,1,1,1,1,1,1,1,1,1,1,1,1,1,1,1,1
674,countermeasure = 0.0; flying_speed <= 15.83; countermeasure = 0.0; flying_speed <= 15.83; flying_speed <= 15.83; countermeasure = 0.0; flying_speed <= 15.83; threat_range <= 30458.59; #threats <= 26.00; countermeasure = 0.0; flying_speed <= 15.83; flying_speed <= 27.56; flying_speed <= 15.83; threat_range <= 30458.59; flying_speed <= 15.83,12,1,1,1,1,1,1,1,1,1,1,1,1,1,1,1,1,1,1,1,1,1,1,1,1
675,#threats > 53.00; flying_speed <= 15.83; day_time <= 6.00; weather = 4.0; threat_range > 30458.59; flying_speed <= 15.83; threat_range > 20104.47; threat_range > 30458.59; flying_speed <= 15.83; threat_range > 20104.47; flying_speed <= 15.83; day_time <= 6.00; threat_range > 30458.59; day_time <= 6.00,9,1,1,1,0,1,1,0,0,1,0,1,0,0,0,1,0,0,0,1,0,1,1,1,1
676,countermeasure = 0.0; flying_speed <= 27.56; countermeasure = 0.0; flying_speed <= 27.56; #threats > 26.00; weather = 2.0; countermeasure = 0.0; flying_speed <= 27.56; threat_range <= 20104.47; countermeasure = 0.0; flying_speed <= 27.56; countermeasure = 0.0; 10398.43 < threat_range <= 20104.47; countermeasure = 0.0; countermeasure = 0.0,12,1,1,1,1,1,1,1,1,1,1,1,1,1,1,1,1,1,1,1,1,1,1,1,1
677,#threats > 75.00; formation = 1.0; flying_speed <= 27.56; threat_range <= 30458.59; flying_speed <= 15.83; flying_speed <= 15.83; #threats > 75.00; 10398.43 < threat_range <= 30458.59; day_time <= 18.00; flying_speed <= 15.83; flying_speed <= 15.83; #threats > 75.00; 10398.43 < threat_range <= 30458.59; day_time <= 18.00; weather = 3.0; flying_speed <= 38.83; #threats > 75.00; flying_speed <= 15.83; formation = 1.0; threat_range <= 30458.59; weather = 3.0; day_time <= 18.00; weather = 3.0; flying_speed <= 15.83; day_time > 12.00; flying_speed <= 15.83,12,1,1,1,1,1,1,1,1,1,1,1,1,1,1,1,1,1,1,1,1,1,1,1,1
678,countermeasure = 0.0; threat_range <= 20104.47; countermeasure = 0.0; #threats > 26.00; flying_speed <= 38.83; threat_range <= 30458.59; threat_range <= 20104.47; countermeasure = 0.0; flying_speed <= 27.56; threat_range <= 20104.47; formation = 1.0; countermeasure = 0.0; flying_speed <= 27.56; threat_range <= 20104.47; countermeasure = 0.0; day_time <= 12.00; flying_speed <= 27.56; flying_speed > 15.83,12,1,1,1,1,1,1,1,1,1,1,1,1,1,1,1,1,1,1,1,1,1,1,1,1
679,day_time <= 6.00; day_time <= 6.00; countermeasure = 1.0; weather = 1.0; 10398.43 < threat_range <= 20104.47; day_time <= 6.00; threat_range <= 20104.47,8,0,0,1,1,1,1,0,0,1,1,1,1,0,0,1,1,0,0,1,1,1,1,1,1
680,flying_speed <= 15.83; threat_range > 30458.59; flying_speed <= 15.83; #threats <= 75.00; weather = 1.0; flying_speed <= 15.83; weather = 1.0; threat_range > 10398.43; threat_range > 30458.59,8,0,0,1,1,1,1,0,0,1,1,1,1,0,0,1,0,0,0,1,0,1,1,1,1
681,countermeasure = 0.0; flying_speed <= 15.83; countermeasure = 0.0; flying_speed <= 15.83; #threats <= 75.00; countermeasure = 0.0; flying_speed <= 15.83; #threats <= 75.00; countermeasure = 0.0; flying_speed <= 27.56; flying_speed <= 15.83; flying_speed <= 15.83; countermeasure = 0.0; countermeasure = 0.0,12,1,1,1,1,1,1,1,1,1,1,1,1,1,1,1,1,1,1,1,1,1,1,1,1
682,threat_range > 10398.43; #threats <= 53.00; day_time > 12.00; weather = 3.0; 26.00 < #threats <= 53.00; formation = 1.0; flying_speed > 38.83; day_time > 12.00; threat_range > 30458.59,8,0,0,1,1,1,1,0,0,1,1,1,1,0,0,1,0,0,0,1,0,1,1,1,1
683,countermeasure = 0.0; flying_speed <= 15.83; countermeasure = 0.0; flying_speed <= 15.83; threat_range <= 20104.47; weather = 2.0; weather = 2.0; countermeasure = 0.0; flying_speed <= 15.83; flying_speed <= 15.83; countermeasure = 0.0; flying_speed <= 27.56; flying_speed <= 38.83; flying_speed <= 15.83; weather = 2.0; countermeasure = 0.0; threat_range <= 10398.43,12,1,1,1,1,1,1,1,1,1,1,1,1,1,1,1,1,1,1,1,1,1,1,1,1
684,countermeasure = 0.0; weather = 3.0; countermeasure = 0.0; weather = 3.0; threat_range > 10398.43; #threats > 26.00; day_time > 18.00; #threats <= 75.00; countermeasure = 0.0; 26.00 < #threats <= 75.00; threat_range <= 30458.59; countermeasure = 0.0; countermeasure = 0.0; #threats > 26.00; flying_speed > 27.56; 26.00 < #threats <= 75.00; countermeasure = 0.0; weather = 3.0; flying_speed > 38.83; day_time > 18.00,12,1,1,1,1,1,1,1,1,1,1,1,1,1,1,1,1,1,1,1,1,1,1,1,1
685,countermeasure = 0.0; day_time <= 12.00; #threats <= 75.00; countermeasure = 0.0; countermeasure = 0.0; #threats <= 53.00; threat_range <= 30458.59; flying_speed > 38.83; formation = 0.0; #threats <= 26.00,7,1,0,0,0,1,1,0,0,0,0,1,1,0,0,1,1,0,0,1,1,1,1,1,1
686,countermeasure = 0.0; countermeasure = 0.0; flying_speed <= 38.83; #threats > 26.00; #threats <= 75.00; countermeasure = 0.0; flying_speed <= 38.83; #threats > 26.00; threat_range <= 30458.59; countermeasure = 0.0; countermeasure = 0.0; flying_speed <= 38.83; day_time > 6.00; countermeasure = 0.0; 26.00 < #threats <= 75.00; flying_speed > 27.56; threat_range <= 30458.59; day_time > 18.00,12,1,1,1,1,1,1,1,1,1,1,1,1,1,1,1,1,1,1,1,1,1,1,1,1
687,#threats <= 75.00; #threats <= 75.00; formation = 0.0; weather = 2.0; #threats <= 53.00; 10398.43 < threat_range <= 20104.47; #threats <= 53.00; #threats <= 53.00,8,0,1,1,1,1,1,0,1,1,1,1,1,0,1,1,1,0,1,1,1,1,1,1,1
688,#threats <= 75.00; #threats <= 53.00; threat_range > 10398.43; #threats <= 53.00; #threats <= 53.00; 10398.43 < threat_range <= 20104.47; #threats <= 26.00,8,0,0,1,0,1,1,0,0,1,0,1,1,0,0,1,1,0,0,1,1,1,1,1,1
689,countermeasure = 0.0; countermeasure = 0.0; flying_speed <= 27.56; threat_range <= 30458.59; countermeasure = 0.0; countermeasure = 0.0; flying_speed <= 27.56; threat_range <= 30458.59; flying_speed <= 27.56; countermeasure = 0.0; flying_speed <= 27.56; threat_range <= 30458.59; flying_speed <= 27.56; countermeasure = 0.0; 10398.43 < threat_range <= 30458.59; #threats > 75.00,12,1,0,1,1,1,1,1,0,1,1,1,1,1,0,1,1,1,0,1,1,1,1,1,1
690,countermeasure = 0.0; #threats <= 75.00; countermeasure = 0.0; flying_speed <= 27.56; #threats <= 75.00; countermeasure = 0.0; flying_speed <= 15.83; flying_speed <= 15.83; countermeasure = 0.0; day_time <= 6.00; #threats <= 75.00; flying_speed <= 15.83; countermeasure = 0.0; #threats <= 53.00; flying_speed <= 15.83,12,1,1,1,0,1,1,1,0,1,0,1,1,1,0,1,1,1,1,1,1,1,1,1,1
691,countermeasure = 0.0; #threats <= 75.00; flying_speed <= 27.56; countermeasure = 0.0; flying_speed <= 27.56; #threats > 26.00; countermeasure = 0.0,7,1,1,1,0,1,1,0,0,1,0,1,0,1,0,0,0,0,0,0,0,0,0,1,1
692,flying_speed <= 15.83; #threats > 26.00; 10398.43 < threat_range <= 20104.47; day_time <= 6.00; formation = 1.0; flying_speed <= 27.56; flying_speed <= 15.83; #threats > 26.00; threat_range <= 30458.59; weather = 3.0; formation = 1.0; day_time <= 18.00; #threats <= 53.00; flying_speed <= 15.83; threat_range <= 30458.59; day_time <= 12.00; weather = 3.0; #threats > 26.00; day_time <= 12.00; flying_speed <= 15.83; 10398.43 < threat_range <= 20104.47; weather = 3.0; #threats > 26.00; formation = 1.0; day_time <= 6.00; flying_speed <= 15.83; day_time <= 18.00; threat_range <= 30458.59,12,1,1,1,1,1,1,1,1,1,1,1,1,1,1,1,1,1,1,1,1,1,1,1,1
693,countermeasure = 0.0; #threats <= 53.00; countermeasure = 0.0; flying_speed <= 38.83; #threats <= 53.00; #threats <= 75.00; countermeasure = 0.0; flying_speed <= 27.56; threat_range <= 30458.59; flying_speed <= 38.83; countermeasure = 0.0; flying_speed <= 27.56; flying_speed <= 27.56; countermeasure = 0.0; day_time <= 12.00; flying_speed <= 27.56,12,1,0,1,1,1,1,1,0,1,1,1,1,1,0,1,0,1,0,1,0,1,0,1,0
694,countermeasure = 0.0; threat_range > 30458.59; countermeasure = 0.0; #threats > 26.00; threat_range > 10398.43; countermeasure = 0.0; formation = 0.0; countermeasure = 0.0; weather = 2.0; #threats > 53.00; threat_range > 30458.59; countermeasure = 0.0; weather = 2.0; countermeasure = 0.0; 12.00 < day_time <= 18.00; countermeasure = 0.0; threat_range > 10398.43; weather = 2.0; threat_range > 30458.59,12,1,1,1,1,1,1,1,1,1,1,1,1,1,1,1,1,1,1,1,1,1,1,1,1
695,threat_range <= 30458.59; threat_range > 10398.43; #threats <= 53.00; flying_speed <= 27.56; day_time <= 6.00; threat_range <= 30458.59; #threats <= 53.00; #threats <= 26.00,8,0,1,1,1,1,1,0,1,1,1,1,1,0,1,1,1,0,1,1,1,1,1,1,1
696,#threats <= 75.00; #threats <= 26.00; day_time > 12.00; flying_speed <= 38.83; threat_range <= 30458.59; threat_range <= 10398.43,7,0,0,1,0,1,1,0,0,1,0,1,0,0,0,1,0,0,0,1,0,0,0,1,1
697,#threats > 75.00; flying_speed <= 15.83; threat_range <= 10398.43; day_time > 12.00; formation = 0.0; weather = 4.0; weather = 4.0; flying_speed <= 15.83; flying_speed <= 15.83; threat_range <= 30458.59; #threats > 75.00; flying_speed <= 15.83,9,1,1,1,1,1,1,0,1,1,1,1,1,0,1,1,1,0,1,1,1,1,1,1,1
698,#threats <= 75.00; #threats <= 53.00; #threats <= 75.00; #threats <= 53.00; flying_speed <= 15.83; flying_speed <= 15.83; threat_range > 20104.47; flying_speed <= 15.83,8,0,0,1,1,1,1,0,0,1,1,1,1,0,0,1,1,0,0,1,1,1,1,1,1
699,countermeasure = 0.0; day_time <= 18.00; countermeasure = 0.0; day_time <= 6.00; flying_speed <= 38.83; #threats <= 75.00; day_time <= 6.00; countermeasure = 0.0; #threats > 26.00; day_time <= 6.00; #threats > 26.00; countermeasure = 0.0; day_time <= 6.00; countermeasure = 0.0; #threats <= 53.00; countermeasure = 0.0; threat_range <= 20104.47; day_time <= 6.00,12,1,1,1,1,1,1,1,1,1,1,1,1,1,1,1,1,1,1,1,1,1,1,1,1
700,countermeasure = 0.0; #threats <= 75.00; countermeasure = 0.0; flying_speed <= 27.56; #threats > 26.00; flying_speed <= 27.56; weather = 2.0; countermeasure = 0.0; flying_speed <= 27.56; day_time <= 6.00; weather = 2.0; countermeasure = 0.0; flying_speed <= 27.56; formation = 0.0; day_time <= 6.00; countermeasure = 0.0; flying_speed <= 27.56; day_time <= 6.00,12,1,1,1,0,1,1,1,0,1,0,1,0,1,0,1,0,1,0,1,0,1,0,1,1
701,countermeasure = 0.0; day_time <= 12.00; countermeasure = 0.0; 10398.43 < threat_range <= 30458.59; weather = 3.0; flying_speed > 38.83; countermeasure = 0.0; threat_range <= 30458.59; #threats > 26.00; weather = 3.0; countermeasure = 0.0; weather = 3.0; threat_range <= 30458.59; 10398.43 < threat_range <= 20104.47; flying_speed > 38.83; formation = 1.0; #threats > 75.00,12,1,1,1,1,1,1,1,1,1,1,1,1,1,1,1,1,1,1,1,1,1,1,1,1
702,#threats <= 53.00; #threats <= 26.00; flying_speed <= 38.83; day_time <= 6.00; #threats <= 75.00; flying_speed <= 15.83; formation = 0.0; flying_speed <= 15.83,8,0,0,1,1,1,1,0,0,1,1,1,1,0,0,1,1,0,0,1,1,1,1,1,1
703,countermeasure = 0.0; flying_speed <= 15.83; countermeasure = 0.0; flying_speed <= 15.83; formation = 1.0; #threats <= 53.00; countermeasure = 0.0; flying_speed <= 15.83; #threats <= 26.00; countermeasure = 0.0; flying_speed <= 27.56; flying_speed <= 15.83; flying_speed <= 15.83; threat_range > 30458.59; day_time > 18.00; threat_range > 30458.59,12,1,1,1,1,1,1,1,1,1,1,1,1,1,1,1,1,1,1,1,1,1,1,1,1
704,#threats <= 75.00; weather = 1.0; #threats <= 75.00; day_time <= 6.00,6,0,1,1,0,1,1,0,0,1,0,1,0,0,0,1,0,0,0,1,0,0,0,0,0
705,countermeasure = 0.0; countermeasure = 0.0; countermeasure = 0.0; flying_speed <= 27.56; weather = 3.0; #threats <= 75.00; #threats <= 75.00; countermeasure = 0.0; flying_speed <= 27.56; #threats > 26.00; formation = 1.0; countermeasure = 0.0; flying_speed <= 27.56; flying_speed <= 38.83; flying_speed <= 27.56; countermeasure = 0.0; #threats <= 75.00; formation = 1.0; day_time > 12.00,12,1,1,1,1,1,1,1,1,1,1,1,1,1,1,1,1,1,1,1,1,1,1,1,1
706,#threats <= 26.00; #threats <= 26.00; threat_range > 20104.47; flying_speed <= 27.56; flying_speed <= 15.83; threat_range > 30458.59; #threats <= 53.00; weather = 3.0; flying_speed <= 15.83,8,0,0,1,1,1,1,0,0,1,1,1,1,0,0,1,1,0,0,1,1,1,1,1,1
707,#threats <= 75.00; #threats <= 75.00; threat_range > 30458.59; flying_speed <= 38.83; flying_speed <= 38.83; day_time > 12.00; 26.00 < #threats <= 75.00; weather = 4.0; flying_speed > 27.56; threat_range > 20104.47; day_time > 18.00,8,0,0,1,1,1,1,0,0,1,1,1,1,0,0,1,1,0,0,1,1,1,1,1,1
708,countermeasure = 0.0; countermeasure = 0.0; flying_speed <= 38.83; #threats > 26.00; threat_range <= 20104.47; #threats <= 75.00; flying_speed > 27.56; countermeasure = 0.0; flying_speed <= 38.83; #threats > 26.00; threat_range <= 30458.59; countermeasure = 0.0; flying_speed <= 38.83; day_time > 6.00; threat_range <= 20104.47; flying_speed <= 38.83; countermeasure = 0.0; countermeasure = 0.0,12,1,1,1,1,1,1,1,1,1,1,1,1,1,1,1,1,1,1,1,1,1,1,1,1
709,countermeasure = 0.0; flying_speed <= 15.83; countermeasure = 0.0; flying_speed <= 15.83; flying_speed <= 15.83; #threats <= 53.00; countermeasure = 0.0; flying_speed <= 15.83; threat_range <= 30458.59; flying_speed <= 27.56; countermeasure = 0.0; flying_speed <= 15.83; flying_speed <= 15.83; flying_speed <= 15.83; #threats <= 53.00; #threats <= 53.00,12,1,0,1,1,1,1,1,0,1,1,1,1,1,0,1,1,1,0,1,1,1,1,1,1
710,countermeasure = 0.0; flying_speed <= 15.83; countermeasure = 0.0; flying_speed <= 15.83; #threats <= 26.00; countermeasure = 0.0; flying_speed <= 15.83; countermeasure = 0.0; flying_speed <= 15.83; flying_speed <= 15.83; flying_speed <= 15.83; #threats <= 75.00; threat_range > 30458.59,12,1,1,1,1,1,1,1,1,1,1,1,1,1,1,1,1,1,1,1,1,1,1,1,1
711,countermeasure = 0.0; flying_speed <= 38.83; countermeasure = 0.0; flying_speed <= 38.83; #threats > 26.00; threat_range <= 10398.43; countermeasure = 0.0; flying_speed <= 38.83; 26.00 < #threats <= 75.00; weather = 3.0; countermeasure = 0.0; flying_speed <= 38.83; weather = 3.0; threat_range <= 10398.43; day_time > 12.00; threat_range <= 30458.59; #threats <= 75.00; day_time > 18.00,12,1,1,1,1,1,1,1,1,1,1,1,1,1,1,1,1,1,1,1,1,1,1,1,1
712,countermeasure = 0.0; #threats <= 53.00; countermeasure = 0.0; flying_speed <= 15.83; #threats <= 53.00; #threats <= 26.00; countermeasure = 0.0; flying_speed <= 15.83; flying_speed <= 27.56; countermeasure = 0.0; flying_speed <= 15.83; countermeasure = 0.0; flying_speed <= 15.83; countermeasure = 0.0; weather = 4.0,12,1,1,1,1,1,1,1,1,1,1,1,1,1,1,1,1,1,1,1,1,1,1,1,1
713,#threats <= 53.00; #threats <= 26.00; threat_range <= 30458.59; #threats <= 75.00; day_time <= 6.00; threat_range <= 30458.59; #threats <= 53.00; formation = 0.0; day_time <= 6.00,8,0,0,1,1,1,1,0,0,1,1,1,1,0,0,1,1,0,0,1,1,1,1,1,1
714,flying_speed <= 15.83; flying_speed <= 27.56; flying_speed <= 15.83; #threats <= 26.00; weather = 4.0; day_time > 6.00; formation = 0.0; flying_speed <= 15.83,8,0,0,1,0,1,1,0,0,1,0,1,1,0,0,1,1,0,0,1,1,1,1,1,1
715,weather = 3.0; flying_speed <= 38.83; flying_speed <= 38.83; weather = 3.0; day_time <= 6.00; flying_speed <= 27.56; threat_range <= 20104.47; #threats <= 75.00; threat_range <= 20104.47,8,0,0,1,0,1,1,0,0,1,0,1,0,0,0,1,0,0,0,1,0,1,1,1,1
716,countermeasure = 0.0; flying_speed <= 15.83; countermeasure = 0.0; flying_speed <= 15.83; #threats <= 75.00; countermeasure = 0.0; flying_speed <= 15.83; threat_range <= 20104.47; flying_speed <= 15.83; countermeasure = 0.0; flying_speed <= 15.83; threat_range > 10398.43; flying_speed <= 15.83; countermeasure = 0.0; formation = 0.0; countermeasure = 0.0,12,1,1,1,1,1,1,1,1,1,1,1,1,1,1,1,1,1,1,1,1,1,1,1,1
717,#threats <= 75.00; day_time > 18.00; #threats <= 26.00; day_time > 12.00; 10398.43 < threat_range <= 20104.47; weather = 4.0; #threats <= 53.00; day_time > 18.00,8,0,1,1,1,1,1,0,1,1,1,1,1,0,1,1,1,0,1,1,1,1,1,1,1
718,#threats <= 53.00; day_time <= 6.00; threat_range > 20104.47; day_time <= 6.00; day_time <= 6.00; threat_range <= 30458.59; 26.00 < #threats <= 53.00; day_time <= 6.00,8,0,0,1,1,1,1,0,0,1,1,1,1,0,0,1,1,0,0,1,1,1,1,1,1
719,day_time <= 6.00; #threats <= 75.00; #threats <= 75.00; #threats <= 75.00; flying_speed <= 27.56; day_time <= 6.00; threat_range <= 20104.47; flying_speed <= 27.56; #threats > 26.00,7,0,0,1,0,1,1,0,0,1,0,1,0,0,0,1,0,0,0,1,0,1,0,0,0
720,#threats <= 75.00; #threats <= 75.00; #threats <= 75.00; day_time > 12.00; #threats <= 75.00; threat_range <= 20104.47; 26.00 < #threats <= 75.00; countermeasure = 1.0; weather = 2.0; flying_speed > 15.83; formation = 0.0; threat_range <= 10398.43,8,0,0,1,0,1,1,0,0,1,0,1,0,0,0,1,0,0,0,1,0,1,0,1,0
721,countermeasure = 0.0; countermeasure = 0.0; flying_speed <= 38.83; #threats > 26.00; flying_speed <= 27.56; weather = 4.0; countermeasure = 0.0; flying_speed <= 27.56; threat_range <= 30458.59; countermeasure = 0.0; countermeasure = 0.0; flying_speed <= 27.56; threat_range <= 30458.59; countermeasure = 0.0; flying_speed <= 27.56; #threats > 75.00,12,1,1,1,1,1,1,1,1,1,1,1,1,1,1,1,1,1,1,1,1,1,1,1,1
722,day_time <= 12.00; #threats <= 75.00; #threats > 26.00; #threats <= 75.00; day_time <= 6.00; #threats <= 53.00; weather = 3.0; day_time <= 6.00,8,0,0,1,0,1,1,0,0,1,0,1,0,0,0,1,0,0,0,1,0,1,0,1,1
723,countermeasure = 0.0; flying_speed <= 15.83; countermeasure = 0.0; flying_speed <= 15.83; threat_range <= 20104.47; countermeasure = 0.0; #threats <= 75.00; countermeasure = 0.0; flying_speed <= 15.83; #threats > 26.00; countermeasure = 0.0; flying_speed <= 15.83; flying_speed <= 38.83; flying_speed <= 15.83; #threats <= 53.00,12,1,1,1,1,1,1,1,1,1,1,1,1,1,1,1,1,1,1,1,1,1,1,1,1
724,flying_speed <= 15.83; formation = 0.0; day_time > 6.00; threat_range <= 20104.47; #threats <= 75.00; flying_speed <= 15.83; day_time <= 12.00; flying_speed <= 15.83; threat_range <= 10398.43; 6.00 < day_time <= 12.00; weather = 1.0; countermeasure = 1.0; flying_speed <= 15.83; weather = 1.0; day_time <= 18.00; formation = 0.0; flying_speed <= 15.83; #threats <= 53.00; #threats <= 75.00,11,0,1,1,1,1,1,1,1,1,1,1,1,1,1,1,1,1,1,1,1,1,1,1,1
725,countermeasure = 0.0; threat_range > 20104.47; countermeasure = 0.0; flying_speed <= 15.83; flying_speed <= 15.83; countermeasure = 0.0; flying_speed <= 15.83; flying_speed <= 15.83; countermeasure = 0.0; flying_speed <= 15.83; countermeasure = 0.0; flying_speed <= 15.83; countermeasure = 0.0; 26.00 < #threats <= 75.00; flying_speed <= 15.83,12,1,1,1,1,1,1,1,1,1,1,1,1,1,1,1,1,1,1,1,1,1,1,1,1
726,flying_speed <= 15.83; #threats <= 53.00; flying_speed <= 15.83; 26.00 < #threats <= 53.00; day_time > 6.00; flying_speed <= 15.83,8,0,0,1,1,1,1,0,0,1,1,1,1,0,0,1,1,0,0,1,1,1,1,1,1
727,countermeasure = 0.0; #threats <= 75.00; countermeasure = 0.0; flying_speed <= 15.83; day_time <= 6.00; flying_speed <= 15.83; flying_speed <= 15.83; countermeasure = 0.0; flying_speed <= 15.83; flying_speed <= 15.83; countermeasure = 0.0; flying_speed <= 27.56; flying_speed <= 27.56; day_time <= 6.00; flying_speed <= 15.83; countermeasure = 0.0; day_time <= 6.00,12,1,1,1,1,1,1,1,1,1,1,1,1,1,1,1,1,1,1,1,1,1,1,1,1
728,countermeasure = 0.0; #threats <= 75.00; countermeasure = 0.0; flying_speed <= 27.56; #threats <= 75.00; threat_range <= 30458.59; #threats <= 75.00; #threats <= 53.00; countermeasure = 0.0; flying_speed <= 27.56; flying_speed <= 27.56; countermeasure = 0.0; flying_speed <= 27.56; flying_speed <= 38.83; #threats <= 53.00; countermeasure = 0.0; day_time > 12.00,12,1,1,1,1,1,1,1,1,1,1,1,1,1,1,1,1,1,1,1,1,1,1,1,1
729,#threats <= 75.00; day_time <= 6.00; day_time <= 6.00; formation = 0.0; day_time <= 6.00; threat_range <= 10398.43; weather = 2.0; flying_speed <= 38.83,8,0,1,1,1,1,1,0,1,1,1,1,1,0,1,1,1,0,1,1,1,1,1,1,1
730,threat_range > 30458.59; formation = 1.0; #threats <= 53.00; #threats <= 53.00; weather = 1.0; #threats <= 53.00; threat_range > 10398.43; flying_speed <= 38.83; day_time > 12.00; #threats <= 26.00,8,0,0,1,1,1,1,0,0,1,1,1,1,0,0,1,1,0,0,1,1,1,1,1,1
731,flying_speed <= 38.83; #threats <= 75.00; countermeasure = 1.0; day_time > 6.00; flying_speed <= 38.83; countermeasure = 1.0,7,0,1,1,0,1,1,0,0,1,0,1,0,0,0,1,0,0,0,1,0,0,0,1,0
732,countermeasure = 0.0; #threats <= 75.00; countermeasure = 0.0; day_time <= 6.00; threat_range > 10398.43; #threats <= 75.00; weather = 4.0; countermeasure = 0.0; day_time <= 6.00; threat_range > 10398.43; weather = 4.0; #threats <= 75.00; #threats <= 26.00; countermeasure = 0.0; day_time <= 6.00; formation = 0.0; #threats <= 53.00; day_time <= 6.00; countermeasure = 0.0; #threats <= 53.00,12,1,1,1,1,1,1,1,1,1,1,1,1,1,1,1,1,1,1,1,1,1,1,1,1
733,countermeasure = 0.0; flying_speed <= 38.83; countermeasure = 0.0; flying_speed <= 38.83; countermeasure = 0.0; countermeasure = 0.0; flying_speed <= 38.83; #threats > 26.00; threat_range <= 30458.59; formation = 0.0; countermeasure = 0.0; day_time <= 12.00; flying_speed <= 38.83; countermeasure = 0.0; threat_range <= 30458.59; #threats > 26.00; formation = 0.0; threat_range <= 20104.47,11,1,0,1,1,1,1,1,0,1,1,1,1,1,0,1,1,0,0,1,1,1,1,1,1
734,countermeasure = 0.0; weather = 4.0; countermeasure = 0.0; flying_speed <= 27.56; formation = 1.0; countermeasure = 0.0; flying_speed <= 27.56; #threats > 53.00; threat_range > 20104.47; countermeasure = 0.0; flying_speed <= 27.56; #threats > 26.00; 15.83 < flying_speed <= 27.56; countermeasure = 0.0; threat_range > 10398.43; formation = 1.0; day_time > 18.00,12,1,0,1,1,1,1,1,0,1,1,1,1,1,0,1,1,1,0,1,1,1,1,1,1
735,flying_speed <= 38.83; #threats <= 75.00; #threats <= 53.00; 10398.43 < threat_range <= 20104.47; day_time <= 12.00; flying_speed <= 27.56,8,0,0,1,1,1,1,0,0,1,1,1,1,0,0,1,0,0,0,1,0,1,1,1,1
736,day_time <= 6.00; #threats <= 75.00; day_time <= 6.00; #threats <= 75.00; day_time <= 6.00; 10398.43 < threat_range <= 20104.47; #threats <= 53.00; day_time <= 6.00,8,0,1,1,1,1,1,0,1,1,1,1,1,0,1,1,1,0,1,1,1,1,1,1,1
737,countermeasure = 0.0; countermeasure = 0.0; flying_speed <= 38.83; threat_range > 10398.43; threat_range > 20104.47; countermeasure = 0.0; flying_speed <= 38.83; threat_range <= 30458.59; #threats <= 26.00; countermeasure = 0.0; flying_speed <= 38.83; countermeasure = 0.0; #threats <= 26.00; 10398.43 < threat_range <= 30458.59; countermeasure = 0.0; threat_range > 20104.47,12,1,1,1,1,1,1,1,1,1,1,1,1,1,1,1,1,1,1,1,1,1,1,1,1
738,#threats <= 75.00; #threats <= 75.00; #threats <= 75.00; #threats <= 75.00; flying_speed <= 27.56; flying_speed <= 15.83; #threats > 26.00; weather = 1.0; threat_range <= 30458.59; flying_speed <= 38.83,8,0,1,1,1,1,1,0,1,1,1,1,1,0,1,1,1,0,1,1,1,1,1,1,1
739,day_time > 18.00; #threats <= 53.00; weather = 3.0; #threats <= 53.00; flying_speed <= 27.56; weather = 3.0; weather = 3.0,8,0,1,1,1,1,1,0,1,1,1,1,1,0,1,1,1,0,1,1,1,1,1,1,1
740,day_time <= 12.00; #threats <= 53.00; threat_range <= 30458.59; flying_speed <= 38.83; #threats <= 53.00; #threats <= 53.00; day_time <= 12.00; weather = 2.0; flying_speed <= 38.83; #threats <= 53.00,8,0,1,1,1,1,1,0,1,1,1,1,1,0,1,1,1,0,1,1,1,1,1,1,1
741,countermeasure = 0.0; threat_range > 10398.43; countermeasure = 0.0; #threats > 26.00; threat_range > 10398.43; weather = 4.0; formation = 1.0; flying_speed > 27.56; threat_range > 10398.43; countermeasure = 0.0; threat_range > 30458.59; countermeasure = 0.0; weather = 4.0; flying_speed > 15.83; countermeasure = 0.0,11,1,0,1,0,1,1,1,0,1,0,1,0,0,0,1,0,1,0,1,0,1,0,1,0
742,#threats > 75.00; flying_speed <= 15.83; threat_range <= 10398.43; day_time <= 12.00; threat_range <= 10398.43; flying_speed <= 15.83; flying_speed <= 15.83; flying_speed <= 15.83; #threats > 75.00; formation = 1.0; threat_range <= 20104.47; 6.00 < day_time <= 12.00; weather = 2.0; flying_speed <= 15.83; flying_speed <= 15.83; #threats > 75.00; formation = 1.0; weather = 2.0; threat_range <= 30458.59; day_time <= 12.00; flying_speed <= 38.83; flying_speed <= 15.83; weather = 2.0; threat_range <= 10398.43; flying_speed <= 27.56,11,1,0,1,1,1,1,0,0,1,1,1,1,1,0,1,1,1,0,1,1,1,1,1,1
743,countermeasure = 0.0; countermeasure = 0.0; flying_speed <= 38.83; #threats > 26.00; #threats <= 75.00; countermeasure = 0.0; flying_speed <= 38.83; threat_range <= 30458.59; countermeasure = 0.0; flying_speed <= 38.83; countermeasure = 0.0; weather = 2.0; formation = 0.0,12,1,1,1,1,1,1,1,1,1,1,1,1,1,1,1,1,1,1,1,1,1,1,1,1
744,countermeasure = 0.0; countermeasure = 0.0; flying_speed <= 27.56; flying_speed <= 15.83; day_time <= 6.00; countermeasure = 0.0; flying_speed <= 15.83; #threats <= 53.00; countermeasure = 0.0; flying_speed <= 27.56; flying_speed <= 15.83; flying_speed <= 15.83; countermeasure = 0.0; weather = 2.0; flying_speed <= 15.83,12,1,1,1,1,1,1,1,1,1,1,1,1,1,1,1,1,1,1,1,1,1,1,1,1
745,countermeasure = 0.0; #threats <= 75.00; countermeasure = 0.0; day_time <= 6.00; flying_speed <= 38.83; #threats <= 75.00; countermeasure = 0.0; flying_speed <= 38.83; day_time <= 12.00; #threats <= 75.00; countermeasure = 0.0; flying_speed <= 38.83; #threats <= 53.00; day_time <= 6.00; countermeasure = 0.0; #threats <= 53.00; #threats <= 53.00,12,1,0,1,0,1,1,1,0,1,0,1,1,1,0,1,0,1,0,1,0,1,0,1,1
746,#threats <= 53.00; flying_speed > 27.56; threat_range > 20104.47; flying_speed <= 38.83; formation = 1.0,7,0,0,1,0,1,1,0,0,1,0,1,0,0,0,1,0,0,0,1,0,0,0,1,0
747,countermeasure = 0.0; #threats <= 75.00; countermeasure = 0.0; flying_speed <= 27.56; threat_range <= 30458.59; #threats <= 75.00; countermeasure = 0.0; flying_speed <= 27.56; threat_range <= 30458.59; #threats > 26.00; #threats <= 75.00; countermeasure = 0.0; flying_speed <= 27.56; 10398.43 < threat_range <= 20104.47; flying_speed <= 27.56; formation = 0.0,12,1,1,1,1,1,1,1,1,1,1,1,1,1,1,1,1,1,1,1,1,1,1,1,1
748,flying_speed <= 15.83; flying_speed <= 38.83; day_time <= 6.00; flying_speed <= 15.83; flying_speed <= 15.83; #threats <= 53.00; day_time <= 6.00,8,0,0,1,1,1,1,0,0,1,1,1,1,0,0,1,1,0,0,1,1,1,1,1,1
749,countermeasure = 0.0; #threats <= 75.00; countermeasure = 0.0; flying_speed <= 38.83; 26.00 < #threats <= 75.00; #threats <= 75.00; countermeasure = 0.0; countermeasure = 0.0; flying_speed <= 38.83; #threats > 26.00; weather = 3.0; countermeasure = 0.0; 10398.43 < threat_range <= 20104.47; #threats <= 75.00; formation = 0.0,12,1,0,1,1,1,1,1,0,1,1,1,1,1,0,1,1,1,0,1,1,1,1,1,1
750,countermeasure = 0.0; countermeasure = 0.0; flying_speed <= 27.56; #threats > 26.00; day_time <= 12.00; weather = 2.0; countermeasure = 0.0; flying_speed <= 27.56; #threats > 26.00; threat_range > 10398.43; countermeasure = 0.0; flying_speed <= 27.56; weather = 2.0; flying_speed <= 27.56; weather = 2.0; day_time <= 12.00; countermeasure = 0.0,12,1,1,1,1,1,1,1,1,1,1,1,1,1,1,1,1,1,1,1,1,1,1,1,1
751,countermeasure = 0.0; countermeasure = 0.0; flying_speed <= 15.83; day_time > 18.00; countermeasure = 0.0; flying_speed <= 15.83; weather = 2.0; countermeasure = 0.0; flying_speed <= 27.56; flying_speed <= 15.83; flying_speed <= 15.83,10,1,0,0,0,1,1,1,0,1,0,1,0,1,0,1,0,1,0,1,0,0,0,1,0
752,countermeasure = 0.0; countermeasure = 0.0; #threats > 26.00; formation = 1.0; threat_range <= 30458.59; threat_range <= 30458.59; countermeasure = 0.0; countermeasure = 0.0; day_time <= 12.00; weather = 3.0; #threats > 26.00; formation = 1.0; countermeasure = 0.0; formation = 1.0; countermeasure = 0.0; flying_speed > 38.83; threat_range <= 20104.47; day_time <= 12.00; countermeasure = 0.0,12,1,1,1,0,1,1,1,0,1,0,1,0,1,0,1,0,1,0,1,0,1,0,1,0
753,day_time <= 6.00; #threats <= 75.00; #threats <= 75.00; flying_speed <= 38.83; day_time <= 6.00; 10398.43 < threat_range <= 20104.47; flying_speed <= 27.56,8,0,0,1,1,1,1,0,0,1,1,1,1,0,0,1,1,0,0,1,1,1,1,1,1
754,weather = 2.0; flying_speed > 15.83; day_time <= 12.00; threat_range > 20104.47; threat_range > 30458.59,7,0,1,1,0,1,1,0,0,1,0,1,0,0,0,1,0,0,0,1,0,0,0,1,1
755,#threats <= 75.00; #threats <= 53.00; weather = 2.0; #threats <= 53.00; #threats <= 75.00; weather = 2.0,7,0,0,1,0,1,1,0,0,1,0,1,0,0,0,1,0,0,0,1,0,0,0,1,1
756,#threats > 75.00; 6.00 < day_time <= 18.00; formation = 0.0; flying_speed > 15.83; threat_range > 10398.43; threat_range > 20104.47; weather = 2.0; #threats > 26.00; threat_range > 30458.59; threat_range > 30458.59,8,1,1,1,0,1,1,0,0,1,0,1,0,0,0,1,0,0,0,1,0,0,0,1,1
757,flying_speed <= 27.56; #threats <= 75.00; threat_range > 20104.47; #threats <= 53.00; 20104.47 < threat_range <= 30458.59; #threats <= 53.00; day_time > 12.00; formation = 0.0,8,0,1,1,1,1,1,0,1,1,1,1,1,0,1,1,1,0,1,1,1,1,1,1,1
758,countermeasure = 0.0; flying_speed <= 15.83; countermeasure = 0.0; flying_speed <= 15.83; threat_range <= 30458.59; flying_speed <= 15.83; flying_speed <= 27.56; countermeasure = 0.0; flying_speed <= 15.83; flying_speed <= 27.56; countermeasure = 0.0; flying_speed <= 15.83; flying_speed <= 15.83; flying_speed <= 15.83; countermeasure = 0.0; flying_speed <= 15.83,12,1,1,1,1,1,1,1,1,1,1,1,1,1,1,1,1,1,1,1,1,1,1,1,1
759,countermeasure = 0.0; formation = 0.0; countermeasure = 0.0; #threats > 53.00; day_time <= 6.00; formation = 0.0; day_time <= 6.00; countermeasure = 0.0; day_time <= 6.00; threat_range > 10398.43; countermeasure = 0.0; countermeasure = 0.0; threat_range > 20104.47; threat_range > 20104.47; day_time <= 6.00; countermeasure = 0.0; threat_range > 10398.43; #threats > 26.00; formation = 0.0; weather = 2.0; countermeasure = 0.0,12,1,1,1,1,1,1,1,1,1,1,1,1,1,1,1,1,1,1,1,1,1,1,1,1
760,countermeasure = 0.0; formation = 0.0; countermeasure = 0.0; flying_speed <= 27.56; countermeasure = 0.0; flying_speed <= 27.56; #threats > 26.00; countermeasure = 0.0; countermeasure = 0.0; flying_speed <= 38.83; flying_speed <= 27.56; threat_range > 10398.43; countermeasure = 0.0; weather = 2.0; day_time > 12.00,12,1,1,1,1,1,1,1,1,1,1,1,1,1,1,1,1,1,1,1,1,1,1,1,1
761,weather = 1.0; flying_speed > 27.56; flying_speed > 27.56; flying_speed <= 38.83; 10398.43 < threat_range <= 20104.47; day_time <= 12.00; 27.56 < flying_speed <= 38.83; threat_range <= 20104.47,8,0,1,1,1,1,1,0,1,1,1,1,1,0,1,1,1,0,1,1,1,1,1,1,1
762,#threats <= 53.00; #threats <= 75.00; #threats <= 26.00; #threats <= 26.00; #threats <= 26.00; flying_speed > 38.83; threat_range > 10398.43; day_time > 18.00; countermeasure = 1.0; threat_range > 10398.43,8,0,0,1,1,1,1,0,0,1,1,1,1,0,0,1,1,0,0,1,1,1,1,1,1
763,flying_speed <= 38.83; day_time <= 6.00; #threats <= 75.00; formation = 0.0; flying_speed <= 27.56; day_time <= 6.00; threat_range <= 30458.59; weather = 1.0,7,0,1,1,0,1,1,0,0,1,0,1,0,0,0,1,0,0,0,1,0,1,0,0,0
764,#threats > 75.00; threat_range <= 30458.59; 12.00 < day_time <= 18.00; flying_speed <= 15.83; flying_speed <= 15.83; flying_speed <= 15.83; #threats > 75.00; 10398.43 < threat_range <= 30458.59; 12.00 < day_time <= 18.00; threat_range > 10398.43; flying_speed <= 15.83; #threats > 75.00; 20104.47 < threat_range <= 30458.59; formation = 0.0; flying_speed <= 15.83; flying_speed <= 15.83; #threats > 75.00; 10398.43 < threat_range <= 30458.59; weather = 3.0; day_time <= 18.00; flying_speed <= 38.83; flying_speed <= 15.83; threat_range <= 30458.59; day_time <= 18.00; formation = 0.0; flying_speed <= 15.83,12,1,1,1,1,1,1,1,1,1,1,1,1,1,1,1,1,1,1,1,1,1,1,1,1
765,countermeasure = 0.0; countermeasure = 0.0; 26.00 < #threats <= 53.00; threat_range > 10398.43; #threats <= 53.00; countermeasure = 0.0; 26.00 < #threats <= 75.00; weather = 2.0; #threats <= 75.00; countermeasure = 0.0; threat_range > 20104.47; threat_range > 10398.43; countermeasure = 0.0; weather = 2.0; flying_speed > 38.83; 26.00 < #threats <= 75.00; day_time > 12.00,12,1,1,1,1,1,1,1,1,1,1,1,1,1,1,1,1,1,1,1,1,1,1,1,1
766,countermeasure = 0.0; weather = 1.0; countermeasure = 0.0; flying_speed <= 38.83; day_time > 18.00; #threats <= 53.00; countermeasure = 0.0; countermeasure = 0.0; #threats > 26.00; countermeasure = 0.0,9,1,1,1,0,1,1,1,0,1,0,1,0,0,0,1,0,1,0,1,0,0,0,0,0
767,#threats <= 53.00; #threats <= 26.00; #threats <= 26.00,7,0,1,1,0,1,1,0,0,1,0,1,0,0,0,1,0,0,0,1,0,0,0,1,0
768,countermeasure = 0.0; flying_speed <= 38.83; countermeasure = 0.0; flying_speed <= 38.83; weather = 1.0; flying_speed <= 38.83; countermeasure = 0.0; 26.00 < #threats <= 75.00; flying_speed <= 38.83; countermeasure = 0.0; flying_speed <= 38.83; #threats <= 75.00; 10398.43 < threat_range <= 20104.47; countermeasure = 0.0; #threats <= 75.00; #threats > 26.00,12,1,1,1,1,1,1,1,1,1,1,1,1,1,1,1,1,1,1,1,1,1,1,1,1
769,#threats > 26.00; flying_speed <= 27.56; threat_range <= 10398.43; day_time > 6.00; weather = 2.0; #threats <= 75.00; flying_speed <= 27.56; formation = 0.0; #threats > 26.00; day_time > 6.00; #threats <= 53.00; weather = 2.0; flying_speed <= 27.56; threat_range <= 30458.59; 26.00 < #threats <= 75.00; weather = 2.0; formation = 0.0; day_time > 6.00; threat_range <= 20104.47; day_time <= 18.00; flying_speed <= 27.56; #threats > 26.00; #threats <= 75.00; flying_speed <= 27.56; threat_range <= 20104.47; #threats <= 53.00; #threats <= 75.00,12,1,1,1,1,1,1,1,1,1,1,1,1,1,1,1,1,1,1,1,1,1,1,1,1
770,threat_range <= 10398.43; #threats > 26.00; formation = 0.0; flying_speed <= 38.83; #threats <= 53.00; flying_speed <= 38.83; 26.00 < #threats <= 53.00; day_time > 18.00; threat_range <= 10398.43; formation = 0.0; weather = 1.0; #threats <= 75.00; day_time > 18.00; flying_speed <= 38.83; threat_range <= 10398.43; weather = 1.0; 26.00 < #threats <= 53.00; day_time > 18.00; formation = 0.0; #threats <= 53.00; flying_speed <= 38.83; weather = 1.0; #threats > 26.00; threat_range <= 20104.47; day_time > 18.00; formation = 0.0; 26.00 < #threats <= 53.00; threat_range <= 20104.47; day_time > 18.00; #threats <= 53.00,12,1,1,1,1,1,1,1,1,1,1,1,1,1,1,1,1,1,1,1,1,1,1,1,1
771,threat_range > 20104.47; #threats <= 53.00; #threats <= 53.00; formation = 0.0; #threats <= 53.00; #threats <= 53.00; weather = 3.0; threat_range > 30458.59; 6.00 < day_time <= 12.00; threat_range > 20104.47,8,0,1,1,0,1,1,0,0,1,0,1,0,0,0,1,0,0,0,1,0,1,1,1,1
772,#threats <= 75.00; #threats <= 53.00; #threats > 26.00; #threats <= 53.00; day_time <= 6.00; threat_range <= 30458.59; formation = 1.0; flying_speed > 15.83; day_time <= 6.00,8,0,1,1,1,1,1,0,1,1,1,1,1,0,1,1,1,0,1,1,1,1,1,1,1
773,#threats <= 53.00; #threats <= 26.00; #threats <= 75.00; #threats <= 26.00; threat_range <= 20104.47; #threats <= 53.00; flying_speed > 15.83; day_time <= 18.00; weather = 3.0; weather = 3.0,8,0,0,1,1,1,1,0,0,1,1,1,1,0,0,1,1,0,0,1,1,1,1,1,1
774,countermeasure = 0.0; flying_speed <= 27.56; countermeasure = 0.0; flying_speed <= 27.56; weather = 4.0; countermeasure = 0.0; flying_speed <= 27.56; #threats > 26.00; threat_range > 10398.43; weather = 4.0; countermeasure = 0.0; flying_speed <= 27.56; flying_speed <= 38.83; flying_speed <= 27.56; threat_range > 10398.43; 12.00 < day_time <= 18.00; day_time > 6.00,12,1,0,1,1,1,1,1,0,1,1,1,1,1,0,1,1,1,0,1,1,1,1,1,1
775,#threats > 53.00; day_time > 12.00; threat_range <= 20104.47; weather = 4.0; #threats <= 75.00; day_time > 18.00; day_time > 12.00; threat_range <= 20104.47; #threats <= 75.00; flying_speed > 38.83; weather = 4.0; day_time > 18.00,9,1,1,1,0,1,1,0,0,1,0,1,0,0,0,1,0,0,0,1,0,1,0,1,0
776,threat_range > 20104.47; flying_speed <= 15.83; threat_range > 20104.47; flying_speed <= 38.83; flying_speed <= 15.83; formation = 0.0; day_time > 6.00; flying_speed <= 15.83,8,0,0,1,1,1,1,0,0,1,1,1,1,0,0,1,1,0,0,1,1,1,1,1,1
777,#threats <= 53.00; #threats <= 75.00; flying_speed <= 27.56; flying_speed <= 15.83; 26.00 < #threats <= 75.00; formation = 0.0,8,0,0,1,1,1,1,0,0,1,1,1,1,0,0,1,1,0,0,1,1,1,1,1,1
778,countermeasure = 0.0; weather = 3.0; countermeasure = 0.0; flying_speed <= 27.56; weather = 3.0; countermeasure = 0.0; flying_speed <= 15.83; flying_speed <= 38.83; countermeasure = 0.0; flying_speed <= 27.56; flying_speed <= 15.83; weather = 3.0; threat_range <= 30458.59; day_time > 6.00; flying_speed <= 15.83,12,1,1,1,1,1,1,1,1,1,1,1,1,1,1,1,1,1,1,1,1,1,1,1,1
779,countermeasure = 0.0; #threats <= 26.00; countermeasure = 0.0; flying_speed <= 38.83; threat_range > 10398.43; weather = 3.0; #threats <= 26.00; day_time <= 6.00; countermeasure = 0.0; day_time <= 6.00; formation = 1.0; flying_speed <= 38.83; weather = 3.0; flying_speed <= 38.83; countermeasure = 0.0; #threats <= 26.00; #threats <= 53.00; flying_speed <= 38.83; day_time <= 6.00; threat_range > 30458.59,12,1,1,1,1,1,1,1,1,1,1,1,1,1,1,1,1,1,1,1,1,1,1,1,1
780,#threats > 75.00; 15.83 < flying_speed <= 27.56; day_time <= 18.00; threat_range <= 20104.47; day_time <= 12.00,3,1,1,0,0,1,1,0,0,0,0,0,0,0,0,0,0,0,0,0,0,0,0,1,1
781,threat_range > 10398.43; #threats <= 53.00; threat_range <= 30458.59; #threats <= 53.00; #threats <= 75.00; flying_speed <= 38.83; #threats <= 53.00; 12.00 < day_time <= 18.00; threat_range > 20104.47,8,0,0,1,1,1,1,0,0,1,1,1,1,0,0,1,1,0,0,1,1,1,1,1,1
782,#threats <= 75.00; flying_speed > 27.56; flying_speed <= 38.83; day_time <= 6.00,7,0,1,1,0,1,1,0,0,1,0,1,0,0,0,1,0,0,0,1,0,0,0,1,0
783,countermeasure = 0.0; flying_speed <= 15.83; countermeasure = 0.0; flying_speed <= 15.83; weather = 2.0; countermeasure = 0.0; flying_speed <= 15.83; #threats <= 75.00; countermeasure = 0.0; flying_speed <= 15.83; flying_speed <= 15.83; countermeasure = 0.0; flying_speed <= 15.83,12,1,1,1,1,1,1,1,1,1,1,1,1,1,1,1,1,1,1,1,1,1,1,1,1
784,countermeasure = 0.0; #threats <= 75.00; countermeasure = 0.0; flying_speed <= 38.83; #threats > 26.00; #threats <= 75.00; countermeasure = 0.0; flying_speed <= 38.83; #threats > 26.00; threat_range <= 30458.59; flying_speed <= 38.83; countermeasure = 0.0; formation = 1.0; threat_range <= 30458.59; day_time > 6.00; threat_range <= 10398.43; #threats <= 75.00; countermeasure = 0.0; formation = 1.0,12,1,1,1,1,1,1,1,1,1,1,1,1,1,1,1,1,1,1,1,1,1,1,1,1
785,#threats > 75.00; threat_range > 10398.43; flying_speed <= 38.83; weather = 3.0; countermeasure = 1.0; flying_speed > 27.56; day_time > 18.00; weather = 3.0; threat_range > 30458.59; flying_speed <= 38.83; formation = 1.0; #threats > 75.00; day_time > 18.00; countermeasure = 1.0,8,1,1,1,0,1,1,0,0,1,0,1,0,0,0,1,0,0,0,1,0,1,0,0,0
786,#threats > 75.00; 6.00 < day_time <= 18.00; threat_range > 30458.59; 15.83 < flying_speed <= 38.83; flying_speed <= 38.83; weather = 1.0; weather = 1.0; 27.56 < flying_speed <= 38.83; formation = 0.0; threat_range > 10398.43; #threats > 75.00; 12.00 < day_time <= 18.00; weather = 1.0; flying_speed > 27.56,9,1,1,1,1,1,1,0,1,1,1,1,1,0,1,1,1,0,1,1,1,1,1,1,1
787,countermeasure = 0.0; #threats <= 53.00; countermeasure = 0.0; flying_speed <= 27.56; threat_range <= 30458.59; day_time <= 12.00; day_time <= 12.00; countermeasure = 0.0; flying_speed <= 27.56; threat_range <= 20104.47; countermeasure = 0.0; flying_speed <= 27.56; flying_speed <= 27.56; threat_range <= 20104.47; day_time <= 6.00; day_time <= 6.00,12,1,1,1,0,1,1,1,0,1,0,1,0,1,0,1,0,1,0,1,0,1,1,1,1
788,#threats > 75.00; 15.83 < flying_speed <= 27.56; 10398.43 < threat_range <= 20104.47; formation = 0.0; day_time <= 18.00; flying_speed <= 38.83; countermeasure = 1.0; threat_range > 10398.43; flying_speed <= 38.83; 10398.43 < threat_range <= 20104.47; weather = 4.0; #threats > 75.00,9,1,1,1,0,1,1,0,0,1,0,1,0,0,0,1,0,0,0,1,0,1,0,1,1
789,formation = 0.0; #threats <= 26.00; #threats <= 26.00; day_time <= 12.00; #threats <= 26.00; day_time <= 6.00; threat_range > 10398.43; day_time <= 6.00,8,0,1,1,1,1,1,0,1,1,1,1,1,0,1,1,1,0,1,1,1,1,1,1,1
790,countermeasure = 0.0; countermeasure = 0.0; flying_speed <= 38.83; threat_range > 10398.43; #threats > 26.00; flying_speed <= 38.83; formation = 1.0; countermeasure = 0.0; flying_speed <= 38.83; #threats > 26.00; countermeasure = 0.0; countermeasure = 0.0; flying_speed <= 38.83; day_time > 18.00; 10398.43 < threat_range <= 30458.59; flying_speed <= 38.83; formation = 1.0; #threats > 75.00,12,1,1,1,1,1,1,1,1,1,1,1,1,1,1,1,1,1,1,1,1,1,1,1,1
791,countermeasure = 0.0; #threats <= 75.00; countermeasure = 0.0; 10398.43 < threat_range <= 20104.47; weather = 4.0; #threats <= 75.00; day_time > 18.00; day_time > 12.00; countermeasure = 0.0; 10398.43 < threat_range <= 30458.59; #threats <= 75.00; day_time > 12.00; weather = 4.0; formation = 0.0; day_time > 6.00; countermeasure = 0.0; threat_range > 10398.43; weather = 4.0; threat_range <= 20104.47; countermeasure = 0.0; #threats <= 53.00; flying_speed > 38.83,12,1,0,1,1,1,1,1,0,1,1,1,1,1,0,1,1,1,0,1,1,1,1,1,1
792,countermeasure = 0.0; countermeasure = 0.0; flying_speed <= 38.83; 10398.43 < threat_range <= 30458.59; day_time > 12.00; #threats <= 53.00; #threats <= 53.00; countermeasure = 0.0; flying_speed <= 38.83; 10398.43 < threat_range <= 30458.59; #threats <= 26.00; countermeasure = 0.0; weather = 1.0; threat_range <= 20104.47; countermeasure = 0.0; 10398.43 < threat_range <= 20104.47; #threats <= 26.00; day_time > 12.00,12,1,1,1,1,1,1,1,1,1,1,1,1,1,1,1,1,1,1,1,1,1,1,1,1
793,countermeasure = 0.0; #threats <= 75.00; countermeasure = 0.0; flying_speed <= 27.56; weather = 3.0; countermeasure = 0.0; flying_speed <= 27.56; threat_range <= 30458.59; countermeasure = 0.0; countermeasure = 0.0; flying_speed <= 27.56; countermeasure = 0.0; flying_speed <= 27.56; countermeasure = 0.0,12,1,1,1,1,1,1,1,1,1,1,1,1,1,1,1,1,1,1,1,1,1,1,1,1
794,weather = 2.0; #threats <= 75.00; #threats <= 75.00; flying_speed <= 38.83; weather = 2.0; flying_speed <= 27.56; formation = 1.0; weather = 2.0; day_time <= 6.00; day_time <= 6.00,8,0,1,1,1,1,1,0,1,1,1,1,1,0,1,1,1,0,1,1,1,1,1,1,1
795,#threats > 75.00; flying_speed <= 15.83; threat_range <= 20104.47; formation = 1.0; day_time > 12.00; formation = 1.0; flying_speed <= 38.83; flying_speed <= 15.83; flying_speed <= 15.83; weather = 3.0; flying_speed <= 15.83,9,1,0,1,1,1,1,0,0,1,1,1,1,0,0,1,1,0,0,1,1,1,1,1,1
796,countermeasure = 0.0; #threats <= 75.00; countermeasure = 0.0; flying_speed <= 38.83; formation = 1.0; day_time > 6.00; countermeasure = 0.0; flying_speed <= 38.83; threat_range <= 30458.59; #threats > 26.00; day_time > 12.00; countermeasure = 0.0; flying_speed <= 38.83; threat_range <= 30458.59; day_time > 18.00,11,1,1,1,0,1,1,1,0,1,0,1,0,1,0,1,0,1,0,1,0,0,0,1,1
797,#threats <= 75.00; formation = 1.0; day_time > 18.00,5,0,0,1,1,1,1,0,0,1,1,1,1,0,0,0,0,0,0,1,0,0,0,0,0
798,countermeasure = 0.0; day_time <= 6.00; countermeasure = 0.0; day_time <= 6.00; formation = 0.0; #threats <= 75.00; threat_range > 10398.43; #threats <= 26.00; countermeasure = 0.0; day_time <= 6.00; #threats <= 75.00; formation = 0.0; threat_range > 10398.43; threat_range > 30458.59; countermeasure = 0.0; day_time <= 6.00; threat_range > 20104.47; #threats <= 53.00; #threats <= 53.00; day_time <= 6.00; day_time <= 6.00,12,1,1,1,1,1,1,1,1,1,1,1,1,1,1,1,1,1,1,1,1,1,1,1,1
799,#threats > 75.00; day_time > 6.00; formation = 0.0; 15.83 < flying_speed <= 38.83; flying_speed <= 38.83; weather = 2.0; day_time > 6.00; day_time > 18.00; flying_speed <= 38.83; #threats > 53.00; threat_range > 30458.59; formation = 0.0; day_time > 18.00,9,1,1,1,1,1,1,0,1,1,1,1,1,0,1,1,1,0,1,1,1,1,1,1,1
800,countermeasure = 0.0; #threats <= 75.00; countermeasure = 0.0; flying_speed <= 27.56; formation = 1.0; flying_speed <= 27.56; weather = 3.0; countermeasure = 0.0; flying_speed <= 27.56; threat_range <= 30458.59; countermeasure = 0.0; formation = 1.0; threat_range > 10398.43; flying_speed <= 27.56; #threats <= 75.00; day_time <= 18.00; threat_range > 20104.47,12,1,1,1,0,1,1,1,0,1,0,1,0,1,0,1,0,1,0,1,0,1,0,1,0
801,#threats > 75.00; 10398.43 < threat_range <= 20104.47; formation = 1.0; 6.00 < day_time <= 12.00; flying_speed > 38.83; weather = 2.0; threat_range > 10398.43; 10398.43 < threat_range <= 20104.47; #threats > 75.00; weather = 2.0; 6.00 < day_time <= 12.00; formation = 1.0; formation = 1.0; #threats > 75.00; formation = 1.0; 10398.43 < threat_range <= 20104.47; day_time <= 12.00; weather = 2.0; formation = 1.0; 6.00 < day_time <= 18.00; formation = 1.0; 10398.43 < threat_range <= 30458.59; threat_range <= 30458.59,11,1,0,1,1,1,1,0,0,1,1,1,1,1,0,1,1,1,0,1,1,1,1,1,1
802,#threats > 75.00; 12.00 < day_time <= 18.00; formation = 1.0; formation = 1.0; flying_speed <= 38.83; #threats > 53.00; threat_range > 10398.43; #threats > 75.00; weather = 1.0; 10398.43 < threat_range <= 30458.59; flying_speed <= 38.83; formation = 1.0; formation = 1.0; 27.56 < flying_speed <= 38.83; 10398.43 < threat_range <= 30458.59; formation = 1.0; day_time <= 18.00; #threats > 53.00; #threats > 75.00,10,1,1,1,1,1,1,0,1,1,1,1,1,0,1,1,1,1,1,1,1,1,1,1,1
803,countermeasure = 0.0; day_time > 6.00; countermeasure = 0.0; flying_speed <= 38.83; 53.00 < #threats <= 75.00; threat_range > 30458.59; countermeasure = 0.0; flying_speed <= 38.83; #threats > 26.00; threat_range > 30458.59; countermeasure = 0.0; flying_speed <= 38.83; threat_range > 20104.47; threat_range > 30458.59; #threats <= 75.00; countermeasure = 0.0; flying_speed <= 38.83; threat_range > 30458.59,12,1,1,1,0,1,1,1,0,1,0,1,1,1,0,1,1,1,1,1,1,1,1,1,1
804,countermeasure = 0.0; #threats <= 75.00; countermeasure = 0.0; flying_speed <= 38.83; day_time <= 6.00; #threats <= 75.00; #threats <= 75.00; countermeasure = 0.0; flying_speed <= 27.56; day_time <= 6.00; #threats > 26.00; countermeasure = 0.0; flying_speed <= 27.56; threat_range > 20104.47; day_time <= 6.00; flying_speed <= 27.56; countermeasure = 0.0; day_time <= 6.00,12,1,1,1,1,1,1,1,1,1,1,1,1,1,1,1,1,1,1,1,1,1,1,1,1
805,countermeasure = 0.0; threat_range <= 30458.59; countermeasure = 0.0; flying_speed <= 27.56; 10398.43 < threat_range <= 30458.59; countermeasure = 0.0; flying_speed <= 27.56; threat_range <= 30458.59; threat_range > 20104.47; countermeasure = 0.0; flying_speed <= 27.56; weather = 2.0; flying_speed <= 27.56; countermeasure = 0.0; day_time <= 12.00; formation = 1.0; countermeasure = 0.0,12,1,1,1,1,1,1,1,1,1,1,1,1,1,1,1,1,1,1,1,1,1,1,1,1
806,#threats <= 26.00; formation = 0.0; day_time <= 6.00; threat_range > 20104.47; #threats <= 75.00; day_time <= 6.00; #threats <= 53.00; weather = 3.0; formation = 0.0; countermeasure = 1.0,9,0,1,1,1,1,1,0,1,1,1,1,1,0,1,1,1,1,1,1,1,1,1,1,1
807,countermeasure = 0.0; day_time > 6.00; countermeasure = 0.0; flying_speed <= 38.83; #threats <= 75.00; day_time > 12.00; countermeasure = 0.0; #threats <= 53.00; #threats <= 53.00; threat_range > 10398.43; countermeasure = 0.0; weather = 2.0; flying_speed > 15.83; #threats <= 26.00,11,1,1,1,1,1,1,0,1,1,1,1,1,1,1,1,1,1,1,1,1,1,1,1,1
808,countermeasure = 0.0; countermeasure = 0.0; flying_speed <= 38.83; #threats > 26.00; threat_range <= 10398.43; countermeasure = 0.0; day_time <= 12.00; flying_speed <= 38.83; #threats <= 75.00; flying_speed <= 38.83; countermeasure = 0.0; countermeasure = 0.0; threat_range <= 20104.47; weather = 2.0; countermeasure = 0.0; day_time <= 12.00; day_time > 6.00,12,1,1,1,1,1,1,1,1,1,1,1,1,1,1,1,1,1,1,1,1,1,1,1,1
809,countermeasure = 0.0; #threats <= 75.00; countermeasure = 0.0; flying_speed <= 38.83; #threats > 53.00; countermeasure = 0.0; flying_speed <= 38.83; #threats > 26.00; threat_range <= 30458.59; threat_range <= 30458.59; countermeasure = 0.0; flying_speed <= 38.83; flying_speed <= 38.83; threat_range <= 30458.59; weather = 3.0; day_time > 12.00,12,1,1,1,1,1,1,1,1,1,1,1,1,1,1,1,1,1,1,1,1,1,1,1,1
810,flying_speed <= 15.83; #threats <= 75.00; threat_range > 10398.43; day_time <= 12.00; formation = 1.0; flying_speed <= 15.83; weather = 2.0; #threats <= 26.00,8,0,0,1,1,1,1,0,0,1,1,1,1,0,0,1,1,0,0,1,1,1,1,1,1
811,#threats <= 75.00; #threats <= 26.00; #threats <= 53.00; flying_speed <= 38.83; #threats <= 53.00; flying_speed <= 27.56; 12.00 < day_time <= 18.00; threat_range > 30458.59,8,0,0,1,1,1,1,0,0,1,1,1,1,0,0,1,1,0,0,1,1,1,1,1,1
812,formation = 0.0; threat_range > 10398.43; 10398.43 < threat_range <= 20104.47; day_time <= 12.00; day_time > 6.00,8,0,1,1,0,1,1,0,0,1,0,1,0,0,0,1,0,0,0,1,0,1,1,1,1
813,countermeasure = 0.0; #threats <= 75.00; #threats <= 75.00; #threats <= 75.00; countermeasure = 0.0; 26.00 < #threats <= 53.00; #threats <= 53.00; 26.00 < #threats <= 53.00; weather = 3.0; countermeasure = 0.0,10,1,1,1,1,1,1,0,1,1,1,1,1,0,1,1,1,1,1,1,1,1,1,1,1
814,countermeasure = 0.0; formation = 1.0; countermeasure = 0.0; weather = 2.0; threat_range <= 20104.47; formation = 1.0; day_time <= 12.00; #threats <= 75.00; #threats <= 75.00; day_time <= 12.00; countermeasure = 0.0; day_time <= 12.00; threat_range <= 30458.59; formation = 1.0; countermeasure = 0.0; formation = 1.0; #threats <= 75.00; threat_range <= 20104.47; #threats <= 53.00; flying_speed > 38.83; countermeasure = 0.0,12,1,1,1,1,1,1,1,1,1,1,1,1,1,1,1,1,1,1,1,1,1,1,1,1
815,countermeasure = 0.0; flying_speed <= 38.83; countermeasure = 0.0; flying_speed <= 27.56; 10398.43 < threat_range <= 20104.47; flying_speed <= 27.56; countermeasure = 0.0; flying_speed <= 27.56; threat_range <= 20104.47; countermeasure = 0.0; flying_speed <= 27.56; formation = 1.0; 10398.43 < threat_range <= 20104.47; countermeasure = 0.0; day_time <= 6.00; day_time <= 6.00,12,1,1,1,1,1,1,1,1,1,1,1,1,1,1,1,1,1,1,1,1,1,1,1,1
816,countermeasure = 0.0; #threats <= 75.00; countermeasure = 0.0; flying_speed <= 15.83; threat_range <= 30458.59; #threats <= 75.00; countermeasure = 0.0; flying_speed <= 15.83; threat_range <= 30458.59; threat_range > 10398.43; countermeasure = 0.0; flying_speed <= 15.83; flying_speed <= 15.83; flying_speed <= 27.56; countermeasure = 0.0; day_time <= 18.00; flying_speed <= 15.83,12,1,1,1,1,1,1,1,1,1,1,1,1,1,1,1,1,1,1,1,1,1,1,1,1
817,countermeasure = 0.0; #threats <= 75.00; countermeasure = 0.0; 26.00 < #threats <= 75.00; 10398.43 < threat_range <= 30458.59; weather = 3.0; #threats <= 75.00; threat_range <= 30458.59; countermeasure = 0.0; 53.00 < #threats <= 75.00; countermeasure = 0.0; countermeasure = 0.0; #threats > 26.00; threat_range > 10398.43; flying_speed > 38.83; day_time > 12.00; 10398.43 < threat_range <= 30458.59; flying_speed > 38.83,12,1,1,1,1,1,1,1,1,1,1,1,1,1,1,1,1,1,1,1,1,1,1,1,1
818,countermeasure = 0.0; weather = 1.0; countermeasure = 0.0; flying_speed <= 27.56; day_time > 18.00; #threats <= 53.00; countermeasure = 0.0; flying_speed <= 38.83; 26.00 < #threats <= 53.00; flying_speed <= 27.56; countermeasure = 0.0; day_time > 18.00; 15.83 < flying_speed <= 27.56; #threats <= 53.00; day_time > 18.00,12,1,1,1,1,1,1,1,1,1,1,1,1,1,1,1,1,1,1,1,1,1,1,1,1
819,countermeasure = 0.0; countermeasure = 0.0; day_time <= 6.00; threat_range <= 20104.47; #threats > 26.00; weather = 2.0; countermeasure = 0.0; threat_range <= 30458.59; #threats > 26.00; day_time <= 6.00; day_time <= 18.00; countermeasure = 0.0; day_time <= 6.00; day_time <= 6.00; threat_range <= 20104.47; countermeasure = 0.0; day_time <= 6.00,12,1,1,1,1,1,1,1,1,1,1,1,1,1,1,1,1,1,1,1,1,1,1,1,1
820,#threats <= 75.00; #threats <= 75.00; #threats <= 75.00; #threats <= 26.00; #threats <= 53.00; 10398.43 < threat_range <= 20104.47; flying_speed > 15.83; #threats <= 53.00,8,0,1,1,0,1,1,0,0,1,0,1,1,0,0,1,1,0,1,1,1,1,1,1,1
821,#threats <= 75.00; flying_speed <= 15.83; threat_range <= 30458.59; flying_speed <= 15.83; 26.00 < #threats <= 75.00; threat_range <= 30458.59; flying_speed <= 15.83,8,0,1,1,1,1,1,0,1,1,1,1,1,0,1,1,1,0,1,1,1,1,1,1,1
822,countermeasure = 0.0; day_time > 18.00; countermeasure = 0.0; #threats > 26.00; threat_range <= 30458.59; formation = 1.0; threat_range <= 20104.47; flying_speed > 38.83; countermeasure = 0.0; #threats > 53.00; threat_range <= 30458.59; formation = 1.0; countermeasure = 0.0; formation = 1.0; threat_range <= 30458.59; threat_range <= 20104.47; countermeasure = 0.0; day_time > 18.00; #threats > 75.00,12,1,1,1,1,1,1,1,1,1,1,1,1,1,1,1,1,1,1,1,1,1,1,1,1
823,countermeasure = 0.0; day_time > 18.00; countermeasure = 0.0; flying_speed <= 27.56; countermeasure = 0.0; weather = 2.0; countermeasure = 0.0; flying_speed <= 27.56; threat_range <= 30458.59; flying_speed <= 38.83; countermeasure = 0.0; flying_speed <= 27.56; threat_range > 10398.43; countermeasure = 0.0; 10398.43 < threat_range <= 20104.47; flying_speed > 15.83; flying_speed <= 27.56,12,1,1,1,1,1,1,1,1,1,1,1,1,1,1,1,1,1,1,1,1,1,1,1,1
824,day_time > 6.00; 26.00 < #threats <= 53.00; threat_range > 10398.43; #threats <= 53.00,8,0,0,1,1,1,1,0,0,1,1,1,1,0,0,1,0,0,0,1,0,1,1,1,1
825,#threats > 75.00; threat_range <= 20104.47; flying_speed > 38.83; day_time <= 6.00; day_time <= 18.00; day_time <= 6.00; day_time <= 6.00; weather = 1.0; countermeasure = 1.0; threat_range <= 20104.47; formation = 1.0; day_time <= 12.00; day_time <= 6.00,9,1,0,1,1,1,1,0,0,1,1,1,1,0,0,1,1,0,0,1,1,1,1,1,1
826,#threats > 75.00; threat_range <= 20104.47; 6.00 < day_time <= 18.00; formation = 0.0; flying_speed <= 38.83; threat_range > 10398.43; threat_range <= 30458.59; day_time > 6.00; #threats > 75.00; flying_speed <= 38.83; 10398.43 < threat_range <= 20104.47; weather = 2.0; weather = 2.0; threat_range <= 20104.47,9,1,1,1,0,1,1,0,0,1,0,1,0,0,0,1,0,1,0,1,0,0,0,1,0
827,flying_speed <= 38.83; #threats <= 75.00; #threats <= 75.00; 26.00 < #threats <= 53.00; flying_speed <= 27.56; #threats <= 53.00,8,0,1,1,1,1,1,0,1,1,1,1,1,0,1,1,1,0,1,1,1,1,1,1,1
828,countermeasure = 0.0; flying_speed <= 27.56; countermeasure = 0.0; flying_speed <= 27.56; #threats > 75.00; threat_range > 30458.59; day_time <= 6.00; countermeasure = 0.0; flying_speed <= 27.56; day_time <= 6.00; flying_speed > 15.83; countermeasure = 0.0; flying_speed <= 38.83; flying_speed <= 27.56; countermeasure = 0.0; threat_range > 10398.43; flying_speed <= 27.56,12,1,1,1,1,1,1,1,1,1,1,1,1,1,1,1,1,1,1,1,1,1,1,1,1
829,countermeasure = 0.0; countermeasure = 0.0; flying_speed <= 38.83; 26.00 < #threats <= 75.00; #threats <= 75.00; countermeasure = 0.0; flying_speed <= 38.83; threat_range <= 30458.59; #threats > 26.00; #threats <= 53.00; countermeasure = 0.0; flying_speed <= 38.83; threat_range <= 30458.59; threat_range <= 20104.47; 26.00 < #threats <= 75.00; formation = 1.0; weather = 4.0,12,1,1,1,1,1,1,1,1,1,1,1,1,1,1,1,1,1,1,1,1,1,1,1,1
830,#threats <= 75.00; flying_speed <= 38.83; day_time <= 12.00; formation = 1.0; day_time <= 12.00; 15.83 < flying_speed <= 27.56; formation = 1.0; threat_range > 10398.43; threat_range > 30458.59,8,0,0,1,1,1,1,0,0,1,1,1,1,0,0,1,1,0,0,1,1,1,1,1,1
831,flying_speed <= 27.56; threat_range > 20104.47; flying_speed <= 38.83; #threats <= 53.00; 10398.43 < threat_range <= 30458.59; 26.00 < #threats <= 53.00; #threats <= 53.00,8,0,0,1,1,1,1,0,0,1,1,1,1,0,0,1,1,0,0,1,1,1,1,1,1
832,#threats > 75.00; formation = 0.0; 6.00 < day_time <= 18.00; formation = 0.0; weather = 3.0; threat_range > 30458.59; day_time <= 18.00; threat_range > 20104.47; 6.00 < day_time <= 12.00; weather = 3.0; threat_range > 10398.43; threat_range > 30458.59,9,1,0,1,1,1,1,0,0,1,1,1,1,0,0,1,1,0,0,1,1,1,1,1,1
833,flying_speed <= 38.83; flying_speed <= 38.83; 10398.43 < threat_range <= 20104.47; weather = 3.0; weather = 3.0,8,0,1,1,1,1,1,0,1,1,1,1,1,0,1,1,1,0,1,1,1,1,1,1,1
834,#threats > 75.00; day_time <= 12.00; 15.83 < flying_speed <= 27.56; threat_range <= 10398.43; weather = 1.0; weather = 1.0; day_time <= 6.00; day_time <= 6.00; flying_speed <= 38.83; weather = 1.0; threat_range <= 20104.47; day_time <= 6.00,9,1,1,1,0,1,1,0,0,1,0,1,0,0,0,1,0,0,0,1,0,1,1,1,1
835,countermeasure = 0.0; #threats <= 75.00; flying_speed > 38.83; day_time > 18.00,6,1,0,1,0,1,1,0,0,1,0,1,0,0,0,0,0,0,0,0,0,0,0,1,0
836,countermeasure = 0.0; #threats <= 75.00; countermeasure = 0.0; flying_speed <= 15.83; threat_range <= 30458.59; flying_speed <= 38.83; flying_speed <= 27.56; countermeasure = 0.0; flying_speed <= 15.83; threat_range <= 20104.47; flying_speed <= 27.56; countermeasure = 0.0; flying_speed <= 15.83; threat_range <= 30458.59; flying_speed <= 15.83; day_time > 12.00; #threats > 26.00; flying_speed <= 15.83,12,1,1,1,1,1,1,1,1,1,1,1,1,1,1,1,1,1,1,1,1,1,1,1,1
837,#threats > 53.00; flying_speed <= 27.56; day_time > 12.00; threat_range > 30458.59; weather = 2.0; #threats <= 75.00; #threats <= 75.00; threat_range > 20104.47; flying_speed <= 27.56; weather = 2.0; formation = 0.0; threat_range > 10398.43; day_time > 12.00; flying_speed <= 27.56,9,1,1,1,1,1,1,0,1,1,1,1,1,0,1,1,1,0,1,1,1,1,1,1,1
838,countermeasure = 0.0; #threats <= 75.00; countermeasure = 0.0; formation = 1.0; 26.00 < #threats <= 75.00; #threats <= 75.00; countermeasure = 0.0; threat_range <= 20104.47; day_time <= 12.00; #threats > 53.00; day_time > 6.00; countermeasure = 0.0; threat_range <= 30458.59; threat_range <= 20104.47; countermeasure = 0.0; formation = 1.0; flying_speed > 38.83,12,1,1,1,1,1,1,1,1,1,1,1,1,1,1,1,1,1,1,1,1,1,1,1,1
839,countermeasure = 0.0; #threats <= 75.00; countermeasure = 0.0; flying_speed <= 38.83; #threats > 26.00; countermeasure = 0.0; 26.00 < #threats <= 53.00; flying_speed <= 38.83; countermeasure = 0.0; #threats > 26.00; threat_range <= 30458.59; #threats <= 53.00; 10398.43 < threat_range <= 30458.59; countermeasure = 0.0,12,1,1,1,0,1,1,1,0,1,0,1,0,1,0,1,0,1,0,1,0,1,0,1,1
840,#threats <= 75.00; threat_range > 20104.47; weather = 2.0; threat_range > 30458.59,7,0,0,1,0,1,1,0,0,1,0,1,0,0,0,1,0,0,0,1,0,0,0,1,1
841,#threats > 75.00; weather = 2.0; flying_speed <= 15.83; threat_range <= 30458.59; day_time <= 12.00; flying_speed <= 15.83; flying_speed <= 15.83; #threats > 75.00; day_time <= 6.00,9,1,0,1,1,1,1,0,0,1,1,1,1,0,0,1,1,0,0,1,1,1,1,1,1
842,#threats > 53.00; day_time <= 6.00; 10398.43 < threat_range <= 20104.47; flying_speed > 38.83; formation = 1.0; weather = 3.0; formation = 1.0; weather = 3.0; 10398.43 < threat_range <= 20104.47; #threats <= 75.00; day_time <= 6.00,7,1,0,1,1,1,1,0,0,1,1,1,1,0,0,0,0,0,0,0,0,1,1,1,1
843,#threats <= 53.00; flying_speed <= 15.83; flying_speed <= 15.83; flying_speed <= 15.83; #threats <= 53.00; flying_speed <= 15.83; day_time <= 6.00; formation = 1.0; flying_speed <= 15.83,8,0,0,1,1,1,1,0,0,1,1,1,1,0,0,1,1,0,0,1,1,1,1,1,1
844,countermeasure = 0.0; formation = 0.0; countermeasure = 0.0; weather = 3.0; 10398.43 < threat_range <= 30458.59; day_time <= 6.00; countermeasure = 0.0; countermeasure = 0.0; weather = 3.0; day_time <= 6.00; #threats <= 75.00; countermeasure = 0.0; day_time <= 6.00; threat_range > 20104.47; day_time <= 6.00; countermeasure = 0.0; threat_range > 10398.43; formation = 0.0,12,1,1,1,0,1,1,1,0,1,0,1,0,1,0,1,0,1,0,1,0,1,0,1,1
845,#threats > 53.00; flying_speed <= 15.83; weather = 2.0; day_time <= 6.00; threat_range <= 20104.47; flying_speed <= 15.83; flying_speed <= 15.83; #threats > 53.00; 10398.43 < threat_range <= 20104.47; formation = 0.0; weather = 2.0; #threats <= 75.00; flying_speed <= 15.83; threat_range <= 30458.59; #threats > 53.00; weather = 2.0; day_time <= 6.00; flying_speed <= 27.56; flying_speed <= 15.83; #threats > 53.00; day_time <= 6.00; 10398.43 < threat_range <= 20104.47; weather = 2.0; flying_speed <= 15.83; flying_speed <= 15.83; weather = 2.0; flying_speed <= 15.83,12,1,1,1,1,1,1,1,1,1,1,1,1,1,1,1,1,1,1,1,1,1,1,1,1
846,#threats <= 75.00; #threats <= 53.00; #threats > 26.00; formation = 0.0; day_time <= 6.00; 26.00 < #threats <= 53.00; threat_range <= 10398.43,8,0,1,1,0,1,1,0,0,1,0,1,0,0,0,1,0,0,0,1,0,1,1,1,1
847,#threats > 75.00; flying_speed <= 27.56; formation = 0.0; day_time <= 18.00; threat_range <= 30458.59; formation = 0.0; flying_speed <= 15.83; flying_speed <= 27.56; threat_range > 10398.43; flying_speed <= 15.83; day_time > 6.00; flying_speed <= 15.83,9,1,1,1,0,1,1,0,0,1,0,1,0,0,0,1,0,0,0,1,0,1,1,1,1
848,#threats <= 75.00; #threats <= 53.00; threat_range > 10398.43; 26.00 < #threats <= 53.00; 15.83 < flying_speed <= 27.56; day_time > 12.00,8,0,1,1,0,1,1,0,0,1,0,1,1,0,0,1,1,0,1,1,1,1,1,1,1
849,countermeasure = 0.0; day_time > 12.00; countermeasure = 0.0; #threats > 26.00; formation = 1.0; threat_range > 10398.43; countermeasure = 0.0; countermeasure = 0.0; #threats > 26.00; threat_range > 10398.43; formation = 1.0; #threats > 53.00; countermeasure = 0.0; threat_range > 10398.43; day_time > 18.00; day_time > 18.00; day_time > 18.00; countermeasure = 0.0; threat_range > 10398.43; weather = 4.0; flying_speed > 38.83; formation = 1.0; #threats > 75.00,12,1,1,1,1,1,1,1,1,1,1,1,1,1,1,1,1,1,1,1,1,1,1,1,1
850,countermeasure = 0.0; threat_range > 10398.43; countermeasure = 0.0; flying_speed <= 27.56; day_time <= 6.00; countermeasure = 0.0; flying_speed <= 27.56; formation = 1.0; countermeasure = 0.0; flying_speed <= 27.56; threat_range > 10398.43; flying_speed <= 27.56; countermeasure = 0.0; day_time <= 12.00; #threats > 75.00,12,1,1,1,1,1,1,1,1,1,1,1,1,1,1,1,1,1,1,1,1,1,1,1,1
851,countermeasure = 0.0; #threats <= 53.00; countermeasure = 0.0; flying_speed <= 27.56; threat_range <= 20104.47; #threats <= 75.00; day_time <= 6.00; countermeasure = 0.0; flying_speed <= 27.56; weather = 3.0; flying_speed <= 27.56; countermeasure = 0.0; threat_range <= 30458.59; #threats <= 53.00; countermeasure = 0.0; threat_range > 10398.43; countermeasure = 0.0,12,1,1,1,1,1,1,1,1,1,1,1,1,1,1,1,1,1,1,1,1,1,1,1,1
852,countermeasure = 0.0; flying_speed <= 15.83; countermeasure = 0.0; flying_speed <= 15.83; flying_speed <= 15.83; countermeasure = 0.0; flying_speed <= 27.56; day_time <= 6.00; countermeasure = 0.0; flying_speed <= 27.56; flying_speed <= 15.83; day_time <= 6.00; countermeasure = 0.0; #threats <= 75.00; day_time <= 6.00,12,1,1,1,1,1,1,1,1,1,1,1,1,1,1,1,1,1,1,1,1,1,1,1,1
853,#threats > 75.00; flying_speed <= 15.83; threat_range <= 20104.47; formation = 0.0; flying_speed <= 27.56; flying_speed <= 15.83; day_time > 12.00; flying_speed <= 15.83; flying_speed <= 15.83; 12.00 < day_time <= 18.00; weather = 4.0; flying_speed <= 15.83,9,1,0,1,1,1,1,0,0,1,1,1,1,0,0,1,1,0,0,1,1,1,1,1,1
854,countermeasure = 0.0; #threats <= 75.00; countermeasure = 0.0; flying_speed <= 27.56; day_time <= 6.00; flying_speed <= 38.83; countermeasure = 0.0; countermeasure = 0.0; flying_speed <= 15.83; day_time <= 12.00; countermeasure = 0.0; flying_speed <= 15.83; flying_speed <= 15.83; day_time <= 12.00; flying_speed <= 15.83,12,1,0,1,1,1,1,1,0,1,1,1,1,1,0,1,1,1,0,1,1,1,1,1,1
855,countermeasure = 0.0; flying_speed <= 15.83; countermeasure = 0.0; flying_speed <= 15.83; flying_speed <= 15.83; day_time <= 6.00; countermeasure = 0.0; flying_speed <= 15.83; countermeasure = 0.0; flying_speed <= 15.83; formation = 1.0; flying_speed <= 15.83; threat_range <= 10398.43,12,1,1,1,1,1,1,1,1,1,1,1,1,1,1,1,1,1,1,1,1,1,1,1,1
856,countermeasure = 0.0; countermeasure = 0.0; countermeasure = 0.0; flying_speed <= 38.83; #threats > 26.00; #threats <= 75.00; #threats <= 75.00; countermeasure = 0.0; flying_speed <= 27.56; threat_range <= 30458.59; threat_range > 10398.43; countermeasure = 0.0; flying_speed <= 27.56; #threats <= 53.00; 10398.43 < threat_range <= 20104.47; flying_speed <= 27.56; day_time > 12.00,12,1,1,1,0,1,1,1,0,1,0,1,0,1,0,1,0,1,0,1,0,1,0,1,1
857,countermeasure = 0.0; day_time <= 12.00; day_time <= 6.00; #threats <= 26.00; countermeasure = 0.0; #threats <= 26.00; threat_range <= 20104.47; countermeasure = 0.0; day_time <= 6.00; day_time <= 12.00,9,1,0,1,1,1,1,0,0,1,1,1,1,0,0,1,1,0,0,1,1,1,1,1,1
858,countermeasure = 0.0; countermeasure = 0.0; flying_speed <= 15.83; countermeasure = 0.0; flying_speed <= 15.83; threat_range <= 30458.59; weather = 3.0; countermeasure = 0.0; flying_speed <= 27.56; threat_range > 10398.43; flying_speed <= 15.83; threat_range > 10398.43; weather = 3.0; threat_range <= 20104.47,12,1,1,1,1,1,1,1,1,1,1,1,1,1,1,1,1,1,1,1,1,1,1,1,1
859,#threats > 75.00; 6.00 < day_time <= 12.00; threat_range <= 20104.47; formation = 0.0; day_time <= 12.00; #threats > 26.00; day_time <= 12.00,7,1,1,1,0,1,1,0,0,1,0,1,0,0,0,1,0,0,0,1,0,0,0,0,0
860,countermeasure = 0.0; day_time <= 6.00; countermeasure = 0.0; flying_speed <= 38.83; threat_range > 10398.43; day_time <= 12.00; countermeasure = 0.0; day_time <= 6.00; countermeasure = 0.0; flying_speed <= 38.83; day_time <= 6.00; #threats > 26.00; flying_speed <= 38.83; countermeasure = 0.0; day_time <= 6.00; day_time <= 6.00; flying_speed <= 38.83; countermeasure = 0.0; day_time <= 6.00,12,1,1,1,1,1,1,1,1,1,1,1,1,1,1,1,1,1,1,1,1,1,1,1,1
861,countermeasure = 0.0; flying_speed <= 27.56; countermeasure = 0.0; flying_speed <= 27.56; day_time > 12.00; threat_range > 20104.47; flying_speed <= 27.56; countermeasure = 0.0; flying_speed <= 38.83; #threats > 26.00; day_time > 12.00; countermeasure = 0.0; flying_speed <= 27.56; day_time > 6.00; 20104.47 < threat_range <= 30458.59; 12.00 < day_time <= 18.00; weather = 2.0,12,1,1,1,1,1,1,1,1,1,1,1,1,1,1,1,1,1,1,1,1,1,1,1,1
862,countermeasure = 0.0; threat_range > 20104.47; countermeasure = 0.0; flying_speed <= 27.56; weather = 1.0; #threats <= 75.00; flying_speed <= 27.56; countermeasure = 0.0; flying_speed <= 27.56; #threats <= 75.00; countermeasure = 0.0; flying_speed <= 27.56; threat_range > 10398.43; day_time <= 6.00; countermeasure = 0.0; flying_speed <= 38.83; day_time <= 6.00,12,1,1,1,1,1,1,1,1,1,1,1,1,1,1,1,1,1,1,1,1,1,1,1,1
863,flying_speed <= 15.83; day_time <= 6.00; flying_speed <= 15.83; weather = 2.0; day_time <= 12.00; flying_speed <= 27.56,8,0,1,1,1,1,1,0,1,1,1,1,1,0,1,1,1,0,1,1,1,1,1,1,1
864,countermeasure = 0.0; countermeasure = 0.0; flying_speed <= 15.83; threat_range <= 30458.59; countermeasure = 0.0; flying_speed <= 15.83; flying_speed <= 15.83; countermeasure = 0.0; flying_speed <= 15.83; flying_speed <= 15.83; flying_speed <= 15.83; day_time <= 18.00; #threats > 75.00,12,1,0,1,1,1,1,1,0,1,1,1,1,1,0,1,1,1,0,1,1,1,1,1,1
865,day_time <= 6.00; #threats <= 75.00; weather = 2.0; flying_speed <= 38.83; threat_range > 20104.47,6,0,0,1,0,1,1,0,0,1,0,1,0,0,0,1,0,0,0,1,0,0,0,0,0
866,flying_speed <= 15.83; #threats > 26.00; day_time <= 6.00; weather = 4.0; threat_range > 10398.43; flying_speed <= 15.83; flying_speed <= 15.83; weather = 4.0; day_time <= 6.00; #threats > 26.00; 10398.43 < threat_range <= 20104.47; #threats <= 53.00; threat_range > 10398.43; flying_speed <= 15.83; threat_range <= 20104.47; #threats > 26.00; flying_speed <= 38.83; flying_speed <= 15.83; day_time <= 6.00; threat_range <= 20104.47; formation = 1.0; #threats > 26.00; weather = 4.0; flying_speed <= 38.83; flying_speed <= 15.83; day_time <= 6.00; flying_speed <= 15.83,12,1,1,1,1,1,1,1,1,1,1,1,1,1,1,1,1,1,1,1,1,1,1,1,1
867,#threats > 75.00; 10398.43 < threat_range <= 20104.47; formation = 1.0; day_time <= 18.00; flying_speed > 27.56; formation = 1.0; flying_speed <= 38.83; threat_range <= 20104.47; weather = 2.0; flying_speed <= 38.83; #threats > 75.00,9,1,1,1,1,1,1,0,1,1,1,1,1,0,1,1,1,0,1,1,1,1,1,1,1
868,day_time <= 12.00; #threats <= 75.00; day_time <= 12.00; 10398.43 < threat_range <= 20104.47; day_time <= 6.00; day_time <= 6.00,8,0,0,1,1,1,1,0,0,1,1,1,1,0,0,1,1,0,0,1,1,1,1,1,1
869,countermeasure = 0.0; formation = 1.0; countermeasure = 0.0; flying_speed <= 38.83; #threats > 26.00; threat_range <= 30458.59; threat_range <= 30458.59; countermeasure = 0.0; flying_speed <= 38.83; #threats > 26.00; threat_range <= 30458.59; countermeasure = 0.0; countermeasure = 0.0; threat_range <= 20104.47; countermeasure = 0.0; flying_speed <= 38.83; weather = 2.0; threat_range <= 10398.43,12,1,1,1,1,1,1,1,1,1,1,1,1,1,1,1,1,1,1,1,1,1,1,1,1
870,countermeasure = 0.0; day_time <= 12.00; countermeasure = 0.0; threat_range <= 30458.59; day_time <= 6.00; #threats <= 75.00; formation = 1.0; countermeasure = 0.0; day_time <= 6.00; 26.00 < #threats <= 75.00; #threats <= 75.00; countermeasure = 0.0; weather = 2.0; threat_range <= 20104.47; day_time <= 6.00; threat_range <= 20104.47; weather = 2.0; day_time <= 6.00,12,1,1,1,1,1,1,1,1,1,1,1,1,1,1,1,1,1,1,1,1,1,1,1,1
871,flying_speed <= 38.83; flying_speed <= 15.83; formation = 1.0; flying_speed <= 15.83; #threats <= 53.00; flying_speed <= 15.83,8,0,1,1,1,1,1,0,1,1,1,1,1,0,1,1,1,0,1,1,1,1,1,1,1
872,#threats <= 53.00; #threats <= 53.00; #threats > 26.00; #threats <= 53.00; day_time <= 6.00; 10398.43 < threat_range <= 20104.47; #threats <= 75.00; day_time <= 6.00,8,0,0,1,1,1,1,0,0,1,1,1,1,0,0,1,1,0,0,1,1,1,1,1,1
873,#threats <= 53.00; #threats <= 26.00; day_time > 12.00; #threats <= 26.00; 12.00 < day_time <= 18.00; threat_range > 10398.43; #threats <= 26.00,8,0,0,1,0,1,1,0,0,1,0,1,1,0,0,1,1,0,0,1,1,1,1,1,1
874,#threats > 53.00; flying_speed <= 15.83; threat_range <= 20104.47; flying_speed <= 15.83; flying_speed <= 15.83; #threats > 53.00; day_time > 18.00; 10398.43 < threat_range <= 20104.47; #threats <= 75.00; flying_speed <= 15.83; #threats > 26.00; 10398.43 < threat_range <= 30458.59; formation = 0.0; day_time > 12.00; countermeasure = 1.0; flying_speed <= 15.83; #threats > 53.00; threat_range <= 20104.47; weather = 3.0; flying_speed <= 38.83; flying_speed <= 15.83; day_time > 12.00; flying_speed <= 15.83,12,1,1,1,1,1,1,1,1,1,1,1,1,1,1,1,1,1,1,1,1,1,1,1,1
875,countermeasure = 0.0; #threats <= 75.00; countermeasure = 0.0; formation = 1.0; countermeasure = 0.0; threat_range <= 20104.47; #threats <= 26.00; day_time > 12.00; countermeasure = 0.0; flying_speed > 38.83; flying_speed > 27.56,10,1,0,1,0,1,1,0,0,1,0,1,1,0,0,1,1,1,0,1,1,1,1,1,1
876,#threats > 75.00; flying_speed <= 27.56; formation = 1.0; day_time > 6.00; threat_range > 30458.59; threat_range > 30458.59; #threats > 75.00; flying_speed <= 27.56; formation = 1.0; threat_range > 10398.43; day_time <= 12.00; day_time <= 12.00; flying_speed <= 27.56; day_time <= 12.00; threat_range > 10398.43; #threats > 26.00; threat_range > 30458.59,10,1,1,1,0,1,1,0,0,1,0,1,0,0,0,1,0,1,0,1,0,1,0,1,0
877,countermeasure = 0.0; #threats <= 53.00; countermeasure = 0.0; flying_speed <= 38.83; #threats > 26.00; threat_range > 20104.47; countermeasure = 0.0; flying_speed <= 38.83; threat_range <= 30458.59; #threats > 26.00; flying_speed <= 38.83; countermeasure = 0.0; flying_speed <= 38.83; day_time > 6.00; 26.00 < #threats <= 53.00; flying_speed <= 38.83; weather = 3.0; day_time > 6.00,12,1,1,1,1,1,1,1,1,1,1,1,1,1,1,1,1,1,1,1,1,1,1,1,1
878,countermeasure = 0.0; #threats <= 26.00; countermeasure = 0.0; flying_speed <= 38.83; #threats <= 75.00; day_time > 12.00; weather = 1.0; countermeasure = 0.0; flying_speed <= 38.83; threat_range <= 30458.59; #threats <= 75.00; weather = 1.0; flying_speed <= 38.83; countermeasure = 0.0; flying_speed <= 38.83; #threats <= 75.00; countermeasure = 0.0,10,1,1,1,0,1,1,1,0,1,0,1,0,1,0,1,0,1,0,1,0,0,0,0,0
879,flying_speed <= 15.83; threat_range > 30458.59; 6.00 < day_time <= 18.00; weather = 1.0; threat_range > 20104.47; flying_speed <= 15.83; weather = 1.0; formation = 0.0; 12.00 < day_time <= 18.00; threat_range > 10398.43; flying_speed <= 15.83; flying_speed <= 15.83; formation = 0.0; day_time <= 18.00; weather = 1.0; flying_speed <= 27.56; flying_speed <= 15.83; threat_range > 20104.47; day_time <= 18.00; weather = 1.0; formation = 0.0; day_time > 12.00,10,1,1,1,0,1,1,1,0,1,0,1,0,1,0,1,0,1,0,1,0,0,0,0,0
880,#threats <= 75.00; #threats <= 75.00; day_time <= 6.00; #threats <= 75.00; flying_speed <= 38.83; day_time <= 6.00; threat_range <= 30458.59; 26.00 < #threats <= 53.00; formation = 0.0,8,0,0,1,1,1,1,0,0,1,1,1,1,0,0,1,1,0,0,1,1,1,1,1,1
881,countermeasure = 0.0; countermeasure = 0.0; threat_range <= 30458.59; formation = 1.0; 53.00 < #threats <= 75.00; #threats <= 75.00; #threats <= 75.00; countermeasure = 0.0; threat_range <= 30458.59; day_time <= 12.00; #threats <= 75.00; formation = 1.0; countermeasure = 0.0; countermeasure = 0.0; weather = 3.0; #threats > 26.00; day_time <= 12.00; countermeasure = 0.0; #threats <= 75.00; day_time <= 12.00; threat_range <= 20104.47; weather = 3.0,12,1,1,1,1,1,1,1,1,1,1,1,1,1,1,1,1,1,1,1,1,1,1,1,1
882,countermeasure = 0.0; flying_speed <= 27.56; countermeasure = 0.0; flying_speed <= 15.83; flying_speed <= 27.56; countermeasure = 0.0; flying_speed <= 15.83; flying_speed <= 15.83; countermeasure = 0.0; flying_speed <= 27.56; flying_speed <= 15.83; threat_range <= 10398.43,11,1,0,1,0,1,1,1,0,1,0,1,0,1,0,1,0,1,0,1,0,0,0,1,1
883,countermeasure = 0.0; threat_range > 10398.43; countermeasure = 0.0; flying_speed <= 38.83; #threats <= 75.00; threat_range > 10398.43; #threats <= 75.00; countermeasure = 0.0; day_time <= 12.00; flying_speed <= 38.83; threat_range <= 30458.59; countermeasure = 0.0; #threats <= 26.00; countermeasure = 0.0; day_time <= 18.00; threat_range > 10398.43; #threats <= 26.00,12,1,1,1,0,1,1,1,0,1,0,1,1,1,0,1,1,1,1,1,1,1,1,1,1
884,countermeasure = 0.0; threat_range > 10398.43; countermeasure = 0.0; #threats > 26.00; 10398.43 < threat_range <= 30458.59; weather = 3.0; countermeasure = 0.0; threat_range > 20104.47; countermeasure = 0.0; formation = 1.0; 20104.47 < threat_range <= 30458.59; #threats > 26.00; #threats > 26.00; countermeasure = 0.0; countermeasure = 0.0; flying_speed > 38.83; weather = 3.0; #threats > 26.00; day_time <= 12.00; countermeasure = 0.0; threat_range > 10398.43; weather = 3.0,12,1,1,1,0,1,1,1,0,1,0,1,0,1,0,1,0,1,0,1,0,1,1,1,1
885,countermeasure = 0.0; #threats <= 75.00; countermeasure = 0.0; flying_speed <= 38.83; #threats > 26.00; #threats <= 75.00; countermeasure = 0.0; flying_speed <= 27.56; threat_range > 10398.43; countermeasure = 0.0; flying_speed <= 27.56; #threats <= 75.00; 10398.43 < threat_range <= 20104.47; countermeasure = 0.0; flying_speed > 15.83,12,1,1,1,1,1,1,1,1,1,1,1,1,1,1,1,1,1,1,1,1,1,1,1,1
886,countermeasure = 0.0; #threats <= 53.00; countermeasure = 0.0; flying_speed <= 15.83; countermeasure = 0.0; flying_speed <= 27.56; countermeasure = 0.0; threat_range <= 30458.59; flying_speed <= 15.83; countermeasure = 0.0; flying_speed <= 15.83,12,1,0,1,0,1,1,1,0,1,0,1,0,1,0,1,0,1,0,1,0,1,0,1,1
887,#threats <= 26.00; formation = 0.0; flying_speed > 38.83; threat_range > 20104.47; formation = 0.0; #threats <= 53.00; threat_range > 10398.43; weather = 3.0; day_time <= 6.00,8,0,0,1,0,1,1,0,0,1,0,1,0,0,0,1,0,0,0,1,0,1,1,1,1
888,#threats <= 75.00; threat_range > 10398.43; formation = 0.0; weather = 3.0; flying_speed > 38.83; #threats <= 75.00; day_time > 12.00; threat_range <= 30458.59; flying_speed > 38.83,8,0,0,1,1,1,1,0,0,1,1,1,1,0,0,1,1,0,0,1,1,1,1,1,1
889,#threats <= 75.00; #threats <= 75.00; flying_speed <= 38.83; #threats <= 26.00; day_time <= 12.00; threat_range <= 20104.47; 15.83 < flying_speed <= 38.83; weather = 4.0,6,0,0,1,0,1,1,0,0,0,0,1,0,0,0,1,0,0,0,1,0,1,0,0,0
890,countermeasure = 0.0; #threats <= 53.00; countermeasure = 0.0; flying_speed <= 15.83; flying_speed <= 27.56; threat_range <= 30458.59; countermeasure = 0.0; flying_speed <= 15.83; flying_speed <= 15.83; countermeasure = 0.0; flying_speed <= 15.83; #threats <= 53.00; flying_speed <= 15.83; day_time <= 6.00; flying_speed <= 15.83,12,1,0,1,1,1,1,1,0,1,1,1,1,1,0,1,0,1,0,1,0,1,0,1,1
891,#threats <= 53.00; day_time > 6.00; weather = 2.0; 26.00 < #threats <= 53.00; day_time <= 12.00; weather = 2.0; threat_range > 30458.59,8,0,0,1,1,1,1,0,0,1,1,1,1,0,0,1,1,0,0,1,1,1,1,1,1
892,#threats <= 75.00; #threats <= 53.00; threat_range > 10398.43; #threats <= 53.00; #threats <= 26.00; day_time > 18.00,7,0,0,1,0,1,1,0,0,1,0,1,0,0,0,1,0,0,0,1,0,0,0,1,1
893,countermeasure = 0.0; #threats <= 75.00; countermeasure = 0.0; flying_speed <= 15.83; #threats <= 75.00; flying_speed <= 15.83; countermeasure = 0.0; flying_speed <= 15.83; threat_range <= 20104.47; day_time <= 12.00; countermeasure = 0.0; flying_speed <= 15.83; weather = 4.0; flying_speed <= 15.83; day_time > 6.00; threat_range <= 20104.47; flying_speed <= 15.83,12,1,1,1,1,1,1,1,1,1,1,1,1,1,1,1,1,1,1,1,1,1,1,1,1
894,day_time > 18.00; threat_range <= 30458.59; #threats <= 75.00; threat_range <= 10398.43,6,0,0,1,0,1,1,0,0,1,0,1,0,0,0,1,0,0,0,1,0,0,0,0,0
895,#threats > 75.00; weather = 4.0; flying_speed <= 38.83; 10398.43 < threat_range <= 20104.47; day_time <= 18.00; formation = 1.0; day_time > 12.00; day_time <= 18.00; weather = 4.0; formation = 1.0; #threats > 75.00; 10398.43 < threat_range <= 20104.47; flying_speed <= 38.83; day_time <= 18.00; formation = 1.0; day_time > 12.00; 10398.43 < threat_range <= 20104.47; weather = 4.0; day_time <= 18.00; threat_range <= 20104.47,10,1,1,1,1,1,1,0,1,1,1,1,1,0,1,1,1,1,1,1,1,1,1,1,1
896,#threats <= 75.00; flying_speed <= 38.83; #threats <= 53.00; 26.00 < #threats <= 53.00; threat_range <= 30458.59; formation = 0.0; day_time <= 6.00,8,0,0,1,1,1,1,0,0,1,1,1,1,0,0,1,1,0,0,1,1,1,1,1,1
897,countermeasure = 0.0; threat_range <= 20104.47; countermeasure = 0.0; flying_speed <= 38.83; #threats > 26.00; countermeasure = 0.0; flying_speed <= 38.83; #threats > 26.00; day_time <= 18.00; countermeasure = 0.0; weather = 1.0; #threats > 26.00; weather = 1.0; 10398.43 < threat_range <= 20104.47; countermeasure = 0.0; countermeasure = 0.0,12,1,1,1,1,1,1,1,1,1,1,1,1,1,1,1,1,1,1,1,1,1,1,1,1
898,weather = 2.0; weather = 2.0; flying_speed > 27.56; threat_range <= 30458.59; threat_range <= 20104.47; day_time <= 6.00; threat_range <= 30458.59; flying_speed > 38.83; weather = 2.0; day_time <= 6.00,8,0,0,1,1,1,1,0,0,1,1,1,1,0,0,1,1,0,0,1,1,1,1,1,1
899,countermeasure = 0.0; flying_speed <= 15.83; countermeasure = 0.0; flying_speed <= 27.56; #threats > 26.00; flying_speed <= 15.83; countermeasure = 0.0; flying_speed <= 15.83; countermeasure = 0.0; countermeasure = 0.0; flying_speed <= 15.83; flying_speed <= 15.83; day_time > 12.00; flying_speed <= 15.83,12,1,1,1,1,1,1,1,1,1,1,1,1,1,1,1,1,1,1,1,1,1,1,1,1
900,countermeasure = 0.0; #threats <= 26.00; countermeasure = 0.0; flying_speed <= 38.83; weather = 2.0; day_time > 12.00; #threats <= 53.00; weather = 2.0; countermeasure = 0.0; flying_speed <= 38.83; threat_range <= 30458.59; day_time > 12.00; countermeasure = 0.0; countermeasure = 0.0; flying_speed <= 38.83; #threats <= 53.00; countermeasure = 0.0; weather = 2.0; threat_range <= 30458.59; threat_range > 20104.47,12,1,1,1,1,1,1,1,1,1,1,1,1,1,1,1,1,1,1,1,1,1,1,1,1
901,#threats > 75.00; flying_speed <= 38.83; formation = 1.0; 12.00 < day_time <= 18.00; threat_range > 10398.43; threat_range <= 30458.59; day_time <= 18.00; 10398.43 < threat_range <= 20104.47; #threats > 26.00; #threats > 75.00,9,1,0,1,1,1,1,0,0,1,1,1,1,0,0,1,1,0,0,1,1,1,1,1,1
902,countermeasure = 0.0; #threats <= 75.00; countermeasure = 0.0; flying_speed <= 27.56; threat_range > 10398.43; #threats <= 75.00; flying_speed <= 38.83; countermeasure = 0.0; flying_speed <= 27.56; threat_range <= 20104.47; countermeasure = 0.0; flying_speed <= 27.56; #threats <= 75.00; flying_speed <= 27.56; threat_range > 10398.43; day_time <= 12.00; threat_range <= 20104.47,12,1,1,1,0,1,1,1,0,1,0,1,0,1,0,1,0,1,0,1,0,1,0,1,0
903,#threats > 75.00; 6.00 < day_time <= 18.00; threat_range > 10398.43; weather = 4.0; flying_speed > 27.56; day_time > 6.00; formation = 1.0; threat_range > 20104.47; #threats > 26.00; flying_speed > 38.83; weather = 4.0; formation = 1.0; threat_range > 10398.43; day_time > 12.00; threat_range > 30458.59,9,1,1,1,1,1,1,0,1,1,1,1,1,0,1,1,1,0,1,1,1,1,1,1,1
904,flying_speed <= 27.56; day_time > 18.00; flying_speed <= 38.83; threat_range <= 30458.59; 10398.43 < threat_range <= 20104.47; flying_speed <= 27.56; countermeasure = 1.0,8,0,1,1,0,1,1,0,0,1,0,1,0,0,0,1,0,0,0,1,0,1,0,1,1
905,countermeasure = 0.0; #threats <= 26.00; countermeasure = 0.0; 20104.47 < threat_range <= 30458.59; #threats <= 75.00; formation = 0.0; day_time > 18.00; weather = 4.0; #threats <= 26.00; #threats <= 26.00; countermeasure = 0.0; 10398.43 < threat_range <= 30458.59; #threats <= 75.00; weather = 4.0; formation = 0.0; day_time > 6.00; threat_range > 10398.43; countermeasure = 0.0; threat_range > 20104.47; #threats <= 53.00; #threats <= 75.00; weather = 4.0; flying_speed > 38.83; countermeasure = 0.0; day_time > 18.00,12,1,1,1,1,1,1,1,1,1,1,1,1,1,1,1,1,1,1,1,1,1,1,1,1
906,day_time <= 6.00; day_time <= 6.00; day_time <= 6.00; weather = 1.0; threat_range <= 30458.59,7,0,1,1,0,1,1,0,0,1,0,1,0,0,0,1,0,0,0,1,0,1,0,0,0
907,#threats <= 75.00; flying_speed <= 38.83; flying_speed <= 15.83; flying_speed <= 15.83,6,0,0,1,0,1,1,0,0,1,0,1,0,0,0,1,0,0,0,1,0,0,0,0,0
908,#threats > 75.00; flying_speed <= 27.56; threat_range > 30458.59; day_time <= 18.00; weather = 3.0; day_time <= 6.00,3,1,0,0,0,1,1,0,0,0,0,0,0,0,0,0,0,0,0,0,0,0,0,1,1
909,countermeasure = 0.0; #threats <= 53.00; countermeasure = 0.0; day_time <= 6.00; 10398.43 < threat_range <= 20104.47; formation = 0.0; flying_speed > 27.56; countermeasure = 0.0; day_time <= 6.00; #threats <= 75.00; 10398.43 < threat_range <= 20104.47; countermeasure = 0.0; countermeasure = 0.0; #threats <= 75.00; weather = 1.0; 10398.43 < threat_range <= 20104.47; flying_speed > 38.83,12,1,1,1,1,1,1,1,1,1,1,1,1,1,1,1,1,1,1,1,1,1,1,1,1
910,countermeasure = 0.0; flying_speed <= 15.83; flying_speed <= 15.83; flying_speed <= 15.83; countermeasure = 0.0; flying_speed <= 15.83; countermeasure = 0.0; flying_speed <= 15.83; formation = 0.0; flying_speed <= 15.83,10,1,0,1,1,1,1,0,0,1,1,1,1,0,0,1,1,1,0,1,1,1,1,1,1
911,#threats > 75.00; weather = 3.0; day_time <= 18.00; threat_range <= 30458.59; formation = 1.0; threat_range > 10398.43; #threats > 53.00; day_time > 12.00; threat_range > 20104.47; 20104.47 < threat_range <= 30458.59; flying_speed <= 27.56; day_time <= 18.00; formation = 1.0; threat_range > 20104.47,9,1,0,1,1,1,1,0,0,1,1,1,1,0,0,1,1,0,0,1,1,1,1,1,1
912,countermeasure = 0.0; #threats <= 75.00; countermeasure = 0.0; flying_speed <= 27.56; #threats > 26.00; flying_speed <= 27.56; countermeasure = 0.0; flying_speed <= 27.56; day_time <= 6.00; countermeasure = 0.0; countermeasure = 0.0; day_time <= 12.00; day_time <= 6.00; flying_speed <= 27.56; countermeasure = 0.0; day_time <= 6.00,12,1,1,1,1,1,1,1,1,1,1,1,1,1,1,1,1,1,1,1,1,1,1,1,1
913,countermeasure = 0.0; threat_range > 10398.43; weather = 2.0; day_time > 18.00; countermeasure = 0.0; countermeasure = 0.0; day_time > 18.00; day_time > 18.00; countermeasure = 0.0; 10398.43 < threat_range <= 30458.59; formation = 0.0; weather = 2.0; flying_speed > 38.83,10,1,1,1,1,1,1,0,1,1,1,1,1,0,1,1,1,1,1,1,1,1,1,1,1
914,countermeasure = 1.0; flying_speed <= 38.83; day_time > 12.00; flying_speed <= 38.83; 10398.43 < threat_range <= 20104.47; formation = 1.0,8,0,1,1,1,1,1,0,1,1,1,1,1,0,1,1,1,0,1,1,1,1,1,1,1
915,threat_range <= 20104.47; 6.00 < day_time <= 18.00; weather = 1.0; formation = 0.0; flying_speed > 38.83; #threats <= 75.00; #threats <= 53.00; threat_range > 10398.43; weather = 1.0; 10398.43 < threat_range <= 20104.47; day_time <= 18.00; #threats <= 26.00,9,1,0,1,1,1,1,0,0,1,1,1,1,0,0,1,1,0,0,1,1,1,1,1,1
916,flying_speed <= 15.83; #threats <= 26.00; flying_speed <= 27.56; flying_speed <= 27.56; #threats <= 53.00; 10398.43 < threat_range <= 20104.47; countermeasure = 1.0; flying_speed <= 15.83,8,0,0,1,0,1,1,0,0,1,0,1,1,0,0,1,1,0,0,1,1,1,1,1,1
917,countermeasure = 0.0; flying_speed <= 15.83; countermeasure = 0.0; flying_speed <= 15.83; flying_speed <= 15.83; countermeasure = 0.0; flying_speed <= 15.83; #threats > 53.00; flying_speed <= 15.83; countermeasure = 0.0; flying_speed <= 27.56; flying_speed <= 38.83; countermeasure = 0.0,11,1,1,1,0,1,1,1,0,1,0,1,0,1,0,1,0,1,0,1,0,0,0,1,1
918,weather = 3.0; threat_range > 30458.59; day_time <= 12.00; 26.00 < #threats <= 75.00; weather = 3.0; threat_range > 30458.59,8,0,0,1,1,1,1,0,0,1,1,1,1,0,0,1,0,0,0,1,0,1,1,1,1
919,#threats <= 75.00; #threats <= 75.00; #threats > 26.00; threat_range > 20104.47; 26.00 < #threats <= 53.00; day_time <= 18.00; threat_range > 20104.47,8,0,0,1,1,1,1,0,0,1,1,1,1,0,0,1,1,0,0,1,1,1,1,1,1
920,flying_speed <= 27.56; day_time <= 6.00; day_time <= 18.00; threat_range > 20104.47; flying_speed <= 15.83; #threats > 26.00; threat_range > 30458.59; threat_range > 30458.59,8,0,0,1,0,1,1,0,0,1,0,1,1,0,0,1,1,0,0,1,1,1,1,1,1
921,#threats <= 75.00; #threats <= 75.00; day_time > 18.00; 10398.43 < threat_range <= 20104.47; #threats <= 75.00; day_time > 18.00,8,0,1,1,1,1,1,0,1,1,1,1,1,0,1,1,1,0,1,1,1,1,1,1,1
922,countermeasure = 0.0; #threats <= 53.00; countermeasure = 0.0; flying_speed <= 27.56; #threats <= 75.00; countermeasure = 0.0; flying_speed <= 27.56; threat_range <= 30458.59; #threats <= 75.00; #threats <= 75.00; countermeasure = 0.0; flying_speed <= 27.56; 26.00 < #threats <= 53.00; flying_speed <= 27.56; threat_range <= 10398.43,12,1,0,1,0,1,1,1,0,1,0,1,0,1,0,1,0,1,0,1,0,1,0,1,0
923,countermeasure = 0.0; flying_speed <= 15.83; countermeasure = 0.0; flying_speed <= 15.83; flying_speed <= 15.83; weather = 2.0; countermeasure = 0.0; flying_speed <= 15.83; threat_range <= 30458.59; flying_speed <= 27.56; countermeasure = 0.0; flying_speed <= 15.83; countermeasure = 0.0; flying_speed <= 27.56; countermeasure = 0.0; formation = 1.0; weather = 2.0; flying_speed <= 15.83,12,1,1,1,1,1,1,1,1,1,1,1,1,1,1,1,1,1,1,1,1,1,1,1,1
924,countermeasure = 0.0; #threats <= 75.00; countermeasure = 0.0; flying_speed <= 38.83; #threats > 26.00; weather = 2.0; #threats <= 75.00; #threats <= 53.00; countermeasure = 0.0; flying_speed <= 38.83; day_time <= 6.00; #threats <= 75.00; countermeasure = 0.0; flying_speed <= 38.83; #threats <= 53.00; 26.00 < #threats <= 53.00; threat_range <= 20104.47; countermeasure = 0.0,12,1,1,1,1,1,1,1,1,1,1,1,1,1,1,1,1,1,1,1,1,1,1,1,1
925,countermeasure = 0.0; flying_speed <= 15.83; countermeasure = 0.0; flying_speed <= 15.83; countermeasure = 0.0; flying_speed <= 15.83; #threats <= 75.00; countermeasure = 0.0; flying_speed <= 15.83; flying_speed <= 15.83; flying_speed <= 15.83; #threats <= 53.00; flying_speed <= 15.83,12,1,1,1,1,1,1,1,1,1,1,1,1,1,1,1,1,1,1,1,1,1,1,1,1
926,#threats <= 75.00; #threats <= 75.00; #threats <= 75.00; weather = 4.0; day_time > 6.00; 10398.43 < threat_range <= 20104.47; #threats <= 75.00; weather = 4.0; day_time > 18.00,8,0,0,1,0,1,1,0,0,1,0,1,0,0,0,1,0,0,0,1,0,1,1,1,1
927,countermeasure = 0.0; #threats <= 75.00; countermeasure = 0.0; flying_speed <= 15.83; #threats <= 75.00; day_time <= 6.00; countermeasure = 0.0; flying_speed <= 15.83; day_time <= 6.00; countermeasure = 0.0; countermeasure = 0.0; flying_speed <= 27.56; flying_speed <= 38.83,10,1,1,1,0,1,1,1,0,1,0,1,0,1,0,1,0,1,0,1,0,0,0,0,0
928,#threats > 75.00; weather = 2.0; 6.00 < day_time <= 18.00; flying_speed <= 38.83; threat_range > 30458.59; countermeasure = 1.0; flying_speed <= 38.83; #threats > 75.00; formation = 1.0; day_time <= 18.00; threat_range > 30458.59; day_time <= 18.00; flying_speed <= 38.83; #threats > 75.00; day_time <= 12.00; weather = 2.0; #threats > 75.00; flying_speed <= 38.83; threat_range > 10398.43; day_time <= 12.00; formation = 1.0; weather = 2.0; threat_range > 20104.47; flying_speed <= 38.83; threat_range > 10398.43; #threats > 75.00; 6.00 < day_time <= 12.00; weather = 2.0; formation = 1.0; threat_range > 30458.59,12,1,1,1,1,1,1,1,1,1,1,1,1,1,1,1,1,1,1,1,1,1,1,1,1
929,countermeasure = 0.0; threat_range > 10398.43; countermeasure = 0.0; flying_speed <= 15.83; flying_speed <= 15.83; countermeasure = 0.0; flying_speed <= 27.56; day_time <= 12.00; flying_speed <= 15.83; countermeasure = 0.0; flying_speed <= 15.83; countermeasure = 0.0; day_time <= 12.00; flying_speed <= 27.56; threat_range > 10398.43; formation = 0.0; countermeasure = 0.0,12,1,1,1,1,1,1,1,1,1,1,1,1,1,1,1,1,1,1,1,1,1,1,1,1
930,countermeasure = 0.0; #threats <= 75.00; #threats <= 53.00; flying_speed > 27.56; flying_speed > 38.83,7,1,1,1,0,1,1,0,0,1,0,0,0,0,0,1,0,0,0,1,0,0,0,1,0
931,countermeasure = 0.0; flying_speed <= 15.83; countermeasure = 0.0; flying_speed <= 15.83; #threats <= 75.00; #threats <= 75.00; countermeasure = 0.0; flying_speed <= 15.83; countermeasure = 0.0; flying_speed <= 15.83; flying_speed <= 15.83; flying_speed <= 15.83; countermeasure = 0.0; #threats <= 26.00,12,1,1,1,1,1,1,1,1,1,1,1,1,1,1,1,1,1,1,1,1,1,1,1,1
932,countermeasure = 0.0; #threats <= 53.00; countermeasure = 0.0; flying_speed <= 38.83; #threats > 26.00; #threats <= 53.00; flying_speed <= 15.83; countermeasure = 0.0; flying_speed <= 15.83; threat_range > 30458.59; countermeasure = 0.0; flying_speed <= 27.56; countermeasure = 0.0; flying_speed <= 15.83; #threats <= 53.00; threat_range > 30458.59; flying_speed <= 27.56,12,1,1,1,1,1,1,1,1,1,1,1,1,1,1,1,1,1,1,1,1,1,1,1,1
933,#threats > 75.00; 15.83 < flying_speed <= 27.56; day_time <= 18.00; threat_range > 20104.47; threat_range > 30458.59; threat_range > 10398.43; threat_range > 30458.59; flying_speed <= 27.56; day_time > 6.00; threat_range > 10398.43; weather = 3.0; threat_range > 10398.43,9,1,0,1,0,1,1,0,0,1,0,1,0,0,0,1,0,0,0,1,0,1,0,1,0
934,countermeasure = 0.0; #threats <= 75.00; countermeasure = 0.0; flying_speed <= 38.83; #threats > 26.00; threat_range > 30458.59; countermeasure = 0.0; countermeasure = 0.0; flying_speed <= 38.83; day_time <= 12.00; countermeasure = 0.0; flying_speed <= 38.83; flying_speed <= 38.83; threat_range > 10398.43; #threats <= 75.00; flying_speed <= 38.83; day_time <= 12.00; countermeasure = 0.0; formation = 0.0,12,1,1,1,1,1,1,1,1,1,1,1,1,1,1,1,1,1,1,1,1,1,1,1,1
935,countermeasure = 0.0; #threats <= 53.00; countermeasure = 0.0; flying_speed <= 27.56; countermeasure = 0.0; flying_speed <= 27.56; threat_range <= 20104.47; flying_speed <= 38.83; countermeasure = 0.0; flying_speed <= 27.56; #threats <= 75.00; #threats <= 53.00; flying_speed <= 27.56; 12.00 < day_time <= 18.00; #threats <= 26.00,12,1,0,1,1,1,1,1,0,1,1,1,1,1,0,1,1,1,0,1,1,1,1,1,1
936,#threats > 53.00; flying_speed <= 15.83; threat_range <= 20104.47; formation = 0.0; day_time <= 12.00; flying_speed <= 27.56; #threats <= 75.00; day_time <= 12.00; flying_speed <= 15.83; flying_speed <= 27.56; 10398.43 < threat_range <= 20104.47; #threats <= 75.00; flying_speed <= 15.83,9,1,1,1,1,1,1,0,1,1,1,1,1,0,1,1,1,0,1,1,1,1,1,1,1
937,countermeasure = 0.0; threat_range <= 30458.59; threat_range <= 30458.59; flying_speed > 15.83; countermeasure = 0.0; threat_range <= 20104.47; countermeasure = 0.0; day_time <= 12.00; flying_speed > 27.56; formation = 0.0,9,1,0,1,1,1,1,0,0,1,1,1,1,0,0,1,1,0,0,1,1,1,1,1,1
938,countermeasure = 0.0; #threats <= 26.00; countermeasure = 0.0; flying_speed <= 27.56; formation = 1.0; #threats <= 53.00; #threats <= 75.00; countermeasure = 0.0; flying_speed <= 27.56; threat_range <= 30458.59; formation = 1.0; countermeasure = 0.0; flying_speed <= 38.83; day_time > 12.00; #threats <= 53.00; flying_speed <= 27.56; countermeasure = 0.0,12,1,1,1,1,1,1,1,1,1,1,1,1,1,1,1,1,1,1,1,1,1,1,1,1
939,countermeasure = 0.0; flying_speed > 27.56; countermeasure = 0.0; #threats > 26.00; threat_range > 10398.43; day_time <= 12.00; formation = 1.0; threat_range > 20104.47; countermeasure = 0.0; threat_range > 10398.43; #threats > 26.00; day_time <= 12.00; day_time <= 12.00; countermeasure = 0.0; weather = 2.0; day_time <= 12.00; formation = 1.0; day_time <= 12.00; countermeasure = 0.0; threat_range > 10398.43; formation = 1.0; flying_speed > 15.83; #threats > 53.00; weather = 2.0,12,1,1,1,1,1,1,1,1,1,1,1,1,1,1,1,1,1,1,1,1,1,1,1,1
940,countermeasure = 0.0; #threats <= 53.00; countermeasure = 0.0; flying_speed <= 38.83; formation = 0.0; threat_range > 10398.43; countermeasure = 0.0; flying_speed <= 27.56; day_time <= 12.00; #threats <= 53.00; countermeasure = 0.0; weather = 2.0; #threats <= 53.00; #threats <= 53.00; flying_speed <= 27.56; threat_range > 10398.43; countermeasure = 0.0,12,1,1,1,1,1,1,1,1,1,1,1,1,1,1,1,1,1,1,1,1,1,1,1,1
941,countermeasure = 0.0; threat_range > 10398.43; countermeasure = 0.0; flying_speed <= 38.83; #threats > 26.00; 10398.43 < threat_range <= 30458.59; countermeasure = 0.0; flying_speed <= 38.83; #threats > 26.00; threat_range <= 30458.59; threat_range > 10398.43; countermeasure = 0.0; flying_speed <= 38.83; threat_range > 20104.47; day_time <= 12.00; countermeasure = 0.0; 10398.43 < threat_range <= 30458.59; flying_speed > 27.56,12,1,1,1,1,1,1,1,1,1,1,1,1,1,1,1,1,1,1,1,1,1,1,1,1
942,countermeasure = 0.0; threat_range > 10398.43; countermeasure = 0.0; flying_speed <= 15.83; day_time <= 6.00; day_time <= 12.00; countermeasure = 0.0; flying_speed <= 15.83; flying_speed <= 15.83; countermeasure = 0.0; flying_speed <= 27.56; day_time <= 6.00,11,1,1,1,0,1,1,1,0,1,0,1,0,1,0,1,0,1,0,1,0,0,0,1,0
943,countermeasure = 0.0; #threats <= 53.00; countermeasure = 0.0; #threats > 26.00; day_time <= 6.00; weather = 3.0; #threats <= 75.00; countermeasure = 0.0; day_time <= 6.00; #threats > 26.00; day_time <= 6.00; countermeasure = 0.0; day_time <= 6.00; day_time <= 18.00; #threats <= 53.00; weather = 3.0; day_time <= 6.00; threat_range <= 20104.47; countermeasure = 0.0,12,1,1,1,1,1,1,1,1,1,1,1,1,1,1,1,1,1,1,1,1,1,1,1,1
944,flying_speed <= 27.56; day_time <= 6.00; threat_range > 20104.47; day_time <= 12.00,6,0,1,1,0,1,1,0,0,1,0,1,0,0,0,1,0,0,0,1,0,0,0,0,0
945,countermeasure = 0.0; #threats <= 75.00; countermeasure = 0.0; 26.00 < #threats <= 75.00; day_time <= 6.00; countermeasure = 0.0; day_time <= 6.00; 10398.43 < threat_range <= 20104.47; weather = 2.0; countermeasure = 0.0; #threats <= 75.00; day_time <= 6.00; weather = 2.0; threat_range <= 20104.47; day_time <= 6.00; day_time <= 6.00,12,1,1,1,1,1,1,1,1,1,1,1,1,1,1,1,1,1,1,1,1,1,1,1,1
946,#threats <= 53.00; day_time > 18.00; day_time > 18.00; flying_speed <= 38.83; countermeasure = 1.0,7,0,0,1,0,1,1,0,0,1,0,1,0,0,0,1,0,0,0,1,0,0,0,1,0
947,#threats <= 53.00; #threats <= 53.00; threat_range > 30458.59; threat_range > 20104.47; 6.00 < day_time <= 12.00; 26.00 < #threats <= 53.00; weather = 4.0; #threats > 26.00,8,0,1,1,0,1,1,0,0,1,0,1,0,0,0,1,0,0,0,1,0,1,1,1,1
948,countermeasure = 0.0; day_time > 18.00; countermeasure = 0.0; flying_speed <= 38.83; #threats > 26.00; #threats <= 53.00; countermeasure = 0.0; flying_speed <= 38.83; #threats > 26.00; threat_range <= 30458.59; flying_speed <= 38.83; countermeasure = 0.0; #threats > 26.00; flying_speed <= 38.83; 10398.43 < threat_range <= 20104.47; #threats <= 53.00; countermeasure = 0.0,12,1,1,1,1,1,1,1,1,1,1,1,1,1,1,1,1,1,1,1,1,1,1,1,1
949,#threats > 75.00; day_time > 6.00; flying_speed <= 38.83; weather = 2.0; formation = 1.0; threat_range > 10398.43; weather = 2.0; weather = 2.0; day_time > 6.00; #threats > 75.00; weather = 2.0; formation = 1.0; flying_speed <= 38.83; day_time > 18.00; weather = 2.0; flying_speed <= 38.83; threat_range > 30458.59; day_time > 18.00; #threats > 75.00; weather = 2.0; day_time > 18.00,10,1,1,1,0,1,1,0,0,1,0,1,1,0,0,1,1,1,1,1,1,1,1,1,1
950,#threats > 75.00; threat_range <= 10398.43; 12.00 < day_time <= 18.00; formation = 1.0; day_time <= 18.00; formation = 1.0; flying_speed > 27.56; threat_range <= 20104.47; 12.00 < day_time <= 18.00; formation = 1.0; weather = 1.0; day_time > 12.00,9,1,1,1,1,1,1,0,1,1,1,1,1,0,1,1,1,0,1,1,1,1,1,1,1
951,countermeasure = 1.0; day_time > 6.00; #threats <= 75.00; flying_speed > 38.83; 26.00 < #threats <= 75.00; threat_range <= 20104.47; formation = 1.0; flying_speed > 38.83,8,0,0,1,1,1,1,0,0,1,1,1,1,0,0,1,1,0,0,1,1,1,1,1,1
952,#threats <= 75.00; threat_range > 10398.43; #threats <= 75.00; flying_speed > 38.83; 26.00 < #threats <= 53.00; threat_range <= 30458.59,8,0,1,1,1,1,1,0,1,1,1,1,1,0,1,1,1,0,1,1,1,1,1,1,1
953,#threats <= 75.00; #threats <= 75.00; threat_range <= 30458.59; threat_range > 20104.47; #threats <= 75.00; 26.00 < #threats <= 75.00; day_time <= 12.00; weather = 2.0; day_time <= 6.00,8,0,0,1,1,1,1,0,0,1,1,1,1,0,0,1,1,0,0,1,1,1,1,1,1
954,countermeasure = 0.0; formation = 1.0; countermeasure = 0.0; formation = 1.0; day_time <= 6.00; threat_range > 10398.43; #threats <= 26.00; countermeasure = 0.0; day_time <= 6.00; 10398.43 < threat_range <= 30458.59; countermeasure = 0.0; countermeasure = 0.0; day_time <= 6.00; day_time <= 12.00; #threats <= 53.00; countermeasure = 0.0; day_time <= 12.00; formation = 1.0,12,1,1,1,1,1,1,1,1,1,1,1,1,1,1,1,1,1,1,1,1,1,1,1,1
955,#threats <= 26.00; #threats <= 53.00; threat_range > 30458.59; flying_speed <= 38.83; 15.83 < flying_speed <= 27.56; #threats <= 53.00; threat_range > 10398.43; formation = 1.0; day_time > 6.00,8,0,0,1,1,1,1,0,0,1,1,1,1,0,0,1,1,0,0,1,1,1,1,1,1
956,threat_range > 10398.43; #threats <= 26.00; #threats <= 75.00; threat_range > 20104.47; #threats <= 26.00; #threats <= 53.00; day_time <= 6.00; threat_range <= 30458.59; threat_range <= 30458.59,8,0,0,1,1,1,1,0,0,1,1,1,1,0,0,1,1,0,0,1,1,1,1,1,1
957,countermeasure = 0.0; weather = 2.0; countermeasure = 0.0; flying_speed <= 38.83; 26.00 < #threats <= 75.00; countermeasure = 0.0; countermeasure = 0.0; threat_range <= 20104.47; flying_speed <= 38.83; flying_speed > 15.83; countermeasure = 0.0; flying_speed <= 38.83; countermeasure = 0.0; 26.00 < #threats <= 53.00; countermeasure = 0.0; day_time > 12.00,12,1,1,1,1,1,1,1,1,1,1,1,1,1,1,1,1,1,1,1,1,1,1,1,1
958,countermeasure = 0.0; #threats <= 75.00; countermeasure = 0.0; flying_speed <= 15.83; #threats <= 53.00; countermeasure = 0.0; flying_speed <= 15.83; threat_range <= 20104.47; countermeasure = 0.0; flying_speed <= 15.83; #threats <= 53.00; flying_speed <= 15.83; weather = 2.0; flying_speed <= 15.83,12,1,1,1,1,1,1,1,1,1,1,1,1,1,1,1,1,1,1,1,1,1,1,1,1
959,countermeasure = 0.0; countermeasure = 0.0; countermeasure = 0.0; #threats > 26.00; threat_range > 10398.43; day_time <= 18.00; weather = 4.0; formation = 0.0; countermeasure = 0.0; #threats > 26.00; threat_range > 10398.43; day_time <= 18.00; weather = 4.0; countermeasure = 0.0; #threats > 75.00; day_time <= 18.00; threat_range > 10398.43; formation = 0.0; flying_speed > 38.83; countermeasure = 0.0; formation = 0.0; weather = 4.0; day_time > 12.00; #threats > 26.00,12,1,0,1,0,1,1,1,0,1,0,1,1,1,0,1,1,1,0,1,1,1,1,1,1
960,countermeasure = 0.0; #threats <= 75.00; countermeasure = 0.0; flying_speed <= 38.83; #threats > 26.00; flying_speed > 27.56; countermeasure = 0.0; flying_speed <= 38.83; #threats > 26.00; day_time <= 12.00; day_time <= 12.00; countermeasure = 0.0; formation = 0.0; 53.00 < #threats <= 75.00; day_time <= 12.00; countermeasure = 0.0; countermeasure = 0.0,12,1,1,1,1,1,1,1,1,1,1,1,1,1,1,1,1,1,1,1,1,1,1,1,1
961,#threats <= 75.00; #threats <= 53.00; day_time <= 6.00; threat_range <= 20104.47; day_time <= 6.00; threat_range <= 30458.59; #threats <= 53.00; day_time <= 6.00,8,0,1,1,1,1,1,0,1,1,1,1,1,0,1,1,1,0,1,1,1,1,1,1,1
962,countermeasure = 0.0; flying_speed <= 38.83; weather = 1.0; weather = 1.0; countermeasure = 0.0; flying_speed <= 27.56; day_time <= 18.00; day_time > 6.00; countermeasure = 0.0; flying_speed <= 38.83; flying_speed <= 38.83; countermeasure = 0.0; day_time <= 12.00; threat_range > 20104.47; flying_speed <= 27.56; weather = 1.0; #threats > 53.00; formation = 0.0; #threats > 75.00,11,1,1,1,1,1,1,0,1,1,1,1,1,1,1,1,1,1,1,1,1,1,1,1,1
963,countermeasure = 0.0; flying_speed > 27.56; countermeasure = 0.0; #threats > 26.00; day_time <= 6.00; day_time <= 6.00; countermeasure = 0.0; day_time <= 6.00; #threats > 26.00; threat_range > 10398.43; formation = 0.0; threat_range > 10398.43; countermeasure = 0.0; threat_range > 10398.43,10,1,1,1,0,1,1,1,0,1,0,1,0,1,0,1,0,1,0,1,0,0,0,0,0
964,flying_speed <= 15.83; #threats <= 53.00; #threats <= 53.00; #threats <= 26.00; flying_speed <= 15.83; threat_range > 10398.43; formation = 1.0; flying_speed <= 15.83,8,0,0,1,0,1,1,0,0,1,0,1,0,0,0,1,0,0,0,1,0,1,1,1,1
965,countermeasure = 0.0; #threats <= 75.00; countermeasure = 0.0; flying_speed <= 38.83; day_time > 12.00; #threats <= 75.00; threat_range > 20104.47; countermeasure = 0.0; threat_range <= 30458.59; #threats > 26.00; flying_speed <= 38.83; flying_speed <= 38.83; countermeasure = 0.0; threat_range > 20104.47; #threats <= 75.00; #threats <= 53.00; threat_range <= 30458.59; 26.00 < #threats <= 53.00; countermeasure = 0.0,12,1,1,1,1,1,1,1,1,1,1,1,1,1,1,1,1,1,1,1,1,1,1,1,1
966,#threats > 75.00; flying_speed <= 15.83; threat_range > 30458.59; 12.00 < day_time <= 18.00; threat_range > 10398.43; flying_speed <= 15.83; #threats > 75.00; weather = 1.0; day_time > 6.00; flying_speed <= 15.83; day_time > 12.00; flying_speed <= 15.83; #threats > 75.00; weather = 1.0; formation = 0.0; threat_range > 10398.43; threat_range > 30458.59; flying_speed <= 15.83; #threats > 75.00; weather = 1.0; threat_range > 10398.43; day_time <= 18.00; weather = 1.0; flying_speed <= 15.83; threat_range > 10398.43; formation = 0.0; 12.00 < day_time <= 18.00; flying_speed <= 15.83,12,1,1,1,1,1,1,1,1,1,1,1,1,1,1,1,1,1,1,1,1,1,1,1,1
967,#threats <= 53.00; day_time > 18.00; #threats <= 26.00; 10398.43 < threat_range <= 20104.47; #threats <= 53.00; #threats <= 26.00,8,0,0,1,1,1,1,0,0,1,1,1,1,0,0,1,1,0,0,1,1,1,1,1,1
968,#threats > 75.00; flying_speed <= 15.83; day_time <= 18.00; threat_range <= 30458.59; flying_speed <= 15.83; flying_speed <= 15.83; flying_speed <= 15.83; flying_speed <= 15.83; flying_speed <= 38.83; flying_speed <= 15.83; day_time > 12.00; flying_speed <= 15.83,9,1,1,1,1,1,1,0,1,1,1,1,1,0,1,1,1,0,1,1,1,1,1,1,1
969,countermeasure = 0.0; #threats <= 75.00; countermeasure = 0.0; flying_speed <= 38.83; threat_range <= 30458.59; weather = 3.0; countermeasure = 0.0; flying_speed <= 27.56; threat_range <= 30458.59; weather = 3.0; weather = 3.0; countermeasure = 0.0; flying_speed <= 27.56; flying_speed <= 38.83; countermeasure = 0.0; threat_range <= 30458.59; 26.00 < #threats <= 75.00; flying_speed > 15.83; flying_speed <= 27.56,12,1,1,1,1,1,1,1,1,1,1,1,1,1,1,1,1,1,1,1,1,1,1,1,1
970,countermeasure = 0.0; flying_speed <= 27.56; countermeasure = 0.0; flying_speed <= 27.56; day_time <= 6.00; #threats <= 75.00; day_time <= 6.00; countermeasure = 0.0; threat_range <= 30458.59; flying_speed <= 27.56; countermeasure = 0.0; flying_speed <= 27.56; flying_speed <= 38.83; day_time <= 6.00; countermeasure = 0.0; #threats > 26.00; formation = 0.0,12,1,1,1,1,1,1,1,1,1,1,1,1,1,1,1,1,1,1,1,1,1,1,1,1
971,countermeasure = 0.0; #threats <= 26.00; countermeasure = 0.0; flying_speed <= 15.83; flying_speed <= 15.83; countermeasure = 0.0; flying_speed <= 15.83; formation = 1.0; threat_range > 10398.43; countermeasure = 0.0; flying_speed <= 27.56; flying_speed <= 38.83; flying_speed <= 15.83; #threats <= 53.00; flying_speed <= 15.83,12,1,1,1,0,1,1,1,0,1,0,1,0,1,0,1,0,1,0,1,0,1,0,1,0
972,countermeasure = 0.0; #threats <= 53.00; countermeasure = 0.0; flying_speed <= 15.83; countermeasure = 0.0; flying_speed <= 15.83; #threats <= 53.00; countermeasure = 0.0; flying_speed <= 15.83; flying_speed <= 15.83; #threats <= 53.00; day_time > 12.00; threat_range > 30458.59,12,1,0,1,0,1,1,1,0,1,0,1,0,1,0,1,0,1,0,1,0,1,1,1,1
973,countermeasure = 1.0; #threats <= 75.00; #threats > 26.00; formation = 0.0; #threats <= 75.00; day_time > 18.00; 26.00 < #threats <= 75.00; flying_speed > 38.83; threat_range <= 20104.47; flying_speed > 38.83,8,0,1,1,1,1,1,0,1,1,1,1,1,0,1,1,1,0,1,1,1,1,1,1,1
974,#threats <= 53.00; formation = 0.0; day_time <= 6.00; #threats > 26.00; #threats <= 75.00; day_time <= 6.00; threat_range <= 30458.59; weather = 2.0; #threats <= 75.00; day_time <= 6.00,8,0,0,1,1,1,1,0,0,1,1,1,1,0,0,1,1,0,0,1,1,1,1,1,1
975,flying_speed <= 15.83; flying_speed <= 15.83; flying_speed <= 15.83; flying_speed <= 15.83; flying_speed <= 15.83; formation = 0.0; threat_range <= 20104.47; day_time > 12.00; #threats <= 26.00,8,0,1,1,1,1,1,0,1,1,1,1,1,0,1,1,1,0,1,1,1,1,1,1,1
976,#threats <= 75.00; day_time <= 6.00; threat_range > 10398.43; threat_range > 10398.43; 26.00 < #threats <= 53.00; day_time <= 6.00; threat_range <= 30458.59; day_time <= 6.00,8,0,0,1,1,1,1,0,0,1,1,1,1,0,0,1,1,0,0,1,1,1,1,1,1
977,#threats <= 75.00; day_time <= 6.00; flying_speed <= 38.83; flying_speed <= 38.83; day_time <= 6.00; #threats <= 26.00; formation = 1.0; #threats <= 53.00,8,0,1,1,1,1,1,0,1,1,1,1,1,0,1,1,1,0,1,1,1,1,1,1,1
978,#threats <= 75.00; #threats <= 75.00; #threats <= 75.00; flying_speed <= 27.56; threat_range <= 30458.59; 26.00 < #threats <= 75.00; 15.83 < flying_speed <= 27.56; formation = 0.0,8,0,0,1,1,1,1,0,0,1,1,1,1,0,0,1,0,0,0,1,0,1,0,1,1
979,countermeasure = 0.0; flying_speed <= 15.83; countermeasure = 0.0; flying_speed <= 15.83; formation = 1.0; threat_range <= 10398.43; countermeasure = 0.0; flying_speed <= 15.83; day_time <= 12.00; flying_speed <= 15.83; countermeasure = 0.0; flying_speed <= 27.56; flying_speed <= 38.83; flying_speed <= 15.83; countermeasure = 0.0; weather = 2.0,12,1,1,1,0,1,1,1,0,1,0,1,0,1,0,1,0,1,0,1,0,1,0,1,1
980,flying_speed <= 27.56; weather = 4.0; day_time > 6.00; flying_speed <= 15.83; formation = 1.0; day_time > 6.00; #threats <= 75.00; flying_speed <= 15.83,8,0,1,1,1,1,1,0,1,1,1,1,1,0,1,1,1,0,1,1,1,1,1,1,1
981,countermeasure = 0.0; countermeasure = 0.0; flying_speed <= 15.83; flying_speed <= 15.83; countermeasure = 0.0; flying_speed <= 27.56; flying_speed <= 27.56; countermeasure = 0.0; flying_speed <= 15.83; countermeasure = 0.0; flying_speed <= 15.83; countermeasure = 0.0; flying_speed <= 15.83,12,1,1,1,0,1,1,1,0,1,0,1,1,1,0,1,1,1,1,1,1,1,1,1,1
982,#threats <= 75.00; flying_speed <= 38.83; #threats <= 53.00; #threats <= 75.00; 26.00 < #threats <= 53.00; weather = 3.0; #threats <= 53.00,8,0,0,1,0,1,1,0,0,1,0,1,1,0,0,1,1,0,0,1,1,1,1,1,1
983,#threats <= 75.00; #threats <= 75.00; day_time <= 12.00; flying_speed <= 27.56; day_time <= 6.00,7,0,1,1,0,1,1,0,0,1,0,1,0,0,0,1,0,0,0,1,0,0,0,1,1
984,countermeasure = 0.0; countermeasure = 0.0; flying_speed <= 15.83; #threats <= 75.00; flying_speed <= 15.83; countermeasure = 0.0; flying_speed <= 15.83; countermeasure = 0.0; flying_speed <= 27.56; day_time > 12.00; flying_speed <= 15.83; #threats <= 53.00; countermeasure = 0.0; day_time > 18.00,12,1,1,1,1,1,1,1,1,1,1,1,1,1,1,1,1,1,1,1,1,1,1,1,1
985,threat_range > 10398.43; threat_range > 10398.43; formation = 0.0; day_time > 12.00; 10398.43 < threat_range <= 30458.59; formation = 0.0; #threats > 53.00; weather = 2.0; flying_speed > 15.83; formation = 0.0,8,0,0,1,1,1,1,0,0,1,1,1,1,0,0,1,0,0,0,1,0,1,1,1,1
986,countermeasure = 0.0; flying_speed <= 27.56; countermeasure = 0.0; flying_speed <= 27.56; #threats <= 53.00; countermeasure = 0.0; flying_speed <= 27.56; threat_range <= 20104.47; countermeasure = 0.0; countermeasure = 0.0; flying_speed <= 27.56; #threats <= 26.00; day_time <= 6.00; threat_range <= 30458.59; countermeasure = 0.0; countermeasure = 0.0,12,1,0,1,1,1,1,1,0,1,1,1,1,1,0,1,1,1,0,1,1,1,1,1,1
987,#threats <= 53.00; weather = 3.0; #threats <= 75.00; flying_speed <= 38.83; #threats <= 53.00; day_time <= 6.00; flying_speed <= 38.83; weather = 3.0; #threats <= 53.00,8,0,1,1,0,1,1,0,0,1,0,1,0,0,0,1,0,0,0,1,0,1,0,1,0
988,countermeasure = 0.0; countermeasure = 0.0; weather = 3.0; formation = 1.0; threat_range > 10398.43; day_time <= 12.00; #threats <= 75.00; threat_range > 30458.59; countermeasure = 0.0; day_time <= 12.00; weather = 3.0; threat_range > 10398.43; formation = 1.0; day_time <= 18.00; countermeasure = 0.0; threat_range > 10398.43; day_time <= 12.00; threat_range > 20104.47; threat_range > 30458.59,11,1,1,1,0,1,1,1,0,1,0,1,0,1,0,1,0,1,0,1,0,0,0,1,0
989,#threats <= 75.00; formation = 1.0; threat_range > 30458.59; threat_range > 20104.47; #threats <= 75.00; flying_speed > 38.83; #threats <= 75.00; weather = 4.0; threat_range > 30458.59; day_time <= 12.00,8,0,1,1,1,1,1,0,1,1,1,1,1,0,1,1,1,0,1,1,1,1,1,1,1
990,countermeasure = 0.0; flying_speed <= 15.83; countermeasure = 0.0; flying_speed <= 15.83; flying_speed <= 15.83; flying_speed <= 15.83; countermeasure = 0.0; flying_speed <= 15.83; threat_range <= 20104.47; flying_speed <= 15.83; countermeasure = 0.0; flying_speed <= 15.83; flying_speed <= 15.83; 12.00 < day_time <= 18.00; weather = 3.0; #threats > 26.00,12,1,1,1,0,1,1,1,0,1,0,1,0,1,0,1,0,1,0,1,0,1,0,1,1
991,#threats <= 75.00; #threats <= 75.00; #threats <= 26.00; #threats <= 75.00; flying_speed <= 38.83; day_time <= 6.00; #threats <= 53.00; flying_speed <= 27.56; day_time <= 6.00,8,0,1,1,0,1,1,0,0,1,0,1,0,0,0,1,0,0,0,1,0,1,1,1,1
992,countermeasure = 0.0; #threats <= 75.00; countermeasure = 0.0; formation = 1.0; threat_range > 10398.43; weather = 4.0; #threats <= 75.00; #threats <= 53.00; countermeasure = 0.0; threat_range > 20104.47; #threats <= 53.00; countermeasure = 0.0; day_time > 12.00; #threats <= 53.00; threat_range > 20104.47; #threats <= 53.00; weather = 4.0; flying_speed > 27.56; day_time > 18.00; countermeasure = 0.0; flying_speed > 38.83,12,1,1,1,1,1,1,1,1,1,1,1,1,1,1,1,1,1,1,1,1,1,1,1,1
993,countermeasure = 0.0; countermeasure = 0.0; 26.00 < #threats <= 75.00; 10398.43 < threat_range <= 30458.59; #threats <= 75.00; #threats <= 75.00; countermeasure = 0.0; 20104.47 < threat_range <= 30458.59; threat_range > 20104.47; countermeasure = 0.0; threat_range > 10398.43; formation = 0.0; 26.00 < #threats <= 53.00; day_time <= 12.00; countermeasure = 0.0; flying_speed > 38.83,12,1,1,1,1,1,1,1,1,1,1,1,1,1,1,1,1,1,1,1,1,1,1,1,1
994,countermeasure = 0.0; countermeasure = 0.0; flying_speed <= 27.56; flying_speed <= 27.56; countermeasure = 0.0; flying_speed <= 27.56; threat_range <= 30458.59; flying_speed <= 38.83; countermeasure = 0.0; flying_speed <= 27.56; flying_speed <= 27.56; 10398.43 < threat_range <= 30458.59; countermeasure = 0.0; day_time <= 18.00; flying_speed <= 27.56,12,1,1,1,0,1,1,1,0,1,0,1,0,1,0,1,0,1,0,1,0,1,0,1,1
995,weather = 2.0; #threats <= 75.00; #threats <= 75.00; flying_speed <= 38.83; flying_speed <= 27.56; threat_range <= 10398.43; weather = 2.0; flying_speed <= 27.56; #threats <= 75.00; formation = 0.0; flying_speed <= 27.56,8,0,0,1,1,1,1,0,0,1,1,1,1,0,0,1,1,0,0,1,1,1,1,1,1
996,threat_range <= 20104.47; day_time > 6.00; day_time <= 12.00; flying_speed <= 27.56; formation = 0.0; 10398.43 < threat_range <= 20104.47; day_time <= 12.00; threat_range <= 20104.47,8,0,0,1,1,1,1,0,0,1,1,1,1,0,0,1,0,0,0,1,0,1,1,1,1
997,#threats <= 75.00; #threats <= 53.00; day_time > 18.00; #threats <= 53.00; flying_speed <= 15.83; threat_range > 10398.43; #threats <= 53.00; flying_speed <= 15.83,8,0,0,1,1,1,1,0,0,1,1,1,1,0,0,1,1,0,0,1,1,1,1,1,1
998,countermeasure = 0.0; countermeasure = 0.0; flying_speed <= 15.83; flying_speed <= 15.83; countermeasure = 0.0; flying_speed <= 15.83; #threats > 75.00; threat_range > 10398.43; threat_range > 30458.59; countermeasure = 0.0; flying_speed <= 27.56; day_time > 12.00; flying_speed <= 15.83; countermeasure = 0.0; weather = 3.0; threat_range > 30458.59,12,1,1,1,1,1,1,1,1,1,1,1,1,1,1,1,1,1,1,1,1,1,1,1,1
999,threat_range <= 20104.47; weather = 3.0; threat_range <= 30458.59; formation = 0.0; 26.00 < #threats <= 53.00; weather = 3.0; threat_range <= 20104.47,8,0,0,1,1,1,1,0,0,1,1,1,1,0,0,1,1,0,0,1,1,1,1,1,1
1000,#threats <= 53.00; weather = 1.0; threat_range <= 30458.59; flying_speed <= 38.83; 10398.43 < threat_range <= 20104.47; #threats <= 53.00; #threats <= 53.00,8,0,1,1,1,1,1,0,1,1,1,1,1,0,1,1,1,0,1,1,1,1,1,1,1
1001,#threats > 75.00; threat_range <= 20104.47; flying_speed <= 15.83; threat_range > 10398.43; flying_speed <= 15.83; #threats > 75.00; day_time > 18.00; 10398.43 < threat_range <= 20104.47; weather = 2.0; formation = 0.0; flying_speed <= 15.83; #threats > 75.00; weather = 2.0; 10398.43 < threat_range <= 20104.47; flying_speed <= 38.83; flying_speed <= 15.83; #threats > 75.00; 10398.43 < threat_range <= 20104.47; day_time > 6.00; day_time > 18.00; flying_speed <= 15.83; weather = 2.0; threat_range <= 30458.59,12,1,1,1,1,1,1,1,1,1,1,1,1,1,1,1,1,1,1,1,1,1,1,1,1
1002,countermeasure = 0.0; #threats <= 26.00; countermeasure = 0.0; day_time <= 6.00; threat_range > 10398.43; weather = 3.0; #threats <= 53.00; day_time <= 6.00; countermeasure = 0.0; day_time <= 6.00; threat_range > 10398.43; weather = 3.0; countermeasure = 0.0; countermeasure = 0.0; threat_range > 10398.43; day_time <= 6.00; #threats <= 26.00; day_time <= 6.00; countermeasure = 0.0; #threats <= 53.00; weather = 3.0; day_time <= 6.00,12,1,1,1,1,1,1,1,1,1,1,1,1,1,1,1,1,1,1,1,1,1,1,1,1
1003,countermeasure = 0.0; #threats <= 75.00; countermeasure = 0.0; flying_speed <= 38.83; #threats > 26.00; threat_range > 20104.47; threat_range > 30458.59; countermeasure = 0.0; flying_speed <= 38.83; threat_range > 10398.43; 26.00 < #threats <= 75.00; threat_range > 20104.47; countermeasure = 0.0; #threats > 26.00; flying_speed > 27.56,11,1,0,1,1,1,1,1,0,1,1,1,1,1,0,1,0,1,0,1,0,0,0,1,1
1004,countermeasure = 0.0; threat_range > 20104.47; countermeasure = 0.0; flying_speed <= 27.56; 26.00 < #threats <= 75.00; #threats <= 75.00; formation = 0.0; countermeasure = 0.0; flying_speed <= 27.56; #threats > 26.00; weather = 2.0; countermeasure = 0.0; flying_speed <= 38.83; countermeasure = 0.0; flying_speed <= 27.56; weather = 2.0; countermeasure = 0.0; threat_range > 30458.59,12,1,1,1,1,1,1,1,1,1,1,1,1,1,1,1,1,1,1,1,1,1,1,1,1
1005,countermeasure = 0.0; countermeasure = 0.0; flying_speed <= 27.56; threat_range <= 30458.59; countermeasure = 0.0; flying_speed <= 27.56; threat_range <= 20104.47; countermeasure = 0.0; flying_speed <= 27.56; countermeasure = 0.0; threat_range <= 20104.47; 26.00 < #threats <= 75.00; countermeasure = 0.0; flying_speed <= 38.83; threat_range <= 30458.59,12,1,0,1,1,1,1,1,0,1,1,1,1,1,0,1,1,1,0,1,1,1,1,1,1
1006,flying_speed <= 15.83; flying_speed <= 27.56; flying_speed <= 27.56; flying_speed <= 15.83; flying_speed <= 15.83; threat_range > 20104.47; #threats <= 26.00,8,0,0,1,1,1,1,0,0,1,1,1,1,0,0,1,1,0,0,1,1,1,1,1,1
1007,#threats <= 75.00; #threats <= 75.00; #threats <= 26.00; flying_speed <= 27.56; flying_speed <= 15.83,6,0,1,1,0,1,1,0,0,1,0,0,0,0,0,1,0,0,0,1,0,0,0,1,0
1008,countermeasure = 0.0; #threats <= 75.00; countermeasure = 0.0; flying_speed <= 15.83; #threats <= 75.00; #threats <= 75.00; countermeasure = 0.0; flying_speed <= 15.83; formation = 0.0; countermeasure = 0.0; flying_speed <= 15.83; flying_speed <= 15.83; flying_speed <= 15.83; flying_speed <= 27.56,12,1,1,1,1,1,1,1,1,1,1,1,1,1,1,1,1,1,1,1,1,1,1,1,1
1009,#threats > 53.00; #threats <= 75.00; formation = 1.0; flying_speed <= 27.56; weather = 2.0; flying_speed <= 38.83; threat_range <= 30458.59; day_time <= 12.00; weather = 2.0; flying_speed <= 27.56,8,0,1,1,1,1,1,0,1,1,1,1,1,0,1,1,1,0,1,1,1,1,1,1,1
1010,countermeasure = 0.0; #threats <= 53.00; countermeasure = 0.0; flying_speed <= 27.56; #threats > 26.00; countermeasure = 0.0; flying_speed <= 27.56; #threats > 26.00; #threats <= 53.00; countermeasure = 0.0; day_time <= 6.00; #threats <= 53.00; countermeasure = 0.0; flying_speed <= 27.56; day_time <= 6.00,12,1,1,1,1,1,1,1,1,1,1,1,1,1,1,1,1,1,1,1,1,1,1,1,1
1011,#threats > 53.00; flying_speed <= 27.56; threat_range > 30458.59; day_time <= 18.00; formation = 0.0; weather = 1.0; flying_speed <= 27.56; #threats > 26.00; flying_speed <= 38.83; 15.83 < flying_speed <= 27.56; formation = 0.0; weather = 1.0; 6.00 < day_time <= 18.00; flying_speed <= 27.56,9,1,0,1,0,1,1,0,0,1,0,1,0,0,0,1,0,0,0,1,0,1,1,1,1
1012,countermeasure = 0.0; countermeasure = 0.0; flying_speed <= 27.56; day_time > 18.00; countermeasure = 0.0; flying_speed <= 27.56; flying_speed <= 38.83; countermeasure = 0.0; flying_speed <= 27.56; day_time > 18.00; countermeasure = 0.0,9,1,1,0,0,1,1,1,0,0,0,1,0,1,0,1,0,1,0,1,0,0,0,1,1
1013,#threats <= 53.00; flying_speed <= 27.56; #threats <= 75.00; flying_speed <= 27.56; threat_range <= 20104.47; #threats <= 53.00; day_time <= 12.00; weather = 2.0,8,0,1,1,1,1,1,0,1,1,1,1,1,0,1,1,1,0,1,1,1,1,1,1,1
1014,countermeasure = 0.0; #threats <= 75.00; countermeasure = 0.0; 10398.43 < threat_range <= 30458.59; day_time <= 12.00; #threats <= 75.00; weather = 2.0; #threats <= 26.00; countermeasure = 0.0; 20104.47 < threat_range <= 30458.59; day_time <= 12.00; formation = 0.0; #threats <= 75.00; countermeasure = 0.0; threat_range > 20104.47; #threats <= 53.00; countermeasure = 0.0; threat_range <= 30458.59; day_time <= 12.00; #threats <= 26.00,12,1,0,1,1,1,1,1,0,1,1,1,1,1,0,1,1,1,0,1,1,1,1,1,1
1015,flying_speed <= 15.83; weather = 4.0; #threats > 26.00; day_time <= 6.00; formation = 0.0; #threats <= 75.00; flying_speed <= 15.83; formation = 0.0; weather = 4.0; 10398.43 < threat_range <= 30458.59; day_time <= 6.00; #threats > 26.00; threat_range > 20104.47; flying_speed <= 15.83; flying_speed <= 15.83; #threats > 26.00; formation = 0.0; 10398.43 < threat_range <= 30458.59; weather = 4.0; day_time <= 6.00; threat_range > 20104.47; flying_speed <= 15.83; #threats > 26.00; formation = 0.0; threat_range <= 30458.59; day_time <= 6.00; flying_speed <= 15.83; #threats <= 53.00; weather = 4.0; day_time <= 6.00,12,1,1,1,0,1,1,1,0,1,0,1,0,1,0,1,0,1,0,1,0,1,1,1,1
1016,threat_range <= 30458.59; #threats <= 26.00; threat_range <= 20104.47; formation = 1.0; flying_speed > 38.83; threat_range <= 20104.47; #threats <= 75.00,7,0,1,1,0,1,1,0,0,1,0,1,0,0,0,1,0,0,0,1,0,1,0,0,0
1017,day_time <= 12.00; #threats <= 26.00; #threats <= 53.00; day_time <= 6.00; weather = 2.0; flying_speed <= 38.83; #threats <= 53.00,8,0,0,1,1,1,1,0,0,1,1,1,1,0,0,1,1,0,0,1,1,1,1,1,1
1018,countermeasure = 0.0; weather = 4.0; countermeasure = 0.0; flying_speed <= 38.83; #threats > 26.00; threat_range > 20104.47; day_time > 18.00; countermeasure = 0.0; threat_range <= 30458.59; #threats > 26.00; flying_speed <= 38.83; threat_range <= 30458.59; countermeasure = 0.0; flying_speed <= 38.83; day_time > 18.00; countermeasure = 0.0; 10398.43 < threat_range <= 30458.59; formation = 0.0; flying_speed > 27.56; day_time > 12.00; day_time > 12.00,12,1,1,1,1,1,1,1,1,1,1,1,1,1,1,1,1,1,1,1,1,1,1,1,1
1019,countermeasure = 0.0; #threats <= 75.00; countermeasure = 0.0; flying_speed <= 38.83; #threats > 26.00; #threats <= 75.00; countermeasure = 0.0; flying_speed <= 38.83; 26.00 < #threats <= 75.00; countermeasure = 0.0; threat_range > 20104.47; 15.83 < flying_speed <= 38.83; countermeasure = 0.0; threat_range > 10398.43; #threats <= 75.00; day_time <= 18.00; #threats > 53.00; weather = 2.0,12,1,1,1,1,1,1,1,1,1,1,1,1,1,1,1,1,1,1,1,1,1,1,1,1
1020,countermeasure = 0.0; flying_speed <= 27.56; countermeasure = 0.0; flying_speed <= 27.56; day_time > 12.00; day_time > 18.00; #threats <= 75.00; countermeasure = 0.0; flying_speed <= 27.56; threat_range <= 20104.47; #threats <= 53.00; countermeasure = 0.0; flying_speed <= 27.56; day_time > 12.00; threat_range <= 10398.43; #threats <= 53.00; flying_speed <= 27.56; countermeasure = 0.0,12,1,1,1,1,1,1,1,1,1,1,1,1,1,1,1,1,1,1,1,1,1,1,1,1
1021,countermeasure = 0.0; #threats <= 75.00; countermeasure = 0.0; flying_speed <= 38.83; #threats > 26.00; weather = 1.0; countermeasure = 0.0; day_time <= 18.00; weather = 1.0; flying_speed <= 38.83; threat_range <= 30458.59; threat_range <= 20104.47; countermeasure = 0.0; flying_speed <= 38.83; #threats <= 75.00; threat_range <= 20104.47; flying_speed <= 38.83; #threats > 26.00; countermeasure = 0.0; day_time <= 18.00; threat_range <= 10398.43,12,1,1,1,1,1,1,1,1,1,1,1,1,1,1,1,1,1,1,1,1,1,1,1,1
1022,#threats <= 26.00; weather = 2.0; day_time <= 6.00; #threats <= 53.00; weather = 2.0; flying_speed <= 38.83; #threats <= 26.00,8,0,0,1,1,1,1,0,0,1,1,1,1,0,0,1,1,0,0,1,1,1,1,1,1
1023,countermeasure = 0.0; flying_speed <= 15.83; countermeasure = 0.0; flying_speed <= 15.83; threat_range > 10398.43; #threats <= 53.00; countermeasure = 0.0; flying_speed <= 15.83; threat_range <= 30458.59; countermeasure = 0.0; flying_speed <= 15.83; #threats <= 53.00; weather = 4.0; countermeasure = 0.0,12,1,1,1,0,1,1,1,0,1,0,1,0,1,0,1,0,1,0,1,0,1,1,1,1
1024,#threats <= 75.00; #threats <= 75.00; formation = 0.0; day_time > 12.00; weather = 4.0; flying_speed <= 27.56; threat_range > 30458.59; threat_range > 30458.59,8,0,1,1,1,1,1,0,1,1,1,1,1,0,1,1,1,0,1,1,1,1,1,1,1
1025,day_time <= 6.00; #threats <= 75.00; day_time <= 6.00; flying_speed > 15.83; #threats <= 26.00; #threats <= 53.00; threat_range <= 20104.47; day_time <= 6.00; day_time <= 6.00,8,0,0,1,1,1,1,0,0,1,1,1,1,0,0,1,1,0,0,1,1,1,1,1,1
1026,weather = 3.0; flying_speed <= 27.56; #threats <= 75.00; flying_speed <= 27.56; flying_speed <= 27.56; day_time > 12.00; formation = 0.0; day_time > 12.00; #threats <= 53.00; day_time > 18.00; threat_range > 30458.59; weather = 3.0; day_time > 18.00,10,1,1,1,1,1,1,0,1,1,1,1,1,0,1,1,1,1,1,1,1,1,1,1,1
1027,countermeasure = 0.0; #threats <= 53.00; countermeasure = 0.0; flying_speed <= 38.83; #threats > 26.00; #threats <= 75.00; flying_speed <= 38.83; countermeasure = 0.0; flying_speed <= 38.83; 26.00 < #threats <= 53.00; countermeasure = 0.0; countermeasure = 0.0; flying_speed <= 38.83; day_time <= 18.00; 10398.43 < threat_range <= 30458.59; countermeasure = 0.0; #threats <= 53.00,12,1,1,1,1,1,1,1,1,1,1,1,1,1,1,1,1,1,1,1,1,1,1,1,1
1028,#threats <= 75.00; flying_speed <= 27.56; day_time > 12.00; #threats <= 75.00; threat_range > 10398.43; 15.83 < flying_speed <= 27.56; day_time > 18.00,8,0,1,1,1,1,1,0,1,1,1,1,1,0,1,1,1,0,1,1,1,1,1,1,1
1029,#threats <= 75.00; weather = 1.0; #threats > 53.00; threat_range <= 20104.47; 26.00 < #threats <= 75.00; day_time <= 18.00; flying_speed > 27.56,8,0,0,1,1,1,1,0,0,1,1,1,1,0,0,1,1,0,0,1,1,1,1,1,1
1030,countermeasure = 0.0; #threats <= 75.00; #threats <= 53.00; #threats <= 26.00; #threats <= 53.00; #threats <= 26.00; day_time <= 12.00; countermeasure = 0.0; #threats <= 75.00; threat_range > 30458.59,9,1,0,1,1,1,1,0,0,1,1,1,1,0,0,1,1,0,0,1,1,1,1,1,1
1031,countermeasure = 0.0; threat_range <= 20104.47; countermeasure = 0.0; flying_speed <= 27.56; 10398.43 < threat_range <= 20104.47; formation = 1.0; flying_speed <= 27.56; countermeasure = 0.0; flying_speed <= 27.56; threat_range <= 20104.47; flying_speed <= 38.83; countermeasure = 0.0; countermeasure = 0.0; flying_speed <= 27.56; day_time <= 18.00; countermeasure = 0.0; weather = 1.0; countermeasure = 0.0,12,1,1,1,1,1,1,1,1,1,1,1,1,1,1,1,1,1,1,1,1,1,1,1,1
1032,countermeasure = 0.0; #threats <= 53.00; countermeasure = 0.0; weather = 4.0; #threats <= 75.00; threat_range <= 30458.59; day_time > 6.00; flying_speed > 38.83; countermeasure = 0.0; threat_range <= 30458.59; #threats <= 75.00; #threats <= 26.00; countermeasure = 0.0; #threats <= 75.00; threat_range <= 20104.47; day_time > 18.00; countermeasure = 0.0; flying_speed > 38.83; day_time > 18.00; #threats <= 75.00; #threats <= 53.00,12,1,1,1,1,1,1,1,1,1,1,1,1,1,1,1,1,1,1,1,1,1,1,1,1
1033,flying_speed <= 15.83; flying_speed <= 15.83; day_time <= 12.00; flying_speed <= 38.83; flying_speed <= 15.83; day_time <= 6.00; #threats <= 75.00; flying_speed <= 15.83,8,0,0,1,1,1,1,0,0,1,1,1,1,0,0,1,1,0,0,1,1,1,1,1,1
1034,#threats > 75.00; weather = 3.0; formation = 1.0; 20104.47 < threat_range <= 30458.59; day_time <= 6.00; flying_speed > 27.56; flying_speed > 38.83; day_time <= 6.00; threat_range > 20104.47; #threats > 75.00; day_time <= 6.00; 10398.43 < threat_range <= 30458.59; formation = 1.0; weather = 3.0; threat_range > 10398.43; day_time <= 6.00; threat_range <= 30458.59; formation = 1.0; flying_speed > 15.83; day_time <= 6.00,10,1,1,1,1,1,1,0,1,1,1,1,1,0,1,1,1,1,1,1,1,1,1,1,1
1035,#threats <= 53.00; #threats <= 26.00; #threats <= 26.00; #threats <= 53.00; #threats <= 26.00; #threats <= 26.00; 10398.43 < threat_range <= 30458.59; flying_speed > 15.83; day_time <= 12.00,8,0,1,1,1,1,1,0,1,1,1,1,1,0,1,1,1,0,1,1,1,1,1,1,1
1036,#threats > 75.00; threat_range <= 20104.47; 15.83 < flying_speed <= 38.83; day_time <= 12.00; flying_speed <= 38.83; flying_speed <= 38.83; #threats > 75.00; threat_range <= 20104.47; day_time <= 6.00; weather = 2.0; day_time <= 12.00; flying_speed <= 38.83; #threats > 75.00; flying_speed <= 38.83; day_time <= 6.00; weather = 2.0; threat_range <= 20104.47; weather = 2.0; #threats > 75.00; flying_speed <= 38.83; day_time <= 6.00; formation = 1.0; weather = 2.0; threat_range <= 30458.59; flying_speed <= 38.83; threat_range <= 20104.47; day_time <= 6.00; weather = 2.0; day_time <= 6.00,12,1,1,1,1,1,1,1,1,1,1,1,1,1,1,1,1,1,1,1,1,1,1,1,1
1037,countermeasure = 0.0; day_time <= 12.00; countermeasure = 0.0; flying_speed <= 27.56; day_time <= 6.00; #threats <= 75.00; countermeasure = 0.0; flying_speed <= 15.83; threat_range <= 30458.59; flying_speed <= 15.83; countermeasure = 0.0; flying_speed <= 15.83; flying_speed <= 15.83; flying_speed <= 15.83; threat_range > 20104.47; day_time <= 6.00,12,1,1,1,0,1,1,1,0,1,0,1,1,1,0,1,1,1,1,1,1,1,1,1,1
1038,#threats > 26.00; threat_range <= 10398.43; day_time <= 6.00; day_time <= 6.00; day_time <= 6.00; #threats > 26.00; weather = 4.0; formation = 1.0; #threats <= 53.00; threat_range <= 20104.47; #threats <= 53.00; threat_range <= 20104.47,8,1,1,0,0,1,1,0,0,0,0,1,1,0,0,1,1,1,1,1,1,1,1,1,1
1039,#threats > 75.00; weather = 1.0; flying_speed <= 27.56; threat_range <= 30458.59; day_time > 6.00; flying_speed <= 27.56; flying_speed <= 27.56; weather = 1.0; flying_speed <= 27.56; 12.00 < day_time <= 18.00; threat_range > 10398.43; threat_range > 20104.47,9,1,1,1,1,1,1,0,1,1,1,1,1,0,1,1,1,0,1,1,1,1,1,1,1
1040,flying_speed <= 27.56; threat_range <= 10398.43; formation = 1.0; #threats <= 75.00; #threats <= 53.00; #threats <= 26.00; day_time > 12.00; #threats <= 26.00; 15.83 < flying_speed <= 27.56; weather = 3.0; formation = 1.0; #threats <= 26.00,9,1,1,1,1,1,1,0,1,1,1,1,1,0,1,1,1,0,1,1,1,1,1,1,1
1041,countermeasure = 0.0; #threats <= 75.00; countermeasure = 0.0; flying_speed <= 38.83; #threats > 26.00; threat_range > 10398.43; #threats <= 53.00; countermeasure = 0.0; flying_speed <= 38.83; threat_range <= 30458.59; #threats > 26.00; threat_range > 20104.47; countermeasure = 0.0; countermeasure = 0.0; countermeasure = 0.0; weather = 3.0; #threats <= 75.00; flying_speed > 27.56; countermeasure = 0.0,12,1,0,1,0,1,1,1,0,1,0,1,0,1,0,1,0,1,0,1,0,1,0,1,0
1042,#threats <= 53.00; #threats <= 53.00; #threats <= 53.00; #threats <= 53.00; day_time <= 6.00; 26.00 < #threats <= 53.00; #threats <= 53.00,8,0,0,1,1,1,1,0,0,1,1,1,1,0,0,1,1,0,0,1,1,1,1,1,1
1043,countermeasure = 0.0; flying_speed <= 27.56; countermeasure = 0.0; flying_speed <= 27.56; weather = 4.0; flying_speed <= 15.83; countermeasure = 0.0; flying_speed <= 27.56; countermeasure = 0.0; flying_speed <= 27.56; countermeasure = 0.0; flying_speed <= 15.83; 6.00 < day_time <= 18.00; threat_range > 30458.59,12,1,1,1,1,1,1,1,1,1,1,1,1,1,1,1,1,1,1,1,1,1,1,1,1
1044,#threats <= 53.00; threat_range > 20104.47; #threats <= 53.00; flying_speed <= 15.83; flying_speed <= 15.83; weather = 2.0; day_time > 12.00,8,0,1,1,0,1,1,0,0,1,0,1,0,0,0,1,0,0,0,1,0,1,0,1,0
1045,countermeasure = 0.0; #threats <= 75.00; countermeasure = 0.0; 26.00 < #threats <= 75.00; threat_range <= 30458.59; formation = 1.0; day_time > 18.00; countermeasure = 0.0; #threats <= 75.00; 10398.43 < threat_range <= 30458.59; day_time > 12.00; countermeasure = 0.0; threat_range <= 30458.59; #threats <= 75.00; countermeasure = 0.0; #threats <= 75.00; flying_speed > 38.83; flying_speed > 38.83,12,1,1,1,1,1,1,1,1,1,1,1,1,1,1,1,1,1,1,1,1,1,1,1,1
1046,#threats <= 75.00; threat_range <= 20104.47; flying_speed <= 38.83; weather = 2.0; 10398.43 < threat_range <= 20104.47; #threats <= 75.00; weather = 2.0,8,0,0,1,1,1,1,0,0,1,1,1,1,0,0,1,1,0,0,1,1,1,1,1,1
1047,#threats <= 75.00; #threats <= 75.00; threat_range > 10398.43; threat_range > 10398.43; #threats <= 53.00; 10398.43 < threat_range <= 20104.47; 15.83 < flying_speed <= 27.56; #threats <= 26.00,8,0,0,1,0,1,1,0,0,1,0,1,0,0,0,1,0,0,0,1,0,1,0,1,0
1048,countermeasure = 0.0; #threats <= 75.00; countermeasure = 0.0; flying_speed <= 38.83; formation = 1.0; 10398.43 < threat_range <= 30458.59; #threats <= 53.00; countermeasure = 0.0; flying_speed <= 38.83; 10398.43 < threat_range <= 30458.59; day_time <= 18.00; countermeasure = 0.0; flying_speed <= 38.83; #threats <= 53.00; countermeasure = 0.0; flying_speed <= 38.83; formation = 1.0,12,1,1,1,1,1,1,1,1,1,1,1,1,1,1,1,1,1,1,1,1,1,1,1,1
1049,countermeasure = 0.0; formation = 1.0; countermeasure = 0.0; 10398.43 < threat_range <= 30458.59; #threats > 53.00; #threats <= 75.00; weather = 1.0; countermeasure = 0.0; #threats > 53.00; day_time <= 12.00; day_time <= 18.00; countermeasure = 0.0; threat_range > 10398.43; 10398.43 < threat_range <= 20104.47; formation = 1.0,11,1,0,1,1,1,1,1,0,1,1,1,1,1,0,1,0,1,0,1,0,1,0,0,0
1050,countermeasure = 0.0; #threats <= 53.00; countermeasure = 0.0; flying_speed <= 27.56; threat_range <= 30458.59; #threats <= 75.00; countermeasure = 0.0; countermeasure = 0.0; flying_speed <= 27.56; threat_range <= 20104.47; flying_speed <= 38.83; countermeasure = 0.0; flying_speed <= 27.56; threat_range <= 20104.47; #threats <= 53.00; countermeasure = 0.0; weather = 3.0; countermeasure = 0.0,12,1,1,1,1,1,1,1,1,1,1,1,1,1,1,1,1,1,1,1,1,1,1,1,1
1051,countermeasure = 0.0; #threats <= 75.00; countermeasure = 0.0; flying_speed <= 38.83; countermeasure = 0.0; countermeasure = 0.0; countermeasure = 0.0; #threats > 26.00; flying_speed <= 38.83; #threats <= 75.00; countermeasure = 0.0; flying_speed <= 38.83; threat_range > 10398.43; day_time > 12.00,11,1,0,1,1,1,1,1,0,1,1,1,1,1,0,1,0,1,0,1,0,0,0,1,1
1052,countermeasure = 0.0; countermeasure = 0.0; flying_speed <= 27.56; flying_speed <= 27.56; day_time <= 6.00; countermeasure = 0.0; flying_speed <= 27.56; day_time <= 6.00; countermeasure = 0.0; flying_speed <= 38.83; threat_range <= 20104.47; day_time <= 6.00; countermeasure = 0.0,12,1,1,1,1,1,1,1,1,1,1,1,1,1,1,1,1,1,1,1,1,1,1,1,1
1053,countermeasure = 0.0; countermeasure = 0.0; flying_speed <= 15.83; threat_range <= 10398.43; flying_speed <= 15.83; countermeasure = 0.0; flying_speed <= 15.83; flying_speed <= 15.83; countermeasure = 0.0; flying_speed <= 15.83; flying_speed <= 15.83; flying_speed <= 15.83; weather = 2.0; day_time <= 6.00; day_time <= 6.00,12,1,1,1,1,1,1,1,1,1,1,1,1,1,1,1,1,1,1,1,1,1,1,1,1
1054,countermeasure = 0.0; formation = 1.0; countermeasure = 0.0; flying_speed <= 38.83; countermeasure = 0.0; flying_speed <= 27.56; threat_range > 20104.47; countermeasure = 0.0; flying_speed <= 27.56; #threats > 26.00; 15.83 < flying_speed <= 27.56; countermeasure = 0.0; countermeasure = 0.0,12,1,1,1,1,1,1,1,1,1,1,1,1,1,1,1,1,1,1,1,1,1,1,1,1
1055,countermeasure = 0.0; #threats <= 75.00; countermeasure = 0.0; flying_speed <= 38.83; weather = 3.0; threat_range > 20104.47; weather = 3.0; weather = 3.0; countermeasure = 0.0; flying_speed <= 38.83; day_time <= 12.00; threat_range > 10398.43; #threats <= 53.00; countermeasure = 0.0; flying_speed <= 38.83; day_time <= 12.00; #threats <= 53.00; countermeasure = 0.0; threat_range > 30458.59,12,1,1,1,1,1,1,1,1,1,1,1,1,1,1,1,1,1,1,1,1,1,1,1,1
1056,countermeasure = 0.0; #threats <= 75.00; countermeasure = 0.0; flying_speed <= 38.83; 26.00 < #threats <= 75.00; #threats <= 75.00; countermeasure = 0.0; flying_speed <= 27.56; threat_range <= 20104.47; flying_speed <= 27.56; countermeasure = 0.0; flying_speed <= 27.56; formation = 1.0; countermeasure = 0.0; 15.83 < flying_speed <= 27.56; formation = 1.0; flying_speed <= 27.56,12,1,1,1,0,1,1,1,0,1,0,1,0,1,0,1,0,1,0,1,0,1,0,1,0
1057,#threats <= 53.00; #threats <= 26.00; #threats <= 26.00; #threats <= 26.00; threat_range <= 20104.47; #threats <= 75.00; 27.56 < flying_speed <= 38.83; #threats <= 26.00,7,0,0,1,0,1,1,0,0,1,0,1,0,0,0,0,0,0,0,1,0,1,0,1,0
1058,#threats <= 75.00; weather = 4.0; flying_speed <= 15.83; #threats <= 53.00; flying_speed <= 15.83; flying_speed <= 15.83,7,0,1,1,0,1,1,0,0,1,0,1,0,0,0,1,0,0,0,1,0,0,0,1,0
1059,countermeasure = 0.0; #threats <= 75.00; countermeasure = 0.0; #threats > 26.00; flying_speed <= 38.83; threat_range > 10398.43; flying_speed <= 38.83; weather = 2.0; countermeasure = 0.0; flying_speed <= 38.83; 10398.43 < threat_range <= 30458.59; threat_range <= 20104.47; countermeasure = 0.0; weather = 2.0; day_time <= 18.00; 10398.43 < threat_range <= 20104.47; countermeasure = 0.0; countermeasure = 0.0,12,1,1,1,0,1,1,1,0,1,0,1,0,1,0,1,0,1,0,1,0,1,0,1,0
1060,countermeasure = 0.0; #threats <= 75.00; countermeasure = 0.0; 10398.43 < threat_range <= 30458.59; weather = 4.0; day_time <= 18.00; #threats <= 75.00; #threats <= 75.00; #threats <= 53.00; countermeasure = 0.0; 10398.43 < threat_range <= 30458.59; day_time <= 18.00; countermeasure = 0.0; countermeasure = 0.0; 10398.43 < threat_range <= 30458.59; countermeasure = 0.0; day_time > 12.00; #threats <= 53.00; countermeasure = 0.0; flying_speed > 38.83; formation = 0.0; #threats <= 26.00,12,1,1,1,0,1,1,1,0,1,0,1,0,1,0,1,0,1,0,1,0,1,0,1,0
1061,countermeasure = 0.0; #threats <= 75.00; countermeasure = 0.0; flying_speed <= 38.83; day_time > 12.00; #threats <= 75.00; countermeasure = 0.0; flying_speed <= 38.83; 26.00 < #threats <= 75.00; threat_range > 10398.43; flying_speed <= 38.83; countermeasure = 0.0; flying_speed <= 38.83; #threats <= 75.00; day_time > 12.00; countermeasure = 0.0; 26.00 < #threats <= 75.00; threat_range > 20104.47; formation = 0.0; weather = 3.0; day_time > 18.00,12,1,1,1,1,1,1,1,1,1,1,1,1,1,1,1,1,1,1,1,1,1,1,1,1
1062,countermeasure = 0.0; countermeasure = 0.0; flying_speed <= 27.56; countermeasure = 0.0; flying_speed <= 27.56; threat_range <= 30458.59; countermeasure = 0.0; flying_speed <= 27.56; flying_speed <= 38.83; 10398.43 < threat_range <= 20104.47; formation = 1.0; formation = 1.0,12,1,1,1,1,1,1,1,1,1,1,1,1,1,1,1,1,1,1,1,1,1,1,1,1
1063,flying_speed <= 38.83; #threats <= 75.00; day_time <= 18.00; threat_range <= 20104.47; 26.00 < #threats <= 75.00; weather = 3.0; day_time <= 18.00; #threats <= 75.00,6,0,0,1,1,1,1,0,0,1,1,1,1,0,0,0,0,0,0,0,0,1,1,1,1
1064,#threats <= 75.00; #threats <= 75.00; threat_range <= 10398.43; #threats <= 53.00; flying_speed > 27.56; threat_range <= 10398.43,7,0,0,1,0,1,1,0,0,1,0,1,0,0,0,1,0,0,0,1,0,0,0,1,1
1065,#threats <= 75.00; #threats <= 53.00; #threats <= 75.00; #threats <= 53.00; 15.83 < flying_speed <= 38.83; formation = 1.0; weather = 2.0; threat_range > 10398.43; formation = 1.0,8,0,0,1,1,1,1,0,0,1,1,1,1,0,0,1,1,0,0,1,1,1,1,1,1
1066,#threats <= 75.00; flying_speed <= 15.83; threat_range > 10398.43; #threats <= 53.00; flying_speed <= 15.83; flying_speed <= 15.83,7,0,0,1,0,1,1,0,0,1,0,1,0,0,0,1,0,0,0,1,0,0,0,1,1
1067,#threats <= 75.00; #threats <= 26.00; day_time > 18.00; #threats <= 26.00,5,0,1,1,0,1,1,0,0,1,0,1,0,0,0,0,0,0,0,0,0,0,0,1,0
1068,countermeasure = 0.0; day_time <= 12.00; countermeasure = 0.0; #threats <= 75.00; 10398.43 < threat_range <= 30458.59; day_time <= 12.00; #threats <= 75.00; countermeasure = 0.0; 20104.47 < threat_range <= 30458.59; 6.00 < day_time <= 18.00; #threats <= 75.00; countermeasure = 0.0; countermeasure = 0.0; threat_range <= 30458.59; weather = 1.0; day_time <= 12.00; #threats <= 53.00; countermeasure = 0.0; day_time <= 12.00; threat_range <= 30458.59; #threats <= 26.00,12,1,1,1,1,1,1,1,1,1,1,1,1,1,1,1,1,1,1,1,1,1,1,1,1
1069,countermeasure = 0.0; countermeasure = 0.0; flying_speed <= 15.83; threat_range <= 30458.59; #threats <= 75.00; countermeasure = 0.0; flying_speed <= 15.83; threat_range <= 30458.59; flying_speed <= 15.83; countermeasure = 0.0; flying_speed <= 15.83; #threats <= 75.00; flying_speed <= 15.83; 26.00 < #threats <= 53.00; day_time > 18.00,12,1,1,1,1,1,1,1,1,1,1,1,1,1,1,1,1,1,1,1,1,1,1,1,1
1070,countermeasure = 0.0; threat_range <= 20104.47; countermeasure = 0.0; threat_range > 10398.43; #threats > 26.00; threat_range <= 30458.59; countermeasure = 0.0; day_time <= 12.00; threat_range > 10398.43; #threats <= 75.00; countermeasure = 0.0; 53.00 < #threats <= 75.00; threat_range <= 20104.47; 10398.43 < threat_range <= 20104.47; countermeasure = 0.0; threat_range <= 20104.47,12,1,1,1,1,1,1,1,1,1,1,1,1,1,1,1,1,1,1,1,1,1,1,1,1
1071,countermeasure = 0.0; countermeasure = 0.0; threat_range > 10398.43; day_time <= 18.00; #threats <= 75.00; countermeasure = 0.0; formation = 1.0; 20104.47 < threat_range <= 30458.59; #threats <= 75.00; weather = 1.0; day_time > 12.00; countermeasure = 0.0; weather = 1.0; formation = 1.0; #threats <= 75.00; #threats <= 26.00; countermeasure = 0.0; flying_speed > 15.83; 20104.47 < threat_range <= 30458.59; #threats <= 26.00,12,1,0,1,0,1,1,1,0,1,0,1,1,1,0,1,1,1,0,1,1,1,1,1,1
1072,flying_speed <= 15.83; threat_range <= 10398.43; 6.00 < day_time <= 18.00; weather = 1.0; formation = 0.0; flying_speed <= 15.83; threat_range <= 10398.43,5,1,1,1,0,1,1,0,0,1,0,1,0,0,0,0,0,0,0,0,0,0,0,0,0
1073,day_time <= 6.00; #threats <= 75.00; flying_speed <= 38.83; day_time <= 6.00; threat_range <= 30458.59; #threats <= 75.00; flying_speed > 27.56; day_time <= 6.00,8,0,0,1,1,1,1,0,0,1,1,1,1,0,0,1,1,0,0,1,1,1,1,1,1
1074,#threats > 75.00; threat_range <= 20104.47; flying_speed <= 15.83; weather = 4.0; formation = 0.0; day_time > 12.00; threat_range <= 30458.59; flying_speed <= 15.83; flying_speed <= 15.83; flying_speed <= 15.83; flying_speed <= 15.83; day_time > 12.00; threat_range > 10398.43; flying_speed <= 15.83,9,1,0,1,1,1,1,0,0,1,1,1,1,0,0,1,0,0,0,1,0,1,1,1,1
1075,countermeasure = 0.0; #threats <= 75.00; countermeasure = 0.0; 26.00 < #threats <= 53.00; threat_range > 10398.43; weather = 4.0; threat_range > 10398.43; countermeasure = 0.0; countermeasure = 0.0; day_time <= 6.00; threat_range > 10398.43; #threats > 26.00; #threats > 26.00; countermeasure = 0.0; #threats > 26.00; #threats > 26.00; day_time <= 6.00; countermeasure = 0.0; #threats <= 53.00; weather = 4.0; flying_speed > 38.83,12,1,1,1,0,1,1,1,0,1,0,1,0,1,0,1,0,1,0,1,0,1,0,1,0
1076,weather = 2.0; #threats <= 75.00; day_time > 6.00; #threats <= 75.00; day_time > 6.00; threat_range > 30458.59,7,0,0,1,0,1,1,0,0,1,0,1,0,0,0,1,0,0,0,1,0,0,0,1,1
1077,flying_speed <= 27.56; #threats <= 75.00; flying_speed <= 27.56; #threats <= 75.00; 10398.43 < threat_range <= 20104.47; day_time > 18.00,8,0,0,1,1,1,1,0,0,1,1,1,1,0,0,1,1,0,0,1,1,1,1,1,1
1078,#threats > 75.00; 27.56 < flying_speed <= 38.83; 6.00 < day_time <= 18.00; threat_range > 20104.47; flying_speed <= 38.83; flying_speed <= 38.83; day_time > 6.00; weather = 4.0; threat_range > 30458.59; flying_speed > 27.56; formation = 1.0,9,1,1,1,1,1,1,0,1,1,1,1,1,0,1,1,1,0,1,1,1,1,1,1,1
1079,countermeasure = 0.0; weather = 2.0; countermeasure = 0.0; flying_speed <= 15.83; flying_speed <= 15.83; threat_range <= 20104.47; countermeasure = 0.0; flying_speed <= 15.83; countermeasure = 0.0; flying_speed <= 27.56; flying_speed <= 15.83; weather = 2.0; flying_speed <= 15.83,12,1,1,1,1,1,1,1,1,1,1,1,1,1,1,1,1,1,1,1,1,1,1,1,1
1080,#threats <= 53.00; #threats <= 53.00; #threats <= 53.00; threat_range <= 20104.47; 15.83 < flying_speed <= 27.56; threat_range <= 30458.59; formation = 1.0; weather = 1.0; threat_range <= 10398.43,8,0,0,1,1,1,1,0,0,1,1,1,1,0,0,1,0,0,0,1,0,1,1,1,1
1081,#threats <= 75.00; day_time > 12.00; day_time > 12.00; formation = 1.0,7,0,1,1,0,1,1,0,0,1,0,1,0,0,0,1,0,0,0,1,0,0,0,1,1
1082,#threats <= 53.00; #threats <= 53.00; flying_speed > 27.56; #threats <= 75.00; day_time > 12.00; 10398.43 < threat_range <= 20104.47; #threats <= 75.00; formation = 0.0,8,0,0,1,0,1,1,0,0,1,0,1,0,0,0,1,0,0,0,1,0,1,1,1,1
1083,countermeasure = 0.0; #threats <= 75.00; threat_range > 20104.47; countermeasure = 0.0; flying_speed <= 38.83; #threats > 26.00; 20104.47 < threat_range <= 30458.59; countermeasure = 0.0; flying_speed <= 38.83; threat_range > 10398.43; countermeasure = 0.0; day_time <= 12.00; 10398.43 < threat_range <= 30458.59; threat_range > 20104.47,11,1,1,1,0,1,1,0,0,1,0,1,1,1,0,1,1,1,1,1,1,1,1,1,1
1084,threat_range <= 30458.59; day_time <= 6.00; countermeasure = 1.0; flying_speed <= 38.83; formation = 1.0; #threats <= 53.00; flying_speed <= 27.56; day_time <= 6.00; threat_range <= 30458.59; day_time <= 6.00,8,0,0,1,1,1,1,0,0,1,1,1,1,0,0,1,1,0,0,1,1,1,1,1,1
1085,day_time <= 18.00; threat_range <= 30458.59; #threats > 26.00; threat_range <= 30458.59; flying_speed > 38.83; 10398.43 < threat_range <= 30458.59; #threats <= 75.00; flying_speed > 38.83,8,0,1,1,0,1,1,0,0,1,0,1,0,0,0,1,0,0,0,1,0,1,0,1,0
1086,countermeasure = 0.0; countermeasure = 0.0; countermeasure = 0.0; flying_speed <= 27.56; threat_range <= 30458.59; weather = 2.0; countermeasure = 0.0; flying_speed <= 27.56; threat_range <= 30458.59; countermeasure = 0.0; countermeasure = 0.0; 10398.43 < threat_range <= 30458.59; countermeasure = 0.0; flying_speed <= 27.56; countermeasure = 0.0,12,1,1,1,0,1,1,1,0,1,0,1,0,1,0,1,0,1,0,1,0,1,0,1,1
1087,countermeasure = 0.0; countermeasure = 0.0; flying_speed <= 27.56; #threats > 26.00; #threats <= 75.00; threat_range > 20104.47; countermeasure = 0.0; flying_speed <= 27.56; #threats > 26.00; day_time <= 6.00; flying_speed <= 27.56; countermeasure = 0.0; #threats <= 75.00; threat_range > 20104.47; flying_speed <= 27.56; countermeasure = 0.0; day_time <= 6.00; threat_range > 30458.59,12,1,1,1,0,1,1,1,0,1,0,1,1,1,0,1,1,1,1,1,1,1,1,1,1
1088,#threats <= 75.00; #threats <= 53.00; #threats <= 53.00; day_time <= 6.00; threat_range <= 20104.47; #threats <= 75.00; day_time <= 6.00,8,0,1,1,1,1,1,0,1,1,1,1,1,0,1,1,1,0,1,1,1,1,1,1,1
1089,threat_range > 10398.43; #threats <= 75.00; flying_speed <= 15.83; threat_range > 10398.43; day_time <= 18.00; formation = 0.0; flying_speed <= 15.83,8,0,1,1,1,1,1,0,1,1,1,1,1,0,1,1,1,0,1,1,1,1,1,1,1
1090,#threats > 75.00; flying_speed <= 27.56; day_time <= 12.00; threat_range > 30458.59; weather = 3.0; day_time <= 6.00; flying_speed <= 27.56; formation = 0.0; threat_range > 30458.59; day_time <= 6.00; flying_speed <= 27.56; weather = 3.0; formation = 0.0; flying_speed <= 27.56,9,1,1,1,1,1,1,0,1,1,1,1,1,0,1,1,1,0,1,1,1,1,1,1,1
1091,#threats > 75.00; weather = 4.0; flying_speed <= 27.56; threat_range <= 20104.47; formation = 0.0; day_time <= 12.00; threat_range <= 20104.47; threat_range > 10398.43; flying_speed <= 38.83; flying_speed <= 27.56; 10398.43 < threat_range <= 20104.47; threat_range <= 30458.59,9,1,1,1,1,1,1,0,1,1,1,1,1,0,1,1,1,0,1,1,1,1,1,1,1
1092,countermeasure = 0.0; day_time <= 6.00; countermeasure = 0.0; day_time <= 6.00; #threats > 26.00; threat_range <= 30458.59; weather = 3.0; countermeasure = 0.0; day_time <= 6.00; #threats > 26.00; countermeasure = 0.0; countermeasure = 0.0; threat_range > 20104.47; countermeasure = 0.0,11,1,0,1,0,1,1,1,0,1,0,1,0,1,0,1,0,1,0,1,0,0,0,1,1
1093,weather = 1.0; #threats <= 53.00; formation = 1.0; day_time > 12.00,6,0,1,1,0,1,1,0,0,1,0,1,0,0,0,1,0,0,0,1,0,0,0,0,0
1094,#threats > 75.00; threat_range <= 20104.47; flying_speed <= 38.83; formation = 1.0; day_time <= 12.00; weather = 3.0; flying_speed > 15.83; day_time <= 6.00; flying_speed <= 27.56; day_time <= 6.00; threat_range <= 20104.47; day_time <= 6.00; flying_speed > 15.83; formation = 1.0; day_time <= 6.00,9,1,1,1,1,1,1,0,1,1,1,1,1,0,1,1,1,0,1,1,1,1,1,1,1
1095,countermeasure = 0.0; flying_speed <= 27.56; countermeasure = 0.0; flying_speed <= 27.56; countermeasure = 0.0; flying_speed <= 15.83; flying_speed <= 27.56; countermeasure = 0.0; flying_speed <= 27.56; flying_speed <= 27.56; flying_speed <= 15.83; #threats <= 53.00; weather = 1.0; flying_speed <= 15.83,12,1,1,1,1,1,1,1,1,1,1,1,1,1,1,1,1,1,1,1,1,1,1,1,1
1096,#threats <= 75.00; #threats <= 53.00; threat_range > 10398.43; flying_speed <= 38.83; 10398.43 < threat_range <= 20104.47; #threats <= 53.00; formation = 0.0,8,0,0,1,1,1,1,0,0,1,1,1,1,0,0,1,1,0,0,1,1,1,1,1,1
1097,countermeasure = 0.0; #threats <= 53.00; countermeasure = 0.0; flying_speed <= 38.83; day_time > 12.00; #threats <= 75.00; countermeasure = 0.0; flying_speed <= 38.83; threat_range <= 30458.59; #threats > 26.00; #threats > 26.00; countermeasure = 0.0; flying_speed <= 38.83; formation = 1.0; countermeasure = 0.0; 26.00 < #threats <= 75.00; day_time <= 18.00; formation = 1.0,12,1,1,1,1,1,1,1,1,1,1,1,1,1,1,1,1,1,1,1,1,1,1,1,1
1098,#threats <= 53.00; day_time <= 18.00; day_time > 6.00,6,0,0,1,0,1,1,0,0,1,0,1,0,0,0,1,0,0,0,1,0,0,0,0,0
1099,#threats > 75.00; day_time > 12.00; threat_range <= 10398.43; flying_speed <= 38.83; weather = 1.0; countermeasure = 1.0; day_time <= 18.00; flying_speed <= 27.56; day_time > 6.00; 15.83 < flying_speed <= 27.56; threat_range <= 20104.47; #threats > 26.00; threat_range <= 10398.43,9,1,1,1,1,1,1,0,1,1,1,1,1,0,1,1,1,0,1,1,1,1,1,1,1
1100,#threats > 75.00; flying_speed <= 15.83; day_time <= 12.00; threat_range <= 20104.47; flying_speed <= 15.83; flying_speed <= 15.83; threat_range <= 20104.47; flying_speed <= 15.83; flying_speed <= 27.56; flying_speed <= 15.83; threat_range <= 30458.59; threat_range <= 10398.43,9,1,0,1,1,1,1,0,0,1,1,1,1,0,0,1,1,0,0,1,1,1,1,1,1
1101,countermeasure = 0.0; flying_speed <= 38.83; countermeasure = 0.0; flying_speed <= 38.83; weather = 2.0; #threats > 26.00; #threats <= 75.00; threat_range <= 20104.47; countermeasure = 0.0; flying_speed <= 38.83; #threats > 26.00; threat_range <= 30458.59; countermeasure = 0.0; countermeasure = 0.0; flying_speed <= 38.83; #threats <= 75.00; 26.00 < #threats <= 53.00; 10398.43 < threat_range <= 20104.47; countermeasure = 0.0,12,1,0,1,1,1,1,1,0,1,1,1,1,1,0,1,1,1,0,1,1,1,1,1,1
1102,countermeasure = 0.0; weather = 3.0; countermeasure = 0.0; flying_speed <= 38.83; #threats > 53.00; #threats <= 75.00; day_time <= 12.00; countermeasure = 0.0; flying_speed <= 38.83; weather = 3.0; day_time <= 6.00; day_time <= 6.00; countermeasure = 0.0; flying_speed <= 38.83; #threats <= 75.00; day_time <= 6.00; countermeasure = 0.0; threat_range > 10398.43; #threats > 53.00,12,1,1,1,1,1,1,1,1,1,1,1,1,1,1,1,1,1,1,1,1,1,1,1,1
1103,countermeasure = 0.0; #threats <= 75.00; countermeasure = 0.0; flying_speed <= 27.56; #threats > 26.00; day_time > 12.00; flying_speed <= 27.56; countermeasure = 0.0; flying_speed <= 27.56; threat_range <= 20104.47; countermeasure = 0.0; countermeasure = 0.0; flying_speed <= 38.83; countermeasure = 0.0; day_time > 12.00,11,1,1,1,0,1,1,1,0,1,0,1,0,1,0,1,0,1,0,1,0,0,0,1,0
1104,countermeasure = 0.0; countermeasure = 0.0; flying_speed <= 38.83; 10398.43 < threat_range <= 20104.47; countermeasure = 0.0; flying_speed <= 38.83; #threats > 75.00; countermeasure = 0.0; countermeasure = 0.0; flying_speed <= 38.83; formation = 0.0; countermeasure = 0.0; weather = 3.0; day_time <= 12.00; #threats > 75.00,12,1,1,1,1,1,1,1,1,1,1,1,1,1,1,1,1,1,1,1,1,1,1,1,1
1105,countermeasure = 0.0; flying_speed <= 38.83; countermeasure = 0.0; flying_speed <= 38.83; formation = 1.0; threat_range <= 30458.59; threat_range > 10398.43; flying_speed <= 38.83; countermeasure = 0.0; flying_speed <= 38.83; #threats > 53.00; threat_range > 10398.43; weather = 4.0; countermeasure = 0.0; #threats > 53.00; threat_range > 10398.43; countermeasure = 0.0; day_time <= 12.00; formation = 1.0; #threats > 26.00; weather = 4.0; threat_range > 20104.47,12,1,1,1,1,1,1,1,1,1,1,1,1,1,1,1,1,1,1,1,1,1,1,1,1
1106,countermeasure = 0.0; #threats <= 75.00; countermeasure = 0.0; flying_speed <= 27.56; countermeasure = 0.0; countermeasure = 0.0; flying_speed <= 27.56; #threats <= 26.00; countermeasure = 0.0; countermeasure = 0.0; #threats <= 53.00; threat_range <= 30458.59; day_time <= 12.00; formation = 1.0; #threats <= 53.00,12,1,1,1,1,1,1,1,1,1,1,1,1,1,1,1,1,1,1,1,1,1,1,1,1
1107,countermeasure = 0.0; weather = 3.0; countermeasure = 0.0; flying_speed <= 38.83; #threats > 26.00; weather = 3.0; threat_range > 20104.47; countermeasure = 0.0; flying_speed <= 38.83; formation = 1.0; threat_range > 20104.47; countermeasure = 0.0; flying_speed <= 38.83; 12.00 < day_time <= 18.00; countermeasure = 0.0; threat_range <= 30458.59; flying_speed <= 38.83; #threats > 26.00; #threats > 75.00,12,1,1,1,0,1,1,1,0,1,0,1,1,1,0,1,1,1,1,1,1,1,1,1,1
1108,#threats <= 26.00; #threats <= 26.00; formation = 0.0; day_time > 18.00; 10398.43 < threat_range <= 30458.59; flying_speed > 27.56; #threats <= 26.00; #threats <= 26.00,8,0,1,1,1,1,1,0,1,1,1,1,1,0,1,1,1,0,1,1,1,1,1,1,1
1109,flying_speed <= 27.56; flying_speed <= 38.83; day_time <= 6.00; #threats <= 53.00; weather = 2.0; threat_range > 20104.47,8,0,0,1,1,1,1,0,0,1,1,1,1,0,0,1,1,0,0,1,1,1,1,1,1
1110,#threats <= 53.00; threat_range > 30458.59; #threats <= 75.00; #threats <= 75.00; #threats <= 53.00; day_time <= 6.00; 26.00 < #threats <= 53.00; day_time <= 6.00,8,0,1,1,1,1,1,0,1,1,1,1,1,0,1,1,1,0,1,1,1,1,1,1,1
1111,countermeasure = 0.0; #threats <= 75.00; countermeasure = 0.0; weather = 3.0; 10398.43 < threat_range <= 30458.59; countermeasure = 0.0; 10398.43 < threat_range <= 30458.59; #threats <= 75.00; weather = 3.0; formation = 1.0; day_time > 18.00; countermeasure = 0.0; countermeasure = 0.0; 10398.43 < threat_range <= 30458.59; threat_range > 20104.47; countermeasure = 0.0; weather = 3.0; #threats <= 53.00; threat_range > 20104.47,12,1,0,1,1,1,1,1,0,1,1,1,1,1,0,1,1,1,0,1,1,1,1,1,1
1112,countermeasure = 0.0; flying_speed > 27.56; day_time <= 18.00; countermeasure = 0.0,5,1,1,0,0,1,1,0,0,0,0,1,0,0,0,1,0,0,0,0,0,0,0,1,0
1113,countermeasure = 0.0; threat_range <= 30458.59; countermeasure = 0.0; flying_speed <= 27.56; #threats > 53.00; threat_range > 10398.43; countermeasure = 0.0; countermeasure = 0.0; flying_speed <= 27.56; threat_range <= 30458.59; flying_speed <= 27.56; countermeasure = 0.0; flying_speed <= 27.56; threat_range <= 20104.47; 10398.43 < threat_range <= 20104.47; countermeasure = 0.0; flying_speed <= 27.56; day_time <= 18.00,12,1,1,1,1,1,1,1,1,1,1,1,1,1,1,1,1,1,1,1,1,1,1,1,1
1114,countermeasure = 0.0; #threats <= 75.00; countermeasure = 0.0; #threats <= 75.00; day_time > 18.00; threat_range <= 30458.59; countermeasure = 0.0; weather = 2.0; day_time > 18.00,10,1,1,1,1,1,1,0,1,1,1,1,1,0,1,1,1,1,1,1,1,1,1,1,1
1115,#threats <= 75.00; #threats <= 75.00; weather = 2.0; threat_range > 10398.43; flying_speed <= 15.83; #threats <= 53.00; day_time > 12.00; flying_speed <= 15.83,8,0,0,1,1,1,1,0,0,1,1,1,1,0,0,1,0,0,0,1,0,1,1,1,1
1116,day_time <= 6.00; flying_speed <= 27.56; flying_speed <= 27.56; #threats <= 53.00; #threats <= 53.00,6,0,0,1,0,1,1,0,0,1,0,1,0,0,0,1,0,0,0,1,0,0,0,0,0
1117,flying_speed <= 15.83; flying_speed <= 38.83; flying_speed <= 15.83; flying_speed <= 15.83; weather = 1.0; 10398.43 < threat_range <= 20104.47,7,0,0,1,1,1,1,0,0,1,1,1,1,0,0,1,0,0,0,1,0,1,0,0,0
1118,countermeasure = 0.0; #threats <= 75.00; countermeasure = 0.0; flying_speed <= 27.56; #threats > 26.00; countermeasure = 0.0; flying_speed <= 27.56; #threats > 53.00; flying_speed <= 27.56; countermeasure = 0.0; threat_range > 10398.43; day_time <= 12.00; countermeasure = 0.0; flying_speed <= 27.56; threat_range > 30458.59,12,1,1,1,1,1,1,1,1,1,1,1,1,1,1,1,1,1,1,1,1,1,1,1,1
1119,threat_range > 10398.43; threat_range > 20104.47; threat_range > 20104.47; day_time <= 18.00; day_time > 6.00; 10398.43 < threat_range <= 30458.59; formation = 0.0; weather = 2.0; day_time <= 12.00; #threats > 26.00; threat_range > 20104.47,8,0,0,1,1,1,1,0,0,1,1,1,1,0,0,1,1,0,0,1,1,1,1,1,1
1120,countermeasure = 0.0; #threats <= 75.00; countermeasure = 0.0; flying_speed <= 27.56; #threats > 26.00; flying_speed <= 38.83; #threats <= 75.00; countermeasure = 0.0; flying_speed <= 27.56; #threats > 26.00; #threats <= 75.00; countermeasure = 0.0; flying_speed <= 27.56; weather = 1.0; flying_speed <= 27.56; countermeasure = 0.0; #threats <= 53.00,11,1,1,1,0,1,1,1,0,1,0,1,0,1,0,1,0,1,0,1,0,1,0,0,0
1121,day_time <= 6.00; #threats > 26.00; day_time <= 6.00; day_time <= 6.00; #threats <= 53.00; weather = 3.0; formation = 0.0; day_time <= 6.00,8,0,1,1,1,1,1,0,1,1,1,1,1,0,1,1,1,0,1,1,1,1,1,1,1
1122,countermeasure = 0.0; #threats <= 53.00; countermeasure = 0.0; formation = 1.0; 10398.43 < threat_range <= 30458.59; #threats <= 53.00; countermeasure = 0.0; threat_range > 10398.43; weather = 1.0; #threats <= 75.00; countermeasure = 0.0; weather = 1.0; #threats <= 75.00; threat_range <= 30458.59,10,1,1,1,0,1,1,1,0,1,0,1,0,1,0,1,0,1,0,1,0,0,0,0,0
1123,countermeasure = 0.0; day_time <= 18.00; countermeasure = 0.0; flying_speed <= 38.83; formation = 1.0; #threats > 26.00; threat_range > 10398.43; flying_speed <= 38.83; countermeasure = 0.0; weather = 1.0; #threats > 26.00; flying_speed <= 38.83; countermeasure = 0.0; countermeasure = 0.0; flying_speed <= 38.83; countermeasure = 0.0; 10398.43 < threat_range <= 20104.47; flying_speed <= 38.83; countermeasure = 0.0,12,1,1,1,1,1,1,1,1,1,1,1,1,1,1,1,1,1,1,1,1,1,1,1,1
1124,countermeasure = 0.0; #threats <= 75.00; countermeasure = 0.0; flying_speed <= 38.83; #threats > 26.00; threat_range > 10398.43; #threats <= 75.00; countermeasure = 0.0; countermeasure = 0.0; flying_speed <= 38.83; flying_speed <= 38.83; countermeasure = 0.0; flying_speed <= 38.83; countermeasure = 0.0; 53.00 < #threats <= 75.00; countermeasure = 0.0; day_time <= 12.00; weather = 4.0; countermeasure = 0.0,12,1,1,1,1,1,1,1,1,1,1,1,1,1,1,1,1,1,1,1,1,1,1,1,1
1125,threat_range > 10398.43; #threats <= 75.00; #threats > 26.00; #threats <= 75.00; #threats <= 75.00; flying_speed > 38.83; 26.00 < #threats <= 75.00; weather = 3.0; day_time > 6.00; formation = 1.0,8,0,0,1,1,1,1,0,0,1,1,1,1,0,0,1,0,0,0,1,0,1,1,1,1
1126,#threats <= 75.00; weather = 2.0; #threats <= 26.00; #threats <= 26.00; threat_range <= 20104.47; #threats <= 53.00; weather = 2.0; day_time <= 18.00; #threats <= 26.00,8,0,1,1,1,1,1,0,1,1,1,1,1,0,1,1,1,0,1,1,1,1,1,1,1
1127,flying_speed <= 38.83; #threats <= 75.00; #threats <= 53.00; day_time <= 6.00; threat_range <= 20104.47; 26.00 < #threats <= 75.00; flying_speed <= 27.56,8,0,0,1,1,1,1,0,0,1,1,1,1,0,0,1,1,0,0,1,1,1,1,1,1
1128,#threats <= 75.00; #threats <= 75.00; weather = 1.0; flying_speed <= 38.83; flying_speed <= 27.56; 26.00 < #threats <= 53.00; flying_speed <= 27.56,8,0,0,1,1,1,1,0,0,1,1,1,1,0,0,1,1,0,0,1,1,1,1,1,1
1129,countermeasure = 0.0; flying_speed <= 38.83; countermeasure = 0.0; flying_speed <= 27.56; threat_range > 10398.43; countermeasure = 0.0; threat_range > 20104.47; countermeasure = 0.0; flying_speed <= 38.83; threat_range <= 30458.59; formation = 1.0; countermeasure = 0.0; flying_speed <= 27.56; countermeasure = 0.0; countermeasure = 0.0; flying_speed <= 27.56; 20104.47 < threat_range <= 30458.59; #threats > 75.00,12,1,1,1,0,1,1,1,0,1,0,1,1,1,0,1,1,1,1,1,1,1,1,1,1
1130,countermeasure = 0.0; #threats <= 75.00; #threats <= 75.00; flying_speed <= 38.83; countermeasure = 0.0; #threats <= 53.00; flying_speed <= 27.56; threat_range <= 10398.43; day_time <= 18.00; day_time > 12.00,9,1,0,1,1,1,1,0,0,1,1,1,1,0,0,1,1,0,0,1,1,1,1,1,1
1131,threat_range > 20104.47; day_time <= 18.00; weather = 4.0; formation = 1.0; #threats <= 53.00; 10398.43 < threat_range <= 30458.59; weather = 4.0; flying_speed > 38.83,8,0,1,1,1,1,1,0,1,1,1,1,1,0,1,1,1,0,1,1,1,1,1,1,1
1132,countermeasure = 0.0; flying_speed <= 15.83; countermeasure = 0.0; flying_speed <= 15.83; flying_speed <= 27.56; flying_speed <= 15.83; countermeasure = 0.0; flying_speed <= 15.83; threat_range <= 30458.59; day_time > 18.00; countermeasure = 0.0; flying_speed <= 27.56; flying_speed <= 15.83; weather = 2.0; flying_speed <= 15.83,12,1,0,1,1,1,1,1,0,1,1,1,1,1,0,1,0,1,0,1,0,1,1,1,1
1133,countermeasure = 0.0; day_time <= 6.00; countermeasure = 0.0; flying_speed <= 38.83; 26.00 < #threats <= 75.00; #threats <= 75.00; countermeasure = 0.0; flying_speed <= 38.83; day_time <= 6.00; threat_range > 10398.43; countermeasure = 0.0; flying_speed <= 38.83; #threats <= 75.00; threat_range <= 30458.59; day_time <= 6.00; #threats <= 75.00; countermeasure = 0.0; day_time <= 6.00,12,1,1,1,1,1,1,1,1,1,1,1,1,1,1,1,1,1,1,1,1,1,1,1,1
1134,countermeasure = 0.0; flying_speed <= 27.56; countermeasure = 0.0; flying_speed <= 15.83; threat_range <= 30458.59; weather = 1.0; countermeasure = 0.0; flying_speed <= 15.83; flying_speed <= 15.83; countermeasure = 0.0; flying_speed <= 27.56; flying_speed <= 27.56; 10398.43 < threat_range <= 30458.59; weather = 1.0; #threats <= 26.00,12,1,1,1,1,1,1,1,1,1,1,1,1,1,1,1,1,1,1,1,1,1,1,1,1
1135,#threats <= 75.00; #threats <= 75.00; day_time > 18.00; day_time > 18.00; 10398.43 < threat_range <= 20104.47; formation = 1.0; #threats <= 53.00,8,0,1,1,1,1,1,0,1,1,1,1,1,0,1,1,1,0,1,1,1,1,1,1,1
1136,countermeasure = 0.0; threat_range > 20104.47; countermeasure = 0.0; flying_speed <= 27.56; day_time > 18.00; weather = 1.0; flying_speed <= 38.83; countermeasure = 0.0; flying_speed <= 27.56; #threats > 26.00; threat_range > 10398.43; formation = 1.0; threat_range > 20104.47; countermeasure = 0.0; flying_speed <= 27.56; countermeasure = 0.0,10,1,1,1,0,1,1,1,0,1,0,1,0,1,0,1,0,1,0,1,0,0,0,0,0
1137,threat_range > 20104.47; day_time <= 6.00,5,0,0,1,1,1,1,0,0,1,1,1,1,0,0,0,0,0,0,0,0,0,0,1,1
1138,countermeasure = 1.0; #threats <= 75.00; flying_speed > 38.83; flying_speed > 15.83; #threats <= 75.00; day_time <= 6.00; #threats <= 75.00; weather = 3.0; flying_speed > 27.56; day_time <= 6.00,8,0,1,1,1,1,1,0,1,1,1,1,1,0,1,1,1,0,1,1,1,1,1,1,1
1139,day_time > 6.00; weather = 3.0; formation = 1.0; day_time > 18.00; weather = 3.0; threat_range > 30458.59; flying_speed > 15.83; #threats > 26.00; #threats > 75.00,8,0,0,1,1,1,1,0,0,1,1,1,1,0,0,1,1,0,0,1,1,1,1,1,1
1140,countermeasure = 0.0; flying_speed <= 15.83; countermeasure = 0.0; flying_speed <= 15.83; threat_range <= 20104.47; threat_range <= 20104.47; threat_range <= 10398.43; countermeasure = 0.0; flying_speed <= 15.83; day_time <= 6.00; #threats > 53.00; countermeasure = 0.0; flying_speed <= 15.83; flying_speed <= 38.83; flying_speed <= 15.83; countermeasure = 0.0,11,1,0,1,1,1,1,1,0,1,1,1,1,1,0,1,0,1,0,1,0,1,0,0,0
1141,day_time > 6.00; #threats <= 75.00; flying_speed <= 38.83; #threats > 26.00; threat_range <= 20104.47; 26.00 < #threats <= 75.00; day_time <= 18.00; flying_speed <= 38.83; formation = 0.0; flying_speed <= 38.83,8,0,0,1,1,1,1,0,0,1,1,1,1,0,0,1,1,0,0,1,1,1,1,1,1
1142,countermeasure = 0.0; formation = 1.0; countermeasure = 0.0; flying_speed <= 27.56; weather = 3.0; day_time <= 18.00; countermeasure = 0.0; flying_speed <= 27.56; day_time <= 12.00; #threats <= 53.00; countermeasure = 0.0; flying_speed <= 27.56; #threats <= 75.00; day_time <= 12.00; countermeasure = 0.0; #threats <= 26.00,12,1,1,1,1,1,1,1,1,1,1,1,1,1,1,1,1,1,1,1,1,1,1,1,1
1143,countermeasure = 0.0; weather = 2.0; countermeasure = 0.0; 10398.43 < threat_range <= 30458.59; 26.00 < #threats <= 75.00; #threats <= 75.00; countermeasure = 0.0; 26.00 < #threats <= 75.00; threat_range <= 30458.59; countermeasure = 0.0; countermeasure = 0.0; #threats > 26.00; #threats > 26.00; day_time > 12.00; 10398.43 < threat_range <= 20104.47; flying_speed > 38.83; countermeasure = 0.0,12,1,1,1,1,1,1,1,1,1,1,1,1,1,1,1,1,1,1,1,1,1,1,1,1
1144,#threats <= 75.00; threat_range <= 30458.59; threat_range <= 10398.43; weather = 2.0; 26.00 < #threats <= 53.00; formation = 0.0; day_time > 12.00; flying_speed > 38.83,8,0,1,1,1,1,1,0,1,1,1,1,1,0,1,1,1,0,1,1,1,1,1,1,1
1145,flying_speed <= 15.83; #threats <= 53.00; flying_speed <= 27.56; flying_speed <= 15.83; flying_speed <= 15.83; #threats <= 53.00; formation = 0.0; flying_speed <= 15.83,8,0,1,1,1,1,1,0,1,1,1,1,1,0,1,1,1,0,1,1,1,1,1,1,1
1146,#threats <= 75.00; #threats <= 26.00; threat_range > 20104.47; threat_range > 20104.47; day_time > 18.00; #threats <= 26.00,7,0,0,1,0,1,1,0,0,1,0,1,0,0,0,1,0,0,0,1,0,0,0,1,0
1147,#threats <= 75.00; threat_range <= 30458.59; flying_speed <= 38.83; day_time > 18.00,7,0,1,1,0,1,1,0,0,1,0,1,0,0,0,1,0,0,0,1,0,0,0,1,0
1148,countermeasure = 0.0; countermeasure = 0.0; countermeasure = 0.0; flying_speed <= 38.83; #threats > 26.00; day_time > 18.00; threat_range <= 10398.43; countermeasure = 0.0; flying_speed <= 38.83; #threats > 26.00; threat_range <= 30458.59; day_time > 18.00; countermeasure = 0.0; flying_speed <= 38.83; day_time > 18.00; countermeasure = 0.0; weather = 3.0; #threats <= 75.00; flying_speed > 15.83; day_time > 18.00; threat_range <= 20104.47,12,1,1,1,0,1,1,1,0,1,0,1,0,1,0,1,0,1,0,1,0,1,1,1,1
1149,countermeasure = 0.0; countermeasure = 0.0; formation = 1.0; 26.00 < #threats <= 75.00; #threats <= 75.00; day_time <= 12.00; countermeasure = 0.0; day_time <= 6.00; 26.00 < #threats <= 75.00; #threats <= 53.00; countermeasure = 0.0; weather = 3.0; countermeasure = 0.0; day_time <= 6.00; countermeasure = 0.0; weather = 3.0; #threats <= 53.00; flying_speed > 38.83,12,1,1,1,1,1,1,1,1,1,1,1,1,1,1,1,1,1,1,1,1,1,1,1,1
1150,countermeasure = 0.0; threat_range > 10398.43; countermeasure = 0.0; 10398.43 < threat_range <= 30458.59; #threats > 26.00; weather = 2.0; countermeasure = 0.0; threat_range <= 30458.59; flying_speed > 38.83; day_time > 12.00; 10398.43 < threat_range <= 30458.59; countermeasure = 0.0; #threats > 26.00; weather = 2.0; #threats > 53.00,11,1,1,1,0,1,1,0,0,1,0,1,0,1,0,1,0,1,0,1,0,1,1,1,1
1151,countermeasure = 0.0; #threats <= 53.00; countermeasure = 0.0; flying_speed <= 38.83; weather = 3.0; threat_range > 10398.43; formation = 1.0; countermeasure = 0.0; flying_speed <= 27.56; weather = 3.0; weather = 3.0; countermeasure = 0.0; flying_speed <= 27.56; countermeasure = 0.0; 20104.47 < threat_range <= 30458.59; #threats <= 53.00; countermeasure = 0.0; day_time <= 18.00,12,1,1,1,1,1,1,1,1,1,1,1,1,1,1,1,1,1,1,1,1,1,1,1,1
1152,countermeasure = 0.0; #threats <= 53.00; countermeasure = 0.0; flying_speed <= 15.83; threat_range <= 30458.59; flying_speed <= 15.83; threat_range <= 20104.47; countermeasure = 0.0; flying_speed <= 15.83; flying_speed <= 15.83; countermeasure = 0.0; flying_speed <= 27.56; threat_range <= 20104.47; flying_speed <= 15.83; formation = 0.0; #threats <= 53.00; #threats <= 53.00,12,1,1,1,1,1,1,1,1,1,1,1,1,1,1,1,1,1,1,1,1,1,1,1,1
1153,#threats <= 75.00; #threats <= 75.00; #threats <= 53.00; formation = 1.0; 26.00 < #threats <= 53.00; day_time > 18.00; #threats <= 53.00,8,0,0,1,1,1,1,0,0,1,1,1,1,0,0,1,1,0,0,1,1,1,1,1,1
1154,#threats > 75.00; 15.83 < flying_speed <= 27.56; 6.00 < day_time <= 18.00; weather = 4.0; 10398.43 < threat_range <= 30458.59; weather = 4.0; flying_speed <= 27.56; threat_range <= 30458.59; flying_speed <= 27.56,8,1,0,1,1,1,1,0,0,1,1,1,1,0,0,1,0,0,0,1,0,0,0,1,1
1155,flying_speed <= 38.83; #threats <= 26.00; #threats <= 26.00; #threats <= 53.00; day_time <= 12.00; #threats <= 53.00; weather = 3.0; flying_speed <= 38.83; day_time <= 6.00,8,0,1,1,1,1,1,0,1,1,1,1,1,0,1,1,1,0,1,1,1,1,1,1,1
1156,countermeasure = 0.0; countermeasure = 0.0; 26.00 < #threats <= 75.00; 20104.47 < threat_range <= 30458.59; threat_range > 10398.43; countermeasure = 0.0; 26.00 < #threats <= 75.00; threat_range <= 30458.59; formation = 0.0; countermeasure = 0.0; weather = 3.0; countermeasure = 0.0; countermeasure = 0.0; #threats <= 75.00; day_time <= 18.00; 10398.43 < threat_range <= 30458.59; formation = 0.0; countermeasure = 0.0,12,1,1,1,1,1,1,1,1,1,1,1,1,1,1,1,1,1,1,1,1,1,1,1,1
1157,countermeasure = 0.0; #threats <= 75.00; formation = 0.0; weather = 2.0; countermeasure = 0.0; flying_speed <= 38.83; 20104.47 < threat_range <= 30458.59; day_time > 12.00; countermeasure = 0.0; flying_speed <= 38.83; #threats <= 75.00; #threats <= 53.00; countermeasure = 0.0; threat_range > 10398.43; flying_speed <= 38.83; weather = 2.0,11,1,0,1,1,1,1,0,0,1,1,1,1,1,0,1,1,1,0,1,1,1,1,1,1
1158,countermeasure = 0.0; #threats <= 75.00; countermeasure = 0.0; flying_speed <= 27.56; #threats <= 75.00; #threats <= 53.00; day_time > 12.00; countermeasure = 0.0; flying_speed <= 15.83; day_time > 18.00; countermeasure = 0.0; flying_speed <= 15.83; flying_speed <= 15.83; #threats <= 75.00; formation = 0.0; flying_speed <= 15.83,12,1,1,1,1,1,1,1,1,1,1,1,1,1,1,1,1,1,1,1,1,1,1,1,1
1159,#threats > 53.00; day_time <= 6.00; formation = 1.0; 10398.43 < threat_range <= 20104.47; flying_speed > 38.83; weather = 3.0; #threats <= 75.00; threat_range > 10398.43; formation = 1.0; threat_range > 10398.43; 10398.43 < threat_range <= 20104.47; day_time <= 6.00; formation = 1.0,9,1,1,1,1,1,1,0,1,1,1,1,1,0,1,1,1,0,1,1,1,1,1,1,1
1160,countermeasure = 0.0; #threats <= 75.00; countermeasure = 0.0; flying_speed <= 38.83; #threats <= 75.00; #threats <= 75.00; weather = 1.0; countermeasure = 0.0; flying_speed <= 38.83; formation = 1.0; #threats <= 75.00; #threats <= 53.00; countermeasure = 0.0; flying_speed <= 38.83; #threats <= 75.00; #threats <= 75.00; threat_range <= 20104.47; #threats <= 75.00; day_time <= 18.00; flying_speed <= 38.83; countermeasure = 0.0,11,1,1,1,0,1,1,1,0,1,0,1,0,1,0,1,0,1,0,1,0,1,0,0,0
1161,#threats <= 53.00; day_time <= 6.00; threat_range > 30458.59; formation = 1.0; day_time <= 6.00; 26.00 < #threats <= 53.00; flying_speed > 15.83; day_time <= 6.00,8,0,0,1,1,1,1,0,0,1,1,1,1,0,0,1,1,0,0,1,1,1,1,1,1
1162,countermeasure = 0.0; flying_speed <= 38.83; countermeasure = 0.0; flying_speed <= 38.83; threat_range > 10398.43; day_time > 18.00; countermeasure = 0.0; flying_speed <= 38.83; 10398.43 < threat_range <= 20104.47; day_time > 18.00; countermeasure = 0.0; threat_range <= 20104.47; 26.00 < #threats <= 53.00; countermeasure = 0.0; flying_speed <= 38.83,12,1,1,1,0,1,1,1,0,1,0,1,0,1,0,1,0,1,0,1,0,1,0,1,1
1163,flying_speed <= 38.83; weather = 4.0; #threats <= 53.00; #threats <= 75.00; 26.00 < #threats <= 53.00; weather = 4.0; #threats <= 53.00,8,0,0,1,1,1,1,0,0,1,1,1,1,0,0,1,1,0,0,1,1,1,1,1,1
1164,flying_speed <= 15.83; weather = 3.0; flying_speed <= 38.83; flying_speed <= 15.83; threat_range <= 20104.47; weather = 3.0; flying_speed <= 15.83,8,0,0,1,1,1,1,0,0,1,1,1,1,0,0,1,1,0,0,1,1,1,1,1,1
1165,#threats <= 75.00; threat_range > 10398.43; flying_speed <= 27.56; flying_speed <= 38.83; flying_speed <= 27.56; 26.00 < #threats <= 53.00; threat_range > 30458.59,8,0,0,1,0,1,1,0,0,1,0,1,0,0,0,1,0,0,0,1,0,1,0,1,0
1166,day_time > 18.00; #threats <= 26.00; flying_speed > 27.56; #threats <= 75.00; #threats <= 26.00; #threats <= 53.00; formation = 0.0; 10398.43 < threat_range <= 20104.47; #threats <= 53.00,8,0,1,1,1,1,1,0,1,1,1,1,1,0,1,1,1,0,1,1,1,1,1,1,1
1167,countermeasure = 0.0; flying_speed <= 15.83; countermeasure = 0.0; flying_speed <= 27.56; #threats <= 75.00; countermeasure = 0.0; flying_speed <= 15.83; flying_speed <= 27.56; countermeasure = 0.0; flying_speed <= 15.83; #threats <= 75.00; flying_speed <= 15.83; countermeasure = 0.0; formation = 0.0,12,1,1,1,1,1,1,1,1,1,1,1,1,1,1,1,1,1,1,1,1,1,1,1,1
1168,countermeasure = 0.0; flying_speed <= 38.83; countermeasure = 0.0; #threats > 26.00; flying_speed <= 38.83; day_time <= 6.00; countermeasure = 0.0; flying_speed <= 38.83; day_time <= 6.00; formation = 0.0; countermeasure = 0.0; day_time <= 12.00; threat_range <= 20104.47; countermeasure = 0.0; flying_speed <= 38.83; day_time <= 6.00,12,1,1,1,0,1,1,1,0,1,0,1,0,1,0,1,0,1,0,1,0,1,1,1,1
1169,countermeasure = 0.0; countermeasure = 0.0; flying_speed <= 27.56; day_time <= 6.00; day_time <= 18.00; countermeasure = 0.0; flying_speed <= 27.56; day_time <= 6.00; countermeasure = 0.0; countermeasure = 0.0; flying_speed <= 27.56; flying_speed > 15.83; day_time <= 6.00; countermeasure = 0.0; flying_speed <= 27.56; day_time <= 6.00,12,1,1,1,1,1,1,1,1,1,1,1,1,1,1,1,1,1,1,1,1,1,1,1,1
1170,#threats > 75.00; flying_speed <= 27.56; 10398.43 < threat_range <= 20104.47; weather = 2.0; flying_speed <= 38.83; threat_range <= 30458.59; flying_speed <= 38.83; countermeasure = 1.0; weather = 2.0; flying_speed <= 38.83; 10398.43 < threat_range <= 20104.47; formation = 1.0,9,1,1,1,1,1,1,0,1,1,1,1,1,0,1,1,1,0,1,1,1,1,1,1,1
1171,countermeasure = 0.0; #threats <= 75.00; #threats <= 75.00; threat_range <= 20104.47; #threats <= 53.00; threat_range <= 10398.43; day_time <= 6.00; weather = 1.0; #threats <= 53.00; day_time <= 6.00,9,1,0,1,1,1,1,0,0,1,1,1,1,0,0,1,1,0,0,1,1,1,1,1,1
1172,#threats > 75.00; 12.00 < day_time <= 18.00; threat_range <= 30458.59; flying_speed > 38.83; threat_range > 20104.47; weather = 2.0; threat_range > 10398.43; threat_range > 10398.43; day_time > 12.00; flying_speed > 38.83; threat_range <= 30458.59; day_time > 12.00; #threats > 53.00,9,1,0,1,1,1,1,0,0,1,1,1,1,0,0,1,1,0,0,1,1,1,1,1,1
1173,countermeasure = 0.0; flying_speed <= 27.56; countermeasure = 0.0; flying_speed <= 15.83; threat_range <= 30458.59; day_time > 12.00; countermeasure = 0.0; flying_speed <= 15.83; flying_speed <= 15.83; countermeasure = 0.0; flying_speed <= 15.83; day_time > 18.00; countermeasure = 0.0; flying_speed <= 15.83; threat_range <= 20104.47; weather = 4.0,12,1,1,1,1,1,1,1,1,1,1,1,1,1,1,1,1,1,1,1,1,1,1,1,1
1174,flying_speed <= 15.83; #threats <= 75.00; #threats <= 75.00; weather = 3.0; flying_speed <= 15.83; 26.00 < #threats <= 75.00; flying_speed <= 27.56,8,0,0,1,1,1,1,0,0,1,1,1,1,0,0,1,1,0,0,1,1,1,1,1,1
1176,countermeasure = 0.0; #threats <= 75.00; countermeasure = 0.0; flying_speed <= 38.83; weather = 1.0; day_time > 12.00; #threats <= 53.00; day_time > 18.00; countermeasure = 0.0; flying_speed <= 27.56; weather = 1.0; threat_range > 20104.47; countermeasure = 0.0; flying_speed <= 27.56; weather = 1.0; countermeasure = 0.0; #threats <= 53.00; flying_speed <= 27.56; threat_range > 30458.59,12,1,1,1,1,1,1,1,1,1,1,1,1,1,1,1,1,1,1,1,1,1,1,1,1
1177,#threats <= 75.00; flying_speed <= 27.56; #threats <= 75.00; threat_range <= 20104.47; day_time > 18.00; #threats <= 53.00; 10398.43 < threat_range <= 30458.59; flying_speed > 15.83; weather = 4.0,8,0,1,1,1,1,1,0,1,1,1,1,1,0,1,1,1,0,1,1,1,1,1,1,1
1178,countermeasure = 0.0; flying_speed <= 15.83; countermeasure = 0.0; flying_speed <= 15.83; #threats <= 75.00; day_time <= 18.00; countermeasure = 0.0; flying_speed <= 15.83; flying_speed <= 15.83; countermeasure = 0.0; flying_speed <= 27.56; countermeasure = 0.0; flying_speed <= 15.83,11,1,1,1,0,1,1,1,0,1,0,1,0,1,0,1,0,1,0,1,0,0,0,1,1
1179,countermeasure = 0.0; flying_speed <= 15.83; countermeasure = 0.0; flying_speed <= 15.83; threat_range <= 30458.59; #threats <= 53.00; #threats <= 53.00; countermeasure = 0.0; flying_speed <= 15.83; flying_speed <= 15.83; countermeasure = 0.0; #threats <= 75.00; flying_speed <= 15.83; threat_range <= 30458.59; #threats > 26.00; #threats > 26.00,12,1,1,1,1,1,1,1,1,1,1,1,1,1,1,1,1,1,1,1,1,1,1,1,1
1180,countermeasure = 0.0; flying_speed <= 38.83; countermeasure = 0.0; flying_speed <= 38.83; #threats > 26.00; #threats <= 53.00; countermeasure = 0.0; flying_speed <= 38.83; day_time <= 6.00; countermeasure = 0.0; weather = 2.0; day_time <= 6.00; #threats <= 53.00; day_time <= 6.00,12,1,0,1,1,1,1,1,0,1,1,1,1,1,0,1,1,1,0,1,1,1,1,1,1
1181,countermeasure = 0.0; #threats <= 75.00; countermeasure = 0.0; flying_speed <= 38.83; 26.00 < #threats <= 53.00; #threats <= 53.00; countermeasure = 0.0; flying_speed <= 38.83; threat_range <= 20104.47; formation = 1.0; countermeasure = 0.0; flying_speed <= 38.83; flying_speed <= 38.83; threat_range <= 30458.59; countermeasure = 0.0; 26.00 < #threats <= 53.00; countermeasure = 0.0,12,1,1,1,0,1,1,1,0,1,0,1,0,1,0,1,0,1,0,1,0,1,0,1,1
1182,countermeasure = 0.0; #threats <= 53.00; countermeasure = 0.0; flying_speed <= 15.83; #threats <= 53.00; countermeasure = 0.0; flying_speed <= 15.83; day_time <= 12.00; weather = 2.0; countermeasure = 0.0; flying_speed <= 15.83; flying_speed <= 15.83; threat_range > 10398.43; #threats <= 53.00; day_time <= 18.00; weather = 2.0; flying_speed <= 15.83,12,1,1,1,1,1,1,1,1,1,1,1,1,1,1,1,1,1,1,1,1,1,1,1,1
1183,flying_speed <= 15.83; #threats <= 75.00; threat_range <= 20104.47; flying_speed <= 15.83; flying_speed <= 27.56; flying_speed <= 15.83; threat_range > 10398.43; threat_range <= 20104.47,8,0,1,1,1,1,1,0,1,1,1,1,1,0,1,1,1,0,1,1,1,1,1,1,1
1184,flying_speed <= 38.83; day_time <= 18.00; day_time <= 18.00; #threats <= 26.00; weather = 3.0; threat_range <= 20104.47; formation = 0.0; flying_speed <= 38.83; threat_range <= 20104.47,8,0,0,1,0,1,1,0,0,1,0,1,0,0,0,1,0,0,0,1,0,1,1,1,1
1185,#threats <= 75.00; countermeasure = 0.0; #threats <= 75.00; countermeasure = 0.0; #threats > 53.00; #threats <= 75.00; formation = 1.0; countermeasure = 0.0; #threats <= 75.00; 27.56 < flying_speed <= 38.83; weather = 4.0; threat_range > 10398.43; threat_range > 20104.47,9,0,0,1,1,1,1,0,0,1,1,1,1,0,0,1,1,1,0,1,1,1,1,1,1
1186,day_time > 18.00; #threats <= 75.00; threat_range <= 30458.59; 10398.43 < threat_range <= 20104.47; flying_speed > 38.83,8,0,0,1,1,1,1,0,0,1,1,1,1,0,0,1,0,0,0,1,0,1,0,1,0
1187,countermeasure = 0.0; threat_range > 10398.43; countermeasure = 0.0; flying_speed <= 38.83; 26.00 < #threats <= 75.00; threat_range > 10398.43; countermeasure = 0.0; 27.56 < flying_speed <= 38.83; threat_range > 10398.43; #threats > 26.00; formation = 0.0; countermeasure = 0.0; #threats <= 75.00; day_time <= 12.00; #threats <= 75.00; countermeasure = 0.0; flying_speed <= 38.83; threat_range > 30458.59,12,1,1,1,1,1,1,1,1,1,1,1,1,1,1,1,1,1,1,1,1,1,1,1,1
1188,flying_speed <= 15.83; flying_speed <= 15.83; #threats <= 53.00; threat_range <= 20104.47; flying_speed <= 15.83; threat_range <= 30458.59; day_time <= 18.00; threat_range <= 10398.43,8,0,1,1,1,1,1,0,1,1,1,1,1,0,1,1,1,0,1,1,1,1,1,1,1
1189,countermeasure = 0.0; countermeasure = 0.0; 10398.43 < threat_range <= 30458.59; day_time > 6.00; flying_speed > 27.56; countermeasure = 0.0; threat_range > 20104.47; countermeasure = 0.0; 12.00 < day_time <= 18.00; 20104.47 < threat_range <= 30458.59; countermeasure = 0.0; flying_speed > 15.83; formation = 0.0; weather = 3.0; day_time > 12.00,10,1,1,0,1,1,1,1,1,1,1,1,1,0,1,1,1,1,1,1,1,1,1,1,1
1190,countermeasure = 0.0; #threats <= 53.00; #threats <= 53.00; #threats <= 26.00; countermeasure = 0.0; flying_speed <= 27.56; #threats <= 26.00; flying_speed <= 27.56; countermeasure = 0.0; day_time <= 12.00; threat_range > 30458.59,10,1,1,1,0,1,1,0,0,1,0,1,0,0,0,1,0,1,0,1,0,1,1,1,1
1191,countermeasure = 0.0; #threats <= 75.00; countermeasure = 0.0; flying_speed <= 15.83; countermeasure = 0.0; countermeasure = 0.0; flying_speed <= 15.83; flying_speed <= 27.56; countermeasure = 0.0; flying_speed <= 27.56; flying_speed <= 15.83; #threats <= 53.00; threat_range > 10398.43; countermeasure = 0.0,12,1,1,1,1,1,1,1,1,1,1,1,1,1,1,1,1,1,1,1,1,1,1,1,1
1192,countermeasure = 0.0; countermeasure = 0.0; countermeasure = 0.0; flying_speed <= 38.83; #threats > 53.00; #threats <= 75.00; day_time <= 12.00; countermeasure = 0.0; flying_speed <= 38.83; #threats > 53.00; threat_range > 20104.47; countermeasure = 0.0; flying_speed <= 38.83; threat_range > 20104.47; countermeasure = 0.0; #threats <= 75.00; 10398.43 < threat_range <= 30458.59; countermeasure = 0.0,12,1,1,1,1,1,1,1,1,1,1,1,1,1,1,1,1,1,1,1,1,1,1,1,1
1193,countermeasure = 0.0; countermeasure = 0.0; countermeasure = 0.0; flying_speed <= 15.83; threat_range <= 20104.47; flying_speed <= 15.83; countermeasure = 0.0; flying_speed <= 15.83; flying_speed <= 15.83; countermeasure = 0.0; flying_speed <= 27.56; flying_speed <= 27.56; flying_speed <= 15.83; #threats > 26.00; flying_speed <= 15.83,12,1,1,1,1,1,1,1,1,1,1,1,1,1,1,1,1,1,1,1,1,1,1,1,1
1194,countermeasure = 0.0; countermeasure = 0.0; flying_speed <= 15.83; day_time > 18.00; flying_speed <= 27.56; flying_speed <= 15.83; countermeasure = 0.0; flying_speed <= 15.83; countermeasure = 0.0; flying_speed <= 15.83; #threats > 26.00; flying_speed <= 15.83,12,1,1,1,1,1,1,1,1,1,1,1,1,1,1,1,1,1,1,1,1,1,1,1,1
1195,countermeasure = 0.0; #threats <= 53.00; countermeasure = 0.0; 10398.43 < threat_range <= 20104.47; #threats <= 75.00; #threats <= 75.00; #threats <= 26.00; countermeasure = 0.0; 10398.43 < threat_range <= 30458.59; #threats <= 75.00; day_time > 6.00; countermeasure = 0.0; 10398.43 < threat_range <= 20104.47; #threats <= 53.00; #threats <= 53.00; formation = 0.0; 10398.43 < threat_range <= 20104.47; #threats <= 26.00,12,1,1,1,1,1,1,1,1,1,1,1,1,1,1,1,1,1,1,1,1,1,1,1,1
1196,countermeasure = 0.0; #threats <= 53.00; countermeasure = 0.0; 20104.47 < threat_range <= 30458.59; 12.00 < day_time <= 18.00; weather = 3.0; #threats <= 75.00; formation = 0.0; #threats <= 53.00; threat_range > 20104.47; countermeasure = 0.0; 10398.43 < threat_range <= 30458.59; #threats <= 75.00; day_time > 6.00; countermeasure = 0.0; threat_range > 20104.47; formation = 0.0; #threats <= 53.00; weather = 3.0; 20104.47 < threat_range <= 30458.59; countermeasure = 0.0; #threats <= 26.00,12,1,0,1,1,1,1,1,0,1,1,1,1,1,0,1,1,1,0,1,1,1,1,1,1
1197,#threats > 75.00; day_time <= 6.00; formation = 1.0; flying_speed > 38.83; 10398.43 < threat_range <= 30458.59; weather = 1.0; day_time <= 12.00; #threats > 75.00; day_time <= 6.00; weather = 1.0; 10398.43 < threat_range <= 30458.59; formation = 1.0; weather = 1.0; day_time <= 6.00; threat_range <= 30458.59; formation = 1.0; weather = 1.0; day_time <= 6.00,10,1,1,1,0,1,1,0,0,1,0,1,1,0,0,1,1,1,1,1,1,1,1,1,1
1198,#threats > 53.00; threat_range <= 10398.43; weather = 3.0; flying_speed <= 38.83; day_time > 12.00; #threats <= 75.00; #threats <= 75.00,5,1,1,1,0,1,1,0,0,1,0,0,0,0,0,0,0,0,0,1,0,0,0,0,0
1199,weather = 2.0; threat_range > 10398.43; weather = 2.0; flying_speed <= 38.83; 10398.43 < threat_range <= 30458.59; formation = 1.0; day_time > 6.00; flying_speed <= 38.83; #threats > 53.00; #threats > 75.00,8,0,1,1,0,1,1,0,0,1,0,1,0,0,0,1,0,0,0,1,0,1,1,1,1
1200,countermeasure = 0.0; day_time <= 6.00; countermeasure = 0.0; flying_speed <= 38.83; 10398.43 < threat_range <= 30458.59; day_time <= 6.00; #threats <= 75.00; countermeasure = 0.0; flying_speed <= 38.83; day_time <= 6.00; #threats <= 53.00; countermeasure = 0.0; flying_speed <= 38.83; #threats <= 26.00; day_time <= 6.00; #threats <= 53.00; threat_range <= 30458.59; weather = 2.0,12,1,1,1,1,1,1,1,1,1,1,1,1,1,1,1,1,1,1,1,1,1,1,1,1
1201,countermeasure = 0.0; #threats <= 75.00; #threats <= 75.00; flying_speed > 38.83; #threats > 26.00; threat_range > 10398.43; countermeasure = 0.0,8,1,1,1,0,1,1,0,0,1,0,1,0,0,0,1,0,0,0,1,0,0,0,1,1
1202,threat_range > 20104.47; weather = 3.0; day_time <= 6.00; day_time <= 6.00; weather = 3.0; #threats > 75.00,8,0,0,1,1,1,1,0,0,1,1,1,1,0,0,1,1,0,0,1,1,1,1,1,1
1203,#threats > 75.00; flying_speed <= 15.83; day_time <= 18.00; weather = 2.0; formation = 1.0; flying_speed <= 15.83; threat_range > 20104.47; flying_speed <= 27.56; flying_speed <= 15.83; #threats > 75.00; formation = 1.0; weather = 2.0; threat_range <= 30458.59; 6.00 < day_time <= 12.00; flying_speed <= 38.83; flying_speed <= 15.83; threat_range <= 30458.59; day_time > 6.00; flying_speed <= 15.83,10,1,1,1,0,1,1,0,0,1,0,1,1,0,0,1,1,1,1,1,1,1,1,1,1
1204,#threats <= 75.00; countermeasure = 0.0; flying_speed <= 15.83; countermeasure = 0.0; #threats <= 75.00; countermeasure = 0.0; flying_speed <= 15.83; threat_range > 30458.59; countermeasure = 0.0; flying_speed <= 15.83; flying_speed <= 15.83; flying_speed <= 15.83,10,0,0,1,1,1,1,1,0,1,1,1,1,1,0,1,0,1,0,1,0,0,0,1,1
1205,countermeasure = 0.0; #threats <= 75.00; countermeasure = 0.0; flying_speed <= 15.83; flying_speed <= 15.83; countermeasure = 0.0; flying_speed <= 15.83; threat_range <= 30458.59; countermeasure = 0.0; flying_speed <= 38.83; #threats <= 75.00; flying_speed <= 15.83; 10398.43 < threat_range <= 20104.47; countermeasure = 0.0,12,1,1,1,1,1,1,1,1,1,1,1,1,1,1,1,1,1,1,1,1,1,1,1,1
1206,countermeasure = 0.0; #threats <= 53.00; #threats <= 26.00; countermeasure = 0.0; flying_speed <= 38.83; weather = 2.0; day_time <= 6.00,9,1,1,1,0,1,1,0,0,1,0,1,0,0,0,1,0,1,0,1,0,0,0,1,1
1207,countermeasure = 0.0; flying_speed <= 15.83; countermeasure = 0.0; flying_speed <= 15.83; flying_speed <= 15.83; countermeasure = 0.0; flying_speed <= 15.83; 26.00 < #threats <= 53.00; flying_speed <= 27.56; countermeasure = 0.0; flying_speed <= 27.56; flying_speed <= 15.83; flying_speed <= 15.83; countermeasure = 0.0; #threats <= 53.00; flying_speed <= 15.83,12,1,1,1,0,1,1,1,0,1,0,1,0,1,0,1,0,1,0,1,0,1,0,1,0
1208,countermeasure = 0.0; #threats <= 75.00; countermeasure = 0.0; flying_speed <= 38.83; #threats > 26.00; flying_speed <= 38.83; countermeasure = 0.0; flying_speed <= 38.83; #threats > 26.00; threat_range <= 30458.59; countermeasure = 0.0; flying_speed <= 38.83; weather = 3.0; #threats <= 75.00; formation = 1.0; countermeasure = 0.0; threat_range <= 30458.59; day_time > 18.00,12,1,1,1,0,1,1,1,0,1,0,1,0,1,0,1,0,1,0,1,0,1,0,1,0
1209,#threats <= 75.00; flying_speed <= 27.56,6,0,0,1,0,1,1,0,0,1,0,1,0,0,0,1,0,0,0,1,0,0,0,0,0
1210,countermeasure = 0.0; #threats <= 53.00; countermeasure = 0.0; flying_speed <= 38.83; threat_range <= 30458.59; #threats <= 26.00; weather = 1.0; countermeasure = 0.0; flying_speed <= 38.83; threat_range > 10398.43; weather = 1.0; #threats <= 26.00; countermeasure = 0.0; weather = 1.0; #threats <= 53.00; 10398.43 < threat_range <= 30458.59; day_time <= 12.00; countermeasure = 0.0,12,1,1,1,1,1,1,1,1,1,1,1,1,1,1,1,1,1,1,1,1,1,1,1,1
1211,day_time <= 12.00; #threats <= 53.00; flying_speed <= 38.83; #threats <= 53.00; #threats <= 53.00; 6.00 < day_time <= 12.00; 15.83 < flying_speed <= 38.83; formation = 1.0; threat_range > 10398.43; weather = 4.0; #threats <= 26.00,8,0,0,1,1,1,1,0,0,1,1,1,1,0,0,1,0,0,0,1,0,1,1,1,1
1212,countermeasure = 0.0,3,1,1,0,0,1,1,0,0,0,0,1,0,0,0,0,0,0,0,0,0,0,0,0,0
1213,countermeasure = 0.0; day_time <= 6.00; countermeasure = 0.0; day_time <= 6.00; #threats > 26.00; weather = 1.0; countermeasure = 0.0; day_time <= 6.00; flying_speed <= 38.83; #threats > 26.00; countermeasure = 0.0; countermeasure = 0.0; flying_speed <= 38.83; weather = 1.0,10,1,0,1,0,1,1,1,0,1,0,1,0,1,0,1,0,1,0,1,0,0,0,0,0
1214,#threats > 75.00; weather = 2.0; 6.00 < day_time <= 18.00; threat_range > 10398.43; threat_range > 20104.47; threat_range > 30458.59; #threats > 75.00; threat_range > 20104.47; weather = 2.0; day_time <= 18.00; weather = 2.0; 12.00 < day_time <= 18.00; weather = 2.0; #threats > 75.00; countermeasure = 1.0; threat_range > 10398.43; threat_range > 30458.59,10,1,0,1,1,1,1,0,0,1,1,1,1,0,0,1,1,1,0,1,1,1,1,1,1
1215,#threats > 53.00; flying_speed <= 15.83; weather = 2.0; threat_range <= 20104.47; day_time > 12.00; flying_speed <= 15.83; flying_speed <= 15.83; 26.00 < #threats <= 75.00; formation = 0.0; threat_range <= 20104.47; #threats <= 75.00; day_time > 18.00; flying_speed <= 15.83; #threats > 53.00; formation = 0.0; threat_range <= 20104.47; weather = 2.0; day_time > 6.00; flying_speed <= 38.83; flying_speed <= 15.83; #threats > 53.00; weather = 2.0; 10398.43 < threat_range <= 30458.59; formation = 0.0; day_time > 18.00; flying_speed <= 15.83; day_time > 18.00; formation = 0.0; flying_speed <= 15.83,12,1,0,1,1,1,1,1,0,1,1,1,1,1,0,1,0,1,0,1,0,1,1,1,1
1216,#threats <= 75.00; formation = 1.0; flying_speed <= 27.56; day_time <= 6.00; flying_speed <= 27.56; weather = 2.0; day_time <= 6.00,8,0,1,1,0,1,1,0,0,1,0,1,0,0,0,1,0,0,0,1,0,1,1,1,1
1217,#threats <= 75.00; flying_speed <= 27.56; formation = 0.0; #threats <= 53.00; flying_speed <= 15.83; weather = 2.0; flying_speed <= 27.56,8,0,0,1,1,1,1,0,0,1,1,1,1,0,0,1,1,0,0,1,1,1,1,1,1
1218,countermeasure = 0.0; #threats <= 75.00; countermeasure = 0.0; 26.00 < #threats <= 75.00; weather = 2.0; #threats <= 75.00; countermeasure = 0.0; 20104.47 < threat_range <= 30458.59; #threats > 26.00; day_time <= 12.00; countermeasure = 0.0; threat_range > 10398.43; countermeasure = 0.0; threat_range > 20104.47; #threats <= 53.00; countermeasure = 0.0; countermeasure = 0.0,12,1,0,1,1,1,1,1,0,1,1,1,1,1,0,1,0,1,0,1,0,1,0,1,1
1219,#threats > 75.00; day_time <= 6.00; weather = 1.0; 10398.43 < threat_range <= 30458.59; flying_speed > 38.83; countermeasure = 1.0; weather = 1.0; formation = 1.0; day_time <= 6.00; threat_range <= 30458.59; weather = 1.0; day_time <= 12.00,9,1,0,1,1,1,1,0,0,1,1,1,1,0,0,1,1,0,0,1,1,1,1,1,1
1220,countermeasure = 0.0; countermeasure = 0.0; flying_speed <= 38.83; #threats > 26.00; countermeasure = 0.0; flying_speed <= 38.83; day_time <= 6.00; #threats > 26.00; #threats <= 53.00; countermeasure = 0.0; flying_speed <= 38.83; day_time <= 6.00; #threats <= 53.00; day_time <= 6.00; countermeasure = 0.0; day_time <= 6.00,12,1,1,1,1,1,1,1,1,1,1,1,1,1,1,1,1,1,1,1,1,1,1,1,1
1221,#threats <= 53.00; flying_speed <= 27.56; #threats <= 75.00; flying_speed <= 38.83; 10398.43 < threat_range <= 20104.47; 26.00 < #threats <= 75.00; threat_range > 10398.43,8,0,1,1,1,1,1,0,1,1,1,1,1,0,1,1,1,0,1,1,1,1,1,1,1
1222,#threats <= 75.00; #threats <= 75.00; #threats <= 26.00; weather = 1.0,6,0,1,1,0,1,1,0,0,1,0,1,0,0,0,1,0,0,0,1,0,0,0,0,0
1223,formation = 0.0; flying_speed <= 27.56; day_time > 12.00; #threats <= 75.00; threat_range <= 20104.47; 26.00 < #threats <= 75.00; formation = 0.0; flying_speed <= 27.56; threat_range <= 10398.43,8,0,0,1,1,1,1,0,0,1,1,1,1,0,0,1,1,0,0,1,1,1,1,1,1
1224,flying_speed <= 15.83; countermeasure = 0.0; flying_speed <= 15.83; #threats <= 26.00; flying_speed <= 15.83; countermeasure = 0.0; flying_speed <= 15.83; #threats <= 53.00; countermeasure = 0.0; threat_range > 20104.47,10,0,0,1,1,1,1,1,0,1,1,1,1,0,0,1,1,1,0,1,1,1,1,1,1
1225,#threats > 53.00; flying_speed <= 15.83; formation = 1.0; day_time <= 12.00; threat_range <= 20104.47; #threats <= 75.00; flying_speed <= 15.83; #threats > 53.00; threat_range <= 30458.59; threat_range > 10398.43; flying_speed <= 15.83; 53.00 < #threats <= 75.00; threat_range <= 20104.47; 6.00 < day_time <= 18.00; flying_speed <= 15.83; flying_speed <= 15.83; #threats > 53.00; 10398.43 < threat_range <= 20104.47; formation = 1.0; day_time <= 12.00; weather = 4.0; threat_range <= 20104.47; flying_speed <= 15.83; 10398.43 < threat_range <= 20104.47; #threats > 53.00,12,1,1,1,1,1,1,1,1,1,1,1,1,1,1,1,1,1,1,1,1,1,1,1,1
1226,countermeasure = 0.0; #threats <= 75.00; countermeasure = 0.0; flying_speed <= 27.56; #threats <= 75.00; threat_range <= 30458.59; countermeasure = 0.0; flying_speed <= 27.56; formation = 1.0; flying_speed <= 27.56; countermeasure = 0.0; flying_speed <= 27.56; #threats <= 75.00; flying_speed <= 27.56; countermeasure = 0.0; day_time <= 12.00; threat_range > 20104.47,12,1,1,1,1,1,1,1,1,1,1,1,1,1,1,1,1,1,1,1,1,1,1,1,1
1227,countermeasure = 0.0; day_time <= 12.00; day_time <= 6.00; countermeasure = 0.0; day_time <= 6.00; 26.00 < #threats <= 75.00; day_time <= 6.00; countermeasure = 0.0; threat_range > 10398.43; day_time <= 6.00; threat_range <= 30458.59; threat_range <= 20104.47; day_time <= 6.00; #threats <= 75.00; flying_speed > 27.56,11,1,1,1,0,1,1,0,0,1,0,1,1,1,0,1,1,1,1,1,1,1,1,1,1
1228,countermeasure = 0.0; threat_range <= 10398.43; countermeasure = 0.0; #threats > 53.00; threat_range <= 30458.59; formation = 1.0; weather = 2.0; 12.00 < day_time <= 18.00; threat_range <= 30458.59; countermeasure = 0.0; threat_range <= 30458.59; formation = 1.0; #threats > 26.00; day_time <= 18.00; countermeasure = 0.0; formation = 1.0; countermeasure = 0.0; threat_range <= 20104.47; formation = 1.0; 12.00 < day_time <= 18.00; #threats > 75.00,12,1,1,1,1,1,1,1,1,1,1,1,1,1,1,1,1,1,1,1,1,1,1,1,1
1229,#threats <= 75.00; flying_speed <= 27.56; flying_speed <= 15.83; flying_speed <= 15.83; flying_speed <= 15.83; #threats > 26.00; flying_speed <= 15.83,8,0,1,1,1,1,1,0,1,1,1,1,1,0,1,1,1,0,1,1,1,1,1,1,1
1230,#threats <= 75.00; flying_speed <= 27.56; #threats <= 53.00; flying_speed <= 27.56; threat_range <= 30458.59; #threats <= 53.00; day_time > 12.00,8,0,1,1,0,1,1,0,0,1,0,1,0,0,0,1,0,0,0,1,0,1,1,1,1
1231,flying_speed <= 15.83; flying_speed <= 27.56; threat_range <= 10398.43; flying_speed <= 27.56; #threats <= 75.00; flying_speed <= 15.83,7,0,0,1,0,1,1,0,0,1,0,1,0,0,0,1,0,0,0,1,0,0,0,1,1
1232,countermeasure = 0.0; day_time > 12.00; countermeasure = 0.0; flying_speed <= 38.83; day_time > 18.00; formation = 1.0; flying_speed > 27.56; countermeasure = 0.0; flying_speed <= 38.83; threat_range > 10398.43; #threats > 26.00; formation = 1.0; weather = 4.0; day_time > 12.00; countermeasure = 0.0; flying_speed <= 38.83; day_time > 12.00; threat_range > 30458.59,11,1,1,1,0,1,1,1,0,1,0,1,0,1,0,1,0,1,0,1,0,0,0,1,1
1233,countermeasure = 0.0; #threats <= 26.00; #threats <= 53.00; #threats <= 26.00; countermeasure = 0.0; flying_speed <= 15.83; flying_speed <= 15.83; flying_speed <= 15.83; threat_range > 20104.47; flying_speed <= 15.83,10,1,0,1,1,1,1,0,0,1,1,1,1,0,0,1,1,1,0,1,1,1,1,1,1
1234,threat_range > 10398.43; flying_speed > 27.56; threat_range > 20104.47; day_time <= 6.00; formation = 1.0; threat_range <= 30458.59; weather = 1.0; formation = 1.0,8,0,0,1,1,1,1,0,0,1,1,1,1,0,0,1,1,0,0,1,1,1,1,1,1
1235,countermeasure = 0.0; #threats <= 26.00; countermeasure = 0.0; flying_speed <= 27.56; threat_range > 10398.43; #threats <= 26.00; countermeasure = 0.0; flying_speed <= 27.56; day_time <= 6.00; day_time <= 6.00; countermeasure = 0.0; weather = 3.0; flying_speed <= 27.56; #threats <= 53.00; day_time <= 6.00; flying_speed <= 27.56; #threats <= 53.00,12,1,1,1,1,1,1,1,1,1,1,1,1,1,1,1,1,1,1,1,1,1,1,1,1
1236,countermeasure = 0.0; #threats <= 75.00; countermeasure = 0.0; flying_speed <= 27.56; weather = 2.0; #threats <= 75.00; threat_range <= 30458.59; countermeasure = 0.0; flying_speed <= 27.56; threat_range <= 20104.47; flying_speed <= 38.83; countermeasure = 0.0; flying_speed <= 27.56; weather = 2.0; flying_speed <= 27.56; weather = 2.0; threat_range <= 30458.59; weather = 2.0,12,1,0,1,1,1,1,1,0,1,1,1,1,1,0,1,1,1,0,1,1,1,1,1,1
1237,flying_speed <= 27.56; flying_speed <= 27.56; flying_speed <= 38.83; 10398.43 < threat_range <= 30458.59; flying_speed <= 27.56; weather = 1.0; #threats > 75.00,8,0,0,1,1,1,1,0,0,1,1,1,1,0,0,1,1,0,0,1,1,1,1,1,1
1238,#threats > 75.00; threat_range <= 10398.43; day_time > 12.00; flying_speed <= 38.83; day_time > 12.00; flying_speed > 27.56; day_time > 12.00; threat_range <= 20104.47; 15.83 < flying_speed <= 38.83; formation = 1.0; #threats > 26.00; threat_range <= 10398.43,9,1,1,1,0,1,1,0,0,1,0,1,0,0,0,1,0,0,0,1,0,1,0,1,0
1239,flying_speed <= 15.83; #threats <= 53.00; #threats <= 53.00; #threats <= 75.00; flying_speed <= 15.83; weather = 2.0; day_time <= 6.00; day_time <= 6.00,8,0,1,1,1,1,1,0,1,1,1,1,1,0,1,1,1,0,1,1,1,1,1,1,1
1240,#threats <= 75.00; #threats <= 75.00; day_time > 6.00; flying_speed <= 27.56; threat_range <= 30458.59; flying_speed <= 27.56,7,0,1,1,0,1,1,0,0,1,0,1,0,0,0,1,0,0,0,1,0,0,0,1,1
1241,countermeasure = 0.0; flying_speed <= 15.83; countermeasure = 0.0; flying_speed <= 15.83; flying_speed <= 38.83; countermeasure = 0.0; flying_speed <= 15.83; threat_range <= 30458.59; flying_speed <= 27.56; countermeasure = 0.0; flying_speed <= 27.56; flying_speed <= 15.83; threat_range <= 20104.47; day_time > 6.00; flying_speed <= 15.83,12,1,1,1,1,1,1,1,1,1,1,1,1,1,1,1,1,1,1,1,1,1,1,1,1
1242,#threats <= 53.00; formation = 1.0; threat_range > 10398.43; day_time <= 6.00; 26.00 < #threats <= 53.00; #threats <= 53.00,8,0,0,1,1,1,1,0,0,1,1,1,1,0,0,1,1,0,0,1,1,1,1,1,1
1243,countermeasure = 0.0; formation = 1.0; flying_speed > 27.56; day_time <= 18.00; countermeasure = 0.0; flying_speed > 15.83; threat_range <= 20104.47; countermeasure = 0.0; weather = 1.0; day_time <= 12.00; flying_speed > 38.83,10,1,1,1,1,1,1,0,1,1,1,1,1,0,1,1,1,1,1,1,1,1,1,1,1
1244,countermeasure = 0.0; #threats <= 53.00; countermeasure = 0.0; flying_speed <= 27.56; day_time <= 6.00; day_time <= 6.00; countermeasure = 0.0; flying_speed <= 27.56; #threats > 26.00; formation = 1.0; countermeasure = 0.0; flying_speed <= 27.56; flying_speed <= 27.56; day_time <= 6.00; #threats <= 53.00; day_time <= 6.00,12,1,1,1,1,1,1,1,1,1,1,1,1,1,1,1,1,1,1,1,1,1,1,1,1
1245,countermeasure = 0.0; countermeasure = 0.0; flying_speed <= 15.83; #threats <= 75.00; countermeasure = 0.0; flying_speed <= 15.83; threat_range > 20104.47; countermeasure = 0.0; flying_speed <= 15.83; flying_speed <= 38.83; flying_speed <= 15.83; countermeasure = 0.0; #threats <= 75.00; day_time > 6.00; weather = 4.0; flying_speed <= 15.83,12,1,1,1,1,1,1,1,1,1,1,1,1,1,1,1,1,1,1,1,1,1,1,1,1
1246,#threats <= 53.00; flying_speed <= 15.83; flying_speed <= 15.83; #threats <= 75.00; flying_speed <= 15.83; flying_speed <= 15.83; 10398.43 < threat_range <= 20104.47; formation = 1.0; flying_speed <= 15.83,8,0,1,1,1,1,1,0,1,1,1,1,1,0,1,1,1,0,1,1,1,1,1,1,1
1247,#threats <= 53.00; flying_speed <= 27.56; flying_speed <= 15.83; flying_speed <= 15.83; threat_range > 30458.59; weather = 3.0; threat_range > 30458.59,8,0,0,1,1,1,1,0,0,1,1,1,1,0,0,1,1,0,0,1,1,1,1,1,1
1248,countermeasure = 0.0; day_time <= 6.00; countermeasure = 0.0; flying_speed <= 38.83; #threats > 26.00; day_time <= 6.00; day_time <= 6.00; weather = 2.0; countermeasure = 0.0; day_time <= 6.00; flying_speed <= 38.83; day_time <= 12.00; countermeasure = 0.0; flying_speed <= 38.83; #threats > 53.00; 10398.43 < threat_range <= 20104.47; flying_speed > 27.56,12,1,1,1,1,1,1,1,1,1,1,1,1,1,1,1,1,1,1,1,1,1,1,1,1
1249,flying_speed <= 27.56; flying_speed <= 15.83; threat_range <= 20104.47; countermeasure = 1.0; 10398.43 < threat_range <= 20104.47; #threats <= 75.00,7,0,1,1,0,1,1,0,0,1,0,1,0,0,0,1,0,0,0,1,0,1,0,0,0
1250,countermeasure = 0.0; countermeasure = 0.0; flying_speed <= 27.56; weather = 3.0; day_time > 12.00; countermeasure = 0.0; flying_speed <= 15.83; threat_range <= 30458.59; countermeasure = 0.0; flying_speed <= 15.83; threat_range > 10398.43; flying_speed <= 15.83; countermeasure = 0.0; formation = 0.0; countermeasure = 0.0,12,1,1,1,0,1,1,1,0,1,0,1,0,1,0,1,0,1,0,1,0,1,0,1,0
1251,#threats <= 75.00; #threats <= 53.00; #threats <= 53.00; flying_speed <= 15.83; flying_speed <= 15.83; #threats <= 53.00,8,0,1,1,1,1,1,0,1,1,1,1,1,0,1,1,1,0,1,1,1,1,1,1,1
1252,formation = 0.0; flying_speed > 38.83; 26.00 < #threats <= 75.00; threat_range > 10398.43; weather = 1.0; threat_range > 30458.59,8,0,0,1,1,1,1,0,0,1,1,1,1,0,0,1,1,0,0,1,1,1,1,1,1
1253,threat_range <= 20104.47; formation = 0.0; 6.00 < day_time <= 18.00; day_time <= 18.00; flying_speed > 38.83; day_time > 6.00; threat_range <= 30458.59; #threats <= 53.00; formation = 0.0; flying_speed > 38.83,9,1,1,1,1,1,1,0,1,1,1,1,1,0,1,1,1,0,1,1,1,1,1,1,1
1254,#threats <= 75.00; #threats > 26.00; threat_range > 30458.59; #threats <= 53.00; threat_range > 30458.59; 26.00 < #threats <= 53.00; day_time <= 12.00; weather = 1.0; flying_speed > 15.83; #threats > 26.00,8,0,1,1,1,1,1,0,1,1,1,1,1,0,1,1,1,0,1,1,1,1,1,1,1
1255,countermeasure = 0.0; flying_speed <= 15.83; countermeasure = 0.0; flying_speed <= 15.83; flying_speed <= 15.83; weather = 3.0; countermeasure = 0.0; flying_speed <= 15.83; threat_range <= 30458.59; countermeasure = 0.0; flying_speed <= 27.56; flying_speed <= 15.83; flying_speed <= 15.83; countermeasure = 0.0; threat_range <= 20104.47; threat_range > 10398.43,12,1,1,1,1,1,1,1,1,1,1,1,1,1,1,1,1,1,1,1,1,1,1,1,1
1256,countermeasure = 0.0; flying_speed <= 38.83; countermeasure = 0.0; flying_speed <= 38.83; #threats > 26.00; countermeasure = 0.0; flying_speed <= 27.56; day_time <= 12.00; threat_range <= 20104.47; countermeasure = 0.0; flying_speed <= 38.83; weather = 3.0; threat_range <= 20104.47; weather = 3.0; #threats <= 75.00; countermeasure = 0.0,12,1,1,1,1,1,1,1,1,1,1,1,1,1,1,1,1,1,1,1,1,1,1,1,1
1257,#threats > 75.00; weather = 3.0; flying_speed <= 15.83; flying_speed <= 38.83; flying_speed <= 15.83; weather = 3.0; flying_speed <= 15.83; threat_range > 20104.47; threat_range > 30458.59,9,1,1,1,0,1,1,0,0,1,0,1,0,0,0,1,0,0,0,1,0,1,1,1,1
1258,countermeasure = 0.0; day_time <= 6.00; countermeasure = 0.0; flying_speed <= 27.56; flying_speed <= 27.56; countermeasure = 0.0; flying_speed <= 15.83; flying_speed <= 27.56; countermeasure = 0.0; flying_speed <= 15.83; flying_speed <= 15.83; flying_speed <= 15.83; day_time <= 6.00; formation = 1.0,12,1,1,1,1,1,1,1,1,1,1,1,1,1,1,1,1,1,1,1,1,1,1,1,1
1259,#threats > 75.00; day_time > 12.00; flying_speed > 15.83; weather = 3.0; threat_range > 10398.43; weather = 3.0; day_time > 12.00; formation = 1.0; flying_speed > 38.83; threat_range > 10398.43; formation = 1.0; #threats > 26.00; day_time > 12.00; weather = 3.0; threat_range > 30458.59,9,1,1,1,1,1,1,0,1,1,1,1,1,0,1,1,1,0,1,1,1,1,1,1,1
1260,countermeasure = 0.0; #threats <= 75.00; countermeasure = 0.0; 10398.43 < threat_range <= 30458.59; #threats > 26.00; #threats <= 53.00; countermeasure = 0.0; 10398.43 < threat_range <= 30458.59; #threats > 26.00; day_time > 18.00; countermeasure = 0.0; threat_range > 10398.43; weather = 2.0; #threats <= 53.00; flying_speed > 38.83; countermeasure = 0.0; #threats <= 75.00; threat_range > 20104.47,12,1,1,1,1,1,1,1,1,1,1,1,1,1,1,1,1,1,1,1,1,1,1,1,1
1261,#threats <= 26.00; #threats <= 53.00; flying_speed <= 15.83; flying_speed <= 38.83; flying_speed <= 27.56; flying_speed <= 15.83; #threats <= 75.00; weather = 3.0; flying_speed <= 15.83,8,0,1,1,1,1,1,0,1,1,1,1,1,0,1,1,1,0,1,1,1,1,1,1,1
1262,countermeasure = 0.0; formation = 0.0; countermeasure = 0.0; flying_speed <= 38.83; #threats > 26.00; threat_range > 10398.43; weather = 2.0; countermeasure = 0.0; flying_speed <= 38.83; threat_range <= 30458.59; #threats > 26.00; countermeasure = 0.0; countermeasure = 0.0; flying_speed <= 38.83; #threats > 26.00; countermeasure = 0.0; 10398.43 < threat_range <= 30458.59; weather = 2.0; #threats > 26.00; #threats > 75.00,12,1,1,1,1,1,1,1,1,1,1,1,1,1,1,1,1,1,1,1,1,1,1,1,1
1263,countermeasure = 0.0; countermeasure = 0.0; weather = 3.0; 26.00 < #threats <= 75.00; threat_range > 20104.47; #threats <= 75.00; countermeasure = 0.0; countermeasure = 0.0; countermeasure = 0.0; 26.00 < #threats <= 75.00; flying_speed > 38.83; day_time > 12.00,11,1,1,1,1,1,1,1,1,1,1,1,1,0,1,1,1,1,1,1,1,1,1,1,1
1264,#threats <= 53.00; #threats <= 75.00; flying_speed <= 15.83; flying_speed <= 15.83,7,0,0,1,0,1,1,0,0,1,0,1,0,0,0,1,0,0,0,1,0,0,0,1,1
1265,flying_speed <= 38.83; #threats <= 26.00; #threats <= 26.00; threat_range > 10398.43; #threats <= 53.00; threat_range <= 30458.59; 12.00 < day_time <= 18.00; day_time > 6.00,8,0,0,1,1,1,1,0,0,1,1,1,1,0,0,1,1,0,0,1,1,1,1,1,1
1266,countermeasure = 0.0; countermeasure = 0.0; flying_speed <= 27.56; 26.00 < #threats <= 75.00; weather = 3.0; countermeasure = 0.0; flying_speed <= 38.83; 53.00 < #threats <= 75.00; day_time > 12.00; countermeasure = 0.0; flying_speed <= 27.56; threat_range <= 10398.43; countermeasure = 0.0; #threats <= 75.00; flying_speed <= 27.56; flying_speed <= 27.56,10,1,0,0,0,1,1,1,0,0,0,1,1,1,0,1,0,1,0,1,0,1,1,1,1
1267,countermeasure = 0.0; #threats <= 53.00; countermeasure = 0.0; flying_speed <= 27.56; #threats > 26.00; threat_range > 10398.43; #threats <= 75.00; #threats <= 75.00; countermeasure = 0.0; flying_speed <= 27.56; 26.00 < #threats <= 53.00; day_time <= 12.00; countermeasure = 0.0; flying_speed <= 27.56; #threats <= 75.00; #threats <= 53.00; day_time <= 12.00; flying_speed <= 27.56,12,1,1,1,1,1,1,1,1,1,1,1,1,1,1,1,1,1,1,1,1,1,1,1,1
1268,countermeasure = 0.0; day_time <= 6.00; countermeasure = 0.0; flying_speed <= 27.56; formation = 1.0; flying_speed <= 15.83; flying_speed <= 15.83; countermeasure = 0.0; flying_speed <= 15.83; day_time <= 12.00; flying_speed <= 15.83; countermeasure = 0.0; flying_speed <= 15.83; flying_speed <= 38.83; day_time <= 6.00; #threats <= 53.00; formation = 1.0; threat_range > 30458.59,12,1,1,1,1,1,1,1,1,1,1,1,1,1,1,1,1,1,1,1,1,1,1,1,1
1269,flying_speed <= 15.83; flying_speed <= 15.83; flying_speed <= 15.83; flying_speed <= 15.83; flying_speed <= 15.83,7,0,1,1,0,1,1,0,0,1,0,1,0,0,0,1,0,0,0,1,0,0,0,1,1
1270,countermeasure = 0.0; #threats <= 75.00; threat_range <= 30458.59; #threats <= 53.00; countermeasure = 0.0; #threats <= 75.00; threat_range <= 20104.47; weather = 1.0; threat_range <= 10398.43; threat_range <= 20104.47; #threats <= 53.00; formation = 0.0,10,1,0,1,0,1,1,0,0,1,0,1,0,0,0,1,0,1,0,1,0,1,1,1,1
1271,day_time > 12.00; weather = 1.0; formation = 1.0; day_time > 18.00; weather = 1.0; #threats > 26.00; threat_range <= 20104.47; formation = 1.0; threat_range <= 10398.43,8,0,0,1,0,1,1,0,0,1,0,1,1,0,0,1,0,0,0,1,0,1,1,1,1
1272,threat_range > 20104.47; #threats <= 75.00; threat_range <= 30458.59; flying_speed <= 38.83; threat_range > 10398.43; flying_speed <= 27.56; weather = 2.0; day_time <= 18.00; #threats <= 26.00,8,0,0,1,1,1,1,0,0,1,1,1,1,0,0,1,0,0,0,1,0,1,0,1,0
1273,countermeasure = 0.0; flying_speed <= 27.56; countermeasure = 0.0; flying_speed <= 27.56; day_time <= 6.00; day_time <= 6.00; formation = 0.0; countermeasure = 0.0; flying_speed <= 27.56; threat_range <= 30458.59; weather = 1.0; countermeasure = 0.0; flying_speed <= 27.56; #threats <= 26.00; countermeasure = 0.0; #threats <= 53.00; day_time <= 6.00; countermeasure = 0.0,12,1,1,1,1,1,1,1,1,1,1,1,1,1,1,1,1,1,1,1,1,1,1,1,1
1274,flying_speed <= 15.83; threat_range > 30458.59; #threats > 26.00; day_time > 6.00; #threats <= 53.00; flying_speed <= 15.83; #threats > 26.00; #threats <= 75.00; flying_speed <= 15.83; flying_speed <= 15.83; 26.00 < #threats <= 53.00; day_time > 6.00; threat_range > 10398.43; flying_speed <= 15.83; #threats > 26.00; weather = 3.0; day_time > 6.00; threat_range > 10398.43; flying_speed <= 15.83; 26.00 < #threats <= 53.00; flying_speed <= 15.83,12,1,1,1,1,1,1,1,1,1,1,1,1,1,1,1,1,1,1,1,1,1,1,1,1
1275,countermeasure = 0.0; countermeasure = 0.0; flying_speed <= 27.56; 26.00 < #threats <= 75.00; flying_speed <= 27.56; countermeasure = 0.0; flying_speed <= 27.56; threat_range <= 30458.59; day_time > 18.00; countermeasure = 0.0; flying_speed <= 27.56; day_time > 18.00,10,1,0,1,0,1,1,1,0,1,0,1,0,1,0,1,0,1,0,0,0,0,0,1,1
1276,countermeasure = 0.0; countermeasure = 0.0; flying_speed <= 38.83; #threats > 26.00; #threats <= 75.00; weather = 2.0; countermeasure = 0.0; flying_speed <= 38.83; threat_range <= 30458.59; #threats > 26.00; formation = 1.0; countermeasure = 0.0; threat_range > 20104.47; countermeasure = 0.0; weather = 2.0; flying_speed <= 38.83; threat_range <= 30458.59; day_time <= 18.00; #threats <= 75.00,12,1,1,1,0,1,1,1,0,1,0,1,0,1,0,1,0,1,0,1,0,1,0,1,1
1277,#threats <= 53.00; #threats <= 53.00; #threats <= 75.00; weather = 2.0; day_time <= 12.00; 10398.43 < threat_range <= 20104.47; day_time <= 12.00; threat_range <= 20104.47,8,0,1,1,1,1,1,0,1,1,1,1,1,0,1,1,1,0,1,1,1,1,1,1,1
1278,countermeasure = 0.0; #threats <= 75.00; countermeasure = 0.0; flying_speed <= 15.83; #threats <= 75.00; countermeasure = 0.0; flying_speed <= 15.83; threat_range > 20104.47; countermeasure = 0.0; flying_speed <= 27.56; flying_speed <= 15.83; flying_speed <= 15.83; weather = 2.0; #threats <= 53.00,12,1,1,1,1,1,1,1,1,1,1,1,1,1,1,1,1,1,1,1,1,1,1,1,1
1279,day_time <= 12.00; #threats <= 53.00; flying_speed <= 38.83; #threats <= 53.00; 26.00 < #threats <= 53.00; day_time <= 12.00; flying_speed <= 38.83; #threats <= 53.00,8,0,0,1,1,1,1,0,0,1,1,1,1,0,0,1,1,0,0,1,1,1,1,1,1
1280,countermeasure = 0.0; formation = 1.0; countermeasure = 0.0; day_time <= 12.00; threat_range > 10398.43; #threats > 26.00; threat_range > 20104.47; weather = 1.0; countermeasure = 0.0; #threats > 26.00; formation = 1.0; threat_range > 10398.43; weather = 1.0; countermeasure = 0.0; countermeasure = 0.0; formation = 1.0; #threats > 26.00; weather = 1.0,10,1,1,1,0,1,1,1,0,1,0,1,0,1,0,1,0,1,0,1,0,0,0,0,0
1281,countermeasure = 0.0; day_time > 6.00; countermeasure = 0.0; #threats <= 75.00; threat_range <= 30458.59; day_time > 18.00; #threats <= 75.00; day_time > 18.00; countermeasure = 0.0; threat_range <= 30458.59; #threats <= 75.00; day_time > 12.00; countermeasure = 0.0; #threats <= 75.00; countermeasure = 0.0; #threats <= 53.00; day_time > 18.00; flying_speed > 38.83; day_time > 12.00,12,1,1,1,1,1,1,1,1,1,1,1,1,1,1,1,1,1,1,1,1,1,1,1,1
1282,countermeasure = 0.0; threat_range > 10398.43; countermeasure = 0.0; flying_speed <= 38.83; #threats > 26.00; threat_range <= 20104.47; countermeasure = 0.0; flying_speed <= 27.56; threat_range <= 30458.59; countermeasure = 0.0; countermeasure = 0.0; flying_speed <= 27.56; #threats > 26.00; countermeasure = 0.0; threat_range <= 20104.47; day_time > 18.00,12,1,1,1,1,1,1,1,1,1,1,1,1,1,1,1,1,1,1,1,1,1,1,1,1
1283,countermeasure = 0.0; threat_range <= 20104.47; countermeasure = 0.0; #threats > 26.00; threat_range <= 30458.59; day_time <= 18.00; weather = 1.0; formation = 0.0; threat_range <= 10398.43; countermeasure = 0.0; threat_range <= 30458.59; #threats > 26.00; day_time <= 18.00; threat_range <= 20104.47; countermeasure = 0.0; day_time > 12.00; threat_range <= 20104.47; countermeasure = 0.0; flying_speed > 27.56; day_time <= 18.00; weather = 1.0; day_time > 12.00,12,1,0,1,1,1,1,1,0,1,1,1,1,1,0,1,1,1,0,1,1,1,1,1,1
1284,countermeasure = 0.0; flying_speed <= 15.83; countermeasure = 0.0; flying_speed <= 15.83; flying_speed <= 15.83; countermeasure = 0.0; flying_speed <= 27.56; flying_speed <= 27.56; countermeasure = 0.0; flying_speed <= 27.56; countermeasure = 0.0; flying_speed <= 15.83; countermeasure = 0.0; threat_range <= 30458.59; flying_speed <= 15.83,12,1,1,1,1,1,1,1,1,1,1,1,1,1,1,1,1,1,1,1,1,1,1,1,1
1285,countermeasure = 0.0; countermeasure = 0.0; threat_range > 20104.47; flying_speed <= 27.56; countermeasure = 0.0; flying_speed <= 27.56; countermeasure = 0.0; flying_speed <= 27.56; countermeasure = 0.0; day_time <= 12.00; threat_range > 10398.43; weather = 4.0; #threats > 75.00,9,1,1,0,1,1,1,0,1,1,1,1,1,0,1,1,1,1,1,1,1,1,1,1,1
1286,weather = 1.0; #threats <= 75.00; threat_range > 10398.43; threat_range > 10398.43; #threats <= 53.00; 10398.43 < threat_range <= 20104.47; #threats <= 53.00; threat_range <= 20104.47,8,0,1,1,1,1,1,0,1,1,1,1,1,0,1,1,1,0,1,1,1,1,1,1,1
1287,countermeasure = 0.0; #threats <= 75.00; countermeasure = 0.0; flying_speed <= 15.83; flying_speed <= 15.83; countermeasure = 0.0; flying_speed <= 15.83; flying_speed <= 15.83; countermeasure = 0.0; flying_speed <= 15.83; flying_speed <= 15.83; 10398.43 < threat_range <= 20104.47; flying_speed <= 15.83,12,1,1,1,1,1,1,1,1,1,1,1,1,1,1,1,1,1,1,1,1,1,1,1,1
1288,countermeasure = 0.0; #threats <= 53.00; countermeasure = 0.0; flying_speed <= 15.83; day_time <= 6.00; #threats <= 26.00; countermeasure = 0.0; flying_speed <= 15.83; day_time <= 6.00; day_time <= 6.00; countermeasure = 0.0; threat_range > 20104.47; #threats <= 53.00; flying_speed <= 15.83; countermeasure = 0.0; #threats <= 75.00; day_time <= 6.00,12,1,1,1,1,1,1,1,1,1,1,1,1,1,1,1,1,1,1,1,1,1,1,1,1
1289,#threats <= 75.00; #threats <= 53.00; day_time > 12.00; threat_range > 10398.43; flying_speed > 38.83; #threats <= 53.00; day_time > 18.00; weather = 3.0; day_time > 18.00,8,0,1,1,1,1,1,0,1,1,1,1,1,0,1,1,1,0,1,1,1,1,1,1,1
1290,countermeasure = 0.0; #threats <= 53.00; countermeasure = 0.0; flying_speed <= 38.83; #threats <= 75.00; weather = 1.0; #threats <= 26.00; countermeasure = 0.0; flying_speed <= 38.83; day_time <= 6.00; countermeasure = 0.0; flying_speed <= 38.83; flying_speed <= 38.83; day_time <= 12.00; countermeasure = 0.0; flying_speed <= 38.83; day_time <= 6.00,12,1,0,1,1,1,1,1,0,1,1,1,1,1,0,1,1,1,0,1,1,1,1,1,1
1291,countermeasure = 0.0; #threats <= 53.00; countermeasure = 0.0; flying_speed <= 38.83; #threats > 26.00; countermeasure = 0.0; flying_speed <= 38.83; threat_range <= 30458.59; #threats <= 53.00; countermeasure = 0.0; flying_speed <= 38.83; #threats <= 75.00; threat_range <= 20104.47; weather = 2.0; 26.00 < #threats <= 53.00; day_time > 12.00,12,1,1,1,0,1,1,1,0,1,0,1,0,1,0,1,0,1,0,1,0,1,1,1,1
1292,countermeasure = 0.0; weather = 1.0; #threats <= 75.00; countermeasure = 0.0; flying_speed <= 38.83; #threats > 26.00; countermeasure = 0.0; flying_speed <= 38.83; #threats <= 53.00; day_time <= 12.00; countermeasure = 0.0; flying_speed <= 38.83; #threats > 26.00; #threats <= 53.00,11,1,0,1,1,1,1,0,0,1,1,1,1,1,0,1,0,1,0,1,0,1,1,1,1
1293,countermeasure = 0.0; countermeasure = 0.0; countermeasure = 0.0; flying_speed <= 15.83; #threats <= 75.00; #threats <= 53.00; day_time <= 6.00; countermeasure = 0.0; flying_speed <= 15.83; day_time <= 6.00; flying_speed <= 15.83; countermeasure = 0.0; flying_speed <= 15.83; flying_speed <= 15.83; flying_speed <= 15.83; countermeasure = 0.0; day_time <= 6.00; day_time <= 6.00,12,1,1,1,1,1,1,1,1,1,1,1,1,1,1,1,1,1,1,1,1,1,1,1,1
1294,countermeasure = 0.0; #threats <= 75.00; countermeasure = 0.0; flying_speed <= 15.83; threat_range <= 30458.59; #threats <= 26.00; countermeasure = 0.0; flying_speed <= 15.83; countermeasure = 0.0; countermeasure = 0.0; flying_speed <= 15.83; flying_speed <= 38.83; flying_speed <= 15.83; #threats <= 75.00; day_time > 6.00; flying_speed <= 15.83,12,1,1,1,1,1,1,1,1,1,1,1,1,1,1,1,1,1,1,1,1,1,1,1,1
1295,weather = 1.0; day_time <= 12.00; day_time <= 6.00; weather = 1.0; threat_range <= 20104.47; day_time <= 6.00; 10398.43 < threat_range <= 20104.47; flying_speed > 38.83,8,0,0,1,1,1,1,0,0,1,1,1,1,0,0,1,1,0,0,1,1,1,1,1,1
1296,countermeasure = 0.0; #threats <= 53.00; countermeasure = 0.0; flying_speed <= 38.83; #threats > 26.00; countermeasure = 0.0; countermeasure = 0.0; flying_speed <= 38.83; weather = 3.0; #threats <= 53.00; countermeasure = 0.0; flying_speed <= 38.83; threat_range > 20104.47; day_time <= 12.00; countermeasure = 0.0; flying_speed <= 38.83; day_time <= 12.00,12,1,1,1,0,1,1,1,0,1,0,1,0,1,0,1,0,1,0,1,0,1,0,1,1
1297,#threats > 75.00; threat_range <= 30458.59; flying_speed <= 38.83; day_time <= 18.00; day_time <= 12.00; day_time <= 12.00; threat_range <= 20104.47; #threats > 75.00; 10398.43 < threat_range <= 20104.47; day_time <= 12.00; formation = 1.0; weather = 3.0; flying_speed <= 38.83; flying_speed > 27.56; #threats > 75.00,9,1,1,1,0,1,1,0,0,1,0,1,0,0,0,1,0,1,0,1,0,0,0,1,0
1298,#threats > 75.00; threat_range <= 10398.43; flying_speed <= 15.83; day_time > 6.00; weather = 2.0; flying_speed <= 15.83; formation = 0.0; #threats > 26.00; day_time > 6.00; threat_range <= 30458.59; flying_speed <= 15.83; flying_speed <= 15.83; #threats > 75.00; day_time <= 12.00; threat_range <= 20104.47; weather = 2.0; threat_range <= 10398.43; flying_speed <= 15.83; #threats > 75.00; threat_range <= 20104.47; weather = 2.0; day_time <= 12.00; flying_speed <= 38.83; flying_speed <= 15.83; threat_range <= 10398.43; day_time > 6.00; flying_speed <= 27.56,12,1,1,1,1,1,1,1,1,1,1,1,1,1,1,1,1,1,1,1,1,1,1,1,1
1299,#threats > 75.00; day_time <= 6.00; flying_speed <= 38.83; 10398.43 < threat_range <= 20104.47; weather = 1.0; threat_range <= 20104.47; countermeasure = 1.0; day_time <= 6.00; day_time <= 6.00; threat_range <= 20104.47; weather = 1.0; formation = 1.0,9,1,1,1,1,1,1,0,1,1,1,1,1,0,1,1,1,0,1,1,1,1,1,1,1
1300,countermeasure = 0.0; #threats <= 26.00; countermeasure = 0.0; flying_speed <= 38.83; threat_range > 10398.43; #threats <= 75.00; #threats <= 75.00; countermeasure = 0.0; flying_speed <= 38.83; #threats <= 75.00; threat_range > 10398.43; day_time > 18.00; formation = 0.0; day_time > 18.00; countermeasure = 0.0; flying_speed <= 38.83; day_time > 12.00; #threats <= 53.00; countermeasure = 0.0; threat_range > 10398.43; weather = 4.0; day_time > 18.00,12,1,1,1,1,1,1,1,1,1,1,1,1,1,1,1,1,1,1,1,1,1,1,1,1
1301,#threats <= 53.00; threat_range <= 10398.43,4,0,0,0,0,1,1,0,0,0,0,1,0,0,0,0,0,0,0,1,0,0,0,1,1
1302,#threats <= 53.00; #threats <= 75.00; day_time > 18.00; #threats <= 53.00; flying_speed > 38.83; threat_range <= 20104.47; countermeasure = 1.0; threat_range <= 10398.43,6,0,1,1,0,1,1,0,0,1,0,1,0,0,0,0,0,0,0,0,0,1,0,1,1
1303,countermeasure = 0.0; #threats <= 53.00; countermeasure = 0.0; 26.00 < #threats <= 75.00; threat_range > 10398.43; day_time <= 12.00; #threats <= 53.00; formation = 1.0; countermeasure = 0.0; day_time <= 12.00; threat_range > 10398.43; 26.00 < #threats <= 75.00; threat_range > 30458.59; countermeasure = 0.0; threat_range > 10398.43; weather = 3.0; #threats <= 75.00; flying_speed > 38.83; #threats <= 53.00; countermeasure = 0.0; #threats <= 53.00,12,1,1,1,1,1,1,1,1,1,1,1,1,1,1,1,1,1,1,1,1,1,1,1,1
1304,countermeasure = 0.0; countermeasure = 0.0; 26.00 < #threats <= 75.00; threat_range > 10398.43; 12.00 < day_time <= 18.00; formation = 1.0; countermeasure = 0.0; 26.00 < #threats <= 53.00; threat_range > 10398.43; day_time <= 18.00; countermeasure = 0.0; threat_range > 20104.47; #threats <= 75.00; threat_range > 30458.59; 26.00 < #threats <= 53.00; formation = 1.0; day_time > 6.00; countermeasure = 0.0,12,1,1,1,1,1,1,1,1,1,1,1,1,1,1,1,1,1,1,1,1,1,1,1,1
1305,countermeasure = 0.0; #threats <= 53.00,3,1,1,0,0,1,1,0,0,0,0,0,0,0,0,0,0,0,0,0,0,0,0,1,0
1306,#threats <= 75.00; #threats <= 53.00; flying_speed <= 38.83; flying_speed <= 27.56; #threats <= 53.00; threat_range > 10398.43; 6.00 < day_time <= 18.00; weather = 1.0; threat_range > 30458.59,8,0,0,1,1,1,1,0,0,1,1,1,1,0,0,1,1,0,0,1,1,1,1,1,1
1307,countermeasure = 0.0; day_time <= 12.00; countermeasure = 0.0; #threats > 53.00; 10398.43 < threat_range <= 20104.47; day_time <= 12.00; formation = 0.0,9,1,1,0,0,1,1,0,0,1,0,1,1,0,0,1,1,1,1,1,1,1,1,1,1
1308,countermeasure = 0.0; #threats <= 75.00; countermeasure = 0.0; flying_speed <= 38.83; flying_speed <= 27.56; countermeasure = 0.0; flying_speed <= 27.56; countermeasure = 0.0; flying_speed <= 27.56; countermeasure = 0.0; day_time > 6.00,11,1,1,1,0,1,1,1,0,1,0,1,0,1,0,1,0,1,0,1,0,0,0,1,0
1309,flying_speed <= 27.56; #threats <= 75.00; flying_speed <= 15.83; day_time <= 6.00; flying_speed <= 15.83; #threats <= 53.00; countermeasure = 1.0,8,0,1,1,1,1,1,0,1,1,1,1,1,0,1,1,1,0,1,1,1,1,1,1,1
1310,countermeasure = 0.0; flying_speed <= 15.83; countermeasure = 0.0; flying_speed <= 27.56; #threats > 53.00; countermeasure = 0.0; flying_speed <= 15.83; threat_range <= 30458.59; flying_speed <= 15.83; countermeasure = 0.0; flying_speed <= 15.83; countermeasure = 0.0; flying_speed <= 15.83; countermeasure = 0.0; flying_speed <= 15.83,12,1,1,1,1,1,1,1,1,1,1,1,1,1,1,1,1,1,1,1,1,1,1,1,1
1311,countermeasure = 0.0; #threats <= 75.00; countermeasure = 0.0; flying_speed <= 15.83; #threats <= 53.00; countermeasure = 0.0; flying_speed <= 15.83; flying_speed <= 15.83; countermeasure = 0.0; flying_speed <= 27.56; #threats <= 75.00; flying_speed <= 15.83; countermeasure = 0.0; threat_range > 30458.59; flying_speed <= 15.83,12,1,1,1,1,1,1,1,1,1,1,1,1,1,1,1,1,1,1,1,1,1,1,1,1
1312,countermeasure = 0.0; day_time <= 12.00; countermeasure = 0.0; flying_speed <= 38.83; #threats > 26.00; countermeasure = 0.0; day_time <= 6.00; countermeasure = 0.0; day_time <= 6.00; #threats > 26.00; flying_speed <= 38.83; threat_range > 20104.47; countermeasure = 0.0; threat_range > 10398.43; day_time <= 18.00; threat_range > 30458.59,11,1,0,1,1,1,1,1,0,1,1,1,1,1,0,1,0,1,0,1,0,0,0,1,0
1313,countermeasure = 0.0; #threats <= 53.00; countermeasure = 0.0; flying_speed <= 15.83; #threats <= 53.00; day_time <= 6.00; countermeasure = 0.0; flying_speed <= 15.83; flying_speed <= 27.56; countermeasure = 0.0; flying_speed <= 27.56; countermeasure = 0.0; flying_speed <= 15.83; 26.00 < #threats <= 53.00; flying_speed <= 15.83,12,1,1,1,0,1,1,1,0,1,0,1,1,1,0,1,1,1,1,1,1,1,1,1,1
1314,countermeasure = 0.0; flying_speed <= 15.83; countermeasure = 0.0; flying_speed <= 15.83; #threats <= 75.00; countermeasure = 0.0; flying_speed <= 15.83; flying_speed <= 15.83; countermeasure = 0.0; #threats <= 75.00; flying_speed <= 15.83; countermeasure = 0.0; weather = 4.0; threat_range > 10398.43,12,1,1,1,1,1,1,1,1,1,1,1,1,1,1,1,1,1,1,1,1,1,1,1,1
1315,countermeasure = 0.0; #threats <= 75.00; countermeasure = 0.0; flying_speed <= 27.56; flying_speed <= 27.56; countermeasure = 0.0; flying_speed <= 27.56; threat_range <= 20104.47; threat_range <= 20104.47; countermeasure = 0.0; flying_speed <= 38.83; #threats <= 75.00; threat_range <= 20104.47; flying_speed <= 27.56; #threats <= 75.00; day_time <= 18.00; countermeasure = 0.0; threat_range <= 10398.43,12,1,1,1,1,1,1,1,1,1,1,1,1,1,1,1,1,1,1,1,1,1,1,1,1
1316,countermeasure = 0.0; threat_range > 20104.47; formation = 1.0; day_time > 12.00; formation = 1.0,6,1,1,0,0,1,1,0,0,1,0,1,0,0,0,0,0,0,0,1,0,0,0,1,0
1317,countermeasure = 0.0; #threats <= 75.00; countermeasure = 0.0; flying_speed <= 15.83; flying_speed <= 15.83; flying_speed <= 15.83; countermeasure = 0.0; flying_speed <= 15.83; flying_speed <= 15.83; countermeasure = 0.0; flying_speed <= 15.83; flying_speed <= 15.83; countermeasure = 0.0; flying_speed <= 15.83,12,1,1,1,1,1,1,1,1,1,1,1,1,1,1,1,1,1,1,1,1,1,1,1,1
1318,#threats > 75.00; flying_speed <= 15.83; formation = 1.0; 6.00 < day_time <= 12.00; day_time <= 12.00; flying_speed <= 15.83; formation = 1.0; threat_range > 20104.47,7,1,1,1,0,1,1,0,0,1,0,1,0,0,0,1,0,0,0,1,0,0,0,0,0
1319,countermeasure = 0.0; countermeasure = 0.0; countermeasure = 0.0; flying_speed <= 38.83; #threats > 26.00; #threats <= 75.00; countermeasure = 0.0; flying_speed <= 38.83; flying_speed <= 38.83; countermeasure = 0.0; weather = 3.0; flying_speed > 15.83; #threats <= 75.00; countermeasure = 0.0,11,1,0,1,1,1,1,1,0,1,1,1,1,0,0,1,1,1,0,1,1,1,1,1,1
1320,countermeasure = 0.0; flying_speed <= 15.83; countermeasure = 0.0; flying_speed <= 15.83; flying_speed <= 15.83; countermeasure = 0.0; flying_speed <= 15.83; flying_speed <= 38.83; countermeasure = 0.0; flying_speed <= 15.83; day_time <= 18.00; flying_speed <= 15.83; countermeasure = 0.0; day_time <= 6.00,12,1,1,1,1,1,1,1,1,1,1,1,1,1,1,1,1,1,1,1,1,1,1,1,1
1321,countermeasure = 0.0; day_time <= 6.00,4,1,0,0,0,1,1,0,0,0,0,1,1,0,0,0,0,0,0,0,0,0,0,1,1
1322,#threats <= 75.00; #threats <= 75.00; threat_range > 10398.43; day_time > 18.00,6,0,0,1,0,1,1,0,0,1,0,1,0,0,0,1,0,0,0,0,0,0,0,1,0
1323,formation = 0.0; threat_range > 30458.59; day_time > 18.00; flying_speed > 38.83; countermeasure = 0.0; day_time > 18.00; formation = 0.0; weather = 4.0; flying_speed > 38.83,8,0,0,1,1,1,1,0,0,1,1,1,1,0,0,1,0,0,0,1,0,1,0,1,1
1324,countermeasure = 0.0; #threats <= 75.00; countermeasure = 0.0; flying_speed <= 27.56; threat_range > 10398.43; threat_range > 10398.43; #threats > 26.00; countermeasure = 0.0; flying_speed <= 27.56; #threats <= 75.00; #threats <= 53.00; countermeasure = 0.0; flying_speed <= 27.56; #threats <= 53.00; countermeasure = 0.0; 26.00 < #threats <= 53.00; countermeasure = 0.0,12,1,1,1,1,1,1,1,1,1,1,1,1,1,1,1,1,1,1,1,1,1,1,1,1
1325,#threats > 75.00; 15.83 < flying_speed <= 27.56; formation = 0.0; 6.00 < day_time <= 12.00; threat_range > 10398.43; weather = 2.0; threat_range > 30458.59; day_time <= 12.00; flying_speed <= 27.56; weather = 2.0,7,1,1,1,0,1,1,0,0,1,0,1,0,0,0,1,0,0,0,1,0,0,0,0,0
1326,threat_range > 10398.43; day_time > 12.00; flying_speed <= 15.83; flying_speed <= 15.83; flying_speed <= 15.83; weather = 2.0; threat_range > 20104.47,8,0,0,1,1,1,1,0,0,1,1,1,1,0,0,1,1,0,0,1,1,1,1,1,1
1327,countermeasure = 0.0; #threats <= 75.00; countermeasure = 0.0; flying_speed <= 27.56; #threats > 26.00; #threats <= 75.00; threat_range <= 10398.43; countermeasure = 0.0; flying_speed <= 27.56; #threats > 26.00; flying_speed <= 27.56; countermeasure = 0.0; flying_speed <= 27.56; threat_range <= 20104.47; 26.00 < #threats <= 53.00; weather = 1.0; #threats <= 53.00,12,1,1,1,1,1,1,1,1,1,1,1,1,1,1,1,1,1,1,1,1,1,1,1,1
1328,day_time <= 6.00; day_time <= 12.00; day_time <= 6.00; day_time <= 6.00; threat_range > 10398.43; day_time <= 6.00; 10398.43 < threat_range <= 20104.47; day_time <= 6.00,8,0,0,1,1,1,1,0,0,1,1,1,1,0,0,1,1,0,0,1,1,1,1,1,1
1329,#threats <= 53.00; threat_range > 20104.47; threat_range > 20104.47; flying_speed > 27.56; #threats <= 53.00,7,0,0,1,0,1,1,0,0,1,0,1,0,0,0,1,0,0,0,1,0,0,0,1,1
1330,threat_range > 20104.47; flying_speed > 38.83,4,0,0,0,0,1,1,0,0,1,0,0,0,0,0,1,0,0,0,0,0,0,0,1,1
1331,countermeasure = 0.0; #threats <= 53.00; countermeasure = 0.0; flying_speed <= 38.83; day_time > 18.00; #threats <= 75.00; #threats <= 26.00; countermeasure = 0.0; flying_speed <= 38.83; threat_range <= 30458.59; day_time > 12.00; countermeasure = 0.0; flying_speed <= 38.83; 10398.43 < threat_range <= 20104.47; countermeasure = 0.0,11,1,1,1,0,1,1,1,0,1,0,1,0,1,0,1,0,1,0,1,0,1,0,0,0
1332,countermeasure = 0.0; countermeasure = 0.0; flying_speed <= 15.83; countermeasure = 0.0; countermeasure = 0.0; flying_speed <= 15.83; flying_speed <= 15.83; countermeasure = 0.0; flying_speed <= 27.56; flying_speed <= 15.83; countermeasure = 0.0; countermeasure = 0.0,11,1,1,0,0,1,1,1,0,1,0,1,1,1,0,1,1,1,1,1,1,1,1,1,1
1333,6.00 < day_time <= 18.00; 10398.43 < threat_range <= 20104.47; flying_speed > 38.83; #threats <= 75.00; #threats <= 26.00; threat_range <= 20104.47; #threats <= 26.00; #threats <= 26.00; #threats <= 53.00; 10398.43 < threat_range <= 20104.47; weather = 3.0,9,1,1,1,1,1,1,0,1,1,1,1,1,0,1,1,1,0,1,1,1,1,1,1,1
1334,day_time <= 6.00; flying_speed <= 38.83; formation = 1.0; weather = 1.0; threat_range > 30458.59; flying_speed <= 38.83; threat_range > 30458.59; day_time <= 6.00; #threats <= 75.00; weather = 1.0; #threats <= 75.00; day_time <= 6.00; flying_speed <= 38.83; weather = 1.0; #threats <= 26.00; flying_speed <= 38.83; #threats <= 26.00; day_time <= 6.00; threat_range > 30458.59,11,1,1,1,1,1,1,1,1,1,1,1,1,1,1,1,1,0,1,1,1,1,1,1,1
1335,countermeasure = 0.0; countermeasure = 0.0; flying_speed <= 15.83; flying_speed <= 15.83; weather = 1.0; countermeasure = 0.0; flying_speed <= 15.83; flying_speed <= 27.56; countermeasure = 0.0; flying_speed <= 27.56; threat_range <= 20104.47; flying_speed <= 15.83; threat_range <= 30458.59; day_time <= 12.00; flying_speed <= 15.83,12,1,1,1,1,1,1,1,1,1,1,1,1,1,1,1,1,1,1,1,1,1,1,1,1
1336,countermeasure = 1.0; #threats <= 75.00; threat_range > 10398.43; threat_range <= 30458.59; 10398.43 < threat_range <= 20104.47; weather = 2.0; #threats <= 53.00,8,0,0,1,1,1,1,0,0,1,1,1,1,0,0,1,1,0,0,1,1,1,1,1,1
1337,countermeasure = 0.0; flying_speed <= 15.83; countermeasure = 0.0; flying_speed <= 15.83; #threats <= 75.00; #threats <= 75.00; countermeasure = 0.0; flying_speed <= 15.83; flying_speed <= 27.56; countermeasure = 0.0; threat_range > 10398.43; #threats <= 53.00; flying_speed <= 15.83; threat_range > 30458.59; day_time > 18.00; #threats <= 26.00,12,1,0,1,1,1,1,1,0,1,1,1,1,1,0,1,0,1,0,1,0,1,1,1,1
1338,#threats > 75.00; day_time <= 12.00; threat_range <= 30458.59; 27.56 < flying_speed <= 38.83; threat_range > 20104.47; day_time <= 18.00; flying_speed > 27.56; weather = 3.0; 27.56 < flying_speed <= 38.83; day_time <= 12.00; formation = 1.0; 10398.43 < threat_range <= 30458.59; #threats > 75.00,9,1,0,1,1,1,1,0,0,1,1,1,1,0,0,1,1,0,0,1,1,1,1,1,1
1339,countermeasure = 0.0; #threats <= 75.00; countermeasure = 0.0; flying_speed <= 27.56; day_time > 18.00; #threats <= 53.00; flying_speed <= 38.83; countermeasure = 0.0; flying_speed <= 27.56; #threats > 26.00; day_time > 12.00; countermeasure = 0.0; flying_speed <= 38.83; day_time > 18.00; day_time > 18.00,11,1,0,1,0,1,1,1,0,1,0,1,0,1,0,1,0,1,0,1,0,0,0,1,0
1340,countermeasure = 0.0; day_time > 12.00; weather = 2.0; countermeasure = 0.0; countermeasure = 0.0,8,1,1,1,0,1,1,0,0,1,0,1,0,0,0,1,0,0,0,1,0,0,0,1,0
1341,countermeasure = 0.0; flying_speed <= 38.83; countermeasure = 0.0; flying_speed <= 38.83; #threats > 26.00; day_time <= 6.00; #threats <= 75.00; countermeasure = 0.0; flying_speed <= 38.83; day_time <= 6.00; #threats > 26.00; flying_speed <= 38.83; countermeasure = 0.0; day_time <= 12.00; day_time <= 6.00; countermeasure = 0.0; weather = 2.0; threat_range > 10398.43,12,1,1,1,1,1,1,1,1,1,1,1,1,1,1,1,1,1,1,1,1,1,1,1,1
1342,countermeasure = 0.0; threat_range <= 30458.59; weather = 3.0; #threats <= 75.00; countermeasure = 0.0; 20104.47 < threat_range <= 30458.59; countermeasure = 0.0; flying_speed > 15.83; #threats > 53.00,9,1,0,1,1,1,1,0,0,1,1,1,1,0,0,1,1,0,0,1,1,1,1,1,1
1343,#threats > 75.00; day_time <= 12.00; weather = 4.0; threat_range <= 20104.47; countermeasure = 1.0; formation = 0.0,4,1,1,0,0,1,1,0,0,0,0,1,0,0,0,0,0,0,0,0,0,0,0,1,1
1344,#threats <= 75.00; #threats <= 53.00; day_time <= 6.00; #threats > 26.00; threat_range <= 20104.47; flying_speed > 38.83; threat_range <= 20104.47; day_time <= 6.00; 26.00 < #threats <= 75.00; day_time <= 6.00,8,0,0,1,1,1,1,0,0,1,1,1,1,0,0,1,1,0,0,1,1,1,1,1,1
1345,countermeasure = 0.0; #threats <= 75.00; countermeasure = 0.0; flying_speed <= 15.83; #threats <= 75.00; #threats <= 53.00; countermeasure = 0.0; flying_speed <= 15.83; countermeasure = 0.0; flying_speed <= 27.56; #threats <= 75.00; flying_speed <= 15.83; #threats <= 26.00,12,1,1,1,1,1,1,1,1,1,1,1,1,1,1,1,1,1,1,1,1,1,1,1,1
1346,#threats <= 75.00; #threats <= 75.00; threat_range > 20104.47; weather = 1.0; day_time > 18.00; #threats <= 53.00; 10398.43 < threat_range <= 30458.59; flying_speed > 38.83; formation = 0.0,8,0,0,1,1,1,1,0,0,1,1,1,1,0,0,1,1,0,0,1,1,1,1,1,1
1347,threat_range <= 20104.47; day_time <= 6.00; #threats <= 75.00; weather = 2.0; threat_range <= 20104.47; weather = 2.0; day_time <= 6.00; day_time <= 6.00,8,0,1,1,0,1,1,0,0,1,0,1,0,0,0,1,0,0,0,1,0,1,1,1,1
1348,countermeasure = 0.0; #threats <= 75.00; countermeasure = 0.0; formation = 1.0; threat_range > 10398.43; day_time <= 6.00; countermeasure = 0.0; day_time <= 6.00; #threats > 26.00; threat_range > 20104.47; countermeasure = 0.0; formation = 1.0; weather = 2.0; day_time <= 6.00; countermeasure = 0.0; 26.00 < #threats <= 75.00; #threats <= 53.00,12,1,1,1,1,1,1,1,1,1,1,1,1,1,1,1,1,1,1,1,1,1,1,1,1
1349,flying_speed <= 15.83; #threats <= 75.00; flying_speed <= 15.83,6,0,0,1,0,1,1,0,0,1,0,1,0,0,0,1,0,0,0,1,0,0,0,0,0
1350,#threats <= 53.00; #threats <= 26.00; #threats <= 53.00; weather = 3.0; threat_range <= 20104.47; formation = 0.0; flying_speed > 15.83,7,0,0,1,0,1,1,0,0,1,0,0,0,0,0,1,0,0,0,1,0,1,0,1,1
1351,#threats <= 53.00; #threats <= 53.00; #threats <= 75.00; flying_speed <= 38.83; flying_speed <= 15.83; weather = 3.0; weather = 3.0,8,0,1,1,0,1,1,0,0,1,0,1,0,0,0,1,0,0,0,1,0,1,0,1,0
1352,#threats > 53.00; flying_speed <= 15.83; formation = 1.0; weather = 4.0; threat_range <= 10398.43; flying_speed <= 15.83; flying_speed <= 15.83; #threats > 53.00; day_time > 18.00; threat_range <= 10398.43; flying_speed <= 15.83; day_time > 18.00; flying_speed <= 15.83; threat_range <= 20104.47; #threats > 26.00; day_time > 18.00; flying_speed <= 27.56; flying_speed <= 15.83; #threats > 53.00; threat_range <= 20104.47; formation = 1.0; day_time > 6.00; threat_range <= 20104.47; flying_speed <= 15.83; threat_range <= 30458.59; day_time > 12.00; #threats > 53.00; flying_speed <= 15.83,12,1,1,1,1,1,1,1,1,1,1,1,1,1,1,1,1,1,1,1,1,1,1,1,1
1353,#threats <= 53.00; #threats <= 75.00; #threats <= 75.00; day_time <= 6.00; 26.00 < #threats <= 53.00; weather = 3.0; threat_range > 30458.59,8,0,0,1,1,1,1,0,0,1,1,1,1,0,0,1,1,0,0,1,1,1,1,1,1
1354,countermeasure = 0.0; #threats <= 75.00; countermeasure = 0.0; flying_speed <= 38.83; day_time <= 6.00; day_time <= 6.00; day_time <= 6.00; countermeasure = 0.0; flying_speed <= 38.83; day_time <= 6.00; threat_range > 10398.43; countermeasure = 0.0; flying_speed <= 38.83; #threats <= 75.00; day_time <= 12.00; countermeasure = 0.0; flying_speed <= 38.83; day_time <= 6.00,12,1,1,1,1,1,1,1,1,1,1,1,1,1,1,1,1,1,1,1,1,1,1,1,1
1355,countermeasure = 0.0; #threats <= 75.00; #threats <= 53.00; flying_speed > 38.83; threat_range > 20104.47; countermeasure = 0.0; threat_range > 20104.47; countermeasure = 0.0,8,1,1,1,0,1,1,0,0,1,0,1,0,0,0,1,0,1,0,1,0,0,0,0,0
1356,countermeasure = 0.0; countermeasure = 0.0; flying_speed <= 38.83; day_time <= 6.00; day_time <= 6.00; flying_speed <= 38.83; countermeasure = 0.0; day_time <= 6.00; flying_speed <= 27.56; flying_speed <= 38.83; countermeasure = 0.0; flying_speed <= 27.56; flying_speed <= 38.83; flying_speed <= 27.56; day_time <= 6.00; countermeasure = 0.0; #threats > 53.00; threat_range > 30458.59; day_time <= 6.00,12,1,1,1,1,1,1,1,1,1,1,1,1,1,1,1,1,1,1,1,1,1,1,1,1
1357,countermeasure = 0.0; threat_range > 20104.47; countermeasure = 0.0; day_time <= 6.00; #threats > 26.00; #threats <= 75.00; countermeasure = 0.0; day_time <= 6.00; threat_range > 10398.43; threat_range > 30458.59; formation = 0.0; day_time <= 6.00,10,1,1,1,0,1,1,1,0,1,0,1,0,1,0,1,0,0,0,1,0,0,0,1,1
1358,countermeasure = 0.0; #threats <= 75.00; countermeasure = 0.0; #threats <= 53.00; weather = 4.0; #threats <= 26.00; threat_range <= 10398.43; countermeasure = 0.0; threat_range <= 20104.47; #threats <= 75.00; formation = 1.0; day_time <= 12.00; #threats <= 75.00; countermeasure = 0.0; formation = 1.0; day_time <= 12.00; #threats <= 53.00; countermeasure = 0.0; weather = 4.0; countermeasure = 0.0,12,1,1,1,1,1,1,1,1,1,1,1,1,1,1,1,1,1,1,1,1,1,1,1,1
1359,countermeasure = 0.0; threat_range > 30458.59; countermeasure = 0.0; flying_speed <= 38.83; #threats > 26.00; #threats <= 53.00; weather = 1.0; countermeasure = 0.0; weather = 1.0; threat_range > 10398.43; flying_speed <= 38.83; countermeasure = 0.0; #threats > 26.00; weather = 1.0; countermeasure = 0.0; day_time > 12.00; threat_range > 10398.43; countermeasure = 0.0; #threats <= 53.00; threat_range > 20104.47,12,1,0,1,1,1,1,1,0,1,1,1,1,1,0,1,1,1,0,1,1,1,1,1,1
1360,countermeasure = 0.0; #threats <= 75.00; countermeasure = 0.0; 26.00 < #threats <= 75.00; threat_range <= 30458.59; day_time <= 6.00; weather = 1.0; countermeasure = 0.0; threat_range <= 30458.59; #threats > 26.00; day_time <= 6.00; formation = 1.0; countermeasure = 0.0; day_time <= 12.00; day_time <= 6.00; threat_range <= 20104.47; #threats <= 53.00; day_time <= 6.00,12,1,1,1,1,1,1,1,1,1,1,1,1,1,1,1,1,1,1,1,1,1,1,1,1
1361,flying_speed <= 15.83; day_time > 18.00; flying_speed <= 15.83; #threats <= 75.00; flying_speed <= 15.83; formation = 1.0; #threats <= 53.00; threat_range > 30458.59,8,0,1,1,0,1,1,0,0,1,0,1,0,0,0,1,0,0,0,1,0,1,1,1,1
1362,#threats <= 53.00; #threats <= 75.00; #threats > 26.00; threat_range > 30458.59; weather = 2.0; flying_speed <= 27.56; #threats <= 53.00; weather = 2.0; #threats <= 53.00,8,0,0,1,0,1,1,0,0,1,0,1,0,0,0,1,0,0,0,1,0,1,1,1,1
1363,countermeasure = 0.0; countermeasure = 0.0; flying_speed <= 15.83; flying_speed <= 15.83; countermeasure = 0.0; flying_speed <= 15.83; countermeasure = 0.0; flying_speed <= 27.56; #threats <= 53.00; flying_speed <= 15.83; weather = 3.0; #threats <= 53.00; threat_range > 30458.59,12,1,1,1,1,1,1,1,1,1,1,1,1,1,1,1,1,1,1,1,1,1,1,1,1
1364,countermeasure = 0.0; #threats <= 75.00; countermeasure = 0.0; flying_speed <= 38.83; #threats > 26.00; #threats <= 75.00; countermeasure = 0.0; #threats > 26.00; 10398.43 < threat_range <= 30458.59; day_time > 6.00; countermeasure = 0.0; threat_range > 10398.43; flying_speed <= 38.83; 12.00 < day_time <= 18.00; countermeasure = 0.0; threat_range <= 30458.59; countermeasure = 0.0,12,1,1,1,1,1,1,1,1,1,1,1,1,1,1,1,1,1,1,1,1,1,1,1,1
1365,countermeasure = 0.0; threat_range > 10398.43; countermeasure = 0.0; threat_range > 10398.43; 53.00 < #threats <= 75.00; countermeasure = 0.0; 53.00 < #threats <= 75.00; threat_range > 10398.43; threat_range > 30458.59; #threats <= 75.00; countermeasure = 0.0; threat_range > 10398.43; 26.00 < #threats <= 75.00; formation = 0.0; flying_speed > 15.83,11,1,0,1,1,1,1,1,0,1,1,1,1,1,0,1,1,0,0,1,1,1,1,1,1
1366,countermeasure = 0.0; flying_speed <= 15.83; countermeasure = 0.0; flying_speed <= 15.83; countermeasure = 0.0; flying_speed <= 15.83; flying_speed <= 15.83; countermeasure = 0.0; flying_speed <= 27.56; flying_speed <= 15.83; flying_speed <= 27.56; 10398.43 < threat_range <= 20104.47; countermeasure = 0.0,12,1,1,1,1,1,1,1,1,1,1,1,1,1,1,1,1,1,1,1,1,1,1,1,1
1367,#threats <= 53.00; day_time <= 6.00; day_time <= 12.00; formation = 0.0; day_time <= 6.00; weather = 2.0; #threats <= 26.00; #threats <= 53.00,8,0,1,1,1,1,1,0,1,1,1,1,1,0,1,1,1,0,1,1,1,1,1,1,1
1368,#threats <= 75.00; threat_range > 30458.59; day_time > 12.00; 26.00 < #threats <= 53.00; day_time > 18.00,8,0,0,1,1,1,1,0,0,1,1,1,1,0,0,1,1,0,0,1,1,1,1,1,1
1369,flying_speed <= 27.56; flying_speed <= 38.83; flying_speed <= 38.83; threat_range <= 20104.47; flying_speed <= 15.83,7,0,0,1,0,1,1,0,0,1,0,1,0,0,0,1,0,0,0,1,0,0,0,1,0
1370,countermeasure = 0.0; countermeasure = 0.0; flying_speed <= 15.83; #threats > 53.00; flying_speed <= 15.83; flying_speed <= 15.83; flying_speed <= 27.56; countermeasure = 0.0; flying_speed <= 15.83; flying_speed <= 15.83; flying_speed <= 15.83,10,1,1,1,0,1,1,1,0,1,0,1,0,0,0,1,0,1,0,1,0,0,0,1,0
1371,countermeasure = 0.0; countermeasure = 0.0; flying_speed <= 27.56; weather = 3.0; weather = 3.0; flying_speed <= 27.56; countermeasure = 0.0; flying_speed <= 27.56; day_time <= 12.00; countermeasure = 0.0; countermeasure = 0.0; flying_speed <= 27.56; flying_speed <= 38.83; #threats > 75.00; threat_range > 10398.43; weather = 3.0; day_time <= 18.00; countermeasure = 0.0; #threats > 26.00,12,1,1,1,1,1,1,1,1,1,1,1,1,1,1,1,1,1,1,1,1,1,1,1,1
1372,countermeasure = 0.0; #threats <= 75.00; countermeasure = 0.0; 26.00 < #threats <= 75.00; formation = 1.0; #threats <= 75.00; #threats <= 75.00; countermeasure = 0.0; day_time <= 6.00; #threats > 26.00; threat_range <= 30458.59; countermeasure = 0.0; flying_speed > 27.56; day_time <= 6.00; countermeasure = 0.0; #threats <= 75.00; countermeasure = 0.0,12,1,1,1,1,1,1,1,1,1,1,1,1,1,1,1,1,1,1,1,1,1,1,1,1
1373,#threats <= 53.00; #threats <= 26.00; threat_range <= 30458.59; threat_range <= 20104.47; flying_speed <= 38.83; #threats <= 53.00; flying_speed <= 27.56; weather = 3.0; threat_range <= 20104.47; flying_speed <= 27.56,8,0,0,1,1,1,1,0,0,1,1,1,1,0,0,1,1,0,0,1,1,1,1,1,1
1374,threat_range > 30458.59; 26.00 < #threats <= 75.00; 15.83 < flying_speed <= 27.56; day_time <= 12.00; day_time <= 6.00,3,0,0,0,0,1,1,0,0,0,0,0,0,0,0,0,0,0,0,0,0,1,1,1,1
1375,#threats <= 75.00; weather = 4.0; formation = 0.0; threat_range <= 30458.59; flying_speed > 38.83,7,0,0,1,1,1,1,0,0,1,1,1,1,0,0,1,0,0,0,1,0,0,0,1,1
1376,countermeasure = 0.0; #threats <= 53.00; countermeasure = 0.0; flying_speed <= 27.56; day_time <= 6.00; countermeasure = 0.0; flying_speed <= 27.56; flying_speed <= 27.56; countermeasure = 0.0; flying_speed <= 27.56; flying_speed <= 38.83; day_time <= 6.00; countermeasure = 0.0; #threats <= 26.00; flying_speed <= 27.56,12,1,1,1,1,1,1,1,1,1,1,1,1,1,1,1,1,1,1,1,1,1,1,1,1
1377,countermeasure = 0.0; countermeasure = 0.0; flying_speed <= 15.83; #threats <= 75.00; flying_speed <= 15.83; countermeasure = 0.0; flying_speed <= 15.83; flying_speed <= 27.56; countermeasure = 0.0; flying_speed <= 27.56; flying_speed <= 15.83; 26.00 < #threats <= 53.00; flying_speed <= 15.83,12,1,1,1,1,1,1,1,1,1,1,1,1,1,1,1,1,1,1,1,1,1,1,1,1
1378,#threats <= 75.00; #threats <= 53.00; flying_speed <= 15.83; threat_range <= 30458.59,6,0,1,1,0,1,1,0,0,1,0,1,0,0,0,1,0,0,0,1,0,0,0,0,0
1379,#threats <= 75.00; countermeasure = 1.0; #threats <= 75.00; day_time <= 6.00; threat_range <= 30458.59; #threats <= 75.00; day_time <= 6.00,8,0,1,1,0,1,1,0,0,1,0,1,1,0,0,1,1,0,1,1,1,1,1,1,1
1380,countermeasure = 0.0; flying_speed <= 15.83; countermeasure = 0.0; flying_speed <= 15.83; threat_range <= 20104.47; countermeasure = 0.0; weather = 1.0; countermeasure = 0.0; flying_speed <= 15.83; countermeasure = 0.0; flying_speed <= 38.83; flying_speed <= 15.83; day_time > 12.00; countermeasure = 0.0,12,1,0,1,0,1,1,1,0,1,0,1,1,1,0,1,0,1,0,1,0,1,1,1,1
1381,countermeasure = 0.0; #threats <= 75.00; countermeasure = 0.0; flying_speed <= 38.83; 26.00 < #threats <= 75.00; #threats <= 75.00; weather = 2.0; countermeasure = 0.0; flying_speed <= 38.83; #threats > 26.00; weather = 2.0; formation = 0.0; countermeasure = 0.0; threat_range > 10398.43; countermeasure = 0.0; flying_speed <= 38.83; day_time <= 12.00; #threats <= 75.00; threat_range > 30458.59,12,1,0,1,1,1,1,1,0,1,1,1,1,1,0,1,1,1,0,1,1,1,1,1,1
1382,#threats <= 53.00; threat_range > 30458.59; weather = 2.0; flying_speed <= 38.83; flying_speed <= 27.56; weather = 2.0; #threats <= 53.00,8,0,1,1,1,1,1,0,1,1,1,1,1,0,1,1,1,0,1,1,1,1,1,1,1
1383,#threats <= 53.00; #threats <= 75.00; #threats <= 53.00; flying_speed > 15.83; 10398.43 < threat_range <= 20104.47; flying_speed <= 38.83; formation = 1.0; formation = 1.0,8,0,0,1,1,1,1,0,0,1,1,1,1,0,0,1,1,0,0,1,1,1,1,1,1
1384,flying_speed <= 15.83; #threats <= 75.00; flying_speed <= 38.83; flying_speed <= 15.83; threat_range > 20104.47; day_time <= 18.00; flying_speed <= 15.83,8,0,0,1,1,1,1,0,0,1,1,1,1,0,0,1,1,0,0,1,1,1,1,1,1
1385,#threats <= 75.00; #threats <= 53.00; #threats <= 53.00; day_time <= 6.00; threat_range <= 30458.59; 26.00 < #threats <= 53.00; day_time <= 6.00,8,0,1,1,1,1,1,0,1,1,1,1,1,0,1,1,1,0,1,1,1,1,1,1,1
1386,#threats > 75.00; 10398.43 < threat_range <= 20104.47; 6.00 < day_time <= 18.00; flying_speed > 38.83; weather = 2.0; formation = 0.0; formation = 0.0; formation = 0.0; threat_range <= 30458.59; threat_range > 10398.43; #threats > 75.00; weather = 2.0; 10398.43 < threat_range <= 20104.47; threat_range > 10398.43; 10398.43 < threat_range <= 20104.47; flying_speed > 38.83; day_time <= 18.00; #threats > 75.00,10,1,1,1,1,1,1,0,1,1,1,1,1,0,1,1,1,1,1,1,1,1,1,1,1
1387,countermeasure = 0.0; day_time <= 6.00; countermeasure = 0.0; flying_speed <= 15.83; weather = 3.0; countermeasure = 0.0; flying_speed <= 15.83; threat_range <= 20104.47; countermeasure = 0.0; day_time <= 6.00; flying_speed <= 15.83; flying_speed <= 15.83; countermeasure = 0.0; threat_range <= 20104.47,12,1,1,1,1,1,1,1,1,1,1,1,1,1,1,1,1,1,1,1,1,1,1,1,1
1388,#threats > 75.00; flying_speed <= 27.56; threat_range <= 20104.47; formation = 0.0; flying_speed <= 38.83; weather = 2.0; flying_speed <= 15.83; flying_speed <= 38.83; day_time > 18.00; flying_speed <= 15.83; weather = 2.0; threat_range > 10398.43; flying_speed <= 15.83,9,1,0,1,1,1,1,0,0,1,1,1,1,0,0,1,1,0,0,1,1,1,1,1,1
1389,#threats <= 75.00; #threats <= 53.00; threat_range <= 30458.59; day_time <= 6.00; 10398.43 < threat_range <= 20104.47; flying_speed > 38.83,8,0,0,1,1,1,1,0,0,1,1,1,1,0,0,1,1,0,0,1,1,1,1,1,1
1390,countermeasure = 0.0; countermeasure = 0.0; flying_speed <= 15.83; flying_speed <= 15.83; countermeasure = 0.0; flying_speed <= 15.83; countermeasure = 0.0; countermeasure = 0.0; flying_speed <= 15.83; flying_speed <= 15.83; flying_speed <= 15.83; threat_range <= 30458.59; countermeasure = 0.0; weather = 3.0,12,1,0,1,1,1,1,1,0,1,1,1,1,1,0,1,1,1,0,1,1,1,1,1,1
1391,countermeasure = 0.0; flying_speed <= 27.56; countermeasure = 0.0; flying_speed <= 27.56; threat_range <= 30458.59; #threats > 26.00; countermeasure = 0.0; threat_range <= 10398.43; countermeasure = 0.0; flying_speed <= 27.56; #threats > 75.00; countermeasure = 0.0; countermeasure = 0.0; flying_speed <= 27.56; countermeasure = 0.0; threat_range <= 20104.47; countermeasure = 0.0; day_time <= 18.00; flying_speed <= 27.56; weather = 1.0; weather = 1.0,12,1,1,1,1,1,1,1,1,1,1,1,1,1,1,1,1,1,1,1,1,1,1,1,1
1392,#threats > 53.00; flying_speed <= 15.83; threat_range > 30458.59; day_time > 12.00; formation = 0.0; #threats <= 75.00; #threats <= 75.00; flying_speed <= 27.56; threat_range > 30458.59; flying_speed <= 15.83; day_time <= 18.00; #threats <= 75.00; flying_speed <= 15.83,9,1,1,1,1,1,1,0,1,1,1,1,1,0,1,1,1,0,1,1,1,1,1,1,1
1393,countermeasure = 0.0; #threats <= 53.00; countermeasure = 0.0; flying_speed <= 27.56; weather = 3.0; threat_range <= 20104.47; flying_speed <= 27.56; countermeasure = 0.0; flying_speed <= 27.56; #threats > 26.00; threat_range <= 20104.47; formation = 1.0; countermeasure = 0.0; flying_speed <= 27.56; countermeasure = 0.0; threat_range <= 20104.47; countermeasure = 0.0; #threats <= 75.00; threat_range <= 10398.43,12,1,1,1,1,1,1,1,1,1,1,1,1,1,1,1,1,1,1,1,1,1,1,1,1
1394,countermeasure = 0.0; threat_range <= 20104.47; countermeasure = 0.0; flying_speed <= 38.83; formation = 1.0; countermeasure = 0.0; flying_speed <= 27.56; #threats > 26.00; day_time <= 12.00; #threats <= 75.00; countermeasure = 0.0; flying_speed <= 27.56; flying_speed <= 27.56; 10398.43 < threat_range <= 20104.47; countermeasure = 0.0,12,1,1,1,1,1,1,1,1,1,1,1,1,1,1,1,1,1,1,1,1,1,1,1,1
1395,countermeasure = 0.0; #threats <= 53.00; countermeasure = 0.0; flying_speed <= 38.83; formation = 1.0; #threats <= 75.00; countermeasure = 0.0; flying_speed <= 38.83; #threats <= 75.00; weather = 3.0; countermeasure = 0.0; #threats <= 53.00; countermeasure = 0.0; weather = 3.0; flying_speed > 15.83; threat_range > 30458.59; #threats <= 26.00,12,1,1,1,1,1,1,1,1,1,1,1,1,1,1,1,1,1,1,1,1,1,1,1,1
1396,countermeasure = 0.0; countermeasure = 0.0; day_time <= 6.00; #threats > 53.00; threat_range > 20104.47; threat_range > 20104.47; day_time <= 6.00; countermeasure = 0.0; 10398.43 < threat_range <= 30458.59; #threats > 26.00; formation = 1.0; countermeasure = 0.0; formation = 1.0; threat_range <= 30458.59; countermeasure = 0.0; day_time <= 6.00; countermeasure = 0.0; threat_range <= 30458.59; day_time <= 6.00,12,1,1,1,1,1,1,1,1,1,1,1,1,1,1,1,1,1,1,1,1,1,1,1,1
1397,countermeasure = 0.0; countermeasure = 0.0; flying_speed <= 15.83; threat_range <= 10398.43; countermeasure = 0.0; day_time <= 6.00; flying_speed <= 15.83; countermeasure = 0.0; countermeasure = 0.0; flying_speed <= 15.83; flying_speed <= 27.56; flying_speed <= 15.83; day_time <= 6.00; countermeasure = 0.0,12,1,1,1,1,1,1,1,1,1,1,1,1,1,1,1,1,1,1,1,1,1,1,1,1
1398,countermeasure = 0.0; countermeasure = 0.0; flying_speed <= 38.83; countermeasure = 0.0; day_time <= 6.00; threat_range > 10398.43; day_time <= 6.00; threat_range <= 30458.59; flying_speed <= 27.56; #threats <= 26.00,10,1,1,1,1,1,1,0,1,1,1,1,1,0,1,1,1,1,1,1,1,1,1,1,1
1399,#threats <= 75.00; flying_speed <= 27.56; threat_range <= 20104.47; 10398.43 < threat_range <= 20104.47; day_time <= 6.00; threat_range <= 20104.47,8,0,0,1,0,1,1,0,0,1,0,1,0,0,0,1,0,0,0,1,0,1,1,1,1
1400,countermeasure = 0.0; countermeasure = 0.0; flying_speed <= 15.83; threat_range > 30458.59; flying_speed <= 15.83; countermeasure = 0.0; flying_speed <= 15.83; flying_speed <= 15.83; countermeasure = 0.0; flying_speed <= 15.83; flying_speed <= 27.56; flying_speed <= 15.83; weather = 1.0; flying_speed <= 15.83,12,1,1,1,1,1,1,1,1,1,1,1,1,1,1,1,1,1,1,1,1,1,1,1,1
1401,flying_speed <= 15.83; flying_speed <= 15.83; day_time > 18.00; day_time > 18.00; flying_speed <= 15.83; #threats <= 53.00; threat_range > 10398.43; #threats <= 26.00,8,0,0,1,1,1,1,0,0,1,1,1,1,0,0,1,1,0,0,1,1,1,1,1,1
1402,countermeasure = 0.0; #threats <= 75.00; countermeasure = 0.0; flying_speed <= 38.83; #threats > 26.00; weather = 1.0; countermeasure = 0.0; flying_speed <= 38.83; weather = 1.0; #threats > 26.00; #threats <= 75.00; countermeasure = 0.0; 53.00 < #threats <= 75.00; #threats <= 75.00; 10398.43 < threat_range <= 30458.59; countermeasure = 0.0; #threats <= 75.00,12,1,1,1,0,1,1,1,0,1,0,1,0,1,0,1,0,1,0,1,0,1,1,1,1
1403,countermeasure = 0.0; weather = 1.0; countermeasure = 0.0; 26.00 < #threats <= 75.00; threat_range <= 20104.47; #threats <= 75.00; countermeasure = 0.0; day_time <= 12.00; 26.00 < #threats <= 75.00; countermeasure = 0.0; countermeasure = 0.0; 26.00 < #threats <= 75.00; weather = 1.0; #threats <= 75.00; 10398.43 < threat_range <= 20104.47; #threats <= 53.00,12,1,1,1,1,1,1,1,1,1,1,1,1,1,1,1,1,1,1,1,1,1,1,1,1
1404,countermeasure = 0.0; #threats <= 75.00; #threats <= 75.00; day_time > 12.00; countermeasure = 0.0; day_time > 12.00; 12.00 < day_time <= 18.00; threat_range <= 30458.59; 53.00 < #threats <= 75.00; countermeasure = 0.0,10,1,1,1,0,1,1,0,0,1,0,1,0,0,0,1,0,1,0,1,0,1,0,1,0
1405,#threats > 75.00; 15.83 < flying_speed <= 38.83; flying_speed <= 38.83; #threats > 75.00; weather = 1.0; day_time > 12.00; formation = 1.0; threat_range > 30458.59; flying_speed <= 38.83; flying_speed <= 38.83; #threats > 75.00; weather = 1.0; threat_range > 20104.47; weather = 1.0; #threats > 75.00; flying_speed <= 38.83; threat_range > 30458.59; formation = 1.0; day_time > 6.00; flying_speed <= 38.83; flying_speed > 27.56; day_time > 12.00; threat_range > 10398.43; formation = 1.0; threat_range > 20104.47,12,1,1,1,1,1,1,1,1,1,1,1,1,1,1,1,1,1,1,1,1,1,1,1,1
1406,#threats <= 53.00; #threats <= 26.00; #threats <= 26.00; #threats <= 26.00; #threats <= 53.00; 12.00 < day_time <= 18.00; 15.83 < flying_speed <= 38.83; threat_range <= 30458.59; formation = 1.0; weather = 4.0; #threats <= 26.00,8,0,0,1,1,1,1,0,0,1,1,1,1,0,0,1,1,0,0,1,1,1,1,1,1
1407,#threats > 75.00; day_time > 12.00; threat_range > 30458.59; weather = 4.0; day_time > 18.00; day_time > 18.00; #threats > 26.00; threat_range > 10398.43; flying_speed > 38.83; threat_range > 10398.43; day_time > 12.00; weather = 4.0; formation = 1.0; flying_speed > 38.83,9,1,1,1,0,1,1,0,0,1,0,1,1,0,0,1,1,0,1,1,1,1,1,1,1
1408,countermeasure = 0.0; #threats <= 75.00; countermeasure = 0.0; flying_speed <= 38.83; #threats <= 75.00; #threats <= 26.00; #threats <= 53.00; countermeasure = 0.0; flying_speed <= 27.56; #threats <= 75.00; weather = 1.0; countermeasure = 0.0; flying_speed <= 27.56; flying_speed <= 38.83; #threats <= 53.00; countermeasure = 0.0; threat_range > 10398.43; flying_speed <= 27.56; day_time > 6.00; threat_range > 30458.59,12,1,1,1,1,1,1,1,1,1,1,1,1,1,1,1,1,1,1,1,1,1,1,1,1
1409,countermeasure = 0.0; #threats <= 75.00; countermeasure = 0.0; flying_speed <= 15.83; threat_range <= 20104.47; weather = 3.0; countermeasure = 0.0; flying_speed <= 15.83; countermeasure = 0.0; flying_speed <= 15.83; weather = 3.0; flying_speed <= 15.83,11,1,1,1,0,1,1,1,0,1,0,1,0,1,0,1,0,1,0,1,0,0,0,1,0
1410,countermeasure = 0.0; countermeasure = 0.0; flying_speed <= 15.83; threat_range <= 10398.43; flying_speed <= 15.83; flying_speed <= 15.83; countermeasure = 0.0; flying_speed <= 15.83; threat_range <= 10398.43; flying_speed <= 15.83; countermeasure = 0.0; flying_speed <= 15.83; threat_range <= 30458.59; flying_speed <= 15.83; day_time <= 6.00; day_time <= 6.00,12,1,1,1,1,1,1,1,1,1,1,1,1,1,1,1,1,1,1,1,1,1,1,1,1
1411,countermeasure = 0.0; countermeasure = 0.0; day_time <= 18.00; formation = 1.0; #threats <= 75.00; #threats <= 75.00; #threats <= 75.00; countermeasure = 0.0; 20104.47 < threat_range <= 30458.59; #threats > 26.00; countermeasure = 0.0; #threats > 26.00; #threats > 26.00; countermeasure = 0.0; 10398.43 < threat_range <= 30458.59; formation = 1.0; countermeasure = 0.0,12,1,0,1,1,1,1,1,0,1,1,1,1,1,0,1,1,1,0,1,1,1,1,1,1
1412,#threats <= 75.00; flying_speed <= 15.83; flying_speed <= 38.83; flying_speed <= 15.83; flying_speed <= 15.83,7,0,0,1,0,1,1,0,0,1,0,1,0,0,0,1,0,0,0,1,0,0,0,1,1
1413,countermeasure = 0.0; #threats <= 75.00; countermeasure = 0.0; flying_speed <= 38.83; #threats > 26.00; #threats <= 75.00; formation = 1.0; countermeasure = 0.0; flying_speed <= 38.83; #threats <= 75.00; day_time <= 12.00; countermeasure = 0.0; flying_speed <= 38.83; threat_range > 10398.43; countermeasure = 0.0; formation = 1.0; day_time <= 12.00; countermeasure = 0.0,12,1,1,1,0,1,1,1,0,1,0,1,1,1,0,1,1,1,1,1,1,1,1,1,1
1414,day_time > 18.00; #threats <= 75.00; #threats <= 53.00; flying_speed > 27.56; threat_range <= 30458.59; day_time > 6.00; #threats <= 26.00,8,0,1,1,1,1,1,0,1,1,1,1,1,0,1,1,1,0,1,1,1,1,1,1,1
1415,countermeasure = 0.0; flying_speed <= 15.83; countermeasure = 0.0; flying_speed <= 27.56; #threats <= 75.00; countermeasure = 0.0; flying_speed <= 15.83; countermeasure = 0.0; flying_speed <= 15.83; countermeasure = 0.0; flying_speed <= 15.83; flying_speed <= 15.83,12,1,1,1,1,1,1,1,1,1,1,1,1,1,1,1,1,1,1,1,1,1,1,1,1
1416,#threats <= 75.00; weather = 4.0; flying_speed <= 27.56; flying_speed <= 27.56; threat_range > 10398.43; #threats <= 75.00; day_time > 18.00,8,0,1,1,1,1,1,0,1,1,1,1,1,0,1,1,1,0,1,1,1,1,1,1,1
1417,countermeasure = 0.0; day_time <= 18.00; countermeasure = 0.0; flying_speed <= 38.83; #threats > 53.00; threat_range > 20104.47; countermeasure = 0.0; flying_speed <= 38.83; threat_range <= 30458.59; weather = 1.0; #threats > 53.00; countermeasure = 0.0; flying_speed <= 38.83; threat_range > 10398.43; countermeasure = 0.0; flying_speed <= 38.83; 10398.43 < threat_range <= 30458.59; weather = 1.0,11,1,1,1,0,1,1,1,0,1,0,1,0,1,0,1,0,1,0,1,0,1,0,0,0
1418,countermeasure = 0.0; #threats <= 75.00; countermeasure = 0.0; 27.56 < flying_speed <= 38.83; #threats > 26.00; #threats <= 75.00; #threats > 26.00; countermeasure = 0.0; #threats > 26.00; threat_range <= 30458.59; threat_range <= 20104.47; 26.00 < #threats <= 53.00; formation = 0.0; countermeasure = 0.0,11,1,0,1,1,1,1,1,0,1,1,1,1,0,0,1,1,1,0,1,1,1,1,1,1
1419,#threats > 75.00; formation = 0.0; 6.00 < day_time <= 18.00; 10398.43 < threat_range <= 30458.59; flying_speed > 15.83; flying_speed <= 38.83; flying_speed <= 38.83; flying_speed <= 38.83; flying_speed <= 38.83; 27.56 < flying_speed <= 38.83; 20104.47 < threat_range <= 30458.59; #threats > 26.00; 12.00 < day_time <= 18.00; weather = 4.0,9,1,1,1,1,1,1,0,1,1,1,1,1,0,1,1,1,0,1,1,1,1,1,1,1
1420,countermeasure = 0.0; #threats <= 53.00; countermeasure = 0.0; flying_speed <= 15.83; #threats <= 75.00; countermeasure = 0.0; flying_speed <= 15.83; threat_range <= 10398.43; #threats <= 53.00; countermeasure = 0.0; flying_speed <= 15.83; flying_speed <= 15.83; #threats <= 53.00; weather = 1.0; flying_speed <= 15.83,12,1,1,1,1,1,1,1,1,1,1,1,1,1,1,1,1,1,1,1,1,1,1,1,1
1421,flying_speed <= 38.83; #threats <= 75.00; day_time > 18.00; formation = 1.0; day_time > 18.00,7,0,0,1,1,1,1,0,0,1,1,1,1,0,0,1,1,0,0,1,1,0,1,1,1
1422,countermeasure = 0.0; flying_speed <= 38.83; countermeasure = 0.0; flying_speed <= 38.83; 53.00 < #threats <= 75.00; #threats <= 75.00; day_time <= 6.00; countermeasure = 0.0; flying_speed <= 38.83; day_time <= 6.00; countermeasure = 0.0; flying_speed <= 38.83; threat_range <= 20104.47; day_time <= 6.00; flying_speed > 15.83; flying_speed <= 38.83,12,1,1,1,1,1,1,1,1,1,1,1,1,1,1,1,1,1,1,1,1,1,1,1,1
1423,threat_range > 10398.43; weather = 3.0; threat_range > 20104.47; flying_speed <= 27.56; #threats <= 26.00; #threats <= 53.00; flying_speed <= 27.56; threat_range > 30458.59; weather = 3.0; #threats <= 53.00,8,0,0,1,1,1,1,0,0,1,1,1,1,0,0,1,1,0,0,1,1,1,1,1,1
1424,#threats <= 75.00; #threats <= 26.00; formation = 1.0; weather = 1.0; threat_range <= 10398.43; #threats <= 53.00; day_time <= 18.00; formation = 1.0; #threats <= 26.00,8,0,0,1,0,1,1,0,0,1,0,1,0,0,0,1,0,0,0,1,0,1,1,1,1
1425,day_time <= 6.00; #threats > 26.00; formation = 0.0; threat_range <= 20104.47; #threats <= 75.00; #threats <= 75.00; #threats <= 53.00; #threats <= 53.00; day_time <= 6.00; 26.00 < #threats <= 53.00; threat_range <= 20104.47; day_time <= 6.00,9,1,1,1,1,1,1,0,1,1,1,1,1,0,1,1,1,0,1,1,1,1,1,1,1
1426,countermeasure = 0.0; countermeasure = 0.0; 53.00 < #threats <= 75.00; threat_range <= 30458.59; weather = 3.0; #threats <= 75.00; day_time > 18.00; countermeasure = 0.0; weather = 3.0; threat_range <= 30458.59; 53.00 < #threats <= 75.00; countermeasure = 0.0; countermeasure = 0.0; #threats > 26.00; day_time > 18.00; day_time > 18.00; threat_range <= 20104.47; #threats <= 75.00; flying_speed > 38.83; day_time > 18.00; flying_speed > 27.56,12,1,1,1,1,1,1,1,1,1,1,1,1,1,1,1,1,1,1,1,1,1,1,1,1
1427,day_time > 12.00; weather = 1.0; weather = 1.0; flying_speed <= 27.56; flying_speed <= 15.83; threat_range > 30458.59; #threats <= 53.00; flying_speed <= 15.83,8,0,1,1,1,1,1,0,1,1,1,1,1,0,1,1,1,0,1,1,1,1,1,1,1
1428,#threats > 75.00; day_time <= 12.00; weather = 1.0; threat_range <= 10398.43; flying_speed > 27.56; day_time <= 18.00; flying_speed <= 38.83; threat_range <= 30458.59; day_time <= 6.00; weather = 1.0; threat_range <= 20104.47; threat_range <= 10398.43,9,1,0,1,1,1,1,0,0,1,1,1,1,0,0,1,1,0,0,1,1,1,1,1,1
1429,#threats <= 75.00; formation = 1.0; #threats <= 53.00; 26.00 < #threats <= 53.00; weather = 3.0; day_time > 18.00,8,0,0,1,0,1,1,0,0,1,0,1,0,0,0,1,0,0,0,1,0,1,0,1,1
1430,flying_speed <= 15.83; flying_speed <= 15.83; flying_speed <= 27.56; threat_range > 10398.43; flying_speed <= 15.83; threat_range > 30458.59; day_time <= 18.00; day_time <= 6.00,8,0,0,1,1,1,1,0,0,1,1,1,1,0,0,1,1,0,0,1,1,1,1,1,1
1431,#threats <= 53.00; #threats <= 26.00; #threats <= 53.00; flying_speed <= 27.56; flying_speed <= 27.56; #threats <= 53.00; day_time <= 18.00; threat_range <= 30458.59; #threats <= 26.00,8,0,0,1,0,1,1,0,0,1,0,1,0,0,0,1,0,0,0,1,0,1,0,1,0
1432,#threats > 75.00; formation = 1.0; 12.00 < day_time <= 18.00; countermeasure = 1.0; threat_range > 30458.59; threat_range > 20104.47; day_time > 12.00,6,1,1,1,0,1,1,0,0,0,0,1,0,0,0,1,0,0,0,1,0,0,0,0,0
1433,#threats <= 53.00; weather = 4.0; #threats <= 26.00; #threats <= 26.00; threat_range <= 10398.43; #threats <= 53.00; weather = 4.0; day_time <= 12.00; threat_range <= 20104.47; flying_speed <= 15.83,8,0,1,1,1,1,1,0,1,1,1,1,1,0,1,1,1,0,1,1,1,1,1,1,1
1434,#threats <= 75.00; weather = 2.0; #threats <= 75.00; threat_range <= 20104.47; weather = 2.0; #threats <= 75.00; threat_range <= 10398.43,7,0,0,1,0,1,1,0,0,1,0,1,0,0,0,0,0,0,0,1,0,1,0,1,1
1435,countermeasure = 0.0; #threats <= 75.00; countermeasure = 0.0; day_time > 12.00; countermeasure = 0.0; threat_range > 20104.47,8,1,1,1,0,1,1,0,0,1,0,1,0,0,0,1,0,1,0,1,0,0,0,0,0
1436,countermeasure = 0.0; threat_range <= 30458.59; countermeasure = 0.0; flying_speed <= 15.83; weather = 3.0; day_time <= 6.00; countermeasure = 0.0; flying_speed <= 15.83; countermeasure = 0.0; flying_speed <= 27.56; threat_range > 10398.43,10,1,1,1,0,1,1,1,0,1,0,1,0,1,0,1,0,1,0,1,0,0,0,0,0
1437,#threats <= 26.00; #threats <= 75.00; flying_speed <= 38.83; flying_speed <= 38.83; #threats <= 53.00; threat_range <= 10398.43; formation = 0.0; day_time > 12.00; #threats <= 26.00,8,0,0,1,1,1,1,0,0,1,1,1,1,0,0,1,0,0,0,1,0,1,1,1,1
1438,countermeasure = 0.0; #threats <= 53.00; countermeasure = 0.0; flying_speed <= 15.83; #threats <= 75.00; #threats <= 75.00; countermeasure = 0.0; flying_speed <= 15.83; threat_range <= 30458.59; #threats <= 53.00; countermeasure = 0.0; flying_speed <= 27.56; flying_speed <= 15.83; #threats <= 53.00,12,1,1,1,1,1,1,1,1,1,1,1,1,1,1,1,1,1,1,1,1,1,1,1,1
1439,#threats <= 26.00; #threats <= 53.00; #threats <= 53.00; 10398.43 < threat_range <= 20104.47; flying_speed > 15.83; #threats <= 26.00,8,0,0,1,1,1,1,0,0,1,1,1,1,0,0,1,1,0,0,1,1,1,1,1,1
1440,countermeasure = 0.0; #threats <= 53.00; countermeasure = 0.0; day_time <= 6.00; flying_speed <= 38.83; #threats <= 53.00; countermeasure = 0.0; day_time <= 6.00; weather = 2.0; #threats <= 53.00; countermeasure = 0.0; flying_speed <= 38.83; threat_range <= 20104.47; countermeasure = 0.0; day_time <= 12.00; day_time <= 6.00,12,1,1,1,1,1,1,1,1,1,1,1,1,1,1,1,1,1,1,1,1,1,1,1,1
1441,countermeasure = 0.0; #threats <= 75.00; countermeasure = 0.0; flying_speed <= 27.56; day_time <= 6.00; #threats <= 75.00; countermeasure = 0.0; flying_speed <= 27.56; threat_range <= 30458.59; countermeasure = 0.0; countermeasure = 0.0; flying_speed <= 27.56; flying_speed <= 27.56; day_time <= 12.00; countermeasure = 0.0; flying_speed <= 27.56,12,1,1,1,1,1,1,1,1,1,1,1,1,1,1,1,1,1,1,1,1,1,1,1,1
1442,#threats <= 53.00; weather = 2.0; day_time > 6.00; flying_speed <= 15.83; #threats <= 53.00; threat_range > 20104.47; flying_speed <= 15.83,8,0,0,1,0,1,1,0,0,1,0,1,1,0,0,1,1,0,0,1,1,1,1,1,1
1443,flying_speed <= 15.83; day_time <= 6.00; formation = 1.0; weather = 1.0; threat_range > 20104.47; flying_speed <= 27.56; #threats <= 75.00; day_time <= 12.00; flying_speed <= 15.83; day_time <= 6.00; day_time <= 6.00,9,1,1,1,1,1,1,0,1,1,1,1,1,0,1,1,1,0,1,1,1,1,1,1,1
1444,flying_speed <= 15.83; flying_speed <= 15.83; formation = 1.0; flying_speed <= 27.56; 26.00 < #threats <= 53.00; flying_speed <= 27.56; day_time > 6.00; flying_speed <= 15.83,8,0,0,1,1,1,1,0,0,1,1,1,1,0,0,1,1,0,0,1,1,1,1,1,1
1445,#threats <= 26.00; flying_speed <= 38.83; countermeasure = 1.0; #threats <= 26.00,7,0,0,1,1,1,1,0,0,1,1,1,1,0,0,1,0,0,0,1,0,0,0,1,1
1446,countermeasure = 0.0; threat_range <= 20104.47; countermeasure = 0.0; flying_speed <= 27.56; flying_speed <= 15.83; countermeasure = 0.0; flying_speed <= 15.83; flying_speed <= 15.83; countermeasure = 0.0; flying_speed <= 15.83; day_time > 18.00; flying_speed <= 15.83; countermeasure = 0.0; threat_range <= 30458.59; countermeasure = 0.0,12,1,1,1,1,1,1,1,1,1,1,1,1,1,1,1,1,1,1,1,1,1,1,1,1
1447,#threats > 75.00; threat_range <= 20104.47; flying_speed <= 38.83; 12.00 < day_time <= 18.00; weather = 4.0; weather = 4.0; flying_speed > 27.56; flying_speed <= 38.83; flying_speed <= 38.83; #threats > 75.00,8,1,1,1,0,1,1,0,0,1,0,1,0,0,0,1,0,0,0,1,0,0,0,1,0
1448,#threats <= 26.00; #threats <= 26.00; #threats <= 75.00; #threats <= 53.00; threat_range <= 30458.59; weather = 3.0; formation = 1.0; day_time <= 18.00; flying_speed <= 38.83; #threats <= 26.00,8,0,0,1,1,1,1,0,0,1,1,1,1,0,0,1,1,0,0,1,1,1,1,1,1
1449,countermeasure = 0.0; #threats <= 53.00; countermeasure = 0.0; flying_speed <= 15.83; #threats <= 75.00; #threats <= 75.00; countermeasure = 0.0; flying_speed <= 15.83; countermeasure = 0.0; flying_speed <= 15.83; #threats <= 53.00; flying_speed <= 15.83; formation = 0.0; #threats <= 53.00; flying_speed <= 15.83,12,1,1,1,1,1,1,1,1,1,1,1,1,1,1,1,1,1,1,1,1,1,1,1,1
1450,#threats <= 75.00; threat_range > 10398.43; threat_range > 30458.59; day_time > 12.00; flying_speed <= 15.83; #threats <= 53.00; day_time > 12.00; flying_speed <= 15.83,8,0,1,1,1,1,1,0,1,1,1,1,1,0,1,1,1,0,1,1,1,1,1,1,1
1451,countermeasure = 0.0; flying_speed <= 27.56; countermeasure = 0.0; flying_speed <= 27.56; flying_speed <= 27.56; countermeasure = 0.0; flying_speed <= 27.56; threat_range <= 20104.47; threat_range <= 30458.59; countermeasure = 0.0; weather = 2.0; threat_range <= 30458.59; threat_range <= 20104.47; weather = 2.0; countermeasure = 0.0; #threats > 26.00; weather = 2.0,12,1,1,1,0,1,1,1,0,1,0,1,1,1,0,1,1,1,1,1,1,1,1,1,1
1452,#threats <= 75.00; #threats <= 75.00; #threats <= 75.00; threat_range <= 20104.47; 26.00 < #threats <= 75.00; flying_speed <= 38.83; day_time <= 12.00; flying_speed > 15.83,8,0,0,1,1,1,1,0,0,1,1,1,1,0,0,1,1,0,0,1,1,1,1,1,1
1453,#threats > 53.00; flying_speed <= 15.83; day_time > 6.00; threat_range <= 20104.47; formation = 1.0; flying_speed <= 15.83; #threats <= 75.00; flying_speed <= 27.56; flying_speed <= 27.56; flying_speed <= 15.83; threat_range <= 20104.47; #threats > 26.00; day_time > 6.00; flying_speed <= 15.83,9,1,1,1,1,1,1,0,1,1,1,1,1,0,1,1,1,0,1,1,1,1,1,1,1
1454,threat_range <= 10398.43; day_time > 12.00; #threats <= 53.00; threat_range <= 30458.59; 6.00 < day_time <= 18.00; #threats <= 75.00; weather = 3.0; threat_range <= 10398.43; weather = 3.0; 6.00 < day_time <= 18.00; #threats <= 75.00; threat_range <= 30458.59; #threats <= 53.00; threat_range <= 20104.47; weather = 3.0; 12.00 < day_time <= 18.00; formation = 1.0; threat_range <= 30458.59; #threats <= 26.00; threat_range <= 20104.47; weather = 3.0; flying_speed > 15.83; day_time > 12.00,12,1,1,1,1,1,1,1,1,1,1,1,1,1,1,1,1,1,1,1,1,1,1,1,1
1455,countermeasure = 0.0; #threats <= 53.00; countermeasure = 0.0; flying_speed <= 27.56; #threats <= 75.00; day_time <= 18.00; threat_range <= 30458.59; formation = 1.0; #threats <= 53.00; day_time > 6.00; countermeasure = 0.0; flying_speed <= 27.56; weather = 1.0; #threats <= 75.00; formation = 1.0; countermeasure = 0.0; flying_speed <= 27.56; threat_range <= 10398.43; threat_range <= 10398.43; #threats <= 53.00; day_time <= 18.00; weather = 1.0; countermeasure = 0.0; #threats <= 26.00,12,1,1,1,1,1,1,1,1,1,1,1,1,1,1,1,1,1,1,1,1,1,1,1,1
1456,countermeasure = 0.0; #threats <= 75.00; flying_speed <= 27.56; countermeasure = 0.0; flying_speed <= 15.83; countermeasure = 0.0; flying_speed <= 27.56; threat_range > 20104.47; flying_speed <= 15.83; countermeasure = 0.0; day_time <= 12.00; weather = 2.0,11,1,1,1,1,1,1,0,1,1,1,1,1,1,1,1,1,1,1,1,1,1,1,1,1
1457,countermeasure = 0.0; threat_range > 30458.59; countermeasure = 0.0; flying_speed <= 15.83; flying_speed <= 15.83; threat_range > 10398.43; countermeasure = 0.0; flying_speed <= 15.83; day_time <= 6.00; threat_range > 30458.59; countermeasure = 0.0; flying_speed <= 15.83; #threats <= 75.00; flying_speed <= 15.83; formation = 1.0; countermeasure = 0.0; countermeasure = 0.0,12,1,1,1,1,1,1,1,1,1,1,1,1,1,1,1,1,1,1,1,1,1,1,1,1
1458,countermeasure = 0.0; countermeasure = 0.0; flying_speed <= 27.56; countermeasure = 0.0; flying_speed <= 27.56; formation = 1.0; threat_range > 20104.47; countermeasure = 0.0; flying_speed <= 38.83; day_time > 18.00; 10398.43 < threat_range <= 30458.59; countermeasure = 0.0; formation = 1.0; day_time > 18.00,10,1,1,0,0,1,1,1,0,0,0,1,1,1,0,1,1,1,1,1,1,1,1,1,1
1459,countermeasure = 0.0; countermeasure = 0.0; flying_speed <= 15.83; threat_range <= 30458.59; countermeasure = 0.0; countermeasure = 0.0; flying_speed <= 15.83; threat_range <= 30458.59; flying_speed <= 15.83; countermeasure = 0.0; flying_speed <= 38.83; weather = 1.0; day_time <= 12.00; formation = 1.0; 10398.43 < threat_range <= 30458.59; flying_speed <= 15.83,11,1,1,0,1,1,1,1,1,1,1,1,1,1,1,1,1,1,1,1,1,1,1,1,1
1460,#threats <= 75.00; #threats <= 53.00; flying_speed <= 27.56; 15.83 < flying_speed <= 27.56; #threats <= 53.00; #threats <= 26.00,8,0,0,1,1,1,1,0,0,1,1,1,1,0,0,1,0,0,0,1,0,1,1,1,1
1461,#threats <= 75.00; threat_range > 10398.43; #threats <= 53.00; flying_speed > 38.83; 26.00 < #threats <= 75.00; formation = 1.0; day_time > 6.00; #threats <= 53.00,8,0,1,1,1,1,1,0,1,1,1,1,1,0,1,1,1,0,1,1,1,1,1,1,1
1462,countermeasure = 0.0; day_time <= 6.00; countermeasure = 0.0; flying_speed <= 38.83; weather = 3.0; day_time <= 6.00; day_time <= 6.00; day_time <= 12.00; countermeasure = 0.0; flying_speed <= 38.83; day_time <= 6.00; threat_range > 10398.43; formation = 1.0; countermeasure = 0.0; day_time <= 6.00; countermeasure = 0.0; #threats <= 53.00; day_time <= 6.00,11,1,1,1,0,1,1,1,0,1,0,1,0,1,0,1,0,0,0,1,0,1,0,1,1
1463,countermeasure = 0.0; #threats <= 53.00; countermeasure = 0.0; flying_speed <= 15.83; #threats <= 75.00; countermeasure = 0.0; flying_speed <= 15.83; threat_range <= 30458.59; day_time > 12.00; countermeasure = 0.0; flying_speed <= 15.83; #threats <= 26.00; flying_speed <= 15.83,11,1,1,1,0,1,1,1,0,1,0,1,0,1,0,1,0,1,0,1,0,0,0,1,1
1464,#threats <= 75.00; day_time <= 6.00; flying_speed <= 38.83,6,0,0,1,1,1,1,0,0,1,1,1,1,0,0,1,0,0,0,1,0,0,0,0,0
1465,countermeasure = 0.0; threat_range > 30458.59; threat_range > 30458.59; countermeasure = 0.0; day_time > 18.00; threat_range > 30458.59; #threats <= 75.00; weather = 3.0; countermeasure = 0.0; threat_range > 30458.59,10,1,1,1,1,1,1,0,1,1,1,1,1,0,1,1,1,1,1,1,1,1,1,1,1
1466,day_time <= 6.00; #threats <= 53.00; #threats <= 53.00; flying_speed <= 38.83; #threats <= 53.00; day_time <= 6.00; #threats <= 53.00; threat_range <= 10398.43; threat_range <= 10398.43,8,0,0,1,1,1,1,0,0,1,1,1,1,0,0,1,0,0,0,1,0,1,1,1,1
1467,countermeasure = 0.0; day_time <= 12.00; countermeasure = 0.0; flying_speed <= 38.83; day_time <= 18.00; countermeasure = 0.0; day_time <= 6.00; #threats > 26.00; countermeasure = 0.0; flying_speed <= 38.83; day_time <= 12.00; threat_range <= 10398.43; day_time <= 6.00; countermeasure = 0.0,12,1,1,1,1,1,1,1,1,1,1,1,1,1,1,1,1,1,1,1,1,1,1,1,1
1468,countermeasure = 0.0,2,1,0,0,0,1,1,0,0,0,0,0,0,0,0,0,0,0,0,0,0,0,0,0,0
1469,flying_speed <= 15.83; flying_speed <= 27.56; flying_speed <= 15.83; flying_speed <= 15.83; threat_range > 20104.47; flying_speed <= 15.83,8,0,1,1,0,1,1,0,0,1,0,1,0,0,0,1,0,0,0,1,0,1,1,1,1
1470,countermeasure = 0.0; #threats <= 75.00; countermeasure = 0.0; countermeasure = 0.0; countermeasure = 0.0,6,1,0,0,0,1,1,0,0,1,0,1,1,0,0,0,0,0,0,1,0,0,0,1,1
1471,countermeasure = 0.0; #threats <= 75.00; countermeasure = 0.0; #threats <= 53.00; day_time <= 6.00; threat_range <= 20104.47; flying_speed > 27.56; #threats <= 26.00,9,1,0,1,1,1,1,0,0,1,1,1,1,0,0,1,1,0,0,1,1,1,1,1,1
1472,countermeasure = 0.0; threat_range > 10398.43; countermeasure = 0.0; #threats <= 75.00; formation = 1.0; #threats <= 75.00; day_time <= 12.00; countermeasure = 0.0; flying_speed <= 38.83; 20104.47 < threat_range <= 30458.59; #threats <= 75.00; countermeasure = 0.0; flying_speed <= 38.83; formation = 1.0; #threats <= 26.00; #threats <= 53.00; threat_range > 10398.43; day_time <= 18.00; countermeasure = 0.0; countermeasure = 0.0,12,1,1,1,1,1,1,1,1,1,1,1,1,1,1,1,1,1,1,1,1,1,1,1,1
1473,countermeasure = 0.0; day_time > 18.00; countermeasure = 0.0; flying_speed <= 38.83; #threats > 26.00; weather = 2.0; countermeasure = 0.0; flying_speed <= 38.83; threat_range <= 30458.59; #threats > 26.00; countermeasure = 0.0; flying_speed <= 38.83; countermeasure = 0.0; countermeasure = 0.0; threat_range <= 30458.59; weather = 2.0; day_time > 18.00,12,1,1,1,1,1,1,1,1,1,1,1,1,1,1,1,1,1,1,1,1,1,1,1,1
1474,#threats <= 53.00; #threats <= 53.00; day_time <= 12.00; day_time <= 6.00; flying_speed <= 27.56; threat_range > 10398.43; day_time <= 6.00,8,0,0,1,0,1,1,0,0,1,0,1,1,0,0,1,1,0,0,1,1,1,1,1,1
1475,day_time <= 6.00; weather = 2.0; day_time <= 6.00; countermeasure = 1.0; 10398.43 < threat_range <= 20104.47; weather = 2.0; day_time <= 6.00,8,0,0,1,1,1,1,0,0,1,1,1,1,0,0,1,1,0,0,1,1,1,1,1,1
1476,countermeasure = 0.0; #threats <= 75.00; countermeasure = 0.0; flying_speed <= 27.56; #threats <= 75.00; countermeasure = 0.0; flying_speed <= 27.56; threat_range <= 30458.59; weather = 1.0; countermeasure = 0.0; flying_speed <= 27.56; countermeasure = 0.0; countermeasure = 0.0; threat_range <= 30458.59; 15.83 < flying_speed <= 27.56; weather = 1.0; day_time > 12.00,12,1,1,1,1,1,1,1,1,1,1,1,1,1,1,1,1,1,1,1,1,1,1,1,1
1477,countermeasure = 0.0; flying_speed <= 15.83; countermeasure = 0.0; flying_speed <= 15.83; flying_speed <= 38.83; countermeasure = 0.0; flying_speed <= 15.83; flying_speed <= 38.83; countermeasure = 0.0; flying_speed <= 15.83; flying_speed <= 15.83; day_time > 12.00,11,1,0,1,0,1,1,1,0,1,0,1,0,1,0,1,0,1,0,1,0,0,0,1,1
1478,countermeasure = 0.0; threat_range > 30458.59; countermeasure = 0.0; day_time <= 6.00; #threats > 26.00; threat_range > 10398.43; #threats <= 75.00; threat_range > 30458.59; countermeasure = 0.0; weather = 3.0; day_time <= 6.00; #threats <= 75.00; threat_range > 20104.47; countermeasure = 0.0; threat_range > 10398.43; #threats > 26.00; weather = 3.0; day_time <= 6.00; countermeasure = 0.0; #threats <= 75.00; countermeasure = 0.0,12,1,1,1,1,1,1,1,1,1,1,1,1,1,1,1,1,1,1,1,1,1,1,1,1
1479,countermeasure = 0.0; #threats <= 53.00; #threats <= 75.00; day_time > 12.00; countermeasure = 0.0; day_time > 18.00; 10398.43 < threat_range <= 20104.47; countermeasure = 0.0; #threats <= 53.00,10,1,1,1,1,1,1,0,1,1,1,1,1,0,1,1,1,1,1,1,1,1,1,1,1
1480,countermeasure = 0.0; threat_range > 20104.47; countermeasure = 0.0; flying_speed <= 27.56; threat_range > 10398.43; countermeasure = 0.0; flying_speed <= 27.56; #threats <= 26.00; countermeasure = 0.0; flying_speed <= 27.56; countermeasure = 0.0; day_time <= 6.00; #threats <= 53.00; flying_speed <= 27.56; day_time <= 6.00,12,1,0,1,1,1,1,1,0,1,1,1,1,1,0,1,1,1,0,1,1,1,1,1,1
1481,countermeasure = 0.0; flying_speed <= 38.83; countermeasure = 0.0; flying_speed <= 38.83; 26.00 < #threats <= 75.00; threat_range > 10398.43; #threats <= 75.00; countermeasure = 0.0; 10398.43 < threat_range <= 30458.59; #threats <= 75.00; countermeasure = 0.0; flying_speed <= 38.83; weather = 3.0; day_time > 12.00; 10398.43 < threat_range <= 20104.47; flying_speed > 27.56; day_time > 12.00,12,1,1,1,0,1,1,1,0,1,0,1,0,1,0,1,0,1,0,1,0,1,0,1,0
1482,#threats <= 53.00; #threats <= 75.00; #threats <= 53.00; 10398.43 < threat_range <= 20104.47; #threats <= 75.00; day_time > 6.00,8,0,1,1,1,1,1,0,1,1,1,1,1,0,1,1,1,0,1,1,1,1,1,1,1
1483,#threats > 75.00; threat_range > 30458.59; 12.00 < day_time <= 18.00; 15.83 < flying_speed <= 38.83; weather = 2.0; weather = 2.0; 12.00 < day_time <= 18.00; threat_range > 20104.47; #threats > 75.00; flying_speed <= 38.83; weather = 2.0; threat_range > 30458.59,9,1,1,1,0,1,1,0,0,1,0,1,1,0,0,1,1,0,1,1,1,1,1,1,1
1484,countermeasure = 0.0; #threats <= 75.00; flying_speed > 27.56; day_time > 18.00; #threats <= 75.00; 10398.43 < threat_range <= 30458.59; weather = 2.0; countermeasure = 0.0; day_time > 12.00,9,1,1,1,0,1,1,0,0,1,0,1,1,0,0,1,1,0,1,1,1,1,1,1,1
1485,countermeasure = 0.0; countermeasure = 0.0; flying_speed <= 38.83; 26.00 < #threats <= 75.00; #threats <= 53.00; #threats <= 75.00; countermeasure = 0.0; #threats > 26.00; threat_range <= 30458.59; #threats <= 53.00; countermeasure = 0.0; flying_speed <= 38.83; #threats <= 53.00; threat_range <= 20104.47; #threats <= 53.00; countermeasure = 0.0; threat_range <= 10398.43,12,1,0,1,1,1,1,1,0,1,1,1,1,1,0,1,1,1,0,1,1,1,1,1,1
1486,countermeasure = 0.0; flying_speed <= 38.83; countermeasure = 0.0; flying_speed <= 38.83; #threats > 26.00; threat_range > 10398.43; countermeasure = 0.0; flying_speed <= 38.83; threat_range <= 30458.59; countermeasure = 0.0; countermeasure = 0.0; flying_speed <= 38.83; countermeasure = 0.0; 10398.43 < threat_range <= 30458.59; day_time <= 18.00; threat_range <= 30458.59,12,1,0,1,0,1,1,1,0,1,0,1,0,1,0,1,0,1,0,1,0,1,1,1,1
1487,flying_speed <= 15.83; 12.00 < day_time <= 18.00; formation = 1.0; flying_speed <= 27.56; flying_speed <= 15.83; threat_range <= 20104.47; weather = 2.0; formation = 1.0; day_time <= 18.00; #threats <= 26.00; flying_speed <= 15.83; threat_range <= 20104.47; day_time <= 18.00; formation = 1.0; flying_speed <= 15.83; weather = 2.0; 10398.43 < threat_range <= 20104.47; day_time > 12.00; day_time > 12.00; flying_speed <= 27.56; #threats <= 53.00; threat_range <= 30458.59; #threats <= 26.00,12,1,0,1,1,1,1,1,0,1,1,1,1,1,0,1,1,1,0,1,1,1,1,1,1
1488,#threats > 75.00; flying_speed <= 27.56; day_time <= 18.00; day_time <= 6.00; threat_range > 10398.43; countermeasure = 1.0; #threats > 75.00; flying_speed <= 27.56; day_time <= 6.00; 20104.47 < threat_range <= 30458.59; weather = 4.0; 15.83 < flying_speed <= 27.56; 10398.43 < threat_range <= 30458.59; #threats > 26.00; day_time <= 12.00; #threats > 75.00,10,1,1,1,1,1,1,0,1,1,1,1,1,0,1,1,1,1,1,1,1,1,1,1,1
1489,day_time > 12.00; #threats <= 75.00; day_time > 18.00; #threats <= 75.00,6,0,0,1,1,1,1,0,0,1,1,1,1,0,0,1,0,0,0,1,0,0,0,0,0
1490,countermeasure = 0.0; #threats <= 26.00; #threats <= 75.00; #threats <= 26.00,7,1,1,1,0,1,1,0,0,1,0,1,0,0,0,1,0,0,0,1,0,0,0,0,0
1491,countermeasure = 0.0; threat_range <= 20104.47; countermeasure = 0.0; 26.00 < #threats <= 75.00; threat_range > 10398.43; weather = 2.0; day_time <= 18.00; countermeasure = 0.0; 26.00 < #threats <= 75.00; 10398.43 < threat_range <= 30458.59; threat_range > 10398.43; countermeasure = 0.0; #threats > 26.00; 10398.43 < threat_range <= 20104.47; threat_range <= 20104.47,12,1,1,1,1,1,1,1,1,1,1,1,1,1,1,1,1,1,1,1,1,1,1,1,1
1492,#threats <= 75.00; flying_speed <= 27.56; flying_speed <= 15.83; #threats <= 53.00; threat_range <= 20104.47; flying_speed <= 27.56; weather = 2.0; flying_speed <= 15.83,8,0,0,1,1,1,1,0,0,1,1,1,1,0,0,1,1,0,0,1,1,1,1,1,1
1493,#threats <= 26.00; #threats <= 26.00; #threats <= 75.00; countermeasure = 1.0; weather = 1.0; #threats <= 53.00; formation = 0.0; 10398.43 < threat_range <= 30458.59; flying_speed > 15.83,8,0,1,1,1,1,1,0,1,1,1,1,1,0,1,1,1,0,1,1,1,1,1,1,1
1494,#threats > 53.00; flying_speed <= 15.83; formation = 1.0; threat_range <= 10398.43; 6.00 < day_time <= 18.00; flying_speed <= 15.83; flying_speed <= 15.83; #threats > 53.00; threat_range <= 30458.59; day_time > 12.00; day_time > 12.00; formation = 1.0; flying_speed <= 15.83; threat_range <= 20104.47; #threats > 53.00; day_time <= 18.00; formation = 1.0; weather = 4.0; flying_speed <= 15.83; #threats > 53.00; threat_range <= 20104.47; formation = 1.0; day_time <= 18.00; weather = 4.0; flying_speed <= 15.83; 12.00 < day_time <= 18.00; flying_speed <= 15.83,12,1,1,1,1,1,1,1,1,1,1,1,1,1,1,1,1,1,1,1,1,1,1,1,1
1495,countermeasure = 0.0; threat_range > 10398.43; day_time > 6.00; threat_range > 10398.43; threat_range > 10398.43; countermeasure = 0.0; threat_range <= 30458.59; #threats > 53.00; day_time <= 12.00; flying_speed > 38.83,9,1,1,1,0,1,1,0,0,1,0,1,0,0,0,1,0,1,0,1,0,0,0,1,0
1496,#threats > 75.00; 10398.43 < threat_range <= 20104.47; formation = 1.0; weather = 1.0; 12.00 < day_time <= 18.00; flying_speed > 38.83; countermeasure = 1.0; threat_range > 10398.43; threat_range <= 30458.59; day_time > 12.00; 10398.43 < threat_range <= 30458.59; 12.00 < day_time <= 18.00; day_time > 12.00,9,1,0,1,1,1,1,0,0,1,1,1,1,0,0,1,1,0,0,1,1,1,1,1,1
1497,#threats > 75.00; threat_range <= 20104.47; day_time > 6.00; flying_speed <= 15.83; formation = 0.0; day_time > 12.00; countermeasure = 1.0; flying_speed <= 15.83; threat_range <= 30458.59; #threats > 53.00; flying_speed <= 15.83,9,1,1,1,1,1,1,0,1,1,1,1,1,0,1,1,1,0,1,1,1,1,1,1,1
1498,countermeasure = 0.0; weather = 2.0; countermeasure = 0.0; 10398.43 < threat_range <= 30458.59; formation = 1.0; threat_range <= 30458.59; countermeasure = 0.0; 20104.47 < threat_range <= 30458.59; day_time > 18.00; countermeasure = 0.0; 20104.47 < threat_range <= 30458.59; day_time > 12.00; flying_speed > 38.83; day_time > 18.00; 20104.47 < threat_range <= 30458.59; #threats > 26.00; countermeasure = 0.0; flying_speed > 38.83,12,1,1,1,1,1,1,1,1,1,1,1,1,1,1,1,1,1,1,1,1,1,1,1,1
1499,countermeasure = 0.0; flying_speed <= 27.56; countermeasure = 0.0; flying_speed <= 15.83; weather = 4.0; flying_speed <= 15.83; flying_speed <= 15.83; #threats <= 75.00,8,1,1,1,0,1,1,1,0,1,0,1,0,0,0,1,0,0,0,1,0,0,0,0,0
1500,#threats > 53.00; flying_speed <= 15.83; 6.00 < day_time <= 12.00; formation = 1.0; flying_speed <= 15.83; #threats <= 75.00; flying_speed <= 15.83; day_time > 6.00; flying_speed <= 15.83; flying_speed <= 15.83; day_time <= 18.00; weather = 3.0; flying_speed <= 15.83,9,1,0,1,1,1,1,0,0,1,1,1,1,0,0,1,1,0,0,1,1,1,1,1,1
1501,countermeasure = 0.0; threat_range > 30458.59; threat_range > 10398.43; countermeasure = 0.0; flying_speed <= 27.56; flying_speed <= 27.56; countermeasure = 0.0; threat_range > 10398.43; #threats <= 75.00; day_time > 12.00,10,1,1,1,0,1,1,0,0,1,0,1,1,0,0,1,1,1,1,1,1,1,1,1,1
1502,#threats > 53.00; flying_speed <= 15.83; threat_range <= 10398.43; day_time > 6.00; day_time > 12.00; day_time > 18.00; threat_range <= 30458.59; flying_speed <= 15.83; #threats <= 75.00; flying_speed <= 15.83; #threats > 26.00; threat_range <= 10398.43,9,1,0,1,1,1,1,0,0,1,1,1,1,0,0,1,1,0,0,1,1,1,1,1,1
1503,countermeasure = 0.0; countermeasure = 0.0; flying_speed <= 38.83; threat_range <= 30458.59; formation = 1.0; #threats <= 53.00; countermeasure = 0.0; flying_speed <= 38.83; formation = 1.0; threat_range <= 30458.59; countermeasure = 0.0; flying_speed <= 38.83; formation = 1.0; #threats <= 53.00; weather = 2.0,11,1,0,1,1,1,1,1,0,1,1,1,1,1,0,1,0,1,0,1,0,0,0,1,0
1504,#threats <= 75.00; #threats <= 75.00; #threats <= 75.00; day_time > 6.00; flying_speed <= 38.83; threat_range <= 20104.47; 26.00 < #threats <= 75.00; threat_range <= 20104.47,8,0,0,1,1,1,1,0,0,1,1,1,1,0,0,1,1,0,0,1,1,1,1,1,1
1505,countermeasure = 0.0; threat_range > 30458.59; countermeasure = 0.0; 26.00 < #threats <= 75.00; weather = 3.0; countermeasure = 0.0; countermeasure = 0.0; formation = 1.0; 26.00 < #threats <= 75.00; threat_range > 10398.43; countermeasure = 0.0; formation = 1.0; #threats > 26.00; #threats <= 75.00; countermeasure = 0.0; formation = 1.0; #threats <= 75.00; weather = 3.0; threat_range > 10398.43; day_time > 18.00,12,1,1,1,1,1,1,1,1,1,1,1,1,1,1,1,1,1,1,1,1,1,1,1,1
1506,#threats > 53.00; flying_speed <= 15.83; day_time <= 12.00; threat_range > 20104.47; formation = 1.0; flying_speed <= 38.83; threat_range <= 30458.59; flying_speed <= 15.83; day_time <= 6.00; #threats <= 75.00; flying_speed <= 15.83,9,1,1,1,1,1,1,0,1,1,1,1,1,0,1,1,1,0,1,1,1,1,1,1,1
1507,#threats > 26.00; threat_range <= 10398.43; day_time > 12.00; flying_speed <= 38.83; weather = 1.0; #threats <= 75.00; flying_speed <= 38.83; weather = 1.0; threat_range <= 10398.43; #threats > 26.00; day_time > 6.00; formation = 0.0; #threats <= 75.00; #threats <= 75.00; flying_speed <= 38.83; weather = 1.0; threat_range <= 30458.59; #threats > 26.00; day_time > 18.00; formation = 0.0; weather = 1.0; flying_speed <= 38.83; day_time > 18.00; #threats > 26.00; threat_range <= 10398.43; weather = 1.0; formation = 0.0; threat_range <= 20104.47; 26.00 < #threats <= 53.00; day_time > 18.00,12,1,1,1,1,1,1,1,1,1,1,1,1,1,1,1,1,1,1,1,1,1,1,1,1
1508,countermeasure = 0.0; #threats <= 53.00; countermeasure = 0.0; flying_speed <= 38.83; #threats <= 75.00; threat_range <= 20104.47; day_time <= 18.00; weather = 2.0; #threats <= 53.00; countermeasure = 0.0; flying_speed <= 38.83; 12.00 < day_time <= 18.00; threat_range <= 30458.59; #threats <= 26.00; countermeasure = 0.0; flying_speed <= 38.83; threat_range <= 10398.43; threat_range <= 20104.47; #threats <= 53.00; weather = 2.0; formation = 0.0,12,1,1,1,1,1,1,1,1,1,1,1,1,1,1,1,1,1,1,1,1,1,1,1,1
1509,countermeasure = 0.0; #threats <= 26.00; #threats <= 75.00; #threats <= 26.00; #threats <= 53.00; countermeasure = 0.0; weather = 4.0; threat_range > 10398.43; formation = 0.0,9,1,0,1,1,1,1,0,0,1,1,1,1,0,0,1,1,0,0,1,1,1,1,1,1
1510,countermeasure = 0.0; weather = 1.0; flying_speed <= 38.83; flying_speed <= 38.83; countermeasure = 0.0; countermeasure = 0.0; countermeasure = 0.0,9,1,0,1,1,1,1,0,0,1,1,1,1,0,0,1,0,1,0,1,0,0,0,1,1
1511,#threats <= 75.00; #threats <= 75.00; #threats <= 75.00; day_time > 18.00; 26.00 < #threats <= 75.00; formation = 1.0; flying_speed <= 38.83; weather = 1.0; day_time > 12.00; threat_range > 20104.47,8,0,0,1,1,1,1,0,0,1,1,1,1,0,0,1,1,0,0,1,1,1,1,1,1
1512,countermeasure = 0.0; #threats <= 75.00; countermeasure = 0.0; formation = 1.0; 26.00 < #threats <= 75.00; #threats <= 53.00; countermeasure = 0.0; 26.00 < #threats <= 75.00; formation = 1.0; threat_range > 20104.47; countermeasure = 0.0; threat_range > 20104.47; weather = 2.0; flying_speed > 38.83; 26.00 < #threats <= 75.00; threat_range > 10398.43; day_time > 12.00; day_time > 12.00,12,1,1,1,1,1,1,1,1,1,1,1,1,1,1,1,1,1,1,1,1,1,1,1,1
1513,#threats <= 75.00; #threats <= 53.00; #threats <= 26.00; flying_speed <= 38.83; day_time <= 6.00; #threats <= 53.00; threat_range <= 20104.47; #threats <= 26.00,8,0,0,1,1,1,1,0,0,1,1,1,1,0,0,1,0,0,0,1,0,1,1,1,1
1514,countermeasure = 0.0; threat_range > 30458.59; countermeasure = 0.0; #threats > 26.00; day_time > 12.00; threat_range > 10398.43; weather = 2.0; threat_range > 20104.47; countermeasure = 0.0; threat_range > 10398.43; #threats > 26.00; day_time <= 18.00; weather = 2.0; day_time <= 18.00; countermeasure = 0.0; countermeasure = 0.0; flying_speed > 38.83; countermeasure = 0.0; formation = 0.0; weather = 2.0; day_time <= 18.00; threat_range > 10398.43; #threats > 75.00,12,1,1,1,1,1,1,1,1,1,1,1,1,1,1,1,1,1,1,1,1,1,1,1,1
1515,countermeasure = 0.0; #threats <= 75.00; countermeasure = 0.0; flying_speed <= 27.56; countermeasure = 0.0; flying_speed <= 27.56; #threats > 53.00; weather = 4.0; countermeasure = 0.0; flying_speed <= 27.56; day_time > 12.00; 10398.43 < threat_range <= 20104.47; countermeasure = 0.0; flying_speed <= 38.83,12,1,1,1,1,1,1,1,1,1,1,1,1,1,1,1,1,1,1,1,1,1,1,1,1
1516,#threats > 75.00; day_time <= 12.00; threat_range <= 20104.47; flying_speed <= 27.56; flying_speed <= 15.83; #threats > 75.00; day_time <= 6.00; 10398.43 < threat_range <= 20104.47; formation = 1.0; weather = 3.0; day_time <= 6.00; flying_speed <= 15.83; flying_speed <= 15.83; #threats > 75.00; day_time <= 6.00; 10398.43 < threat_range <= 30458.59; flying_speed <= 15.83; #threats > 75.00; day_time <= 6.00; 10398.43 < threat_range <= 20104.47; formation = 1.0; weather = 3.0; flying_speed <= 15.83; #threats > 26.00; threat_range <= 20104.47; flying_speed <= 15.83,12,1,1,1,1,1,1,1,1,1,1,1,1,1,1,1,1,1,1,1,1,1,1,1,1
1517,countermeasure = 0.0; day_time > 6.00; countermeasure = 0.0; flying_speed <= 27.56; threat_range <= 20104.47; day_time > 6.00; countermeasure = 0.0; flying_speed <= 27.56; #threats <= 53.00; threat_range <= 20104.47; countermeasure = 0.0; day_time <= 12.00; #threats > 26.00,11,1,1,1,1,1,1,0,1,1,1,1,1,1,1,1,1,1,1,1,1,1,1,1,1
1518,threat_range <= 10398.43; weather = 4.0; day_time > 12.00; #threats <= 53.00; day_time <= 18.00; threat_range <= 20104.47; #threats <= 75.00; formation = 0.0; threat_range <= 30458.59; threat_range <= 10398.43; 12.00 < day_time <= 18.00; #threats <= 53.00; formation = 0.0; #threats <= 26.00; formation = 0.0; flying_speed > 38.83; weather = 4.0; day_time > 12.00; #threats <= 26.00,11,1,1,1,1,1,1,0,1,1,1,1,1,1,1,1,1,1,1,1,1,1,1,1,1
1519,countermeasure = 0.0; flying_speed <= 15.83; countermeasure = 0.0; flying_speed <= 15.83; flying_speed <= 15.83; countermeasure = 0.0; flying_speed <= 15.83; flying_speed <= 15.83; countermeasure = 0.0; flying_speed <= 27.56; flying_speed <= 15.83; flying_speed <= 15.83; threat_range <= 30458.59; #threats <= 53.00,12,1,1,1,1,1,1,1,1,1,1,1,1,1,1,1,1,1,1,1,1,1,1,1,1
1520,threat_range > 30458.59; #threats <= 75.00; threat_range > 30458.59,7,0,1,1,0,1,1,0,0,1,0,1,0,0,0,1,0,0,0,1,0,0,0,1,1
1521,countermeasure = 0.0; countermeasure = 0.0; flying_speed <= 15.83; day_time <= 6.00; flying_speed <= 15.83; formation = 1.0; countermeasure = 0.0; flying_speed <= 15.83; countermeasure = 0.0; flying_speed <= 15.83; flying_speed <= 38.83; flying_speed <= 15.83; weather = 3.0; day_time <= 6.00,12,1,1,1,0,1,1,1,0,1,0,1,0,1,0,1,0,1,0,1,0,1,0,1,0
1522,countermeasure = 0.0; #threats <= 53.00; countermeasure = 0.0; flying_speed <= 27.56; #threats <= 26.00; flying_speed <= 27.56; countermeasure = 0.0; flying_speed <= 15.83; threat_range <= 30458.59; day_time > 12.00; countermeasure = 0.0; flying_speed <= 15.83; #threats <= 53.00; flying_speed <= 15.83; threat_range <= 30458.59; flying_speed <= 15.83,12,1,1,1,1,1,1,1,1,1,1,1,1,1,1,1,1,1,1,1,1,1,1,1,1
1523,countermeasure = 0.0; threat_range > 30458.59; countermeasure = 0.0; flying_speed <= 27.56; formation = 0.0; threat_range > 10398.43; flying_speed <= 27.56; day_time <= 12.00; countermeasure = 0.0; flying_speed <= 27.56; countermeasure = 0.0; threat_range > 30458.59; flying_speed <= 27.56; day_time <= 18.00; countermeasure = 0.0,10,1,0,1,0,1,1,1,0,1,0,1,0,0,0,1,0,1,0,1,0,1,0,0,0
1524,countermeasure = 0.0; countermeasure = 0.0; flying_speed <= 27.56; #threats <= 75.00; threat_range > 10398.43; day_time <= 12.00; #threats <= 75.00; #threats <= 26.00; countermeasure = 0.0; flying_speed <= 38.83; day_time <= 12.00; flying_speed <= 27.56; countermeasure = 0.0; flying_speed <= 27.56; flying_speed <= 27.56; flying_speed <= 27.56; weather = 2.0; formation = 1.0; countermeasure = 0.0; threat_range > 30458.59,12,1,1,1,1,1,1,1,1,1,1,1,1,1,1,1,1,1,1,1,1,1,1,1,1
1525,#threats > 75.00; 12.00 < day_time <= 18.00; threat_range > 30458.59; weather = 2.0; flying_speed > 38.83; threat_range > 10398.43; weather = 2.0; threat_range > 20104.47; threat_range > 30458.59; flying_speed > 38.83; 12.00 < day_time <= 18.00; formation = 1.0; #threats > 26.00; #threats > 75.00,8,1,1,1,1,1,1,0,1,0,1,1,1,0,1,1,1,0,1,1,1,1,1,1,1
1526,#threats <= 75.00; #threats <= 53.00; #threats <= 75.00; #threats <= 75.00; #threats <= 53.00; weather = 4.0; day_time > 6.00; formation = 1.0; #threats <= 53.00,8,0,0,1,0,1,1,0,0,1,0,1,1,0,0,1,1,0,0,1,1,1,1,1,1
1527,10398.43 < threat_range <= 20104.47; day_time > 12.00; weather = 1.0; flying_speed > 38.83; formation = 1.0; #threats <= 75.00; #threats <= 53.00; day_time > 18.00; 10398.43 < threat_range <= 20104.47; #threats <= 53.00; #threats <= 26.00,9,1,1,1,1,1,1,0,1,1,1,1,1,0,1,1,1,0,1,1,1,1,1,1,1
1528,countermeasure = 0.0; #threats <= 75.00; countermeasure = 0.0; flying_speed <= 15.83; #threats <= 75.00; threat_range > 20104.47; countermeasure = 0.0; flying_speed <= 15.83; threat_range <= 30458.59; flying_speed <= 27.56; countermeasure = 0.0; flying_speed <= 27.56; flying_speed <= 15.83; flying_speed <= 15.83; countermeasure = 0.0; #threats <= 26.00,12,1,1,1,1,1,1,1,1,1,1,1,1,1,1,1,1,1,1,1,1,1,1,1,1
1529,countermeasure = 0.0; #threats <= 26.00; countermeasure = 0.0; 15.83 < flying_speed <= 38.83; threat_range > 20104.47; 6.00 < day_time <= 12.00; #threats <= 75.00; formation = 1.0; #threats <= 53.00; flying_speed > 15.83; countermeasure = 0.0; flying_speed <= 38.83; day_time <= 12.00; threat_range > 10398.43; weather = 4.0; #threats <= 26.00; countermeasure = 0.0; flying_speed <= 38.83; flying_speed > 27.56; day_time <= 12.00; countermeasure = 0.0; flying_speed <= 38.83; formation = 1.0; threat_range > 30458.59,12,1,1,1,1,1,1,1,1,1,1,1,1,1,1,1,1,1,1,1,1,1,1,1,1
1530,#threats <= 26.00; #threats <= 53.00; flying_speed > 15.83; #threats <= 53.00; flying_speed <= 27.56; threat_range > 10398.43; formation = 1.0; threat_range > 30458.59,8,0,1,1,1,1,1,0,1,1,1,1,1,0,1,1,1,0,1,1,1,1,1,1,1
1531,day_time <= 6.00; #threats <= 53.00; #threats <= 75.00; weather = 1.0; threat_range > 10398.43; #threats <= 53.00; day_time <= 6.00; formation = 1.0; threat_range > 10398.43; weather = 1.0; flying_speed > 27.56,8,0,0,1,1,1,1,0,0,1,1,1,1,0,0,1,1,0,0,1,1,1,1,1,1
1532,#threats <= 75.00; weather = 1.0; threat_range > 20104.47; threat_range > 20104.47; day_time <= 12.00; threat_range <= 30458.59; 26.00 < #threats <= 75.00; flying_speed > 38.83; weather = 1.0; flying_speed > 38.83,8,0,1,1,1,1,1,0,1,1,1,1,1,0,1,1,1,0,1,1,1,1,1,1,1
1533,weather = 2.0; flying_speed <= 38.83; 12.00 < day_time <= 18.00; threat_range > 10398.43; threat_range > 30458.59,8,0,0,1,1,1,1,0,0,1,1,1,1,0,0,1,1,0,0,1,1,1,1,1,1
1534,countermeasure = 0.0; #threats <= 53.00; countermeasure = 0.0; flying_speed <= 15.83; #threats <= 75.00; countermeasure = 0.0; flying_speed <= 15.83; threat_range <= 20104.47; flying_speed <= 27.56; countermeasure = 0.0; countermeasure = 0.0; flying_speed <= 15.83; #threats <= 53.00; flying_speed <= 15.83,12,1,1,1,1,1,1,1,1,1,1,1,1,1,1,1,1,1,1,1,1,1,1,1,1
1535,countermeasure = 0.0; flying_speed <= 27.56; countermeasure = 0.0; flying_speed <= 27.56; #threats > 26.00; flying_speed <= 27.56; formation = 1.0; countermeasure = 0.0; flying_speed <= 27.56; threat_range <= 30458.59; flying_speed <= 38.83; countermeasure = 0.0; #threats <= 75.00; countermeasure = 0.0; #threats <= 53.00; 10398.43 < threat_range <= 30458.59; countermeasure = 0.0,12,1,0,1,1,1,1,1,0,1,1,1,1,1,0,1,1,1,0,1,1,1,1,1,1
1536,countermeasure = 0.0; #threats <= 75.00; countermeasure = 0.0; flying_speed <= 38.83; 20104.47 < threat_range <= 30458.59; countermeasure = 0.0; flying_speed <= 38.83; formation = 1.0; day_time <= 12.00; countermeasure = 0.0; flying_speed <= 38.83; countermeasure = 0.0,11,1,1,1,0,1,1,1,0,1,0,1,0,1,0,1,0,1,0,1,0,0,0,1,1
1537,countermeasure = 0.0; day_time <= 6.00,3,1,1,0,0,1,1,0,0,0,0,0,0,0,0,0,0,0,0,0,0,0,0,1,1
1538,countermeasure = 0.0; flying_speed > 27.56; countermeasure = 0.0; flying_speed <= 38.83; #threats > 26.00; day_time > 18.00; threat_range > 20104.47; countermeasure = 0.0; flying_speed <= 38.83; flying_speed > 27.56; #threats <= 75.00; countermeasure = 0.0; weather = 4.0; threat_range > 30458.59; countermeasure = 0.0,11,1,1,1,1,1,1,1,1,1,1,1,1,0,1,1,1,1,1,1,1,1,1,1,1
1539,#threats <= 75.00; threat_range > 10398.43; #threats <= 53.00; flying_speed <= 27.56,7,0,0,1,0,1,1,0,0,1,0,1,0,0,0,1,0,0,0,1,0,0,0,1,0
1540,formation = 1.0; #threats <= 75.00; formation = 1.0; #threats <= 53.00; #threats <= 53.00,7,0,1,1,0,1,1,0,0,1,0,1,0,0,0,1,0,0,0,1,0,0,0,1,0
1541,#threats <= 75.00; #threats <= 26.00; #threats <= 53.00; day_time > 18.00; day_time > 18.00; flying_speed > 38.83; #threats <= 75.00; day_time > 18.00; 10398.43 < threat_range <= 20104.47; #threats <= 26.00,8,0,0,1,1,1,1,0,0,1,1,1,1,0,0,1,1,0,0,1,1,1,1,1,1
1542,#threats <= 75.00; day_time <= 6.00; threat_range > 20104.47; day_time <= 6.00,7,0,0,1,1,1,1,0,0,1,1,1,1,0,0,1,0,0,0,1,0,0,0,1,1
1543,10398.43 < threat_range <= 20104.47; flying_speed > 38.83; weather = 4.0; #threats <= 53.00; #threats <= 26.00; #threats <= 75.00; #threats <= 53.00; #threats <= 53.00; #threats <= 53.00; 10398.43 < threat_range <= 30458.59; flying_speed > 38.83; day_time > 18.00; #threats <= 53.00,9,1,1,1,0,1,1,0,0,1,0,1,1,0,0,1,1,0,1,1,1,1,1,1,1
1544,#threats <= 75.00; #threats <= 53.00; day_time > 18.00; flying_speed <= 38.83; #threats <= 26.00; threat_range > 10398.43; day_time > 6.00; 15.83 < flying_speed <= 38.83; #threats <= 53.00,8,0,0,1,1,1,1,0,0,1,1,1,1,0,0,1,1,0,0,1,1,1,1,1,1
1545,day_time <= 6.00; formation = 1.0; #threats > 26.00; formation = 1.0; 26.00 < #threats <= 53.00; threat_range <= 20104.47; #threats <= 53.00,8,0,0,1,1,1,1,0,0,1,1,1,1,0,0,1,1,0,0,1,1,1,1,1,1
1546,#threats > 75.00; threat_range <= 20104.47; flying_speed <= 27.56; day_time > 6.00; day_time > 18.00,5,1,1,0,0,1,1,0,0,0,0,0,0,0,0,1,0,0,0,1,0,0,0,1,0
1547,countermeasure = 0.0; flying_speed <= 38.83; countermeasure = 0.0; flying_speed <= 38.83; threat_range > 10398.43; #threats <= 53.00; #threats <= 53.00; countermeasure = 0.0; flying_speed <= 38.83; #threats > 26.00; threat_range <= 30458.59; #threats <= 75.00; countermeasure = 0.0; flying_speed <= 38.83; countermeasure = 0.0; formation = 1.0; day_time <= 12.00; #threats <= 75.00; countermeasure = 0.0,12,1,1,1,0,1,1,1,0,1,0,1,0,1,0,1,0,1,0,1,0,1,0,1,0
1548,threat_range > 10398.43; #threats <= 75.00; day_time > 18.00; day_time > 18.00; #threats <= 75.00; 10398.43 < threat_range <= 20104.47; day_time > 18.00,7,0,0,1,0,1,1,0,0,1,0,1,0,0,0,1,0,0,0,1,0,1,0,0,0
1549,threat_range > 30458.59; threat_range > 20104.47; #threats > 53.00; flying_speed <= 38.83,6,0,1,1,0,1,1,0,0,1,0,1,0,0,0,1,0,0,0,1,0,0,0,0,0
1550,countermeasure = 0.0; flying_speed <= 38.83; countermeasure = 0.0; flying_speed <= 27.56; threat_range <= 30458.59; countermeasure = 0.0; flying_speed <= 27.56; day_time > 12.00; countermeasure = 0.0; flying_speed <= 27.56; day_time > 18.00; 26.00 < #threats <= 53.00; formation = 0.0; countermeasure = 0.0,12,1,0,1,1,1,1,1,0,1,1,1,1,1,0,1,1,1,0,1,1,1,1,1,1
1551,countermeasure = 0.0; countermeasure = 0.0; flying_speed <= 27.56; flying_speed <= 38.83; day_time <= 6.00; countermeasure = 0.0; flying_speed <= 27.56; threat_range <= 30458.59; flying_speed <= 27.56; countermeasure = 0.0; flying_speed <= 27.56; #threats > 26.00; day_time <= 6.00,11,1,1,1,0,1,1,1,0,1,0,1,0,1,0,1,0,1,0,1,0,0,0,1,0
1552,countermeasure = 0.0; weather = 4.0; countermeasure = 0.0; flying_speed <= 38.83; day_time > 12.00; threat_range > 10398.43; #threats <= 75.00; #threats <= 26.00; countermeasure = 0.0; flying_speed <= 38.83; 10398.43 < threat_range <= 30458.59; countermeasure = 0.0; flying_speed <= 38.83; #threats <= 26.00; 20104.47 < threat_range <= 30458.59; #threats <= 53.00; day_time > 6.00; #threats <= 26.00,12,1,0,1,1,1,1,1,0,1,1,1,1,1,0,1,1,1,0,1,1,1,1,1,1
1553,countermeasure = 0.0; threat_range > 10398.43; countermeasure = 0.0; #threats > 26.00; 10398.43 < threat_range <= 30458.59; weather = 4.0; #threats <= 75.00; day_time > 18.00; countermeasure = 0.0; 10398.43 < threat_range <= 30458.59; #threats > 26.00; countermeasure = 0.0; countermeasure = 0.0; #threats > 26.00; threat_range > 10398.43; flying_speed > 38.83; weather = 4.0; threat_range > 10398.43; flying_speed > 38.83,12,1,1,1,1,1,1,1,1,1,1,1,1,1,1,1,1,1,1,1,1,1,1,1,1
1554,threat_range > 30458.59; #threats <= 53.00; flying_speed <= 38.83; flying_speed <= 38.83; #threats <= 26.00,7,0,0,1,0,1,1,0,0,1,0,1,0,0,0,1,0,0,0,1,0,0,0,1,1
1555,#threats <= 26.00; #threats <= 75.00; #threats <= 26.00; #threats <= 75.00; 10398.43 < threat_range <= 20104.47; day_time <= 12.00; #threats <= 26.00,8,0,1,1,1,1,1,0,1,1,1,1,1,0,1,1,1,0,1,1,1,1,1,1,1
1556,day_time > 18.00; #threats <= 75.00; #threats <= 75.00; flying_speed <= 38.83; 10398.43 < threat_range <= 20104.47; #threats <= 75.00; day_time > 12.00,8,0,0,1,1,1,1,0,0,1,1,1,1,0,0,1,1,0,0,1,1,1,1,1,1
1557,flying_speed <= 15.83; threat_range > 30458.59; flying_speed <= 15.83; 26.00 < #threats <= 75.00; weather = 3.0; day_time <= 12.00; flying_speed <= 27.56,8,0,1,1,1,1,1,0,1,1,1,1,1,0,1,1,1,0,1,1,1,1,1,1,1
1558,countermeasure = 0.0; threat_range > 10398.43; countermeasure = 0.0; #threats > 26.00; 10398.43 < threat_range <= 20104.47; threat_range <= 30458.59; countermeasure = 0.0; 10398.43 < threat_range <= 30458.59; day_time > 18.00; countermeasure = 0.0; day_time > 18.00; 10398.43 < threat_range <= 20104.47; flying_speed > 38.83; threat_range <= 20104.47,12,1,1,1,1,1,1,1,1,1,1,1,1,1,1,1,1,1,1,1,1,1,1,1,1
1559,countermeasure = 0.0; #threats <= 75.00; countermeasure = 0.0; 26.00 < #threats <= 75.00; formation = 1.0; threat_range <= 30458.59; weather = 4.0; #threats <= 75.00; countermeasure = 0.0; 53.00 < #threats <= 75.00; threat_range <= 30458.59; formation = 1.0; countermeasure = 0.0; threat_range <= 20104.47; #threats > 26.00; countermeasure = 0.0; threat_range <= 10398.43; 26.00 < #threats <= 75.00; countermeasure = 0.0; formation = 1.0; flying_speed > 38.83,12,1,1,1,1,1,1,1,1,1,1,1,1,1,1,1,1,1,1,1,1,1,1,1,1
1560,countermeasure = 0.0; countermeasure = 0.0; day_time <= 6.00; #threats <= 53.00; countermeasure = 0.0; flying_speed <= 38.83; threat_range <= 30458.59; #threats <= 53.00; countermeasure = 0.0; #threats <= 26.00; #threats <= 53.00; countermeasure = 0.0; weather = 4.0; day_time <= 6.00,12,1,1,1,1,1,1,1,1,1,1,1,1,1,1,1,1,1,1,1,1,1,1,1,1
1561,#threats <= 75.00; weather = 4.0; weather = 4.0; flying_speed <= 27.56; flying_speed <= 38.83; flying_speed <= 15.83; threat_range > 10398.43; #threats > 26.00; threat_range <= 20104.47,8,0,0,1,1,1,1,0,0,1,1,1,1,0,0,1,1,0,0,1,1,1,1,1,1
1562,10398.43 < threat_range <= 20104.47; day_time <= 6.00; weather = 4.0; flying_speed > 38.83; #threats <= 53.00; threat_range <= 30458.59; #threats <= 26.00; #threats <= 26.00; #threats <= 53.00; #threats <= 53.00; 10398.43 < threat_range <= 20104.47; weather = 4.0; day_time <= 6.00,9,1,1,1,1,1,1,0,1,1,1,1,1,0,1,1,1,0,1,1,1,1,1,1,1
1563,flying_speed <= 27.56; #threats <= 75.00; #threats <= 75.00,4,0,0,1,0,1,1,0,0,1,0,1,0,0,0,0,0,0,0,0,0,0,0,0,0
1564,#threats <= 26.00; threat_range > 20104.47; #threats <= 26.00; flying_speed <= 38.83; #threats <= 53.00,7,0,0,1,1,1,1,0,0,1,1,1,1,0,0,1,0,0,0,1,0,0,0,1,0
1566,countermeasure = 0.0; #threats <= 53.00; countermeasure = 0.0; flying_speed <= 38.83; day_time <= 6.00; #threats <= 75.00; countermeasure = 0.0; flying_speed <= 38.83; day_time <= 6.00; threat_range > 10398.43; threat_range > 10398.43; countermeasure = 0.0; flying_speed <= 38.83; countermeasure = 0.0; day_time <= 12.00; countermeasure = 0.0; #threats <= 53.00; threat_range <= 30458.59; day_time <= 6.00,12,1,1,1,1,1,1,1,1,1,1,1,1,1,1,1,1,1,1,1,1,1,1,1,1
1567,#threats <= 53.00; #threats <= 53.00; threat_range > 20104.47; formation = 1.0; threat_range > 10398.43; 26.00 < #threats <= 53.00,7,0,1,1,0,1,1,0,0,1,0,1,0,0,0,1,0,0,0,1,0,1,0,0,0
1568,countermeasure = 0.0; #threats <= 26.00; countermeasure = 0.0; flying_speed <= 15.83; threat_range <= 20104.47; #threats <= 75.00; #threats <= 75.00; countermeasure = 0.0; flying_speed <= 15.83; threat_range <= 30458.59; weather = 2.0; countermeasure = 0.0; flying_speed <= 15.83; flying_speed <= 15.83; flying_speed <= 15.83; threat_range <= 20104.47; countermeasure = 0.0,12,1,1,1,1,1,1,1,1,1,1,1,1,1,1,1,1,1,1,1,1,1,1,1,1
1569,countermeasure = 0.0; #threats <= 75.00; countermeasure = 0.0; weather = 4.0; 10398.43 < threat_range <= 30458.59; #threats > 26.00; #threats <= 75.00; day_time > 18.00; countermeasure = 0.0; 26.00 < #threats <= 75.00; threat_range <= 30458.59; weather = 4.0; countermeasure = 0.0; threat_range <= 30458.59; #threats <= 75.00; day_time > 18.00; countermeasure = 0.0; #threats <= 75.00; 10398.43 < threat_range <= 30458.59; flying_speed > 38.83,12,1,1,1,0,1,1,1,0,1,0,1,0,1,0,1,0,1,0,1,0,1,0,1,0
1570,countermeasure = 0.0; day_time <= 6.00; countermeasure = 0.0; flying_speed <= 27.56; day_time <= 6.00; countermeasure = 0.0; flying_speed <= 27.56; threat_range <= 30458.59; formation = 1.0; weather = 1.0; countermeasure = 0.0; flying_speed <= 27.56; #threats > 26.00; day_time <= 6.00; formation = 1.0; threat_range <= 30458.59,12,1,1,1,1,1,1,1,1,1,1,1,1,1,1,1,1,1,1,1,1,1,1,1,1
1571,#threats > 75.00; 6.00 < day_time <= 12.00; countermeasure = 1.0; day_time <= 12.00; threat_range > 10398.43; #threats > 26.00; flying_speed > 38.83; threat_range > 10398.43; 6.00 < day_time <= 12.00; weather = 2.0; #threats > 26.00; day_time <= 12.00,9,1,1,1,1,1,1,0,1,1,1,1,1,0,1,1,1,0,1,1,1,1,1,1,1
1572,countermeasure = 0.0; countermeasure = 0.0; flying_speed <= 38.83; #threats > 53.00; formation = 1.0; countermeasure = 0.0; day_time > 18.00; countermeasure = 0.0; countermeasure = 0.0; flying_speed <= 38.83; formation = 1.0; threat_range <= 20104.47; #threats > 26.00; day_time > 18.00; countermeasure = 0.0; countermeasure = 0.0,11,1,1,1,1,1,1,1,1,1,1,1,1,0,1,1,1,1,1,1,1,1,1,1,1
1573,#threats <= 75.00; flying_speed <= 15.83; 26.00 < #threats <= 53.00; flying_speed <= 27.56,6,0,1,1,0,1,1,0,0,1,0,1,0,0,0,0,0,0,0,0,0,1,1,1,1
1574,countermeasure = 0.0; flying_speed <= 38.83; countermeasure = 0.0; flying_speed <= 27.56; weather = 4.0; countermeasure = 0.0; countermeasure = 0.0; flying_speed <= 27.56; formation = 1.0; threat_range <= 30458.59; #threats > 75.00; countermeasure = 0.0; flying_speed <= 27.56; threat_range > 10398.43; flying_speed <= 27.56; countermeasure = 0.0; 10398.43 < threat_range <= 30458.59; countermeasure = 0.0,12,1,0,1,1,1,1,1,0,1,1,1,1,1,0,1,1,1,0,1,1,1,1,1,1
1575,#threats <= 53.00; flying_speed <= 27.56; flying_speed <= 27.56; flying_speed <= 27.56; 26.00 < #threats <= 53.00; #threats <= 53.00,8,0,0,1,1,1,1,0,0,1,1,1,1,0,0,1,0,0,0,1,0,1,0,1,0
1576,#threats <= 75.00; weather = 3.0; weather = 3.0; weather = 3.0; #threats > 53.00; 10398.43 < threat_range <= 30458.59; 53.00 < #threats <= 75.00; flying_speed > 38.83; 10398.43 < threat_range <= 30458.59,8,0,0,1,1,1,1,0,0,1,1,1,1,0,0,1,1,0,0,1,1,1,1,1,1
1577,#threats > 75.00; 10398.43 < threat_range <= 30458.59; day_time <= 18.00; formation = 0.0; day_time <= 12.00; #threats > 75.00; weather = 1.0; 10398.43 < threat_range <= 20104.47; flying_speed <= 38.83; flying_speed > 15.83; countermeasure = 1.0,9,1,1,1,0,1,1,0,0,1,0,1,0,0,0,1,0,1,0,1,0,0,0,1,1
1578,countermeasure = 0.0; #threats <= 75.00; countermeasure = 0.0; 10398.43 < threat_range <= 30458.59; formation = 1.0; day_time <= 12.00; countermeasure = 0.0; 10398.43 < threat_range <= 30458.59; #threats <= 26.00; countermeasure = 0.0; #threats <= 75.00; #threats <= 53.00; #threats <= 75.00; countermeasure = 0.0; 10398.43 < threat_range <= 30458.59; day_time <= 12.00; #threats <= 26.00,12,1,1,1,1,1,1,1,1,1,1,1,1,1,1,1,1,1,1,1,1,1,1,1,1
1579,#threats <= 75.00; #threats <= 26.00; day_time <= 18.00; #threats <= 26.00; #threats <= 75.00; weather = 2.0; threat_range > 10398.43; 6.00 < day_time <= 12.00; formation = 1.0; flying_speed > 38.83; formation = 1.0,8,0,0,1,1,1,1,0,0,1,1,1,1,0,0,1,1,0,0,1,1,1,1,1,1
1580,#threats <= 75.00; #threats <= 75.00; #threats <= 26.00,6,0,0,1,1,1,1,0,0,1,1,1,1,0,0,1,0,0,0,1,0,0,0,0,0
1581,countermeasure = 0.0; #threats <= 75.00; countermeasure = 0.0; flying_speed <= 27.56; #threats > 26.00; #threats <= 53.00; flying_speed <= 27.56; countermeasure = 0.0; flying_speed <= 27.56; threat_range <= 20104.47; countermeasure = 0.0; flying_speed <= 27.56; #threats <= 53.00; threat_range <= 20104.47; #threats <= 75.00; countermeasure = 0.0; formation = 1.0; flying_speed > 15.83; flying_speed <= 27.56,12,1,0,1,1,1,1,1,0,1,1,1,1,1,0,1,1,1,0,1,1,1,1,1,1
1582,#threats <= 53.00; #threats <= 53.00; #threats <= 53.00; flying_speed <= 38.83; 26.00 < #threats <= 53.00; formation = 0.0; day_time > 12.00; flying_speed <= 38.83; #threats <= 53.00,8,0,0,1,1,1,1,0,0,1,1,1,1,0,0,1,1,0,0,1,1,1,1,1,1
1583,#threats > 75.00; day_time > 6.00; flying_speed <= 27.56; threat_range <= 30458.59; weather = 3.0; formation = 1.0; weather = 3.0; weather = 3.0; #threats > 75.00; flying_speed <= 27.56; formation = 1.0; 10398.43 < threat_range <= 30458.59; day_time > 6.00; weather = 3.0; day_time > 18.00; flying_speed <= 27.56; 20104.47 < threat_range <= 30458.59; formation = 1.0; day_time > 12.00; day_time > 18.00,10,1,1,1,1,1,1,0,1,1,1,1,1,0,1,1,1,1,1,1,1,1,1,1,1
1584,countermeasure = 0.0; formation = 0.0; countermeasure = 0.0; flying_speed <= 38.83; #threats > 26.00; weather = 2.0; countermeasure = 0.0; countermeasure = 0.0; flying_speed <= 38.83; 10398.43 < threat_range <= 30458.59; weather = 2.0; countermeasure = 0.0; flying_speed <= 38.83; threat_range <= 20104.47; countermeasure = 0.0; 10398.43 < threat_range <= 20104.47; weather = 2.0; countermeasure = 0.0,12,1,1,1,0,1,1,1,0,1,0,1,1,1,0,1,1,1,1,1,1,1,1,1,1
1585,countermeasure = 0.0; flying_speed <= 27.56; countermeasure = 0.0; flying_speed <= 15.83; flying_speed <= 15.83; #threats <= 75.00; countermeasure = 0.0; flying_speed <= 15.83; flying_speed <= 27.56; countermeasure = 0.0; #threats <= 53.00; day_time <= 6.00; threat_range <= 20104.47; flying_speed <= 15.83,12,1,1,1,1,1,1,1,1,1,1,1,1,1,1,1,1,1,1,1,1,1,1,1,1
1586,#threats > 75.00; threat_range <= 10398.43; day_time > 6.00; flying_speed <= 38.83; #threats > 26.00; day_time > 12.00,7,1,0,1,0,1,1,0,0,1,0,1,0,0,0,1,0,0,0,1,0,0,0,0,0
1587,#threats > 75.00; threat_range <= 20104.47; day_time <= 18.00; flying_speed <= 27.56; formation = 0.0; flying_speed <= 27.56; #threats > 75.00; formation = 0.0; threat_range <= 30458.59; day_time > 12.00; weather = 4.0; flying_speed <= 27.56; threat_range <= 10398.43; #threats > 53.00; formation = 0.0; day_time <= 18.00; #threats > 75.00; flying_speed <= 27.56; day_time > 12.00; weather = 4.0; flying_speed <= 27.56; day_time <= 18.00; threat_range <= 20104.47; formation = 0.0; formation = 0.0,12,1,1,1,1,1,1,1,1,1,1,1,1,1,1,1,1,1,1,1,1,1,1,1,1
1588,#threats <= 75.00; flying_speed <= 27.56; #threats <= 26.00; #threats <= 53.00; 15.83 < flying_speed <= 27.56; formation = 0.0; #threats <= 53.00,8,0,0,1,1,1,1,0,0,1,1,1,1,0,0,1,0,0,0,1,0,1,1,1,1
1589,countermeasure = 0.0; day_time <= 12.00; countermeasure = 0.0; flying_speed <= 38.83; 26.00 < #threats <= 75.00; #threats <= 75.00; countermeasure = 0.0; countermeasure = 0.0; flying_speed <= 38.83; #threats > 26.00; day_time <= 6.00; countermeasure = 0.0; flying_speed <= 38.83; flying_speed > 27.56; countermeasure = 0.0; day_time <= 6.00; threat_range <= 20104.47; #threats <= 75.00; day_time <= 6.00,12,1,1,1,1,1,1,1,1,1,1,1,1,1,1,1,1,1,1,1,1,1,1,1,1
1590,countermeasure = 0.0; threat_range > 20104.47; countermeasure = 0.0; day_time <= 18.00; 10398.43 < threat_range <= 30458.59; #threats > 26.00; formation = 1.0; countermeasure = 0.0; countermeasure = 0.0; 10398.43 < threat_range <= 30458.59; #threats > 26.00; day_time <= 18.00; countermeasure = 0.0; threat_range > 10398.43; day_time > 6.00; flying_speed > 38.83; 10398.43 < threat_range <= 30458.59; day_time <= 12.00; #threats > 26.00; countermeasure = 0.0; flying_speed > 38.83,12,1,1,1,1,1,1,1,1,1,1,1,1,1,1,1,1,1,1,1,1,1,1,1,1
1591,#threats <= 53.00; flying_speed <= 38.83; #threats > 26.00; formation = 1.0; flying_speed <= 27.56; day_time <= 6.00,7,0,0,1,0,1,1,0,0,1,0,1,0,0,0,1,0,0,0,1,0,0,0,1,1
1592,flying_speed <= 38.83; threat_range <= 30458.59; flying_speed <= 38.83; #threats <= 75.00; day_time > 18.00,7,0,1,1,0,1,1,0,0,1,0,1,0,0,0,1,0,0,0,1,0,0,0,1,1
1593,countermeasure = 0.0; #threats <= 53.00; countermeasure = 0.0; flying_speed <= 27.56; countermeasure = 0.0; flying_speed <= 27.56; day_time <= 12.00; countermeasure = 0.0; flying_speed <= 27.56; countermeasure = 0.0; countermeasure = 0.0; #threats <= 53.00; weather = 3.0; threat_range > 10398.43; #threats <= 53.00,12,1,1,1,1,1,1,1,1,1,1,1,1,1,1,1,1,1,1,1,1,1,1,1,1
1594,countermeasure = 0.0; day_time <= 6.00; countermeasure = 0.0; formation = 1.0; 10398.43 < threat_range <= 30458.59; #threats > 26.00; day_time <= 6.00; countermeasure = 0.0; day_time <= 6.00; #threats > 26.00; threat_range > 10398.43; formation = 1.0; countermeasure = 0.0; day_time <= 6.00; day_time <= 6.00; countermeasure = 0.0; formation = 1.0; day_time <= 6.00,12,1,1,1,1,1,1,1,1,1,1,1,1,1,1,1,1,1,1,1,1,1,1,1,1
1595,#threats <= 26.00; flying_speed <= 38.83; #threats <= 53.00; #threats <= 26.00; threat_range <= 30458.59; weather = 2.0; 12.00 < day_time <= 18.00; formation = 0.0; flying_speed <= 38.83; countermeasure = 1.0; #threats <= 26.00,8,0,1,1,1,1,1,0,1,1,1,1,1,0,1,1,1,0,1,1,1,1,1,1,1
1596,countermeasure = 0.0; flying_speed <= 15.83; countermeasure = 0.0; flying_speed <= 27.56; #threats <= 26.00; countermeasure = 0.0; flying_speed <= 15.83; threat_range <= 10398.43; flying_speed <= 38.83; countermeasure = 0.0; flying_speed <= 15.83; day_time > 18.00; flying_speed <= 15.83; countermeasure = 0.0; #threats <= 75.00; threat_range <= 30458.59; flying_speed <= 15.83,12,1,1,1,1,1,1,1,1,1,1,1,1,1,1,1,1,1,1,1,1,1,1,1,1
1597,#threats <= 53.00; countermeasure = 0.0; flying_speed <= 27.56; #threats <= 53.00; countermeasure = 0.0; flying_speed <= 27.56; weather = 1.0; flying_speed <= 38.83; countermeasure = 0.0; flying_speed <= 27.56; countermeasure = 0.0; threat_range > 30458.59,10,0,0,1,0,1,1,1,0,1,0,1,0,1,0,1,0,1,0,1,0,0,0,1,1
1598,#threats > 75.00; weather = 4.0; 27.56 < flying_speed <= 38.83; day_time > 6.00; threat_range <= 30458.59; day_time > 18.00; flying_speed <= 38.83; countermeasure = 1.0; #threats > 75.00,6,1,1,0,0,1,1,0,0,0,0,1,0,0,0,1,0,0,0,1,0,0,0,1,0
1599,countermeasure = 0.0; threat_range > 20104.47; countermeasure = 0.0; #threats > 26.00; formation = 1.0; threat_range > 10398.43; day_time <= 18.00; countermeasure = 0.0; formation = 1.0; countermeasure = 0.0; weather = 1.0; #threats > 26.00; formation = 1.0; day_time <= 18.00; countermeasure = 0.0; countermeasure = 0.0; threat_range > 10398.43; weather = 1.0; flying_speed > 38.83; 12.00 < day_time <= 18.00; formation = 1.0; threat_range > 10398.43; threat_range > 30458.59,12,1,1,1,1,1,1,1,1,1,1,1,1,1,1,1,1,1,1,1,1,1,1,1,1
1600,#threats > 75.00; day_time <= 12.00; 15.83 < flying_speed <= 38.83; threat_range > 20104.47; threat_range > 30458.59; flying_speed <= 38.83; #threats > 26.00; formation = 0.0; day_time <= 12.00; flying_speed <= 38.83; #threats > 75.00; day_time <= 6.00; formation = 0.0; day_time <= 6.00; #threats > 75.00; day_time <= 6.00; flying_speed <= 38.83; threat_range > 10398.43; weather = 2.0; weather = 2.0; day_time <= 6.00; flying_speed <= 38.83; weather = 2.0; formation = 0.0; #threats > 53.00; day_time <= 6.00,12,1,1,1,1,1,1,1,1,1,1,1,1,1,1,1,1,1,1,1,1,1,1,1,1
1601,#threats > 53.00; flying_speed <= 15.83; day_time <= 18.00; threat_range > 30458.59; #threats <= 75.00; #threats <= 75.00; flying_speed <= 15.83; flying_speed <= 15.83; flying_speed <= 15.83; threat_range > 30458.59; day_time <= 6.00; flying_speed <= 27.56,9,1,1,1,1,1,1,0,1,1,1,1,1,0,1,1,1,0,1,1,1,1,1,1,1
1602,#threats <= 75.00; #threats <= 53.00; #threats <= 53.00; 26.00 < #threats <= 53.00; threat_range <= 30458.59; weather = 3.0,8,0,0,1,1,1,1,0,0,1,1,1,1,0,0,1,1,0,0,1,1,1,1,1,1
1603,countermeasure = 0.0; countermeasure = 0.0; flying_speed <= 15.83; countermeasure = 0.0; flying_speed <= 15.83; countermeasure = 0.0; countermeasure = 0.0; day_time <= 6.00; threat_range <= 20104.47; day_time <= 6.00; countermeasure = 0.0; threat_range <= 20104.47; flying_speed <= 15.83,12,1,1,1,0,1,1,1,0,1,0,1,1,1,0,1,1,1,1,1,1,1,1,1,1
1604,day_time <= 6.00; countermeasure = 1.0; #threats <= 75.00; #threats <= 53.00; 26.00 < #threats <= 53.00; threat_range <= 20104.47; flying_speed > 27.56; day_time <= 6.00,8,0,0,1,1,1,1,0,0,1,1,1,1,0,0,1,1,0,0,1,1,1,1,1,1
1605,countermeasure = 0.0; day_time <= 6.00; countermeasure = 0.0; flying_speed <= 15.83; flying_speed <= 15.83; countermeasure = 0.0; flying_speed <= 15.83; threat_range <= 30458.59; #threats <= 75.00; countermeasure = 0.0; flying_speed <= 15.83; day_time <= 6.00; flying_speed <= 15.83; weather = 2.0; threat_range <= 20104.47; weather = 2.0,12,1,1,1,1,1,1,1,1,1,1,1,1,1,1,1,1,1,1,1,1,1,1,1,1
1606,#threats <= 26.00; #threats <= 75.00; #threats <= 26.00; day_time <= 6.00; #threats <= 75.00; 15.83 < flying_speed <= 38.83; threat_range <= 20104.47; #threats <= 53.00,8,0,0,1,0,1,1,0,0,1,0,1,0,0,0,1,0,0,0,1,0,1,0,1,1
1607,countermeasure = 0.0; day_time <= 6.00; countermeasure = 0.0; day_time <= 6.00; threat_range > 10398.43; weather = 3.0; #threats <= 53.00; countermeasure = 0.0; day_time <= 6.00; #threats > 26.00; day_time <= 6.00; countermeasure = 0.0; #threats > 26.00; 10398.43 < threat_range <= 20104.47; #threats > 26.00,12,1,1,1,1,1,1,1,1,1,1,1,1,1,1,1,1,1,1,1,1,1,1,1,1
1608,#threats <= 53.00; threat_range <= 20104.47; #threats <= 53.00; threat_range <= 20104.47; threat_range <= 20104.47; #threats <= 53.00; day_time <= 6.00,8,0,0,1,1,1,1,0,0,1,1,1,1,0,0,1,1,0,0,1,1,1,1,1,1
1609,#threats <= 75.00; #threats <= 75.00; flying_speed <= 38.83; flying_speed <= 38.83; threat_range <= 20104.47; 26.00 < #threats <= 75.00; flying_speed > 27.56; day_time > 12.00; threat_range <= 20104.47,8,0,1,1,0,1,1,0,0,1,0,1,0,0,0,1,0,0,0,1,0,1,1,1,1
1610,countermeasure = 0.0; day_time <= 6.00; countermeasure = 0.0; flying_speed <= 27.56; #threats > 26.00; weather = 3.0; weather = 3.0; countermeasure = 0.0; flying_speed <= 27.56; #threats > 53.00; day_time <= 6.00; day_time <= 12.00; countermeasure = 0.0; flying_speed <= 27.56; countermeasure = 0.0; countermeasure = 0.0; day_time <= 6.00; flying_speed <= 27.56; day_time <= 6.00,12,1,1,1,1,1,1,1,1,1,1,1,1,1,1,1,1,1,1,1,1,1,1,1,1
1611,countermeasure = 0.0; #threats <= 75.00; day_time <= 12.00; countermeasure = 0.0; 26.00 < #threats <= 53.00; formation = 0.0,7,1,1,1,0,1,1,0,0,1,0,1,0,0,0,0,0,0,0,0,0,1,1,1,1
1612,countermeasure = 0.0; #threats <= 75.00; countermeasure = 0.0; flying_speed <= 27.56; formation = 1.0; #threats <= 75.00; countermeasure = 0.0; flying_speed <= 27.56; 26.00 < #threats <= 75.00; #threats <= 75.00; countermeasure = 0.0; flying_speed <= 27.56; countermeasure = 0.0,11,1,1,1,0,1,1,1,0,1,0,1,0,1,0,1,0,1,0,1,0,0,0,1,0
1613,#threats <= 75.00; formation = 1.0; formation = 1.0; 15.83 < flying_speed <= 27.56; #threats <= 75.00; day_time <= 12.00; day_time > 6.00,8,0,0,1,0,1,1,0,0,1,0,1,0,0,0,1,0,0,0,1,0,1,0,1,1
1614,countermeasure = 0.0; weather = 3.0; countermeasure = 0.0; flying_speed <= 38.83; #threats > 26.00; threat_range <= 30458.59; flying_speed > 27.56; flying_speed > 27.56; countermeasure = 0.0; flying_speed <= 38.83; #threats > 26.00; flying_speed <= 38.83; countermeasure = 0.0; threat_range > 10398.43; day_time <= 12.00; countermeasure = 0.0; flying_speed <= 38.83; countermeasure = 0.0,12,1,0,1,1,1,1,1,0,1,1,1,1,1,0,1,0,1,0,1,0,1,0,1,0
1615,#threats <= 53.00; #threats <= 75.00; formation = 1.0; #threats <= 53.00; #threats <= 75.00; threat_range <= 20104.47; #threats <= 53.00; #threats <= 53.00,8,0,0,1,0,1,1,0,0,1,0,1,0,0,0,1,0,0,0,1,0,1,0,1,0
1616,day_time <= 6.00; 10398.43 < threat_range <= 20104.47; formation = 1.0; flying_speed > 38.83; weather = 2.0; #threats <= 75.00; threat_range > 10398.43; countermeasure = 1.0; #threats <= 75.00; day_time <= 6.00; day_time <= 6.00; 10398.43 < threat_range <= 20104.47; flying_speed > 38.83,9,1,0,1,0,1,1,0,0,1,0,1,0,0,0,1,0,0,0,1,0,1,0,1,1
1617,countermeasure = 0.0; #threats <= 75.00; countermeasure = 0.0; flying_speed <= 38.83; 10398.43 < threat_range <= 20104.47; #threats <= 75.00; countermeasure = 0.0; flying_speed <= 38.83; 10398.43 < threat_range <= 30458.59; formation = 0.0; countermeasure = 0.0; flying_speed <= 38.83; countermeasure = 0.0; #threats <= 26.00; weather = 4.0; threat_range > 10398.43; flying_speed <= 38.83; day_time <= 18.00; countermeasure = 0.0; #threats <= 53.00,12,1,0,1,1,1,1,1,0,1,1,1,1,1,0,1,1,1,0,1,1,1,1,1,1
1618,#threats <= 75.00; flying_speed <= 27.56; #threats <= 53.00; flying_speed <= 15.83; #threats <= 53.00; threat_range <= 10398.43; flying_speed <= 15.83,8,0,1,1,1,1,1,0,1,1,1,1,1,0,1,1,1,0,1,1,1,1,1,1,1
1619,countermeasure = 0.0; countermeasure = 0.0; flying_speed <= 38.83; #threats > 26.00; day_time <= 6.00; countermeasure = 0.0; flying_speed <= 38.83; #threats > 26.00; countermeasure = 0.0; flying_speed <= 38.83; #threats > 53.00; day_time <= 6.00; countermeasure = 0.0; threat_range <= 20104.47; day_time <= 6.00,12,1,1,1,1,1,1,1,1,1,1,1,1,1,1,1,1,1,1,1,1,1,1,1,1
1620,countermeasure = 0.0; #threats <= 53.00; countermeasure = 0.0; 26.00 < #threats <= 53.00; day_time <= 12.00; threat_range <= 30458.59; #threats <= 75.00; countermeasure = 0.0; #threats > 26.00; threat_range <= 30458.59; #threats > 26.00; countermeasure = 0.0; #threats > 26.00; #threats <= 53.00; threat_range <= 20104.47; #threats <= 53.00; weather = 1.0; day_time <= 18.00; threat_range <= 10398.43,12,1,1,1,1,1,1,1,1,1,1,1,1,1,1,1,1,1,1,1,1,1,1,1,1
1621,#threats > 75.00; flying_speed <= 15.83; day_time <= 12.00; flying_speed <= 15.83; #threats > 75.00; 10398.43 < threat_range <= 20104.47; day_time <= 6.00; formation = 1.0; weather = 3.0; flying_speed <= 15.83; flying_speed <= 15.83; #threats > 75.00; 10398.43 < threat_range <= 20104.47; day_time <= 6.00; weather = 3.0; formation = 1.0; flying_speed <= 15.83; flying_speed <= 15.83; #threats > 75.00; formation = 1.0; 10398.43 < threat_range <= 20104.47; day_time <= 6.00; weather = 3.0; flying_speed <= 15.83; flying_speed <= 15.83; weather = 3.0; flying_speed <= 15.83,12,1,1,1,1,1,1,1,1,1,1,1,1,1,1,1,1,1,1,1,1,1,1,1,1
1622,countermeasure = 0.0; countermeasure = 0.0; flying_speed <= 38.83; formation = 1.0; weather = 2.0; #threats <= 26.00; countermeasure = 0.0; flying_speed <= 38.83; threat_range <= 30458.59; weather = 2.0; #threats <= 53.00; countermeasure = 0.0; flying_speed <= 38.83; #threats <= 26.00; threat_range <= 20104.47; countermeasure = 0.0; #threats <= 75.00; day_time <= 18.00; #threats <= 26.00,12,1,1,1,1,1,1,1,1,1,1,1,1,1,1,1,1,1,1,1,1,1,1,1,1
1623,countermeasure = 0.0; countermeasure = 0.0; flying_speed <= 15.83; countermeasure = 0.0; flying_speed <= 15.83; flying_speed <= 15.83; countermeasure = 0.0; flying_speed <= 27.56; flying_speed <= 15.83; flying_speed <= 15.83; countermeasure = 0.0; day_time <= 12.00; #threats > 75.00,12,1,1,1,1,1,1,1,1,1,1,1,1,1,1,1,1,1,1,1,1,1,1,1,1
1624,countermeasure = 0.0; countermeasure = 0.0; countermeasure = 0.0; flying_speed <= 27.56; day_time <= 6.00; threat_range > 20104.47; countermeasure = 0.0; flying_speed <= 27.56; threat_range <= 30458.59; #threats <= 53.00; countermeasure = 0.0; flying_speed <= 27.56; #threats <= 26.00; day_time <= 6.00; #threats <= 53.00; flying_speed <= 27.56; #threats <= 26.00,12,1,1,1,1,1,1,1,1,1,1,1,1,1,1,1,1,1,1,1,1,1,1,1,1
1625,countermeasure = 0.0; threat_range <= 30458.59; countermeasure = 0.0; day_time <= 6.00; threat_range <= 30458.59; 26.00 < #threats <= 75.00; weather = 2.0; countermeasure = 0.0; threat_range <= 30458.59; 26.00 < #threats <= 75.00; countermeasure = 0.0; #threats <= 75.00; #threats <= 75.00; day_time <= 6.00; countermeasure = 0.0; #threats <= 75.00; day_time <= 6.00,12,1,1,1,1,1,1,1,1,1,1,1,1,1,1,1,1,1,1,1,1,1,1,1,1
1626,flying_speed <= 15.83; day_time <= 6.00; threat_range > 30458.59; formation = 1.0; weather = 1.0; #threats <= 53.00; #threats <= 75.00; flying_speed <= 15.83; flying_speed <= 15.83; flying_speed <= 38.83; flying_speed <= 15.83; #threats <= 53.00; formation = 1.0; day_time <= 6.00; #threats <= 26.00,9,1,1,1,0,1,1,0,0,1,0,1,0,0,0,1,0,0,0,1,0,1,1,1,1
1627,#threats > 75.00; flying_speed <= 27.56; weather = 4.0; formation = 1.0; threat_range <= 20104.47; day_time <= 6.00; day_time <= 6.00; flying_speed <= 27.56; day_time <= 18.00; flying_speed <= 38.83; threat_range <= 20104.47; #threats > 75.00,8,1,1,1,0,1,1,0,0,1,0,1,0,0,0,1,0,0,0,1,0,0,0,1,1
1628,countermeasure = 0.0; #threats <= 53.00; countermeasure = 0.0; flying_speed <= 38.83; 10398.43 < threat_range <= 30458.59; #threats <= 26.00; threat_range <= 30458.59; countermeasure = 0.0; flying_speed <= 38.83; day_time <= 12.00; threat_range > 10398.43; formation = 1.0; countermeasure = 0.0; flying_speed <= 38.83; day_time <= 12.00; countermeasure = 0.0; #threats <= 26.00; formation = 1.0,12,1,1,1,0,1,1,1,0,1,0,1,0,1,0,1,0,1,0,1,0,1,0,1,1
1629,countermeasure = 0.0; flying_speed <= 15.83; countermeasure = 0.0; flying_speed <= 27.56; day_time <= 6.00; countermeasure = 0.0; flying_speed <= 15.83; day_time <= 6.00; flying_speed <= 15.83; countermeasure = 0.0; weather = 3.0; flying_speed <= 15.83; weather = 3.0; flying_speed <= 27.56,12,1,1,1,1,1,1,1,1,1,1,1,1,1,1,1,1,1,1,1,1,1,1,1,1
1630,flying_speed <= 15.83; #threats <= 75.00; flying_speed <= 15.83; weather = 2.0; flying_speed <= 15.83; #threats <= 53.00; formation = 0.0,8,0,0,1,1,1,1,0,0,1,1,1,1,0,0,1,1,0,0,1,1,1,1,1,1
1631,#threats <= 75.00; #threats <= 75.00; #threats > 26.00; day_time <= 12.00; day_time <= 6.00; threat_range <= 30458.59; countermeasure = 1.0,8,0,0,1,1,1,1,0,0,1,1,1,1,0,0,1,0,0,0,1,0,1,1,1,1
1632,#threats > 75.00; flying_speed <= 27.56; 6.00 < day_time <= 18.00; threat_range <= 30458.59; formation = 0.0; day_time <= 12.00; day_time <= 12.00; flying_speed <= 27.56; 10398.43 < threat_range <= 20104.47; flying_speed <= 27.56; threat_range <= 20104.47,9,1,1,1,0,1,1,0,0,1,0,1,0,0,0,1,0,0,0,1,0,1,1,1,1
1633,countermeasure = 0.0; #threats > 75.00,3,1,1,0,0,1,1,0,0,0,0,0,0,0,0,0,0,0,0,0,0,0,0,1,1
1634,countermeasure = 0.0; #threats <= 53.00; countermeasure = 0.0; flying_speed <= 27.56; countermeasure = 0.0; countermeasure = 0.0; flying_speed <= 27.56; threat_range <= 30458.59; #threats <= 53.00; countermeasure = 0.0; flying_speed <= 27.56; flying_speed <= 38.83; day_time <= 12.00; countermeasure = 0.0; 15.83 < flying_speed <= 27.56; #threats <= 53.00,12,1,1,1,1,1,1,1,1,1,1,1,1,1,1,1,1,1,1,1,1,1,1,1,1
1635,#threats <= 75.00; #threats <= 75.00; #threats <= 75.00; flying_speed <= 27.56; flying_speed <= 38.83; #threats <= 53.00; weather = 2.0; weather = 2.0,8,0,0,1,0,1,1,0,0,1,0,1,0,0,0,1,0,0,0,1,0,1,1,1,1
1636,countermeasure = 0.0; formation = 1.0; countermeasure = 0.0; weather = 3.0; 20104.47 < threat_range <= 30458.59; countermeasure = 0.0; 26.00 < #threats <= 75.00; threat_range > 10398.43; formation = 1.0; countermeasure = 0.0; #threats > 26.00; #threats <= 75.00; countermeasure = 0.0; 53.00 < #threats <= 75.00; day_time <= 18.00; threat_range <= 30458.59; threat_range > 20104.47,12,1,0,1,1,1,1,1,0,1,1,1,1,1,0,1,1,1,0,1,1,1,1,1,1
1637,countermeasure = 0.0; flying_speed <= 15.83; countermeasure = 0.0; flying_speed <= 15.83; threat_range > 20104.47; countermeasure = 0.0; flying_speed <= 15.83; countermeasure = 0.0; flying_speed <= 27.56; flying_speed <= 15.83; flying_speed <= 15.83; 20104.47 < threat_range <= 30458.59; countermeasure = 0.0,12,1,1,1,1,1,1,1,1,1,1,1,1,1,1,1,1,1,1,1,1,1,1,1,1
1638,formation = 1.0; threat_range > 10398.43; flying_speed <= 15.83; flying_speed <= 38.83; flying_speed <= 15.83; threat_range > 20104.47; formation = 1.0; flying_speed <= 15.83,8,0,0,1,1,1,1,0,0,1,1,1,1,0,0,1,1,0,0,1,1,1,1,1,1
1639,#threats > 53.00; flying_speed <= 38.83; 6.00 < day_time <= 12.00; threat_range <= 30458.59; threat_range > 10398.43; #threats <= 75.00; weather = 2.0; #threats <= 75.00,7,1,1,1,0,1,1,0,0,1,0,1,0,0,0,1,0,0,0,1,0,0,0,0,0
1640,countermeasure = 0.0; flying_speed <= 15.83; countermeasure = 0.0; flying_speed <= 15.83; threat_range > 20104.47; countermeasure = 0.0; flying_speed <= 15.83; flying_speed <= 15.83; countermeasure = 0.0; threat_range > 10398.43; day_time > 18.00; flying_speed <= 15.83; day_time > 18.00; weather = 3.0; day_time > 18.00,12,1,0,1,1,1,1,1,0,1,1,1,1,1,0,1,1,1,0,1,1,1,1,1,1
1641,countermeasure = 0.0; countermeasure = 0.0; flying_speed <= 15.83; flying_speed <= 15.83; countermeasure = 0.0; flying_speed <= 15.83; countermeasure = 0.0; #threats <= 53.00; flying_speed <= 15.83; 26.00 < #threats <= 53.00; #threats <= 53.00,12,1,1,1,1,1,1,1,1,1,1,1,1,1,1,1,1,1,1,1,1,1,1,1,1
1642,countermeasure = 0.0; flying_speed <= 15.83; countermeasure = 0.0; flying_speed <= 15.83; threat_range <= 30458.59; flying_speed <= 15.83; countermeasure = 0.0; flying_speed <= 27.56; flying_speed <= 27.56; countermeasure = 0.0; flying_speed <= 15.83; day_time > 6.00; flying_speed <= 15.83; countermeasure = 0.0; day_time <= 12.00; countermeasure = 0.0,12,1,1,1,1,1,1,1,1,1,1,1,1,1,1,1,1,1,1,1,1,1,1,1,1
1643,countermeasure = 0.0; countermeasure = 0.0; flying_speed <= 15.83; threat_range > 30458.59; countermeasure = 0.0; flying_speed <= 15.83; day_time <= 12.00; formation = 1.0; countermeasure = 0.0; threat_range > 10398.43; flying_speed <= 15.83; countermeasure = 0.0; weather = 1.0; threat_range > 30458.59,12,1,1,1,1,1,1,1,1,1,1,1,1,1,1,1,1,1,1,1,1,1,1,1,1
1644,countermeasure = 1.0; #threats <= 75.00; weather = 1.0; #threats <= 53.00,6,0,0,1,0,1,1,0,0,1,0,1,0,0,0,1,0,0,0,1,0,0,0,0,0
1645,#threats <= 75.00; flying_speed <= 15.83; #threats <= 75.00; flying_speed <= 38.83; flying_speed <= 15.83; day_time > 18.00; flying_speed <= 15.83,8,0,1,1,1,1,1,0,1,1,1,1,1,0,1,1,1,0,1,1,1,1,1,1,1
1646,countermeasure = 0.0; flying_speed <= 15.83; flying_speed <= 15.83; #threats > 53.00; flying_speed <= 27.56; flying_speed <= 15.83,8,1,1,1,0,1,1,0,0,1,0,1,0,0,0,1,0,0,0,1,0,0,0,1,1
1647,countermeasure = 0.0; flying_speed <= 15.83; countermeasure = 0.0; flying_speed <= 15.83; day_time <= 12.00; flying_speed <= 15.83; countermeasure = 0.0; flying_speed <= 15.83; flying_speed <= 15.83; countermeasure = 0.0; flying_speed <= 15.83; flying_speed <= 15.83; flying_speed <= 15.83; 10398.43 < threat_range <= 30458.59; flying_speed <= 15.83,12,1,1,1,0,1,1,1,0,1,0,1,1,1,0,1,1,1,1,1,1,1,1,1,1
1648,countermeasure = 0.0; flying_speed <= 15.83; countermeasure = 0.0; flying_speed <= 15.83; countermeasure = 0.0; countermeasure = 0.0; flying_speed <= 15.83; threat_range <= 30458.59; countermeasure = 0.0; flying_speed <= 15.83; flying_speed <= 15.83; formation = 0.0; countermeasure = 0.0,12,1,1,1,1,1,1,1,1,1,1,1,1,1,1,1,1,1,1,1,1,1,1,1,1
1649,flying_speed <= 15.83; threat_range <= 10398.43; formation = 1.0; day_time > 12.00; #threats <= 75.00; day_time > 12.00; flying_speed <= 15.83; flying_speed <= 15.83; #threats <= 53.00; day_time > 12.00; day_time > 18.00,9,1,1,1,0,1,1,0,0,1,0,1,0,0,0,1,0,0,0,1,0,1,1,1,1
1650,#threats > 75.00; weather = 3.0; threat_range > 30458.59; 12.00 < day_time <= 18.00; flying_speed > 15.83; threat_range > 10398.43; flying_speed > 27.56,5,1,1,0,0,1,1,0,0,0,0,1,0,0,0,1,0,0,0,0,0,0,0,1,0
1651,#threats <= 75.00; #threats > 26.00; threat_range <= 20104.47; flying_speed <= 38.83; threat_range <= 10398.43; threat_range <= 10398.43; 26.00 < #threats <= 75.00; formation = 0.0; flying_speed <= 38.83; day_time <= 18.00; day_time > 12.00,8,0,0,1,1,1,1,0,0,1,1,1,1,0,0,1,1,0,0,1,1,1,1,1,1
1652,countermeasure = 0.0; countermeasure = 0.0; day_time <= 12.00; #threats <= 75.00; weather = 1.0; countermeasure = 0.0; 10398.43 < threat_range <= 20104.47; day_time <= 12.00; #threats <= 53.00; countermeasure = 0.0; #threats <= 53.00; threat_range <= 30458.59; #threats <= 53.00; flying_speed > 15.83; #threats <= 26.00,12,1,1,1,1,1,1,1,1,1,1,1,1,1,1,1,1,1,1,1,1,1,1,1,1
1653,#threats > 75.00; 10398.43 < threat_range <= 20104.47; 12.00 < day_time <= 18.00; formation = 0.0; flying_speed > 38.83; weather = 3.0,2,1,1,0,0,1,1,0,0,0,0,0,0,0,0,0,0,0,0,0,0,0,0,0,0
1654,#threats > 53.00; flying_speed <= 15.83; threat_range <= 30458.59; formation = 0.0; #threats <= 75.00; flying_speed <= 15.83; formation = 0.0; #threats > 26.00; day_time > 6.00; 10398.43 < threat_range <= 30458.59; flying_speed <= 15.83; threat_range <= 20104.47; flying_speed <= 15.83; formation = 0.0; #threats > 53.00; 10398.43 < threat_range <= 30458.59; day_time > 6.00; flying_speed <= 15.83; #threats > 53.00; 10398.43 < threat_range <= 20104.47; formation = 0.0; flying_speed <= 15.83; flying_speed <= 15.83; #threats <= 75.00; 10398.43 < threat_range <= 20104.47; day_time > 18.00,12,1,1,1,1,1,1,1,1,1,1,1,1,1,1,1,1,1,1,1,1,1,1,1,1
1655,countermeasure = 0.0; #threats <= 75.00; countermeasure = 0.0; day_time <= 12.00; #threats <= 75.00; formation = 1.0; threat_range <= 30458.59; countermeasure = 0.0; 10398.43 < threat_range <= 30458.59; countermeasure = 0.0; flying_speed > 27.56; threat_range <= 30458.59; countermeasure = 0.0; #threats <= 53.00; countermeasure = 0.0,12,1,1,1,1,1,1,1,1,1,1,1,1,1,1,1,1,1,1,1,1,1,1,1,1
1656,#threats <= 75.00; #threats <= 75.00; #threats <= 75.00,4,0,0,1,0,1,1,0,0,1,0,1,0,0,0,0,0,0,0,0,0,0,0,0,0
1657,flying_speed <= 27.56; flying_speed <= 27.56; weather = 4.0; flying_speed <= 38.83; flying_speed <= 27.56; threat_range <= 20104.47; 15.83 < flying_speed <= 27.56; day_time <= 12.00; formation = 1.0; #threats > 75.00,8,0,0,1,1,1,1,0,0,1,1,1,1,0,0,1,1,0,0,1,1,1,1,1,1
1658,countermeasure = 0.0; flying_speed <= 15.83; #threats <= 75.00; weather = 4.0; day_time > 6.00; flying_speed <= 15.83; flying_speed <= 15.83; countermeasure = 0.0; flying_speed <= 27.56,9,1,1,1,0,1,1,0,0,1,0,1,0,0,0,1,0,0,0,1,0,1,0,1,1
1659,countermeasure = 0.0; flying_speed > 15.83; countermeasure = 0.0; day_time <= 12.00; flying_speed > 15.83; countermeasure = 0.0; threat_range > 10398.43; #threats > 26.00; countermeasure = 0.0; countermeasure = 0.0; threat_range > 10398.43; 6.00 < day_time <= 12.00; #threats > 26.00; flying_speed > 27.56,10,1,1,1,0,1,1,0,0,1,0,1,0,0,0,1,0,1,0,1,0,1,0,1,1
1660,flying_speed <= 27.56; flying_speed <= 38.83; #threats <= 53.00; day_time > 18.00; flying_speed <= 27.56; 10398.43 < threat_range <= 20104.47; #threats <= 53.00; #threats <= 53.00,8,0,1,1,1,1,1,0,1,1,1,1,1,0,1,1,1,0,1,1,1,1,1,1,1
1661,countermeasure = 0.0; threat_range > 30458.59; countermeasure = 0.0; flying_speed <= 15.83; day_time <= 6.00; flying_speed <= 15.83; countermeasure = 0.0; flying_speed <= 15.83; day_time <= 6.00; flying_speed <= 15.83; countermeasure = 0.0; flying_speed <= 27.56; countermeasure = 0.0; flying_speed <= 15.83; weather = 3.0; countermeasure = 0.0; flying_speed <= 15.83,12,1,1,1,1,1,1,1,1,1,1,1,1,1,1,1,1,1,1,1,1,1,1,1,1
1662,countermeasure = 0.0; flying_speed <= 38.83; countermeasure = 0.0; flying_speed <= 38.83; #threats > 26.00; weather = 2.0; countermeasure = 0.0; day_time <= 6.00; flying_speed <= 38.83; countermeasure = 0.0; countermeasure = 0.0; formation = 1.0; flying_speed <= 38.83; day_time <= 6.00; countermeasure = 0.0; weather = 2.0; threat_range <= 10398.43; threat_range <= 10398.43,12,1,1,1,1,1,1,1,1,1,1,1,1,1,1,1,1,1,1,1,1,1,1,1,1
1663,countermeasure = 0.0; threat_range <= 30458.59; countermeasure = 0.0; flying_speed <= 27.56; #threats > 26.00; flying_speed <= 27.56; countermeasure = 0.0; countermeasure = 0.0; flying_speed <= 27.56; threat_range <= 30458.59; flying_speed <= 38.83; countermeasure = 0.0; #threats > 26.00; flying_speed <= 38.83; threat_range <= 20104.47; countermeasure = 0.0; flying_speed <= 27.56; formation = 0.0; day_time > 12.00,12,1,1,1,1,1,1,1,1,1,1,1,1,1,1,1,1,1,1,1,1,1,1,1,1
1664,countermeasure = 0.0; #threats <= 75.00; countermeasure = 0.0; flying_speed <= 38.83; #threats > 26.00; threat_range > 10398.43; countermeasure = 0.0; flying_speed <= 27.56; threat_range <= 30458.59; flying_speed <= 27.56; countermeasure = 0.0; flying_speed <= 27.56; threat_range <= 30458.59; countermeasure = 0.0; 26.00 < #threats <= 75.00; threat_range <= 30458.59; day_time <= 12.00; countermeasure = 0.0,12,1,1,1,1,1,1,1,1,1,1,1,1,1,1,1,1,1,1,1,1,1,1,1,1
1665,countermeasure = 0.0; #threats <= 75.00; countermeasure = 0.0; flying_speed <= 38.83; 26.00 < #threats <= 75.00; #threats <= 53.00; #threats <= 75.00; countermeasure = 0.0; flying_speed <= 38.83; 26.00 < #threats <= 75.00; countermeasure = 0.0; countermeasure = 0.0; day_time > 12.00; threat_range <= 10398.43; 26.00 < #threats <= 53.00; day_time <= 18.00,12,1,1,1,1,1,1,1,1,1,1,1,1,1,1,1,1,1,1,1,1,1,1,1,1
1666,#threats > 75.00; flying_speed <= 27.56; day_time > 18.00; threat_range <= 20104.47; day_time > 18.00; threat_range > 10398.43; #threats > 75.00; flying_speed <= 27.56; 10398.43 < threat_range <= 20104.47; formation = 1.0; threat_range > 10398.43; flying_speed <= 27.56; #threats > 26.00; 10398.43 < threat_range <= 30458.59; day_time > 12.00,10,1,1,1,1,1,1,0,1,1,1,1,1,0,1,1,1,1,1,1,1,1,1,1,1
1667,#threats <= 75.00; #threats <= 75.00; flying_speed <= 15.83; flying_speed <= 27.56; flying_speed <= 15.83; day_time <= 6.00; #threats <= 53.00; day_time <= 6.00,8,0,0,1,0,1,1,0,0,1,0,1,0,0,0,1,0,0,0,1,0,1,1,1,1
1668,#threats <= 75.00; #threats <= 75.00; #threats <= 75.00; flying_speed <= 38.83; flying_speed <= 38.83; 10398.43 < threat_range <= 30458.59; 26.00 < #threats <= 75.00; flying_speed > 15.83; #threats > 53.00,8,0,0,1,0,1,1,0,0,1,0,1,1,0,0,1,1,0,0,1,1,1,1,1,1
1669,countermeasure = 0.0; countermeasure = 0.0; flying_speed <= 27.56; #threats <= 75.00; threat_range <= 30458.59; #threats <= 75.00; #threats <= 53.00; countermeasure = 0.0; flying_speed <= 27.56; 10398.43 < threat_range <= 30458.59; flying_speed <= 38.83; countermeasure = 0.0; flying_speed <= 27.56; countermeasure = 0.0; #threats <= 53.00; countermeasure = 0.0; flying_speed <= 27.56; formation = 1.0,12,1,1,1,1,1,1,1,1,1,1,1,1,1,1,1,1,1,1,1,1,1,1,1,1
1670,#threats > 75.00; formation = 1.0; 6.00 < day_time <= 18.00; threat_range > 10398.43; flying_speed <= 27.56; weather = 1.0; flying_speed <= 38.83; threat_range > 10398.43; day_time <= 12.00; formation = 1.0; 15.83 < flying_speed <= 27.56; weather = 1.0; threat_range > 20104.47,9,1,1,1,1,1,1,0,1,1,1,1,1,0,1,1,1,0,1,1,1,1,1,1,1
1671,#threats <= 53.00; flying_speed <= 38.83; threat_range > 30458.59,7,0,0,1,0,1,1,0,0,1,0,1,0,0,0,1,0,0,0,1,0,0,0,1,1
1672,countermeasure = 0.0; flying_speed <= 15.83; countermeasure = 0.0; flying_speed <= 15.83; #threats <= 53.00; countermeasure = 0.0; flying_speed <= 15.83; formation = 0.0; countermeasure = 0.0; flying_speed <= 15.83; #threats <= 53.00; flying_speed <= 15.83; threat_range <= 30458.59; countermeasure = 0.0,12,1,0,1,1,1,1,1,0,1,1,1,1,1,0,1,1,1,0,1,1,1,1,1,1
1673,countermeasure = 0.0; #threats <= 53.00; countermeasure = 0.0; weather = 3.0; day_time <= 12.00; 10398.43 < threat_range <= 30458.59; weather = 3.0; threat_range <= 30458.59; countermeasure = 0.0; day_time <= 6.00; threat_range > 10398.43; countermeasure = 0.0; countermeasure = 0.0; threat_range > 20104.47; threat_range <= 30458.59; day_time <= 6.00; threat_range <= 30458.59; #threats <= 53.00; countermeasure = 0.0; countermeasure = 0.0,12,1,1,1,0,1,1,1,0,1,0,1,0,1,0,1,0,1,0,1,0,1,1,1,1
1674,#threats <= 75.00; #threats <= 75.00; day_time <= 6.00; day_time <= 12.00; #threats <= 75.00; #threats <= 75.00; day_time <= 6.00; threat_range <= 30458.59; weather = 2.0; formation = 1.0,8,0,1,1,0,1,1,0,0,1,0,1,1,0,0,1,1,0,1,1,1,1,1,1,1
1675,threat_range <= 20104.47; flying_speed <= 27.56; #threats > 26.00; #threats <= 53.00; #threats <= 75.00; flying_speed <= 27.56; #threats <= 75.00; 10398.43 < threat_range <= 20104.47; 26.00 < #threats <= 53.00; flying_speed <= 27.56,9,1,1,1,1,1,1,0,1,1,1,1,1,0,1,1,1,0,1,1,1,1,1,1,1
1676,countermeasure = 0.0; day_time <= 6.00; countermeasure = 0.0; day_time <= 6.00; #threats > 26.00; threat_range <= 30458.59; weather = 4.0; day_time <= 12.00; day_time <= 6.00; 10398.43 < threat_range <= 20104.47; day_time <= 12.00,8,1,1,1,1,1,1,1,1,1,1,1,1,0,1,0,1,0,1,0,1,1,1,1,1
1677,#threats <= 75.00; weather = 3.0; #threats <= 75.00; #threats <= 53.00; #threats <= 53.00; #threats <= 53.00; weather = 3.0; day_time > 18.00; formation = 0.0,8,0,0,1,1,1,1,0,0,1,1,1,1,0,0,1,1,0,0,1,1,1,1,1,1
1678,countermeasure = 0.0; formation = 0.0; threat_range <= 10398.43; threat_range <= 20104.47; day_time <= 6.00; flying_speed > 27.56; #threats > 75.00,7,1,0,1,1,1,1,0,0,1,1,1,1,0,0,0,0,0,0,0,0,1,1,1,1
1679,flying_speed <= 15.83; threat_range > 30458.59; #threats > 26.00; 6.00 < day_time <= 12.00; weather = 2.0; flying_speed <= 27.56; flying_speed <= 15.83; formation = 0.0; #threats > 26.00; weather = 2.0; day_time > 6.00; flying_speed <= 27.56; #threats <= 53.00; flying_speed <= 15.83; formation = 0.0; #threats > 26.00; day_time > 6.00; flying_speed <= 27.56; flying_speed <= 15.83; #threats > 26.00; 6.00 < day_time <= 12.00; threat_range > 10398.43; weather = 2.0; weather = 2.0; flying_speed <= 15.83; #threats <= 53.00; day_time > 6.00; threat_range > 30458.59,12,1,1,1,1,1,1,1,1,1,1,1,1,1,1,1,1,1,1,1,1,1,1,1,1
1680,#threats > 75.00; flying_speed <= 15.83; 6.00 < day_time <= 18.00; formation = 1.0; flying_speed <= 15.83; flying_speed <= 15.83; #threats > 75.00; weather = 1.0; 10398.43 < threat_range <= 30458.59; formation = 1.0; 6.00 < day_time <= 18.00; flying_speed <= 15.83; flying_speed <= 15.83; #threats > 75.00; weather = 1.0; 20104.47 < threat_range <= 30458.59; day_time > 6.00; weather = 1.0; flying_speed <= 15.83; #threats > 75.00; weather = 1.0; formation = 1.0; threat_range <= 30458.59; 6.00 < day_time <= 18.00; #threats > 75.00; flying_speed <= 15.83; day_time > 6.00; weather = 1.0; flying_speed <= 27.56,12,1,1,1,0,1,1,1,0,1,0,1,1,1,0,1,1,1,1,1,1,1,1,1,1
1681,weather = 4.0; #threats <= 53.00; day_time > 12.00; day_time > 12.00; flying_speed <= 38.83; 10398.43 < threat_range <= 20104.47; #threats <= 53.00; threat_range <= 20104.47,8,0,1,1,0,1,1,0,0,1,0,1,0,0,0,1,0,0,0,1,0,1,1,1,1
1682,countermeasure = 0.0; threat_range > 20104.47; countermeasure = 0.0; flying_speed <= 38.83; #threats > 26.00; #threats <= 75.00; countermeasure = 0.0; #threats > 26.00; flying_speed <= 38.83; countermeasure = 0.0; countermeasure = 0.0; flying_speed <= 38.83; threat_range > 10398.43; countermeasure = 0.0; #threats <= 75.00; formation = 0.0; 10398.43 < threat_range <= 30458.59; countermeasure = 0.0,12,1,1,1,1,1,1,1,1,1,1,1,1,1,1,1,1,1,1,1,1,1,1,1,1
1683,countermeasure = 0.0; weather = 2.0; countermeasure = 0.0; flying_speed <= 38.83; #threats > 26.00; weather = 2.0; countermeasure = 0.0; flying_speed > 27.56; countermeasure = 0.0; flying_speed <= 38.83; #threats > 26.00; weather = 2.0; countermeasure = 0.0; flying_speed <= 38.83; weather = 2.0; weather = 2.0; threat_range <= 10398.43; weather = 2.0; day_time <= 18.00; flying_speed <= 38.83; countermeasure = 0.0,12,1,1,1,1,1,1,1,1,1,1,1,1,1,1,1,1,1,1,1,1,1,1,1,1
1684,#threats <= 53.00; #threats <= 53.00; day_time > 12.00; threat_range <= 30458.59; flying_speed > 38.83; 10398.43 < threat_range <= 30458.59; #threats <= 53.00; day_time > 6.00; #threats <= 53.00,8,0,1,1,1,1,1,0,1,1,1,1,1,0,1,1,1,0,1,1,1,1,1,1,1
1685,#threats <= 75.00; #threats <= 53.00; day_time <= 6.00; #threats <= 53.00; weather = 1.0; threat_range > 20104.47,8,0,1,1,1,1,1,0,1,1,1,1,1,0,1,1,1,0,1,1,1,1,1,1,1
1686,countermeasure = 0.0; #threats <= 75.00; countermeasure = 0.0; flying_speed <= 27.56; threat_range <= 30458.59; #threats <= 75.00; countermeasure = 0.0; flying_speed <= 27.56; threat_range <= 20104.47; formation = 1.0; flying_speed <= 38.83; countermeasure = 0.0; formation = 1.0,10,1,1,1,0,1,1,1,0,1,0,1,0,1,0,1,0,1,0,1,0,0,0,0,0
1687,flying_speed <= 15.83; threat_range <= 10398.43; formation = 1.0; day_time <= 6.00; #threats <= 26.00; flying_speed <= 15.83; threat_range <= 10398.43; formation = 1.0; day_time <= 6.00; weather = 4.0; #threats <= 26.00; #threats <= 53.00; flying_speed <= 15.83; day_time <= 6.00; weather = 4.0; #threats <= 26.00; threat_range <= 10398.43; formation = 1.0; flying_speed <= 15.83; flying_speed <= 15.83; day_time <= 6.00; weather = 4.0; formation = 1.0; threat_range <= 30458.59; flying_speed <= 27.56; #threats <= 53.00; #threats <= 26.00,12,1,1,1,1,1,1,1,1,1,1,1,1,1,1,1,1,1,1,1,1,1,1,1,1
1688,#threats <= 75.00; day_time <= 18.00; day_time <= 6.00; threat_range > 10398.43; threat_range > 10398.43; day_time <= 6.00; 10398.43 < threat_range <= 30458.59; 27.56 < flying_speed <= 38.83; #threats > 26.00; day_time <= 6.00,8,0,0,1,1,1,1,0,0,1,1,1,1,0,0,1,1,0,0,1,1,1,1,1,1
1689,countermeasure = 0.0; #threats <= 75.00; countermeasure = 0.0; flying_speed <= 15.83; #threats <= 75.00; #threats <= 53.00; countermeasure = 0.0; flying_speed <= 15.83; flying_speed <= 15.83; countermeasure = 0.0; flying_speed <= 27.56; #threats <= 75.00; flying_speed <= 15.83; threat_range > 10398.43; countermeasure = 0.0; flying_speed <= 15.83,12,1,1,1,1,1,1,1,1,1,1,1,1,1,1,1,1,1,1,1,1,1,1,1,1
1690,threat_range <= 10398.43; 6.00 < day_time <= 18.00; formation = 0.0; flying_speed <= 38.83; #threats <= 75.00; #threats <= 53.00; #threats <= 53.00; #threats <= 26.00; threat_range <= 20104.47; #threats <= 53.00; day_time > 6.00; weather = 3.0; #threats <= 53.00,9,1,1,1,0,1,1,0,0,1,0,1,1,0,0,1,1,0,1,1,1,1,1,1,1
1691,weather = 1.0; flying_speed <= 27.56; flying_speed <= 15.83; day_time <= 6.00; threat_range <= 20104.47; #threats <= 53.00,8,0,1,1,1,1,1,0,1,1,1,1,1,0,1,1,1,0,1,1,1,1,1,1,1
1692,flying_speed <= 27.56; threat_range <= 20104.47; day_time <= 6.00; weather = 2.0; #threats <= 75.00; threat_range <= 20104.47; day_time <= 6.00; day_time <= 6.00,8,0,0,1,1,1,1,0,0,1,1,1,1,0,0,1,1,0,0,1,1,1,1,1,1
1693,#threats <= 53.00; #threats <= 53.00; flying_speed <= 27.56; flying_speed <= 38.83; day_time <= 12.00; threat_range <= 30458.59; #threats <= 75.00; weather = 4.0; 15.83 < flying_speed <= 27.56; flying_speed <= 27.56,8,0,0,1,1,1,1,0,0,1,1,1,1,0,0,1,1,0,0,1,1,1,1,1,1
1694,countermeasure = 0.0; countermeasure = 0.0; flying_speed <= 27.56; countermeasure = 0.0; countermeasure = 0.0; flying_speed <= 27.56; threat_range <= 30458.59; countermeasure = 0.0; flying_speed <= 27.56; countermeasure = 0.0; countermeasure = 0.0; #threats <= 53.00; threat_range <= 30458.59; formation = 0.0,12,1,1,1,1,1,1,1,1,1,1,1,1,1,1,1,1,1,1,1,1,1,1,1,1
1695,#threats > 75.00; formation = 0.0; 15.83 < flying_speed <= 27.56; flying_speed <= 27.56; countermeasure = 1.0; flying_speed <= 27.56; day_time <= 6.00; day_time <= 6.00; flying_speed <= 27.56; threat_range > 10398.43; flying_speed <= 38.83,9,1,1,1,0,1,1,0,0,1,0,1,0,0,0,1,0,0,0,1,0,1,0,1,0
1696,#threats > 75.00; day_time <= 6.00; 10398.43 < threat_range <= 20104.47; flying_speed <= 38.83; day_time <= 6.00; threat_range > 10398.43; flying_speed <= 27.56; day_time <= 12.00; day_time <= 6.00,8,1,0,1,1,1,1,0,0,1,1,1,1,0,0,1,0,0,0,1,0,0,0,1,0
1697,countermeasure = 0.0; #threats <= 75.00; countermeasure = 0.0; flying_speed <= 15.83; flying_speed <= 15.83; countermeasure = 0.0; flying_speed <= 15.83; #threats <= 53.00; countermeasure = 0.0; flying_speed <= 27.56; countermeasure = 0.0; flying_speed <= 15.83; countermeasure = 0.0; threat_range <= 10398.43; countermeasure = 0.0,12,1,1,1,1,1,1,1,1,1,1,1,1,1,1,1,1,1,1,1,1,1,1,1,1
1698,countermeasure = 0.0; weather = 4.0; countermeasure = 0.0; flying_speed <= 38.83; #threats > 26.00; #threats <= 75.00; countermeasure = 0.0; flying_speed <= 38.83; #threats > 26.00; threat_range <= 30458.59; day_time > 12.00; countermeasure = 0.0; threat_range <= 30458.59; threat_range <= 20104.47; #threats <= 75.00; countermeasure = 0.0,12,1,0,1,1,1,1,1,0,1,1,1,1,1,0,1,1,1,0,1,1,1,1,1,1
1699,#threats <= 26.00; #threats <= 75.00; flying_speed > 27.56; flying_speed > 27.56; flying_speed > 15.83; 10398.43 < threat_range <= 20104.47; formation = 0.0; #threats <= 26.00,8,0,0,1,0,1,1,0,0,1,0,1,0,0,0,1,0,0,0,1,0,1,0,1,0
1700,#threats <= 75.00; day_time > 12.00; #threats > 26.00; day_time > 6.00; formation = 0.0; flying_speed > 38.83; #threats <= 75.00; threat_range > 10398.43; day_time > 12.00; flying_speed > 38.83,8,0,0,1,1,1,1,0,0,1,1,1,1,0,0,1,1,0,0,1,1,1,1,1,1
1701,#threats <= 53.00; #threats <= 75.00; flying_speed > 38.83; #threats <= 26.00,6,0,1,1,0,1,1,0,0,1,0,1,0,0,0,1,0,0,0,1,0,0,0,0,0
1702,#threats > 75.00; flying_speed <= 15.83; day_time <= 6.00; 10398.43 < threat_range <= 30458.59; day_time <= 18.00; flying_speed <= 15.83; #threats > 75.00; 10398.43 < threat_range <= 30458.59; day_time <= 6.00; weather = 1.0; formation = 0.0; flying_speed <= 15.83; day_time <= 6.00; flying_speed <= 15.83; #threats > 75.00; 10398.43 < threat_range <= 30458.59; day_time <= 6.00; weather = 1.0; flying_speed <= 15.83; flying_speed <= 15.83; #threats > 75.00; day_time <= 6.00; 10398.43 < threat_range <= 30458.59; weather = 1.0; flying_speed <= 38.83; flying_speed <= 15.83; threat_range <= 30458.59; weather = 1.0; flying_speed <= 15.83,12,1,1,1,1,1,1,1,1,1,1,1,1,1,1,1,1,1,1,1,1,1,1,1,1
1703,countermeasure = 0.0; day_time <= 6.00; countermeasure = 0.0; day_time <= 6.00; flying_speed <= 38.83; #threats <= 75.00; countermeasure = 0.0; flying_speed <= 38.83; #threats > 26.00; day_time <= 6.00; flying_speed <= 38.83; countermeasure = 0.0; flying_speed <= 38.83; day_time <= 6.00; day_time <= 6.00; countermeasure = 0.0; threat_range <= 20104.47; formation = 0.0,12,1,1,1,1,1,1,1,1,1,1,1,1,1,1,1,1,1,1,1,1,1,1,1,1
1704,threat_range <= 30458.59; #threats <= 26.00; flying_speed <= 38.83; #threats <= 26.00; 10398.43 < threat_range <= 30458.59; #threats <= 53.00; day_time <= 18.00; flying_speed <= 27.56; #threats <= 26.00,8,0,1,1,1,1,1,0,1,1,1,1,1,0,1,1,1,0,1,1,1,1,1,1,1
1705,countermeasure = 0.0; #threats <= 75.00; countermeasure = 0.0; flying_speed <= 38.83; threat_range <= 20104.47; day_time > 18.00; weather = 1.0; weather = 1.0; countermeasure = 0.0; flying_speed <= 38.83; threat_range <= 20104.47; #threats <= 75.00; weather = 1.0; #threats <= 53.00; countermeasure = 0.0; countermeasure = 0.0; #threats <= 53.00; countermeasure = 0.0; flying_speed <= 38.83; #threats <= 53.00,12,1,1,1,1,1,1,1,1,1,1,1,1,1,1,1,1,1,1,1,1,1,1,1,1
1706,countermeasure = 0.0; #threats <= 53.00; countermeasure = 0.0; flying_speed <= 38.83; #threats > 26.00; threat_range > 10398.43; countermeasure = 0.0; flying_speed <= 38.83; threat_range <= 30458.59; #threats <= 53.00; countermeasure = 0.0; #threats <= 53.00; day_time <= 12.00; countermeasure = 0.0; #threats <= 53.00,12,1,1,1,1,1,1,1,1,1,1,1,1,1,1,1,1,1,1,1,1,1,1,1,1
1707,#threats <= 75.00; #threats <= 53.00; 26.00 < #threats <= 53.00; formation = 0.0; flying_speed <= 27.56,5,0,0,1,1,1,1,0,0,1,1,1,1,0,0,0,0,0,0,0,0,1,0,0,0
1708,countermeasure = 0.0,2,1,1,0,0,1,1,0,0,0,0,0,0,0,0,0,0,0,0,0,0,0,0,0,0
1709,countermeasure = 0.0; countermeasure = 0.0; flying_speed <= 38.83; weather = 1.0; countermeasure = 0.0; flying_speed <= 38.83; #threats > 26.00; weather = 1.0; #threats <= 53.00; countermeasure = 0.0; flying_speed <= 38.83; day_time > 6.00,10,1,1,1,0,1,1,1,0,1,0,1,0,1,0,1,0,1,0,1,0,0,0,0,0
1710,#threats <= 75.00; weather = 3.0; flying_speed <= 27.56; #threats <= 53.00; 10398.43 < threat_range <= 20104.47; formation = 1.0; #threats <= 53.00,8,0,0,1,1,1,1,0,0,1,1,1,1,0,0,1,1,0,0,1,1,1,1,1,1
1711,countermeasure = 0.0; #threats <= 75.00; countermeasure = 0.0; flying_speed <= 38.83; 10398.43 < threat_range <= 30458.59; day_time <= 12.00; threat_range > 20104.47; countermeasure = 0.0; 20104.47 < threat_range <= 30458.59; flying_speed <= 38.83; countermeasure = 0.0; formation = 1.0; #threats <= 26.00; #threats <= 53.00; 10398.43 < threat_range <= 30458.59; flying_speed <= 38.83; #threats <= 26.00,12,1,0,1,1,1,1,1,0,1,1,1,1,1,0,1,1,1,0,1,1,1,1,1,1
1712,countermeasure = 0.0; flying_speed <= 15.83; countermeasure = 0.0; flying_speed <= 15.83; threat_range <= 30458.59; threat_range > 20104.47; countermeasure = 0.0; flying_speed <= 15.83; flying_speed <= 15.83; countermeasure = 0.0; flying_speed <= 15.83; flying_speed <= 15.83; countermeasure = 0.0; day_time > 12.00; flying_speed <= 15.83,12,1,1,1,1,1,1,1,1,1,1,1,1,1,1,1,1,1,1,1,1,1,1,1,1
1713,weather = 1.0; threat_range > 20104.47,6,0,0,1,0,1,1,0,0,1,0,1,0,0,0,1,0,0,0,1,0,0,0,0,0
1714,countermeasure = 0.0; countermeasure = 0.0; flying_speed <= 15.83; threat_range <= 30458.59; flying_speed <= 15.83; countermeasure = 0.0; flying_speed <= 15.83; threat_range <= 30458.59; day_time > 12.00; countermeasure = 0.0; flying_speed <= 15.83; flying_speed <= 38.83; flying_speed <= 15.83; weather = 2.0; flying_speed <= 27.56,12,1,1,1,1,1,1,1,1,1,1,1,1,1,1,1,1,1,1,1,1,1,1,1,1
1715,threat_range <= 20104.47; formation = 1.0; 10398.43 < threat_range <= 20104.47; weather = 4.0; formation = 1.0; flying_speed > 38.83,6,0,0,1,1,1,1,0,0,1,1,1,1,0,0,0,0,0,0,0,0,1,1,1,1
1716,countermeasure = 0.0; day_time > 12.00; countermeasure = 0.0; flying_speed <= 27.56; #threats > 53.00; threat_range <= 30458.59; formation = 0.0; countermeasure = 0.0; flying_speed <= 27.56; threat_range <= 20104.47; countermeasure = 0.0; flying_speed <= 27.56; countermeasure = 0.0; #threats > 26.00; threat_range <= 20104.47; formation = 0.0; #threats > 75.00,12,1,0,1,0,1,1,1,0,1,0,1,1,1,0,1,1,1,0,1,1,1,1,1,1
1717,#threats <= 75.00; day_time <= 6.00; weather = 2.0; countermeasure = 1.0; flying_speed > 38.83,7,0,0,1,1,1,1,0,0,1,1,1,1,0,0,1,0,0,0,1,0,0,0,1,1
1718,flying_speed <= 15.83; flying_speed <= 15.83; #threats > 26.00; threat_range <= 20104.47; 26.00 < #threats <= 75.00; day_time > 18.00,8,0,0,1,1,1,1,0,0,1,1,1,1,0,0,1,1,0,0,1,1,1,1,1,1
1719,countermeasure = 0.0; countermeasure = 0.0; flying_speed <= 38.83; weather = 2.0; flying_speed <= 38.83; countermeasure = 0.0; flying_speed <= 38.83; formation = 1.0; threat_range <= 20104.47; countermeasure = 0.0; day_time <= 12.00; #threats > 75.00,11,1,1,1,1,1,0,1,1,1,0,1,1,0,0,1,0,1,0,1,0,1,1,1,1
1720,countermeasure = 0.0; countermeasure = 0.0; flying_speed <= 27.56; #threats > 26.00; day_time > 18.00; #threats <= 53.00; weather = 2.0; countermeasure = 0.0; flying_speed <= 27.56; countermeasure = 0.0; flying_speed <= 27.56; threat_range <= 20104.47; weather = 2.0; flying_speed <= 27.56; countermeasure = 0.0,12,1,0,1,1,1,1,1,0,1,1,1,1,1,0,1,1,1,0,1,1,1,1,1,1
1721,#threats <= 75.00; countermeasure = 1.0; threat_range > 30458.59; flying_speed <= 27.56; weather = 2.0; day_time <= 6.00; 26.00 < #threats <= 75.00; day_time <= 6.00,8,0,0,1,1,1,1,0,0,1,1,1,1,0,0,1,1,0,0,1,1,1,1,1,1
1722,#threats <= 75.00; threat_range > 20104.47; 12.00 < day_time <= 18.00; 53.00 < #threats <= 75.00; threat_range > 10398.43; flying_speed > 38.83; formation = 0.0; countermeasure = 1.0; formation = 0.0,8,0,0,1,1,1,1,0,0,1,1,1,1,0,0,1,1,0,0,1,1,1,1,1,1
1723,#threats <= 75.00; flying_speed > 27.56; day_time > 6.00; 26.00 < #threats <= 53.00; day_time > 18.00; day_time > 18.00,8,0,0,1,1,1,1,0,0,1,1,1,1,0,0,1,1,0,0,1,1,1,1,1,1
1724,countermeasure = 0.0; countermeasure = 0.0; flying_speed <= 15.83; #threats <= 75.00; #threats <= 75.00; countermeasure = 0.0; flying_speed <= 15.83; countermeasure = 0.0; countermeasure = 0.0; flying_speed <= 27.56; day_time > 18.00; flying_speed <= 15.83; day_time > 12.00; weather = 2.0; countermeasure = 0.0,12,1,1,1,1,1,1,1,1,1,1,1,1,1,1,1,1,1,1,1,1,1,1,1,1
1725,countermeasure = 0.0; threat_range > 30458.59; countermeasure = 0.0; flying_speed <= 27.56; day_time > 12.00; #threats > 53.00; flying_speed <= 27.56; countermeasure = 0.0; flying_speed <= 27.56; #threats > 26.00; day_time > 6.00; countermeasure = 0.0; flying_speed <= 27.56; countermeasure = 0.0; countermeasure = 0.0,11,1,1,1,0,1,1,1,0,1,0,1,0,1,0,1,0,1,0,1,0,0,0,1,1
1726,#threats > 75.00; day_time <= 6.00; flying_speed > 15.83; threat_range > 10398.43; day_time <= 6.00; day_time <= 12.00; day_time <= 6.00; formation = 1.0; threat_range > 10398.43; weather = 4.0; flying_speed > 38.83; #threats > 75.00,9,1,0,1,1,1,1,0,0,1,1,1,1,0,0,1,1,0,0,1,1,1,1,1,1
1727,countermeasure = 0.0; #threats <= 53.00; countermeasure = 0.0; 26.00 < #threats <= 53.00; #threats <= 75.00; #threats <= 75.00; countermeasure = 0.0; formation = 1.0; 10398.43 < threat_range <= 30458.59; #threats > 26.00; countermeasure = 0.0; countermeasure = 0.0; 26.00 < #threats <= 53.00; 10398.43 < threat_range <= 30458.59; day_time > 12.00,12,1,0,1,1,1,1,1,0,1,1,1,1,1,0,1,0,1,0,1,0,1,1,1,1
1728,countermeasure = 0.0; #threats <= 53.00; countermeasure = 0.0; threat_range <= 20104.47; day_time <= 18.00; #threats <= 53.00; #threats <= 53.00; countermeasure = 0.0; threat_range <= 30458.59; day_time <= 18.00; #threats <= 75.00; #threats <= 53.00; countermeasure = 0.0; #threats <= 75.00; weather = 1.0; threat_range <= 30458.59; formation = 0.0; #threats <= 53.00; countermeasure = 0.0; threat_range <= 10398.43; countermeasure = 0.0,12,1,1,1,1,1,1,1,1,1,1,1,1,1,1,1,1,1,1,1,1,1,1,1,1
1729,countermeasure = 0.0; #threats <= 75.00; countermeasure = 0.0; flying_speed <= 38.83; #threats > 26.00; #threats <= 75.00; #threats <= 75.00; countermeasure = 0.0; flying_speed <= 38.83; formation = 0.0; countermeasure = 0.0; flying_speed <= 38.83; #threats <= 75.00; 10398.43 < threat_range <= 20104.47; day_time > 6.00,12,1,1,1,1,1,1,1,1,1,1,1,1,1,1,1,1,1,1,1,1,1,1,1,1
1730,countermeasure = 0.0; #threats <= 75.00; countermeasure = 0.0; flying_speed <= 27.56; threat_range <= 20104.47; #threats <= 75.00; #threats <= 53.00; countermeasure = 0.0; flying_speed <= 27.56; #threats > 26.00; threat_range > 10398.43; countermeasure = 0.0; flying_speed <= 27.56; countermeasure = 0.0; 10398.43 < threat_range <= 20104.47; countermeasure = 0.0,12,1,1,1,1,1,1,1,1,1,1,1,1,1,1,1,1,1,1,1,1,1,1,1,1
1731,#threats <= 75.00; #threats <= 75.00; day_time <= 6.00; flying_speed <= 27.56; #threats <= 75.00; day_time <= 6.00; weather = 3.0; #threats <= 75.00; flying_speed > 15.83; formation = 0.0,8,0,1,1,1,1,1,0,1,1,1,1,1,0,1,1,1,0,1,1,1,1,1,1,1
1732,countermeasure = 0.0; #threats <= 26.00; countermeasure = 0.0; day_time <= 6.00; 20104.47 < threat_range <= 30458.59; countermeasure = 0.0; day_time <= 6.00; 10398.43 < threat_range <= 30458.59; countermeasure = 0.0; threat_range <= 30458.59; #threats <= 26.00; threat_range <= 30458.59; countermeasure = 0.0; day_time <= 6.00; weather = 1.0; #threats <= 26.00,12,1,1,1,1,1,1,1,1,1,1,1,1,1,1,1,1,1,1,1,1,1,1,1,1
1733,#threats > 75.00; flying_speed <= 27.56; day_time <= 12.00; weather = 4.0; threat_range > 20104.47; formation = 1.0; #threats > 75.00; flying_speed <= 27.56; formation = 1.0; day_time <= 6.00; threat_range > 10398.43; day_time <= 6.00; threat_range > 30458.59,6,1,1,0,0,1,1,0,0,0,0,0,0,0,0,1,0,1,0,1,0,0,0,1,1
1734,#threats <= 75.00; #threats <= 75.00,6,0,1,1,0,1,1,0,0,1,0,1,0,0,0,1,0,0,0,1,0,0,0,0,0
1735,countermeasure = 0.0; flying_speed <= 15.83; countermeasure = 0.0; flying_speed <= 15.83; #threats <= 75.00; countermeasure = 0.0; flying_speed <= 15.83; threat_range <= 30458.59; day_time <= 18.00; countermeasure = 0.0; flying_speed <= 27.56; flying_speed <= 15.83; day_time > 12.00; threat_range <= 30458.59; flying_speed <= 15.83,12,1,1,1,1,1,1,1,1,1,1,1,1,1,1,1,1,1,1,1,1,1,1,1,1
1736,countermeasure = 0.0; #threats <= 53.00; countermeasure = 0.0; flying_speed <= 27.56; #threats <= 75.00; #threats <= 53.00; countermeasure = 0.0; flying_speed <= 27.56; threat_range <= 30458.59; threat_range <= 10398.43; countermeasure = 0.0; flying_speed <= 27.56; countermeasure = 0.0; 26.00 < #threats <= 53.00; flying_speed <= 27.56; #threats <= 53.00,12,1,1,1,1,1,1,1,1,1,1,1,1,1,1,1,1,1,1,1,1,1,1,1,1
1737,#threats > 53.00; weather = 2.0; 10398.43 < threat_range <= 20104.47; 6.00 < day_time <= 18.00; flying_speed > 38.83; formation = 1.0; #threats <= 75.00; threat_range > 10398.43; day_time <= 12.00; threat_range <= 30458.59; threat_range <= 30458.59; threat_range <= 30458.59; weather = 2.0; 26.00 < #threats <= 75.00; weather = 2.0,9,1,1,1,1,1,1,0,1,1,1,1,1,0,1,1,1,0,1,1,1,1,1,1,1
1738,day_time <= 12.00; flying_speed <= 38.83; threat_range > 10398.43; day_time <= 6.00; #threats <= 53.00; threat_range <= 30458.59,8,0,0,1,1,1,1,0,0,1,1,1,1,0,0,1,1,0,0,1,1,1,1,1,1
1739,#threats > 75.00; flying_speed <= 27.56; threat_range > 30458.59; day_time > 6.00; flying_speed <= 27.56; flying_speed <= 15.83; #threats > 75.00; threat_range > 10398.43; formation = 0.0; flying_speed <= 15.83; flying_speed <= 15.83; flying_speed <= 15.83; #threats > 75.00; threat_range > 10398.43; day_time <= 18.00; weather = 2.0; flying_speed <= 15.83; #threats > 75.00; day_time > 12.00; formation = 0.0; flying_speed <= 15.83; 12.00 < day_time <= 18.00; threat_range > 30458.59,12,1,1,1,1,1,1,1,1,1,1,1,1,1,1,1,1,1,1,1,1,1,1,1,1
1740,countermeasure = 0.0; countermeasure = 0.0; 10398.43 < threat_range <= 30458.59; #threats > 26.00; threat_range > 10398.43; threat_range > 10398.43; countermeasure = 0.0; threat_range <= 30458.59; 10398.43 < threat_range <= 20104.47; countermeasure = 0.0; day_time > 18.00,9,1,1,0,0,1,1,1,0,0,0,1,1,0,0,1,1,1,1,1,1,1,1,1,1
1741,countermeasure = 0.0; #threats <= 75.00; countermeasure = 0.0; threat_range <= 20104.47; countermeasure = 0.0,7,1,1,0,0,1,1,0,0,1,0,1,0,0,0,1,0,0,0,1,0,0,0,1,1
1742,countermeasure = 0.0; #threats <= 75.00; countermeasure = 0.0; flying_speed <= 38.83; threat_range > 10398.43; day_time > 6.00; #threats <= 26.00; countermeasure = 0.0; flying_speed <= 38.83; 10398.43 < threat_range <= 20104.47; #threats <= 26.00; countermeasure = 0.0; flying_speed <= 38.83; #threats <= 53.00; formation = 0.0; day_time > 6.00; flying_speed <= 38.83; formation = 0.0,12,1,0,1,1,1,1,1,0,1,1,1,1,1,0,1,1,1,0,1,1,1,1,1,1
1743,countermeasure = 0.0; #threats <= 53.00; countermeasure = 0.0; flying_speed <= 27.56; flying_speed <= 38.83; countermeasure = 0.0; flying_speed <= 27.56; formation = 0.0; #threats <= 53.00; countermeasure = 0.0; flying_speed <= 27.56; #threats <= 75.00; #threats <= 53.00; countermeasure = 0.0; threat_range > 10398.43; threat_range > 30458.59,12,1,1,1,1,1,1,1,1,1,1,1,1,1,1,1,1,1,1,1,1,1,1,1,1
1744,countermeasure = 0.0; #threats <= 53.00; countermeasure = 0.0; flying_speed <= 15.83; #threats <= 53.00; countermeasure = 0.0; countermeasure = 0.0; flying_speed <= 27.56; #threats > 26.00; #threats <= 75.00; countermeasure = 0.0; flying_speed <= 15.83; #threats <= 53.00; day_time > 18.00,11,1,1,1,0,1,1,1,0,1,0,1,0,1,0,1,0,1,0,1,0,0,0,1,0
1745,countermeasure = 0.0; #threats <= 75.00; countermeasure = 0.0; flying_speed <= 27.56; formation = 1.0; #threats <= 75.00; countermeasure = 0.0; flying_speed <= 27.56; weather = 1.0; day_time > 6.00; countermeasure = 0.0; flying_speed <= 38.83; day_time > 12.00; flying_speed <= 27.56; #threats <= 75.00; countermeasure = 0.0; threat_range <= 30458.59; countermeasure = 0.0,12,1,1,1,1,1,1,1,1,1,1,1,1,1,1,1,1,1,1,1,1,1,1,1,1
1746,#threats <= 75.00; formation = 0.0; flying_speed > 27.56; #threats <= 53.00; weather = 3.0; flying_speed > 38.83; 26.00 < #threats <= 53.00; day_time <= 12.00; threat_range <= 30458.59; threat_range > 20104.47,8,0,0,1,1,1,1,0,0,1,1,1,1,0,0,1,0,0,0,1,0,1,0,1,0
1747,#threats <= 53.00; #threats <= 26.00; #threats <= 53.00; #threats <= 26.00; 10398.43 < threat_range <= 20104.47; #threats <= 75.00; flying_speed > 38.83; flying_speed > 38.83,8,0,0,1,1,1,1,0,0,1,1,1,1,0,0,1,1,0,0,1,1,1,1,1,1
1748,#threats <= 53.00; weather = 2.0; #threats <= 26.00; flying_speed <= 15.83; flying_speed <= 27.56; flying_speed <= 15.83; #threats <= 53.00; threat_range > 30458.59; flying_speed <= 15.83,8,0,0,1,1,1,1,0,0,1,1,1,1,0,0,1,1,0,0,1,1,1,1,1,1
1749,countermeasure = 1.0; #threats > 26.00; flying_speed <= 38.83; 26.00 < #threats <= 53.00; threat_range <= 30458.59; weather = 2.0; day_time > 12.00,8,0,1,1,1,1,1,0,1,1,1,1,1,0,1,1,1,0,1,1,1,1,1,1,1
1750,countermeasure = 0.0; weather = 4.0; countermeasure = 0.0; flying_speed <= 38.83; day_time <= 6.00; #threats <= 53.00; countermeasure = 0.0; day_time <= 6.00; flying_speed <= 38.83; threat_range > 20104.47; countermeasure = 0.0; flying_speed <= 38.83; #threats <= 53.00; 26.00 < #threats <= 53.00; day_time <= 6.00,12,1,1,1,1,1,1,1,1,1,1,1,1,1,1,1,1,1,1,1,1,1,1,1,1
1751,day_time > 12.00; #threats <= 75.00; day_time > 6.00; #threats <= 75.00; flying_speed > 38.83; 10398.43 < threat_range <= 30458.59; day_time > 12.00; #threats <= 75.00; flying_speed > 38.83,8,0,0,1,0,1,1,0,0,1,0,1,0,0,0,1,0,0,0,1,0,1,0,1,1
1752,threat_range > 20104.47; #threats <= 75.00; flying_speed > 27.56; threat_range > 20104.47; flying_speed <= 38.83; day_time <= 6.00; #threats <= 53.00; threat_range <= 30458.59; day_time <= 6.00,8,0,0,1,1,1,1,0,0,1,1,1,1,0,0,1,1,0,0,1,1,1,1,1,1
1753,countermeasure = 0.0; day_time <= 18.00; countermeasure = 0.0; flying_speed <= 38.83; weather = 2.0; threat_range > 20104.47; threat_range > 30458.59; countermeasure = 0.0; flying_speed <= 38.83; #threats > 53.00; countermeasure = 0.0; countermeasure = 0.0; countermeasure = 0.0; weather = 2.0; 12.00 < day_time <= 18.00; threat_range > 10398.43; flying_speed <= 38.83; formation = 0.0; threat_range > 20104.47,12,1,1,1,1,1,1,1,1,1,1,1,1,1,1,1,1,1,1,1,1,1,1,1,1
1754,countermeasure = 0.0; #threats <= 75.00; countermeasure = 0.0; 26.00 < #threats <= 75.00; threat_range > 10398.43; countermeasure = 0.0; threat_range > 30458.59; countermeasure = 0.0; 53.00 < #threats <= 75.00; day_time <= 12.00; weather = 1.0; countermeasure = 0.0; threat_range > 10398.43; countermeasure = 0.0; day_time <= 12.00; 26.00 < #threats <= 75.00; formation = 0.0; flying_speed > 15.83; flying_speed > 38.83,12,1,0,1,1,1,1,1,0,1,1,1,1,1,0,1,1,1,0,1,1,1,1,1,1
1755,countermeasure = 0.0; #threats <= 26.00; countermeasure = 0.0; threat_range > 10398.43; weather = 1.0; day_time <= 18.00; #threats <= 75.00; day_time > 6.00; formation = 1.0; countermeasure = 0.0; threat_range > 10398.43; weather = 1.0; formation = 1.0; 6.00 < day_time <= 18.00; #threats <= 75.00; #threats <= 75.00; countermeasure = 0.0; formation = 1.0; day_time <= 18.00; flying_speed > 15.83; flying_speed > 38.83,11,1,1,1,0,1,1,1,0,1,0,1,0,1,0,1,0,1,0,1,0,0,0,1,1
1756,countermeasure = 0.0; flying_speed <= 38.83; countermeasure = 0.0; flying_speed <= 27.56; threat_range > 10398.43; threat_range > 20104.47; weather = 2.0; countermeasure = 0.0; flying_speed <= 27.56; threat_range <= 30458.59; day_time > 12.00; day_time > 12.00; countermeasure = 0.0; flying_speed <= 27.56; #threats <= 75.00; day_time > 12.00; #threats <= 53.00; 10398.43 < threat_range <= 30458.59; #threats <= 53.00,12,1,1,1,1,1,1,1,1,1,1,1,1,1,1,1,1,1,1,1,1,1,1,1,1
1757,countermeasure = 0.0; threat_range > 20104.47; countermeasure = 0.0; #threats > 26.00; 10398.43 < threat_range <= 30458.59; weather = 4.0; countermeasure = 0.0; day_time <= 6.00; countermeasure = 0.0; day_time <= 12.00; 10398.43 < threat_range <= 30458.59; weather = 4.0; countermeasure = 0.0; 20104.47 < threat_range <= 30458.59; day_time <= 6.00; countermeasure = 0.0; #threats > 75.00,12,1,1,1,1,1,1,1,1,1,1,1,1,1,1,1,1,1,1,1,1,1,1,1,1
1758,flying_speed <= 15.83; day_time <= 6.00; weather = 1.0; #threats > 26.00; #threats <= 53.00; flying_speed <= 15.83; weather = 1.0; threat_range <= 20104.47; day_time <= 12.00; #threats > 26.00; flying_speed <= 15.83; 10398.43 < threat_range <= 30458.59; weather = 1.0; #threats > 26.00; day_time <= 6.00; #threats <= 53.00; flying_speed <= 15.83; weather = 1.0; day_time <= 6.00; #threats > 26.00; 10398.43 < threat_range <= 20104.47; formation = 1.0; formation = 1.0; flying_speed <= 15.83; threat_range <= 20104.47; weather = 1.0; flying_speed <= 15.83,12,1,1,1,1,1,1,1,1,1,1,1,1,1,1,1,1,1,1,1,1,1,1,1,1
1759,countermeasure = 0.0; flying_speed <= 27.56; countermeasure = 0.0; flying_speed <= 27.56; countermeasure = 0.0; flying_speed <= 38.83; weather = 1.0; #threats <= 75.00; countermeasure = 0.0; countermeasure = 0.0; flying_speed <= 27.56; #threats <= 75.00; #threats <= 26.00; countermeasure = 0.0; 10398.43 < threat_range <= 30458.59,11,1,1,1,0,1,1,1,0,1,0,1,0,1,0,1,0,1,0,1,0,1,0,0,0
1760,countermeasure = 0.0; #threats <= 75.00; countermeasure = 0.0; flying_speed <= 38.83; formation = 1.0; day_time > 6.00; countermeasure = 0.0; flying_speed <= 38.83; 10398.43 < threat_range <= 30458.59; countermeasure = 0.0; countermeasure = 0.0; 10398.43 < threat_range <= 20104.47; #threats > 53.00; countermeasure = 0.0,12,1,1,1,1,1,1,1,1,1,1,1,1,1,1,1,1,1,1,1,1,1,1,1,1
1761,day_time > 18.00; threat_range > 20104.47; threat_range > 20104.47; flying_speed <= 27.56; 26.00 < #threats <= 53.00; flying_speed <= 27.56,7,0,0,1,1,1,1,0,0,1,1,1,1,0,0,1,0,0,0,1,0,1,0,0,0
1762,flying_speed <= 15.83; flying_speed <= 27.56; day_time <= 6.00; threat_range > 20104.47; flying_speed <= 27.56; flying_speed <= 15.83; day_time <= 6.00; flying_speed <= 15.83,8,0,0,1,1,1,1,0,0,1,1,1,1,0,0,1,1,0,0,1,1,1,1,1,1
1763,countermeasure = 0.0; countermeasure = 0.0; flying_speed <= 38.83; countermeasure = 0.0; countermeasure = 0.0; flying_speed <= 38.83; day_time <= 18.00; countermeasure = 0.0,9,1,0,1,1,1,1,0,0,1,1,1,1,0,0,1,0,1,0,1,0,0,0,1,1
1764,#threats <= 75.00; #threats <= 75.00; #threats <= 53.00; threat_range <= 10398.43; threat_range <= 30458.59; threat_range <= 20104.47; day_time <= 6.00; #threats <= 53.00; day_time <= 6.00,8,0,1,1,1,1,1,0,1,1,1,1,1,0,1,1,1,0,1,1,1,1,1,1,1
1765,countermeasure = 0.0; #threats <= 53.00; countermeasure = 0.0; flying_speed <= 27.56; 26.00 < #threats <= 75.00; weather = 2.0; countermeasure = 0.0; 26.00 < #threats <= 75.00; threat_range <= 30458.59; weather = 2.0; countermeasure = 0.0; flying_speed <= 27.56; 26.00 < #threats <= 53.00; countermeasure = 0.0; flying_speed <= 27.56; weather = 2.0,12,1,1,1,1,1,1,1,1,1,1,1,1,1,1,1,1,1,1,1,1,1,1,1,1
1766,countermeasure = 0.0; weather = 4.0; countermeasure = 0.0; flying_speed <= 38.83; 10398.43 < threat_range <= 20104.47; #threats <= 53.00; #threats <= 26.00; countermeasure = 0.0; flying_speed <= 38.83; 10398.43 < threat_range <= 20104.47; flying_speed <= 38.83; countermeasure = 0.0; flying_speed <= 38.83; flying_speed <= 38.83; #threats <= 53.00; weather = 4.0; day_time <= 18.00; #threats <= 53.00,12,1,1,1,0,1,1,1,0,1,0,1,0,1,0,1,0,1,0,1,0,1,1,1,1
1767,countermeasure = 0.0; threat_range <= 30458.59; threat_range > 10398.43; threat_range <= 30458.59; weather = 4.0; 10398.43 < threat_range <= 20104.47; countermeasure = 0.0,9,1,0,1,1,1,1,0,0,1,1,1,1,0,0,1,1,0,0,1,1,1,1,1,1
1768,#threats <= 26.00; #threats <= 26.00; #threats <= 26.00; #threats <= 26.00; day_time <= 6.00; #threats <= 53.00; flying_speed <= 38.83; weather = 2.0; #threats <= 26.00,8,0,0,1,1,1,1,0,0,1,1,1,1,0,0,1,1,0,0,1,1,1,1,1,1
1769,#threats <= 75.00; #threats <= 75.00; #threats <= 75.00; #threats <= 26.00; #threats <= 26.00; day_time <= 6.00; formation = 1.0; #threats <= 26.00; threat_range > 30458.59; flying_speed > 38.83; weather = 4.0; day_time <= 6.00,8,0,1,1,1,1,1,0,1,1,1,1,1,0,1,1,1,0,1,1,1,1,1,1,1
1770,countermeasure = 0.0; #threats <= 75.00; countermeasure = 0.0; flying_speed <= 38.83; #threats > 26.00; countermeasure = 0.0; flying_speed <= 38.83; #threats > 26.00; threat_range > 30458.59; countermeasure = 0.0; flying_speed <= 38.83; threat_range > 30458.59; threat_range > 30458.59,11,1,1,1,0,1,1,1,0,1,0,1,0,1,0,1,0,1,0,1,0,0,0,1,1
1771,countermeasure = 0.0; flying_speed <= 38.83; countermeasure = 0.0; flying_speed <= 15.83; threat_range <= 30458.59; #threats <= 75.00; threat_range <= 30458.59; countermeasure = 0.0; flying_speed <= 15.83; flying_speed <= 15.83; countermeasure = 0.0; flying_speed <= 27.56; day_time > 6.00; flying_speed <= 15.83; 10398.43 < threat_range <= 20104.47; flying_speed <= 15.83,12,1,1,1,1,1,1,1,1,1,1,1,1,1,1,1,1,1,1,1,1,1,1,1,1
1772,countermeasure = 0.0; #threats <= 75.00; countermeasure = 0.0; 26.00 < #threats <= 75.00; threat_range <= 30458.59; weather = 1.0; countermeasure = 0.0; 10398.43 < threat_range <= 20104.47; formation = 1.0; countermeasure = 0.0; countermeasure = 0.0; weather = 1.0; threat_range <= 20104.47; flying_speed > 38.83; #threats <= 75.00; countermeasure = 0.0,12,1,1,1,0,1,1,1,0,1,0,1,1,1,0,1,1,1,1,1,1,1,1,1,1
1773,countermeasure = 0.0; #threats <= 75.00; countermeasure = 0.0; flying_speed <= 38.83; 10398.43 < threat_range <= 20104.47; #threats <= 26.00; weather = 1.0; countermeasure = 0.0; flying_speed <= 38.83; threat_range > 10398.43; #threats <= 26.00; countermeasure = 0.0; threat_range > 10398.43; flying_speed <= 38.83; formation = 0.0; 10398.43 < threat_range <= 30458.59; #threats <= 53.00; weather = 1.0; day_time > 12.00,12,1,1,1,1,1,1,1,1,1,1,1,1,1,1,1,1,1,1,1,1,1,1,1,1
1774,#threats <= 75.00; formation = 0.0; threat_range > 20104.47; day_time > 18.00; day_time > 18.00; formation = 0.0,7,0,0,1,0,1,1,0,0,1,0,1,0,0,0,1,0,0,0,1,0,0,0,1,0
1775,#threats <= 26.00; #threats <= 53.00; #threats <= 53.00; #threats <= 75.00; flying_speed > 27.56; #threats <= 53.00; formation = 0.0; threat_range <= 30458.59; weather = 1.0; day_time <= 18.00; #threats <= 26.00,8,0,0,1,1,1,1,0,0,1,1,1,1,0,0,1,1,0,0,1,1,1,1,1,1
1776,#threats <= 75.00; #threats <= 75.00; day_time > 18.00; #threats <= 75.00; day_time > 18.00; threat_range <= 10398.43,7,0,0,1,1,1,1,0,0,1,1,1,1,0,0,1,0,0,0,1,0,0,0,1,1
1777,day_time <= 6.00; #threats <= 75.00; flying_speed <= 38.83; 10398.43 < threat_range <= 20104.47; day_time <= 6.00,7,0,0,1,0,1,1,0,0,1,0,1,0,0,0,0,0,0,0,1,0,1,0,1,1
1778,countermeasure = 0.0; flying_speed <= 15.83; countermeasure = 0.0; flying_speed <= 15.83; flying_speed <= 15.83; countermeasure = 0.0; flying_speed <= 15.83; day_time <= 12.00; countermeasure = 0.0; flying_speed <= 27.56; #threats <= 75.00; flying_speed <= 15.83; weather = 2.0; day_time <= 6.00,12,1,1,1,1,1,1,1,1,1,1,1,1,1,1,1,1,1,1,1,1,1,1,1,1
1779,countermeasure = 0.0; countermeasure = 0.0; flying_speed <= 27.56; #threats > 26.00; flying_speed <= 38.83; weather = 1.0; countermeasure = 0.0; flying_speed <= 38.83; threat_range <= 30458.59; #threats > 53.00; countermeasure = 0.0; flying_speed <= 27.56; countermeasure = 0.0; 10398.43 < threat_range <= 20104.47; countermeasure = 0.0; #threats > 75.00,12,1,1,1,0,1,1,1,0,1,0,1,0,1,0,1,0,1,0,1,0,1,1,1,1
1780,countermeasure = 0.0; countermeasure = 0.0; flying_speed <= 38.83; countermeasure = 0.0; flying_speed <= 15.83; flying_speed <= 15.83; countermeasure = 0.0; flying_speed <= 27.56; #threats <= 53.00; countermeasure = 0.0,11,1,1,1,0,1,1,1,0,1,0,1,0,1,0,1,0,1,0,1,0,0,0,1,1
1781,flying_speed <= 15.83; #threats > 26.00; day_time <= 6.00; threat_range <= 10398.43; formation = 1.0; #threats <= 53.00; flying_speed <= 15.83; 26.00 < #threats <= 75.00; threat_range <= 10398.43; weather = 3.0; day_time <= 18.00; day_time <= 6.00; flying_speed <= 15.83; flying_speed <= 15.83; #threats > 26.00; threat_range <= 20104.47; day_time <= 6.00; flying_speed <= 15.83; flying_speed <= 15.83; #threats > 26.00; day_time <= 12.00; weather = 3.0; threat_range <= 10398.43; formation = 1.0; flying_speed <= 15.83; day_time <= 6.00; day_time <= 6.00,12,1,1,1,1,1,1,1,1,1,1,1,1,1,1,1,1,1,1,1,1,1,1,1,1
1782,countermeasure = 0.0; weather = 3.0; countermeasure = 0.0; flying_speed <= 15.83; flying_speed <= 15.83; flying_speed <= 15.83; countermeasure = 0.0; flying_speed <= 15.83; threat_range <= 30458.59; day_time <= 12.00; flying_speed <= 15.83; countermeasure = 0.0; flying_speed <= 27.56; flying_speed <= 15.83; countermeasure = 0.0; flying_speed <= 15.83,12,1,1,1,1,1,1,1,1,1,1,1,1,1,1,1,1,1,1,1,1,1,1,1,1
1783,#threats <= 75.00; #threats <= 75.00; flying_speed <= 38.83; threat_range <= 20104.47; 26.00 < #threats <= 75.00; 15.83 < flying_speed <= 27.56; day_time > 12.00,8,0,0,1,1,1,1,0,0,1,1,1,1,0,0,1,1,0,0,1,1,1,1,1,1
1784,countermeasure = 0.0; countermeasure = 0.0; countermeasure = 0.0; 26.00 < #threats <= 75.00; weather = 1.0,6,1,1,0,0,1,1,0,0,0,0,1,0,0,0,1,0,1,0,1,0,0,0,0,0
1785,formation = 1.0; #threats <= 75.00; day_time > 6.00; threat_range <= 10398.43; 26.00 < #threats <= 75.00; threat_range <= 20104.47; formation = 1.0,7,0,0,1,0,1,1,0,0,1,0,1,0,0,0,1,0,0,0,1,0,1,0,0,0
1786,day_time > 6.00; #threats <= 75.00; #threats <= 75.00; threat_range > 10398.43; weather = 1.0; weather = 1.0; 10398.43 < threat_range <= 20104.47; 26.00 < #threats <= 75.00; formation = 0.0,8,0,0,1,1,1,1,0,0,1,1,1,1,0,0,1,1,0,0,1,1,1,1,1,1
1787,#threats <= 75.00; #threats <= 53.00; #threats <= 75.00; threat_range > 20104.47; day_time > 12.00; #threats <= 53.00; weather = 3.0; flying_speed > 27.56; threat_range > 10398.43; day_time <= 18.00; formation = 0.0; #threats <= 53.00,8,0,0,1,0,1,1,0,0,1,0,1,0,0,0,1,0,0,0,1,0,1,1,1,1
1788,countermeasure = 0.0; #threats <= 75.00; countermeasure = 0.0; flying_speed <= 38.83; #threats > 26.00; countermeasure = 0.0; flying_speed <= 38.83; #threats <= 75.00; weather = 4.0; countermeasure = 0.0; day_time <= 12.00; day_time <= 12.00; countermeasure = 0.0; flying_speed <= 38.83; formation = 1.0; day_time <= 12.00,12,1,1,1,1,1,1,1,1,1,1,1,1,1,1,1,1,1,1,1,1,1,1,1,1
1789,countermeasure = 0.0; #threats <= 75.00; countermeasure = 0.0; #threats > 26.00; flying_speed <= 38.83; #threats <= 75.00; threat_range > 20104.47; countermeasure = 0.0; day_time <= 6.00; flying_speed <= 38.83; countermeasure = 0.0; flying_speed <= 38.83; weather = 3.0; flying_speed <= 38.83; 26.00 < #threats <= 53.00; threat_range <= 30458.59; day_time <= 6.00,12,1,1,1,1,1,1,1,1,1,1,1,1,1,1,1,1,1,1,1,1,1,1,1,1
1790,#threats <= 75.00; flying_speed <= 15.83; flying_speed <= 15.83; flying_speed <= 15.83; day_time <= 18.00; #threats <= 26.00; flying_speed <= 15.83,8,0,0,1,1,1,1,0,0,1,1,1,1,0,0,1,1,0,0,1,1,1,1,1,1
1791,#threats <= 26.00; #threats <= 26.00; flying_speed <= 15.83; weather = 2.0; flying_speed <= 15.83; threat_range > 20104.47; day_time > 6.00; flying_speed <= 15.83,8,0,0,1,1,1,1,0,0,1,1,1,1,0,0,1,1,0,0,1,1,1,1,1,1
1792,#threats > 75.00; flying_speed <= 15.83; day_time <= 6.00; threat_range <= 20104.47; flying_speed <= 15.83; weather = 3.0; flying_speed <= 38.83,8,1,0,1,1,1,1,0,0,1,1,1,1,0,0,1,0,0,0,1,0,0,0,1,0
1793,#threats > 75.00; 10398.43 < threat_range <= 20104.47; flying_speed > 27.56; formation = 0.0; day_time <= 6.00; weather = 2.0; threat_range <= 30458.59; weather = 2.0; day_time <= 6.00; weather = 2.0; threat_range <= 20104.47; 10398.43 < threat_range <= 20104.47; #threats > 26.00; flying_speed > 38.83,9,1,0,1,0,1,1,0,0,1,0,1,0,0,0,1,0,0,0,1,0,1,0,1,0
1794,countermeasure = 0.0; threat_range > 30458.59; countermeasure = 0.0; flying_speed <= 27.56; day_time <= 6.00; countermeasure = 0.0; flying_speed <= 27.56; #threats > 53.00; day_time <= 12.00; countermeasure = 0.0; countermeasure = 0.0; day_time <= 6.00; countermeasure = 0.0; 15.83 < flying_speed <= 38.83,11,1,1,1,0,1,1,1,0,1,0,1,0,1,0,1,0,1,0,1,0,1,0,0,0
1795,threat_range <= 20104.47; flying_speed <= 15.83; flying_speed <= 15.83; weather = 1.0; flying_speed <= 15.83; day_time <= 18.00; threat_range <= 30458.59; formation = 1.0,8,0,0,1,1,1,1,0,0,1,1,1,1,0,0,1,1,0,0,1,1,1,1,1,1
1796,threat_range > 20104.47; threat_range > 20104.47; #threats > 75.00; threat_range > 10398.43; threat_range > 20104.47; 12.00 < day_time <= 18.00; threat_range > 10398.43; flying_speed <= 38.83; #threats > 75.00; weather = 2.0; formation = 0.0; threat_range > 30458.59,8,0,0,1,1,1,1,0,0,1,1,1,1,0,0,1,0,0,0,1,0,1,1,1,1
1797,threat_range > 20104.47; flying_speed <= 38.83; formation = 0.0; threat_range > 30458.59; 6.00 < day_time <= 18.00; flying_speed <= 38.83; threat_range > 30458.59,8,0,0,1,1,1,1,0,0,1,1,1,1,0,0,1,1,0,0,1,1,1,1,1,1
1798,countermeasure = 0.0; flying_speed <= 15.83; countermeasure = 0.0; flying_speed <= 15.83; threat_range > 20104.47; flying_speed <= 15.83; countermeasure = 0.0; flying_speed <= 15.83; flying_speed <= 15.83; countermeasure = 0.0; flying_speed <= 15.83; threat_range > 20104.47,11,1,1,1,0,1,1,1,0,1,0,1,0,1,0,1,0,1,0,1,0,0,0,1,1
1799,countermeasure = 0.0; flying_speed <= 27.56,5,1,1,0,0,1,1,0,0,0,0,1,0,0,0,1,0,0,0,1,0,0,0,0,0
1800,#threats <= 53.00; #threats <= 53.00; #threats <= 53.00; threat_range > 20104.47; day_time > 12.00,7,0,0,1,0,1,1,0,0,1,0,1,0,0,0,1,0,0,0,1,0,0,0,1,1
1801,#threats > 75.00; flying_speed <= 15.83; weather = 3.0; 6.00 < day_time <= 18.00; formation = 0.0; flying_speed <= 27.56; flying_speed <= 38.83; day_time <= 12.00; flying_speed <= 15.83; day_time <= 12.00; 10398.43 < threat_range <= 30458.59; flying_speed <= 15.83,9,1,0,1,1,1,1,0,0,1,1,1,1,0,0,1,1,0,0,1,1,1,1,1,1
1802,countermeasure = 0.0; #threats <= 75.00; countermeasure = 0.0; flying_speed <= 15.83; flying_speed <= 15.83; flying_speed <= 15.83; countermeasure = 0.0; flying_speed <= 15.83; countermeasure = 0.0; flying_speed <= 15.83; flying_speed <= 15.83; flying_speed <= 15.83; #threats <= 53.00; flying_speed <= 15.83,12,1,1,1,1,1,1,1,1,1,1,1,1,1,1,1,1,1,1,1,1,1,1,1,1
1803,#threats > 75.00; day_time <= 6.00; threat_range <= 20104.47; countermeasure = 1.0; day_time <= 6.00; threat_range <= 20104.47; #threats > 75.00; 10398.43 < threat_range <= 20104.47; day_time <= 6.00; weather = 1.0; formation = 0.0; day_time <= 6.00; threat_range <= 20104.47; #threats > 26.00; flying_speed > 38.83,10,1,1,1,1,1,1,0,1,1,1,1,1,0,1,1,1,1,1,1,1,1,1,1,1
1804,countermeasure = 0.0; #threats <= 75.00; countermeasure = 0.0; flying_speed <= 27.56; flying_speed <= 27.56; countermeasure = 0.0; flying_speed <= 27.56; threat_range <= 20104.47; flying_speed <= 27.56; countermeasure = 0.0; flying_speed <= 27.56; flying_speed <= 27.56; flying_speed <= 27.56; 10398.43 < threat_range <= 20104.47; formation = 0.0,12,1,1,1,1,1,1,1,1,1,1,1,1,1,1,1,1,1,1,1,1,1,1,1,1
1805,countermeasure = 0.0; #threats <= 53.00; threat_range <= 30458.59; #threats <= 75.00; #threats <= 53.00; flying_speed > 38.83; countermeasure = 0.0; #threats <= 53.00; flying_speed > 38.83,9,1,1,1,1,1,1,0,1,1,1,1,1,0,1,1,1,0,1,1,1,1,1,1,1
1806,countermeasure = 0.0; #threats <= 75.00; countermeasure = 0.0; flying_speed <= 38.83; #threats > 26.00; day_time > 6.00; countermeasure = 0.0; flying_speed <= 38.83; #threats <= 75.00,9,1,1,1,0,1,1,1,0,1,0,1,0,0,0,1,0,1,0,1,0,0,0,0,0
1807,#threats > 75.00; flying_speed <= 15.83; weather = 4.0; threat_range > 20104.47; 6.00 < day_time <= 18.00; flying_speed <= 15.83; flying_speed <= 15.83; flying_speed <= 15.83,6,1,1,0,0,1,1,0,0,0,0,1,0,0,0,1,0,0,0,1,0,0,0,1,1
1808,weather = 3.0; threat_range > 20104.47; threat_range > 10398.43; countermeasure = 1.0; 15.83 < flying_speed <= 27.56; 26.00 < #threats <= 75.00; 10398.43 < threat_range <= 30458.59; day_time > 18.00,8,0,1,1,1,1,1,0,1,1,1,1,1,0,1,1,1,0,1,1,1,1,1,1,1
1809,countermeasure = 0.0; #threats <= 75.00; countermeasure = 0.0; threat_range > 10398.43; #threats <= 75.00; day_time <= 18.00; #threats <= 53.00; countermeasure = 0.0; formation = 1.0; #threats <= 75.00; day_time <= 18.00; threat_range > 10398.43; countermeasure = 0.0; day_time > 12.00; formation = 1.0; day_time <= 18.00; #threats <= 26.00; countermeasure = 0.0; threat_range > 10398.43; 12.00 < day_time <= 18.00; flying_speed > 38.83; formation = 1.0; threat_range > 30458.59,12,1,1,1,1,1,1,1,1,1,1,1,1,1,1,1,1,1,1,1,1,1,1,1,1
1810,countermeasure = 0.0; #threats <= 53.00; #threats <= 26.00; flying_speed > 15.83; #threats <= 53.00; formation = 1.0; #threats <= 26.00; countermeasure = 0.0; threat_range > 30458.59; weather = 4.0; #threats <= 53.00,9,1,1,1,0,1,1,0,0,1,0,1,0,0,0,1,0,0,0,1,0,1,1,1,1
1811,countermeasure = 0.0; flying_speed <= 15.83; countermeasure = 0.0; flying_speed <= 15.83; threat_range <= 30458.59; flying_speed <= 15.83; weather = 1.0; countermeasure = 0.0; flying_speed <= 15.83; weather = 1.0; countermeasure = 0.0; flying_speed <= 15.83; flying_speed <= 15.83; flying_speed <= 15.83; countermeasure = 0.0; flying_speed <= 15.83,12,1,1,1,1,1,1,1,1,1,1,1,1,1,1,1,1,1,1,1,1,1,1,1,1
1812,day_time <= 6.00; threat_range <= 30458.59; formation = 0.0; day_time <= 6.00; threat_range <= 20104.47; #threats <= 53.00; day_time <= 6.00,8,0,1,1,0,1,1,0,0,1,0,1,0,0,0,1,0,0,0,1,0,1,0,1,0
1813,#threats <= 75.00; #threats <= 75.00; weather = 3.0; formation = 0.0; 10398.43 < threat_range <= 30458.59; #threats <= 53.00; weather = 3.0; #threats <= 26.00,8,0,0,1,1,1,1,0,0,1,1,1,1,0,0,1,1,0,0,1,1,1,1,1,1
1814,countermeasure = 0.0; countermeasure = 0.0; flying_speed <= 38.83; #threats > 26.00; threat_range > 10398.43; day_time > 12.00; countermeasure = 0.0; flying_speed <= 27.56; threat_range <= 30458.59; day_time > 6.00; countermeasure = 0.0; flying_speed <= 27.56; flying_speed <= 38.83; flying_speed <= 27.56; countermeasure = 0.0; day_time <= 18.00; threat_range <= 30458.59; weather = 1.0,11,1,1,1,0,1,1,1,0,1,0,1,0,1,0,1,0,1,0,1,0,1,0,0,0
1815,countermeasure = 0.0; #threats <= 53.00; countermeasure = 0.0; day_time > 18.00; 26.00 < #threats <= 75.00; threat_range > 10398.43; formation = 0.0; flying_speed > 27.56; countermeasure = 0.0; 26.00 < #threats <= 53.00; weather = 2.0; threat_range > 10398.43; countermeasure = 0.0; 26.00 < #threats <= 75.00; 26.00 < #threats <= 53.00; day_time > 18.00; countermeasure = 0.0,12,1,1,1,1,1,1,1,1,1,1,1,1,1,1,1,1,1,1,1,1,1,1,1,1
1816,countermeasure = 0.0; #threats <= 75.00; countermeasure = 0.0; flying_speed <= 27.56; #threats > 53.00; #threats > 26.00; countermeasure = 0.0; flying_speed <= 27.56; threat_range > 10398.43; countermeasure = 0.0; flying_speed <= 15.83; flying_speed <= 15.83; flying_speed <= 15.83; threat_range > 10398.43; threat_range > 10398.43,12,1,1,1,1,1,1,1,1,1,1,1,1,1,1,1,1,1,1,1,1,1,1,1,1
1817,countermeasure = 0.0; day_time > 12.00; countermeasure = 0.0; flying_speed <= 38.83; formation = 0.0; countermeasure = 0.0; threat_range <= 30458.59; flying_speed <= 38.83; threat_range > 10398.43; countermeasure = 0.0; flying_speed <= 38.83; #threats <= 53.00; countermeasure = 0.0; weather = 3.0; formation = 0.0,12,1,1,1,1,1,1,1,1,1,1,1,1,1,1,1,1,1,1,1,1,1,1,1,1
1818,#threats > 75.00; weather = 2.0; flying_speed <= 27.56; formation = 1.0; threat_range > 20104.47; threat_range > 10398.43; threat_range <= 30458.59; formation = 1.0,8,1,1,1,0,1,1,0,0,1,0,1,0,0,0,1,0,0,0,1,0,0,0,1,0
1819,countermeasure = 0.0; #threats <= 75.00; countermeasure = 0.0; flying_speed <= 27.56; day_time <= 6.00; #threats <= 75.00; day_time <= 6.00; countermeasure = 0.0; flying_speed <= 27.56; #threats <= 75.00; countermeasure = 0.0; flying_speed <= 38.83; flying_speed <= 27.56; 26.00 < #threats <= 53.00; day_time <= 6.00,12,1,1,1,1,1,1,1,1,1,1,1,1,1,1,1,1,1,1,1,1,1,1,1,1
1820,countermeasure = 0.0; flying_speed <= 38.83; countermeasure = 0.0; flying_speed <= 27.56; #threats <= 75.00; #threats <= 75.00; countermeasure = 0.0; flying_speed <= 27.56; threat_range <= 20104.47; flying_speed <= 38.83; countermeasure = 0.0; flying_speed <= 27.56; day_time > 18.00; day_time > 18.00,11,1,1,1,0,1,1,1,0,1,0,1,0,1,0,1,0,1,0,1,0,0,0,1,1
1821,flying_speed <= 27.56; #threats <= 75.00; #threats > 26.00; #threats <= 53.00,7,0,0,1,0,1,1,0,0,1,0,1,0,0,0,1,0,0,0,1,0,0,0,1,0
1822,#threats > 75.00; flying_speed <= 38.83; weather = 3.0; day_time <= 6.00; day_time <= 6.00; day_time <= 12.00; threat_range > 30458.59; flying_speed <= 38.83; flying_speed > 27.56,8,1,1,1,0,1,1,0,0,1,0,1,0,0,0,1,0,0,0,1,0,0,0,1,0
1823,flying_speed <= 15.83; flying_speed <= 15.83; flying_speed <= 15.83; flying_speed <= 15.83; flying_speed <= 15.83,7,0,1,1,0,1,1,0,0,1,0,1,0,0,0,1,0,0,0,1,0,0,0,1,1
1824,#threats <= 53.00; #threats <= 26.00; weather = 2.0; #threats <= 53.00; threat_range <= 20104.47; weather = 2.0; #threats <= 75.00; #threats <= 53.00,8,0,1,1,0,1,1,0,0,1,0,1,1,0,0,1,1,0,1,1,1,1,1,1,1
1825,countermeasure = 0.0; day_time <= 6.00; weather = 2.0; threat_range <= 20104.47; countermeasure = 0.0; #threats > 53.00; countermeasure = 0.0; countermeasure = 0.0; day_time <= 6.00; day_time <= 6.00,10,1,1,1,0,1,1,0,0,1,0,1,1,0,0,1,1,1,1,1,1,1,1,1,1
1826,flying_speed <= 27.56; day_time > 18.00; flying_speed <= 38.83; day_time > 18.00; threat_range <= 20104.47; flying_speed <= 27.56; formation = 1.0; day_time > 18.00,8,0,0,1,0,1,1,0,0,1,0,1,0,0,0,1,0,0,0,1,0,1,0,1,1
1827,countermeasure = 0.0; #threats <= 75.00; countermeasure = 0.0; #threats <= 75.00; formation = 1.0; day_time <= 12.00; threat_range <= 20104.47; #threats <= 75.00; countermeasure = 0.0; formation = 1.0; day_time <= 12.00; 10398.43 < threat_range <= 20104.47; threat_range > 10398.43; countermeasure = 0.0; threat_range <= 30458.59; countermeasure = 0.0; threat_range <= 30458.59; countermeasure = 0.0; #threats <= 75.00; #threats <= 26.00,12,1,1,1,1,1,1,1,1,1,1,1,1,1,1,1,1,1,1,1,1,1,1,1,1
1828,countermeasure = 0.0; #threats <= 75.00; countermeasure = 0.0; flying_speed <= 27.56; threat_range > 10398.43; #threats <= 75.00; countermeasure = 0.0; flying_speed <= 27.56; threat_range <= 20104.47; flying_speed <= 27.56; countermeasure = 0.0; flying_speed <= 38.83; #threats <= 53.00; 10398.43 < threat_range <= 20104.47; #threats > 26.00; #threats <= 75.00,12,1,0,1,1,1,1,1,0,1,1,1,1,1,0,1,0,1,0,1,0,1,1,1,1
1829,flying_speed <= 15.83; flying_speed <= 27.56; threat_range <= 30458.59; flying_speed <= 15.83; threat_range <= 20104.47; 26.00 < #threats <= 75.00; flying_speed <= 27.56; weather = 2.0; flying_speed <= 15.83,8,0,0,1,1,1,1,0,0,1,1,1,1,0,0,1,1,0,0,1,1,1,1,1,1
1830,countermeasure = 0.0; #threats <= 26.00; countermeasure = 0.0; flying_speed <= 38.83; formation = 1.0; #threats <= 75.00; #threats <= 75.00; countermeasure = 0.0; flying_speed <= 38.83; threat_range <= 30458.59; #threats <= 75.00; formation = 1.0; weather = 4.0; countermeasure = 0.0; flying_speed <= 38.83; #threats <= 26.00; #threats <= 53.00; weather = 4.0; countermeasure = 0.0,12,1,1,1,1,1,1,1,1,1,1,1,1,1,1,1,1,1,1,1,1,1,1,1,1
1831,countermeasure = 0.0; flying_speed <= 15.83; countermeasure = 0.0; flying_speed <= 15.83; day_time <= 6.00; countermeasure = 0.0; flying_speed <= 15.83; day_time <= 6.00; threat_range > 30458.59; countermeasure = 0.0; flying_speed <= 27.56; flying_speed <= 15.83; day_time <= 6.00; #threats <= 75.00; flying_speed <= 15.83,12,1,0,1,0,1,1,1,0,1,0,1,0,1,0,1,0,1,0,1,0,1,0,1,1
1832,flying_speed <= 15.83; threat_range <= 20104.47; weather = 3.0; formation = 1.0; flying_speed <= 15.83; 10398.43 < threat_range <= 20104.47; weather = 3.0; day_time > 18.00; flying_speed <= 15.83; threat_range <= 20104.47; formation = 1.0; flying_speed <= 15.83; day_time > 6.00; threat_range <= 20104.47; formation = 1.0; weather = 3.0; #threats <= 26.00; day_time > 12.00,11,1,0,1,1,1,1,1,0,1,1,1,1,1,0,1,0,1,0,1,0,0,0,1,1
1833,#threats > 75.00; day_time <= 6.00; 10398.43 < threat_range <= 30458.59; weather = 2.0; flying_speed <= 27.56; day_time <= 6.00; flying_speed <= 38.83; day_time <= 6.00; flying_speed <= 27.56; weather = 2.0; threat_range <= 30458.59; day_time <= 6.00,9,1,1,1,1,1,1,0,1,1,1,1,1,0,1,1,1,0,1,1,1,1,1,1,1
1834,#threats <= 75.00; weather = 1.0; threat_range > 10398.43; day_time <= 6.00; #threats <= 75.00; 10398.43 < threat_range <= 20104.47; day_time <= 6.00,8,0,1,1,1,1,1,0,1,1,1,1,1,0,1,1,1,0,1,1,1,1,1,1,1
1835,countermeasure = 0.0; day_time <= 6.00; countermeasure = 0.0; day_time <= 6.00; 26.00 < #threats <= 75.00; countermeasure = 0.0; day_time <= 6.00; #threats > 26.00; threat_range > 10398.43; formation = 1.0; countermeasure = 0.0; #threats > 26.00; threat_range <= 30458.59; day_time <= 6.00; countermeasure = 0.0; threat_range <= 20104.47; day_time <= 6.00,12,1,1,1,1,1,1,1,1,1,1,1,1,1,1,1,1,1,1,1,1,1,1,1,1
1836,countermeasure = 0.0; day_time > 12.00; countermeasure = 0.0; flying_speed <= 15.83; #threats <= 75.00; #threats <= 75.00; countermeasure = 0.0; flying_speed <= 15.83; flying_speed <= 38.83; countermeasure = 0.0; flying_speed <= 27.56; weather = 2.0; flying_speed <= 15.83,11,1,0,1,1,1,1,1,0,1,1,1,1,1,0,1,0,1,0,1,0,0,0,1,1
1837,#threats > 75.00; 6.00 < day_time <= 18.00; 15.83 < flying_speed <= 38.83; threat_range <= 30458.59; threat_range > 10398.43; day_time > 6.00; threat_range > 20104.47; day_time > 12.00; 12.00 < day_time <= 18.00; 10398.43 < threat_range <= 30458.59; weather = 1.0; countermeasure = 1.0; day_time > 6.00,9,1,0,1,1,1,1,0,0,1,1,1,1,0,0,1,1,0,0,1,1,1,1,1,1
1838,#threats > 75.00; flying_speed <= 27.56; day_time > 12.00; 10398.43 < threat_range <= 30458.59; flying_speed <= 15.83; flying_speed <= 15.83; threat_range > 20104.47; flying_speed <= 15.83; flying_speed <= 15.83; threat_range > 10398.43; weather = 2.0; flying_speed <= 15.83,9,1,0,1,1,1,1,0,0,1,1,1,1,0,0,1,1,0,0,1,1,1,1,1,1
1839,#threats <= 75.00; #threats <= 53.00; #threats <= 53.00; #threats <= 75.00; #threats <= 26.00; 10398.43 < threat_range <= 20104.47; weather = 1.0; #threats <= 53.00,8,0,0,1,0,1,1,0,0,1,0,1,0,0,0,1,0,0,0,1,0,1,0,1,1
1840,#threats > 75.00; 12.00 < day_time <= 18.00; threat_range <= 20104.47; flying_speed <= 38.83; day_time > 12.00; formation = 0.0; flying_speed <= 38.83; day_time > 12.00,7,1,1,1,0,1,1,0,0,1,0,1,0,0,0,1,0,0,0,1,0,0,0,0,0
1841,#threats <= 26.00; #threats <= 75.00; weather = 3.0; threat_range <= 30458.59; 15.83 < flying_speed <= 38.83; #threats <= 53.00; threat_range <= 10398.43,8,0,0,1,1,1,1,0,0,1,1,1,1,0,0,1,1,0,0,1,1,1,1,1,1
1842,countermeasure = 0.0; weather = 1.0; countermeasure = 0.0; day_time <= 6.00; #threats > 26.00; threat_range > 10398.43; countermeasure = 0.0; countermeasure = 0.0; countermeasure = 0.0; day_time <= 6.00; threat_range > 10398.43; #threats > 26.00; countermeasure = 0.0; weather = 1.0; threat_range > 10398.43; threat_range > 10398.43,11,1,1,1,0,1,1,1,0,1,0,1,0,1,0,1,0,1,0,1,0,0,0,1,1
1843,#threats <= 75.00; day_time <= 18.00; threat_range > 10398.43; day_time > 12.00; threat_range <= 30458.59; #threats <= 75.00; flying_speed > 38.83; weather = 4.0; flying_speed > 38.83,8,0,0,1,1,1,1,0,0,1,1,1,1,0,0,1,1,0,0,1,1,1,1,1,1
1844,countermeasure = 0.0; formation = 1.0; countermeasure = 0.0; #threats > 26.00; flying_speed <= 38.83; weather = 1.0; weather = 1.0; countermeasure = 0.0; threat_range <= 20104.47; flying_speed <= 38.83; weather = 1.0; countermeasure = 0.0; flying_speed <= 38.83; formation = 1.0; day_time > 18.00,11,1,1,1,0,1,1,1,0,1,0,1,0,1,0,1,0,1,0,1,0,0,0,1,1
1845,countermeasure = 0.0; day_time > 18.00; countermeasure = 0.0; flying_speed <= 38.83; day_time > 18.00; threat_range > 20104.47; countermeasure = 0.0; 27.56 < flying_speed <= 38.83; #threats > 26.00; threat_range > 10398.43; weather = 2.0; countermeasure = 0.0; countermeasure = 0.0; flying_speed <= 38.83; formation = 0.0; countermeasure = 0.0; weather = 2.0; flying_speed > 15.83; threat_range > 10398.43; day_time > 6.00; countermeasure = 0.0,12,1,0,1,1,1,1,1,0,1,1,1,1,1,0,1,1,1,0,1,1,1,1,1,1
1846,countermeasure = 0.0; threat_range > 10398.43; threat_range > 10398.43; day_time <= 12.00,6,1,0,1,1,1,1,0,0,1,1,1,1,0,0,0,0,0,0,0,0,0,0,1,1
1847,countermeasure = 0.0; countermeasure = 0.0; countermeasure = 0.0; flying_speed <= 38.83; #threats > 26.00; flying_speed <= 38.83; day_time > 18.00; countermeasure = 0.0; flying_speed <= 38.83; #threats > 53.00; weather = 3.0; countermeasure = 0.0; formation = 0.0; day_time > 12.00; weather = 3.0; countermeasure = 0.0; day_time > 18.00; threat_range > 30458.59; #threats > 26.00; flying_speed <= 38.83; threat_range > 30458.59,12,1,1,1,1,1,1,1,1,1,1,1,1,1,1,1,1,1,1,1,1,1,1,1,1
1848,threat_range > 30458.59; flying_speed <= 15.83; flying_speed <= 15.83; flying_speed <= 15.83; weather = 3.0; formation = 1.0; threat_range > 10398.43,8,0,0,1,1,1,1,0,0,1,1,1,1,0,0,1,1,0,0,1,1,1,1,1,1
1849,#threats > 53.00; flying_speed <= 27.56; 6.00 < day_time <= 18.00; #threats <= 75.00; #threats <= 75.00; flying_speed > 15.83; flying_speed <= 27.56; flying_speed <= 27.56; weather = 2.0; 26.00 < #threats <= 75.00; threat_range > 30458.59,9,1,1,1,1,1,1,0,1,1,1,1,1,0,1,1,1,0,1,1,1,1,1,1,1
1850,countermeasure = 0.0; #threats <= 75.00; countermeasure = 0.0; flying_speed <= 27.56; #threats > 26.00; flying_speed <= 27.56; weather = 4.0; countermeasure = 0.0; flying_speed <= 27.56; #threats > 26.00; flying_speed <= 27.56; countermeasure = 0.0; countermeasure = 0.0; threat_range <= 30458.59; day_time <= 12.00; flying_speed <= 27.56; countermeasure = 0.0; threat_range <= 30458.59,12,1,1,1,0,1,1,1,0,1,0,1,0,1,0,1,0,1,0,1,0,1,0,1,0
1851,countermeasure = 0.0; flying_speed <= 38.83; countermeasure = 0.0; flying_speed <= 27.56; formation = 1.0; threat_range <= 20104.47; countermeasure = 0.0; flying_speed <= 27.56; threat_range <= 20104.47; formation = 1.0; flying_speed <= 27.56; countermeasure = 0.0; weather = 3.0; threat_range <= 30458.59; countermeasure = 0.0; #threats > 26.00; day_time <= 18.00; formation = 1.0; flying_speed <= 27.56,12,1,1,1,0,1,1,1,0,1,0,1,0,1,0,1,0,1,0,1,0,1,1,1,1
1852,threat_range > 10398.43; threat_range > 20104.47; flying_speed <= 38.83; day_time <= 6.00; weather = 1.0; 53.00 < #threats <= 75.00; formation = 1.0; threat_range > 20104.47,8,0,0,1,1,1,1,0,0,1,1,1,1,0,0,1,1,0,0,1,1,1,1,1,1
1853,countermeasure = 0.0; threat_range <= 30458.59; threat_range > 10398.43; countermeasure = 0.0; formation = 1.0; flying_speed > 27.56; 10398.43 < threat_range <= 20104.47; weather = 1.0; #threats > 53.00; flying_speed > 38.83,8,1,1,0,0,1,1,0,0,0,0,1,0,0,0,1,0,1,0,1,0,1,1,1,1
1854,#threats > 75.00; 15.83 < flying_speed <= 38.83; day_time > 12.00; threat_range > 30458.59; threat_range > 30458.59; flying_speed <= 38.83; day_time > 12.00; threat_range > 30458.59; formation = 0.0; #threats > 75.00; weather = 3.0; day_time > 18.00; flying_speed <= 38.83; countermeasure = 1.0; day_time > 18.00,9,1,0,1,0,1,1,0,0,1,0,1,0,0,0,1,0,0,0,1,0,1,1,1,1
1855,#threats > 75.00; flying_speed <= 27.56; day_time <= 12.00; threat_range <= 30458.59; weather = 3.0; weather = 3.0; flying_speed <= 27.56; flying_speed <= 27.56,8,1,1,1,0,1,1,0,0,1,0,1,0,0,0,1,0,0,0,1,0,0,0,1,1
1856,countermeasure = 0.0; countermeasure = 0.0; #threats <= 75.00; day_time > 18.00; 10398.43 < threat_range <= 30458.59; #threats <= 75.00; #threats <= 75.00; countermeasure = 0.0; #threats <= 75.00; threat_range <= 30458.59; weather = 1.0; countermeasure = 0.0; formation = 1.0; countermeasure = 0.0,10,1,1,1,0,1,1,1,0,1,0,1,0,1,0,1,0,1,0,1,0,0,0,0,0
1857,countermeasure = 0.0; flying_speed <= 27.56; countermeasure = 0.0; flying_speed <= 27.56; threat_range > 10398.43; #threats <= 53.00; #threats <= 75.00; countermeasure = 0.0; day_time > 12.00; flying_speed <= 27.56; 26.00 < #threats <= 53.00; flying_speed <= 27.56,11,1,1,1,1,1,1,1,1,1,1,1,1,0,1,1,1,1,1,1,1,1,1,1,1
1858,countermeasure = 0.0; #threats <= 53.00; countermeasure = 0.0; flying_speed <= 27.56; #threats > 26.00; countermeasure = 0.0; countermeasure = 0.0; flying_speed <= 27.56; threat_range <= 30458.59; #threats > 26.00; countermeasure = 0.0; flying_speed <= 27.56; weather = 4.0; flying_speed <= 27.56; #threats <= 53.00; countermeasure = 0.0; threat_range > 20104.47,12,1,1,1,1,1,1,1,1,1,1,1,1,1,1,1,1,1,1,1,1,1,1,1,1
1859,countermeasure = 0.0; #threats <= 75.00; countermeasure = 0.0; flying_speed <= 38.83; #threats > 26.00; weather = 2.0; countermeasure = 0.0; flying_speed <= 38.83; 26.00 < #threats <= 75.00; threat_range > 30458.59; countermeasure = 0.0; threat_range > 10398.43; day_time <= 12.00; countermeasure = 0.0; flying_speed <= 38.83; #threats > 26.00; threat_range > 30458.59,12,1,1,1,1,1,1,1,1,1,1,1,1,1,1,1,1,1,1,1,1,1,1,1,1
1860,countermeasure = 0.0; #threats <= 53.00; countermeasure = 0.0; flying_speed <= 27.56; day_time <= 6.00; countermeasure = 0.0; #threats <= 53.00; countermeasure = 0.0; flying_speed <= 27.56; day_time <= 6.00; threat_range > 30458.59; countermeasure = 0.0; countermeasure = 0.0; #threats <= 53.00; threat_range > 10398.43; countermeasure = 0.0; threat_range > 30458.59,12,1,1,1,1,1,1,1,1,1,1,1,1,1,1,1,1,1,1,1,1,1,1,1,1
1861,day_time > 18.00; #threats <= 75.00; #threats <= 53.00; flying_speed > 27.56; 26.00 < #threats <= 75.00; #threats <= 53.00,8,0,0,1,1,1,1,0,0,1,1,1,1,0,0,1,1,0,0,1,1,1,1,1,1
1862,day_time <= 18.00; day_time > 6.00; flying_speed <= 38.83; flying_speed > 15.83; #threats > 75.00,6,0,0,0,0,1,1,0,0,1,0,1,0,0,0,1,0,0,0,1,0,0,0,1,1
1863,countermeasure = 0.0; threat_range <= 20104.47; countermeasure = 0.0; formation = 1.0; 53.00 < #threats <= 75.00; countermeasure = 0.0; 26.00 < #threats <= 75.00; threat_range <= 30458.59; day_time > 6.00; countermeasure = 0.0; #threats > 26.00; flying_speed > 38.83; #threats <= 75.00; countermeasure = 0.0; flying_speed > 38.83,12,1,1,1,1,1,1,1,1,1,1,1,1,1,1,1,1,1,1,1,1,1,1,1,1
1864,countermeasure = 0.0; #threats <= 75.00; countermeasure = 0.0; flying_speed <= 27.56; day_time <= 6.00; threat_range <= 30458.59; countermeasure = 0.0; flying_speed <= 27.56; day_time <= 6.00; #threats > 26.00; countermeasure = 0.0; flying_speed <= 27.56; day_time <= 6.00; threat_range <= 20104.47; day_time <= 6.00; day_time <= 6.00,12,1,1,1,1,1,1,1,1,1,1,1,1,1,1,1,1,1,1,1,1,1,1,1,1
1865,countermeasure = 0.0; #threats <= 75.00; countermeasure = 0.0; flying_speed <= 27.56; day_time > 12.00; threat_range > 10398.43; flying_speed <= 27.56; countermeasure = 0.0; flying_speed <= 27.56; threat_range <= 30458.59; day_time > 12.00; threat_range > 20104.47; countermeasure = 0.0; flying_speed <= 27.56; flying_speed <= 38.83; flying_speed <= 27.56; 10398.43 < threat_range <= 30458.59; flying_speed <= 38.83,12,1,0,1,1,1,1,1,0,1,1,1,1,1,0,1,0,1,0,1,0,1,1,1,1
1866,countermeasure = 0.0; #threats <= 53.00; countermeasure = 0.0; flying_speed <= 27.56; day_time > 18.00; countermeasure = 0.0; flying_speed <= 15.83; countermeasure = 0.0; flying_speed <= 15.83; day_time > 18.00; flying_speed <= 15.83,11,1,1,1,0,1,1,1,0,1,0,1,0,1,0,1,0,1,0,1,0,0,0,1,1
1867,countermeasure = 0.0; #threats <= 53.00; countermeasure = 0.0; flying_speed <= 27.56; #threats <= 53.00; #threats <= 75.00; countermeasure = 0.0; flying_speed <= 27.56; threat_range <= 30458.59; flying_speed <= 38.83; countermeasure = 0.0; flying_speed <= 27.56; #threats <= 53.00; 26.00 < #threats <= 53.00; day_time <= 6.00; threat_range > 10398.43,12,1,1,1,1,1,1,1,1,1,1,1,1,1,1,1,1,1,1,1,1,1,1,1,1
1868,#threats > 75.00; weather = 4.0; day_time > 6.00; day_time > 6.00; day_time > 6.00; threat_range <= 20104.47; 12.00 < day_time <= 18.00; #threats > 26.00; formation = 1.0; #threats > 75.00,9,1,1,1,0,1,1,0,0,1,0,1,1,0,0,1,1,0,1,1,1,1,1,1,1
1869,countermeasure = 0.0; day_time <= 12.00; countermeasure = 0.0; flying_speed <= 27.56; threat_range > 10398.43; #threats <= 53.00; countermeasure = 0.0; countermeasure = 0.0; flying_speed <= 27.56; threat_range > 20104.47; countermeasure = 0.0; countermeasure = 0.0; #threats <= 53.00; flying_speed <= 27.56; countermeasure = 0.0; flying_speed <= 27.56,12,1,0,1,1,1,1,1,0,1,1,1,1,1,0,1,0,1,0,1,0,1,0,1,0
1870,day_time > 12.00; #threats <= 53.00; #threats <= 53.00; day_time > 12.00; #threats <= 53.00; threat_range > 10398.43; weather = 3.0; formation = 0.0; formation = 0.0,7,0,0,1,1,1,1,0,0,1,1,1,1,0,0,1,1,0,0,0,1,1,1,1,1
1871,countermeasure = 0.0; threat_range > 20104.47; countermeasure = 0.0; flying_speed <= 38.83; #threats > 26.00; flying_speed <= 38.83; countermeasure = 0.0; flying_speed <= 38.83; threat_range <= 30458.59; flying_speed <= 38.83; countermeasure = 0.0; flying_speed <= 38.83; day_time > 12.00; 10398.43 < threat_range <= 30458.59; countermeasure = 0.0; #threats > 26.00; weather = 2.0; #threats > 75.00,12,1,0,1,1,1,1,1,0,1,1,1,1,1,0,1,0,1,0,1,0,1,0,1,0
1872,countermeasure = 0.0; #threats <= 75.00; day_time <= 6.00; #threats <= 53.00; countermeasure = 0.0,6,1,1,1,0,1,1,0,0,1,0,1,0,0,0,0,0,0,0,0,0,0,0,1,0
1873,#threats <= 75.00; #threats <= 75.00; #threats <= 75.00; #threats <= 53.00; day_time <= 12.00; #threats <= 53.00; 10398.43 < threat_range <= 20104.47; day_time <= 12.00; flying_speed > 38.83,8,0,1,1,1,1,1,0,1,1,1,1,1,0,1,1,1,0,1,1,1,1,1,1,1
1874,countermeasure = 0.0; threat_range > 10398.43; countermeasure = 0.0; day_time <= 6.00; threat_range <= 30458.59; #threats > 26.00; #threats <= 53.00; countermeasure = 0.0; day_time <= 6.00; 26.00 < #threats <= 75.00; day_time <= 12.00; countermeasure = 0.0; threat_range > 20104.47; #threats <= 53.00; 26.00 < #threats <= 53.00; day_time <= 6.00,12,1,1,1,1,1,1,1,1,1,1,1,1,1,1,1,1,1,1,1,1,1,1,1,1
1875,#threats <= 75.00; threat_range > 20104.47; day_time > 18.00; day_time > 18.00; day_time > 12.00; #threats <= 53.00; weather = 4.0; #threats <= 26.00,8,0,1,1,1,1,1,0,1,1,1,1,1,0,1,1,1,0,1,1,1,1,1,1,1
1876,#threats <= 75.00; threat_range > 20104.47; flying_speed > 15.83; 10398.43 < threat_range <= 30458.59; 12.00 < day_time <= 18.00; #threats <= 75.00; day_time > 12.00,8,0,0,1,1,1,1,0,0,1,1,1,1,0,0,1,1,0,0,1,1,1,1,1,1
1877,countermeasure = 0.0; weather = 1.0; countermeasure = 0.0; flying_speed <= 38.83; threat_range > 10398.43; #threats <= 53.00; countermeasure = 0.0; flying_speed <= 38.83; formation = 1.0; #threats > 26.00; #threats <= 53.00; countermeasure = 0.0; flying_speed <= 38.83; countermeasure = 0.0; 26.00 < #threats <= 53.00; threat_range > 10398.43; flying_speed <= 38.83; formation = 1.0; formation = 1.0,12,1,1,1,1,1,1,1,1,1,1,1,1,1,1,1,1,1,1,1,1,1,1,1,1
1878,threat_range > 20104.47; flying_speed <= 15.83; flying_speed <= 15.83; day_time > 12.00; #threats <= 53.00; flying_speed <= 15.83,8,0,1,1,0,1,1,0,0,1,0,1,0,0,0,1,0,0,0,1,0,1,0,1,0
1879,#threats > 75.00; flying_speed <= 15.83; threat_range <= 10398.43; flying_speed <= 15.83; flying_speed <= 27.56; flying_speed <= 15.83; flying_speed <= 27.56; flying_speed <= 15.83; 12.00 < day_time <= 18.00; threat_range <= 30458.59; threat_range <= 10398.43,9,1,1,1,1,1,1,0,1,1,1,1,1,0,1,1,1,0,1,1,1,1,1,1,1
1880,#threats <= 53.00; #threats <= 53.00; threat_range > 20104.47; #threats <= 75.00; 26.00 < #threats <= 53.00; 20104.47 < threat_range <= 30458.59; weather = 2.0,8,0,1,1,0,1,1,0,0,1,0,1,1,0,0,1,1,0,1,1,1,1,1,1,1
1881,flying_speed <= 15.83; threat_range <= 10398.43; day_time <= 18.00; formation = 1.0; weather = 3.0; flying_speed <= 15.83; #threats <= 75.00; flying_speed <= 27.56; #threats <= 53.00; #threats <= 53.00,8,1,1,1,0,1,1,0,0,1,0,1,0,0,0,1,0,0,0,1,0,0,0,1,0
1882,#threats > 75.00; flying_speed <= 27.56; 6.00 < day_time <= 12.00; threat_range <= 10398.43; weather = 1.0; flying_speed <= 38.83; formation = 1.0; #threats > 75.00; formation = 1.0; day_time <= 12.00; day_time <= 12.00; threat_range <= 20104.47; #threats > 26.00; flying_speed <= 27.56; formation = 1.0,9,1,0,1,1,1,1,0,0,1,1,1,1,0,0,1,1,0,0,1,1,1,1,1,1
1883,flying_speed <= 38.83; flying_speed <= 27.56; flying_speed <= 15.83; flying_speed <= 15.83; flying_speed <= 15.83,7,0,0,1,0,1,1,0,0,1,0,1,0,0,0,1,0,0,0,1,0,0,0,1,1
1884,weather = 2.0; #threats <= 75.00; weather = 2.0; threat_range <= 10398.43,7,0,0,1,0,1,1,0,0,1,0,1,0,0,0,1,0,0,0,1,0,0,0,1,0
1885,countermeasure = 1.0; #threats <= 53.00; weather = 2.0; #threats <= 53.00; #threats <= 53.00; threat_range <= 20104.47; #threats <= 53.00; flying_speed > 15.83; weather = 2.0,8,0,0,1,0,1,1,0,0,1,0,1,0,0,0,1,0,0,0,1,0,1,0,1,1
1886,countermeasure = 0.0; threat_range > 10398.43; countermeasure = 0.0; flying_speed <= 38.83; #threats > 26.00; threat_range > 20104.47; day_time <= 18.00; countermeasure = 0.0; #threats > 26.00; flying_speed <= 38.83; threat_range <= 30458.59; day_time > 12.00; countermeasure = 0.0; flying_speed <= 38.83; countermeasure = 0.0; threat_range <= 30458.59; countermeasure = 0.0; flying_speed <= 38.83; day_time <= 18.00; countermeasure = 0.0,12,1,1,1,0,1,1,1,0,1,0,1,0,1,0,1,0,1,0,1,0,1,0,1,0
1887,#threats <= 75.00; #threats <= 75.00; weather = 2.0; threat_range > 10398.43; flying_speed <= 27.56; formation = 1.0,7,0,0,1,0,1,1,0,0,1,0,1,0,0,0,1,0,0,0,1,0,0,0,1,0
1888,countermeasure = 0.0; flying_speed <= 15.83; countermeasure = 0.0; flying_speed <= 15.83; threat_range <= 20104.47; countermeasure = 0.0; flying_speed <= 15.83; threat_range <= 10398.43; day_time > 18.00; countermeasure = 0.0; flying_speed <= 15.83; threat_range <= 10398.43; flying_speed <= 15.83; day_time > 12.00; countermeasure = 0.0,12,1,1,1,1,1,1,1,1,1,1,1,1,1,1,1,1,1,1,1,1,1,1,1,1
1889,countermeasure = 0.0; #threats <= 75.00; countermeasure = 0.0; flying_speed <= 38.83; #threats > 26.00; threat_range <= 30458.59; countermeasure = 0.0; flying_speed <= 27.56; threat_range <= 30458.59; countermeasure = 0.0; flying_speed <= 27.56; day_time <= 6.00; #threats <= 53.00; flying_speed <= 27.56; countermeasure = 0.0,12,1,1,1,1,1,1,1,1,1,1,1,1,1,1,1,1,1,1,1,1,1,1,1,1
1890,countermeasure = 0.0; flying_speed <= 15.83; countermeasure = 0.0; flying_speed <= 15.83; flying_speed <= 15.83; day_time <= 6.00; countermeasure = 0.0; flying_speed <= 15.83; flying_speed <= 15.83; countermeasure = 0.0; flying_speed <= 15.83; flying_speed <= 15.83; day_time <= 6.00; threat_range <= 30458.59; countermeasure = 0.0; day_time <= 6.00,12,1,1,1,1,1,1,1,1,1,1,1,1,1,1,1,1,1,1,1,1,1,1,1,1
1891,#threats > 75.00; weather = 1.0; threat_range <= 20104.47; flying_speed > 15.83; 12.00 < day_time <= 18.00; flying_speed <= 27.56; day_time <= 18.00; flying_speed <= 27.56; flying_speed <= 27.56; flying_speed <= 27.56; 10398.43 < threat_range <= 20104.47; #threats > 26.00; flying_speed <= 27.56,9,1,0,1,0,1,1,0,0,1,0,1,0,0,0,1,0,0,0,1,0,1,1,1,1
1892,countermeasure = 0.0; #threats <= 75.00; countermeasure = 0.0; flying_speed <= 38.83; #threats > 26.00; #threats <= 75.00; flying_speed <= 38.83; countermeasure = 0.0; flying_speed <= 38.83; 26.00 < #threats <= 75.00; threat_range > 30458.59; countermeasure = 0.0; #threats > 26.00; #threats <= 75.00; #threats <= 75.00; countermeasure = 0.0; formation = 0.0; flying_speed <= 38.83; weather = 1.0; countermeasure = 0.0,12,1,1,1,1,1,1,1,1,1,1,1,1,1,1,1,1,1,1,1,1,1,1,1,1
1893,#threats <= 75.00; threat_range > 20104.47; #threats <= 75.00; #threats <= 26.00; #threats <= 53.00; #threats <= 75.00; day_time > 6.00; flying_speed > 38.83; threat_range > 10398.43; weather = 4.0; threat_range > 30458.59,8,0,0,1,0,1,1,0,0,1,0,1,0,0,0,1,0,0,0,1,0,1,0,1,0
1894,formation = 0.0; #threats <= 75.00; day_time <= 12.00; #threats <= 53.00; threat_range <= 10398.43,7,0,0,1,0,1,1,0,0,1,0,1,0,0,0,1,0,0,0,1,0,0,0,1,0
1895,countermeasure = 0.0; #threats <= 75.00; countermeasure = 0.0; 26.00 < #threats <= 75.00; threat_range <= 30458.59; day_time <= 18.00; formation = 1.0; countermeasure = 0.0; day_time <= 12.00; 26.00 < #threats <= 75.00; formation = 1.0; threat_range <= 30458.59; countermeasure = 0.0; threat_range <= 30458.59; #threats <= 75.00; 26.00 < #threats <= 53.00; threat_range <= 20104.47; countermeasure = 0.0,12,1,1,1,1,1,1,1,1,1,1,1,1,1,1,1,1,1,1,1,1,1,1,1,1
1896,countermeasure = 1.0; weather = 1.0; weather = 1.0; formation = 0.0; threat_range <= 20104.47; day_time <= 6.00; weather = 1.0; flying_speed > 15.83; flying_speed > 38.83,8,0,0,1,1,1,1,0,0,1,1,1,1,0,0,1,1,0,0,1,1,1,1,1,1
1897,countermeasure = 0.0; #threats <= 26.00; countermeasure = 0.0; flying_speed <= 27.56; day_time > 18.00; #threats <= 75.00; day_time > 18.00; countermeasure = 0.0; flying_speed <= 27.56; weather = 3.0; #threats <= 75.00; #threats <= 26.00; countermeasure = 0.0; #threats <= 75.00; #threats <= 26.00; weather = 3.0; flying_speed <= 27.56; countermeasure = 0.0,12,1,1,1,1,1,1,1,1,1,1,1,1,1,1,1,1,1,1,1,1,1,1,1,1
1898,#threats <= 53.00; #threats <= 75.00; day_time <= 6.00; flying_speed <= 15.83,5,0,0,1,1,1,1,0,0,1,1,1,1,0,0,0,0,0,0,0,0,0,0,1,1
1899,countermeasure = 0.0; #threats <= 53.00; countermeasure = 0.0; flying_speed <= 38.83; #threats > 26.00; countermeasure = 0.0; flying_speed <= 38.83; weather = 3.0; day_time <= 12.00; flying_speed <= 38.83; countermeasure = 0.0; flying_speed <= 38.83; #threats <= 53.00; countermeasure = 0.0; threat_range <= 20104.47; threat_range <= 10398.43,12,1,1,1,1,1,1,1,1,1,1,1,1,1,1,1,1,1,1,1,1,1,1,1,1
1900,#threats <= 75.00; #threats <= 75.00; weather = 3.0; flying_speed <= 38.83; 10398.43 < threat_range <= 30458.59; day_time <= 18.00; 15.83 < flying_speed <= 27.56; #threats <= 75.00; formation = 1.0,8,0,0,1,1,1,1,0,0,1,1,1,1,0,0,1,1,0,0,1,1,1,1,1,1
1901,countermeasure = 0.0; threat_range > 10398.43; countermeasure = 0.0; flying_speed <= 38.83; 26.00 < #threats <= 75.00; day_time <= 6.00; weather = 3.0; countermeasure = 0.0; flying_speed <= 38.83; #threats > 26.00; countermeasure = 0.0; day_time <= 6.00; threat_range > 10398.43; day_time <= 6.00; countermeasure = 0.0; formation = 1.0; day_time <= 6.00,12,1,1,1,1,1,1,1,1,1,1,1,1,1,1,1,1,1,1,1,1,1,1,1,1
1902,#threats > 75.00; 10398.43 < threat_range <= 20104.47; day_time <= 18.00; weather = 1.0; formation = 1.0; threat_range <= 20104.47; 10398.43 < threat_range <= 20104.47; #threats > 75.00; weather = 1.0; weather = 1.0; threat_range <= 20104.47; #threats > 75.00; 10398.43 < threat_range <= 20104.47; day_time <= 12.00; formation = 1.0; weather = 1.0; threat_range <= 20104.47; 10398.43 < threat_range <= 20104.47; formation = 1.0; formation = 1.0,11,1,1,1,1,1,1,1,1,1,1,1,1,0,1,1,1,1,1,1,1,1,1,1,1
1903,countermeasure = 0.0; threat_range <= 20104.47; countermeasure = 0.0; flying_speed <= 38.83; #threats > 26.00; day_time <= 12.00; countermeasure = 0.0; flying_speed <= 38.83; day_time <= 12.00; flying_speed <= 38.83; countermeasure = 0.0; weather = 1.0; countermeasure = 0.0; 10398.43 < threat_range <= 20104.47; countermeasure = 0.0; #threats > 75.00,12,1,1,1,1,1,1,1,1,1,1,1,1,1,1,1,1,1,1,1,1,1,1,1,1
1904,#threats <= 75.00; threat_range > 30458.59; #threats <= 75.00; threat_range > 30458.59,6,0,0,1,0,1,1,0,0,1,0,1,0,0,0,0,0,0,0,1,0,0,0,1,1
1905,#threats <= 75.00; flying_speed <= 15.83; day_time > 6.00; flying_speed <= 15.83; flying_speed <= 15.83; 10398.43 < threat_range <= 30458.59; #threats > 26.00; threat_range <= 20104.47,8,0,1,1,1,1,1,0,1,1,1,1,1,0,1,1,1,0,1,1,1,1,1,1,1
1906,countermeasure = 0.0; formation = 0.0; #threats <= 75.00; flying_speed > 38.83; countermeasure = 0.0; countermeasure = 0.0; #threats <= 26.00,8,1,1,0,0,1,1,0,0,1,0,1,0,0,0,1,0,1,0,1,0,0,0,1,0
1907,countermeasure = 0.0; #threats <= 75.00; countermeasure = 0.0; flying_speed <= 15.83; flying_speed <= 38.83; #threats <= 75.00; countermeasure = 0.0; flying_speed <= 15.83; day_time > 12.00; flying_speed <= 15.83; weather = 1.0; threat_range > 30458.59,11,1,0,1,1,1,1,1,0,1,1,1,1,0,0,1,1,1,0,1,1,1,1,1,1
1908,countermeasure = 0.0; flying_speed <= 15.83; countermeasure = 0.0; flying_speed <= 15.83; flying_speed <= 15.83; flying_speed <= 15.83; countermeasure = 0.0; flying_speed <= 15.83; threat_range > 20104.47; countermeasure = 0.0; flying_speed <= 27.56; flying_speed <= 15.83; flying_speed <= 15.83; formation = 1.0; threat_range > 30458.59; day_time > 12.00; flying_speed <= 15.83,12,1,1,1,1,1,1,1,1,1,1,1,1,1,1,1,1,1,1,1,1,1,1,1,1
1909,#threats > 53.00; threat_range <= 20104.47; flying_speed <= 27.56; 12.00 < day_time <= 18.00; #threats <= 75.00; weather = 3.0; flying_speed <= 27.56; 10398.43 < threat_range <= 20104.47; #threats <= 75.00; flying_speed <= 27.56,9,1,0,1,1,1,1,0,0,1,1,1,1,0,0,1,0,0,0,1,0,1,1,1,1
1910,#threats <= 53.00; #threats <= 75.00; day_time > 12.00; flying_speed <= 38.83; formation = 0.0; 26.00 < #threats <= 53.00; 20104.47 < threat_range <= 30458.59; #threats <= 53.00,8,0,0,1,1,1,1,0,0,1,1,1,1,0,0,1,1,0,0,1,1,1,1,1,1
1911,countermeasure = 0.0; #threats <= 75.00; countermeasure = 0.0; formation = 1.0; 26.00 < #threats <= 53.00; day_time <= 12.00; #threats <= 75.00; countermeasure = 0.0; #threats <= 75.00; threat_range <= 30458.59; formation = 1.0; countermeasure = 0.0; #threats > 26.00; flying_speed > 27.56; day_time <= 12.00; formation = 1.0; threat_range <= 20104.47; #threats <= 75.00; formation = 1.0,12,1,1,1,1,1,1,1,1,1,1,1,1,1,1,1,1,1,1,1,1,1,1,1,1
1912,countermeasure = 0.0; flying_speed <= 27.56; countermeasure = 0.0; flying_speed <= 15.83; countermeasure = 0.0; flying_speed <= 15.83; #threats > 26.00; countermeasure = 0.0; flying_speed <= 27.56; flying_speed <= 15.83; flying_speed <= 15.83,11,1,1,1,0,1,1,1,0,1,0,1,0,1,0,1,0,1,0,1,0,0,0,1,1
1913,countermeasure = 0.0; countermeasure = 0.0; day_time <= 12.00; threat_range > 10398.43; day_time <= 6.00; #threats <= 53.00; countermeasure = 0.0; day_time <= 6.00; #threats > 26.00; day_time <= 12.00; countermeasure = 0.0; day_time <= 6.00; formation = 1.0; day_time <= 6.00; threat_range <= 30458.59; countermeasure = 0.0; day_time <= 6.00,12,1,1,1,1,1,1,1,1,1,1,1,1,1,1,1,1,1,1,1,1,1,1,1,1
1914,#threats <= 53.00; #threats <= 75.00; flying_speed <= 27.56; flying_speed <= 27.56; threat_range > 20104.47; #threats <= 53.00; weather = 4.0; threat_range > 10398.43; day_time > 6.00; threat_range > 30458.59,8,0,0,1,1,1,1,0,0,1,1,1,1,0,0,1,1,0,0,1,1,1,1,1,1
1915,countermeasure = 0.0; day_time <= 12.00; countermeasure = 0.0; flying_speed <= 27.56; countermeasure = 0.0; flying_speed <= 27.56; countermeasure = 0.0; threat_range > 30458.59,9,1,0,1,1,1,1,0,0,1,1,1,1,0,0,1,0,1,0,1,0,0,0,1,1
1916,countermeasure = 0.0; countermeasure = 0.0; flying_speed <= 38.83; #threats > 26.00; day_time <= 6.00; #threats <= 75.00; day_time <= 6.00; countermeasure = 0.0; day_time <= 6.00; flying_speed <= 38.83; #threats <= 75.00; countermeasure = 0.0; countermeasure = 0.0; 26.00 < #threats <= 53.00; day_time <= 6.00,12,1,1,1,1,1,1,1,1,1,1,1,1,1,1,1,1,1,1,1,1,1,1,1,1
1917,countermeasure = 0.0; #threats <= 75.00; countermeasure = 0.0; day_time <= 6.00; flying_speed <= 38.83; day_time <= 12.00; countermeasure = 0.0; day_time <= 6.00; flying_speed <= 38.83; #threats > 53.00; flying_speed <= 38.83; countermeasure = 0.0; flying_speed <= 38.83; day_time <= 6.00; flying_speed <= 38.83; day_time <= 6.00,12,1,1,1,0,1,1,1,0,1,0,1,0,1,0,1,0,1,0,1,0,1,0,1,0
1918,#threats <= 75.00; #threats <= 75.00; flying_speed <= 38.83; threat_range <= 30458.59; 26.00 < #threats <= 75.00; threat_range > 10398.43,8,0,1,1,0,1,1,0,0,1,0,1,1,0,0,1,1,0,1,1,1,1,1,1,1
1919,day_time <= 6.00; day_time <= 12.00; day_time <= 18.00; countermeasure = 1.0,6,0,1,1,0,1,1,0,0,1,0,1,0,0,0,1,0,0,0,1,0,0,0,0,0
1920,#threats <= 75.00; #threats <= 26.00; #threats <= 75.00; flying_speed <= 15.83,7,0,0,1,0,1,1,0,0,1,0,1,0,0,0,1,0,0,0,1,0,0,0,1,0
1921,countermeasure = 0.0; countermeasure = 0.0; flying_speed <= 27.56; #threats > 53.00; weather = 1.0; countermeasure = 0.0; flying_speed <= 38.83; #threats > 26.00; formation = 1.0; countermeasure = 0.0; flying_speed <= 27.56; flying_speed <= 38.83; flying_speed <= 27.56; threat_range > 10398.43; formation = 1.0; day_time > 12.00; day_time > 18.00,12,1,1,1,0,1,1,1,0,1,0,1,0,1,0,1,0,1,0,1,0,1,1,1,1
1922,countermeasure = 0.0; threat_range <= 20104.47; countermeasure = 0.0; threat_range <= 30458.59; flying_speed <= 27.56; countermeasure = 0.0; flying_speed <= 27.56; threat_range <= 20104.47; #threats <= 75.00; countermeasure = 0.0; 26.00 < #threats <= 53.00; countermeasure = 0.0; threat_range <= 30458.59; countermeasure = 0.0,12,1,0,1,1,1,1,1,0,1,1,1,1,1,0,1,1,1,0,1,1,1,1,1,1
1923,countermeasure = 0.0; threat_range > 10398.43; countermeasure = 0.0; flying_speed <= 38.83; #threats > 26.00; day_time <= 6.00; day_time <= 6.00; countermeasure = 0.0; flying_speed <= 38.83; day_time <= 6.00; countermeasure = 0.0; countermeasure = 0.0; day_time <= 18.00; threat_range > 20104.47; day_time <= 6.00; countermeasure = 0.0; weather = 3.0; day_time <= 6.00,12,1,1,1,1,1,1,1,1,1,1,1,1,1,1,1,1,1,1,1,1,1,1,1,1
1924,countermeasure = 0.0; #threats <= 75.00; countermeasure = 0.0; flying_speed <= 27.56; #threats > 26.00; countermeasure = 0.0; flying_speed <= 27.56; 26.00 < #threats <= 53.00; countermeasure = 0.0; flying_speed <= 27.56; day_time <= 18.00; 26.00 < #threats <= 53.00; threat_range > 30458.59,12,1,1,1,1,1,1,1,1,1,1,1,1,1,1,1,1,1,1,1,1,1,1,1,1
1925,#threats <= 53.00; #threats <= 26.00; weather = 3.0; flying_speed <= 27.56; flying_speed <= 27.56; day_time <= 12.00; #threats <= 53.00,8,0,0,1,1,1,1,0,0,1,1,1,1,0,0,1,1,0,0,1,1,1,1,1,1
1926,countermeasure = 0.0; weather = 1.0; countermeasure = 0.0; flying_speed <= 27.56; 10398.43 < threat_range <= 20104.47; day_time <= 6.00; countermeasure = 0.0; day_time <= 6.00; flying_speed <= 38.83; threat_range > 10398.43; countermeasure = 0.0; flying_speed <= 27.56; #threats <= 75.00; 10398.43 < threat_range <= 20104.47; day_time <= 6.00; day_time <= 6.00,12,1,1,1,1,1,1,1,1,1,1,1,1,1,1,1,1,1,1,1,1,1,1,1,1
1927,countermeasure = 0.0; #threats <= 75.00; flying_speed <= 27.56; countermeasure = 0.0; flying_speed <= 27.56; countermeasure = 0.0; flying_speed <= 27.56; flying_speed <= 38.83,9,1,0,1,0,1,1,0,0,1,0,1,0,0,0,1,0,1,0,1,0,0,0,1,1
1928,countermeasure = 0.0; #threats <= 75.00; countermeasure = 0.0; 26.00 < #threats <= 75.00; weather = 2.0; day_time <= 12.00; countermeasure = 0.0; countermeasure = 0.0; day_time <= 12.00; 26.00 < #threats <= 75.00; threat_range <= 20104.47; countermeasure = 0.0; countermeasure = 0.0; #threats > 26.00; threat_range <= 30458.59; 10398.43 < threat_range <= 20104.47; #threats <= 75.00; countermeasure = 0.0; countermeasure = 0.0,12,1,1,1,1,1,1,1,1,1,1,1,1,1,1,1,1,1,1,1,1,1,1,1,1
1929,countermeasure = 0.0; flying_speed <= 27.56; countermeasure = 0.0; flying_speed <= 27.56; #threats > 53.00; flying_speed <= 38.83; countermeasure = 0.0; flying_speed <= 27.56; 26.00 < #threats <= 75.00; #threats <= 75.00; flying_speed <= 38.83; threat_range > 20104.47; countermeasure = 0.0; flying_speed <= 27.56; day_time <= 18.00; threat_range > 30458.59,11,1,0,1,1,1,1,1,0,1,1,1,1,1,0,1,1,0,0,1,1,1,1,1,1
1930,countermeasure = 0.0; flying_speed <= 38.83; countermeasure = 0.0; flying_speed <= 27.56; countermeasure = 0.0; flying_speed <= 27.56; threat_range <= 30458.59; day_time > 18.00; countermeasure = 0.0; day_time > 18.00; 10398.43 < threat_range <= 30458.59; countermeasure = 0.0; flying_speed <= 38.83; countermeasure = 0.0,12,1,1,1,0,1,1,1,0,1,0,1,0,1,0,1,0,1,0,1,0,1,0,1,0
1931,#threats > 75.00; flying_speed > 27.56; 6.00 < day_time <= 18.00; formation = 0.0; weather = 3.0; weather = 3.0; weather = 3.0; #threats > 26.00; day_time <= 12.00; formation = 0.0; #threats > 26.00; threat_range > 10398.43; threat_range > 30458.59; weather = 3.0; flying_speed > 38.83; threat_range > 30458.59; countermeasure = 1.0; 6.00 < day_time <= 18.00; weather = 3.0; threat_range > 30458.59,10,1,1,1,1,1,1,0,1,1,1,1,1,1,1,1,1,0,1,1,1,1,1,1,1
1932,#threats > 75.00; threat_range <= 30458.59; weather = 3.0; 6.00 < day_time <= 12.00; day_time <= 18.00; day_time <= 12.00; #threats > 53.00; 20104.47 < threat_range <= 30458.59; #threats > 75.00; 10398.43 < threat_range <= 30458.59; day_time <= 12.00; threat_range > 20104.47; flying_speed > 38.83; 10398.43 < threat_range <= 30458.59; #threats > 26.00; flying_speed > 38.83,11,1,1,1,1,1,1,0,1,1,1,1,1,1,1,1,1,1,1,1,1,1,1,1,1
1933,flying_speed <= 15.83; day_time <= 6.00; countermeasure = 1.0; #threats > 75.00,7,0,1,1,0,1,1,0,0,1,0,1,0,0,0,1,0,0,0,1,0,0,0,1,0
1934,flying_speed <= 27.56; flying_speed <= 38.83; #threats <= 75.00; flying_speed <= 27.56; weather = 3.0; #threats <= 53.00; threat_range <= 10398.43,8,0,0,1,1,1,1,0,0,1,1,1,1,0,0,1,1,0,0,1,1,1,1,1,1
1935,countermeasure = 0.0; #threats <= 75.00; countermeasure = 0.0; flying_speed <= 27.56; day_time <= 6.00; day_time <= 6.00; countermeasure = 0.0; flying_speed <= 27.56; threat_range <= 30458.59; flying_speed <= 27.56; countermeasure = 0.0; flying_speed <= 27.56; flying_speed <= 38.83; day_time <= 6.00; #threats <= 53.00; flying_speed <= 27.56; #threats <= 26.00,12,1,1,1,1,1,1,1,1,1,1,1,1,1,1,1,1,1,1,1,1,1,1,1,1
1936,weather = 2.0; day_time > 12.00; 26.00 < #threats <= 53.00; 20104.47 < threat_range <= 30458.59; weather = 2.0,8,0,1,1,1,1,1,0,1,1,1,1,1,0,1,1,1,0,1,1,1,1,1,1,1
1937,countermeasure = 0.0; #threats <= 75.00; countermeasure = 0.0; flying_speed <= 27.56; #threats <= 75.00; flying_speed <= 27.56; countermeasure = 0.0; flying_speed <= 27.56; threat_range <= 30458.59; #threats > 26.00; flying_speed <= 38.83; countermeasure = 0.0; flying_speed <= 27.56; countermeasure = 0.0; threat_range <= 20104.47; #threats <= 75.00; day_time <= 18.00; threat_range <= 10398.43,12,1,1,1,1,1,1,1,1,1,1,1,1,1,1,1,1,1,1,1,1,1,1,1,1
1938,countermeasure = 0.0; #threats <= 26.00; countermeasure = 0.0; flying_speed <= 27.56; threat_range <= 20104.47; #threats <= 26.00; weather = 2.0; countermeasure = 0.0; flying_speed <= 27.56; threat_range <= 20104.47; flying_speed <= 27.56; countermeasure = 0.0; flying_speed <= 27.56; #threats <= 26.00; threat_range <= 20104.47; weather = 2.0; countermeasure = 0.0; #threats <= 53.00; #threats <= 26.00,12,1,1,1,1,1,1,1,1,1,1,1,1,1,1,1,1,1,1,1,1,1,1,1,1
1939,countermeasure = 0.0; flying_speed <= 15.83; countermeasure = 0.0; flying_speed <= 15.83; flying_speed <= 38.83; threat_range <= 20104.47; countermeasure = 0.0; flying_speed <= 15.83; weather = 3.0; countermeasure = 0.0; weather = 3.0; flying_speed <= 15.83; flying_speed <= 15.83; day_time <= 12.00; countermeasure = 0.0; weather = 3.0; threat_range <= 10398.43,12,1,1,1,1,1,1,1,1,1,1,1,1,1,1,1,1,1,1,1,1,1,1,1,1
1940,flying_speed <= 15.83; flying_speed <= 38.83; flying_speed <= 15.83; #threats <= 53.00; day_time <= 6.00; flying_speed <= 15.83; flying_speed <= 15.83,8,0,1,1,1,1,1,0,1,1,1,1,1,0,1,1,1,0,1,1,1,1,1,1,1
1941,threat_range <= 10398.43; day_time > 12.00; flying_speed <= 38.83; #threats <= 75.00; day_time > 18.00; threat_range <= 20104.47; weather = 3.0; #threats <= 26.00; weather = 3.0; day_time > 18.00; threat_range <= 10398.43,9,1,0,1,1,1,1,0,0,1,1,1,1,0,0,1,1,0,0,1,1,1,1,1,1
1942,#threats <= 75.00; threat_range <= 30458.59; flying_speed <= 15.83; flying_speed <= 15.83,7,0,0,1,1,1,1,0,0,1,1,1,1,0,0,1,0,0,0,1,0,0,0,1,1
1943,countermeasure = 0.0; flying_speed <= 27.56; countermeasure = 0.0; flying_speed <= 27.56; weather = 1.0; #threats <= 75.00; countermeasure = 0.0; flying_speed <= 27.56; #threats > 26.00; threat_range > 10398.43; countermeasure = 0.0; flying_speed <= 27.56; 10398.43 < threat_range <= 20104.47; countermeasure = 0.0; formation = 0.0,12,1,1,1,1,1,1,1,1,1,1,1,1,1,1,1,1,1,1,1,1,1,1,1,1
1944,countermeasure = 0.0; countermeasure = 0.0; 10398.43 < threat_range <= 20104.47; 6.00 < day_time <= 18.00; #threats <= 75.00; #threats <= 75.00; countermeasure = 0.0; 10398.43 < threat_range <= 20104.47; formation = 1.0; threat_range <= 20104.47; countermeasure = 0.0; formation = 1.0; threat_range <= 20104.47; formation = 1.0; #threats <= 53.00; threat_range <= 30458.59; formation = 1.0; countermeasure = 0.0; #threats <= 26.00,12,1,1,1,1,1,1,1,1,1,1,1,1,1,1,1,1,1,1,1,1,1,1,1,1
1945,flying_speed <= 15.83; day_time <= 6.00; threat_range <= 10398.43; weather = 3.0; #threats <= 53.00; #threats <= 75.00; day_time <= 6.00; flying_speed <= 15.83; threat_range <= 30458.59; formation = 0.0; weather = 3.0; flying_speed <= 27.56; flying_speed <= 15.83; threat_range <= 10398.43; day_time <= 6.00; weather = 3.0; flying_speed <= 15.83; #threats <= 53.00; formation = 0.0; flying_speed <= 15.83,11,1,1,1,1,1,1,0,1,1,1,1,1,1,1,1,1,1,1,1,1,1,1,1,1
1946,#threats > 75.00; flying_speed <= 15.83; 10398.43 < threat_range <= 20104.47; formation = 1.0; weather = 4.0; flying_speed <= 15.83; flying_speed <= 15.83; flying_speed <= 15.83; flying_speed <= 27.56; day_time > 12.00; flying_speed <= 15.83; 10398.43 < threat_range <= 30458.59; flying_speed <= 27.56,9,1,1,1,1,1,1,0,1,1,1,1,1,0,1,1,1,0,1,1,1,1,1,1,1
1947,flying_speed <= 27.56; threat_range > 20104.47; weather = 2.0; #threats <= 53.00; flying_speed <= 27.56; day_time <= 6.00; day_time <= 6.00,8,0,1,1,1,1,1,0,1,1,1,1,1,0,1,1,1,0,1,1,1,1,1,1,1
1948,countermeasure = 0.0; #threats <= 75.00; countermeasure = 0.0; flying_speed <= 27.56; #threats > 26.00; day_time > 6.00; threat_range > 20104.47; countermeasure = 0.0; flying_speed <= 27.56; #threats > 26.00; flying_speed <= 27.56; countermeasure = 0.0; #threats <= 75.00; countermeasure = 0.0,11,1,1,1,1,1,1,1,1,1,1,1,1,1,1,1,1,1,1,1,1,0,1,1,1
1949,countermeasure = 0.0; #threats <= 53.00; countermeasure = 0.0; day_time <= 6.00; weather = 4.0; 10398.43 < threat_range <= 30458.59; #threats <= 26.00; #threats <= 26.00; countermeasure = 0.0; day_time <= 6.00; 20104.47 < threat_range <= 30458.59; #threats <= 75.00; formation = 0.0; weather = 4.0; threat_range > 20104.47; countermeasure = 0.0; threat_range > 10398.43; day_time <= 6.00; #threats <= 75.00; countermeasure = 0.0; day_time <= 6.00; countermeasure = 0.0,12,1,0,1,0,1,1,1,0,1,0,1,0,1,0,1,0,1,0,1,0,1,0,1,0
1950,#threats <= 75.00; #threats <= 53.00; formation = 0.0; #threats <= 26.00; flying_speed <= 15.83; #threats <= 53.00; flying_speed <= 15.83,8,0,0,1,0,1,1,0,0,1,0,1,1,0,0,1,1,0,0,1,1,1,1,1,1
1951,countermeasure = 0.0; #threats <= 75.00; countermeasure = 0.0; 10398.43 < threat_range <= 20104.47; #threats > 53.00; day_time <= 12.00; countermeasure = 0.0; day_time <= 12.00; #threats > 26.00; countermeasure = 0.0; weather = 1.0; countermeasure = 0.0; threat_range <= 30458.59; #threats <= 75.00; day_time <= 12.00; flying_speed > 38.83,12,1,1,1,1,1,1,1,1,1,1,1,1,1,1,1,1,1,1,1,1,1,1,1,1
1952,threat_range > 20104.47; #threats <= 53.00; day_time > 18.00,7,0,1,1,0,1,1,0,0,1,0,1,0,0,0,1,0,0,0,1,0,0,0,1,1
1953,countermeasure = 0.0; formation = 1.0; day_time <= 18.00; countermeasure = 0.0; countermeasure = 0.0,8,1,1,1,0,1,1,0,0,1,0,1,0,0,0,1,0,0,0,1,0,0,0,1,1
1954,countermeasure = 0.0; #threats <= 75.00; countermeasure = 0.0; flying_speed <= 38.83; #threats > 26.00; flying_speed <= 38.83; day_time <= 12.00; countermeasure = 0.0; flying_speed <= 38.83; #threats > 53.00; day_time > 6.00; countermeasure = 0.0; flying_speed <= 38.83; flying_speed <= 38.83; day_time <= 12.00; countermeasure = 0.0; flying_speed <= 38.83,12,1,0,1,1,1,1,1,0,1,1,1,1,1,0,1,1,1,0,1,1,1,1,1,1
1955,flying_speed <= 38.83; flying_speed <= 27.56; flying_speed <= 15.83; threat_range > 10398.43; flying_speed <= 15.83; threat_range > 30458.59; formation = 0.0; threat_range > 30458.59,8,0,0,1,1,1,1,0,0,1,1,1,1,0,0,1,1,0,0,1,1,1,1,1,1
1956,countermeasure = 0.0; countermeasure = 0.0; flying_speed <= 27.56; formation = 1.0; threat_range > 20104.47; flying_speed <= 27.56; countermeasure = 0.0; flying_speed <= 27.56; threat_range > 20104.47; countermeasure = 0.0; #threats <= 53.00; 26.00 < #threats <= 53.00; countermeasure = 0.0; day_time > 12.00,12,1,0,1,0,1,1,1,0,1,0,1,0,1,0,1,0,1,0,1,0,1,0,1,0
1957,countermeasure = 0.0; countermeasure = 0.0; flying_speed <= 38.83; day_time > 12.00; flying_speed <= 38.83; #threats <= 75.00; countermeasure = 0.0; flying_speed <= 38.83; threat_range <= 30458.59; countermeasure = 0.0; threat_range > 20104.47; 20104.47 < threat_range <= 30458.59; #threats <= 75.00; countermeasure = 0.0; day_time > 18.00,11,1,1,1,0,1,1,1,0,1,0,1,0,1,0,1,0,0,0,1,0,1,0,1,1
1958,countermeasure = 0.0; countermeasure = 0.0; 10398.43 < threat_range <= 20104.47; #threats > 26.00; #threats <= 75.00; countermeasure = 0.0; weather = 1.0; 26.00 < #threats <= 75.00; day_time > 6.00; countermeasure = 0.0; #threats <= 75.00; #threats <= 75.00; #threats <= 53.00; countermeasure = 0.0; formation = 1.0; day_time > 18.00,12,1,1,1,1,1,1,1,1,1,1,1,1,1,1,1,1,1,1,1,1,1,1,1,1
1959,flying_speed <= 15.83; #threats > 26.00; 6.00 < day_time <= 18.00; threat_range <= 20104.47; formation = 1.0; weather = 4.0; flying_speed <= 15.83; 10398.43 < threat_range <= 30458.59; #threats > 26.00; 6.00 < day_time <= 18.00; flying_speed <= 27.56; flying_speed <= 15.83; #threats > 26.00; 10398.43 < threat_range <= 20104.47; day_time > 12.00; flying_speed <= 15.83; flying_speed <= 15.83; 12.00 < day_time <= 18.00; #threats > 26.00; 10398.43 < threat_range <= 20104.47; formation = 1.0; flying_speed <= 15.83; 26.00 < #threats <= 53.00; flying_speed <= 15.83,12,1,1,1,1,1,1,1,1,1,1,1,1,1,1,1,1,1,1,1,1,1,1,1,1
1960,countermeasure = 0.0; #threats <= 75.00; countermeasure = 0.0; flying_speed <= 27.56; threat_range <= 30458.59; #threats <= 75.00; countermeasure = 0.0; flying_speed <= 27.56; threat_range <= 30458.59; #threats <= 26.00; countermeasure = 0.0; flying_speed <= 27.56; #threats <= 53.00; flying_speed <= 27.56; #threats <= 26.00,12,1,0,1,1,1,1,1,0,1,1,1,1,1,0,1,1,1,0,1,1,1,1,1,1
1961,countermeasure = 0.0; #threats <= 53.00; #threats <= 26.00; threat_range <= 30458.59; #threats <= 75.00; #threats <= 75.00; #threats <= 26.00,8,1,1,1,0,1,1,0,0,1,0,1,0,0,0,1,0,0,0,1,0,0,0,1,0
1962,countermeasure = 0.0,2,1,1,0,0,1,1,0,0,0,0,0,0,0,0,0,0,0,0,0,0,0,0,0,0
1963,flying_speed <= 38.83; formation = 0.0; flying_speed <= 38.83; #threats <= 53.00; day_time > 18.00; weather = 3.0; #threats <= 53.00,8,0,0,1,1,1,1,0,0,1,1,1,1,0,0,1,0,0,0,1,0,1,1,1,1
1964,countermeasure = 0.0; weather = 2.0; countermeasure = 0.0; flying_speed <= 38.83; #threats > 26.00; countermeasure = 0.0; countermeasure = 0.0; flying_speed <= 38.83; weather = 2.0; #threats > 26.00; flying_speed <= 38.83; countermeasure = 0.0; flying_speed <= 38.83; day_time > 12.00; weather = 2.0; countermeasure = 0.0; weather = 2.0; day_time > 12.00; threat_range > 10398.43; flying_speed <= 38.83; #threats > 75.00; formation = 1.0; threat_range > 30458.59,12,1,1,1,1,1,1,1,1,1,1,1,1,1,1,1,1,1,1,1,1,1,1,1,1
1965,#threats > 75.00; threat_range <= 10398.43; 6.00 < day_time <= 18.00; threat_range <= 20104.47; threat_range <= 30458.59; threat_range <= 20104.47; weather = 3.0; 6.00 < day_time <= 18.00; #threats > 26.00,8,1,1,1,0,1,1,0,0,1,0,1,0,0,0,1,0,0,0,1,0,1,0,0,0
1966,countermeasure = 0.0; flying_speed <= 27.56; countermeasure = 0.0; flying_speed <= 27.56; threat_range <= 30458.59; flying_speed <= 27.56; countermeasure = 0.0; flying_speed <= 27.56; threat_range <= 30458.59; countermeasure = 0.0; flying_speed <= 27.56; weather = 1.0; 10398.43 < threat_range <= 30458.59; 26.00 < #threats <= 75.00; flying_speed <= 27.56,12,1,1,1,1,1,1,1,1,1,1,1,1,1,1,1,1,1,1,1,1,1,1,1,1
1967,countermeasure = 0.0; countermeasure = 0.0; flying_speed <= 38.83; day_time <= 6.00; weather = 4.0; flying_speed <= 38.83; countermeasure = 0.0; flying_speed <= 38.83; day_time <= 6.00; countermeasure = 0.0; flying_speed <= 38.83; countermeasure = 0.0; day_time <= 6.00,10,1,0,1,1,1,1,1,0,1,1,1,1,1,0,0,0,1,0,1,0,0,0,1,0
1968,#threats <= 26.00; #threats <= 26.00; threat_range > 10398.43; #threats <= 26.00; 10398.43 < threat_range <= 20104.47; formation = 0.0; flying_speed > 15.83; #threats <= 26.00,8,0,1,1,1,1,1,0,1,1,1,1,1,0,1,1,1,0,1,1,1,1,1,1,1
1969,threat_range > 10398.43; #threats <= 75.00; threat_range <= 20104.47; threat_range > 10398.43; #threats <= 75.00; 10398.43 < threat_range <= 20104.47; #threats <= 53.00,8,0,1,1,1,1,1,0,1,1,1,1,1,0,1,1,1,0,1,1,1,1,1,1,1
1970,#threats > 75.00; threat_range <= 20104.47; 12.00 < day_time <= 18.00; weather = 2.0; formation = 1.0; threat_range <= 30458.59; threat_range <= 20104.47; #threats > 75.00; 12.00 < day_time <= 18.00; formation = 1.0; threat_range <= 30458.59; #threats > 75.00; weather = 2.0; 6.00 < day_time <= 18.00; threat_range <= 20104.47; formation = 1.0; day_time > 12.00; #threats > 75.00; formation = 1.0; threat_range <= 20104.47; day_time <= 18.00; #threats > 26.00; threat_range <= 20104.47; weather = 2.0; 12.00 < day_time <= 18.00; #threats > 75.00,12,1,1,1,1,1,1,1,1,1,1,1,1,1,1,1,1,1,1,1,1,1,1,1,1
1971,#threats <= 53.00; #threats <= 53.00; #threats <= 75.00; threat_range <= 30458.59; 26.00 < #threats <= 53.00; threat_range <= 20104.47,8,0,0,1,1,1,1,0,0,1,1,1,1,0,0,1,1,0,0,1,1,1,1,1,1
1972,countermeasure = 0.0; flying_speed <= 38.83; countermeasure = 0.0; flying_speed <= 27.56; formation = 1.0; #threats <= 53.00; countermeasure = 0.0; flying_speed <= 27.56; threat_range <= 20104.47; weather = 1.0; countermeasure = 0.0; flying_speed <= 38.83; countermeasure = 0.0; threat_range <= 20104.47; weather = 1.0; #threats <= 53.00,12,1,1,1,1,1,1,1,1,1,1,1,1,1,1,1,1,1,1,1,1,1,1,1,1
1973,countermeasure = 0.0; day_time <= 18.00; countermeasure = 0.0; #threats > 26.00; threat_range > 10398.43; weather = 3.0; 12.00 < day_time <= 18.00; threat_range > 20104.47; day_time <= 18.00; countermeasure = 0.0; threat_range > 10398.43; day_time <= 18.00; #threats > 26.00; formation = 1.0; weather = 3.0; flying_speed > 15.83; countermeasure = 0.0; countermeasure = 0.0; #threats > 26.00; countermeasure = 0.0; weather = 3.0; flying_speed > 27.56; threat_range > 10398.43; flying_speed > 38.83,12,1,1,1,1,1,1,1,1,1,1,1,1,1,1,1,1,1,1,1,1,1,1,1,1
1974,formation = 1.0; flying_speed <= 38.83; countermeasure = 1.0; flying_speed <= 38.83; day_time > 18.00,7,0,0,1,0,1,1,0,0,1,0,1,0,0,0,1,0,0,0,1,0,0,0,1,1
1975,countermeasure = 0.0; flying_speed <= 15.83; countermeasure = 0.0; flying_speed <= 15.83; threat_range <= 30458.59; flying_speed <= 15.83; countermeasure = 0.0; flying_speed <= 15.83; flying_speed <= 15.83; countermeasure = 0.0; flying_speed <= 27.56; weather = 1.0; flying_speed <= 15.83; #threats <= 75.00; threat_range <= 20104.47,11,1,1,1,0,1,1,1,0,1,0,1,0,1,0,1,0,1,0,1,0,1,0,0,0
1976,countermeasure = 0.0; flying_speed <= 27.56; countermeasure = 0.0; flying_speed <= 27.56; day_time > 18.00; #threats <= 75.00; countermeasure = 0.0; flying_speed <= 15.83; countermeasure = 0.0; countermeasure = 0.0; flying_speed <= 27.56; flying_speed <= 15.83; threat_range > 30458.59,11,1,1,1,0,1,1,1,0,1,0,1,0,1,0,1,0,1,0,1,0,0,0,1,1
1977,countermeasure = 0.0; #threats <= 53.00; countermeasure = 0.0; flying_speed <= 15.83; #threats <= 53.00; countermeasure = 0.0; flying_speed <= 15.83; #threats <= 75.00; countermeasure = 0.0; flying_speed <= 15.83; countermeasure = 0.0; flying_speed <= 15.83; #threats <= 75.00; flying_speed <= 15.83,12,1,1,1,1,1,1,1,1,1,1,1,1,1,1,1,1,1,1,1,1,1,1,1,1
1978,#threats <= 75.00; #threats <= 53.00; flying_speed <= 15.83; #threats <= 75.00; flying_speed <= 15.83; weather = 1.0; flying_speed <= 27.56,8,0,0,1,1,1,1,0,0,1,1,1,1,0,0,1,1,0,0,1,1,1,1,1,1
1979,threat_range <= 10398.43; formation = 0.0; 6.00 < day_time <= 18.00; #threats <= 53.00; formation = 0.0; threat_range <= 30458.59; formation = 0.0; day_time <= 12.00; #threats <= 53.00; #threats <= 53.00; 6.00 < day_time <= 12.00; threat_range <= 20104.47; flying_speed > 15.83; formation = 0.0; countermeasure = 1.0; #threats <= 26.00,10,1,0,1,1,1,1,0,0,1,1,1,1,0,0,1,1,1,0,1,1,1,1,1,1
1980,threat_range <= 20104.47; day_time <= 6.00; flying_speed <= 38.83; flying_speed <= 38.83; day_time <= 6.00; 10398.43 < threat_range <= 20104.47,7,0,1,1,0,1,1,0,0,1,0,1,0,0,0,1,0,0,0,1,0,1,0,0,0
1981,#threats <= 26.00; #threats <= 75.00; threat_range > 10398.43; flying_speed <= 15.83; flying_speed <= 15.83; day_time > 12.00; flying_speed <= 15.83,8,0,1,1,1,1,1,0,1,1,1,1,1,0,1,1,1,0,1,1,1,1,1,1,1
1982,countermeasure = 0.0; flying_speed <= 38.83; countermeasure = 0.0; flying_speed <= 38.83; #threats > 26.00; threat_range > 10398.43; formation = 0.0; countermeasure = 0.0; flying_speed <= 38.83; #threats > 26.00; threat_range <= 30458.59; flying_speed <= 38.83; countermeasure = 0.0; flying_speed <= 38.83; countermeasure = 0.0; 10398.43 < threat_range <= 20104.47; day_time <= 12.00; countermeasure = 0.0,12,1,1,1,0,1,1,1,0,1,0,1,0,1,0,1,0,1,0,1,0,1,1,1,1
1983,flying_speed <= 15.83; threat_range <= 10398.43; day_time <= 18.00; weather = 1.0; flying_speed <= 15.83; threat_range <= 10398.43; 6.00 < day_time <= 18.00; weather = 1.0; formation = 1.0; #threats <= 53.00; #threats <= 75.00; flying_speed <= 15.83; threat_range <= 10398.43; formation = 1.0; day_time <= 12.00; #threats <= 53.00; flying_speed <= 15.83; 6.00 < day_time <= 18.00; threat_range <= 10398.43; formation = 1.0; weather = 1.0; flying_speed <= 15.83; flying_speed <= 15.83; threat_range <= 10398.43; flying_speed <= 15.83,12,1,1,1,1,1,1,1,1,1,1,1,1,1,1,1,1,1,1,1,1,1,1,1,1
1984,#threats <= 75.00; #threats <= 75.00; #threats <= 75.00; threat_range <= 20104.47; #threats <= 75.00; threat_range <= 20104.47; day_time > 18.00; countermeasure = 1.0,8,0,0,1,1,1,1,0,0,1,1,1,1,0,0,1,1,0,0,1,1,1,1,1,1
1985,#threats <= 75.00; day_time > 12.00; flying_speed <= 27.56; flying_speed <= 27.56; #threats <= 75.00; 10398.43 < threat_range <= 20104.47; flying_speed > 15.83; flying_speed <= 27.56,8,0,1,1,0,1,1,0,0,1,0,1,0,0,0,1,0,0,0,1,0,1,0,1,0
1986,#threats <= 53.00; #threats <= 26.00; #threats <= 26.00; flying_speed <= 38.83; flying_speed <= 38.83; 15.83 < flying_speed <= 38.83; #threats <= 53.00; threat_range <= 30458.59; weather = 1.0; flying_speed > 27.56,8,0,1,1,0,1,1,0,0,1,0,1,1,0,0,1,1,0,1,1,1,1,1,1,1
1987,countermeasure = 0.0; #threats <= 26.00; day_time > 12.00; 10398.43 < threat_range <= 20104.47; #threats <= 26.00,6,1,0,1,1,1,1,0,0,1,1,0,1,0,0,0,0,0,0,0,0,1,1,1,1
1988,countermeasure = 0.0; #threats <= 75.00; countermeasure = 0.0; day_time <= 12.00; formation = 1.0; #threats > 26.00; threat_range > 10398.43; #threats <= 75.00; countermeasure = 0.0; countermeasure = 0.0; day_time <= 12.00; 26.00 < #threats <= 75.00; countermeasure = 0.0; countermeasure = 0.0; formation = 1.0; #threats > 26.00; #threats <= 75.00; flying_speed > 38.83; 26.00 < #threats <= 53.00; countermeasure = 0.0; threat_range > 30458.59,12,1,1,1,1,1,1,1,1,1,1,1,1,1,1,1,1,1,1,1,1,1,1,1,1
1989,countermeasure = 0.0; #threats <= 53.00; countermeasure = 0.0; flying_speed <= 15.83; #threats <= 53.00; countermeasure = 0.0; flying_speed <= 15.83; threat_range <= 20104.47; flying_speed <= 15.83; countermeasure = 0.0; flying_speed <= 15.83; flying_speed <= 15.83; countermeasure = 0.0,12,1,1,1,1,1,1,1,1,1,1,1,1,1,1,1,1,1,1,1,1,1,1,1,1
1990,countermeasure = 0.0; threat_range <= 10398.43; #threats > 26.00; countermeasure = 0.0,6,1,1,0,0,1,1,0,0,1,0,1,0,0,0,1,0,0,0,1,0,0,0,0,0
1991,countermeasure = 0.0; flying_speed <= 27.56; countermeasure = 0.0; flying_speed <= 27.56; threat_range <= 30458.59; threat_range > 10398.43; threat_range > 10398.43; countermeasure = 0.0; flying_speed <= 27.56; threat_range <= 30458.59; flying_speed > 15.83; countermeasure = 0.0; threat_range <= 20104.47; 26.00 < #threats <= 53.00; countermeasure = 0.0; flying_speed <= 27.56,12,1,1,1,0,1,1,1,0,1,0,1,0,1,0,1,0,1,0,1,0,1,1,1,1
1992,#threats > 75.00; 12.00 < day_time <= 18.00; formation = 1.0; flying_speed > 15.83; flying_speed <= 38.83; day_time <= 18.00; #threats > 75.00; weather = 2.0; threat_range <= 30458.59; formation = 1.0; day_time <= 18.00; threat_range <= 20104.47; threat_range <= 10398.43; formation = 1.0; day_time <= 18.00; weather = 2.0; flying_speed <= 38.83; #threats > 75.00; #threats > 75.00,10,1,1,1,1,1,1,0,1,1,1,1,1,0,1,1,1,1,1,1,1,1,1,1,1
1993,#threats > 75.00; day_time <= 12.00; threat_range > 20104.47; flying_speed <= 27.56; formation = 1.0; countermeasure = 1.0; day_time <= 12.00; threat_range > 30458.59; #threats > 75.00; flying_speed <= 27.56; formation = 1.0; threat_range > 10398.43; weather = 1.0; day_time <= 12.00; flying_speed <= 27.56; 6.00 < day_time <= 12.00; flying_speed <= 27.56; threat_range > 10398.43; formation = 1.0; flying_speed <= 27.56,10,1,1,1,1,1,1,0,1,1,1,1,1,0,1,1,1,1,1,1,1,1,1,1,1
1994,countermeasure = 0.0; flying_speed <= 15.83; countermeasure = 0.0; flying_speed <= 15.83; flying_speed <= 27.56; #threats <= 75.00; countermeasure = 0.0; flying_speed <= 15.83; countermeasure = 0.0; flying_speed <= 15.83; #threats <= 53.00; flying_speed <= 15.83; countermeasure = 0.0; 10398.43 < threat_range <= 30458.59; threat_range <= 20104.47,12,1,1,1,1,1,1,1,1,1,1,1,1,1,1,1,1,1,1,1,1,1,1,1,1
1995,#threats <= 75.00; threat_range > 10398.43; flying_speed > 27.56; #threats <= 75.00; #threats > 26.00; 10398.43 < threat_range <= 20104.47; flying_speed > 38.83,8,0,0,1,1,1,1,0,0,1,1,1,1,0,0,1,1,0,0,1,1,1,1,1,1
1996,flying_speed <= 15.83; day_time <= 6.00; threat_range <= 20104.47; formation = 0.0; flying_speed <= 15.83; flying_speed <= 15.83; day_time <= 6.00; formation = 0.0; 10398.43 < threat_range <= 20104.47; weather = 4.0; #threats <= 26.00; threat_range <= 30458.59; flying_speed <= 15.83; 10398.43 < threat_range <= 20104.47; day_time <= 6.00; weather = 4.0; #threats <= 26.00; formation = 0.0; #threats <= 26.00; flying_speed <= 15.83; 10398.43 < threat_range <= 20104.47; day_time <= 6.00; formation = 0.0; flying_speed <= 38.83; flying_speed <= 15.83; threat_range <= 20104.47; formation = 0.0,12,1,1,1,1,1,1,1,1,1,1,1,1,1,1,1,1,1,1,1,1,1,1,1,1
1997,#threats <= 26.00; #threats <= 26.00; flying_speed > 38.83,4,0,0,0,0,1,1,0,0,1,0,0,0,0,0,1,0,0,0,0,0,0,0,1,0
1998,countermeasure = 0.0; countermeasure = 0.0; flying_speed <= 38.83; day_time <= 6.00; day_time <= 6.00; countermeasure = 0.0; flying_speed <= 38.83; day_time <= 12.00; countermeasure = 0.0; flying_speed <= 38.83; day_time <= 6.00,11,1,0,1,0,1,1,1,0,1,0,1,0,1,0,1,0,1,0,1,0,0,0,1,0
1999,countermeasure = 0.0; countermeasure = 0.0; countermeasure = 0.0; #threats > 26.00; threat_range > 10398.43; day_time <= 6.00; day_time <= 12.00; countermeasure = 0.0; day_time <= 6.00; threat_range > 10398.43; formation = 0.0; countermeasure = 0.0; threat_range > 10398.43; day_time <= 12.00; day_time <= 6.00; countermeasure = 0.0; day_time <= 6.00,12,1,1,1,1,1,1,1,1,1,1,1,1,1,1,1,1,1,1,1,1,1,1,1,1
2000,countermeasure = 0.0; #threats <= 53.00; countermeasure = 0.0; flying_speed <= 27.56; day_time <= 6.00; #threats <= 53.00; countermeasure = 0.0; countermeasure = 0.0; flying_speed <= 27.56; flying_speed <= 38.83; countermeasure = 0.0; flying_speed <= 27.56; weather = 1.0; flying_speed <= 27.56; day_time <= 18.00; countermeasure = 0.0; flying_speed <= 27.56,12,1,0,1,1,1,1,1,0,1,1,1,1,1,0,1,1,1,0,1,1,1,1,1,1
2001,#threats <= 26.00; day_time <= 18.00; flying_speed <= 38.83; #threats <= 53.00; 15.83 < flying_speed <= 38.83; day_time <= 12.00; flying_speed > 27.56,8,0,0,1,1,1,1,0,0,1,1,1,1,0,0,1,1,0,0,1,1,1,1,1,1
2002,flying_speed <= 15.83; #threats > 26.00; weather = 3.0; day_time <= 6.00; threat_range <= 20104.47; formation = 1.0; day_time <= 6.00; weather = 3.0; flying_speed <= 15.83; #threats <= 53.00; flying_speed <= 15.83; threat_range <= 20104.47; day_time <= 12.00; flying_speed <= 15.83,9,1,1,1,1,1,1,0,1,1,1,1,1,0,1,1,1,0,1,1,1,1,1,1,1
2003,#threats > 75.00; flying_speed <= 15.83; day_time <= 6.00; weather = 3.0; flying_speed <= 27.56; flying_speed <= 15.83; #threats > 75.00; day_time <= 6.00; threat_range > 10398.43; formation = 0.0; flying_speed <= 27.56; threat_range > 20104.47; flying_speed <= 15.83; #threats > 75.00; day_time <= 6.00; threat_range > 10398.43; formation = 0.0; #threats > 26.00; #threats > 75.00; flying_speed <= 15.83; threat_range > 10398.43; day_time <= 6.00; flying_speed <= 38.83; day_time <= 6.00; flying_speed <= 27.56; formation = 0.0; flying_speed <= 15.83,12,1,1,1,1,1,1,1,1,1,1,1,1,1,1,1,1,1,1,1,1,1,1,1,1
2004,countermeasure = 0.0; #threats <= 53.00; countermeasure = 0.0; flying_speed <= 38.83; threat_range <= 30458.59; #threats > 26.00; flying_speed <= 38.83; formation = 0.0; countermeasure = 0.0; flying_speed <= 38.83; #threats > 26.00; #threats <= 75.00; countermeasure = 0.0; threat_range <= 30458.59; threat_range <= 20104.47; threat_range <= 20104.47; countermeasure = 0.0; #threats <= 75.00; #threats > 26.00,12,1,1,1,1,1,1,1,1,1,1,1,1,1,1,1,1,1,1,1,1,1,1,1,1
2005,countermeasure = 0.0; #threats <= 75.00; #threats <= 75.00; threat_range <= 10398.43; countermeasure = 0.0; countermeasure = 0.0; #threats <= 75.00; threat_range <= 30458.59; threat_range <= 20104.47; countermeasure = 0.0; #threats <= 75.00; day_time > 6.00,10,1,0,1,1,1,1,0,0,1,1,1,1,0,0,1,1,1,0,1,1,1,1,1,1
2006,#threats > 75.00; weather = 2.0; day_time <= 18.00; flying_speed > 15.83; formation = 0.0; day_time <= 6.00; #threats > 75.00; threat_range > 10398.43; formation = 0.0; weather = 2.0; flying_speed > 38.83; weather = 2.0; threat_range > 10398.43; #threats > 53.00; day_time <= 6.00; weather = 2.0; formation = 0.0; flying_speed > 38.83,10,1,1,1,1,1,1,1,1,1,1,1,1,0,1,1,1,0,1,1,1,1,1,1,1
2007,threat_range > 20104.47; #threats <= 26.00; #threats <= 53.00; #threats <= 26.00; #threats <= 53.00; 10398.43 < threat_range <= 30458.59; flying_speed <= 27.56; flying_speed <= 38.83,8,0,1,1,1,1,1,0,1,1,1,1,1,0,1,1,1,0,1,1,1,1,1,1,1
2008,#threats <= 75.00; formation = 0.0; day_time <= 6.00; #threats <= 75.00; #threats <= 53.00; day_time <= 6.00; threat_range <= 30458.59; flying_speed > 27.56; day_time <= 6.00,8,0,0,1,1,1,1,0,0,1,1,1,1,0,0,1,0,0,0,1,0,1,0,1,1
2009,#threats <= 75.00; #threats <= 75.00; day_time > 18.00; #threats <= 26.00; day_time > 6.00; #threats <= 26.00; flying_speed > 15.83; 10398.43 < threat_range <= 20104.47; countermeasure = 1.0,8,0,1,1,1,1,1,0,1,1,1,1,1,0,1,1,1,0,1,1,1,1,1,1,1
2010,countermeasure = 0.0; #threats <= 75.00; countermeasure = 0.0; flying_speed <= 27.56; 10398.43 < threat_range <= 20104.47; weather = 3.0; #threats <= 75.00; countermeasure = 0.0; flying_speed <= 27.56; #threats > 26.00; countermeasure = 0.0; flying_speed <= 27.56; day_time <= 6.00; countermeasure = 0.0; day_time <= 6.00; flying_speed <= 27.56; day_time <= 6.00,12,1,0,1,1,1,1,1,0,1,1,1,1,1,0,1,1,1,0,1,1,1,1,1,1
2011,#threats <= 53.00; day_time <= 6.00; threat_range <= 30458.59; formation = 1.0; #threats <= 53.00; day_time <= 6.00; threat_range <= 10398.43; #threats <= 53.00; formation = 1.0; weather = 2.0; weather = 2.0; day_time <= 6.00; weather = 2.0; formation = 1.0; threat_range <= 20104.47; #threats <= 26.00; day_time <= 6.00; threat_range <= 20104.47; #threats <= 26.00,11,0,1,1,1,1,1,1,1,1,1,1,1,1,1,1,1,1,1,1,1,1,1,1,1
2012,#threats <= 75.00; day_time <= 12.00; #threats <= 75.00; threat_range <= 20104.47; day_time <= 6.00; threat_range <= 30458.59,8,0,1,1,1,1,1,0,1,1,1,1,1,0,1,1,1,0,1,1,1,1,1,1,1
2013,#threats <= 75.00; #threats <= 53.00; #threats > 26.00; 26.00 < #threats <= 53.00; threat_range > 10398.43; flying_speed <= 38.83; day_time > 12.00,8,0,1,1,1,1,1,0,1,1,1,1,1,0,1,1,1,0,1,1,1,1,1,1,1
2014,countermeasure = 0.0; flying_speed <= 27.56; countermeasure = 0.0; flying_speed <= 27.56; threat_range <= 30458.59; flying_speed <= 38.83; countermeasure = 0.0; flying_speed <= 27.56; threat_range <= 20104.47; countermeasure = 0.0; countermeasure = 0.0; flying_speed <= 27.56; countermeasure = 0.0; threat_range <= 20104.47; weather = 2.0; flying_speed <= 27.56; day_time > 18.00,12,1,1,1,1,1,1,1,1,1,1,1,1,1,1,1,1,1,1,1,1,1,1,1,1
2015,countermeasure = 0.0; day_time <= 18.00; countermeasure = 0.0; flying_speed <= 15.83; flying_speed <= 15.83; flying_speed <= 27.56; countermeasure = 0.0; flying_speed <= 15.83; countermeasure = 0.0; flying_speed <= 15.83; flying_speed <= 38.83; flying_speed <= 15.83; threat_range > 20104.47; formation = 1.0; countermeasure = 0.0; countermeasure = 0.0,12,1,1,1,1,1,1,1,1,1,1,1,1,1,1,1,1,1,1,1,1,1,1,1,1
2016,countermeasure = 0.0; #threats <= 75.00; countermeasure = 0.0; flying_speed <= 27.56; #threats <= 26.00; countermeasure = 0.0; flying_speed <= 27.56; threat_range <= 20104.47; #threats <= 75.00; countermeasure = 0.0; weather = 2.0; weather = 2.0; day_time <= 6.00; countermeasure = 0.0; weather = 2.0,12,1,0,1,1,1,1,1,0,1,1,1,1,1,0,1,1,1,0,1,1,1,1,1,1
2017,countermeasure = 0.0; countermeasure = 0.0; flying_speed <= 38.83; #threats > 26.00; countermeasure = 0.0; threat_range > 10398.43; countermeasure = 0.0; flying_speed <= 38.83; 10398.43 < threat_range <= 30458.59; #threats > 26.00; countermeasure = 0.0; threat_range <= 30458.59; countermeasure = 0.0; 10398.43 < threat_range <= 30458.59; flying_speed > 15.83; #threats > 26.00; day_time <= 18.00; countermeasure = 0.0,12,1,1,1,1,1,1,1,1,1,1,1,1,1,1,1,1,1,1,1,1,1,1,1,1
2018,flying_speed <= 15.83; flying_speed <= 27.56; #threats <= 26.00; flying_speed <= 15.83; weather = 3.0; threat_range > 10398.43; #threats <= 26.00,8,0,0,1,1,1,1,0,0,1,1,1,1,0,0,1,1,0,0,1,1,1,1,1,1
2019,countermeasure = 0.0; countermeasure = 0.0; countermeasure = 0.0; flying_speed <= 15.83; flying_speed <= 15.83; countermeasure = 0.0; flying_speed <= 15.83; flying_speed <= 27.56; countermeasure = 0.0; flying_speed <= 15.83; flying_speed <= 15.83; countermeasure = 0.0; flying_speed <= 15.83,12,1,1,1,1,1,1,1,1,1,1,1,1,1,1,1,1,1,1,1,1,1,1,1,1
2020,#threats > 75.00; weather = 1.0; formation = 1.0; 10398.43 < threat_range <= 30458.59; flying_speed > 38.83; threat_range > 20104.47; day_time <= 6.00; weather = 1.0; weather = 1.0; day_time <= 6.00; 10398.43 < threat_range <= 30458.59; day_time <= 6.00,9,1,0,1,1,1,1,0,0,1,1,1,1,0,0,1,0,0,0,1,0,1,1,1,1
2021,countermeasure = 0.0; threat_range <= 20104.47; threat_range <= 30458.59; flying_speed > 38.83; weather = 3.0; countermeasure = 0.0; #threats > 26.00; day_time <= 6.00; threat_range <= 30458.59; threat_range <= 10398.43; day_time <= 6.00; countermeasure = 0.0; threat_range <= 30458.59; day_time <= 6.00,10,1,1,1,0,1,1,0,0,1,0,1,0,0,0,1,0,1,0,1,0,1,1,1,1
2022,countermeasure = 0.0; countermeasure = 0.0; flying_speed <= 27.56; flying_speed <= 15.83; countermeasure = 0.0; flying_speed <= 15.83; threat_range > 20104.47; countermeasure = 0.0; flying_speed <= 15.83; flying_speed <= 15.83; flying_speed <= 15.83; formation = 0.0; countermeasure = 0.0; flying_speed <= 15.83,12,1,0,1,1,1,1,1,0,1,1,1,1,1,0,1,1,1,0,1,1,1,1,1,1
2023,#threats > 53.00; flying_speed <= 15.83; threat_range > 30458.59; day_time <= 12.00; weather = 4.0; flying_speed <= 15.83; flying_speed <= 27.56; flying_speed <= 15.83; day_time <= 12.00; formation = 0.0; threat_range > 30458.59,9,1,0,1,1,1,1,0,0,1,1,1,1,0,0,1,1,0,0,1,1,1,1,1,1
2024,countermeasure = 0.0; #threats <= 53.00; countermeasure = 0.0; flying_speed <= 38.83; #threats <= 75.00; #threats <= 26.00; countermeasure = 0.0; flying_speed <= 38.83; weather = 3.0; flying_speed <= 38.83; countermeasure = 0.0; flying_speed <= 38.83; #threats <= 75.00; threat_range <= 20104.47; formation = 1.0; flying_speed > 27.56; #threats <= 75.00; countermeasure = 0.0; #threats <= 26.00,12,1,1,1,1,1,1,1,1,1,1,1,1,1,1,1,1,1,1,1,1,1,1,1,1
2025,formation = 0.0; #threats <= 75.00; flying_speed <= 38.83; threat_range <= 20104.47; day_time <= 6.00; 10398.43 < threat_range <= 20104.47; day_time <= 6.00,8,0,1,1,0,1,1,0,0,1,0,1,1,0,0,1,1,0,1,1,1,1,1,1,1
2026,#threats <= 75.00; #threats <= 75.00; formation = 1.0; day_time > 6.00; day_time > 18.00; #threats <= 26.00; 10398.43 < threat_range <= 20104.47; flying_speed > 38.83; #threats <= 53.00,8,0,1,1,1,1,1,0,1,1,1,1,1,0,1,1,1,0,1,1,1,1,1,1,1
2027,day_time <= 6.00; formation = 1.0; day_time <= 6.00; threat_range <= 30458.59,5,0,0,1,0,1,1,0,0,1,0,1,0,0,0,0,0,0,0,0,0,0,0,1,1
2028,flying_speed <= 15.83; flying_speed <= 27.56; #threats <= 75.00; flying_speed <= 15.83; weather = 3.0; threat_range <= 20104.47,8,0,1,1,0,1,1,0,0,1,0,1,0,0,0,1,0,0,0,1,0,1,0,1,0
2029,countermeasure = 0.0; threat_range > 20104.47; weather = 2.0; flying_speed > 38.83,7,1,1,0,0,1,1,0,0,1,0,1,0,0,0,1,0,0,0,1,0,0,0,1,1
2030,#threats <= 75.00; day_time <= 6.00; flying_speed <= 15.83; flying_speed <= 38.83; flying_speed <= 15.83; flying_speed <= 15.83,8,0,0,1,0,1,1,0,0,1,0,1,0,0,0,1,0,0,0,1,0,1,0,1,0
2031,day_time <= 6.00; day_time <= 6.00; weather = 1.0; formation = 1.0; weather = 1.0; threat_range <= 20104.47; 26.00 < #threats <= 75.00; day_time <= 12.00; day_time <= 6.00,8,0,0,1,1,1,1,0,0,1,1,1,1,0,0,1,0,0,0,1,0,1,1,1,1
2032,day_time > 6.00; #threats <= 75.00; day_time <= 12.00; #threats <= 75.00; flying_speed > 38.83; 53.00 < #threats <= 75.00; day_time <= 12.00; threat_range > 10398.43; weather = 3.0,8,0,0,1,1,1,1,0,0,1,1,1,1,0,0,1,1,0,0,1,1,1,1,1,1
2033,threat_range > 20104.47; threat_range > 10398.43; #threats > 75.00; day_time <= 6.00; formation = 1.0; day_time <= 6.00,6,0,0,1,1,1,1,0,0,1,1,1,1,0,0,0,0,0,0,0,0,1,1,1,1
2034,flying_speed <= 15.83; #threats <= 75.00; flying_speed <= 15.83,7,0,0,1,0,1,1,0,0,1,0,1,0,0,0,1,0,0,0,1,0,0,0,1,1
2035,#threats <= 53.00; flying_speed <= 38.83; day_time > 18.00; flying_speed <= 27.56; 26.00 < #threats <= 53.00; #threats <= 53.00,8,0,0,1,1,1,1,0,0,1,1,1,1,0,0,1,1,0,0,1,1,1,1,1,1
2036,countermeasure = 0.0; flying_speed <= 15.83; countermeasure = 0.0; flying_speed <= 15.83; flying_speed <= 27.56; flying_speed <= 27.56; countermeasure = 0.0; flying_speed <= 15.83; threat_range > 10398.43; countermeasure = 0.0; flying_speed <= 27.56; formation = 0.0; flying_speed <= 15.83; flying_speed <= 15.83,12,1,1,1,0,1,1,1,0,1,0,1,1,1,0,1,1,1,1,1,1,1,1,1,1
2037,countermeasure = 1.0; #threats <= 75.00; #threats <= 53.00; weather = 3.0; flying_speed > 38.83; #threats <= 53.00; formation = 0.0; weather = 3.0; #threats <= 53.00,8,0,0,1,1,1,1,0,0,1,1,1,1,0,0,1,1,0,0,1,1,1,1,1,1
2038,countermeasure = 0.0; countermeasure = 0.0; countermeasure = 0.0; flying_speed <= 27.56; #threats > 26.00; #threats <= 75.00; countermeasure = 0.0; day_time <= 6.00; flying_speed <= 27.56; flying_speed <= 38.83; countermeasure = 0.0; flying_speed <= 27.56; #threats <= 75.00; threat_range <= 30458.59; day_time <= 6.00; countermeasure = 0.0; countermeasure = 0.0,12,1,1,1,1,1,1,1,1,1,1,1,1,1,1,1,1,1,1,1,1,1,1,1,1
2039,countermeasure = 0.0; countermeasure = 0.0; flying_speed <= 38.83; #threats > 26.00; #threats <= 75.00; countermeasure = 0.0; flying_speed <= 27.56; threat_range <= 30458.59; #threats <= 75.00; threat_range > 20104.47; countermeasure = 0.0; flying_speed <= 38.83; flying_speed <= 27.56; flying_speed <= 27.56; #threats <= 75.00; day_time <= 18.00; threat_range <= 30458.59; #threats > 53.00,12,1,1,1,1,1,1,1,1,1,1,1,1,1,1,1,1,1,1,1,1,1,1,1,1
2040,countermeasure = 0.0; flying_speed > 38.83; #threats <= 75.00; formation = 0.0; threat_range > 10398.43; countermeasure = 0.0; threat_range > 30458.59,9,1,1,1,0,1,1,0,0,1,0,1,0,0,0,1,0,0,0,1,0,1,0,1,1
2041,#threats <= 75.00; #threats <= 53.00; weather = 2.0; #threats <= 75.00; #threats <= 53.00; day_time <= 12.00,7,0,0,1,0,1,1,0,0,1,0,1,0,0,0,1,0,0,0,1,0,0,0,1,0
2042,#threats <= 26.00; #threats <= 53.00; #threats <= 75.00; threat_range > 20104.47; flying_speed <= 27.56; flying_speed <= 27.56; #threats <= 53.00; weather = 3.0; day_time > 6.00; threat_range > 20104.47; #threats <= 26.00,8,0,1,1,1,1,1,0,1,1,1,1,1,0,1,1,1,0,1,1,1,1,1,1,1
2043,day_time > 18.00; #threats <= 75.00; threat_range > 20104.47; threat_range > 30458.59,7,0,0,1,0,1,1,0,0,1,0,1,0,0,0,1,0,0,0,1,0,0,0,1,1
2044,countermeasure = 0.0; #threats <= 75.00; countermeasure = 0.0; 26.00 < #threats <= 75.00; weather = 4.0; #threats <= 53.00; #threats <= 75.00; countermeasure = 0.0; 10398.43 < threat_range <= 30458.59; #threats > 26.00; countermeasure = 0.0; formation = 1.0; day_time > 6.00; day_time > 18.00; 26.00 < #threats <= 53.00; threat_range <= 30458.59; formation = 1.0,12,1,1,1,1,1,1,1,1,1,1,1,1,1,1,1,1,1,1,1,1,1,1,1,1
2045,weather = 3.0; flying_speed <= 27.56; flying_speed <= 38.83; #threats <= 53.00; 10398.43 < threat_range <= 20104.47; flying_speed > 15.83; #threats <= 53.00; threat_range <= 20104.47,8,0,1,1,1,1,1,0,1,1,1,1,1,0,1,1,1,0,1,1,1,1,1,1,1
2046,countermeasure = 0.0; #threats <= 53.00; #threats <= 26.00; day_time > 12.00; countermeasure = 0.0; flying_speed <= 38.83; countermeasure = 0.0; #threats <= 53.00; countermeasure = 0.0; flying_speed <= 38.83; threat_range > 10398.43; day_time > 12.00; threat_range > 30458.59,10,1,1,1,1,1,1,0,1,1,1,1,1,0,1,1,1,1,1,1,1,1,1,1,1
2047,countermeasure = 0.0; flying_speed <= 27.56; countermeasure = 0.0; flying_speed <= 15.83; flying_speed <= 27.56; countermeasure = 0.0; flying_speed <= 15.83; flying_speed <= 27.56; countermeasure = 0.0; flying_speed <= 27.56; countermeasure = 0.0; flying_speed <= 15.83; day_time <= 6.00; weather = 1.0; flying_speed <= 15.83,12,1,1,1,1,1,1,1,1,1,1,1,1,1,1,1,1,1,1,1,1,1,1,1,1
2048,countermeasure = 0.0; #threats <= 75.00; countermeasure = 0.0; 53.00 < #threats <= 75.00; threat_range <= 20104.47; formation = 1.0; day_time > 12.00; weather = 1.0; #threats <= 75.00; countermeasure = 0.0; 26.00 < #threats <= 75.00; threat_range <= 30458.59; formation = 1.0; countermeasure = 0.0; weather = 1.0; countermeasure = 0.0; threat_range <= 20104.47; countermeasure = 0.0; #threats <= 75.00; day_time > 18.00,12,1,0,1,1,1,1,1,0,1,1,1,1,1,0,1,1,1,0,1,1,1,1,1,1
2049,#threats > 75.00; 12.00 < day_time <= 18.00; day_time <= 18.00; threat_range > 10398.43; flying_speed <= 38.83; flying_speed <= 15.83,8,1,1,1,0,1,1,0,0,1,0,1,0,0,0,1,0,0,0,1,0,0,0,1,1
2050,countermeasure = 0.0; formation = 0.0; countermeasure = 0.0; flying_speed <= 38.83; day_time <= 6.00; countermeasure = 0.0; flying_speed <= 38.83; #threats > 26.00; day_time <= 6.00; countermeasure = 0.0; #threats > 26.00; formation = 0.0; countermeasure = 0.0; day_time <= 6.00; weather = 1.0; formation = 0.0; day_time <= 6.00,12,1,1,1,0,1,1,1,0,1,0,1,0,1,0,1,0,1,0,1,0,1,1,1,1
2051,formation = 0.0; threat_range <= 20104.47; formation = 0.0; weather = 3.0; threat_range <= 30458.59; formation = 0.0; day_time > 12.00; #threats <= 26.00; threat_range <= 20104.47; formation = 0.0; #threats <= 53.00; #threats <= 75.00; threat_range <= 30458.59; weather = 3.0; formation = 0.0; day_time > 12.00; day_time > 12.00,11,0,1,1,1,1,1,1,1,1,1,1,1,1,1,1,1,1,1,1,1,1,1,1,1
2052,flying_speed <= 27.56; #threats <= 75.00; flying_speed <= 27.56; countermeasure = 1.0,7,0,0,1,1,1,1,0,0,1,1,1,1,0,0,1,0,0,0,1,0,0,0,1,0
2053,countermeasure = 0.0,2,1,1,0,0,1,1,0,0,0,0,0,0,0,0,0,0,0,0,0,0,0,0,0,0
2054,#threats > 75.00; threat_range <= 30458.59; formation = 1.0; threat_range <= 30458.59; formation = 1.0; threat_range > 20104.47; #threats > 75.00; formation = 1.0; weather = 2.0; 10398.43 < threat_range <= 30458.59; threat_range <= 30458.59; #threats > 75.00,9,1,0,1,0,1,1,0,0,1,0,1,0,0,0,1,0,1,0,1,0,0,0,1,0
2055,6.00 < day_time <= 18.00; threat_range > 20104.47; #threats <= 75.00; #threats <= 26.00; weather = 3.0; #threats <= 53.00; #threats <= 26.00; weather = 3.0; day_time <= 12.00; threat_range > 30458.59; threat_range > 30458.59,9,1,1,1,1,1,1,0,1,1,1,1,1,0,1,1,1,0,1,1,1,1,1,1,1
2056,flying_speed <= 15.83; day_time <= 18.00; flying_speed <= 27.56; flying_speed <= 15.83; weather = 2.0,7,0,0,1,0,1,1,0,0,1,0,1,0,0,0,1,0,0,0,1,0,1,0,0,0
2057,#threats > 75.00; flying_speed <= 27.56; formation = 1.0; 6.00 < day_time <= 18.00; weather = 3.0; day_time > 6.00; flying_speed <= 27.56; #threats > 75.00; weather = 3.0; threat_range > 30458.59; day_time <= 18.00; threat_range > 10398.43; threat_range > 30458.59; flying_speed <= 27.56; day_time > 12.00; #threats > 26.00; threat_range > 20104.47; #threats > 75.00; flying_speed <= 27.56; formation = 1.0; day_time <= 18.00; threat_range > 20104.47; weather = 3.0; flying_speed <= 38.83; threat_range > 30458.59; weather = 3.0; day_time > 12.00; flying_speed <= 27.56; threat_range > 20104.47,12,1,1,1,1,1,1,1,1,1,1,1,1,1,1,1,1,1,1,1,1,1,1,1,1
2058,formation = 1.0; threat_range > 20104.47; weather = 1.0; day_time > 12.00; threat_range > 30458.59,7,0,0,1,1,1,1,0,0,1,1,1,1,0,0,1,0,0,0,1,0,0,0,1,1
2059,countermeasure = 0.0; #threats <= 75.00; countermeasure = 0.0; flying_speed <= 15.83; day_time <= 6.00; day_time <= 6.00; countermeasure = 0.0; flying_speed <= 15.83; day_time <= 6.00; countermeasure = 0.0; flying_speed <= 15.83; flying_speed <= 15.83,10,1,1,1,0,1,1,1,0,1,0,1,0,1,0,1,0,1,0,1,0,0,0,0,0
2060,countermeasure = 0.0; #threats <= 75.00; countermeasure = 0.0; flying_speed <= 38.83; #threats > 26.00; flying_speed <= 38.83; weather = 3.0; countermeasure = 0.0; flying_speed <= 38.83; 26.00 < #threats <= 75.00; threat_range > 30458.59; countermeasure = 0.0; flying_speed <= 38.83; 6.00 < day_time <= 12.00; countermeasure = 0.0; flying_speed <= 38.83; #threats <= 75.00; threat_range > 30458.59,12,1,1,1,1,1,1,1,1,1,1,1,1,1,1,1,1,1,1,1,1,1,1,1,1
2061,day_time <= 18.00; threat_range > 10398.43; weather = 4.0; threat_range > 20104.47; flying_speed > 38.83; day_time <= 12.00; #threats > 26.00; formation = 1.0; flying_speed > 38.83,8,0,0,1,1,1,1,0,0,1,1,1,1,0,0,1,1,0,0,1,1,1,1,1,1
2062,countermeasure = 0.0; #threats <= 75.00; countermeasure = 0.0; flying_speed <= 38.83; 26.00 < #threats <= 75.00; #threats <= 75.00; countermeasure = 0.0; flying_speed <= 38.83; weather = 3.0; #threats <= 75.00; flying_speed <= 38.83; countermeasure = 0.0; #threats > 26.00; weather = 3.0; threat_range <= 20104.47; 26.00 < #threats <= 75.00; day_time <= 18.00; weather = 3.0; countermeasure = 0.0,12,1,0,1,1,1,1,1,0,1,1,1,1,1,0,1,1,1,0,1,1,1,1,1,1
2063,countermeasure = 0.0; countermeasure = 0.0; flying_speed <= 38.83; #threats > 26.00; formation = 0.0; #threats <= 53.00; countermeasure = 0.0; flying_speed <= 38.83; 26.00 < #threats <= 75.00; threat_range > 20104.47; countermeasure = 0.0; flying_speed <= 38.83; #threats <= 53.00; 26.00 < #threats <= 53.00; countermeasure = 0.0; threat_range <= 30458.59; day_time > 12.00,12,1,1,1,1,1,1,1,1,1,1,1,1,1,1,1,1,1,1,1,1,1,1,1,1
2064,countermeasure = 0.0; #threats <= 26.00; countermeasure = 0.0; day_time <= 6.00; weather = 1.0; threat_range <= 20104.47; #threats <= 75.00; #threats <= 53.00; countermeasure = 0.0; day_time <= 6.00; threat_range <= 30458.59; #threats <= 75.00; formation = 0.0; weather = 1.0; countermeasure = 0.0; weather = 1.0; #threats <= 26.00; threat_range <= 20104.47; countermeasure = 0.0; day_time <= 6.00; #threats <= 53.00,12,1,1,1,1,1,1,1,1,1,1,1,1,1,1,1,1,1,1,1,1,1,1,1,1
2065,#threats > 75.00; flying_speed <= 27.56; threat_range <= 10398.43; formation = 1.0; day_time <= 6.00; formation = 1.0; flying_speed <= 27.56; threat_range <= 30458.59; threat_range <= 30458.59; flying_speed > 15.83; day_time <= 6.00; threat_range <= 10398.43; formation = 1.0; threat_range <= 10398.43,9,1,1,1,1,1,1,0,1,1,1,1,1,0,1,1,1,0,1,1,1,1,1,1,1
2066,#threats > 75.00; threat_range <= 20104.47; flying_speed <= 27.56; day_time > 12.00; weather = 2.0,2,1,1,0,0,1,1,0,0,0,0,0,0,0,0,0,0,0,0,0,0,0,0,0,0
2067,#threats <= 26.00; threat_range > 10398.43; flying_speed > 15.83; flying_speed <= 27.56; threat_range <= 20104.47; #threats <= 26.00,7,0,0,1,0,1,1,0,0,1,0,1,0,0,0,1,0,0,0,1,0,0,0,1,1
2068,#threats > 75.00; threat_range <= 30458.59; 6.00 < day_time <= 18.00; flying_speed <= 15.83; flying_speed <= 15.83; flying_speed <= 15.83; weather = 1.0; #threats > 75.00; day_time <= 12.00; 10398.43 < threat_range <= 30458.59; flying_speed <= 15.83; flying_speed <= 15.83; flying_speed <= 15.83; #threats > 75.00; 10398.43 < threat_range <= 20104.47; 6.00 < day_time <= 12.00; formation = 1.0; weather = 1.0; flying_speed <= 38.83; flying_speed <= 15.83; #threats > 75.00; day_time <= 12.00; formation = 1.0; 10398.43 < threat_range <= 20104.47; weather = 1.0; threat_range > 10398.43; flying_speed <= 15.83; formation = 1.0; threat_range <= 30458.59; formation = 1.0,12,1,1,1,1,1,1,1,1,1,1,1,1,1,1,1,1,1,1,1,1,1,1,1,1
2069,day_time > 6.00; flying_speed <= 38.83; threat_range <= 30458.59; #threats > 53.00; formation = 1.0; threat_range <= 20104.47; 6.00 < day_time <= 12.00; flying_speed <= 27.56; #threats > 53.00; formation = 1.0; threat_range <= 10398.43,8,0,1,1,0,1,1,0,0,1,0,1,0,0,0,1,0,0,0,1,0,1,0,1,1
2070,countermeasure = 0.0; day_time <= 18.00; countermeasure = 0.0; #threats > 53.00; flying_speed <= 27.56; day_time <= 6.00; countermeasure = 0.0; flying_speed <= 27.56; flying_speed <= 38.83; countermeasure = 0.0; flying_speed <= 27.56; day_time <= 6.00; flying_speed <= 27.56; #threats > 26.00; weather = 1.0; threat_range <= 30458.59; day_time <= 6.00,12,1,0,1,0,1,1,1,0,1,0,1,0,1,0,1,0,1,0,1,0,1,1,1,1
2071,countermeasure = 0.0; #threats <= 53.00; countermeasure = 0.0; flying_speed <= 38.83; weather = 3.0; day_time <= 6.00; threat_range > 10398.43; countermeasure = 0.0; flying_speed <= 38.83; threat_range <= 30458.59; day_time <= 6.00; threat_range > 10398.43; countermeasure = 0.0; flying_speed <= 38.83; flying_speed <= 38.83; day_time <= 6.00; #threats <= 53.00; threat_range <= 30458.59; formation = 0.0,12,1,1,1,1,1,1,1,1,1,1,1,1,1,1,1,1,1,1,1,1,1,1,1,1
2072,#threats > 75.00; flying_speed <= 38.83; day_time <= 6.00; threat_range > 20104.47; weather = 3.0; flying_speed <= 38.83; flying_speed <= 38.83; #threats > 75.00; day_time <= 6.00; threat_range > 20104.47; formation = 0.0; 20104.47 < threat_range <= 30458.59; flying_speed <= 38.83; #threats > 26.00; weather = 3.0; day_time <= 18.00; threat_range > 10398.43; #threats > 75.00; day_time <= 6.00; 10398.43 < threat_range <= 30458.59; weather = 3.0; flying_speed <= 38.83; flying_speed <= 38.83; 10398.43 < threat_range <= 30458.59; day_time <= 6.00; 27.56 < flying_speed <= 38.83; threat_range > 20104.47,12,1,1,1,1,1,1,1,1,1,1,1,1,1,1,1,1,1,1,1,1,1,1,1,1
2073,countermeasure = 0.0; #threats <= 53.00; countermeasure = 0.0; flying_speed <= 27.56; #threats > 26.00; #threats <= 75.00; countermeasure = 0.0; countermeasure = 0.0; flying_speed <= 27.56; threat_range <= 30458.59; threat_range > 10398.43; countermeasure = 0.0; flying_speed <= 27.56; 26.00 < #threats <= 53.00; countermeasure = 0.0; #threats <= 53.00,12,1,1,1,1,1,1,1,1,1,1,1,1,1,1,1,1,1,1,1,1,1,1,1,1
2074,countermeasure = 0.0; day_time <= 6.00; countermeasure = 0.0; day_time <= 6.00; threat_range > 30458.59; countermeasure = 0.0; day_time <= 6.00; flying_speed <= 38.83; threat_range > 20104.47; countermeasure = 0.0; flying_speed <= 38.83; weather = 2.0; countermeasure = 0.0; formation = 1.0; day_time <= 6.00; weather = 2.0; #threats > 75.00,12,1,1,1,1,1,1,1,1,1,1,1,1,1,1,1,1,1,1,1,1,1,1,1,1
2075,#threats > 75.00; threat_range <= 20104.47; flying_speed <= 27.56; flying_speed <= 15.83; #threats > 75.00; day_time <= 6.00; formation = 1.0; weather = 4.0; threat_range <= 20104.47; flying_speed <= 15.83; flying_speed <= 15.83; #threats > 75.00; day_time <= 6.00; formation = 1.0; threat_range <= 20104.47; flying_speed <= 38.83; flying_speed <= 15.83; #threats > 75.00; day_time <= 6.00; formation = 1.0; threat_range <= 20104.47; flying_speed <= 15.83; #threats > 26.00; threat_range <= 20104.47; day_time <= 6.00; flying_speed <= 15.83,12,1,1,1,1,1,1,1,1,1,1,1,1,1,1,1,1,1,1,1,1,1,1,1,1
2076,#threats > 53.00; flying_speed <= 15.83; day_time <= 6.00; threat_range <= 20104.47; weather = 1.0; flying_speed <= 15.83; #threats > 53.00; day_time <= 6.00; formation = 0.0; threat_range <= 20104.47; #threats <= 75.00; #threats <= 75.00; flying_speed <= 15.83; #threats > 53.00; threat_range <= 20104.47; flying_speed <= 27.56; flying_speed <= 15.83; #threats > 53.00; 10398.43 < threat_range <= 20104.47; day_time <= 6.00; weather = 1.0; formation = 0.0; #threats <= 75.00; flying_speed <= 15.83; weather = 1.0; formation = 0.0,12,1,1,1,1,1,1,1,1,1,1,1,1,1,1,1,1,1,1,1,1,1,1,1,1
2077,flying_speed <= 38.83; day_time > 12.00; #threats <= 75.00; flying_speed <= 27.56; 26.00 < #threats <= 53.00; formation = 0.0; threat_range > 30458.59,8,0,0,1,0,1,1,0,0,1,0,1,1,0,0,1,1,0,0,1,1,1,1,1,1
2078,day_time <= 6.00; threat_range > 20104.47; day_time <= 6.00; #threats <= 53.00; threat_range <= 30458.59; weather = 3.0; day_time <= 6.00,8,0,0,1,0,1,1,0,0,1,0,1,0,0,0,1,0,0,0,1,0,1,0,1,0
2079,flying_speed <= 27.56; #threats <= 53.00; #threats <= 53.00; #threats <= 26.00; #threats <= 53.00; #threats <= 26.00,7,0,0,1,1,1,1,0,0,1,1,1,1,0,0,1,0,0,0,1,0,0,0,1,0
2080,flying_speed <= 15.83; #threats > 53.00; threat_range <= 10398.43; day_time <= 6.00; day_time <= 6.00; #threats <= 75.00; weather = 1.0; flying_speed <= 15.83; flying_speed <= 27.56; day_time <= 6.00; threat_range <= 30458.59; flying_speed <= 27.56,9,1,1,1,1,1,1,0,1,1,1,1,1,0,1,1,1,0,1,1,1,1,1,1,1
2081,countermeasure = 0.0; #threats <= 75.00; countermeasure = 0.0; flying_speed <= 27.56; #threats <= 75.00; #threats <= 53.00; weather = 2.0; countermeasure = 0.0; flying_speed <= 27.56; threat_range <= 30458.59; countermeasure = 0.0; flying_speed <= 27.56; formation = 0.0; threat_range <= 20104.47; 26.00 < #threats <= 75.00; countermeasure = 0.0; threat_range <= 10398.43,12,1,1,1,1,1,1,1,1,1,1,1,1,1,1,1,1,1,1,1,1,1,1,1,1
2082,countermeasure = 0.0; flying_speed <= 15.83; countermeasure = 0.0; flying_speed <= 15.83; countermeasure = 0.0; flying_speed <= 15.83; weather = 4.0; countermeasure = 0.0; flying_speed <= 38.83; flying_speed <= 15.83; countermeasure = 0.0; #threats > 75.00; flying_speed <= 15.83,12,1,0,1,1,1,1,1,0,1,1,1,1,1,0,1,1,1,0,1,1,1,1,1,1
2083,flying_speed <= 15.83; threat_range > 10398.43; day_time <= 12.00; flying_speed <= 15.83,7,0,0,1,1,1,1,0,0,1,1,1,1,0,0,1,0,0,0,1,0,0,0,1,1
2084,countermeasure = 0.0; flying_speed <= 27.56; countermeasure = 0.0; flying_speed <= 15.83; flying_speed <= 15.83; countermeasure = 0.0; flying_speed <= 15.83; flying_speed <= 15.83; countermeasure = 0.0; flying_speed <= 15.83; flying_speed <= 15.83; flying_speed <= 15.83; 26.00 < #threats <= 53.00; flying_speed <= 15.83,12,1,1,1,1,1,1,1,1,1,1,1,1,1,1,1,1,1,1,1,1,1,1,1,1
2085,countermeasure = 0.0; #threats <= 75.00; countermeasure = 0.0; flying_speed <= 15.83; threat_range <= 30458.59; countermeasure = 0.0; flying_speed <= 15.83; day_time > 6.00; countermeasure = 0.0; flying_speed <= 15.83; flying_speed <= 27.56; flying_speed <= 15.83; day_time > 18.00; flying_speed <= 27.56,12,1,1,1,1,1,1,1,1,1,1,1,1,1,1,1,1,1,1,1,1,1,1,1,1
2086,countermeasure = 0.0; threat_range <= 30458.59; countermeasure = 0.0; flying_speed <= 15.83; flying_speed <= 27.56; flying_speed <= 27.56; countermeasure = 0.0; flying_speed <= 15.83; threat_range <= 30458.59; countermeasure = 0.0; flying_speed <= 15.83; threat_range > 10398.43; flying_speed <= 15.83; threat_range <= 30458.59; #threats > 75.00; day_time <= 6.00,12,1,1,1,1,1,1,1,1,1,1,1,1,1,1,1,1,1,1,1,1,1,1,1,1
2087,flying_speed > 38.83; threat_range > 20104.47; threat_range > 30458.59; day_time > 12.00; flying_speed > 38.83; 12.00 < day_time <= 18.00; #threats > 26.00; formation = 1.0; flying_speed > 38.83,8,0,1,1,1,1,1,0,1,1,1,1,1,0,1,1,1,0,1,1,1,1,1,1,1
2088,#threats <= 75.00; #threats <= 75.00,4,0,1,1,0,1,1,0,0,1,0,1,0,0,0,0,0,0,0,0,0,0,0,0,0
2089,flying_speed <= 15.83; flying_speed <= 27.56; flying_speed <= 27.56; flying_speed <= 15.83; flying_speed <= 15.83; threat_range <= 20104.47; flying_speed <= 15.83,8,0,1,1,0,1,1,0,0,1,0,1,0,0,0,1,0,0,0,1,0,1,0,1,0
2090,countermeasure = 0.0; weather = 1.0; countermeasure = 0.0; flying_speed <= 15.83; flying_speed <= 15.83; flying_speed <= 15.83; countermeasure = 0.0; day_time <= 6.00; flying_speed <= 15.83; day_time <= 6.00; countermeasure = 0.0; flying_speed <= 15.83; flying_speed <= 15.83; weather = 1.0; countermeasure = 0.0,12,1,1,1,1,1,1,1,1,1,1,1,1,1,1,1,1,1,1,1,1,1,1,1,1
2091,#threats <= 53.00; flying_speed <= 27.56; weather = 2.0,8,0,0,1,1,1,1,0,0,1,1,1,1,0,0,1,1,0,0,1,1,1,1,1,1
2092,countermeasure = 0.0; flying_speed <= 38.83; countermeasure = 0.0; flying_speed <= 27.56; threat_range <= 30458.59; #threats <= 75.00; countermeasure = 0.0; flying_speed <= 27.56; threat_range <= 30458.59; weather = 4.0; countermeasure = 0.0; flying_speed <= 27.56; threat_range > 20104.47; #threats <= 53.00; countermeasure = 0.0; #threats <= 53.00,12,1,1,1,1,1,1,1,1,1,1,1,1,1,1,1,1,1,1,1,1,1,1,1,1
2093,#threats <= 75.00; day_time <= 18.00; day_time <= 6.00; threat_range > 10398.43; #threats <= 75.00; day_time <= 6.00; 26.00 < #threats <= 75.00; threat_range <= 30458.59; weather = 3.0; threat_range > 20104.47,8,0,1,1,1,1,1,0,1,1,1,1,1,0,1,1,1,0,1,1,1,1,1,1,1
2094,#threats <= 75.00; threat_range > 20104.47; #threats <= 75.00; weather = 2.0,7,0,1,1,0,1,1,0,0,1,0,1,0,0,0,1,0,0,0,1,0,0,0,1,1
2095,countermeasure = 0.0; #threats <= 75.00; countermeasure = 0.0; day_time <= 12.00; #threats <= 75.00; threat_range <= 30458.59; formation = 1.0; countermeasure = 0.0; #threats <= 75.00; day_time <= 12.00; formation = 1.0; threat_range <= 30458.59; day_time > 6.00; countermeasure = 0.0; #threats <= 75.00; threat_range <= 20104.47; flying_speed > 38.83; #threats <= 53.00; countermeasure = 0.0; countermeasure = 0.0,12,1,1,1,0,1,1,1,0,1,0,1,1,1,0,1,1,1,1,1,1,1,1,1,1
2096,#threats > 75.00; day_time <= 12.00; 27.56 < flying_speed <= 38.83; threat_range > 20104.47; day_time <= 12.00; flying_speed <= 38.83; #threats > 53.00; 10398.43 < threat_range <= 30458.59; formation = 0.0; formation = 0.0; day_time <= 6.00; flying_speed <= 38.83; day_time <= 6.00; 10398.43 < threat_range <= 30458.59; 27.56 < flying_speed <= 38.83; day_time <= 6.00,10,1,1,1,1,1,1,1,1,1,1,1,1,0,1,1,1,0,1,1,1,1,1,1,1
2097,#threats <= 75.00; #threats <= 75.00; #threats <= 26.00; threat_range <= 10398.43; #threats <= 53.00; 27.56 < flying_speed <= 38.83; formation = 0.0; weather = 1.0; day_time > 18.00,8,0,1,1,1,1,1,0,1,1,1,1,1,0,1,1,1,0,1,1,1,1,1,1,1
2098,countermeasure = 0.0; flying_speed <= 15.83; countermeasure = 0.0; flying_speed <= 15.83; #threats <= 75.00; countermeasure = 0.0; flying_speed <= 15.83; flying_speed <= 15.83; countermeasure = 0.0; flying_speed <= 27.56; flying_speed <= 27.56; #threats <= 53.00; countermeasure = 0.0; day_time <= 18.00; flying_speed <= 15.83,12,1,1,1,1,1,1,1,1,1,1,1,1,1,1,1,1,1,1,1,1,1,1,1,1
2099,#threats <= 75.00; flying_speed <= 27.56; threat_range <= 30458.59; flying_speed <= 15.83; flying_speed <= 15.83; day_time <= 6.00; threat_range <= 10398.43,8,0,0,1,1,1,1,0,0,1,1,1,1,0,0,1,1,0,0,1,1,1,1,1,1
2100,countermeasure = 0.0; #threats <= 75.00; countermeasure = 0.0; day_time <= 6.00; #threats > 26.00; formation = 1.0; threat_range > 10398.43; #threats <= 75.00; countermeasure = 0.0; day_time <= 6.00; #threats > 26.00; threat_range > 20104.47; countermeasure = 0.0; formation = 1.0; countermeasure = 0.0; flying_speed > 38.83; #threats <= 75.00; countermeasure = 0.0; day_time <= 6.00; threat_range > 20104.47,12,1,1,1,1,1,1,1,1,1,1,1,1,1,1,1,1,1,1,1,1,1,1,1,1
2101,day_time <= 6.00; flying_speed <= 27.56; formation = 1.0; threat_range > 30458.59; #threats <= 53.00; #threats <= 75.00; threat_range > 30458.59; flying_speed <= 38.83; flying_speed <= 38.83; day_time <= 6.00,8,1,1,1,0,1,1,0,0,1,0,1,0,0,0,1,0,0,0,1,0,0,0,1,0
2102,flying_speed <= 27.56; #threats <= 53.00; formation = 1.0; formation = 1.0; 10398.43 < threat_range <= 30458.59; flying_speed <= 27.56,8,0,1,1,0,1,1,0,0,1,0,1,1,0,0,1,1,0,1,1,1,1,1,1,1
2103,#threats > 75.00; flying_speed <= 15.83; formation = 0.0; 10398.43 < threat_range <= 20104.47; day_time <= 6.00; flying_speed <= 15.83; flying_speed <= 15.83; #threats > 75.00; 10398.43 < threat_range <= 20104.47; day_time <= 6.00; formation = 0.0; flying_speed <= 15.83; flying_speed <= 15.83; #threats > 75.00; weather = 1.0; 10398.43 < threat_range <= 30458.59; threat_range <= 20104.47; flying_speed <= 15.83; #threats > 75.00; day_time <= 6.00; 10398.43 < threat_range <= 30458.59; flying_speed <= 38.83; 10398.43 < threat_range <= 20104.47; day_time <= 6.00; threat_range <= 20104.47,12,1,0,1,0,1,1,1,0,1,0,1,1,1,0,1,1,1,0,1,1,1,1,1,1
2104,countermeasure = 0.0; #threats <= 75.00; countermeasure = 0.0; 26.00 < #threats <= 75.00; threat_range <= 30458.59; #threats <= 75.00; day_time <= 18.00; countermeasure = 0.0; 26.00 < #threats <= 75.00; threat_range <= 30458.59; day_time <= 18.00; day_time > 12.00; countermeasure = 0.0; #threats > 26.00; #threats <= 75.00; flying_speed > 38.83; 26.00 < #threats <= 75.00; threat_range <= 10398.43,12,1,1,1,1,1,1,1,1,1,1,1,1,1,1,1,1,1,1,1,1,1,1,1,1
2105,#threats <= 75.00; #threats <= 75.00; #threats <= 26.00; #threats <= 53.00; #threats <= 26.00; threat_range <= 20104.47; flying_speed <= 38.83; day_time <= 18.00; weather = 1.0; #threats <= 26.00,8,0,1,1,1,1,1,0,1,1,1,1,1,0,1,1,1,0,1,1,1,1,1,1,1
2106,#threats <= 53.00; #threats <= 53.00; day_time <= 6.00; #threats <= 26.00; #threats <= 26.00; day_time <= 6.00; threat_range <= 30458.59; #threats <= 53.00; weather = 1.0; day_time <= 6.00,8,0,0,1,1,1,1,0,0,1,1,1,1,0,0,1,1,0,0,1,1,1,1,1,1
2107,countermeasure = 0.0; day_time <= 6.00; countermeasure = 0.0; flying_speed <= 27.56; flying_speed <= 27.56; #threats <= 75.00; countermeasure = 0.0; flying_speed <= 27.56; threat_range <= 30458.59; flying_speed <= 27.56; countermeasure = 0.0; countermeasure = 0.0; day_time <= 6.00; flying_speed <= 27.56; countermeasure = 0.0,11,1,1,1,0,1,1,1,0,1,0,1,0,1,0,1,0,1,0,1,0,1,0,0,0
2108,countermeasure = 0.0; countermeasure = 0.0; flying_speed <= 38.83; formation = 1.0; day_time <= 6.00; day_time <= 6.00; flying_speed <= 38.83; countermeasure = 0.0; flying_speed <= 38.83; 10398.43 < threat_range <= 30458.59; #threats <= 53.00; countermeasure = 0.0; flying_speed <= 38.83; weather = 2.0; #threats <= 26.00; day_time <= 6.00; countermeasure = 0.0; threat_range <= 30458.59; #threats <= 53.00,12,1,1,1,1,1,1,1,1,1,1,1,1,1,1,1,1,1,1,1,1,1,1,1,1
2109,countermeasure = 0.0; day_time <= 6.00; countermeasure = 0.0; day_time <= 6.00; #threats > 26.00; threat_range <= 20104.47; countermeasure = 0.0; day_time <= 6.00; #threats > 26.00; day_time <= 6.00; countermeasure = 0.0; threat_range <= 20104.47; 26.00 < #threats <= 53.00; #threats <= 53.00,12,1,0,1,1,1,1,1,0,1,1,1,1,1,0,1,1,1,0,1,1,1,1,1,1
2110,countermeasure = 0.0; #threats <= 53.00; countermeasure = 0.0; flying_speed <= 27.56; day_time <= 6.00; flying_speed <= 38.83; countermeasure = 0.0; day_time <= 6.00; flying_speed <= 27.56; flying_speed <= 38.83; countermeasure = 0.0; flying_speed <= 38.83; #threats <= 26.00; day_time <= 6.00,11,1,1,1,0,1,1,1,0,1,0,1,0,1,0,1,0,1,0,1,0,0,0,1,1
2111,countermeasure = 0.0; #threats <= 53.00; #threats <= 26.00; #threats <= 53.00; countermeasure = 0.0; flying_speed > 38.83,8,1,1,1,0,1,1,0,0,1,0,1,0,0,0,1,0,0,0,1,0,0,0,1,0
2112,#threats <= 26.00; #threats <= 53.00; #threats <= 26.00; countermeasure = 1.0; #threats <= 75.00; #threats <= 53.00; 10398.43 < threat_range <= 20104.47; weather = 3.0; flying_speed > 38.83,8,0,1,1,0,1,1,0,0,1,0,1,0,0,0,1,0,0,0,1,0,1,1,1,1
2113,#threats > 75.00; day_time <= 18.00; 15.83 < flying_speed <= 27.56; threat_range <= 20104.47; weather = 1.0; flying_speed > 15.83; threat_range <= 30458.59; day_time <= 6.00; threat_range <= 20104.47; formation = 1.0; threat_range <= 10398.43,7,1,1,0,1,1,1,0,1,0,1,1,1,0,1,1,1,0,1,1,1,1,1,1,1
2114,#threats <= 75.00; #threats <= 75.00; #threats <= 75.00; #threats <= 75.00; #threats <= 75.00; threat_range <= 20104.47; day_time > 12.00; formation = 1.0; #threats > 26.00; threat_range <= 10398.43,8,0,1,1,1,1,1,0,1,1,1,1,1,0,1,1,1,0,1,1,1,1,1,1,1
2115,#threats > 75.00; day_time <= 6.00; threat_range <= 30458.59; formation = 1.0; countermeasure = 1.0; day_time <= 12.00; day_time <= 6.00; threat_range <= 20104.47; #threats > 26.00; day_time <= 6.00,9,1,1,1,1,1,1,0,1,1,1,1,1,0,1,1,1,0,1,1,1,1,1,1,1
2116,countermeasure = 0.0; countermeasure = 0.0; countermeasure = 0.0; day_time > 18.00; 20104.47 < threat_range <= 30458.59; #threats > 26.00; formation = 0.0; weather = 4.0; countermeasure = 0.0; #threats > 26.00; 10398.43 < threat_range <= 30458.59; countermeasure = 0.0; threat_range > 10398.43; countermeasure = 0.0; 10398.43 < threat_range <= 30458.59; countermeasure = 0.0; weather = 4.0; flying_speed > 38.83; day_time > 18.00,12,1,1,1,1,1,1,1,1,1,1,1,1,1,1,1,1,1,1,1,1,1,1,1,1
2117,countermeasure = 0.0; #threats <= 26.00; countermeasure = 0.0; threat_range > 10398.43; #threats <= 75.00; day_time <= 6.00; weather = 4.0; formation = 0.0; threat_range > 30458.59; #threats <= 53.00; countermeasure = 0.0; day_time <= 6.00; threat_range > 10398.43; weather = 4.0; #threats <= 75.00; countermeasure = 0.0; countermeasure = 0.0; day_time <= 6.00; countermeasure = 0.0; formation = 0.0; #threats <= 26.00,12,1,1,1,1,1,1,1,1,1,1,1,1,1,1,1,1,1,1,1,1,1,1,1,1
2118,#threats <= 53.00; #threats <= 53.00; countermeasure = 1.0; #threats <= 53.00; 10398.43 < threat_range <= 20104.47; #threats <= 53.00; #threats <= 53.00,8,0,0,1,1,1,1,0,0,1,1,1,1,0,0,1,1,0,0,1,1,1,1,1,1
2119,countermeasure = 0.0; day_time <= 18.00; countermeasure = 0.0; 26.00 < #threats <= 75.00; 10398.43 < threat_range <= 30458.59; #threats <= 75.00; countermeasure = 0.0; #threats > 26.00; 10398.43 < threat_range <= 30458.59; countermeasure = 0.0; day_time > 12.00; 10398.43 < threat_range <= 20104.47; #threats <= 75.00; day_time > 12.00,12,1,1,1,0,1,1,1,0,1,0,1,0,1,0,1,0,1,0,1,0,1,1,1,1
2120,#threats <= 75.00; formation = 1.0; day_time > 12.00; flying_speed <= 27.56; 26.00 < #threats <= 75.00; threat_range <= 30458.59; threat_range > 20104.47,8,0,1,1,1,1,1,0,1,1,1,1,1,0,1,1,1,0,1,1,1,1,1,1,1
2121,flying_speed <= 38.83; flying_speed <= 38.83; 6.00 < day_time <= 18.00; 53.00 < #threats <= 75.00; threat_range <= 10398.43; weather = 3.0; #threats <= 75.00; #threats <= 75.00; flying_speed <= 38.83; threat_range <= 30458.59; #threats > 26.00; 6.00 < day_time <= 18.00; weather = 3.0; flying_speed <= 38.83; 6.00 < day_time <= 12.00; #threats > 53.00; flying_speed <= 38.83; formation = 1.0; weather = 3.0; threat_range <= 20104.47; #threats <= 75.00; threat_range <= 20104.47; 26.00 < #threats <= 75.00; day_time <= 12.00; threat_range <= 10398.43,11,0,1,1,1,1,1,1,1,1,1,1,1,1,1,1,1,1,1,1,1,1,1,1,1
2122,flying_speed <= 15.83; flying_speed <= 15.83; flying_speed <= 15.83; flying_speed <= 15.83; flying_speed <= 15.83; weather = 3.0; day_time > 6.00; weather = 3.0,8,0,0,1,0,1,1,0,0,1,0,1,0,0,0,1,0,0,0,1,0,1,1,1,1
2123,countermeasure = 0.0; #threats <= 53.00; countermeasure = 0.0; flying_speed <= 27.56; #threats <= 75.00; #threats <= 53.00; countermeasure = 0.0; flying_speed <= 27.56; day_time <= 12.00; countermeasure = 0.0; flying_speed <= 27.56; flying_speed <= 27.56; flying_speed <= 27.56; countermeasure = 0.0; #threats <= 53.00; flying_speed <= 27.56,12,1,1,1,1,1,1,1,1,1,1,1,1,1,1,1,1,1,1,1,1,1,1,1,1
2124,#threats > 75.00; threat_range <= 10398.43; day_time <= 12.00; formation = 1.0; flying_speed <= 38.83; weather = 3.0; threat_range <= 20104.47; day_time <= 6.00; threat_range <= 10398.43; threat_range <= 20104.47; day_time <= 6.00; formation = 1.0; flying_speed > 15.83; day_time <= 12.00,9,1,0,1,1,1,1,0,0,1,1,1,1,0,0,1,1,0,0,1,1,1,1,1,1
2125,#threats > 75.00; weather = 4.0; threat_range <= 10398.43; day_time > 6.00; weather = 4.0; threat_range <= 10398.43; #threats > 26.00; day_time > 18.00; formation = 1.0; #threats > 75.00,7,1,0,0,0,1,1,0,0,0,0,1,1,0,0,1,1,0,0,1,1,1,1,1,1
2126,day_time > 18.00; day_time > 18.00; flying_speed <= 27.56; flying_speed <= 15.83; flying_speed <= 15.83; weather = 2.0; day_time > 18.00; flying_speed <= 15.83,8,0,1,1,0,1,1,0,0,1,0,1,0,0,0,1,0,0,0,1,0,1,1,1,1
2127,flying_speed <= 15.83; flying_speed <= 15.83; #threats <= 26.00; flying_speed <= 15.83; weather = 1.0; threat_range <= 10398.43,8,0,0,1,1,1,1,0,0,1,1,1,1,0,0,1,1,0,0,1,1,1,1,1,1
2128,countermeasure = 0.0; flying_speed <= 15.83; countermeasure = 0.0; flying_speed <= 27.56; weather = 2.0; countermeasure = 0.0; flying_speed <= 27.56; flying_speed <= 38.83; countermeasure = 0.0; flying_speed <= 15.83; flying_speed <= 15.83; countermeasure = 0.0; weather = 2.0; flying_speed <= 15.83,12,1,1,1,0,1,1,1,0,1,0,1,1,1,0,1,1,1,1,1,1,1,1,1,1
2129,#threats <= 26.00; #threats <= 53.00; flying_speed <= 38.83; #threats <= 75.00; #threats <= 53.00; formation = 0.0; weather = 3.0; 10398.43 < threat_range <= 30458.59; countermeasure = 1.0,8,0,1,1,1,1,1,0,1,1,1,1,1,0,1,1,1,0,1,1,1,1,1,1,1
2130,countermeasure = 0.0; day_time <= 12.00; countermeasure = 0.0; flying_speed <= 38.83; #threats <= 75.00; countermeasure = 0.0; flying_speed <= 27.56; #threats > 26.00; day_time > 6.00; countermeasure = 0.0; flying_speed <= 27.56; weather = 4.0; 26.00 < #threats <= 53.00; threat_range <= 20104.47; formation = 0.0,12,1,0,1,1,1,1,1,0,1,1,1,1,1,0,1,1,1,0,1,1,1,1,1,1
2131,#threats <= 75.00; flying_speed > 15.83; weather = 3.0; flying_speed > 27.56; threat_range <= 20104.47; flying_speed > 38.83; formation = 1.0; flying_speed > 38.83,8,0,0,1,1,1,1,0,0,1,1,1,1,0,0,1,1,0,0,1,1,1,1,1,1
2132,countermeasure = 0.0; weather = 4.0; countermeasure = 0.0; flying_speed <= 15.83; threat_range <= 30458.59; #threats <= 75.00; formation = 0.0; countermeasure = 0.0; flying_speed <= 15.83; threat_range <= 30458.59; countermeasure = 0.0; countermeasure = 0.0; flying_speed <= 15.83; day_time <= 18.00; flying_speed <= 15.83; formation = 0.0; #threats <= 75.00; day_time > 12.00,12,1,1,1,1,1,1,1,1,1,1,1,1,1,1,1,1,1,1,1,1,1,1,1,1
2133,day_time <= 6.00; #threats <= 75.00; flying_speed <= 38.83; threat_range <= 30458.59; day_time <= 6.00; threat_range <= 20104.47,7,0,1,1,0,1,1,0,0,1,0,1,0,0,0,1,0,0,0,1,0,1,0,0,0
2134,countermeasure = 0.0; weather = 2.0; countermeasure = 0.0; flying_speed <= 27.56; day_time > 12.00; #threats <= 75.00; countermeasure = 0.0; flying_speed <= 27.56; #threats > 26.00; countermeasure = 0.0; countermeasure = 0.0; countermeasure = 0.0; threat_range <= 20104.47; #threats <= 75.00; threat_range <= 20104.47,12,1,0,1,1,1,1,1,0,1,1,1,1,1,0,1,1,1,0,1,1,1,1,1,1
2135,threat_range <= 30458.59; #threats <= 75.00; threat_range <= 30458.59; 26.00 < #threats <= 53.00; threat_range <= 20104.47; weather = 2.0,8,0,0,1,0,1,1,0,0,1,0,1,0,0,0,1,0,0,0,1,0,1,1,1,1
2136,#threats <= 53.00; #threats <= 75.00; #threats <= 75.00; flying_speed <= 27.56; #threats <= 53.00; #threats <= 53.00; flying_speed <= 27.56; flying_speed <= 15.83,8,0,0,1,1,1,1,0,0,1,1,1,1,0,0,1,1,0,0,1,1,1,1,1,1
2137,#threats > 75.00; weather = 2.0; formation = 1.0; threat_range <= 20104.47; threat_range <= 30458.59; day_time > 6.00; threat_range > 10398.43; 10398.43 < threat_range <= 20104.47; weather = 2.0; #threats > 26.00; day_time > 18.00; weather = 2.0,7,1,1,0,0,1,1,0,0,0,0,1,0,0,0,1,0,0,0,1,0,1,0,1,1
2138,formation = 1.0; #threats <= 75.00; weather = 1.0; flying_speed > 38.83; #threats <= 75.00; threat_range <= 30458.59; day_time > 18.00; formation = 1.0,8,0,0,1,1,1,1,0,0,1,1,1,1,0,0,1,1,0,0,1,1,1,1,1,1
2139,#threats > 75.00; 15.83 < flying_speed <= 27.56; day_time <= 6.00; weather = 1.0; flying_speed <= 38.83; threat_range > 30458.59,8,1,0,1,1,1,1,0,0,1,1,1,1,0,0,1,0,0,0,1,0,0,0,1,1
2140,countermeasure = 0.0; flying_speed <= 15.83; countermeasure = 0.0; flying_speed <= 15.83; #threats <= 53.00; countermeasure = 0.0; flying_speed <= 38.83; formation = 1.0; day_time <= 6.00; countermeasure = 0.0; flying_speed <= 15.83; flying_speed <= 15.83; countermeasure = 0.0; day_time <= 6.00; flying_speed <= 15.83,12,1,1,1,1,1,1,1,1,1,1,1,1,1,1,1,1,1,1,1,1,1,1,1,1
2141,day_time <= 6.00; day_time <= 6.00; #threats <= 75.00; #threats <= 75.00; day_time <= 6.00; threat_range <= 20104.47; weather = 1.0; day_time <= 6.00,8,0,0,1,1,1,1,0,0,1,1,1,1,0,0,1,1,0,0,1,1,1,1,1,1
2142,countermeasure = 0.0; #threats <= 75.00; countermeasure = 0.0; flying_speed <= 27.56; threat_range <= 30458.59; #threats <= 75.00; countermeasure = 0.0; flying_speed <= 27.56; threat_range <= 20104.47; countermeasure = 0.0; countermeasure = 0.0; flying_speed <= 27.56; #threats <= 75.00; 15.83 < flying_speed <= 27.56; 26.00 < #threats <= 75.00; weather = 3.0; threat_range <= 10398.43,12,1,1,1,1,1,1,1,1,1,1,1,1,1,1,1,1,1,1,1,1,1,1,1,1
2143,countermeasure = 0.0; flying_speed <= 15.83; countermeasure = 0.0; flying_speed <= 27.56; flying_speed <= 38.83; countermeasure = 0.0; flying_speed <= 15.83; flying_speed <= 15.83; countermeasure = 0.0; flying_speed <= 15.83; #threats <= 75.00; flying_speed <= 15.83,11,1,1,1,0,1,1,1,0,1,0,1,0,1,0,1,0,1,0,1,0,0,0,1,0
2144,countermeasure = 0.0; countermeasure = 0.0; flying_speed <= 27.56; #threats <= 26.00; countermeasure = 0.0; flying_speed <= 27.56; formation = 1.0; day_time <= 18.00; #threats <= 53.00; countermeasure = 0.0; flying_speed <= 27.56; #threats <= 53.00; 15.83 < flying_speed <= 27.56; #threats <= 26.00,12,1,1,1,1,1,1,1,1,1,1,1,1,1,1,1,1,1,1,1,1,1,1,1,1
2145,countermeasure = 0.0; countermeasure = 0.0; threat_range > 10398.43; #threats > 26.00; day_time <= 12.00; formation = 0.0; threat_range > 10398.43; day_time <= 12.00; countermeasure = 0.0; day_time <= 12.00; weather = 3.0; #threats > 26.00; threat_range > 20104.47; formation = 0.0; threat_range > 30458.59; countermeasure = 0.0; formation = 0.0; countermeasure = 0.0; day_time <= 12.00; weather = 3.0; countermeasure = 0.0; threat_range > 10398.43; flying_speed > 38.83,12,1,1,1,1,1,1,1,1,1,1,1,1,1,1,1,1,1,1,1,1,1,1,1,1
2146,#threats <= 75.00; countermeasure = 1.0; weather = 3.0; #threats <= 53.00; 10398.43 < threat_range <= 30458.59; weather = 3.0; #threats <= 26.00,8,0,0,1,1,1,1,0,0,1,1,1,1,0,0,1,1,0,0,1,1,1,1,1,1
2147,countermeasure = 0.0; formation = 0.0; countermeasure = 0.0; flying_speed <= 27.56; threat_range <= 30458.59; formation = 0.0; flying_speed <= 27.56; countermeasure = 0.0; flying_speed <= 38.83; #threats > 26.00; threat_range <= 30458.59; countermeasure = 0.0; day_time > 12.00; threat_range <= 10398.43; countermeasure = 0.0; weather = 2.0; flying_speed <= 27.56; day_time > 18.00,12,1,1,1,1,1,1,1,1,1,1,1,1,1,1,1,1,1,1,1,1,1,1,1,1
2148,countermeasure = 0.0; countermeasure = 0.0; flying_speed <= 27.56; threat_range <= 30458.59; #threats <= 53.00; #threats <= 53.00; countermeasure = 0.0; flying_speed <= 15.83; #threats <= 53.00; countermeasure = 0.0; flying_speed <= 15.83; #threats <= 26.00,10,1,0,1,1,1,1,1,0,1,1,1,1,1,0,1,0,1,0,1,0,0,0,0,0
2149,#threats <= 53.00; threat_range > 20104.47; #threats <= 75.00; 26.00 < #threats <= 53.00; threat_range <= 30458.59; day_time <= 18.00; day_time > 12.00,8,0,0,1,1,1,1,0,0,1,1,1,1,0,0,1,0,0,0,1,0,1,1,1,1
2150,countermeasure = 0.0; #threats <= 53.00; countermeasure = 0.0; flying_speed <= 15.83; #threats <= 75.00; flying_speed <= 15.83; countermeasure = 0.0; flying_speed <= 15.83; flying_speed <= 15.83; countermeasure = 0.0; flying_speed <= 15.83; flying_speed <= 15.83; flying_speed <= 15.83; weather = 2.0; #threats <= 26.00,12,1,1,1,1,1,1,1,1,1,1,1,1,1,1,1,1,1,1,1,1,1,1,1,1
2151,countermeasure = 0.0; #threats <= 53.00; countermeasure = 0.0; flying_speed <= 15.83; countermeasure = 0.0; flying_speed <= 38.83; countermeasure = 0.0; flying_speed <= 15.83; flying_speed <= 27.56; countermeasure = 0.0; flying_speed <= 27.56; #threats <= 53.00; threat_range <= 20104.47; countermeasure = 0.0; #threats <= 53.00; flying_speed <= 15.83,12,1,0,1,0,1,1,1,0,1,0,1,0,1,0,1,0,1,0,1,0,1,1,1,1
2152,#threats <= 53.00; threat_range > 20104.47; day_time > 12.00; threat_range > 30458.59,7,0,0,1,1,1,1,0,0,1,1,1,1,0,0,1,0,0,0,1,0,0,0,1,1
2153,countermeasure = 0.0; flying_speed <= 38.83; countermeasure = 0.0; flying_speed <= 27.56; threat_range <= 20104.47; countermeasure = 0.0; flying_speed <= 27.56; #threats <= 75.00; weather = 4.0; countermeasure = 0.0; #threats <= 75.00; threat_range <= 20104.47; countermeasure = 0.0; day_time <= 6.00; threat_range <= 20104.47,12,1,1,1,0,1,1,1,0,1,0,1,0,1,0,1,0,1,0,1,0,1,0,1,1
2154,countermeasure = 0.0; #threats <= 53.00; countermeasure = 0.0; flying_speed <= 27.56; countermeasure = 0.0; day_time <= 6.00; flying_speed <= 27.56; countermeasure = 0.0; flying_speed <= 27.56; #threats <= 75.00; day_time <= 6.00; threat_range <= 20104.47; #threats <= 53.00; day_time <= 6.00,12,1,1,1,1,1,1,1,1,1,1,1,1,1,1,1,1,1,1,1,1,1,1,1,1
2155,countermeasure = 0.0; weather = 2.0; countermeasure = 0.0; flying_speed <= 15.83; flying_speed <= 15.83; threat_range > 30458.59; countermeasure = 0.0; flying_speed <= 15.83; day_time <= 12.00; flying_speed <= 15.83; countermeasure = 0.0; flying_speed <= 15.83; flying_speed <= 15.83; threat_range > 30458.59; flying_speed <= 15.83,12,1,1,1,1,1,1,1,1,1,1,1,1,1,1,1,1,1,1,1,1,1,1,1,1
2156,countermeasure = 0.0; flying_speed <= 15.83; countermeasure = 0.0; flying_speed <= 15.83; threat_range <= 20104.47; #threats <= 75.00; day_time > 18.00; countermeasure = 0.0; flying_speed <= 15.83; day_time > 18.00; countermeasure = 0.0; flying_speed <= 15.83; threat_range > 10398.43; flying_speed <= 15.83; countermeasure = 0.0; day_time > 12.00,12,1,1,1,1,1,1,1,1,1,1,1,1,1,1,1,1,1,1,1,1,1,1,1,1
2157,countermeasure = 0.0; day_time > 6.00; flying_speed <= 38.83; countermeasure = 0.0; flying_speed <= 38.83; threat_range > 30458.59,8,1,1,1,0,1,1,0,0,1,0,1,0,0,0,1,0,1,0,0,0,0,0,1,0
2158,countermeasure = 0.0; threat_range > 20104.47; countermeasure = 0.0; flying_speed <= 27.56; threat_range > 10398.43; #threats > 26.00; countermeasure = 0.0; countermeasure = 0.0; flying_speed <= 27.56; threat_range <= 30458.59; countermeasure = 0.0; countermeasure = 0.0; flying_speed <= 27.56; countermeasure = 0.0; flying_speed <= 27.56; countermeasure = 0.0; 10398.43 < threat_range <= 30458.59; day_time > 18.00,12,1,0,1,1,1,1,1,0,1,1,1,1,1,0,1,1,1,0,1,1,1,1,1,1
2159,countermeasure = 0.0; threat_range <= 30458.59; countermeasure = 0.0; flying_speed <= 27.56; countermeasure = 0.0; flying_speed <= 27.56; threat_range <= 30458.59; countermeasure = 0.0; countermeasure = 0.0; flying_speed <= 27.56; threat_range > 20104.47; flying_speed <= 27.56; formation = 0.0; day_time <= 18.00; threat_range > 10398.43; countermeasure = 0.0,12,1,1,1,1,1,1,1,1,1,1,1,1,1,1,1,1,1,1,1,1,1,1,1,1
2160,countermeasure = 0.0; #threats <= 53.00; countermeasure = 0.0; flying_speed <= 38.83; #threats > 26.00; flying_speed <= 38.83; countermeasure = 0.0; countermeasure = 0.0; threat_range <= 30458.59; flying_speed <= 38.83; #threats > 26.00; countermeasure = 0.0; flying_speed <= 38.83; #threats <= 75.00; 26.00 < #threats <= 53.00; weather = 4.0; formation = 0.0,12,1,1,1,1,1,1,1,1,1,1,1,1,1,1,1,1,1,1,1,1,1,1,1,1
2161,#threats <= 53.00; #threats <= 75.00; #threats <= 26.00; threat_range > 10398.43; #threats <= 53.00; weather = 4.0; flying_speed > 27.56; day_time > 6.00; #threats <= 26.00,8,0,0,1,0,1,1,0,0,1,0,1,1,0,0,1,1,0,0,1,1,1,1,1,1
2162,countermeasure = 0.0; countermeasure = 0.0; flying_speed <= 15.83; flying_speed <= 38.83; countermeasure = 0.0; flying_speed <= 15.83; 53.00 < #threats <= 75.00; flying_speed <= 15.83; countermeasure = 0.0; flying_speed <= 15.83; flying_speed <= 15.83; flying_speed <= 15.83; #threats <= 75.00; day_time <= 18.00; flying_speed <= 15.83,12,1,1,1,1,1,1,1,1,1,1,1,1,1,1,1,1,1,1,1,1,1,1,1,1
2163,countermeasure = 0.0; #threats <= 53.00; countermeasure = 0.0; flying_speed <= 38.83; 26.00 < #threats <= 75.00; #threats <= 53.00; countermeasure = 0.0; flying_speed <= 38.83; threat_range <= 30458.59; #threats > 26.00; #threats > 26.00; countermeasure = 0.0; flying_speed <= 38.83; threat_range <= 20104.47; countermeasure = 0.0; 26.00 < #threats <= 53.00; threat_range <= 10398.43,12,1,0,1,1,1,1,1,0,1,1,1,1,1,0,1,1,1,0,1,1,1,1,1,1
2164,#threats <= 53.00; #threats <= 53.00; day_time > 12.00; #threats <= 75.00; threat_range <= 20104.47; flying_speed <= 27.56; 26.00 < #threats <= 75.00; threat_range <= 20104.47,8,0,1,1,1,1,1,0,1,1,1,1,1,0,1,1,1,0,1,1,1,1,1,1,1
2165,countermeasure = 0.0; countermeasure = 0.0; flying_speed <= 15.83; #threats <= 75.00; countermeasure = 0.0; flying_speed <= 15.83; flying_speed <= 15.83; countermeasure = 0.0; flying_speed <= 15.83; flying_speed <= 15.83; flying_speed <= 15.83; threat_range <= 20104.47; day_time > 12.00; flying_speed <= 15.83,12,1,1,1,1,1,1,1,1,1,1,1,1,1,1,1,1,1,1,1,1,1,1,1,1
2166,countermeasure = 0.0; #threats <= 75.00; countermeasure = 0.0; flying_speed <= 27.56; threat_range <= 30458.59; #threats <= 75.00; countermeasure = 0.0; flying_speed <= 27.56; threat_range <= 30458.59; flying_speed <= 38.83; countermeasure = 0.0; flying_speed <= 15.83; flying_speed <= 15.83; flying_speed <= 15.83; 26.00 < #threats <= 53.00; flying_speed <= 15.83,12,1,0,1,1,1,1,1,0,1,1,1,1,1,0,1,0,1,0,1,0,1,0,1,0
2167,#threats <= 53.00; #threats <= 75.00; flying_speed <= 15.83; threat_range <= 20104.47; flying_speed <= 15.83; day_time > 12.00; #threats <= 53.00; flying_speed <= 27.56,8,0,1,1,1,1,1,0,1,1,1,1,1,0,1,1,1,0,1,1,1,1,1,1,1
2168,#threats <= 75.00; flying_speed <= 15.83; day_time > 18.00; flying_speed <= 27.56; threat_range <= 20104.47; flying_speed <= 15.83; weather = 3.0; day_time > 18.00,8,0,0,1,0,1,1,0,0,1,0,1,0,0,0,1,0,0,0,1,0,1,0,1,0
2169,#threats > 75.00; threat_range <= 20104.47; day_time <= 18.00; weather = 1.0; flying_speed <= 38.83; day_time <= 6.00; weather = 1.0; formation = 1.0; #threats > 75.00; day_time <= 6.00; formation = 1.0; flying_speed <= 38.83; 10398.43 < threat_range <= 20104.47; weather = 1.0; flying_speed <= 38.83; day_time <= 6.00; 10398.43 < threat_range <= 20104.47; day_time <= 6.00,10,1,1,1,1,1,1,0,1,1,1,1,1,0,1,1,1,1,1,1,1,1,1,1,1
2170,countermeasure = 0.0; #threats <= 53.00; countermeasure = 0.0; day_time <= 6.00; flying_speed <= 27.56; flying_speed <= 27.56; threat_range > 30458.59; countermeasure = 0.0; flying_speed <= 27.56; formation = 1.0; #threats <= 75.00; day_time <= 6.00; countermeasure = 0.0; flying_speed <= 27.56; #threats <= 53.00; #threats <= 53.00; formation = 1.0; flying_speed <= 27.56; day_time <= 6.00,12,1,1,1,1,1,1,1,1,1,1,1,1,1,1,1,1,1,1,1,1,1,1,1,1
2171,countermeasure = 0.0; threat_range > 20104.47; countermeasure = 0.0; flying_speed <= 38.83; #threats > 26.00; day_time > 18.00; threat_range > 20104.47; countermeasure = 0.0; day_time > 18.00,9,1,0,1,1,1,1,1,0,1,1,1,1,0,0,1,0,1,0,1,0,0,0,0,0
2172,countermeasure = 0.0; flying_speed <= 27.56; countermeasure = 0.0; flying_speed <= 27.56; countermeasure = 0.0; flying_speed <= 27.56; threat_range <= 30458.59; flying_speed <= 38.83; countermeasure = 0.0; flying_speed <= 27.56; #threats <= 53.00; weather = 3.0; countermeasure = 0.0; countermeasure = 0.0,12,1,0,1,1,1,1,1,0,1,1,1,1,1,0,1,1,1,0,1,1,1,1,1,1
2173,countermeasure = 0.0; day_time <= 6.00; countermeasure = 0.0; flying_speed <= 27.56; threat_range > 10398.43; weather = 1.0; #threats <= 53.00; countermeasure = 0.0; flying_speed <= 27.56; formation = 1.0; flying_speed <= 38.83; countermeasure = 0.0; flying_speed <= 27.56; #threats <= 26.00; day_time <= 6.00; countermeasure = 0.0; flying_speed <= 27.56; #threats <= 26.00,12,1,1,1,1,1,1,1,1,1,1,1,1,1,1,1,1,1,1,1,1,1,1,1,1
2174,countermeasure = 0.0; #threats <= 26.00; countermeasure = 0.0; flying_speed <= 27.56; threat_range <= 30458.59; #threats <= 53.00; #threats <= 75.00; countermeasure = 0.0; flying_speed <= 27.56; 10398.43 < threat_range <= 30458.59; flying_speed <= 27.56; countermeasure = 0.0; flying_speed <= 27.56; day_time <= 18.00; flying_speed <= 27.56; #threats <= 53.00; threat_range > 10398.43; day_time > 12.00; threat_range > 10398.43,12,1,1,1,1,1,1,1,1,1,1,1,1,1,1,1,1,1,1,1,1,1,1,1,1
2175,countermeasure = 0.0; countermeasure = 0.0; flying_speed <= 38.83; #threats > 26.00; #threats <= 75.00; weather = 4.0; countermeasure = 0.0; flying_speed <= 38.83; 26.00 < #threats <= 75.00; countermeasure = 0.0; flying_speed <= 38.83; #threats <= 75.00; 10398.43 < threat_range <= 20104.47; countermeasure = 0.0; #threats <= 75.00; countermeasure = 0.0,12,1,1,1,1,1,1,1,1,1,1,1,1,1,1,1,1,1,1,1,1,1,1,1,1
2176,countermeasure = 0.0; threat_range <= 30458.59; countermeasure = 0.0; flying_speed <= 38.83; #threats > 26.00; #threats <= 75.00; countermeasure = 0.0; flying_speed <= 27.56; threat_range <= 30458.59; day_time <= 12.00; countermeasure = 0.0; flying_speed <= 27.56; threat_range > 10398.43; countermeasure = 0.0; 26.00 < #threats <= 53.00; threat_range <= 20104.47,12,1,1,1,1,1,1,1,1,1,1,1,1,1,1,1,1,1,1,1,1,1,1,1,1
2177,#threats > 75.00; day_time > 12.00; threat_range <= 10398.43; flying_speed <= 15.83; flying_speed <= 15.83; flying_speed <= 15.83; threat_range <= 10398.43; day_time > 18.00; flying_speed <= 15.83; flying_speed <= 15.83; threat_range <= 10398.43; #threats > 75.00; weather = 1.0; day_time > 18.00; formation = 1.0; flying_speed <= 15.83; #threats > 75.00; formation = 1.0; threat_range <= 20104.47; weather = 1.0; flying_speed <= 15.83; day_time > 12.00; #threats > 26.00; countermeasure = 1.0,12,1,1,1,1,1,1,1,1,1,1,1,1,1,1,1,1,1,1,1,1,1,1,1,1
2178,countermeasure = 0.0; #threats <= 75.00; countermeasure = 0.0; 20104.47 < threat_range <= 30458.59; 26.00 < #threats <= 75.00; flying_speed > 27.56; countermeasure = 0.0; #threats > 26.00; 20104.47 < threat_range <= 30458.59; countermeasure = 0.0; countermeasure = 0.0; #threats <= 75.00; flying_speed > 38.83; threat_range <= 30458.59; #threats <= 53.00; countermeasure = 0.0; #threats <= 53.00,12,1,1,1,1,1,1,1,1,1,1,1,1,1,1,1,1,1,1,1,1,1,1,1,1
2179,countermeasure = 0.0; #threats <= 75.00; threat_range > 10398.43; #threats <= 75.00; countermeasure = 0.0; countermeasure = 0.0,7,1,1,1,0,1,1,0,0,1,0,1,0,0,0,0,0,0,0,1,0,0,0,1,0
2180,#threats > 75.00; weather = 3.0; threat_range <= 30458.59; day_time > 18.00; day_time > 18.00; threat_range <= 30458.59; flying_speed > 38.83; 10398.43 < threat_range <= 30458.59; countermeasure = 1.0; #threats > 26.00; weather = 3.0,9,1,1,1,1,1,1,0,1,1,1,1,1,0,1,1,1,0,1,1,1,1,1,1,1
2181,countermeasure = 0.0; #threats <= 75.00; countermeasure = 0.0; flying_speed <= 38.83; weather = 1.0; threat_range > 10398.43; #threats <= 53.00; #threats <= 53.00; countermeasure = 0.0; flying_speed <= 38.83; #threats <= 75.00; threat_range > 10398.43; formation = 1.0; weather = 1.0; countermeasure = 0.0; countermeasure = 0.0; flying_speed <= 38.83; day_time > 18.00; #threats <= 26.00; #threats <= 26.00; countermeasure = 0.0; threat_range > 30458.59; countermeasure = 0.0,12,1,0,1,1,1,1,1,0,1,1,1,1,1,0,1,1,1,0,1,1,1,1,1,1
2182,countermeasure = 0.0; #threats <= 75.00; countermeasure = 0.0; flying_speed <= 15.83; flying_speed <= 15.83; countermeasure = 0.0; flying_speed <= 15.83; countermeasure = 0.0; countermeasure = 0.0; flying_speed <= 27.56; flying_speed <= 15.83; #threats <= 53.00; day_time <= 6.00; #threats <= 75.00,12,1,1,1,1,1,1,1,1,1,1,1,1,1,1,1,1,1,1,1,1,1,1,1,1
2183,#threats <= 53.00; #threats <= 53.00; flying_speed <= 27.56; flying_speed <= 15.83; #threats > 26.00; formation = 0.0; flying_speed <= 15.83,8,0,0,1,1,1,1,0,0,1,1,1,1,0,0,1,1,0,0,1,1,1,1,1,1
2184,countermeasure = 0.0; #threats > 53.00; countermeasure = 0.0; flying_speed <= 27.56; #threats > 26.00; threat_range <= 30458.59; weather = 3.0; #threats > 75.00; countermeasure = 0.0; flying_speed <= 27.56; threat_range <= 30458.59; formation = 1.0; countermeasure = 0.0; flying_speed <= 27.56; threat_range > 10398.43; countermeasure = 0.0; day_time <= 12.00; threat_range <= 20104.47; flying_speed <= 27.56,12,1,1,1,1,1,1,1,1,1,1,1,1,1,1,1,1,1,1,1,1,1,1,1,1
2185,countermeasure = 0.0; #threats <= 75.00; countermeasure = 0.0; weather = 1.0; formation = 1.0; 10398.43 < threat_range <= 30458.59; day_time <= 12.00; threat_range > 20104.47; countermeasure = 0.0; 10398.43 < threat_range <= 30458.59; formation = 1.0; day_time > 6.00; threat_range > 20104.47; countermeasure = 0.0; formation = 1.0; threat_range > 10398.43,11,1,1,1,0,1,1,1,0,1,0,1,0,1,0,1,0,1,0,1,0,0,0,1,1
2186,#threats <= 75.00; threat_range > 20104.47; day_time > 12.00; flying_speed > 38.83; #threats <= 53.00; threat_range <= 30458.59; day_time > 12.00; threat_range > 10398.43,8,0,0,1,0,1,1,0,0,1,0,1,1,0,0,1,0,0,0,1,0,1,1,1,1
2187,#threats <= 53.00; #threats <= 53.00; #threats <= 26.00; #threats <= 26.00; threat_range <= 20104.47; formation = 0.0; flying_speed > 38.83; threat_range <= 10398.43,8,0,0,1,1,1,1,0,0,1,1,1,1,0,0,1,1,0,0,1,1,1,1,1,1
2188,countermeasure = 0.0; #threats <= 75.00; countermeasure = 0.0; flying_speed <= 27.56; weather = 3.0; #threats <= 75.00; countermeasure = 0.0; countermeasure = 0.0; flying_speed <= 27.56; #threats > 26.00; flying_speed <= 27.56; countermeasure = 0.0; flying_speed <= 27.56; threat_range <= 30458.59; day_time <= 6.00; #threats <= 53.00; weather = 3.0; threat_range > 20104.47,12,1,1,1,0,1,1,1,0,1,0,1,0,1,0,1,0,1,0,1,0,1,0,1,0
2189,countermeasure = 0.0; #threats <= 75.00; flying_speed <= 15.83; countermeasure = 0.0; countermeasure = 0.0; flying_speed <= 15.83; flying_speed <= 15.83; threat_range <= 20104.47; countermeasure = 0.0; flying_speed <= 15.83,10,1,0,1,1,1,1,0,0,1,1,1,1,0,0,1,1,1,0,1,1,1,1,1,1
2190,countermeasure = 0.0; countermeasure = 0.0; flying_speed <= 27.56; threat_range <= 30458.59; countermeasure = 0.0; flying_speed <= 27.56; countermeasure = 0.0; flying_speed <= 27.56; threat_range <= 10398.43; countermeasure = 0.0; countermeasure = 0.0; countermeasure = 0.0; threat_range <= 20104.47; countermeasure = 0.0; 26.00 < #threats <= 75.00; #threats > 53.00,12,1,1,1,1,1,1,1,1,1,1,1,1,1,1,1,1,1,1,1,1,1,1,1,1
2191,countermeasure = 0.0; #threats <= 53.00; countermeasure = 0.0; flying_speed <= 15.83; countermeasure = 0.0; flying_speed <= 15.83; #threats <= 53.00; countermeasure = 0.0; flying_speed <= 27.56; #threats <= 53.00; flying_speed <= 15.83; formation = 0.0; countermeasure = 0.0; flying_speed <= 15.83,12,1,1,1,1,1,1,1,1,1,1,1,1,1,1,1,1,1,1,1,1,1,1,1,1
2192,countermeasure = 0.0; #threats <= 75.00; countermeasure = 0.0; flying_speed <= 27.56; countermeasure = 0.0; flying_speed <= 27.56; threat_range <= 20104.47; day_time > 18.00; countermeasure = 0.0; flying_speed <= 27.56; countermeasure = 0.0; threat_range <= 10398.43; countermeasure = 0.0; #threats <= 75.00; threat_range <= 10398.43,12,1,1,1,1,1,1,1,1,1,1,1,1,1,1,1,1,1,1,1,1,1,1,1,1
2193,countermeasure = 0.0; threat_range <= 20104.47; countermeasure = 0.0; day_time <= 6.00; 26.00 < #threats <= 53.00; day_time <= 6.00; day_time <= 6.00; countermeasure = 0.0; day_time <= 6.00; 26.00 < #threats <= 75.00; weather = 4.0; #threats <= 75.00; flying_speed > 38.83; #threats <= 75.00; countermeasure = 0.0; weather = 4.0; day_time <= 6.00,11,1,0,1,1,1,1,1,0,1,1,1,1,1,0,1,1,0,0,1,1,1,1,1,1
2194,countermeasure = 0.0; threat_range > 10398.43; countermeasure = 0.0; day_time <= 6.00; flying_speed <= 38.83; #threats > 26.00; #threats <= 75.00; countermeasure = 0.0; flying_speed <= 38.83; day_time <= 6.00; #threats > 26.00; threat_range > 10398.43; countermeasure = 0.0; #threats <= 75.00; countermeasure = 0.0; threat_range <= 20104.47; day_time <= 6.00; day_time <= 6.00,12,1,1,1,1,1,1,1,1,1,1,1,1,1,1,1,1,1,1,1,1,1,1,1,1
2195,#threats <= 75.00; flying_speed <= 38.83; threat_range > 20104.47; weather = 2.0; 26.00 < #threats <= 53.00; day_time <= 18.00; 15.83 < flying_speed <= 27.56; threat_range > 30458.59,8,0,0,1,1,1,1,0,0,1,1,1,1,0,0,1,0,0,0,1,0,1,1,1,1
2196,countermeasure = 0.0; weather = 3.0; countermeasure = 0.0; flying_speed <= 27.56; #threats <= 75.00; #threats <= 75.00; countermeasure = 0.0; flying_speed <= 27.56; day_time <= 12.00; flying_speed <= 27.56; countermeasure = 0.0; flying_speed <= 27.56; flying_speed <= 27.56; countermeasure = 0.0; threat_range > 20104.47; weather = 3.0,12,1,1,1,1,1,1,1,1,1,1,1,1,1,1,1,1,1,1,1,1,1,1,1,1
2197,#threats <= 53.00; #threats <= 75.00; formation = 0.0; #threats <= 75.00; 10398.43 < threat_range <= 20104.47; 26.00 < #threats <= 53.00; #threats <= 53.00,8,0,1,1,0,1,1,0,0,1,0,1,0,0,0,1,0,0,0,1,0,1,0,1,0
2198,countermeasure = 0.0; threat_range > 20104.47; countermeasure = 0.0; flying_speed <= 38.83; 10398.43 < threat_range <= 30458.59; #threats <= 53.00; countermeasure = 0.0; flying_speed <= 38.83; 20104.47 < threat_range <= 30458.59; countermeasure = 0.0; flying_speed <= 38.83; #threats <= 75.00; threat_range <= 30458.59; countermeasure = 0.0; day_time <= 18.00; #threats <= 53.00,12,1,1,1,1,1,1,1,1,1,1,1,1,1,1,1,1,1,1,1,1,1,1,1,1
2199,#threats <= 53.00; #threats <= 53.00; day_time <= 12.00; #threats <= 53.00; threat_range <= 20104.47; #threats <= 75.00; day_time <= 12.00; threat_range <= 10398.43,8,0,0,1,1,1,1,0,0,1,1,1,1,0,0,1,1,0,0,1,1,1,1,1,1
2200,threat_range > 10398.43; threat_range > 20104.47; formation = 1.0; threat_range > 20104.47; flying_speed > 38.83; 10398.43 < threat_range <= 30458.59; #threats > 26.00; threat_range > 20104.47,8,0,1,1,1,1,1,0,1,1,1,1,1,0,1,1,1,0,1,1,1,1,1,1,1
2201,countermeasure = 0.0; day_time > 12.00; countermeasure = 0.0; flying_speed <= 27.56; 26.00 < #threats <= 75.00; #threats <= 53.00; countermeasure = 0.0; flying_speed <= 38.83; 10398.43 < threat_range <= 30458.59; threat_range > 20104.47; countermeasure = 0.0; flying_speed <= 27.56; #threats <= 53.00; threat_range <= 30458.59; day_time > 18.00,12,1,0,1,1,1,1,1,0,1,1,1,1,1,0,1,1,1,0,1,1,1,1,1,1
2202,#threats <= 75.00; threat_range > 10398.43; threat_range > 10398.43; flying_speed <= 38.83; 26.00 < #threats <= 53.00; flying_speed <= 38.83; 6.00 < day_time <= 12.00; weather = 1.0,8,0,0,1,1,1,1,0,0,1,1,1,1,0,0,1,1,0,0,1,1,1,1,1,1
2203,flying_speed <= 38.83; threat_range > 10398.43; day_time > 12.00; 10398.43 < threat_range <= 20104.47; flying_speed > 15.83; day_time > 18.00,8,0,1,1,1,1,1,0,1,1,1,1,1,0,1,1,1,0,1,1,1,1,1,1,1
2204,#threats <= 53.00; weather = 2.0,4,0,0,0,0,1,1,0,0,0,0,1,0,0,0,1,0,0,0,1,0,0,0,0,0
2205,#threats <= 53.00; day_time > 18.00; threat_range > 20104.47; #threats <= 26.00,6,0,0,1,1,1,1,0,0,1,1,1,1,0,0,1,0,0,0,1,0,0,0,0,0
2206,#threats <= 75.00; #threats <= 75.00; threat_range > 20104.47; #threats <= 53.00; flying_speed > 38.83; threat_range <= 30458.59; 26.00 < #threats <= 75.00; day_time <= 18.00,8,0,0,1,1,1,1,0,0,1,1,1,1,0,0,1,0,0,0,1,0,1,1,1,1
2207,#threats <= 53.00; #threats <= 26.00; #threats <= 26.00; #threats <= 53.00; flying_speed <= 38.83; 10398.43 < threat_range <= 20104.47; day_time <= 6.00; #threats <= 53.00,8,0,0,1,0,1,1,0,0,1,0,1,0,0,0,1,0,0,0,1,0,1,0,1,1
2208,#threats > 75.00; formation = 0.0; 10398.43 < threat_range <= 30458.59; day_time > 6.00; weather = 1.0; #threats > 75.00; weather = 1.0; 10398.43 < threat_range <= 20104.47; day_time > 12.00; day_time > 18.00; day_time > 18.00; #threats > 75.00; 10398.43 < threat_range <= 20104.47; weather = 1.0; day_time > 6.00; day_time > 18.00; 10398.43 < threat_range <= 20104.47; weather = 1.0; day_time > 18.00,11,1,1,1,1,1,1,1,1,1,1,1,1,0,1,1,1,1,1,1,1,1,1,1,1
2209,#threats > 75.00; 6.00 < day_time <= 18.00; threat_range <= 30458.59; 15.83 < flying_speed <= 38.83,2,1,1,0,0,1,1,0,0,0,0,0,0,0,0,0,0,0,0,0,0,0,0,0,0
2210,countermeasure = 0.0; flying_speed <= 27.56; countermeasure = 0.0; flying_speed <= 27.56; #threats > 26.00; #threats <= 75.00; countermeasure = 0.0; flying_speed <= 27.56; formation = 1.0; #threats > 53.00; flying_speed <= 27.56; countermeasure = 0.0; flying_speed <= 38.83; flying_speed <= 27.56; countermeasure = 0.0; 26.00 < #threats <= 75.00; weather = 3.0; threat_range > 30458.59,12,1,1,1,1,1,1,1,1,1,1,1,1,1,1,1,1,1,1,1,1,1,1,1,1
2211,#threats <= 53.00; flying_speed > 15.83; 26.00 < #threats <= 53.00; flying_speed <= 27.56; threat_range <= 20104.47,8,0,1,1,1,1,1,0,1,1,1,1,1,0,1,1,1,0,1,1,1,1,1,1,1
2212,#threats <= 75.00; day_time <= 6.00; weather = 1.0,6,0,0,1,0,1,1,0,0,1,0,1,0,0,0,1,0,0,0,1,0,0,0,0,0
2213,flying_speed <= 15.83; threat_range > 30458.59; 6.00 < day_time <= 18.00; weather = 2.0; #threats > 26.00; formation = 0.0; flying_speed <= 15.83; flying_speed <= 15.83,6,1,1,1,0,1,1,0,0,1,0,1,0,0,0,1,0,0,0,0,0,0,0,0,0
2214,#threats <= 75.00; #threats <= 75.00; threat_range <= 30458.59; weather = 2.0; 10398.43 < threat_range <= 20104.47; #threats <= 26.00,8,0,0,1,0,1,1,0,0,1,0,1,0,0,0,1,0,0,0,1,0,1,0,1,0
2215,countermeasure = 0.0; countermeasure = 0.0; threat_range > 10398.43; threat_range > 20104.47; countermeasure = 0.0; flying_speed <= 27.56; flying_speed <= 27.56; flying_speed <= 27.56; countermeasure = 0.0; day_time <= 12.00; formation = 1.0,9,1,1,1,0,1,1,0,0,1,0,1,0,0,0,1,0,1,0,1,0,1,0,0,0
2216,#threats > 75.00; flying_speed <= 27.56; formation = 1.0; day_time > 6.00; threat_range > 10398.43; flying_speed <= 15.83; flying_speed <= 15.83; #threats > 75.00; day_time > 18.00; 10398.43 < threat_range <= 30458.59; formation = 1.0; weather = 1.0; flying_speed <= 15.83; flying_speed <= 15.83; #threats > 75.00; 10398.43 < threat_range <= 30458.59; formation = 1.0; flying_speed <= 15.83; #threats > 75.00; weather = 1.0; day_time > 6.00; 10398.43 < threat_range <= 30458.59; formation = 1.0; flying_speed <= 15.83; day_time > 12.00; day_time > 18.00,12,1,1,1,1,1,1,1,1,1,1,1,1,1,1,1,1,1,1,1,1,1,1,1,1
2217,#threats > 75.00; day_time <= 12.00; threat_range > 20104.47; weather = 4.0; flying_speed <= 38.83; formation = 0.0; day_time <= 12.00; flying_speed > 27.56; flying_speed <= 38.83; flying_speed <= 38.83; 6.00 < day_time <= 12.00; 27.56 < flying_speed <= 38.83; #threats > 75.00; formation = 0.0; threat_range > 10398.43; weather = 4.0; threat_range > 30458.59,9,1,1,1,1,1,1,0,1,1,1,1,1,0,1,1,1,0,1,1,1,1,1,1,1
2218,#threats > 26.00; weather = 2.0; day_time <= 18.00; flying_speed > 27.56; #threats <= 75.00; formation = 0.0; day_time > 6.00; day_time > 6.00; 26.00 < #threats <= 53.00; formation = 0.0; countermeasure = 1.0; day_time > 6.00; threat_range > 10398.43; #threats <= 53.00,9,1,1,1,1,1,1,0,1,1,1,1,1,0,1,1,1,0,1,1,1,1,1,1,1
2219,flying_speed <= 27.56; flying_speed <= 27.56; 10398.43 < threat_range <= 30458.59; #threats <= 75.00; 15.83 < flying_speed <= 27.56; day_time > 6.00; day_time > 18.00,8,0,0,1,1,1,1,0,0,1,1,1,1,0,0,1,1,0,0,1,1,1,1,1,1
2220,weather = 4.0; #threats <= 75.00; threat_range > 10398.43; threat_range > 20104.47; flying_speed <= 15.83; threat_range > 20104.47; day_time > 12.00,8,0,0,1,1,1,1,0,0,1,1,1,1,0,0,1,1,0,0,1,1,1,1,1,1
2221,flying_speed <= 15.83; flying_speed <= 15.83; flying_speed <= 27.56; flying_speed <= 15.83; flying_speed <= 15.83; 12.00 < day_time <= 18.00; threat_range > 10398.43; #threats <= 75.00,8,0,0,1,1,1,1,0,0,1,1,1,1,0,0,1,1,0,0,1,1,1,1,1,1
2222,countermeasure = 0.0; formation = 0.0; countermeasure = 0.0; formation = 0.0; threat_range > 30458.59; countermeasure = 0.0; flying_speed > 38.83; countermeasure = 0.0; day_time > 12.00; threat_range > 20104.47; formation = 0.0; #threats > 26.00; threat_range > 30458.59,9,1,0,1,1,1,1,0,0,1,1,1,1,0,0,1,0,0,0,1,0,1,1,1,1
2223,countermeasure = 0.0; #threats <= 75.00; countermeasure = 0.0; day_time <= 12.00; weather = 2.0; threat_range <= 30458.59; #threats <= 75.00; #threats <= 26.00; countermeasure = 0.0; day_time <= 12.00; threat_range <= 30458.59; threat_range <= 10398.43; countermeasure = 0.0; threat_range <= 20104.47; #threats <= 75.00; weather = 2.0; threat_range <= 20104.47; weather = 2.0; countermeasure = 0.0; #threats <= 26.00,12,1,1,1,1,1,1,1,1,1,1,1,1,1,1,1,1,1,1,1,1,1,1,1,1
2224,countermeasure = 0.0; #threats <= 75.00; flying_speed <= 38.83; countermeasure = 0.0; flying_speed <= 27.56; #threats <= 53.00; #threats <= 26.00,8,1,1,1,0,1,1,0,0,1,0,0,0,0,0,1,0,1,0,1,0,0,0,1,1
2225,#threats <= 26.00; #threats <= 26.00; threat_range > 10398.43; flying_speed <= 27.56; #threats <= 53.00; threat_range > 10398.43; #threats <= 26.00,8,0,0,1,1,1,1,0,0,1,1,1,1,0,0,1,0,0,0,1,0,1,1,1,1
2226,countermeasure = 0.0; day_time > 12.00; weather = 2.0; threat_range <= 10398.43; countermeasure = 0.0; countermeasure = 0.0; #threats > 26.00; day_time <= 18.00; threat_range <= 30458.59; weather = 2.0; threat_range <= 10398.43; countermeasure = 0.0; formation = 0.0; flying_speed > 38.83; #threats > 26.00; day_time <= 18.00; threat_range <= 10398.43,10,1,1,1,0,1,1,0,0,1,0,1,1,0,0,1,1,1,1,1,1,1,1,1,1
2227,countermeasure = 0.0; day_time > 6.00; countermeasure = 0.0; threat_range > 20104.47; #threats > 53.00; day_time <= 12.00; weather = 2.0; countermeasure = 0.0; day_time <= 12.00; threat_range > 20104.47; #threats > 53.00; threat_range > 20104.47; countermeasure = 0.0; #threats > 26.00; threat_range > 10398.43; day_time <= 12.00; #threats > 53.00; flying_speed > 38.83; threat_range > 10398.43; formation = 0.0; countermeasure = 0.0; 6.00 < day_time <= 18.00; weather = 2.0; weather = 2.0,12,1,1,1,1,1,1,1,1,1,1,1,1,1,1,1,1,1,1,1,1,1,1,1,1
2228,countermeasure = 0.0; day_time <= 6.00; countermeasure = 0.0; flying_speed <= 27.56; #threats > 26.00; day_time <= 12.00; countermeasure = 0.0; flying_speed <= 27.56; threat_range <= 20104.47; flying_speed <= 27.56; countermeasure = 0.0; flying_speed <= 27.56; day_time <= 12.00; countermeasure = 0.0; flying_speed <= 27.56; #threats > 75.00,12,1,1,1,1,1,1,1,1,1,1,1,1,1,1,1,1,1,1,1,1,1,1,1,1
2229,#threats > 75.00; 6.00 < day_time <= 18.00; threat_range > 10398.43; weather = 1.0; day_time > 12.00; weather = 1.0; #threats > 26.00; flying_speed > 38.83; formation = 1.0; day_time > 12.00; countermeasure = 1.0; flying_speed > 38.83,9,1,1,1,1,1,1,0,1,1,1,1,1,0,1,1,1,0,1,1,1,1,1,1,1
2230,countermeasure = 0.0; #threats <= 75.00; countermeasure = 0.0; flying_speed <= 38.83; #threats > 26.00; #threats <= 53.00; countermeasure = 0.0; flying_speed <= 38.83; 26.00 < #threats <= 75.00; day_time <= 12.00; day_time <= 12.00; countermeasure = 0.0; flying_speed <= 38.83; #threats > 26.00; 26.00 < #threats <= 53.00; countermeasure = 0.0; threat_range > 20104.47; #threats <= 53.00,12,1,1,1,1,1,1,1,1,1,1,1,1,1,1,1,1,1,1,1,1,1,1,1,1
2231,countermeasure = 0.0; countermeasure = 0.0; countermeasure = 0.0; flying_speed <= 38.83; #threats > 26.00; threat_range <= 30458.59; countermeasure = 0.0; countermeasure = 0.0; flying_speed <= 38.83; formation = 1.0; threat_range <= 30458.59; flying_speed <= 38.83; countermeasure = 0.0; #threats > 53.00; 10398.43 < threat_range <= 30458.59; countermeasure = 0.0; flying_speed <= 38.83; day_time <= 18.00; threat_range > 20104.47,12,1,1,1,1,1,1,1,1,1,1,1,1,1,1,1,1,1,1,1,1,1,1,1,1
2232,countermeasure = 0.0; countermeasure = 0.0; flying_speed <= 27.56; #threats > 26.00; weather = 2.0; countermeasure = 0.0; flying_speed <= 27.56; threat_range <= 30458.59; flying_speed <= 27.56; countermeasure = 0.0; flying_speed <= 27.56; flying_speed <= 27.56; countermeasure = 0.0; day_time <= 12.00; #threats <= 75.00; formation = 0.0,12,1,1,1,1,1,1,1,1,1,1,1,1,1,1,1,1,1,1,1,1,1,1,1,1
2233,#threats <= 75.00; #threats <= 26.00; #threats <= 53.00; flying_speed > 27.56; threat_range <= 10398.43,6,0,0,1,0,1,1,0,0,1,0,1,0,0,0,0,0,0,0,1,0,0,0,1,0
2234,formation = 1.0; flying_speed <= 27.56; flying_speed <= 38.83; #threats <= 75.00; threat_range <= 30458.59; 26.00 < #threats <= 53.00; #threats <= 53.00,8,0,0,1,1,1,1,0,0,1,1,1,1,0,0,1,0,0,0,1,0,1,1,1,1
2235,countermeasure = 0.0; #threats <= 53.00; countermeasure = 0.0; flying_speed <= 15.83; flying_speed <= 15.83; #threats <= 75.00; countermeasure = 0.0; flying_speed <= 15.83; flying_speed <= 27.56; countermeasure = 0.0; #threats <= 26.00; flying_speed <= 15.83; threat_range > 10398.43; flying_speed <= 15.83,12,1,0,1,1,1,1,1,0,1,1,1,1,1,0,1,1,1,0,1,1,1,1,1,1
2236,countermeasure = 0.0; day_time <= 18.00; countermeasure = 0.0; day_time <= 12.00; 10398.43 < threat_range <= 30458.59; #threats > 26.00; weather = 2.0; flying_speed > 27.56; countermeasure = 0.0; 10398.43 < threat_range <= 30458.59; #threats > 26.00; day_time > 6.00; countermeasure = 0.0; day_time <= 18.00; weather = 2.0; 10398.43 < threat_range <= 20104.47; countermeasure = 0.0; day_time <= 12.00; countermeasure = 0.0,12,1,1,1,1,1,1,1,1,1,1,1,1,1,1,1,1,1,1,1,1,1,1,1,1
2237,flying_speed <= 15.83; flying_speed <= 15.83; flying_speed <= 15.83; day_time > 12.00; flying_speed <= 15.83; threat_range > 20104.47; day_time <= 18.00; flying_speed <= 15.83,8,0,1,1,1,1,1,0,1,1,1,1,1,0,1,1,1,0,1,1,1,1,1,1,1
2238,#threats > 75.00; flying_speed <= 27.56; threat_range <= 10398.43; day_time <= 12.00; formation = 1.0; weather = 4.0; countermeasure = 1.0; day_time <= 12.00; day_time <= 6.00; flying_speed <= 38.83; flying_speed <= 27.56,7,1,1,1,0,1,1,0,0,1,0,1,0,0,0,1,0,0,0,1,0,0,0,0,0
2239,flying_speed <= 15.83; flying_speed <= 27.56; flying_speed <= 15.83; #threats <= 26.00; flying_speed <= 15.83; #threats <= 26.00,8,0,1,1,1,1,1,0,1,1,1,1,1,0,1,1,1,0,1,1,1,1,1,1,1
2240,#threats > 26.00; formation = 0.0; weather = 2.0; weather = 2.0; weather = 2.0,7,0,0,1,0,1,1,0,0,1,0,1,0,0,0,1,0,0,0,1,0,0,0,1,0
2241,#threats <= 75.00; #threats <= 75.00; #threats <= 75.00; day_time <= 12.00; flying_speed <= 27.56; threat_range > 10398.43; weather = 1.0; #threats > 26.00; formation = 1.0,8,0,1,1,1,1,1,0,1,1,1,1,1,0,1,1,1,0,1,1,1,1,1,1,1
2242,countermeasure = 0.0; flying_speed <= 27.56; flying_speed <= 27.56; day_time <= 6.00; flying_speed <= 38.83; countermeasure = 0.0; flying_speed <= 27.56; countermeasure = 0.0; flying_speed <= 27.56; countermeasure = 0.0; day_time <= 6.00; countermeasure = 0.0,10,1,1,1,0,1,1,0,0,1,0,1,0,0,0,1,0,1,0,1,0,1,0,1,0
2243,#threats <= 75.00; #threats <= 75.00; #threats <= 75.00; day_time > 6.00; flying_speed > 38.83; #threats <= 75.00; day_time > 18.00; threat_range > 30458.59,8,0,1,1,1,1,1,0,1,1,1,1,1,0,1,1,1,0,1,1,1,1,1,1,1
2244,countermeasure = 0.0; #threats <= 75.00; countermeasure = 0.0; weather = 3.0; 26.00 < #threats <= 75.00; day_time > 12.00; #threats <= 53.00; threat_range <= 30458.59; countermeasure = 0.0; 26.00 < #threats <= 53.00; #threats <= 53.00; countermeasure = 0.0; threat_range <= 20104.47; 10398.43 < threat_range <= 20104.47; #threats <= 75.00; flying_speed > 38.83,12,1,1,1,1,1,1,1,1,1,1,1,1,1,1,1,1,1,1,1,1,1,1,1,1
2245,#threats <= 75.00; flying_speed <= 15.83; flying_speed <= 27.56; flying_speed <= 15.83; flying_speed <= 15.83,7,0,0,1,0,1,1,0,0,1,0,1,0,0,0,1,0,0,0,1,0,0,0,1,0
2246,countermeasure = 0.0; flying_speed <= 15.83; countermeasure = 0.0; flying_speed <= 15.83; #threats <= 26.00; #threats <= 75.00; countermeasure = 0.0; flying_speed <= 15.83; threat_range <= 30458.59; countermeasure = 0.0; flying_speed <= 15.83; countermeasure = 0.0; flying_speed <= 15.83; day_time <= 6.00; countermeasure = 0.0; flying_speed <= 15.83,12,1,1,1,0,1,1,1,0,1,0,1,0,1,0,1,0,1,0,1,0,1,0,1,1
2247,day_time <= 18.00; day_time <= 18.00; threat_range <= 10398.43,7,0,1,1,0,1,1,0,0,1,0,1,0,0,0,1,0,0,0,1,0,0,0,1,0
2248,#threats <= 53.00; #threats <= 75.00; day_time <= 6.00; 26.00 < #threats <= 53.00; weather = 3.0; day_time <= 6.00,8,0,1,1,1,1,1,0,1,1,1,1,1,0,1,1,1,0,1,1,1,1,1,1,1
2249,countermeasure = 0.0; flying_speed <= 27.56; countermeasure = 0.0; flying_speed <= 27.56; #threats > 26.00; flying_speed <= 27.56; threat_range <= 20104.47; countermeasure = 0.0; flying_speed <= 27.56; flying_speed <= 27.56; countermeasure = 0.0; flying_speed <= 27.56; #threats > 75.00,11,1,1,1,0,1,1,1,0,1,0,1,0,1,0,1,0,1,0,1,0,0,0,1,1
2250,countermeasure = 0.0; #threats <= 75.00; countermeasure = 0.0; flying_speed <= 38.83; day_time <= 6.00; #threats <= 75.00; day_time <= 6.00; countermeasure = 0.0; flying_speed <= 38.83; #threats > 26.00; day_time <= 6.00; countermeasure = 0.0; countermeasure = 0.0; flying_speed <= 38.83; day_time <= 6.00; flying_speed <= 38.83; day_time <= 6.00; #threats <= 75.00; flying_speed <= 38.83; countermeasure = 0.0,11,1,1,1,0,1,1,1,0,1,0,1,0,1,0,1,0,1,0,1,0,1,0,0,0
2251,#threats <= 75.00; countermeasure = 0.0; flying_speed <= 15.83; weather = 1.0; flying_speed <= 15.83; countermeasure = 0.0; flying_speed <= 15.83; flying_speed <= 15.83; countermeasure = 0.0; flying_speed <= 27.56; flying_speed <= 27.56,9,0,0,1,1,1,1,1,0,1,1,1,1,1,0,1,0,1,0,1,0,0,0,0,0
2252,day_time <= 12.00; #threats <= 26.00; threat_range <= 20104.47; day_time <= 6.00; day_time <= 6.00,8,0,1,1,1,1,1,0,1,1,1,1,1,0,1,1,1,0,1,1,1,1,1,1,1
2253,#threats > 75.00; threat_range <= 20104.47; flying_speed <= 15.83; weather = 4.0; 6.00 < day_time <= 12.00; flying_speed <= 15.83; flying_speed <= 15.83; #threats > 75.00; threat_range > 10398.43; formation = 0.0; flying_speed <= 27.56; day_time <= 12.00; flying_speed <= 15.83; #threats > 75.00; 10398.43 < threat_range <= 30458.59; day_time <= 12.00; formation = 0.0; flying_speed <= 15.83; flying_speed <= 15.83; #threats > 75.00; 10398.43 < threat_range <= 20104.47; day_time > 6.00; threat_range <= 20104.47; flying_speed <= 15.83; #threats > 26.00; threat_range > 10398.43; flying_speed <= 15.83,12,1,1,1,1,1,1,1,1,1,1,1,1,1,1,1,1,1,1,1,1,1,1,1,1
2254,#threats <= 75.00; #threats <= 75.00; #threats <= 75.00; threat_range <= 30458.59; #threats <= 26.00; 10398.43 < threat_range <= 20104.47; #threats <= 53.00,8,0,0,1,0,1,1,0,0,1,0,1,1,0,0,1,1,0,0,1,1,1,1,1,1
2255,countermeasure = 0.0; threat_range > 10398.43; countermeasure = 0.0; flying_speed <= 38.83; #threats > 26.00; threat_range > 10398.43; #threats <= 75.00; countermeasure = 0.0; flying_speed <= 38.83; 26.00 < #threats <= 75.00; day_time > 18.00; countermeasure = 0.0; flying_speed <= 38.83; flying_speed <= 38.83; day_time > 18.00,11,1,0,1,1,1,1,1,0,1,1,1,1,1,0,1,0,1,0,1,0,0,0,1,1
2256,#threats <= 53.00; day_time > 12.00; flying_speed <= 38.83; #threats <= 26.00; threat_range <= 30458.59; 15.83 < flying_speed <= 38.83; weather = 2.0; threat_range <= 10398.43,8,0,1,1,1,1,1,0,1,1,1,1,1,0,1,1,1,0,1,1,1,1,1,1,1
2257,#threats > 75.00; threat_range <= 20104.47; flying_speed <= 15.83; day_time <= 6.00; flying_speed <= 15.83; flying_speed <= 15.83; flying_speed <= 15.83; #threats > 75.00; flying_speed <= 15.83; day_time <= 6.00; 10398.43 < threat_range <= 20104.47; weather = 1.0; day_time <= 6.00; flying_speed <= 15.83; weather = 1.0; day_time <= 6.00,10,1,1,1,0,1,1,0,0,1,0,1,1,0,0,1,1,1,1,1,1,1,1,1,1
2258,#threats <= 75.00; flying_speed <= 38.83; #threats <= 75.00; flying_speed <= 38.83; threat_range <= 20104.47; day_time <= 12.00; 53.00 < #threats <= 75.00; flying_speed <= 38.83; threat_range <= 10398.43,8,0,0,1,1,1,1,0,0,1,1,1,1,0,0,1,1,0,0,1,1,1,1,1,1
2259,#threats <= 75.00; #threats <= 53.00; flying_speed <= 38.83; #threats <= 26.00; weather = 3.0; threat_range > 20104.47; 6.00 < day_time <= 12.00; flying_speed <= 38.83,7,0,0,1,0,1,1,0,0,1,0,1,0,0,0,1,0,0,0,1,0,1,0,0,0
2260,#threats <= 75.00; #threats <= 26.00; flying_speed > 27.56; #threats <= 26.00; #threats <= 53.00; #threats <= 53.00; weather = 4.0; threat_range > 20104.47; flying_speed > 38.83; #threats <= 53.00,8,0,0,1,1,1,1,0,0,1,1,1,1,0,0,1,1,0,0,1,1,1,1,1,1
2261,countermeasure = 0.0; #threats <= 53.00; day_time <= 6.00; day_time <= 12.00; day_time <= 6.00; countermeasure = 0.0; threat_range > 10398.43; flying_speed <= 15.83; threat_range > 10398.43; #threats <= 26.00,10,1,0,1,1,1,1,0,0,1,1,1,1,0,0,1,1,1,0,1,1,1,1,1,1
2262,flying_speed <= 15.83; #threats <= 53.00; day_time <= 6.00; flying_speed <= 15.83; flying_speed <= 15.83; threat_range <= 20104.47; day_time <= 6.00; #threats <= 75.00; threat_range <= 10398.43,8,0,0,1,1,1,1,0,0,1,1,1,1,0,0,1,1,0,0,1,1,1,1,1,1
2263,threat_range > 20104.47; weather = 1.0; weather = 1.0,5,0,0,1,0,1,1,0,0,1,0,1,0,0,0,1,0,0,0,0,0,0,0,0,0
2264,countermeasure = 0.0; flying_speed <= 15.83; countermeasure = 0.0; flying_speed <= 15.83; weather = 3.0; #threats <= 75.00; flying_speed <= 15.83; countermeasure = 0.0; flying_speed <= 15.83; threat_range > 20104.47; countermeasure = 0.0; flying_speed <= 15.83; flying_speed <= 15.83; flying_speed <= 15.83; weather = 3.0; threat_range > 30458.59; flying_speed <= 15.83,12,1,1,1,1,1,1,1,1,1,1,1,1,1,1,1,1,1,1,1,1,1,1,1,1
2265,countermeasure = 0.0; flying_speed <= 15.83; countermeasure = 0.0; flying_speed <= 15.83; flying_speed <= 15.83; threat_range <= 30458.59; countermeasure = 0.0; flying_speed <= 15.83; threat_range <= 30458.59; countermeasure = 0.0; countermeasure = 0.0; flying_speed <= 38.83; flying_speed <= 15.83; #threats <= 75.00; weather = 3.0; flying_speed <= 15.83,12,1,1,1,1,1,1,1,1,1,1,1,1,1,1,1,1,1,1,1,1,1,1,1,1
2266,#threats <= 75.00; flying_speed <= 15.83; flying_speed <= 38.83; flying_speed <= 38.83; threat_range <= 20104.47; #threats <= 53.00; day_time <= 6.00; formation = 0.0,8,0,0,1,1,1,1,0,0,1,1,1,1,0,0,1,0,0,0,1,0,1,0,1,1
2267,#threats <= 53.00; #threats <= 75.00; #threats <= 53.00; #threats <= 26.00; flying_speed > 38.83; #threats <= 53.00; threat_range <= 20104.47; day_time <= 6.00; #threats <= 53.00,8,0,0,1,0,1,1,0,0,1,0,1,0,0,0,1,0,0,0,1,0,1,0,1,1
2268,flying_speed <= 15.83; weather = 4.0; day_time <= 6.00; threat_range > 30458.59; #threats <= 53.00; flying_speed <= 15.83; formation = 0.0; weather = 4.0; threat_range > 20104.47; day_time <= 6.00; #threats <= 26.00; day_time <= 6.00; day_time <= 6.00; flying_speed <= 15.83; day_time <= 6.00; #threats <= 53.00; weather = 4.0; threat_range > 10398.43; threat_range > 30458.59; flying_speed <= 15.83; weather = 4.0; day_time <= 6.00; threat_range > 10398.43; threat_range > 10398.43; flying_speed <= 15.83; day_time <= 6.00; #threats <= 53.00; #threats <= 26.00,12,1,1,1,1,1,1,1,1,1,1,1,1,1,1,1,1,1,1,1,1,1,1,1,1
2269,#threats <= 53.00; #threats <= 53.00; #threats <= 53.00; #threats <= 53.00; 26.00 < #threats <= 53.00; threat_range > 10398.43; weather = 4.0; threat_range > 30458.59,8,0,1,1,1,1,1,0,1,1,1,1,1,0,1,1,1,0,1,1,1,1,1,1,1
2270,countermeasure = 0.0; #threats <= 75.00; countermeasure = 0.0; weather = 3.0; 10398.43 < threat_range <= 20104.47; day_time > 18.00; #threats <= 75.00; countermeasure = 0.0; 10398.43 < threat_range <= 30458.59; day_time > 12.00; countermeasure = 0.0; threat_range > 10398.43; threat_range > 10398.43; flying_speed > 38.83; 10398.43 < threat_range <= 20104.47; #threats <= 75.00; day_time > 18.00,12,1,1,1,1,1,1,1,1,1,1,1,1,1,1,1,1,1,1,1,1,1,1,1,1
2271,weather = 3.0; day_time > 12.00; flying_speed <= 38.83; threat_range > 30458.59,7,0,0,1,0,1,1,0,0,1,0,1,0,0,0,1,0,0,0,1,0,0,0,1,0
2272,countermeasure = 0.0; countermeasure = 0.0; #threats <= 53.00; formation = 0.0; #threats <= 75.00; countermeasure = 0.0,8,1,1,1,0,1,1,0,0,1,0,1,0,0,0,1,0,0,0,1,0,0,0,1,0
2273,countermeasure = 0.0; #threats <= 53.00; day_time > 6.00; formation = 1.0; countermeasure = 0.0; #threats <= 53.00; threat_range > 10398.43; countermeasure = 0.0,9,1,0,1,1,1,1,0,0,1,1,1,1,0,0,1,1,0,0,1,1,1,1,1,1
2274,day_time > 12.00; #threats <= 53.00; #threats <= 53.00; #threats <= 53.00; threat_range <= 30458.59; 26.00 < #threats <= 53.00; #threats <= 53.00,8,0,0,1,1,1,1,0,0,1,1,1,1,0,0,1,1,0,0,1,1,1,1,1,1
2275,threat_range > 30458.59; threat_range > 20104.47; #threats > 26.00; threat_range > 10398.43; 12.00 < day_time <= 18.00; formation = 1.0; flying_speed > 38.83; threat_range > 20104.47,8,0,0,1,1,1,1,0,0,1,1,1,1,0,0,1,1,0,0,1,1,1,1,1,1
2276,countermeasure = 0.0; day_time <= 6.00; countermeasure = 0.0; day_time <= 6.00; flying_speed <= 38.83; #threats > 26.00; #threats <= 53.00; countermeasure = 0.0; day_time <= 6.00; #threats <= 75.00; countermeasure = 0.0; formation = 1.0; #threats > 26.00; day_time <= 6.00; countermeasure = 0.0; weather = 2.0; threat_range <= 10398.43,12,1,1,1,1,1,1,1,1,1,1,1,1,1,1,1,1,1,1,1,1,1,1,1,1
2277,countermeasure = 0.0; flying_speed <= 15.83; countermeasure = 0.0; flying_speed <= 15.83; countermeasure = 0.0; flying_speed <= 38.83; day_time > 18.00,10,1,1,1,0,1,1,1,0,1,0,1,0,0,0,1,0,1,0,1,0,0,0,1,1
2278,countermeasure = 0.0; #threats <= 75.00; countermeasure = 0.0; flying_speed <= 15.83; flying_speed <= 15.83; countermeasure = 0.0; flying_speed <= 15.83; countermeasure = 0.0; flying_speed <= 38.83; flying_speed <= 38.83; flying_speed <= 15.83; countermeasure = 0.0; weather = 3.0; flying_speed <= 15.83,12,1,1,1,0,1,1,1,0,1,0,1,0,1,0,1,0,1,0,1,0,1,1,1,1
2279,#threats > 53.00; flying_speed <= 15.83; threat_range <= 10398.43; day_time <= 12.00; weather = 2.0; flying_speed <= 15.83; day_time <= 12.00; formation = 1.0; flying_speed <= 15.83; flying_speed <= 15.83; weather = 2.0; flying_speed <= 15.83,9,1,0,1,1,1,1,0,0,1,1,1,1,0,0,1,1,0,0,1,1,1,1,1,1
2280,threat_range > 10398.43; #threats <= 75.00; threat_range > 20104.47; threat_range > 10398.43; flying_speed <= 38.83; day_time <= 6.00; 10398.43 < threat_range <= 30458.59; threat_range > 20104.47,8,0,1,1,0,1,1,0,0,1,0,1,0,0,0,1,0,0,0,1,0,1,0,1,0
2281,countermeasure = 0.0; day_time <= 6.00; countermeasure = 0.0; flying_speed <= 38.83; #threats > 53.00; countermeasure = 0.0; day_time <= 6.00; flying_speed <= 27.56; flying_speed <= 38.83; countermeasure = 0.0; flying_speed <= 27.56; threat_range <= 20104.47; countermeasure = 0.0; day_time <= 6.00; weather = 1.0; countermeasure = 0.0,12,1,1,1,1,1,1,1,1,1,1,1,1,1,1,1,1,1,1,1,1,1,1,1,1
2282,countermeasure = 0.0; countermeasure = 0.0; flying_speed <= 15.83; #threats <= 75.00; weather = 1.0; countermeasure = 0.0; flying_speed <= 27.56; 10398.43 < threat_range <= 30458.59; flying_speed <= 15.83; countermeasure = 0.0; flying_speed <= 27.56; flying_speed <= 15.83; flying_speed <= 15.83; day_time <= 18.00; threat_range > 10398.43; flying_speed <= 15.83,12,1,1,1,1,1,1,1,1,1,1,1,1,1,1,1,1,1,1,1,1,1,1,1,1
2283,countermeasure = 0.0; countermeasure = 0.0; flying_speed <= 27.56; #threats > 26.00; countermeasure = 0.0; flying_speed <= 27.56; #threats > 26.00; threat_range <= 30458.59; countermeasure = 0.0; flying_speed <= 27.56; 26.00 < #threats <= 53.00; countermeasure = 0.0,12,1,0,1,1,1,1,1,0,1,1,1,1,1,0,1,0,1,0,1,0,1,1,1,1
2284,day_time > 6.00; #threats <= 75.00; #threats <= 75.00; 10398.43 < threat_range <= 20104.47; flying_speed > 27.56; threat_range <= 20104.47,8,0,0,1,1,1,1,0,0,1,1,1,1,0,0,1,1,0,0,1,1,1,1,1,1
2285,countermeasure = 0.0; flying_speed <= 27.56; countermeasure = 0.0; flying_speed <= 27.56; flying_speed <= 15.83; countermeasure = 0.0; flying_speed <= 15.83; day_time <= 12.00; countermeasure = 0.0; flying_speed <= 15.83; flying_speed <= 15.83; flying_speed <= 15.83; threat_range <= 20104.47; #threats > 26.00; countermeasure = 0.0,12,1,1,1,1,1,1,1,1,1,1,1,1,1,1,1,1,1,1,1,1,1,1,1,1
2286,countermeasure = 0.0; #threats <= 75.00; countermeasure = 0.0; flying_speed <= 38.83; #threats > 26.00; #threats <= 75.00; countermeasure = 0.0; flying_speed <= 38.83; 26.00 < #threats <= 75.00; threat_range <= 30458.59; #threats <= 75.00; countermeasure = 0.0; flying_speed <= 38.83,10,1,1,1,0,1,1,1,0,1,0,1,0,1,0,1,0,1,0,1,0,0,0,0,0
2287,#threats > 75.00; flying_speed <= 27.56; threat_range <= 10398.43; day_time <= 6.00; formation = 1.0; flying_speed <= 27.56; day_time <= 12.00; threat_range <= 30458.59; day_time <= 6.00; weather = 3.0; day_time <= 6.00; threat_range <= 20104.47; flying_speed <= 38.83; day_time <= 6.00,9,1,1,1,1,1,1,0,1,1,1,1,1,0,1,1,1,0,1,1,1,1,1,1,1
2288,countermeasure = 0.0; #threats <= 53.00; countermeasure = 0.0; flying_speed <= 27.56; #threats <= 75.00; #threats <= 53.00; countermeasure = 0.0; flying_speed <= 27.56; day_time <= 18.00; countermeasure = 0.0; flying_speed <= 38.83; #threats <= 53.00; #threats <= 53.00; flying_speed <= 38.83; countermeasure = 0.0; threat_range <= 30458.59; #threats <= 26.00,12,1,1,1,1,1,1,1,1,1,1,1,1,1,1,1,1,1,1,1,1,1,1,1,1
2289,countermeasure = 0.0; countermeasure = 0.0; flying_speed <= 15.83; flying_speed <= 15.83; countermeasure = 0.0; flying_speed <= 15.83; flying_speed <= 27.56; countermeasure = 0.0; flying_speed <= 15.83; flying_speed <= 15.83; #threats <= 53.00; #threats <= 26.00,12,1,1,1,1,1,1,1,1,1,1,1,1,1,1,1,1,1,1,1,1,1,1,1,1
2290,#threats <= 75.00; threat_range > 10398.43; #threats <= 75.00; #threats <= 75.00; weather = 3.0; threat_range > 10398.43; flying_speed > 38.83; threat_range > 30458.59,8,0,0,1,1,1,1,0,0,1,1,1,1,0,0,1,1,0,0,1,1,1,1,1,1
2291,countermeasure = 0.0; #threats <= 75.00; countermeasure = 0.0; flying_speed <= 38.83; weather = 3.0; #threats <= 75.00; flying_speed <= 38.83; weather = 3.0; countermeasure = 0.0; 10398.43 < threat_range <= 30458.59; day_time <= 12.00; countermeasure = 0.0; flying_speed <= 38.83; #threats <= 53.00; #threats <= 26.00; countermeasure = 0.0; threat_range > 10398.43; weather = 3.0; threat_range > 20104.47,12,1,1,1,1,1,1,1,1,1,1,1,1,1,1,1,1,1,1,1,1,1,1,1,1
2292,#threats <= 26.00; #threats <= 26.00; #threats <= 75.00; #threats <= 53.00; #threats <= 26.00; formation = 0.0; threat_range > 10398.43; 12.00 < day_time <= 18.00; #threats <= 26.00,8,0,1,1,1,1,1,0,1,1,1,1,1,0,1,1,1,0,1,1,1,1,1,1,1
2293,countermeasure = 0.0; flying_speed <= 38.83; countermeasure = 0.0; flying_speed <= 15.83; threat_range <= 20104.47; countermeasure = 0.0; flying_speed <= 15.83; countermeasure = 0.0; flying_speed <= 27.56; #threats <= 53.00; flying_speed <= 15.83; countermeasure = 0.0; flying_speed <= 15.83,12,1,1,1,1,1,1,1,1,1,1,1,1,1,1,1,1,1,1,1,1,1,1,1,1
2294,countermeasure = 0.0; #threats <= 75.00; countermeasure = 0.0; day_time <= 6.00; #threats > 26.00; day_time <= 6.00; weather = 2.0; countermeasure = 0.0; countermeasure = 0.0; countermeasure = 0.0; day_time <= 6.00; day_time <= 6.00; threat_range <= 20104.47; day_time <= 6.00,12,1,1,1,1,1,1,1,1,1,1,1,1,1,1,1,1,1,1,1,1,1,1,1,1
2295,#threats > 75.00; day_time <= 6.00; formation = 1.0; threat_range <= 30458.59; day_time <= 6.00; day_time <= 6.00; weather = 3.0; #threats > 75.00; day_time <= 6.00; threat_range <= 20104.47; formation = 1.0; weather = 3.0; #threats > 75.00; day_time <= 6.00; formation = 1.0; threat_range <= 30458.59; threat_range <= 30458.59; threat_range <= 20104.47; day_time <= 6.00; flying_speed > 15.83; formation = 1.0,11,1,1,1,1,1,1,0,1,1,1,1,1,1,1,1,1,1,1,1,1,1,1,1,1
2296,countermeasure = 0.0; day_time <= 6.00; countermeasure = 0.0; flying_speed <= 15.83; flying_speed <= 15.83; flying_speed <= 27.56; countermeasure = 0.0; flying_speed <= 15.83; threat_range <= 20104.47; flying_speed <= 15.83; countermeasure = 0.0; flying_speed <= 15.83; flying_speed <= 27.56; flying_speed <= 15.83; countermeasure = 0.0; flying_speed <= 15.83,12,1,1,1,1,1,1,1,1,1,1,1,1,1,1,1,1,1,1,1,1,1,1,1,1
2297,countermeasure = 0.0; #threats <= 75.00; countermeasure = 0.0; flying_speed <= 27.56; #threats <= 75.00; countermeasure = 0.0; flying_speed <= 38.83; flying_speed <= 38.83; countermeasure = 0.0; countermeasure = 0.0; countermeasure = 0.0,11,1,0,1,0,1,1,1,0,1,0,1,0,1,0,1,0,1,0,1,0,0,0,1,0
2298,countermeasure = 0.0; #threats <= 53.00; countermeasure = 0.0; flying_speed <= 15.83; #threats <= 75.00; #threats <= 75.00; countermeasure = 0.0; flying_speed <= 15.83; countermeasure = 0.0; flying_speed <= 27.56; #threats <= 75.00; day_time <= 6.00,11,1,0,1,1,1,1,1,0,1,1,1,1,1,0,1,0,1,0,1,0,0,0,1,0
2299,countermeasure = 0.0; #threats <= 75.00; countermeasure = 0.0; 26.00 < #threats <= 75.00; 20104.47 < threat_range <= 30458.59; #threats <= 75.00; countermeasure = 0.0; 26.00 < #threats <= 75.00; threat_range <= 30458.59; countermeasure = 0.0; #threats > 26.00; #threats > 26.00; threat_range > 10398.43; countermeasure = 0.0; flying_speed > 38.83; day_time > 18.00,12,1,1,1,1,1,1,1,1,1,1,1,1,1,1,1,1,1,1,1,1,1,1,1,1
2300,countermeasure = 0.0; #threats <= 75.00; countermeasure = 0.0; flying_speed <= 15.83; flying_speed <= 15.83; countermeasure = 0.0; flying_speed <= 15.83; day_time <= 12.00; flying_speed <= 38.83; countermeasure = 0.0; countermeasure = 0.0,9,1,1,1,0,1,1,1,0,1,0,0,0,1,0,1,0,1,0,1,0,0,0,0,0
2301,countermeasure = 0.0; #threats <= 75.00; countermeasure = 0.0; flying_speed <= 38.83; #threats > 26.00; day_time > 12.00; weather = 2.0; countermeasure = 0.0; formation = 1.0; #threats > 26.00; flying_speed <= 38.83; countermeasure = 0.0; countermeasure = 0.0; formation = 1.0; countermeasure = 0.0; countermeasure = 0.0; 26.00 < #threats <= 75.00; day_time <= 18.00; flying_speed > 15.83; formation = 1.0; weather = 2.0,12,1,1,1,1,1,1,1,1,1,1,1,1,1,1,1,1,1,1,1,1,1,1,1,1
2302,flying_speed <= 38.83; weather = 3.0; day_time <= 18.00; day_time > 12.00; 10398.43 < threat_range <= 30458.59; 12.00 < day_time <= 18.00; threat_range > 20104.47,8,0,0,1,1,1,1,0,0,1,1,1,1,0,0,1,1,0,0,1,1,1,1,1,1
2303,day_time > 18.00; flying_speed <= 27.56; flying_speed <= 27.56; day_time > 18.00; flying_speed <= 27.56; #threats <= 53.00; day_time > 12.00; formation = 0.0; #threats <= 26.00,8,0,0,1,1,1,1,0,0,1,1,1,1,0,0,1,1,0,0,1,1,1,1,1,1
2304,#threats > 75.00; day_time > 12.00; 10398.43 < threat_range <= 30458.59; day_time > 18.00; threat_range > 10398.43; #threats > 75.00; 10398.43 < threat_range <= 30458.59; formation = 1.0; weather = 4.0; day_time > 12.00; day_time > 12.00; #threats > 75.00,8,1,1,0,0,1,1,0,0,1,0,1,0,0,0,1,0,1,0,1,0,0,0,1,1
2305,countermeasure = 0.0; flying_speed <= 27.56; formation = 0.0; threat_range > 10398.43; countermeasure = 0.0; flying_speed <= 27.56; day_time <= 12.00; countermeasure = 0.0; threat_range > 10398.43; 15.83 < flying_speed <= 27.56; 6.00 < day_time <= 18.00; weather = 1.0; flying_speed <= 27.56,10,1,1,1,1,1,1,0,1,1,1,1,1,0,1,1,1,1,1,1,1,1,1,1,1
2306,#threats <= 75.00; #threats <= 75.00; threat_range > 10398.43; weather = 3.0; threat_range <= 20104.47; 10398.43 < threat_range <= 20104.47; 53.00 < #threats <= 75.00; day_time > 12.00,8,0,1,1,1,1,1,0,1,1,1,1,1,0,1,1,1,0,1,1,1,1,1,1,1
2307,#threats <= 75.00; #threats <= 75.00; formation = 0.0; flying_speed <= 38.83; flying_speed <= 15.83; day_time <= 6.00; day_time <= 6.00,8,0,0,1,1,1,1,0,0,1,1,1,1,0,0,1,1,0,0,1,1,1,1,1,1
2308,day_time > 12.00; threat_range > 10398.43; #threats > 26.00; threat_range <= 20104.47; 10398.43 < threat_range <= 20104.47; #threats <= 75.00; flying_speed > 27.56,8,0,1,1,1,1,1,0,1,1,1,1,1,0,1,1,1,0,1,1,1,1,1,1,1
2309,countermeasure = 0.0; #threats <= 53.00; countermeasure = 0.0; day_time <= 6.00; weather = 3.0; threat_range <= 30458.59; day_time <= 6.00; countermeasure = 0.0; day_time <= 6.00; #threats <= 53.00; countermeasure = 0.0; day_time <= 6.00; #threats <= 75.00; #threats <= 53.00; flying_speed > 38.83; #threats <= 53.00; countermeasure = 0.0; #threats <= 53.00,12,1,1,1,1,1,1,1,1,1,1,1,1,1,1,1,1,1,1,1,1,1,1,1,1
2310,#threats <= 75.00; #threats <= 26.00; #threats <= 75.00; #threats <= 53.00; threat_range <= 10398.43; #threats <= 53.00; flying_speed > 15.83; day_time > 18.00,8,0,0,1,1,1,1,0,0,1,1,1,1,0,0,1,1,0,0,1,1,1,1,1,1
2311,#threats > 53.00; flying_speed <= 15.83; day_time <= 12.00; weather = 4.0; 10398.43 < threat_range <= 30458.59; flying_speed <= 15.83; flying_speed <= 15.83; #threats <= 75.00; flying_speed <= 15.83; day_time <= 12.00; formation = 1.0; flying_speed <= 15.83,9,1,1,1,0,1,1,0,0,1,0,1,1,0,0,1,1,0,1,1,1,1,1,1,1
2312,countermeasure = 0.0; #threats <= 75.00; #threats <= 75.00; countermeasure = 0.0; flying_speed <= 27.56; flying_speed <= 27.56; day_time <= 6.00; countermeasure = 0.0; flying_speed <= 38.83; #threats <= 26.00,10,1,1,1,0,1,1,0,0,1,0,1,1,0,0,1,1,1,1,1,1,1,1,1,1
2313,countermeasure = 0.0; countermeasure = 0.0,3,1,1,0,0,1,1,0,0,0,0,0,0,0,0,0,0,0,0,0,0,0,0,1,1
2314,countermeasure = 0.0; countermeasure = 0.0; countermeasure = 0.0; flying_speed <= 38.83; #threats > 26.00; day_time <= 6.00; day_time <= 6.00; countermeasure = 0.0; flying_speed <= 27.56; threat_range <= 30458.59; countermeasure = 0.0; countermeasure = 0.0; flying_speed <= 27.56; flying_speed <= 27.56; day_time <= 6.00; countermeasure = 0.0; flying_speed <= 38.83; formation = 0.0,12,1,0,1,1,1,1,1,0,1,1,1,1,1,0,1,1,1,0,1,1,1,1,1,1
2315,countermeasure = 0.0; #threats <= 53.00; countermeasure = 0.0; threat_range > 10398.43; day_time <= 6.00; weather = 3.0; countermeasure = 0.0; day_time <= 6.00; threat_range > 20104.47; weather = 3.0; #threats <= 75.00; weather = 3.0; countermeasure = 0.0; day_time <= 6.00; threat_range > 20104.47; #threats <= 26.00; day_time <= 6.00; countermeasure = 0.0; threat_range > 30458.59,12,1,1,1,1,1,1,1,1,1,1,1,1,1,1,1,1,1,1,1,1,1,1,1,1
2316,countermeasure = 0.0; flying_speed <= 15.83; countermeasure = 0.0; flying_speed <= 27.56; #threats > 26.00; threat_range > 10398.43; flying_speed <= 15.83; countermeasure = 0.0; flying_speed <= 15.83; day_time > 12.00; countermeasure = 0.0; flying_speed <= 27.56; flying_speed <= 38.83; flying_speed <= 15.83; countermeasure = 0.0; flying_speed <= 15.83,12,1,1,1,1,1,1,1,1,1,1,1,1,1,1,1,1,1,1,1,1,1,1,1,1
2317,countermeasure = 0.0; flying_speed <= 15.83; countermeasure = 0.0; flying_speed <= 15.83; day_time <= 6.00; weather = 1.0; #threats > 26.00; countermeasure = 0.0; flying_speed <= 15.83; flying_speed <= 38.83; countermeasure = 0.0; flying_speed <= 15.83; flying_speed <= 15.83; day_time <= 6.00; flying_speed <= 27.56,12,1,1,1,1,1,1,1,1,1,1,1,1,1,1,1,1,1,1,1,1,1,1,1,1
2318,#threats <= 53.00; #threats <= 75.00; threat_range <= 10398.43; day_time > 18.00; threat_range <= 30458.59; day_time > 12.00; formation = 1.0; 26.00 < #threats <= 53.00; weather = 4.0; weather = 4.0,8,0,1,1,0,1,1,0,0,1,0,1,1,0,0,1,1,0,1,1,1,1,1,1,1
2319,#threats <= 75.00; #threats <= 26.00; #threats <= 53.00; threat_range > 30458.59,6,0,1,1,0,1,1,0,0,1,0,1,0,0,0,1,0,0,0,1,0,0,0,0,0
2320,countermeasure = 0.0; flying_speed <= 27.56; countermeasure = 0.0; flying_speed <= 15.83; weather = 2.0; flying_speed <= 38.83; countermeasure = 0.0; flying_speed <= 15.83; flying_speed <= 15.83; countermeasure = 0.0; flying_speed <= 27.56; flying_speed <= 15.83; flying_speed <= 15.83; weather = 2.0; countermeasure = 0.0,12,1,1,1,1,1,1,1,1,1,1,1,1,1,1,1,1,1,1,1,1,1,1,1,1
2321,countermeasure = 0.0; #threats <= 75.00; countermeasure = 0.0; flying_speed <= 27.56; #threats <= 26.00; countermeasure = 0.0; flying_speed <= 27.56; threat_range <= 30458.59; flying_speed <= 38.83; countermeasure = 0.0; formation = 0.0; #threats <= 26.00; weather = 4.0; day_time <= 18.00; countermeasure = 0.0,12,1,1,1,1,1,1,1,1,1,1,1,1,1,1,1,1,1,1,1,1,1,1,1,1
2322,day_time <= 12.00; formation = 0.0; day_time <= 6.00; #threats > 75.00,7,0,1,1,0,1,1,0,0,1,0,1,0,0,0,1,0,0,0,1,0,0,0,1,1
2323,countermeasure = 0.0; #threats <= 53.00; countermeasure = 0.0; #threats <= 75.00; #threats <= 53.00; countermeasure = 0.0; flying_speed <= 27.56; threat_range <= 20104.47; flying_speed <= 38.83; countermeasure = 0.0; flying_speed <= 27.56; threat_range <= 10398.43; countermeasure = 0.0; #threats <= 75.00; weather = 3.0; day_time <= 12.00; #threats <= 26.00,12,1,1,1,1,1,1,1,1,1,1,1,1,1,1,1,1,1,1,1,1,1,1,1,1
2324,#threats > 26.00; formation = 0.0; threat_range > 10398.43; #threats <= 75.00; #threats <= 75.00; weather = 3.0; #threats <= 53.00; threat_range > 10398.43; 26.00 < #threats <= 53.00; weather = 3.0; formation = 0.0; day_time > 12.00,9,1,1,1,0,1,1,0,0,1,0,1,0,0,0,1,0,0,0,1,0,1,1,1,1
2325,countermeasure = 0.0; #threats <= 75.00; countermeasure = 0.0; flying_speed <= 27.56; threat_range <= 20104.47; countermeasure = 0.0; flying_speed <= 27.56; #threats > 26.00; flying_speed <= 38.83; countermeasure = 0.0; flying_speed <= 27.56; day_time > 18.00; #threats <= 75.00; countermeasure = 0.0; threat_range <= 20104.47; flying_speed <= 38.83; day_time > 18.00,12,1,1,1,1,1,1,1,1,1,1,1,1,1,1,1,1,1,1,1,1,1,1,1,1
2326,countermeasure = 0.0; day_time > 18.00; #threats > 26.00; countermeasure = 0.0; day_time > 18.00; weather = 4.0; day_time > 18.00,7,1,0,0,0,1,1,0,0,0,0,1,0,0,0,1,0,1,0,1,0,0,0,1,0
2327,countermeasure = 0.0; countermeasure = 0.0; #threats > 26.00; flying_speed > 38.83; #threats <= 75.00; formation = 0.0; threat_range <= 30458.59; threat_range > 10398.43,5,1,0,0,0,1,1,0,0,0,0,0,0,0,0,0,0,1,0,0,0,1,1,1,1
2328,#threats > 75.00; flying_speed <= 15.83; threat_range <= 30458.59; day_time <= 12.00; flying_speed <= 15.83; flying_speed <= 15.83; formation = 0.0; #threats > 75.00; 10398.43 < threat_range <= 30458.59; day_time <= 6.00; flying_speed <= 27.56; day_time <= 6.00; flying_speed <= 15.83; #threats > 75.00; day_time <= 6.00; formation = 0.0; threat_range > 10398.43; weather = 1.0; weather = 1.0; flying_speed <= 15.83; #threats > 75.00; day_time <= 6.00; weather = 1.0; 10398.43 < threat_range <= 30458.59; threat_range <= 30458.59; flying_speed <= 15.83; day_time <= 6.00; weather = 1.0; day_time <= 12.00,12,1,1,1,1,1,1,1,1,1,1,1,1,1,1,1,1,1,1,1,1,1,1,1,1
2329,countermeasure = 0.0; #threats <= 75.00; weather = 1.0; countermeasure = 0.0; day_time <= 6.00; #threats > 26.00; weather = 1.0; countermeasure = 0.0; day_time <= 6.00; weather = 1.0; threat_range <= 20104.47; countermeasure = 0.0; day_time <= 6.00; day_time <= 6.00,11,1,0,1,1,1,1,0,0,1,1,1,1,1,0,1,1,1,0,1,1,1,1,1,1
2330,flying_speed <= 15.83; #threats > 53.00; flying_speed <= 15.83; flying_speed <= 15.83; flying_speed <= 15.83; threat_range <= 30458.59; #threats > 26.00; formation = 1.0; day_time <= 18.00,8,0,1,1,1,1,1,0,1,1,1,1,1,0,1,1,1,0,1,1,1,1,1,1,1
2331,#threats <= 26.00; #threats <= 53.00; countermeasure = 1.0; #threats <= 75.00; 12.00 < day_time <= 18.00; #threats <= 53.00; threat_range <= 30458.59; flying_speed > 27.56; weather = 1.0; #threats <= 53.00,8,0,1,1,1,1,1,0,1,1,1,1,1,0,1,1,1,0,1,1,1,1,1,1,1
2332,countermeasure = 0.0; #threats <= 26.00; weather = 2.0; countermeasure = 0.0; flying_speed <= 27.56; day_time <= 6.00; countermeasure = 0.0; #threats <= 26.00; day_time <= 6.00,10,1,0,1,1,1,1,0,0,1,1,1,1,0,0,1,1,1,0,1,1,1,1,1,1
2333,#threats <= 75.00; day_time > 18.00; day_time > 18.00; weather = 1.0; formation = 0.0; 26.00 < #threats <= 53.00; threat_range <= 30458.59; flying_speed > 38.83,8,0,1,1,1,1,1,0,1,1,1,1,1,0,1,1,1,0,1,1,1,1,1,1,1
2334,countermeasure = 0.0; flying_speed <= 27.56; countermeasure = 0.0; day_time <= 6.00; flying_speed <= 27.56; flying_speed <= 27.56; threat_range <= 30458.59; countermeasure = 0.0; day_time <= 6.00; flying_speed <= 38.83; #threats > 26.00; flying_speed <= 38.83; countermeasure = 0.0; flying_speed <= 27.56; flying_speed <= 27.56; threat_range <= 30458.59; day_time <= 6.00; flying_speed <= 38.83; day_time <= 12.00,12,1,1,1,1,1,1,1,1,1,1,1,1,1,1,1,1,1,1,1,1,1,1,1,1
2335,threat_range <= 30458.59; flying_speed <= 27.56; flying_speed <= 38.83; day_time <= 6.00; day_time <= 12.00; formation = 1.0; #threats <= 75.00; day_time <= 6.00,8,0,1,1,0,1,1,0,0,1,0,1,0,0,0,1,0,0,0,1,0,1,0,1,0
2336,countermeasure = 0.0; weather = 1.0; countermeasure = 0.0; #threats > 53.00; threat_range <= 30458.59; formation = 1.0; day_time > 18.00; flying_speed > 27.56; countermeasure = 0.0; threat_range <= 30458.59; formation = 1.0; #threats > 26.00; weather = 1.0; #threats > 26.00; countermeasure = 0.0; day_time > 18.00; day_time > 18.00; threat_range <= 20104.47; countermeasure = 0.0; formation = 1.0; weather = 1.0; flying_speed > 38.83,12,1,1,1,1,1,1,1,1,1,1,1,1,1,1,1,1,1,1,1,1,1,1,1,1
2337,countermeasure = 0.0; flying_speed <= 27.56; countermeasure = 0.0; flying_speed <= 15.83; flying_speed <= 15.83; countermeasure = 0.0; flying_speed <= 15.83; countermeasure = 0.0; countermeasure = 0.0; flying_speed <= 15.83; flying_speed <= 27.56; flying_speed <= 15.83; countermeasure = 0.0; day_time <= 18.00; flying_speed <= 15.83,12,1,1,1,1,1,1,1,1,1,1,1,1,1,1,1,1,1,1,1,1,1,1,1,1
2338,#threats > 75.00; threat_range <= 30458.59; 6.00 < day_time <= 18.00; flying_speed <= 27.56; flying_speed <= 27.56; weather = 2.0; flying_speed <= 27.56; weather = 2.0; flying_speed <= 38.83; 12.00 < day_time <= 18.00; flying_speed <= 27.56; 10398.43 < threat_range <= 30458.59; day_time > 12.00,9,1,1,1,1,1,1,0,1,1,1,1,1,0,1,1,1,0,1,1,1,1,1,1,1
2339,#threats <= 75.00; #threats <= 26.00; day_time <= 6.00; #threats <= 53.00; threat_range > 10398.43; weather = 3.0; flying_speed > 27.56; #threats <= 26.00,8,0,0,1,1,1,1,0,0,1,1,1,1,0,0,1,1,0,0,1,1,1,1,1,1
2340,countermeasure = 0.0; flying_speed <= 38.83; countermeasure = 0.0; flying_speed <= 38.83; #threats > 53.00; threat_range > 20104.47; flying_speed <= 38.83; flying_speed > 27.56; countermeasure = 0.0; flying_speed <= 38.83; threat_range <= 30458.59; threat_range <= 30458.59; countermeasure = 0.0; flying_speed <= 38.83; day_time > 18.00; 10398.43 < threat_range <= 30458.59; day_time > 18.00; countermeasure = 0.0; formation = 0.0; #threats > 26.00; flying_speed > 27.56; weather = 4.0; flying_speed > 27.56,12,1,1,1,1,1,1,1,1,1,1,1,1,1,1,1,1,1,1,1,1,1,1,1,1
2341,flying_speed <= 38.83; #threats <= 53.00; #threats <= 75.00; flying_speed > 27.56; #threats <= 53.00; weather = 3.0; threat_range <= 20104.47; day_time > 18.00,8,0,1,1,1,1,1,0,1,1,1,1,1,0,1,1,1,0,1,1,1,1,1,1,1
2342,#threats <= 75.00; #threats <= 75.00; flying_speed <= 38.83; threat_range > 20104.47; flying_speed <= 15.83,7,0,0,1,0,1,1,0,0,1,0,1,0,0,0,1,0,0,0,1,0,0,0,1,1
2343,countermeasure = 0.0; #threats <= 75.00; countermeasure = 0.0; flying_speed <= 27.56; #threats <= 53.00; weather = 2.0; countermeasure = 0.0; flying_speed <= 27.56; #threats > 26.00; threat_range <= 30458.59; threat_range > 20104.47; countermeasure = 0.0; flying_speed <= 27.56; #threats <= 75.00; flying_speed <= 27.56; #threats <= 53.00; weather = 2.0; threat_range > 20104.47,12,1,1,1,1,1,1,1,1,1,1,1,1,1,1,1,1,1,1,1,1,1,1,1,1
2344,#threats <= 75.00; #threats <= 75.00; flying_speed <= 38.83; day_time > 6.00; 26.00 < #threats <= 53.00; day_time <= 12.00; threat_range <= 30458.59; formation = 0.0,8,0,1,1,0,1,1,0,0,1,0,1,0,0,0,1,0,0,0,1,0,1,0,1,0
2345,countermeasure = 0.0; #threats <= 53.00; countermeasure = 0.0; day_time <= 6.00; flying_speed <= 38.83; weather = 4.0; #threats <= 53.00; countermeasure = 0.0; flying_speed <= 38.83; 10398.43 < threat_range <= 30458.59; #threats <= 53.00; countermeasure = 0.0; flying_speed <= 38.83; flying_speed <= 38.83; 10398.43 < threat_range <= 20104.47; weather = 4.0; countermeasure = 0.0,12,1,1,1,1,1,1,1,1,1,1,1,1,1,1,1,1,1,1,1,1,1,1,1,1
2346,#threats <= 53.00; threat_range > 20104.47; 26.00 < #threats <= 53.00; flying_speed <= 38.83; threat_range > 10398.43; formation = 1.0; threat_range > 30458.59,8,0,1,1,0,1,1,0,0,1,0,1,0,0,0,1,0,0,0,1,0,1,1,1,1
2347,countermeasure = 0.0; flying_speed <= 27.56; countermeasure = 0.0; flying_speed <= 27.56; weather = 2.0; weather = 2.0; day_time > 12.00; countermeasure = 0.0; flying_speed <= 27.56; flying_speed <= 38.83; day_time > 6.00; countermeasure = 0.0; threat_range > 10398.43; threat_range > 30458.59,11,1,1,1,1,1,1,1,1,1,1,1,1,0,1,1,1,1,1,1,1,1,1,1,1
2348,weather = 3.0; #threats <= 75.00; day_time > 12.00; #threats <= 53.00,6,0,0,1,1,1,1,0,0,1,1,1,1,0,0,1,0,0,0,1,0,0,0,0,0
2349,day_time <= 6.00; #threats <= 26.00; day_time <= 6.00; #threats <= 26.00; #threats <= 53.00; day_time <= 6.00; threat_range <= 20104.47; day_time <= 6.00,8,0,1,1,1,1,1,0,1,1,1,1,1,0,1,1,1,0,1,1,1,1,1,1,1
2350,countermeasure = 0.0; #threats <= 75.00; countermeasure = 0.0; flying_speed <= 27.56; day_time <= 6.00; threat_range > 30458.59; countermeasure = 0.0; flying_speed <= 27.56; #threats > 26.00; weather = 1.0; countermeasure = 0.0; flying_speed <= 27.56; flying_speed <= 27.56; #threats <= 53.00; day_time <= 6.00; flying_speed <= 27.56,12,1,1,1,1,1,1,1,1,1,1,1,1,1,1,1,1,1,1,1,1,1,1,1,1
2351,flying_speed <= 15.83; threat_range > 30458.59; day_time <= 6.00; formation = 1.0; #threats <= 75.00; weather = 2.0; weather = 2.0; flying_speed <= 15.83; day_time <= 6.00; threat_range > 30458.59; weather = 2.0; formation = 1.0; flying_speed <= 15.83; #threats <= 53.00; threat_range > 10398.43; #threats <= 26.00,10,1,1,1,1,1,1,0,1,1,1,1,1,0,1,1,1,1,1,1,1,1,1,1,1
2352,countermeasure = 0.0; #threats <= 75.00; countermeasure = 0.0; 26.00 < #threats <= 75.00; 10398.43 < threat_range <= 30458.59; #threats <= 75.00; countermeasure = 0.0; #threats > 26.00; 10398.43 < threat_range <= 20104.47; countermeasure = 0.0; #threats > 26.00; formation = 1.0; threat_range > 10398.43; 10398.43 < threat_range <= 20104.47; countermeasure = 0.0; #threats <= 53.00,12,1,1,1,1,1,1,1,1,1,1,1,1,1,1,1,1,1,1,1,1,1,1,1,1
2353,countermeasure = 0.0; #threats <= 53.00; countermeasure = 0.0; flying_speed <= 27.56; threat_range <= 30458.59; countermeasure = 0.0; flying_speed <= 27.56; formation = 1.0; threat_range > 20104.47; countermeasure = 0.0; flying_speed <= 27.56; threat_range > 20104.47; flying_speed <= 27.56; countermeasure = 0.0; #threats <= 53.00; flying_speed <= 27.56,12,1,1,1,1,1,1,1,1,1,1,1,1,1,1,1,1,1,1,1,1,1,1,1,1
2354,countermeasure = 0.0; threat_range > 20104.47; countermeasure = 0.0; flying_speed <= 27.56; formation = 1.0; threat_range > 20104.47; countermeasure = 0.0; flying_speed <= 27.56; threat_range <= 30458.59; countermeasure = 0.0; flying_speed <= 27.56; flying_speed <= 27.56; countermeasure = 0.0; day_time <= 12.00; threat_range <= 30458.59; flying_speed <= 27.56,12,1,1,1,1,1,1,1,1,1,1,1,1,1,1,1,1,1,1,1,1,1,1,1,1
2355,countermeasure = 0.0; #threats <= 53.00; countermeasure = 0.0; 10398.43 < threat_range <= 20104.47; day_time > 18.00; weather = 4.0; #threats <= 53.00; countermeasure = 0.0; weather = 4.0; 10398.43 < threat_range <= 20104.47; #threats <= 75.00; day_time > 18.00; countermeasure = 0.0; day_time > 12.00; weather = 4.0; threat_range > 10398.43; #threats <= 75.00; countermeasure = 0.0; threat_range <= 30458.59; #threats <= 53.00; formation = 0.0; flying_speed > 38.83,12,1,1,1,1,1,1,1,1,1,1,1,1,1,1,1,1,1,1,1,1,1,1,1,1
2356,#threats <= 75.00; #threats <= 75.00; threat_range <= 20104.47; day_time <= 18.00; flying_speed > 27.56; 10398.43 < threat_range <= 20104.47; #threats <= 75.00; countermeasure = 1.0,8,0,0,1,1,1,1,0,0,1,1,1,1,0,0,1,1,0,0,1,1,1,1,1,1
2357,countermeasure = 0.0; countermeasure = 0.0; countermeasure = 0.0; flying_speed <= 15.83; flying_speed <= 27.56; countermeasure = 0.0; flying_speed <= 15.83; flying_speed <= 15.83; countermeasure = 0.0; threat_range > 20104.47; flying_speed <= 27.56; countermeasure = 0.0; day_time <= 18.00; flying_speed <= 15.83,12,1,1,1,1,1,1,1,1,1,1,1,1,1,1,1,1,1,1,1,1,1,1,1,1
2358,#threats <= 53.00; #threats <= 75.00; day_time > 12.00; flying_speed <= 15.83; 26.00 < #threats <= 53.00; flying_speed <= 15.83,8,0,0,1,1,1,1,0,0,1,1,1,1,0,0,1,1,0,0,1,1,1,1,1,1
2359,countermeasure = 0.0; flying_speed <= 38.83; countermeasure = 0.0; flying_speed <= 15.83; #threats <= 75.00; countermeasure = 0.0; flying_speed <= 15.83; flying_speed <= 15.83; countermeasure = 0.0; flying_speed <= 27.56; flying_speed <= 15.83; flying_speed <= 15.83; #threats <= 53.00; countermeasure = 0.0; #threats <= 26.00,12,1,0,1,0,1,1,1,0,1,0,1,0,1,0,1,0,1,0,1,0,1,1,1,1
2360,#threats > 53.00; threat_range > 20104.47; day_time <= 18.00; #threats <= 75.00; day_time <= 6.00; countermeasure = 1.0; flying_speed > 38.83; #threats <= 75.00; 10398.43 < threat_range <= 30458.59; weather = 3.0; day_time <= 6.00,9,1,1,1,1,1,1,0,1,1,1,1,1,0,1,1,1,0,1,1,1,1,1,1,1
2361,flying_speed <= 27.56; #threats <= 53.00; flying_speed <= 38.83; #threats <= 53.00; flying_speed <= 15.83; threat_range <= 30458.59; flying_speed <= 15.83,8,0,1,1,1,1,1,0,1,1,1,1,1,0,1,1,1,0,1,1,1,1,1,1,1
2362,countermeasure = 0.0; flying_speed <= 27.56; countermeasure = 0.0; flying_speed <= 27.56; flying_speed <= 27.56; #threats <= 75.00; countermeasure = 0.0; flying_speed <= 27.56; #threats <= 75.00; countermeasure = 0.0; flying_speed <= 27.56; threat_range <= 30458.59; 10398.43 < threat_range <= 20104.47; #threats <= 26.00,12,1,1,1,0,1,1,1,0,1,0,1,1,1,0,1,1,1,1,1,1,1,1,1,1
2363,countermeasure = 1.0; #threats <= 75.00; #threats <= 75.00; threat_range > 30458.59; #threats <= 26.00; flying_speed <= 27.56; #threats <= 53.00; threat_range > 30458.59; #threats <= 26.00,8,0,1,1,0,1,1,0,0,1,0,1,1,0,0,1,1,0,1,1,1,1,1,1,1
2364,countermeasure = 0.0; day_time <= 6.00; countermeasure = 0.0; day_time <= 6.00; #threats > 26.00; day_time <= 12.00; countermeasure = 0.0; day_time <= 6.00; #threats > 26.00; threat_range <= 20104.47; countermeasure = 0.0; day_time <= 12.00; #threats <= 75.00; threat_range <= 30458.59; day_time <= 6.00; countermeasure = 0.0; flying_speed > 38.83,12,1,1,1,1,1,1,1,1,1,1,1,1,1,1,1,1,1,1,1,1,1,1,1,1
2365,countermeasure = 0.0; day_time <= 18.00; countermeasure = 0.0; flying_speed <= 27.56; #threats <= 53.00; #threats <= 75.00; countermeasure = 0.0; flying_speed <= 27.56; threat_range <= 30458.59; countermeasure = 0.0; #threats <= 75.00; countermeasure = 0.0,11,1,1,1,0,1,1,1,0,1,0,1,0,1,0,1,0,1,0,1,0,0,0,1,0
2366,countermeasure = 0.0; flying_speed <= 27.56; countermeasure = 0.0; flying_speed <= 27.56; threat_range <= 30458.59; flying_speed <= 27.56; threat_range > 20104.47; countermeasure = 0.0; flying_speed <= 27.56; threat_range <= 30458.59; #threats > 26.00; #threats <= 75.00; countermeasure = 0.0; flying_speed <= 27.56; flying_speed <= 38.83; flying_speed <= 27.56; countermeasure = 0.0; #threats <= 75.00; countermeasure = 0.0,12,1,0,1,1,1,1,1,0,1,1,1,1,1,0,1,1,1,0,1,1,1,1,1,1
2367,countermeasure = 0.0; day_time <= 6.00; countermeasure = 0.0; flying_speed <= 38.83; threat_range <= 20104.47; day_time <= 6.00; countermeasure = 0.0; countermeasure = 0.0; flying_speed <= 38.83; #threats > 26.00; flying_speed <= 38.83; countermeasure = 0.0; flying_speed <= 38.83; threat_range <= 30458.59; day_time <= 6.00; countermeasure = 0.0; threat_range <= 30458.59; countermeasure = 0.0,12,1,1,1,1,1,1,1,1,1,1,1,1,1,1,1,1,1,1,1,1,1,1,1,1
2368,flying_speed <= 15.83; day_time > 18.00; day_time > 12.00; 10398.43 < threat_range <= 20104.47; #threats > 26.00; flying_speed <= 15.83,8,0,1,1,0,1,1,0,0,1,0,1,1,0,0,1,1,0,1,1,1,1,1,1,1
2369,#threats <= 75.00; threat_range <= 20104.47; threat_range <= 20104.47; weather = 2.0; 10398.43 < threat_range <= 20104.47; flying_speed <= 27.56; flying_speed <= 38.83,8,0,0,1,1,1,1,0,0,1,1,1,1,0,0,1,1,0,0,1,1,1,1,1,1
2370,flying_speed > 15.83; #threats <= 26.00; #threats <= 53.00; #threats <= 53.00; formation = 0.0; 10398.43 < threat_range <= 20104.47; day_time <= 12.00; formation = 0.0,8,0,0,1,1,1,1,0,0,1,1,1,1,0,0,1,1,0,0,1,1,1,1,1,1
2371,10398.43 < threat_range <= 20104.47; #threats > 26.00; flying_speed > 38.83; weather = 2.0; formation = 0.0; #threats <= 75.00; flying_speed > 38.83; formation = 0.0; 26.00 < #threats <= 53.00; 10398.43 < threat_range <= 20104.47; flying_speed > 38.83,9,1,1,1,0,1,1,0,0,1,0,1,0,0,0,1,0,0,0,1,0,1,0,1,1
2372,countermeasure = 0.0; #threats <= 75.00; countermeasure = 0.0; flying_speed <= 38.83; #threats > 26.00; countermeasure = 0.0; threat_range > 20104.47; countermeasure = 0.0; flying_speed <= 38.83; day_time <= 6.00; day_time <= 18.00; countermeasure = 0.0; weather = 3.0; threat_range <= 30458.59; day_time <= 6.00; countermeasure = 0.0; flying_speed <= 38.83; threat_range <= 30458.59; flying_speed <= 38.83,12,1,1,1,1,1,1,1,1,1,1,1,1,1,1,1,1,1,1,1,1,1,1,1,1
2373,countermeasure = 0.0; countermeasure = 0.0; flying_speed <= 38.83; #threats > 26.00; threat_range > 10398.43; countermeasure = 0.0; threat_range > 20104.47; countermeasure = 0.0; flying_speed <= 38.83; #threats > 26.00; formation = 1.0; #threats <= 53.00; countermeasure = 0.0; flying_speed <= 38.83; #threats <= 53.00; flying_speed <= 38.83; countermeasure = 0.0; #threats <= 53.00; threat_range > 20104.47; threat_range > 20104.47,12,1,0,1,1,1,1,1,0,1,1,1,1,1,0,1,1,1,0,1,1,1,1,1,1
2374,threat_range > 30458.59; weather = 3.0; #threats <= 75.00; formation = 0.0; #threats <= 75.00; flying_speed > 38.83; 26.00 < #threats <= 75.00; formation = 0.0; threat_range > 10398.43; threat_range > 30458.59,8,0,0,1,1,1,1,0,0,1,1,1,1,0,0,1,0,0,0,1,0,1,1,1,1
2375,#threats <= 26.00; #threats <= 75.00; #threats <= 26.00; #threats <= 53.00; #threats <= 53.00; 10398.43 < threat_range <= 30458.59; weather = 4.0; #threats <= 26.00,8,0,0,1,1,1,1,0,0,1,1,1,1,0,0,1,1,0,0,1,1,1,1,1,1
2376,#threats <= 53.00; threat_range <= 30458.59; flying_speed <= 15.83; 26.00 < #threats <= 53.00; day_time > 12.00,8,0,0,1,1,1,1,0,0,1,1,1,1,0,0,1,1,0,0,1,1,1,1,1,1
2377,#threats <= 75.00; #threats <= 75.00; threat_range <= 20104.47; #threats <= 53.00; threat_range <= 10398.43; 26.00 < #threats <= 53.00; flying_speed > 15.83; day_time > 18.00,8,0,0,1,1,1,1,0,0,1,1,1,1,0,0,1,1,0,0,1,1,1,1,1,1
2378,#threats <= 75.00; #threats <= 53.00; day_time <= 12.00; #threats <= 75.00; 26.00 < #threats <= 53.00; threat_range <= 30458.59; #threats <= 53.00,8,0,0,1,1,1,1,0,0,1,1,1,1,0,0,1,1,0,0,1,1,1,1,1,1
2379,countermeasure = 0.0; #threats <= 75.00; countermeasure = 0.0; #threats > 26.00; flying_speed <= 38.83; countermeasure = 0.0; flying_speed <= 38.83; 26.00 < #threats <= 53.00; countermeasure = 0.0; countermeasure = 0.0; flying_speed <= 38.83; flying_speed <= 38.83; #threats <= 53.00; countermeasure = 0.0; day_time > 18.00,12,1,1,1,0,1,1,1,0,1,0,1,0,1,0,1,0,1,0,1,0,1,1,1,1
2380,countermeasure = 0.0; #threats <= 26.00; countermeasure = 0.0; flying_speed <= 15.83; flying_speed <= 15.83; countermeasure = 0.0; countermeasure = 0.0; flying_speed <= 15.83; day_time <= 6.00; #threats <= 75.00; countermeasure = 0.0; flying_speed <= 27.56; flying_speed <= 15.83; flying_speed <= 15.83; day_time <= 6.00; day_time <= 6.00,12,1,1,1,1,1,1,1,1,1,1,1,1,1,1,1,1,1,1,1,1,1,1,1,1
2381,#threats <= 75.00; #threats <= 75.00,6,0,0,1,0,1,1,0,0,1,0,1,0,0,0,1,0,0,0,1,0,0,0,0,0
2382,#threats <= 26.00; day_time <= 18.00; #threats <= 53.00; flying_speed <= 38.83; flying_speed <= 15.83; weather = 2.0; threat_range <= 30458.59; flying_speed <= 15.83,8,0,0,1,1,1,1,0,0,1,1,1,1,0,0,1,1,0,0,1,1,1,1,1,1
2383,countermeasure = 0.0; formation = 1.0; countermeasure = 0.0; flying_speed <= 15.83; #threats <= 75.00; weather = 1.0; countermeasure = 0.0; flying_speed <= 15.83; threat_range <= 20104.47; #threats <= 53.00; countermeasure = 0.0; flying_speed <= 15.83; day_time > 12.00; #threats <= 53.00; countermeasure = 0.0; flying_speed <= 15.83,12,1,1,1,1,1,1,1,1,1,1,1,1,1,1,1,1,1,1,1,1,1,1,1,1
2384,countermeasure = 0.0; countermeasure = 0.0; flying_speed <= 15.83; threat_range <= 30458.59; countermeasure = 0.0; flying_speed <= 15.83; threat_range <= 20104.47; countermeasure = 0.0,6,1,1,0,0,1,1,1,0,0,0,1,0,1,0,0,0,1,0,0,0,0,0,0,0
2385,#threats <= 75.00; flying_speed <= 27.56; flying_speed <= 27.56; day_time > 12.00; threat_range > 30458.59,7,0,0,1,0,1,1,0,0,1,0,1,0,0,0,1,0,0,0,1,0,0,0,1,1
2386,#threats <= 53.00; threat_range > 20104.47; #threats <= 53.00; day_time <= 6.00; 26.00 < #threats <= 53.00; threat_range <= 30458.59; flying_speed > 27.56,8,0,0,1,1,1,1,0,0,1,1,1,1,0,0,1,1,0,0,1,1,1,1,1,1
2387,#threats > 53.00; flying_speed <= 27.56; 12.00 < day_time <= 18.00; threat_range <= 20104.47; formation = 1.0; weather = 1.0; #threats <= 75.00; formation = 1.0; flying_speed <= 38.83; day_time > 12.00; 26.00 < #threats <= 75.00; 10398.43 < threat_range <= 20104.47; threat_range <= 20104.47,9,1,1,1,1,1,1,0,1,1,1,1,1,0,1,1,1,0,1,1,1,1,1,1,1
2388,countermeasure = 0.0; #threats <= 75.00; threat_range > 20104.47; countermeasure = 0.0; flying_speed <= 27.56; flying_speed <= 38.83; #threats <= 53.00; day_time <= 6.00; countermeasure = 0.0; day_time <= 6.00,10,1,1,1,1,1,1,0,1,1,1,1,1,0,1,1,1,1,1,1,1,1,1,1,1
2389,flying_speed <= 38.83; #threats <= 53.00; #threats <= 53.00; #threats <= 75.00; 10398.43 < threat_range <= 20104.47; flying_speed > 15.83; weather = 1.0; formation = 0.0,8,0,0,1,1,1,1,0,0,1,1,1,1,0,0,1,1,0,0,1,1,1,1,1,1
2390,day_time <= 6.00; formation = 0.0; threat_range > 10398.43; flying_speed <= 15.83; formation = 0.0; #threats > 26.00; day_time <= 6.00,8,0,1,1,1,1,1,0,1,1,1,1,1,0,1,1,1,0,1,1,1,1,1,1,1
2391,flying_speed <= 38.83; flying_speed <= 38.83,5,0,1,1,0,1,1,0,0,1,0,1,0,0,0,1,0,0,0,0,0,0,0,0,0
2392,countermeasure = 0.0; formation = 1.0; countermeasure = 0.0; flying_speed <= 38.83; formation = 1.0; threat_range > 20104.47; countermeasure = 0.0; flying_speed <= 38.83; day_time <= 12.00; threat_range > 10398.43; threat_range > 10398.43; countermeasure = 0.0; flying_speed <= 38.83; #threats <= 53.00; day_time <= 12.00; countermeasure = 0.0; threat_range > 30458.59,12,1,1,1,1,1,1,1,1,1,1,1,1,1,1,1,1,1,1,1,1,1,1,1,1
2393,countermeasure = 0.0; #threats <= 75.00; #threats > 53.00; #threats <= 75.00; weather = 1.0; countermeasure = 0.0; threat_range > 10398.43; #threats <= 75.00; flying_speed > 38.83; threat_range > 30458.59,9,1,0,1,1,1,1,0,0,1,1,1,1,0,0,1,1,0,0,1,1,1,1,1,1
2394,#threats <= 75.00; day_time > 18.00; threat_range <= 20104.47; 10398.43 < threat_range <= 20104.47; #threats <= 53.00,8,0,0,1,1,1,1,0,0,1,1,1,1,0,0,1,1,0,0,1,1,1,1,1,1
2395,countermeasure = 0.0; flying_speed <= 27.56; countermeasure = 0.0; flying_speed <= 38.83; #threats > 26.00; threat_range > 10398.43; threat_range > 10398.43; countermeasure = 0.0; flying_speed <= 27.56; day_time <= 12.00; threat_range > 20104.47; countermeasure = 0.0; flying_speed <= 27.56; countermeasure = 0.0; flying_speed <= 27.56; weather = 2.0; threat_range <= 30458.59; #threats > 26.00; threat_range > 20104.47,12,1,1,1,1,1,1,1,1,1,1,1,1,1,1,1,1,1,1,1,1,1,1,1,1
2396,countermeasure = 0.0; threat_range > 10398.43; countermeasure = 0.0; 10398.43 < threat_range <= 30458.59; day_time > 18.00; #threats <= 75.00; formation = 0.0; weather = 4.0; flying_speed > 38.83; countermeasure = 0.0; 20104.47 < threat_range <= 30458.59; day_time > 18.00; countermeasure = 0.0; #threats <= 75.00; day_time > 18.00; countermeasure = 0.0; #threats <= 53.00; weather = 4.0; day_time > 18.00,12,1,1,1,1,1,1,1,1,1,1,1,1,1,1,1,1,1,1,1,1,1,1,1,1
2397,countermeasure = 0.0; #threats <= 75.00; countermeasure = 0.0; flying_speed <= 15.83; threat_range <= 30458.59; #threats <= 26.00; countermeasure = 0.0; countermeasure = 0.0; flying_speed <= 15.83; threat_range <= 10398.43; flying_speed <= 38.83; countermeasure = 0.0; flying_speed <= 15.83; weather = 1.0; flying_speed <= 15.83; threat_range <= 30458.59; day_time <= 12.00; flying_speed <= 15.83,12,1,1,1,1,1,1,1,1,1,1,1,1,1,1,1,1,1,1,1,1,1,1,1,1
2398,flying_speed <= 15.83; threat_range > 30458.59; formation = 0.0; day_time <= 6.00; weather = 1.0; day_time <= 6.00; #threats <= 53.00; #threats <= 53.00; #threats <= 53.00; threat_range > 20104.47; flying_speed <= 15.83; #threats <= 53.00; threat_range > 20104.47; flying_speed <= 15.83,9,1,1,1,1,1,1,0,1,1,1,1,1,0,1,1,1,0,1,1,1,1,1,1,1
2399,countermeasure = 0.0; #threats <= 26.00; countermeasure = 0.0; #threats <= 75.00; threat_range <= 20104.47; formation = 1.0; #threats <= 75.00; threat_range <= 10398.43; countermeasure = 0.0; formation = 1.0; #threats <= 75.00; day_time <= 12.00; threat_range <= 30458.59; #threats <= 26.00; countermeasure = 0.0; formation = 1.0; day_time <= 12.00; #threats <= 26.00; threat_range <= 20104.47; weather = 2.0; #threats <= 26.00,12,1,1,1,1,1,1,1,1,1,1,1,1,1,1,1,1,1,1,1,1,1,1,1,1
