,nsga3_adaptation,custom_adaptation,anchors_adaptation,wip_adaptation,nsga3_confidence,custom_confidence,anchors_confidence,wip_confidence,nsga3_score,custom_score,anchors_score,wip_score,score_diff_custom_NSGA,score_diff_anchors_custom,score_diff_anchors_nsga,score_diff_anchors_wip,score_improvement_NSGA_custom[%],score_improvement_anchors_custom[%],score_improvement_anchors_NSGA[%],score_improvement_anchors_WIP[%],nsga3_time,custom_time,anchors_time,wip_time,speed-up_custom_NSGA,speed-up_anchors_NSGA,speed-up_anchors_custom,speed-up_WIP_anchors,iterations_anchors,iterations_wip
0,"[9.03455440e+00 1.87176809e+01 6.07367570e+01 1.00000000e+00
 1.20000000e+01 2.37092926e+04 1.70000000e+01]","[1.00000000e+02 6.65630000e+00 0.00000000e+00 1.00000000e+00
 1.20000000e+01 2.37092926e+04 1.70000000e+01]","[1.00000000e+02 3.90030000e+00 1.00000000e+00 1.00000000e+00
 1.20000000e+01 2.37092926e+04 1.70000000e+01]","[1.00000000e+02 6.65630000e+00 1.00000000e+00 1.00000000e+00
 1.20000000e+01 2.37092926e+04 1.70000000e+01]","[4.71881670e-03 3.47658160e-01 9.60000000e-01 9.24291526e-05
 5.37657842e-01 5.09076156e-01 9.24291526e-05 2.72436973e-05
 2.72436973e-05 2.72436973e-05 2.52857280e-05 5.97202590e-03]","[3.64016245e-01 1.02697989e-01 1.00000000e+00 1.02874835e-03
 1.03135248e-01 1.64292752e-01 1.02874835e-03 7.89130936e-05
 7.89130936e-05 7.89130936e-05 7.58939786e-05 3.22022099e-01]","[[3.06483354e-01 6.06450797e-02 9.70000000e-01 1.59465941e-04
  3.56788526e-02 4.37994124e-02 1.59465941e-04 2.14178872e-05
  2.14178872e-05 2.14178872e-05 7.62372147e-05 3.31449837e-03]]","[2.27626572e-02 6.06450797e-02 1.00000000e+00 1.59465941e-04
 4.37825985e-02 5.94975445e-02 1.59465941e-04 2.14178872e-05
 2.14178872e-05 2.14178872e-05 7.62372147e-05 1.30103440e-02]",228.580116506131,392.3437,394.0997,391.3437,163.76358349386902,1.7559999999999718,165.519583493869,2.755999999999972,0.7164384461650082,0.004475667635290109,0.7241206541664765,0.00704240288012806,21.69399333000183,21.27530336380005,21.67333197593689,20.155125379562378,1.0196796237892516,1.000953307691124,0.9816350982590606,0.9299504756324445,228,204
1,"[9.13008527e+00 5.07911030e+00 1.41113048e-02 3.00000000e+00
 1.40000000e+01 1.26220312e+04 7.80000000e+01]","[0.00000000e+00 0.00000000e+00 0.00000000e+00 3.00000000e+00
 1.40000000e+01 1.26220312e+04 7.80000000e+01]","[9.50000000e+01 3.91900000e+00 0.00000000e+00 3.00000000e+00
 1.40000000e+01 1.26220312e+04 7.80000000e+01]","[0.00000000e+00 1.24170000e+01 0.00000000e+00 3.00000000e+00
 1.40000000e+01 1.26220312e+04 7.80000000e+01]","[2.75292493e-01 7.15786674e-01 9.80000000e-01 2.57613865e-04
 5.95761953e-01 7.14458946e-01 2.57613865e-04 4.43516212e-04
 4.43516212e-04 4.43516212e-04 5.60584012e-03 1.63496850e-01]","[1.10434455e-01 7.12146692e-01 9.80000000e-01 3.09082418e-04
 5.95761953e-01 7.14458946e-01 3.09082418e-04 5.32720063e-04
 5.32720063e-04 5.32720063e-04 6.65966654e-03 5.98674673e-02]","[[2.49756558e-01 7.15786674e-01 9.80000000e-01 2.57613865e-04
  5.95761953e-01 7.14458946e-01 2.57613865e-04 4.43516212e-04
  4.43516212e-04 4.43516212e-04 5.60584012e-03 8.82773273e-02]]","[8.41286795e-02 6.37795380e-02 1.00000000e+00 3.38878774e-04
 5.93852364e-02 7.72685387e-02 3.38878774e-04 5.75525686e-04
 5.75525686e-04 5.75525686e-04 2.74845050e-03 3.75466942e-02]",301.0368636667301,297.0,388.081,284.58299999999997,-4.036863666730085,91.08100000000002,87.04413633326993,103.49800000000005,-0.013409864883522004,0.3066700336700337,0.2891477650711714,0.36368300284978394,13.321882009506226,1.2448139190673828,7.438744068145752,1.612441062927246,10.701906369658051,1.7908778535012775,0.1673419474663653,0.2167625405788665,174,6
2,"[8.19074220e+01 6.98932685e+00 8.67109254e-02 3.00000000e+00
 9.00000000e+00 3.53057362e+04 3.00000000e+01]","[0.00000000e+00 0.00000000e+00 0.00000000e+00 3.00000000e+00
 9.00000000e+00 3.53057362e+04 3.00000000e+01]","[9.50000000e+01 3.02340000e+01 0.00000000e+00 3.00000000e+00
 9.00000000e+00 3.53057362e+04 3.00000000e+01]","[0.00000000e+00 3.31170000e+01 0.00000000e+00 3.00000000e+00
 9.00000000e+00 3.53057362e+04 3.00000000e+01]","[2.95284356e-01 3.01760936e-02 9.90000000e-01 2.57782667e-04
 2.10534132e-01 1.35225099e-01 2.57782667e-04 1.13453025e-04
 1.13453025e-04 1.13453025e-04 4.26194565e-05 9.20855908e-01]","[4.66199140e-01 9.88060493e-02 9.80000000e-01 1.98485825e-04
 5.75828615e-02 6.26446048e-02 1.98485825e-04 1.13453025e-04
 1.13453025e-04 1.13453025e-04 4.72366701e-05 9.97083828e-03]","[5.02633211e-02 4.81194804e-02 9.90000000e-01 1.47641776e-05
 5.06740676e-02 5.68828770e-02 1.47641776e-05 1.02639991e-04
 1.02639991e-04 1.02639991e-04 2.81260182e-05 1.90140117e-02]","[3.02794637e-02 4.44629292e-02 9.90000000e-01 2.09032478e-05
 4.98520226e-02 5.47783170e-02 2.09032478e-05 1.02639991e-04
 1.02639991e-04 1.02639991e-04 3.75626187e-05 1.41120335e-02]",371.831384213049,297.0,361.766,263.88300000000004,-74.83138421304898,64.76600000000002,-10.065384213048958,97.88299999999998,-0.2012508556033363,0.21806734006734013,-0.02706975430369206,0.3709333303016866,15.818069458007812,0.7640743255615234,7.855793237686157,1.409419298171997,20.70226538024688,2.013554707896928,0.09726253001365572,0.17941145540983294,162,7
3,"[1.85766054e+00 6.98454814e+00 4.24597828e-01 4.00000000e+00
 1.60000000e+01 1.94827134e+04 6.40000000e+01]","[1.00000000e+02 6.83481414e+00 0.00000000e+00 4.00000000e+00
 1.60000000e+01 1.94827134e+04 6.40000000e+01]","[9.60000000e+01 1.87188000e+01 0.00000000e+00 4.00000000e+00
 1.60000000e+01 1.94827134e+04 6.40000000e+01]","[1.00000000e+02 1.96603000e+01 0.00000000e+00 4.00000000e+00
 1.60000000e+01 1.94827134e+04 6.40000000e+01]","[2.60630941e-01 1.12431238e-01 1.00000000e+00 2.38709166e-04
 5.09340765e-01 3.75845872e-01 2.38709166e-04 2.53643200e-04
 2.53643200e-04 2.53643200e-04 2.71617231e-04 8.50667488e-01]","[2.38286699e-01 1.12431238e-01 1.00000000e+00 2.38709166e-04
 1.32572122e-01 1.56316988e-01 2.38709166e-04 2.53643200e-04
 2.53643200e-04 2.53643200e-04 2.71617231e-04 1.79102655e-01]","[[7.57973897e-02 3.28783226e-01 1.00000000e+00 8.53115926e-05
  4.71014261e-01 4.82992674e-01 8.53115926e-05 3.20267747e-04
  3.20267747e-04 3.20267747e-04 7.27118459e-05 7.43125525e-03]]","[5.15752655e-02 1.05375745e-01 1.00000000e+00 8.53115926e-05
 1.04152832e-01 9.94700841e-02 8.53115926e-05 1.86942911e-04
 1.86942911e-04 1.86942911e-04 4.18617274e-05 2.00580132e-01]",290.4485145680324,389.16518585858586,373.2812,376.3397,98.71667129055345,-15.883985858585845,82.8326854319676,-3.058499999999981,0.33987666088555885,-0.04081553652735458,0.28518887609103444,-0.008126966142556794,11.910641193389893,8.854676246643066,8.3401517868042,12.161940813064575,1.3451244135442428,1.4281084442893386,1.0616924575225295,1.4582397447858462,162,104
4,"[8.70052691e+01 5.07173123e+00 3.53402676e-03 2.00000000e+00
 5.00000000e+00 8.08056340e+03 8.20000000e+01]","[1.0000000e+02 0.0000000e+00 0.0000000e+00 2.0000000e+00 5.0000000e+00
 8.0805634e+03 8.2000000e+01]","[9.6000000e+01 3.0795300e+01 1.0000000e+00 2.0000000e+00 5.0000000e+00
 8.0805634e+03 8.2000000e+01]","[1.0000000e+02 2.5795300e+01 1.0000000e+00 2.0000000e+00 5.0000000e+00
 8.0805634e+03 8.2000000e+01]","[0.73143121 0.77812415 0.96       0.02145333 0.66391862 0.70879577
 0.02145333 0.01337424 0.01337424 0.01337424 0.02179416 0.33381931]","[0.67846273 0.77812415 0.96       0.02145333 0.66391862 0.70879577
 0.02145333 0.01337424 0.01337424 0.01337424 0.02179416 0.19886918]","[[5.36626171e-03 2.29447546e-01 1.00000000e+00 6.00603351e-04
  2.23736416e-01 6.34291668e-02 6.00603351e-04 2.34034276e-04
  2.34034276e-04 2.34034276e-04 4.73115972e-04 2.43942849e-03]]","[5.36626171e-03 7.26263658e-02 1.00000000e+00 2.83721020e-04
 6.64524820e-02 5.22409253e-02 2.83721020e-04 3.84417392e-04
 3.84417392e-04 3.84417392e-04 7.75039429e-04 2.43942849e-03]",379.9300038618746,398.0,362.2047,371.2047,18.06999613812542,-35.7953,-17.72530386187458,-9.0,0.047561382240016124,-0.08993793969849245,-0.046654130186355856,-0.02424538266891556,9.436861991882324,9.68980622291565,15.59403109550476,30.047263860702515,0.9738958421650238,0.605158597804942,0.6213791779412892,1.926843910768149,150,302
5,"[5.25558517e+01 6.98039864e+00 7.08347003e-02 4.00000000e+00
 1.00000000e+01 3.43112402e+04 3.30000000e+01]","[1.00000000e+02 0.00000000e+00 0.00000000e+00 4.00000000e+00
 1.00000000e+01 3.43112402e+04 3.30000000e+01]","[1.00000000e+02 2.52555000e+01 0.00000000e+00 4.00000000e+00
 1.00000000e+01 3.43112402e+04 3.30000000e+01]","[0.00000000e+00 1.55480000e+01 0.00000000e+00 4.00000000e+00
 1.00000000e+01 3.43112402e+04 3.30000000e+01]","[3.12113567e-01 3.17282018e-02 1.00000000e+00 9.88259329e-04
 2.22990740e-01 1.39688489e-01 9.88259329e-04 1.93548753e-04
 1.93548753e-04 1.93548753e-04 9.39959937e-05 9.41316266e-01]","[6.89917212e-01 1.07261082e-01 9.30000000e-01 9.88259329e-04
 6.16970805e-02 6.48920920e-02 9.88259329e-04 1.93548753e-04
 1.93548753e-04 1.93548753e-04 9.39959937e-05 2.67036834e-02]","[5.42020501e-02 5.03722438e-02 1.00000000e+00 3.89171415e-04
 2.74957189e-01 3.57295220e-01 3.89171415e-04 3.53216601e-04
 3.53216601e-04 3.53216601e-04 1.09059845e-04 2.60257396e-02]","[4.62672308e-02 2.53911860e-02 1.00000000e+00 4.06515930e-04
 2.26462482e-02 3.76864752e-02 4.06515930e-04 2.99732055e-04
 2.99732055e-04 2.99732055e-04 5.69892654e-05 1.78847614e-02]",341.50461831191666,396.0,370.7445,280.452,54.49538168808334,-25.255499999999984,29.239881688083358,90.29250000000002,0.15957436229547398,-0.06377651515151511,0.0856207504092282,0.3219534893671645,12.635052680969238,13.178032636642456,5.886195182800293,1.4388220310211182,0.9587965843882171,2.146556865441599,2.238803204343141,0.24444008163803604,156,5
6,"[6.67884610e-01 6.99821065e+00 7.29259163e-02 1.00000000e+00
 1.20000000e+01 2.35984420e+03 5.60000000e+01]","[0.0000000e+00 0.0000000e+00 0.0000000e+00 1.0000000e+00 1.2000000e+01
 2.3598442e+03 5.6000000e+01]","[0.0000000e+00 6.7886000e+00 0.0000000e+00 1.0000000e+00 1.2000000e+01
 2.3598442e+03 5.6000000e+01]","[0.0000000e+00 1.8788600e+01 0.0000000e+00 1.0000000e+00 1.2000000e+01
 2.3598442e+03 5.6000000e+01]","[3.47690856e-01 4.49081532e-02 9.80000000e-01 1.19615335e-03
 3.54710551e-01 2.66901418e-01 1.19615335e-03 1.57124334e-04
 1.57124334e-04 1.57124334e-04 1.27591178e-04 9.28770095e-01]","[4.44480047e-01 4.73811707e-02 9.50000000e-01 9.78555996e-04
 6.13822728e-02 7.50252555e-02 9.78555996e-04 1.45782062e-04
 1.45782062e-04 1.45782062e-04 8.85436530e-05 8.64224515e-01]","[[8.69892145e-02 4.73811707e-02 9.70000000e-01 9.78555996e-04
  7.48707728e-02 1.00735988e-01 9.78555996e-04 1.45782062e-04
  1.45782062e-04 1.45782062e-04 8.85436530e-05 1.35622794e-01]]","[9.45255350e-03 4.02359049e-02 9.90000000e-01 9.13685595e-04
 4.32492904e-02 8.73581025e-02 9.13685595e-04 1.92912194e-04
 1.92912194e-04 1.92912194e-04 4.08872074e-05 8.30615057e-03]",292.59674804688177,299.0,292.2114,280.2114,6.403251953118229,-6.788599999999974,-0.3853480468817452,12.0,0.021884221187900073,-0.02270434782608687,-0.0013169936079399016,0.0428248101254981,15.654433012008667,0.6712400913238525,1.1662797927856445,1.4984724521636963,23.32165973747818,13.422536434947785,0.5755395021640597,1.2848310169077128,48,11
7,"[1.66247362e+01 5.08253557e+00 4.31732834e-02 4.00000000e+00
 3.00000000e+00 8.55715960e+03 7.70000000e+01]","[1.0000000e+02 0.0000000e+00 0.0000000e+00 4.0000000e+00 3.0000000e+00
 8.5571596e+03 7.7000000e+01]","[9.5000000e+01 4.7185400e+01 0.0000000e+00 4.0000000e+00 3.0000000e+00
 8.5571596e+03 7.7000000e+01]","[0.0000000e+00 4.7185400e+01 0.0000000e+00 4.0000000e+00 3.0000000e+00
 8.5571596e+03 7.7000000e+01]","[6.84894765e-01 4.20785094e-01 9.90000000e-01 9.11717652e-04
 2.84560987e-01 6.10276213e-01 9.11717652e-04 1.21135486e-03
 1.21135486e-03 1.21135486e-03 1.33534300e-03 3.32074966e-01]","[6.27423302e-01 4.20785094e-01 9.90000000e-01 9.11717652e-04
 2.84560987e-01 6.10276213e-01 9.11717652e-04 1.21135486e-03
 1.21135486e-03 1.21135486e-03 1.33534300e-03 1.97620813e-01]","[[6.40641862e-02 4.61425598e-02 9.70000000e-01 1.15119292e-04
  4.20144049e-02 4.89269794e-02 1.15119292e-04 1.74714005e-04
  1.74714005e-04 1.74714005e-04 3.37969919e-04 3.80962697e-03]]","[3.88175994e-02 4.53643732e-02 9.80000000e-01 1.73135399e-04
 4.20144049e-02 4.89269794e-02 1.73135399e-04 1.62102064e-04
 1.62102064e-04 1.62102064e-04 5.69376629e-04 4.59802044e-03]",307.4990273310069,396.0,343.8146,248.81459999999998,88.50097266899309,-52.185400000000016,36.31557266899307,95.0,0.28780895158320724,-0.13178131313131317,0.11809979688131247,0.38181039215544427,10.64331603050232,9.549917221069336,9.492214441299438,1.5069711208343506,1.114493014349977,1.1212679713802696,1.0060789587220913,0.15875864690516342,150,5
8,"[8.85283362e+01 6.97712120e+00 3.13328424e-01 3.00000000e+00
 6.00000000e+00 6.71802720e+03 2.50000000e+01]","[0.0000000e+00 0.0000000e+00 0.0000000e+00 3.0000000e+00 6.0000000e+00
 6.7180272e+03 2.5000000e+01]","[6.5000000e+01 3.7995000e+00 0.0000000e+00 3.0000000e+00 6.0000000e+00
 6.7180272e+03 2.5000000e+01]","[0.0000000e+00 1.2507000e+01 0.0000000e+00 3.0000000e+00 6.0000000e+00
 6.7180272e+03 2.5000000e+01]","[4.43070948e-01 5.05768687e-02 9.60000000e-01 8.85997782e-04
 3.22024016e-01 2.56172731e-01 8.85997782e-04 5.78364823e-04
 5.78364823e-04 5.78364823e-04 1.59704388e-04 9.67741015e-01]","[7.29402269e-01 4.97277969e-02 1.00000000e+00 7.24781246e-04
 5.34854805e-02 7.12597319e-02 7.24781246e-04 5.36630454e-04
 5.36630454e-04 5.36630454e-04 1.63820776e-04 2.97899068e-01]","[[8.78466946e-01 5.05768687e-02 9.80000000e-01 8.85997782e-04
  5.34854805e-02 7.12597319e-02 8.85997782e-04 5.78364823e-04
  5.78364823e-04 5.78364823e-04 1.59704388e-04 3.03573189e-01]]","[6.29140865e-02 3.74588534e-02 9.80000000e-01 1.11581758e-03
 3.26039178e-02 4.34124042e-02 1.11581758e-03 5.35945524e-04
 5.35945524e-04 5.35945524e-04 2.13461739e-04 2.55201838e-02]",378.2378865554871,297.0,358.20050000000003,284.493,-81.23788655548708,61.200500000000034,-20.037386555487046,73.70750000000004,-0.21477987648275834,0.20606228956228967,-0.05297562002041164,0.25908370328971203,8.40508222579956,0.6303002834320068,7.604981422424316,0.8840932846069336,13.335044337967924,1.1052074632314075,0.08287992414728078,0.11625186644112831,162,6
9,"[5.27332999e+01 5.07337712e+00 3.80095100e-01 3.00000000e+00
 2.30000000e+01 3.67674305e+04 8.80000000e+01]","[1.00000000e+02 0.00000000e+00 0.00000000e+00 3.00000000e+00
 2.30000000e+01 3.67674305e+04 8.80000000e+01]","[9.50000000e+01 2.29150000e+01 0.00000000e+00 3.00000000e+00
 2.30000000e+01 3.67674305e+04 8.80000000e+01]","[0.00000000e+00 1.24170000e+01 0.00000000e+00 3.00000000e+00
 2.30000000e+01 3.67674305e+04 8.80000000e+01]","[0.35142225 0.44828346 0.75       0.00389332 0.79609401 0.77524243
 0.00389332 0.0011586  0.0011586  0.0011586  0.00123735 0.03250464]","[0.32196185 0.44828346 0.75       0.00389332 0.82874816 0.84309867
 0.00389332 0.0011586  0.0011586  0.0011586  0.00123735 0.0163709 ]","[7.06476894e-02 3.37557063e-01 1.00000000e+00 8.55296967e-04
 7.06224772e-02 2.01679984e-01 8.55296967e-04 1.25356903e-03
 1.25356903e-03 1.25356903e-03 4.66043944e-04 2.91886165e-02]","[9.96554364e-02 3.87863749e-02 1.00000000e+00 2.98422039e-03
 4.12997701e-02 6.34511831e-02 2.98422039e-03 1.82608911e-03
 1.82608911e-03 1.82608911e-03 5.76766499e-04 1.61008107e-02]",344.27982769279123,397.0,369.085,284.58299999999997,52.72017230720877,-27.91500000000002,24.80517230720875,84.50200000000001,0.15313174942753888,-0.07031486146095724,0.07204945022031024,0.29693270504562824,13.551291465759277,5.962963581085205,5.02839469909668,0.9515299797058105,2.2725765940856317,2.694953812634017,1.1858582983066972,0.18923136242203642,174,6
10,"[9.29185629e+01 5.07238726e+00 1.51590643e-02 3.00000000e+00
 2.30000000e+01 1.99557145e+04 9.40000000e+01]","[1.00000000e+02 4.77086323e+01 0.00000000e+00 3.00000000e+00
 2.30000000e+01 1.99557145e+04 9.40000000e+01]","[9.60000000e+01 3.15870000e+00 0.00000000e+00 3.00000000e+00
 2.30000000e+01 1.99557145e+04 9.40000000e+01]","[1.00000000e+02 1.86907000e+01 0.00000000e+00 3.00000000e+00
 2.30000000e+01 1.99557145e+04 9.40000000e+01]","[0.44990405 0.31707501 0.82       0.00182335 0.85743465 0.83198803
 0.00182335 0.00186279 0.00186279 0.00186279 0.00311774 0.06746074]","[0.15509448 0.47446831 1.         0.01151335 0.50192939 0.09158281
 0.01151335 0.01723077 0.01723077 0.01723077 0.02220462 0.33937071]","[[0.41750223 0.31707501 0.82       0.00182335 0.85743465 0.83198803
  0.00182335 0.00186279 0.00186279 0.00186279 0.00311774 0.03459691]]","[2.20195995e-01 3.09093430e-01 1.00000000e+00 9.69576940e-04
 5.29900210e-01 5.16711295e-01 9.69576940e-04 4.66557872e-03
 4.66557872e-03 4.66557872e-03 2.73320545e-03 2.31244196e-02]",384.8310165662156,349.29136767676766,389.8413,378.3093,-35.53964888944796,40.549932323232326,5.010283433784366,11.531999999999982,-0.09235131098985329,0.11609199675600633,0.013019437670306068,0.03048299367739567,12.00976037979126,6.180798292160034,7.774982929229736,6.7300825119018555,1.9430759283998813,1.5446671059097825,0.7949597251105943,0.8656073682940679,162,103
11,"[1.51326559e+00 6.97162993e+00 5.31043940e-02 4.00000000e+00
 2.20000000e+01 1.08554399e+04 6.20000000e+01]","[1.00000000e+02 0.00000000e+00 0.00000000e+00 4.00000000e+00
 2.20000000e+01 1.08554399e+04 6.20000000e+01]","[9.50000000e+01 2.66990000e+00 0.00000000e+00 4.00000000e+00
 2.20000000e+01 1.08554399e+04 6.20000000e+01]","[0.00000000e+00 8.79340000e+00 0.00000000e+00 4.00000000e+00
 2.20000000e+01 1.08554399e+04 6.20000000e+01]","[9.64039018e-02 1.46675434e-01 1.00000000e+00 1.55358182e-04
 6.92026937e-01 4.67805084e-01 1.55358182e-04 6.66741616e-05
 6.66741616e-05 6.66741616e-05 1.52625944e-04 9.07033204e-01]","[4.67580447e-01 1.53815153e-01 8.70000000e-01 1.55358182e-04
 2.10938476e-01 1.63762027e-01 1.55358182e-04 6.66741616e-05
 6.66741616e-05 6.66741616e-05 1.52625944e-04 1.56881818e-01]","[[4.67580447e-01 1.53815153e-01 8.70000000e-01 1.55358182e-04
  2.10938476e-01 1.63762027e-01 1.55358182e-04 6.66741616e-05
  6.66741616e-05 6.66741616e-05 1.52625944e-04 1.56881818e-01]]","[2.06362645e-02 1.21685096e-01 1.00000000e+00 1.86401274e-04
 1.83825785e-01 1.59731440e-01 1.86401274e-04 6.18607810e-05
 6.18607810e-05 6.18607810e-05 8.40461944e-05 1.08207816e-02]",290.48853126694326,396.0,388.3301,287.2066,105.51146873305674,-7.669899999999984,97.84156873305676,101.12350000000004,0.36322077251338164,-0.019368434343434302,0.3368173204853504,0.3520932318407726,9.333055973052979,7.445863962173462,4.014140844345093,1.0846145153045654,1.2534550752561213,2.3250444702758473,1.8549084974591257,0.27019842037493835,126,6
12,"[9.02220664e-04 1.83159206e+00 2.54971169e+00 3.00000000e+00
 1.30000000e+01 3.29123380e+04 9.70000000e+01]","[1.0000000e+02 0.0000000e+00 0.0000000e+00 3.0000000e+00 1.3000000e+01
 3.2912338e+04 9.7000000e+01]","[1.0000000e+00 1.7253700e+01 0.0000000e+00 3.0000000e+00 1.3000000e+01
 3.2912338e+04 9.7000000e+01]","[1.0000000e+02 1.5875700e+01 0.0000000e+00 3.0000000e+00 1.3000000e+01
 3.2912338e+04 9.7000000e+01]","[8.78225293e-01 6.35242535e-01 9.50000000e-01 1.15533010e-03
 6.60668272e-01 6.89196623e-01 1.15533010e-03 7.88874167e-04
 7.88874167e-04 7.88874167e-04 8.29644559e-04 1.32081429e-03]","[0.35194452 0.8107094  0.92       0.00767926 0.80913333 0.84550137
 0.00767926 0.00214217 0.00214217 0.00214217 0.00188917 0.01558793]","[4.88588869e-01 5.62916096e-02 1.00000000e+00 6.34142722e-04
 6.52598361e-02 6.83034278e-02 6.34142722e-04 2.04852177e-03
 2.04852177e-03 2.04852177e-03 1.27889321e-03 5.33020532e-02]","[4.88588869e-01 4.34692524e-02 1.00000000e+00 6.34142722e-04
 4.11295164e-02 6.83034278e-02 6.34142722e-04 2.04852177e-03
 2.04852177e-03 2.04852177e-03 1.27889321e-03 5.33020532e-02]",292.6195984634572,397.0,280.7463,381.1243,104.38040153654282,-116.25369999999998,-11.87329846345716,-100.37799999999999,0.3567102206572743,-0.29283047858942063,-0.04057588256495376,-0.26337339287996064,10.16575288772583,6.053910970687866,1.1380248069763184,11.558826446533203,1.6792042263169857,8.932804298647747,5.319665207275086,10.156919581783542,42,203
13,"[4.59942587e+00 7.64739204e+00 1.58496987e-02 2.00000000e+00
 2.20000000e+01 2.71186381e+04 7.90000000e+01]","[1.00000000e+02 0.00000000e+00 0.00000000e+00 2.00000000e+00
 2.20000000e+01 2.71186381e+04 7.90000000e+01]","[9.50000000e+01 7.03790000e+00 0.00000000e+00 2.00000000e+00
 2.20000000e+01 2.71186381e+04 7.90000000e+01]","[0.00000000e+00 1.41614000e+01 0.00000000e+00 2.00000000e+00
 2.20000000e+01 2.71186381e+04 7.90000000e+01]","[6.55046109e-02 4.59613460e-01 9.80000000e-01 2.05400371e-04
 5.87205747e-01 5.87104160e-01 2.05400371e-04 4.03101527e-04
 4.03101527e-04 4.03101527e-04 6.60432037e-04 6.34967966e-01]","[3.34946935e-01 2.95457548e-01 6.40000000e-01 2.05400371e-04
 6.15144295e-01 6.77084861e-01 2.05400371e-04 4.03101527e-04
 4.03101527e-04 4.03101527e-04 9.83138802e-04 2.54662381e-02]","[[1.08898191e-01 1.83929088e-01 9.80000000e-01 2.05400371e-04
  1.19433091e-01 1.00918428e-01 2.05400371e-04 4.03101527e-04
  4.03101527e-04 4.03101527e-04 6.60432037e-04 3.14964178e-02]]","[8.30127891e-02 9.77327975e-02 9.90000000e-01 2.32487466e-04
 8.24891316e-02 9.07894828e-02 2.32487466e-04 4.73447755e-04
 4.73447755e-04 4.73447755e-04 2.87680945e-04 2.53708290e-02]",294.936184138931,398.0,385.9621,283.8386,103.06381586106897,-12.03789999999998,91.025915861069,102.12350000000004,0.34944446088215575,-0.030245979899497434,0.3086291908428259,0.35979426335952913,8.993159055709839,6.026914834976196,4.557004451751709,0.8917217254638672,1.4921662744460131,1.9734804191935507,1.32256066431084,0.1956815568001234,186,5
14,"[5.43254335e+01 6.97193625e+00 2.60604795e-01 1.00000000e+00
 9.00000000e+00 3.94390612e+04 3.40000000e+01]","[0.00000000e+00 0.00000000e+00 0.00000000e+00 1.00000000e+00
 9.00000000e+00 3.94390612e+04 3.40000000e+01]","[6.50000000e+01 8.67800000e-01 0.00000000e+00 1.00000000e+00
 9.00000000e+00 3.94390612e+04 3.40000000e+01]","[1.00000000e+02 1.25168000e+01 0.00000000e+00 1.00000000e+00
 9.00000000e+00 3.94390612e+04 3.40000000e+01]","[6.43142732e-01 3.45607909e-02 9.90000000e-01 3.79386009e-04
 2.24670842e-01 2.36873328e-01 3.79386009e-04 5.89934207e-05
 5.89934207e-05 5.89934207e-05 5.82845969e-05 9.32274951e-01]","[8.31049865e-01 1.17187197e-01 8.80000000e-01 2.92125507e-04
 6.22593052e-02 1.20198889e-01 2.92125507e-04 5.89934207e-05
 5.89934207e-05 5.89934207e-05 4.71644707e-05 9.76927692e-03]","[9.26798912e-01 1.21365240e-01 8.30000000e-01 3.79386009e-04
 6.22593052e-02 1.20198889e-01 3.79386009e-04 5.89934207e-05
 5.89934207e-05 5.89934207e-05 5.82845969e-05 1.91222358e-02]","[2.74243812e-01 3.05327515e-02 1.00000000e+00 4.82980482e-04
 2.21468884e-02 6.58250219e-02 4.82980482e-04 7.11882385e-05
 7.11882385e-05 7.11882385e-05 1.18237622e-04 5.29889487e-02]",346.09289243801896,299.0,363.1322,386.4832,-47.092892438018964,64.13220000000001,17.039307561981047,-23.351,-0.13607009409028165,0.21448896321070238,0.04923333571501351,-0.060419185103000594,11.333744764328003,0.9581432342529297,5.77128005027771,8.994126319885254,11.828862699390655,1.9638181938134558,0.16601918914103372,1.558428328123232,162,104
15,"[1.90749882e+00 2.47192232e+00 1.77789974e-01 4.00000000e+00
 2.00000000e+00 1.63085723e+04 9.80000000e+01]","[1.00000000e+02 0.00000000e+00 0.00000000e+00 4.00000000e+00
 2.00000000e+00 1.63085723e+04 9.80000000e+01]","[1.00000000e+00 6.70630000e+00 0.00000000e+00 4.00000000e+00
 2.00000000e+00 1.63085723e+04 9.80000000e+01]","[1.00000000e+02 4.17063000e+01 0.00000000e+00 4.00000000e+00
 2.00000000e+00 1.63085723e+04 9.80000000e+01]","[0.41948236 0.76249468 0.99       0.02919292 0.83404605 0.89056421
 0.02919292 0.05768877 0.05768877 0.05768877 0.01582573 0.1002286 ]","[0.41948236 0.76249468 0.99       0.02919292 0.83404605 0.89056421
 0.02919292 0.05768877 0.05768877 0.05768877 0.01582573 0.1002286 ]","[[0.56053183 0.13924794 1.         0.02919292 0.18863793 0.29512709
  0.02919292 0.05768877 0.05768877 0.05768877 0.01582573 0.21563211]]","[2.97773470e-01 6.13789055e-02 1.00000000e+00 1.15796819e-03
 5.65822277e-02 8.04227894e-02 1.15796819e-03 1.30897341e-03
 1.30897341e-03 1.30897341e-03 2.89859745e-04 2.67400208e-02]",295.2577865230823,396.0,290.2937,354.2937,100.7422134769177,-105.7063,-4.964086523082301,-64.0,0.3412008694613783,-0.266935101010101,-0.016812720103130032,-0.1806410895818921,11.75616979598999,9.082366704940796,1.1558659076690674,11.5518159866333,1.2943949719179086,10.170876844786969,7.857630063037677,9.99407968518496,54,103
16,"[8.39276240e+01 6.97055746e+00 2.49062186e-03 3.00000000e+00
 1.00000000e+00 4.45925220e+03 5.00000000e+00]","[1.0000000e+02 0.0000000e+00 0.0000000e+00 3.0000000e+00 1.0000000e+00
 4.4592522e+03 5.0000000e+00]","[1.0000000e+02 4.0680000e+00 0.0000000e+00 3.0000000e+00 1.0000000e+00
 4.4592522e+03 5.0000000e+00]","[0.0000000e+00 1.1834000e+01 0.0000000e+00 3.0000000e+00 1.0000000e+00
 4.4592522e+03 5.0000000e+00]","[7.49884237e-01 7.10527387e-02 9.80000000e-01 4.58031427e-04
 3.23916088e-01 1.91112898e-01 4.58031427e-04 1.13130582e-03
 1.13130582e-03 1.13130582e-03 3.84302519e-04 9.28207408e-01]","[9.21593549e-01 7.10527387e-02 9.90000000e-01 4.58031427e-04
 5.39252349e-02 5.00048996e-02 4.58031427e-04 1.13130582e-03
 1.13130582e-03 1.13130582e-03 3.84302519e-04 1.96860480e-01]","[[9.21593549e-01 7.10527387e-02 9.90000000e-01 4.58031427e-04
  5.39252349e-02 5.00048996e-02 4.58031427e-04 1.13130582e-03
  1.13130582e-03 1.13130582e-03 3.84302519e-04 1.96860480e-01]]","[8.99541040e-02 2.61183315e-02 9.90000000e-01 3.74658615e-04
 2.14260094e-02 4.44130159e-02 3.74658615e-04 1.04971358e-03
 1.04971358e-03 1.04971358e-03 2.53928243e-04 1.18869410e-02]",373.95457587705494,397.0,392.932,285.166,23.045424122945064,-4.067999999999984,18.97742412294508,107.76600000000002,0.06162626588776309,-0.010246851385390388,0.05074793931438424,0.3779062020016412,10.330833196640015,6.266695976257324,29.836160898208618,1.1216366291046143,1.6485295019545414,0.34625209429207376,0.21003694133562542,0.0375931954828665,1002,5
17,"[6.83553424e+01 5.07848835e+00 3.60406073e-02 1.00000000e+00
 3.00000000e+00 4.09872010e+03 1.30000000e+01]","[1.0000000e+02 0.0000000e+00 0.0000000e+00 1.0000000e+00 3.0000000e+00
 4.0987201e+03 1.3000000e+01]","[1.0000000e+02 3.4709700e+01 3.1000000e+01 1.0000000e+00 3.0000000e+00
 4.0987201e+03 1.3000000e+01]","[1.0000000e+02 2.6441700e+01 1.0000000e+00 1.0000000e+00 3.0000000e+00
 4.0987201e+03 1.3000000e+01]","[8.65679705e-01 5.56442688e-02 9.50000000e-01 6.44167943e-04
 4.24662063e-02 6.06258212e-02 6.44167943e-04 1.18336198e-03
 1.18336198e-03 1.18336198e-03 2.33197425e-04 5.24336519e-01]","[8.34619042e-01 5.56442688e-02 9.50000000e-01 6.44167943e-04
 4.24662063e-02 6.06258212e-02 6.44167943e-04 1.18336198e-03
 1.18336198e-03 1.18336198e-03 2.33197425e-04 3.53202221e-01]","[[5.85808070e-03 1.85187371e-01 1.00000000e+00 1.08940629e-04
  2.19323643e-02 4.11450755e-02 1.08940629e-04 8.36915788e-05
  8.36915788e-05 8.36915788e-05 1.44146281e-04 1.35604301e-03]]","[5.49059682e-03 3.00387264e-02 1.00000000e+00 2.47210468e-04
 3.19040499e-02 4.48546190e-02 2.47210468e-04 1.79391413e-04
 1.79391413e-04 1.79391413e-04 1.58813447e-04 1.35604301e-03]",362.24081343320665,399.0,333.2903,371.5583,36.759186566793346,-65.7097,-28.950513433206652,-38.26799999999997,0.10147720854091817,-0.16468596491228069,-0.07992062837652836,-0.10299325839309732,8.662041187286377,4.32770299911499,5.7005016803741455,12.278688192367554,2.001533189559855,1.5195226092307466,0.7591793217103212,2.153966243820431,162,202
18,"[8.25608016e+01 5.07314397e+00 1.22250685e-03 3.00000000e+00
 1.20000000e+01 2.42668422e+04 8.60000000e+01]","[0.00000000e+00 2.72717232e+01 0.00000000e+00 3.00000000e+00
 1.20000000e+01 2.42668422e+04 8.60000000e+01]","[0.00000000e+00 7.90530000e+00 0.00000000e+00 3.00000000e+00
 1.20000000e+01 2.42668422e+04 8.60000000e+01]","[0.00000000e+00 2.03073000e+01 0.00000000e+00 3.00000000e+00
 1.20000000e+01 2.42668422e+04 8.60000000e+01]","[0.33698063 0.7426962  0.99       0.02743336 0.72931206 0.65344057
 0.02743336 0.00865029 0.00865029 0.00865029 0.0156235  0.09036702]","[0.07912222 0.15740366 1.         0.00797802 0.15985412 0.25435304
 0.00797802 0.01209653 0.01209653 0.01209653 0.01161024 0.04936488]","[[0.13908604 0.09519232 1.         0.02125584 0.11108286 0.11110353
  0.02125584 0.00552941 0.00552941 0.00552941 0.00656343 0.03456772]]","[0.05901422 0.11598514 1.         0.00175907 0.12164014 0.10885801
 0.00175907 0.00411339 0.00411339 0.00411339 0.00302255 0.04936488]",374.48643513285396,269.7282767676768,289.0947,276.6927,-104.75815836517717,19.3664232323232,-85.39173513285397,12.401999999999987,-0.27973819219383167,0.0717997514550688,-0.22802357341077023,0.04482228840876534,8.365261554718018,0.38334226608276367,0.757194995880127,1.1622259616851807,21.821912934880903,11.047697885264865,0.5062662433963726,1.5349097233986144,42,4
19,"[3.73614978e+01 5.07399296e+00 3.91895108e-03 4.00000000e+00
 9.00000000e+00 1.44902253e+04 7.90000000e+01]","[1.00000000e+02 0.00000000e+00 0.00000000e+00 4.00000000e+00
 9.00000000e+00 1.44902253e+04 7.90000000e+01]","[9.50000000e+01 2.84470000e+00 0.00000000e+00 4.00000000e+00
 9.00000000e+00 1.44902253e+04 7.90000000e+01]","[0.00000000e+00 2.89672000e+01 0.00000000e+00 4.00000000e+00
 9.00000000e+00 1.44902253e+04 7.90000000e+01]","[4.00491002e-01 6.38383670e-01 9.90000000e-01 3.09372816e-04
 5.36505000e-01 6.82740228e-01 3.09372816e-04 2.91513558e-02
 2.91513558e-02 2.91513558e-02 5.95262926e-03 2.21528389e-01]","[3.41054240e-01 6.38383670e-01 9.90000000e-01 3.09372816e-04
 5.36505000e-01 6.82740228e-01 3.09372816e-04 2.91513558e-02
 2.91513558e-02 2.91513558e-02 5.95262926e-03 1.23553893e-01]","[[3.41054240e-01 6.38383670e-01 9.90000000e-01 3.09372816e-04
  5.36505000e-01 6.82740228e-01 3.09372816e-04 2.91513558e-02
  2.91513558e-02 2.91513558e-02 5.95262926e-03 1.23553893e-01]]","[5.65092998e-02 9.01367612e-02 1.00000000e+00 3.85059247e-04
 7.41389302e-02 8.50472287e-02 3.85059247e-04 2.95577152e-03
 2.95577152e-03 2.95577152e-03 1.68352504e-03 4.47051866e-02]",328.2835859205601,396.0,388.1553,267.0328,67.71641407943991,-7.844699999999989,59.871714079439926,121.1225,0.20627413913964712,-0.019809848484848458,0.18237803121209972,0.4535866005973798,9.115869045257568,6.340095520019531,4.436926603317261,1.2288010120391846,1.4378125718253352,2.0545458287369693,1.428938561949474,0.27694869036609115,138,7
20,"[3.51098981e+01 6.96890563e+00 9.65894515e-02 4.00000000e+00
 7.00000000e+00 6.16249090e+03 4.00000000e+00]","[0.0000000e+00 0.0000000e+00 0.0000000e+00 4.0000000e+00 7.0000000e+00
 6.1624909e+03 4.0000000e+00]","[9.5000000e+01 5.2031000e+00 0.0000000e+00 4.0000000e+00 7.0000000e+00
 6.1624909e+03 4.0000000e+00]","[0.0000000e+00 1.9361100e+01 0.0000000e+00 4.0000000e+00 7.0000000e+00
 6.1624909e+03 4.0000000e+00]","[5.53115493e-01 4.64379472e-02 9.80000000e-01 2.01862492e-03
 2.39258417e-01 1.23089170e-01 2.01862492e-03 9.18450824e-04
 9.18450824e-04 9.18450824e-04 1.95806657e-04 9.51700430e-01]","[8.40750115e-01 2.24132540e-02 9.90000000e-01 1.65165565e-03
 2.09484536e-02 3.03235718e-02 1.65165565e-03 8.52197059e-04
 8.52197059e-04 8.52197059e-04 2.00853392e-04 2.20128852e-01]","[[8.63485382e-01 4.64379472e-02 9.70000000e-01 2.01862492e-03
  3.60671256e-02 3.03235718e-02 2.01862492e-03 9.18450824e-04
  9.18450824e-04 9.18450824e-04 1.95806657e-04 6.49719218e-02]]","[5.04581113e-02 2.82885370e-02 1.00000000e+00 1.47462240e-03
 2.25580469e-02 3.02977811e-02 1.47462240e-03 3.36242811e-04
 3.36242811e-04 3.36242811e-04 2.50495621e-04 1.71235730e-02]",324.0444029918755,296.0,385.7969,276.63890000000004,-28.044402991875472,89.7969,61.75249700812452,109.15799999999996,-0.08654493869649897,0.30336790540540537,0.1905680099331103,0.39458658923238904,8.967887163162231,0.6548323631286621,6.753074645996094,1.2387216091156006,13.694935785267859,1.3279709811114413,0.09696803270446788,0.18343075918019655,198,7
21,"[9.21588530e+01 6.98670152e+00 2.85503887e-01 2.00000000e+00
 1.20000000e+01 3.95020085e+04 5.10000000e+01]","[0.00000000e+00 0.00000000e+00 0.00000000e+00 2.00000000e+00
 1.20000000e+01 3.95020085e+04 5.10000000e+01]","[2.50000000e+01 4.71380000e+00 0.00000000e+00 2.00000000e+00
 1.20000000e+01 3.95020085e+04 5.10000000e+01]","[0.00000000e+00 3.18948000e+01 0.00000000e+00 2.00000000e+00
 1.20000000e+01 3.95020085e+04 5.10000000e+01]","[6.59006754e-01 3.83719864e-02 9.70000000e-01 4.37573122e-04
 2.83156903e-01 2.40841692e-01 4.37573122e-04 2.06435259e-04
 2.06435259e-04 2.06435259e-04 1.82611780e-04 9.66467626e-01]","[5.63648764e-01 1.28893556e-01 8.80000000e-01 3.36933037e-04
 8.29921490e-02 1.22526430e-01 3.36933037e-04 1.73352120e-04
 1.73352120e-04 1.73352120e-04 1.47775179e-04 2.26483204e-02]","[7.68777997e-01 1.33425884e-01 8.30000000e-01 4.37573122e-04
 8.29921490e-02 1.22526430e-01 4.37573122e-04 2.06435259e-04
 2.06435259e-04 2.06435259e-04 1.82611780e-04 4.37862620e-02]","[7.55467314e-02 4.45807185e-02 1.00000000e+00 2.31971993e-04
 5.20392105e-02 8.48014418e-02 2.31971993e-04 6.91335241e-04
 6.91335241e-04 6.91335241e-04 5.27410302e-04 5.95044700e-02]",382.88664758310154,298.0,318.2862,266.10519999999997,-84.88664758310154,20.286200000000008,-64.60044758310153,52.18100000000004,-0.22170177027308788,0.06807449664429532,-0.1687195100452822,0.1960916209078216,9.268206596374512,0.929917573928833,5.381939649581909,1.1285440921783447,9.966696894668873,1.7220941147295294,0.17278483864104138,0.20969096007347734,162,5
22,"[9.64389061e+01 7.62902187e+00 3.76585491e-02 3.00000000e+00
 6.00000000e+00 2.57619050e+04 3.00000000e+00]","[1.00000000e+02 6.83481414e+00 0.00000000e+00 3.00000000e+00
 6.00000000e+00 2.57619050e+04 3.00000000e+00]","[9.6000000e+01 2.9171300e+01 1.0000000e+00 3.0000000e+00 6.0000000e+00
 2.5761905e+04 3.0000000e+00]","[1.0000000e+02 2.5288300e+01 1.0000000e+00 3.0000000e+00 6.0000000e+00
 2.5761905e+04 3.0000000e+00]","[3.99145743e-02 2.38397736e-01 1.00000000e+00 2.57782667e-04
 3.13379201e-01 3.97496896e-01 2.57782667e-04 1.06395477e-04
 1.06395477e-04 1.06395477e-04 4.05036662e-05 7.81714587e-01]","[1.46329347e-01 8.35179829e-02 1.00000000e+00 2.57782667e-04
 7.52060690e-02 6.59240946e-02 2.57782667e-04 1.06395477e-04
 1.06395477e-04 1.06395477e-04 4.59296971e-05 3.55632105e-01]","[[3.12697142e-03 5.47508332e-02 1.00000000e+00 8.20209389e-05
  5.31182437e-02 5.03230349e-02 8.20209389e-05 9.67345841e-06
  9.67345841e-06 9.67345841e-06 1.07015603e-05 2.55300800e-03]]","[3.12697142e-03 4.57067359e-02 1.00000000e+00 4.66198180e-05
 4.97691838e-02 4.36502599e-02 4.66198180e-05 2.29963971e-05
 2.29963971e-05 2.29963971e-05 2.61612095e-05 2.55300800e-03]",385.77222568486064,390.16518585858586,362.8287,370.7117,4.392960173725214,-27.33648585858583,-22.943525684860617,-7.882999999999981,0.011387445443814419,-0.07006387768408906,-0.05947428082498429,-0.021264502846821347,9.499778032302856,6.033513069152832,6.611677408218384,12.654892444610596,1.5745019399844813,1.4368181394474167,0.9125540610395045,1.9140214598008718,150,202
23,"[6.67450314e+01 6.97904144e+00 5.89054065e-02 1.00000000e+00
 7.00000000e+00 3.96805043e+04 4.70000000e+01]","[0.00000000e+00 0.00000000e+00 0.00000000e+00 1.00000000e+00
 7.00000000e+00 3.96805043e+04 4.70000000e+01]","[9.50000000e+01 3.44210000e+00 0.00000000e+00 1.00000000e+00
 7.00000000e+00 3.96805043e+04 4.70000000e+01]","[0.00000000e+00 3.54476000e+01 0.00000000e+00 1.00000000e+00
 7.00000000e+00 3.96805043e+04 4.70000000e+01]","[6.00375516e-01 3.08169321e-02 9.80000000e-01 3.79386009e-04
 2.45977821e-01 1.46205028e-01 3.79386009e-04 3.27532762e-04
 3.27532762e-04 3.27532762e-04 2.18600471e-04 8.15983169e-01]","[6.07273295e-01 1.05470511e-01 8.80000000e-01 2.92125507e-04
 6.95453282e-02 7.00884975e-02 2.92125507e-04 2.75048777e-04
 2.75048777e-04 2.75048777e-04 1.76899237e-04 3.60561371e-03]","[7.99200525e-01 1.09282533e-01 8.40000000e-01 3.79386009e-04
 6.95453282e-02 7.00884975e-02 3.79386009e-04 3.27532762e-04
 3.27532762e-04 3.27532762e-04 2.18600471e-04 5.57991200e-03]","[9.55871130e-02 5.52873092e-02 1.00000000e+00 4.41903721e-05
 8.75619327e-02 5.06083538e-02 4.41903721e-05 1.16257077e-04
 1.16257077e-04 1.16257077e-04 1.86273013e-04 1.27442565e-01]",358.7070845245339,299.0,390.5579,263.55240000000003,-59.70708452453391,91.55790000000002,31.850815475466106,127.00549999999998,-0.16645080931054268,0.306213712374582,0.0887933828173044,0.48189847635612487,9.10929012298584,0.6497907638549805,5.696051120758057,1.2395341396331787,14.018805174982205,1.5992289973994358,0.11407741083765122,0.21761288888647048,174,6
24,"[4.22684387e+01 7.62699542e+00 4.60463423e-03 2.00000000e+00
 2.00000000e+01 2.61118336e+04 4.80000000e+01]","[1.00000000e+02 4.90710929e+01 0.00000000e+00 2.00000000e+00
 2.00000000e+01 2.61118336e+04 4.80000000e+01]","[9.60000000e+01 1.93755000e+01 0.00000000e+00 2.00000000e+00
 2.00000000e+01 2.61118336e+04 4.80000000e+01]","[1.00000000e+02 2.58270000e+01 0.00000000e+00 2.00000000e+00
 2.00000000e+01 2.61118336e+04 4.80000000e+01]","[4.43923135e-02 3.05629260e-01 9.90000000e-01 2.05400371e-04
 4.75467163e-01 5.56579692e-01 2.05400371e-04 3.33478063e-04
 3.33478063e-04 3.33478063e-04 1.57732912e-03 6.72764185e-01]","[6.97629782e-02 2.82160180e-02 9.90000000e-01 1.20122277e-04
 3.07870074e-02 3.70417277e-02 1.20122277e-04 9.84902978e-02
 9.84902978e-02 9.84902978e-02 2.53721595e-01 1.03783005e-02]","[[3.89631570e-02 1.15097226e-01 9.80000000e-01 1.02927857e-04
  1.21611761e-01 1.03545169e-01 1.02927857e-04 2.83821922e-04
  2.83821922e-04 2.83821922e-04 8.16654414e-04 1.63986038e-02]]","[4.58075432e-02 8.61397657e-02 1.00000000e+00 1.65714067e-04
 9.11949470e-02 8.72687232e-02 1.65714067e-04 2.83821922e-04
 2.83821922e-04 2.83821922e-04 8.16654414e-04 1.61650079e-02]",332.63683867599894,348.92890707070706,374.6245,372.173,16.29206839470811,25.695592929292957,41.98766132400107,2.45150000000001,0.04897854506901808,0.07364134185674102,0.12622673270683246,0.006586990458738302,9.236109733581543,6.191971063613892,5.546995401382446,7.09984016418457,1.4916267596688293,1.665065330914044,1.1162747786072982,1.2799434018667326,174,103
25,"[3.43872900e+01 5.07404079e+00 1.75545893e-01 1.00000000e+00
 4.00000000e+00 2.72350943e+04 7.90000000e+01]","[0.00000000e+00 0.00000000e+00 0.00000000e+00 1.00000000e+00
 4.00000000e+00 2.72350943e+04 7.90000000e+01]","[9.50000000e+01 6.33000000e+00 0.00000000e+00 1.00000000e+00
 4.00000000e+00 2.72350943e+04 7.90000000e+01]","[0.00000000e+00 2.42440000e+01 0.00000000e+00 1.00000000e+00
 4.00000000e+00 2.72350943e+04 7.90000000e+01]","[3.58561066e-01 7.38485791e-01 8.20000000e-01 3.79386009e-04
 5.27385591e-01 6.09889921e-01 3.79386009e-04 1.18598237e-03
 1.18598237e-03 1.18598237e-03 8.53549398e-04 4.96649140e-02]","[1.39050944e-01 7.35028905e-01 8.50000000e-01 2.92125507e-04
 5.27385591e-01 6.09889921e-01 2.92125507e-04 9.96074290e-04
 9.96074290e-04 9.96074290e-04 6.90806715e-04 1.79867175e-02]","[[2.67223817e-01 3.90311133e-01 1.00000000e+00 3.79386009e-04
  3.67993914e-01 1.40632404e-01 3.79386009e-04 1.18598237e-03
  1.18598237e-03 1.18598237e-03 8.53549398e-04 2.11276081e-01]]","[4.42945243e-02 9.61168771e-02 1.00000000e+00 1.40602060e-04
 1.04027213e-01 1.02726525e-01 1.40602060e-04 2.60314962e-04
 2.60314962e-04 2.60314962e-04 3.06757953e-04 6.06816219e-02]",328.13770329258045,299.0,387.67,274.756,-29.137703292580454,88.67000000000002,59.53229670741956,112.91400000000004,-0.08879718179352324,0.29655518394648833,0.18142473757225708,0.41096099812197023,10.528210639953613,0.668360710144043,6.096386909484863,1.1742467880249023,15.75228836788537,1.7269590654709994,0.1096322658104583,0.19261356036933763,186,5
26,"[2.38333864e+01 5.08123652e+00 2.71514880e-02 2.00000000e+00
 1.40000000e+01 2.68000250e+03 9.30000000e+01]","[1.0000000e+02 0.0000000e+00 0.0000000e+00 2.0000000e+00 1.4000000e+01
 2.6800025e+03 9.3000000e+01]","[9.6000000e+01 5.1229000e+00 1.0000000e+01 2.0000000e+00 1.4000000e+01
 2.6800025e+03 9.3000000e+01]","[1.0000000e+02 6.7059000e+00 0.0000000e+00 2.0000000e+00 1.4000000e+01
 2.6800025e+03 9.3000000e+01]","[0.52987949 0.7303948  0.95       0.01448546 0.91133229 0.71899327
 0.01448546 0.01549321 0.01549321 0.01549321 0.02664609 0.87452564]","[0.49692091 0.7303948  0.95       0.01448546 0.91133229 0.71899327
 0.01448546 0.01549321 0.01549321 0.01549321 0.02664609 0.7754185 ]","[[0.21611853 0.52332474 0.97       0.00272552 0.75312065 0.41807192
  0.00272552 0.00274091 0.00274091 0.00274091 0.03735858 0.02986004]]","[0.45600941 0.32121558 1.         0.01448546 0.47498095 0.21178048
 0.01448546 0.01549321 0.01549321 0.01549321 0.02664609 0.18187914]",316.7249983401239,398.0,378.8771,391.2941,81.27500165987612,-19.122900000000016,62.15210165987611,-12.41700000000003,0.2566106309442513,-0.04804748743718597,0.19623364744052302,-0.0317331643896497,9.518852472305298,6.456218242645264,7.451017141342163,12.210361957550049,1.4743696874170724,1.2775238993196911,0.8664881747248665,1.6387510223001014,168,203
27,"[8.59790876e+01 5.08419347e+00 1.14370450e-03 2.00000000e+00
 2.00000000e+00 1.98885204e+04 1.00000000e+02]","[1.00000000e+02 0.00000000e+00 0.00000000e+00 2.00000000e+00
 2.00000000e+00 1.98885204e+04 1.00000000e+02]","[9.60000000e+01 1.54450000e+00 0.00000000e+00 2.00000000e+00
 2.00000000e+00 1.98885204e+04 1.00000000e+02]","[1.00000000e+02 1.24170000e+01 0.00000000e+00 2.00000000e+00
 2.00000000e+00 1.98885204e+04 1.00000000e+02]","[0.12711928 0.52581954 0.86       0.00987217 0.61069305 0.61654788
 0.00987217 0.02343081 0.02343081 0.02343081 0.01293712 0.04660081]","[0.10139197 0.52581954 0.86       0.00987217 0.61069305 0.61654788
 0.00987217 0.02343081 0.02343081 0.02343081 0.01293712 0.02364137]","[[0.10139197 0.52581954 0.86       0.00987217 0.61069305 0.61654788
  0.00987217 0.02343081 0.02343081 0.02343081 0.01293712 0.02364137]]","[0.16904796 0.03378629 0.79       0.01217933 0.03390479 0.04046353
 0.01217933 0.02201535 0.02201535 0.02201535 0.02736877 0.02847456]",378.8937504406313,398.0,392.45550000000003,385.583,19.106249559368678,-5.544499999999971,13.561749559368707,6.872500000000002,0.05042640459798881,-0.013930904522612992,0.035793014647502584,0.01782365923808882,8.863900899887085,6.240170001983643,5.923557996749878,12.48797607421875,1.420458240251372,1.4963812129045595,1.053449633718026,2.108188369400725,174,204
28,"[5.42353608e+01 7.63057975e+00 2.53273539e-01 3.00000000e+00
 9.00000000e+00 2.08969069e+04 1.60000000e+01]","[1.00000000e+02 0.00000000e+00 0.00000000e+00 3.00000000e+00
 9.00000000e+00 2.08969069e+04 1.60000000e+01]","[9.50000000e+01 3.08558000e+01 0.00000000e+00 3.00000000e+00
 9.00000000e+00 2.08969069e+04 1.60000000e+01]","[0.00000000e+00 2.00898000e+01 0.00000000e+00 3.00000000e+00
 9.00000000e+00 2.08969069e+04 1.60000000e+01]","[1.07071164e-01 2.21953671e-01 1.00000000e+00 1.84932537e-03
 2.98430303e-01 5.37234794e-01 1.84932537e-03 1.54208462e-03
 1.54208462e-03 1.54208462e-03 3.39048303e-04 8.22231431e-01]","[8.02897712e-01 7.66814936e-02 1.00000000e+00 1.84932537e-03
 5.77105769e-02 9.39426796e-02 1.84932537e-03 1.54208462e-03
 1.54208462e-03 1.54208462e-03 3.84453335e-04 5.39444743e-02]","[[5.79287456e-02 1.04824912e-01 1.00000000e+00 1.47405473e-04
  8.87341592e-02 8.84173939e-02 1.47405473e-04 2.16382250e-04
  2.16382250e-04 2.16382250e-04 2.25212469e-04 3.00713227e-02]]","[2.57982350e-02 8.95605696e-02 1.00000000e+00 9.53357317e-04
 8.92172191e-02 9.38981407e-02 9.53357317e-04 1.91784592e-03
 1.91784592e-03 1.91784592e-03 8.22179893e-04 2.45028372e-02]",343.351507520734,397.0,361.1442,276.91020000000003,53.648492479266,-35.85579999999999,17.79269247926601,84.23399999999998,0.15624947409332787,-0.09031687657430727,0.05182063305253308,0.30419247828357343,9.91295051574707,6.243750810623169,6.4751856327056885,1.3802154064178467,1.5876595361366912,1.53091371862414,0.9642581950216903,0.2131545695688599,150,9
29,"[1.86228305e+00 7.62619424e+00 2.59331385e-01 4.00000000e+00
 1.00000000e+01 1.56969804e+04 5.50000000e+01]","[1.00000000e+02 6.83481414e+00 0.00000000e+00 4.00000000e+00
 1.00000000e+01 1.56969804e+04 5.50000000e+01]","[9.60000000e+01 8.31880000e+00 0.00000000e+00 4.00000000e+00
 1.00000000e+01 1.56969804e+04 5.50000000e+01]","[1.00000000e+02 4.83188000e+01 0.00000000e+00 4.00000000e+00
 1.00000000e+01 1.56969804e+04 5.50000000e+01]","[1.14922801e-01 2.26447608e-01 1.00000000e+00 7.66473589e-04
 3.81732912e-01 5.52407886e-01 7.66473589e-04 1.94325077e-03
 1.94325077e-03 1.94325077e-03 1.46469579e-03 8.29474146e-01]","[3.35318016e-01 7.85309590e-02 1.00000000e+00 7.66473589e-04
 1.03149647e-01 1.36236635e-01 7.66473589e-04 1.94325077e-03
 1.94325077e-03 1.94325077e-03 1.66059518e-03 5.53586454e-01]","[[1.19755946e-01 5.90475863e-02 1.00000000e+00 7.66473589e-04
  6.50330765e-02 8.79297005e-02 7.66473589e-04 1.94325077e-03
  1.94325077e-03 1.94325077e-03 1.03673094e-03 7.47671906e-02]]","[5.51621948e-02 1.18143717e-02 1.00000000e+00 8.60024520e-05
 1.39669608e-02 4.18974357e-02 8.60024520e-05 8.89527670e-04
 8.89527670e-04 8.89527670e-04 7.20174343e-04 6.73179412e-03]",289.97675742102905,389.16518585858586,383.6812,347.6812,99.18842843755681,-5.483985858585868,93.70444257897094,36.0,0.34205647831816083,-0.014091666104425457,0.3231446665324202,0.10354313089117272,9.10839056968689,6.200995206832886,6.03203010559082,12.830002069473267,1.4688594759193396,1.5100041628182073,1.0280113159722892,2.126979117292818,210,203
30,"[8.30665732e+01 7.64497754e+00 1.74204085e-01 4.00000000e+00
 1.00000000e+01 2.63119740e+04 5.10000000e+01]","[0.00000000e+00 6.83481414e+00 0.00000000e+00 4.00000000e+00
 1.00000000e+01 2.63119740e+04 5.10000000e+01]","[9.5000000e+01 3.0530000e+00 0.0000000e+00 4.0000000e+00 1.0000000e+01
 2.6311974e+04 5.1000000e+01]","[0.0000000e+00 3.3117000e+01 0.0000000e+00 4.0000000e+00 1.0000000e+01
 2.6311974e+04 5.1000000e+01]","[9.95658401e-02 2.41845259e-01 1.00000000e+00 9.88259329e-04
 3.93218897e-01 5.04713600e-01 9.88259329e-04 7.37996947e-04
 7.37996947e-04 7.37996947e-04 3.85479419e-04 8.62547968e-01]","[1.94335734e-01 8.35999537e-02 1.00000000e+00 7.61060743e-04
 1.03514312e-01 1.11658599e-01 7.61060743e-04 6.19779050e-04
 6.19779050e-04 6.19779050e-04 4.84431948e-04 3.66984546e-01]","[[4.93638800e-01 8.49756547e-02 9.20000000e-01 9.88259329e-04
  8.53415068e-02 8.34187030e-02 9.88259329e-04 7.37996947e-04
  7.37996947e-04 7.37996947e-04 4.37099137e-04 4.46767697e-02]]","[3.78005792e-02 3.96247448e-02 1.00000000e+00 3.39686339e-05
 4.88701477e-02 5.53505909e-02 3.39686339e-05 7.87745172e-04
 7.87745172e-04 7.87745172e-04 6.92277099e-04 2.98894465e-02]",371.24739154371696,289.16518585858586,387.947,262.88300000000004,-82.0822056851311,98.78181414141415,16.699608456283045,125.06399999999996,-0.2210984037997351,0.34161032853285,0.04498242637299864,0.4757401581692234,8.72459626197815,0.29916954040527344,6.701945543289185,1.1500983238220215,29.1627157302153,1.3018005302526356,0.04463920789461486,0.17160663517680205,198,6
31,"[4.43963595e+01 6.98063139e+00 2.33364144e-01 4.00000000e+00
 1.10000000e+01 3.87569290e+03 1.10000000e+01]","[1.0000000e+02 0.0000000e+00 1.0000000e+00 4.0000000e+00 1.1000000e+01
 3.8756929e+03 1.1000000e+01]","[9.6000000e+01 3.7061900e+01 1.0000000e+00 4.0000000e+00 1.1000000e+01
 3.8756929e+03 1.1000000e+01]","[1.0000000e+02 3.1061900e+01 1.0000000e+00 4.0000000e+00 1.1000000e+01
 3.8756929e+03 1.1000000e+01]","[0.94160958 0.04987573 0.99       0.00168636 0.26500714 0.16450849
 0.00168636 0.00315298 0.00315298 0.00315298 0.00316524 0.93463879]","[8.89219350e-01 2.87592991e-02 9.60000000e-01 6.30593393e-04
 1.67926401e-02 1.80626961e-02 6.30593393e-04 3.07125825e-04
 3.07125825e-04 3.07125825e-04 6.58804551e-03 2.94738690e-02]","[[1.04254824e-01 1.74686560e-02 1.00000000e+00 1.48591324e-04
  1.87238128e-02 3.26583999e-02 1.48591324e-04 1.57395436e-04
  1.57395436e-04 1.57395436e-04 3.48488800e-04 8.27300737e-04]]","[6.88624390e-02 2.13974614e-02 1.00000000e+00 1.48591324e-04
 2.07501004e-02 3.42765270e-02 1.48591324e-04 3.54402728e-04
 3.54402728e-04 3.54402728e-04 1.42583752e-03 1.77947646e-03]",333.1823639767076,395.0,353.9381,363.9381,61.81763602329238,-41.06189999999998,20.7557360232924,-10.0,0.18553693924692238,-0.10395417721518982,0.062295422169294075,-0.02747720010628181,8.673200130462646,6.082733869552612,6.418663024902344,12.305190801620483,1.425872036565125,1.351247151753165,0.947663687274681,1.917095624724387,150,203
32,"[2.52087039e+01 6.98023170e+00 4.83420142e-01 2.00000000e+00
 5.00000000e+00 1.25550662e+04 1.10000000e+01]","[1.00000000e+02 0.00000000e+00 0.00000000e+00 2.00000000e+00
 5.00000000e+00 1.25550662e+04 1.10000000e+01]","[2.60000000e+01 0.00000000e+00 5.60000000e+01 2.00000000e+00
 5.00000000e+00 1.25550662e+04 1.10000000e+01]","[1.00000000e+02 1.30532000e+01 0.00000000e+00 2.00000000e+00
 5.00000000e+00 1.25550662e+04 1.10000000e+01]","[3.42510303e-01 1.03879302e-01 9.90000000e-01 4.59157716e-04
 3.19824721e-01 1.56209612e-01 4.59157716e-04 3.03691195e-04
 3.03691195e-04 3.03691195e-04 1.57879287e-04 9.21384218e-01]","[7.74794886e-01 1.03879302e-01 1.00000000e+00 4.59157716e-04
 5.29768871e-02 3.96104443e-02 4.59157716e-04 3.03691195e-04
 3.03691195e-04 3.03691195e-04 1.57879287e-04 6.47999925e-02]","[[2.77463997e-01 6.13757542e-02 9.80000000e-01 2.08657366e-04
  3.08546556e-02 1.90349043e-02 2.08657366e-04 4.79461523e-05
  4.79461523e-05 4.79461523e-05 2.36252919e-04 8.97142870e-04]]","[7.93684662e-02 2.65198769e-02 9.80000000e-01 7.32208136e-04
 2.43470782e-02 2.82493504e-02 7.32208136e-04 2.42607290e-04
 2.42607290e-04 2.42607290e-04 2.22037066e-04 1.76713304e-02]",315.7450520110624,398.0,268.0,384.9468,82.2549479889376,-130.0,-47.7450520110624,-116.9468,0.26051064764129933,-0.32663316582914576,-0.1512139357591251,-0.30379990170070253,8.740664958953857,6.374751091003418,6.592975854873657,13.106489181518555,1.3711382349170331,1.3257541285385697,0.9669004151275751,1.9879473958379479,192,206
33,"[5.41082283e+00 7.63056144e+00 2.32259220e-01 3.00000000e+00
 1.50000000e+01 3.96652705e+04 4.10000000e+01]","[1.00000000e+02 0.00000000e+00 0.00000000e+00 3.00000000e+00
 1.50000000e+01 3.96652705e+04 4.10000000e+01]","[9.60000000e+01 3.60210000e+00 0.00000000e+00 3.00000000e+00
 1.50000000e+01 3.96652705e+04 4.10000000e+01]","[1.00000000e+02 1.13681000e+01 0.00000000e+00 3.00000000e+00
 1.50000000e+01 3.96652705e+04 4.10000000e+01]","[3.62018468e-01 1.65946923e-01 9.90000000e-01 3.20968946e-04
 3.18487640e-01 3.31158636e-01 3.20968946e-04 2.41629416e-04
 2.41629416e-04 2.41629416e-04 4.47906379e-04 9.37622569e-01]","[8.65212190e-01 1.75180617e-01 9.10000000e-01 3.20968946e-04
 9.61527320e-02 8.03433310e-02 3.20968946e-04 2.41629416e-04
 2.41629416e-04 2.41629416e-04 6.84273371e-04 7.83189694e-03]","[8.65212190e-01 1.75180617e-01 9.10000000e-01 3.20968946e-04
 9.61527320e-02 8.03433310e-02 3.20968946e-04 2.41629416e-04
 2.41629416e-04 2.41629416e-04 6.84273371e-04 7.83189694e-03]","[1.97684786e-01 3.38159600e-02 1.00000000e+00 3.20968946e-04
 3.13510071e-02 4.31152186e-02 3.20968946e-04 2.41629416e-04
 2.41629416e-04 2.41629416e-04 2.17646288e-04 1.39126170e-01]",294.5480021697377,397.0,389.3979,385.6319,102.45199783026231,-7.602100000000007,94.84989783026231,3.7660000000000196,0.34782784834922365,-0.019148866498740574,0.3220184728178996,0.009765789604023993,10.254789590835571,6.346668243408203,5.595999002456665,12.687129497528076,1.6157752694079186,1.8325216974366292,1.1341439197222858,2.2671786560287766,162,203
34,"[3.63905195e+01 7.62602730e+00 6.56827161e-02 4.00000000e+00
 2.30000000e+01 3.16524507e+04 1.60000000e+01]","[1.00000000e+02 0.00000000e+00 0.00000000e+00 4.00000000e+00
 2.30000000e+01 3.16524507e+04 1.60000000e+01]","[9.60000000e+01 2.87794000e+01 0.00000000e+00 4.00000000e+00
 2.30000000e+01 3.16524507e+04 1.60000000e+01]","[1.00000000e+02 2.58469000e+01 0.00000000e+00 4.00000000e+00
 2.30000000e+01 3.16524507e+04 1.60000000e+01]","[4.43923135e-02 3.95277909e-01 1.00000000e+00 3.55601107e-04
 5.53560833e-01 6.63349118e-01 3.55601107e-04 2.40952824e-04
 2.40952824e-04 2.40952824e-04 1.63509292e-04 4.97139844e-01]","[7.37669769e-01 1.88959957e-01 7.70000000e-01 3.55601107e-04
 1.53738340e-01 2.15165595e-01 3.55601107e-04 2.40952824e-04
 2.40952824e-04 2.40952824e-04 2.49832781e-04 1.59311757e-02]","[4.58075432e-02 1.81061942e-01 1.00000000e+00 5.03778807e-04
 1.90136472e-01 1.61568396e-01 5.03778807e-04 7.77344510e-04
 7.77344510e-04 7.77344510e-04 1.13343459e-03 1.16110874e-02]","[4.58075432e-02 1.55001941e-01 1.00000000e+00 2.76789215e-04
 1.79975258e-01 1.49658455e-01 2.76789215e-04 3.73093033e-04
 3.73093033e-04 3.73093033e-04 1.32755667e-04 8.66344856e-03]",324.69880946609936,396.0,363.2206,370.1531,71.30119053390064,-32.77940000000001,38.52179053390063,-6.9325000000000045,0.2195917830778032,-0.08277626262626266,0.118638533344923,-0.018728736838891813,9.289886474609375,6.2690277099609375,5.795641899108887,12.797021627426147,1.4818703799711328,1.60290898511824,1.081679617045497,2.208042154811836,174,203
35,"[8.58415143e+00 6.97049258e+00 2.33944267e-01 1.00000000e+00
 1.40000000e+01 6.07303440e+03 5.40000000e+01]","[0.0000000e+00 0.0000000e+00 0.0000000e+00 1.0000000e+00 1.4000000e+01
 6.0730344e+03 5.4000000e+01]","[1.0000000e+02 3.1761200e+01 1.0000000e+00 1.0000000e+00 1.4000000e+01
 6.0730344e+03 5.4000000e+01]","[1.0000000e+02 1.6761200e+01 1.0000000e+00 1.0000000e+00 1.4000000e+01
 6.0730344e+03 5.4000000e+01]","[4.42175453e-01 1.22813263e-01 9.70000000e-01 2.65722396e-03
 5.23954070e-01 3.99993818e-01 2.65722396e-03 1.74358531e-04
 1.74358531e-04 1.74358531e-04 6.98680640e-04 9.69700838e-01]","[6.03691277e-01 1.20905937e-01 9.50000000e-01 3.18658119e-03
 1.15781372e-01 1.29314694e-01 3.18658119e-03 1.61772085e-04
 1.61772085e-04 1.61772085e-04 6.03922585e-04 7.92423969e-01]","[[5.85089342e-03 4.99977693e-02 1.00000000e+00 2.58400803e-04
  1.03192065e-01 5.36221124e-02 2.58400803e-04 7.12754554e-05
  7.12754554e-05 7.12754554e-05 2.24459160e-04 4.09480150e-03]]","[5.69490705e-03 5.57280417e-02 9.90000000e-01 3.22765292e-04
 4.38411470e-02 7.17152249e-02 3.22765292e-04 5.60055996e-05
 5.60055996e-05 5.60055996e-05 3.09266034e-04 4.48060686e-03]",300.3797145811547,299.0,366.23879999999997,381.2388,-1.3797145811547011,67.23879999999997,65.85908541884527,-15.000000000000057,-0.004593234876324974,0.2248789297658862,0.2192527731464099,-0.03934541814736605,9.273361921310425,0.9867515563964844,7.314716577529907,7.045773983001709,9.397869059538952,1.267767769676447,0.1348994928153045,0.9632326705105207,162,102
36,"[4.43066870e+00 7.64151675e+00 3.77669334e-01 4.00000000e+00
 2.20000000e+01 1.60789501e+04 5.10000000e+01]","[1.00000000e+02 0.00000000e+00 0.00000000e+00 4.00000000e+00
 2.20000000e+01 1.60789501e+04 5.10000000e+01]","[1.00000000e+02 0.00000000e+00 3.60000000e+01 4.00000000e+00
 2.20000000e+01 1.60789501e+04 5.10000000e+01]","[1.00000000e+02 1.69710000e+01 1.00000000e+00 4.00000000e+00
 2.20000000e+01 1.60789501e+04 5.10000000e+01]","[4.75168850e-02 3.52342726e-01 1.00000000e+00 1.55358182e-04
 5.57456285e-01 5.97248079e-01 1.55358182e-04 2.33235667e-04
 2.33235667e-04 2.33235667e-04 1.67584323e-04 5.32127407e-01]","[5.09763102e-01 1.36725936e-01 8.50000000e-01 1.55358182e-04
 1.34695926e-01 1.20663054e-01 1.55358182e-04 2.33235667e-04
 2.33235667e-04 2.33235667e-04 2.56058906e-04 1.02101243e-01]","[[1.18898699e-01 8.94846915e-02 8.50000000e-01 6.47572451e-05
  6.57939498e-02 4.55478394e-02 6.47572451e-05 1.16153475e-04
  1.16153475e-04 1.16153475e-04 7.19011994e-04 1.63001576e-03]]","[4.25828023e-03 6.65446043e-02 1.00000000e+00 3.44399959e-05
 6.89076518e-02 6.17103036e-02 3.44399959e-05 1.25857769e-04
 1.25857769e-04 1.25857769e-04 8.55752514e-05 1.17626551e-03]",292.4114826184072,396.0,360.0,378.029,103.5885173815928,-36.0,67.5885173815928,-18.028999999999996,0.3542559835681088,-0.09090909090909091,0.23114180324373526,-0.04769210827740728,10.980045318603516,6.8155858516693115,37.700082540512085,12.865694284439087,1.61102002932209,0.29124724877735964,0.18078437479136444,0.34126435321762905,1002,203
37,"[2.10173648e+00 5.07463699e+00 1.11403657e-01 3.00000000e+00
 1.50000000e+01 1.04790694e+04 8.80000000e+01]","[1.00000000e+02 0.00000000e+00 0.00000000e+00 3.00000000e+00
 1.50000000e+01 1.04790694e+04 8.80000000e+01]","[9.60000000e+01 2.23400000e-01 0.00000000e+00 3.00000000e+00
 1.50000000e+01 1.04790694e+04 8.80000000e+01]","[1.00000000e+02 9.51290000e+00 0.00000000e+00 3.00000000e+00
 1.50000000e+01 1.04790694e+04 8.80000000e+01]","[0.26003533 0.817291   0.96       0.00839555 0.8693327  0.89485281
 0.00839555 0.00184195 0.00184195 0.00184195 0.01473102 0.26481103]","[0.23545483 0.817291   0.97       0.00839555 0.8693327  0.89485281
 0.00839555 0.00184195 0.00184195 0.00184195 0.01473102 0.15141741]","[[0.23545483 0.817291   0.97       0.00839555 0.8693327  0.89485281
  0.00839555 0.00184195 0.00184195 0.00184195 0.01473102 0.15141741]]","[0.13470981 0.11301102 1.         0.00488908 0.11010184 0.21496716
 0.00488908 0.00108041 0.00108041 0.00108041 0.0033645  0.05113315]",293.91569584144565,397.0,392.77660000000003,387.4871,103.08430415855435,-4.22339999999997,98.86090415855438,5.289500000000032,0.3507274555836028,-0.010638287153652316,0.3363580290447823,0.013650777019415698,8.198053359985352,6.092565298080444,25.335211038589478,6.573779821395874,1.3455831753774183,0.32358338549059007,0.24047817437954305,0.2594720766834341,1002,103
38,"[1.11145216e-02 5.07395944e+00 2.90583010e-01 4.00000000e+00
 1.90000000e+01 2.94761003e+04 9.80000000e+01]","[0.00000000e+00 0.00000000e+00 0.00000000e+00 4.00000000e+00
 1.90000000e+01 2.94761003e+04 9.80000000e+01]","[0.00000000e+00 1.86995000e+01 0.00000000e+00 4.00000000e+00
 1.90000000e+01 2.94761003e+04 9.80000000e+01]","[0.00000000e+00 2.08335000e+01 0.00000000e+00 4.00000000e+00
 1.90000000e+01 2.94761003e+04 9.80000000e+01]","[0.38920762 0.80134574 0.83       0.03787769 0.85350026 0.89639498
 0.03787769 0.02080937 0.02080937 0.02080937 0.01882856 0.023195  ]","[0.35832967 0.80134574 0.83       0.03787769 0.85350026 0.89639498
 0.03787769 0.02080937 0.02080937 0.02080937 0.01882856 0.01162659]","[[0.28542385 0.35064367 1.         0.0070884  0.51384979 0.66666578
  0.0070884  0.02125254 0.02125254 0.02125254 0.00953368 0.01793741]]","[0.21068835 0.11747767 1.         0.0070884  0.1285419  0.18859425
 0.0070884  0.01109434 0.01109434 0.01109434 0.0114695  0.01940862]",290.64657207467366,296.0,277.3005,275.1665,5.3534279253263435,-18.6995,-13.346072074673657,2.1340000000000146,0.018419029982403946,-0.06317398648648649,-0.04591856005528512,0.0077553045156296815,11.74868106842041,0.6344192028045654,1.1345348358154297,1.1631956100463867,18.518798006874995,10.35550491490746,0.5591888259196434,1.0252621368037214,54,7
39,"[1.07765186e+01 5.17316351e-02 9.24150239e-02 4.00000000e+00
 1.00000000e+00 3.42168755e+04 7.80000000e+01]","[0.00000000e+00 0.00000000e+00 0.00000000e+00 4.00000000e+00
 1.00000000e+00 3.42168755e+04 7.80000000e+01]","[0.00000000e+00 5.94190000e+00 0.00000000e+00 4.00000000e+00
 1.00000000e+00 3.42168755e+04 7.80000000e+01]","[0.00000000e+00 1.55879000e+01 0.00000000e+00 4.00000000e+00
 1.00000000e+00 3.42168755e+04 7.80000000e+01]","[2.82951956e-01 7.54992760e-01 9.50000000e-01 7.85171229e-04
 4.92660429e-01 6.00872300e-01 7.85171229e-04 1.24194520e-03
 1.24194520e-03 1.24194520e-03 3.41253559e-04 1.23122027e-02]","[1.28278571e-01 7.47560690e-01 9.60000000e-01 6.04633882e-04
 4.92660429e-01 6.00872300e-01 6.04633882e-04 1.04308536e-03
 1.04308536e-03 1.04308536e-03 3.78212018e-04 7.97497188e-03]","[2.52748334e-01 8.40876111e-02 1.00000000e+00 6.04633882e-04
 7.46861038e-02 8.97614511e-02 6.04633882e-04 1.04308536e-03
 1.04308536e-03 1.04308536e-03 3.78212018e-04 4.31880610e-01]","[1.07016544e-01 4.57008149e-02 1.00000000e+00 2.78118183e-04
 3.99580607e-02 4.77427502e-02 2.78118183e-04 5.83136745e-04
 5.83136745e-04 5.83136745e-04 5.46196825e-04 3.27822759e-02]",306.6323719277988,296.0,290.05809999999997,280.4121,-10.632371927798772,-5.941900000000032,-16.574271927798804,9.645999999999958,-0.03467465571541913,-0.020073986486486596,-0.05405258363165083,0.03439937149645097,9.522780418395996,0.6242122650146484,0.7979011535644531,1.0023982524871826,15.255676557673093,11.934787129777927,0.7823177873927283,1.2562937752492052,42,5
40,"[5.55801805e+01 7.62403679e+00 3.42644358e-01 3.00000000e+00
 0.00000000e+00 2.84065136e+04 4.00000000e+01]","[0.00000000e+00 6.83481414e+00 0.00000000e+00 3.00000000e+00
 0.00000000e+00 2.84065136e+04 4.00000000e+01]","[1.00000000e+02 4.56720000e+00 1.00000000e+00 3.00000000e+00
 0.00000000e+00 2.84065136e+04 4.00000000e+01]","[0.00000000e+00 2.00992000e+01 0.00000000e+00 3.00000000e+00
 0.00000000e+00 2.84065136e+04 4.00000000e+01]","[1.15533893e-01 1.95723383e-01 1.00000000e+00 3.32733034e-04
 2.58734917e-01 4.27414422e-01 3.32733034e-04 1.47247018e-04
 1.47247018e-04 1.47247018e-04 5.22703085e-05 8.42002206e-01]","[2.21759487e-01 6.50667465e-02 1.00000000e+00 2.56199826e-04
 5.85508331e-02 8.43103230e-02 2.56199826e-04 1.47247018e-04
 1.47247018e-04 1.47247018e-04 6.56937773e-05 4.32186025e-01]","[[5.33720197e-01 3.23334599e-02 9.20000000e-01 1.05038307e-04
  2.70001939e-02 2.02677217e-02 1.05038307e-04 2.01406201e-05
  2.01406201e-05 2.01406201e-05 5.60721928e-05 2.08628955e-03]]","[2.72912567e-02 6.29334449e-02 1.00000000e+00 1.36815564e-04
 5.78936903e-02 5.64548745e-02 1.36815564e-04 7.06295032e-05
 7.06295032e-05 7.06295032e-05 8.19331544e-05 3.08509142e-02]",344.6134993985682,290.16518585858586,391.4328,276.9008,-54.44831353998234,101.26761414141413,46.81930060143179,114.53199999999998,-0.15799820272568393,0.3489998768865664,0.13586032086132002,0.41362105129345955,10.04316234588623,0.3814833164215088,11.695040464401245,1.2241692543029785,26.326609614532483,0.8587539629689014,0.03261923869205182,0.10467422135299578,282,8
41,"[2.25527888e+01 6.97459691e+00 2.54560350e-01 1.00000000e+00
 9.00000000e+00 1.56974309e+04 4.90000000e+01]","[1.00000000e+02 0.00000000e+00 1.00000000e+00 1.00000000e+00
 9.00000000e+00 1.56974309e+04 4.90000000e+01]","[1.00000000e+02 0.00000000e+00 3.60000000e+01 1.00000000e+00
 9.00000000e+00 1.56974309e+04 4.90000000e+01]","[1.00000000e+02 1.69981000e+01 0.00000000e+00 1.00000000e+00
 9.00000000e+00 1.56974309e+04 4.90000000e+01]","[3.95368511e-01 8.92271542e-02 1.00000000e+00 4.78902453e-04
 4.39308933e-01 3.78850158e-01 4.78902453e-04 5.93118253e-04
 5.93118253e-04 5.93118253e-04 1.31889526e-03 9.68896670e-01]","[1.76672990e-01 5.08804171e-02 9.90000000e-01 2.17632187e-04
 3.47576079e-02 3.68010545e-02 2.17632187e-04 2.22687537e-04
 2.22687537e-04 2.22687537e-04 2.72766617e-03 2.29086530e-03]","[[1.76672990e-01 5.08804171e-02 9.90000000e-01 2.17632187e-04
  3.47576079e-02 3.68010545e-02 2.17632187e-04 2.22687537e-04
  2.22687537e-04 2.22687537e-04 2.72766617e-03 2.29086530e-03]]","[9.76482845e-02 5.38052067e-02 1.00000000e+00 1.60566793e-04
 4.60144277e-02 6.90124436e-02 1.60566793e-04 6.89417648e-04
 6.89417648e-04 6.89417648e-04 2.42019631e-03 3.85176724e-02]",314.3236315240892,398.0,363.0,382.0019,83.6763684759108,-35.0,48.676368475910806,-19.001899999999978,0.26621087339243854,-0.08793969849246232,0.15486067095843012,-0.049742946304717275,8.75125765800476,6.39172887802124,33.264100790023804,13.542918682098389,1.3691534520647544,0.26308414928292123,0.1921509593290487,0.4071331664002181,1002,206
42,"[7.14853241e+01 6.98072053e+00 2.01387382e-01 4.00000000e+00
 3.00000000e+00 1.73828195e+04 3.90000000e+01]","[1.00000000e+02 6.83481414e+00 0.00000000e+00 4.00000000e+00
 3.00000000e+00 1.73828195e+04 3.90000000e+01]","[9.60000000e+01 3.05670000e+00 0.00000000e+00 4.00000000e+00
 3.00000000e+00 1.73828195e+04 3.90000000e+01]","[1.00000000e+02 1.85887000e+01 0.00000000e+00 4.00000000e+00
 3.00000000e+00 1.73828195e+04 3.90000000e+01]","[3.72248362e-01 4.79740295e-02 1.00000000e+00 5.14989719e-04
 2.98739735e-01 1.78407447e-01 5.14989719e-04 3.91721056e-04
 3.91721056e-04 3.91721056e-04 9.59249810e-05 9.57831518e-01]","[3.38982589e-01 4.79740295e-02 1.00000000e+00 5.14989719e-04
 5.90181229e-02 6.26291970e-02 5.14989719e-04 3.91721056e-04
 3.91721056e-04 3.91721056e-04 9.59249810e-05 5.41533086e-01]","[[7.44103218e-01 4.79740295e-02 9.70000000e-01 5.14989719e-04
  4.82366785e-02 4.61453346e-02 5.14989719e-04 3.91721056e-04
  3.91721056e-04 3.91721056e-04 9.59249810e-05 5.91108861e-02]]","[7.00235400e-02 5.33102616e-02 9.90000000e-01 1.56533642e-04
 3.92519882e-02 4.70100579e-02 1.56533642e-04 2.40144349e-04
 2.40144349e-04 2.40144349e-04 1.49102692e-04 3.25812758e-02]",360.3032161593267,389.16518585858586,388.9433,377.4113,28.861969699259134,-0.22188585858583565,28.6400838406733,11.532000000000039,0.08010466852590159,-0.0005701585513007943,0.07948883761284163,0.03055552390720691,9.80274248123169,5.903742790222168,5.453017234802246,12.28143572807312,1.6604284484525782,1.7976731154760757,1.0826561765738243,2.252227564895732,162,203
43,"[1.54659664e+01 5.07174961e+00 7.64900156e-03 2.00000000e+00
 1.70000000e+01 8.87755480e+03 9.80000000e+01]","[0.0000000e+00 0.0000000e+00 0.0000000e+00 2.0000000e+00 1.7000000e+01
 8.8775548e+03 9.8000000e+01]","[1.0000000e+02 4.7508000e+00 5.0000000e+00 2.0000000e+00 1.7000000e+01
 8.8775548e+03 9.8000000e+01]","[1.0000000e+02 3.8750800e+01 0.0000000e+00 2.0000000e+00 1.7000000e+01
 8.8775548e+03 9.8000000e+01]","[0.94182249 0.78668169 0.85       0.00760167 0.84203907 0.89819357
 0.00760167 0.00799044 0.00799044 0.00799044 0.00777372 0.16669523]","[0.92497797 0.80342342 0.9        0.00910705 0.89166022 0.92542188
 0.00910705 0.00958299 0.00958299 0.00958299 0.00726329 0.06811942]","[[9.67772562e-01 5.99114860e-01 8.80000000e-01 6.86201500e-04
  6.13258436e-01 7.17651866e-01 6.86201500e-04 2.67137680e-03
  2.67137680e-03 2.67137680e-03 5.38029429e-03 2.37194546e-03]]","[0.52922595 0.06494265 0.99       0.00739305 0.04905783 0.06155307
 0.00739305 0.0078238  0.0078238  0.0078238  0.00205344 0.02651065]",308.38656779751057,298.0,388.2492,359.2492,-10.386567797510565,90.24919999999997,79.86263220248941,29.0,-0.03368035083917948,0.3028496644295301,0.25896923064083627,0.0807239097540092,10.440086126327515,0.9303481578826904,10.778930902481079,13.091148853302002,11.221698068481507,0.9685641573158643,0.08631172852852635,1.2145127352369147,270,204
44,"[7.93353056e-01 6.97667079e+00 3.69402309e-03 1.00000000e+00
 1.60000000e+01 3.22776395e+04 3.80000000e+01]","[1.00000000e+02 0.00000000e+00 0.00000000e+00 1.00000000e+00
 1.60000000e+01 3.22776395e+04 3.80000000e+01]","[9.60000000e+01 3.05300000e+00 0.00000000e+00 1.00000000e+00
 1.60000000e+01 3.22776395e+04 3.80000000e+01]","[1.00000000e+02 3.31170000e+01 0.00000000e+00 1.00000000e+00
 1.60000000e+01 3.22776395e+04 3.80000000e+01]","[2.27780369e-01 1.11879091e-01 1.00000000e+00 1.88585342e-04
 5.07580985e-01 3.45116978e-01 1.88585342e-04 9.04410044e-05
 9.04410044e-05 9.04410044e-05 1.76568108e-04 7.97164167e-01]","[6.66084025e-01 1.33623308e-01 7.50000000e-01 1.88585342e-04
 1.31948288e-01 1.54621974e-01 1.88585342e-04 9.04410044e-05
 9.04410044e-05 9.04410044e-05 1.76568108e-04 9.73263608e-03]","[6.66084025e-01 1.33623308e-01 7.50000000e-01 1.88585342e-04
 1.31948288e-01 1.54621974e-01 1.88585342e-04 9.04410044e-05
 9.04410044e-05 9.04410044e-05 1.76568108e-04 9.73263608e-03]","[6.39018565e-02 8.58940005e-02 1.00000000e+00 3.83764636e-05
 8.95877796e-02 1.01085509e-01 3.83764636e-05 2.81627523e-04
 2.81627523e-04 2.81627523e-04 4.98040230e-04 1.10162934e-02]",292.8129882414375,399.0,391.947,365.883,106.1870117585625,-7.052999999999997,99.13401175856251,26.06400000000002,0.36264447282989554,-0.0176766917293233,0.3385574265470152,0.07123588688187213,10.047797203063965,6.5516228675842285,6.661286115646362,13.798233270645142,1.5336348575217786,1.508386973419922,0.9835372259713404,2.0714067870820263,198,204
45,"[5.94038504e+01 7.63757726e+00 2.85588441e-01 2.00000000e+00
 3.00000000e+00 2.63277011e+04 7.10000000e+01]","[1.00000000e+02 6.83481414e+00 0.00000000e+00 2.00000000e+00
 3.00000000e+00 2.63277011e+04 7.10000000e+01]","[0.00000000e+00 2.35670000e+00 0.00000000e+00 2.00000000e+00
 3.00000000e+00 2.63277011e+04 7.10000000e+01]","[1.00000000e+02 8.18120000e+00 0.00000000e+00 2.00000000e+00
 3.00000000e+00 2.63277011e+04 7.10000000e+01]","[9.86267575e-02 2.59402423e-01 9.80000000e-01 3.51439929e-04
 3.16714004e-01 4.62667178e-01 3.51439929e-04 5.01202245e-04
 5.01202245e-04 5.01202245e-04 1.75124966e-04 8.50160248e-01]","[2.56437701e-01 9.25345637e-02 9.90000000e-01 3.51439929e-04
 8.58822924e-02 1.17314931e-01 3.51439929e-04 5.01202245e-04
 5.01202245e-04 5.01202245e-04 1.98581620e-04 5.42795329e-01]","[[2.37543342e-01 4.87855688e-01 8.90000000e-01 2.70605058e-04
  7.41383008e-02 1.46023404e-01 2.70605058e-04 4.20899858e-04
  4.20899858e-04 4.20899858e-04 1.60698823e-04 2.60338662e-02]]","[1.09621609e-01 6.98402475e-02 9.80000000e-01 3.51439929e-04
 5.60712932e-02 7.76348242e-02 3.51439929e-04 5.01202245e-04
 5.01202245e-04 5.01202245e-04 1.75124966e-04 8.61392691e-02]",349.48068473391544,391.16518585858586,295.6433,389.8188,41.68450112467042,-95.52188585858585,-53.83738473391543,-94.1755,0.11927555068288767,-0.24419833183497813,-0.15404967165755,-0.24158788647443374,11.241605997085571,6.313485622406006,19.36535668373108,12.784400224685669,1.7805704597140601,0.580500849051218,0.3260195887695677,0.6601685904100026,1002,203
46,"[5.97424923e-01 6.97589670e+00 3.74859180e-01 2.00000000e+00
 3.00000000e+00 2.12013869e+04 6.40000000e+01]","[1.00000000e+02 6.83481414e+00 0.00000000e+00 2.00000000e+00
 3.00000000e+00 2.12013869e+04 6.40000000e+01]","[9.50000000e+01 1.28239000e+01 0.00000000e+00 2.00000000e+00
 3.00000000e+00 2.12013869e+04 6.40000000e+01]","[0.00000000e+00 2.92974000e+01 0.00000000e+00 2.00000000e+00
 3.00000000e+00 2.12013869e+04 6.40000000e+01]","[0.37224836 0.05581497 1.         0.00453356 0.31207868 0.23753945
 0.00453356 0.00398493 0.00398493 0.00398493 0.00313317 0.96785359]","[0.309341   0.05581497 1.         0.00453356 0.06260896 0.08747282
 0.00453356 0.00398493 0.00398493 0.00398493 0.00313317 0.61023428]","[[0.08936486 0.04211074 1.         0.00496858 0.03430854 0.0482641
  0.00496858 0.00397986 0.00397986 0.00397986 0.00476622 0.04145833]]","[3.37034691e-02 5.58896023e-02 1.00000000e+00 6.39415905e-03
 4.54203505e-02 6.08391124e-02 6.39415905e-03 4.38209274e-04
 4.38209274e-04 4.38209274e-04 7.46519654e-04 2.46638663e-02]",291.2466690416089,391.16518585858586,380.1761,268.70259999999996,99.91851681697693,-10.989085858585838,88.9294309583911,111.47350000000006,0.3430717925316498,-0.028093210377261476,0.3053405941122925,0.4148582857032276,10.150583267211914,5.7391579151153564,3.4877266883850098,1.260176420211792,1.7686537672152358,2.9103723353713065,1.645529718320007,0.3613174232970979,114,6
47,"[1.54391740e+01 1.87163872e+01 5.24643127e-02 2.00000000e+00
 1.80000000e+01 3.41231728e+04 1.00000000e+00]","[1.00000000e+02 4.68003253e+01 0.00000000e+00 2.00000000e+00
 1.80000000e+01 3.41231728e+04 1.00000000e+00]","[9.60000000e+01 2.52405000e+01 0.00000000e+00 2.00000000e+00
 1.80000000e+01 3.41231728e+04 1.00000000e+00]","[1.00000000e+02 2.58270000e+01 0.00000000e+00 2.00000000e+00
 1.80000000e+01 3.41231728e+04 1.00000000e+00]","[2.28315783e-02 1.91140622e-01 9.70000000e-01 1.28949920e-04
 3.26903854e-01 2.75363371e-01 1.28949920e-04 1.73630862e-04
 1.73630862e-04 1.73630862e-04 5.94913581e-05 6.11814864e-03]","[1.65360955e-02 3.83602997e-01 9.90000000e-01 1.50490465e-04
 3.57592921e-01 2.73429664e-01 1.50490465e-04 4.19304706e-03
 4.19304706e-03 4.19304706e-03 4.59876377e-03 5.82682920e-03]","[1.88157097e-02 6.36474142e-02 9.90000000e-01 2.07606383e-04
 3.60467633e-01 3.41914352e-01 2.07606383e-04 1.81468262e-04
 1.81468262e-04 1.81468262e-04 1.06934043e-04 5.87768426e-03]","[1.88157097e-02 6.36474142e-02 9.90000000e-01 2.07606383e-04
 7.04080670e-02 5.31071662e-02 2.07606383e-04 1.81468262e-04
 1.81468262e-04 1.81468262e-04 1.06934043e-04 5.87768426e-03]",294.6703224979825,351.1996747474748,368.7595,372.173,56.52935224949226,17.55982525252523,74.08917750201749,-3.413499999999999,0.1918393130678414,0.04999954873292914,0.25143074088339773,-0.00917180988411303,10.07349181175232,13.220412015914917,6.125190019607544,8.03673791885376,0.7619650431186039,1.6446007029179077,2.158367654488208,1.3120797710972392,162,103
48,"[6.64335226e+01 7.64053916e+00 4.55327743e-01 3.00000000e+00
 3.00000000e+00 2.41588096e+04 5.00000000e+01]","[1.00000000e+02 6.83481414e+00 0.00000000e+00 3.00000000e+00
 3.00000000e+00 2.41588096e+04 5.00000000e+01]","[9.60000000e+01 1.27434000e+01 0.00000000e+00 3.00000000e+00
 3.00000000e+00 2.41588096e+04 5.00000000e+01]","[1.00000000e+02 3.60414000e+01 0.00000000e+00 3.00000000e+00
 3.00000000e+00 2.41588096e+04 5.00000000e+01]","[1.06859688e-01 1.84006211e-01 1.00000000e+00 5.74039645e-04
 2.97547698e-01 4.24346953e-01 5.74039645e-04 4.12431138e-04
 4.12431138e-04 4.12431138e-04 1.43641635e-04 8.18946757e-01]","[3.01113210e-01 6.16046672e-02 1.00000000e+00 5.74039645e-04
 7.01769916e-02 8.33468136e-02 5.74039645e-04 4.12431138e-04
 4.12431138e-04 4.12431138e-04 1.62882177e-04 6.10234279e-01]","[[9.85926136e-02 3.00857690e-02 1.00000000e+00 7.30745960e-04
  2.56144862e-02 4.58945157e-02 7.30745960e-04 4.11904621e-04
  4.11904621e-04 4.11904621e-04 2.48163356e-04 4.14583259e-02]]","[9.39519498e-02 2.24581901e-02 1.00000000e+00 3.28871611e-05
 2.53129674e-02 4.50451807e-02 3.28871611e-05 7.67235979e-05
 7.67235979e-05 7.67235979e-05 8.83934044e-05 1.11377342e-02]",355.33765564539306,390.16518585858586,380.2566,360.9586,34.8275302131928,-9.908585858585866,24.918944354606936,19.298000000000002,0.09801249504485028,-0.025395873895773986,0.0701275081847071,0.05346319494811871,11.389349460601807,6.669365882873535,4.691604137420654,7.406438112258911,1.7077109969103448,2.427602399307166,1.4215534148923767,1.5786579377370094,174,102
49,"[5.79358589e+01 7.65241500e+00 1.53528857e-01 4.00000000e+00
 1.00000000e+01 2.79671951e+04 7.00000000e+00]","[1.00000000e+02 4.68003253e+01 0.00000000e+00 4.00000000e+00
 1.00000000e+01 2.79671951e+04 7.00000000e+00]","[9.50000000e+01 3.32830000e+00 1.00000000e+02 4.00000000e+00
 1.00000000e+01 2.79671951e+04 7.00000000e+00]","[1.00000000e+02 6.46230000e+00 0.00000000e+00 4.00000000e+00
 1.00000000e+01 2.79671951e+04 7.00000000e+00]","[9.95658401e-02 2.23545619e-01 1.00000000e+00 9.88259329e-04
 2.75368479e-01 3.18657665e-01 9.88259329e-04 1.73866123e-04
 1.73866123e-04 1.73866123e-04 9.19943268e-05 7.80779395e-01]","[5.51621948e-02 3.42370105e-01 1.00000000e+00 2.61346795e-05
 3.03387301e-01 2.80834552e-01 2.61346795e-05 2.03494099e-04
 2.03494099e-04 2.03494099e-04 2.52571743e-04 6.85606382e-03]","[[2.54259935e-01 4.51452674e-02 8.30000000e-01 2.86337920e-04
  2.13206845e-02 1.49638146e-02 2.86337920e-04 3.76194039e-05
  3.76194039e-05 3.76194039e-05 1.38698946e-04 1.78574018e-03]]","[3.13143732e-01 7.73350530e-02 1.00000000e+00 9.88259329e-04
 6.34159448e-02 4.76479339e-02 9.88259329e-04 1.73866123e-04
 1.73866123e-04 1.73866123e-04 1.04317631e-04 1.81950965e-01]",346.1299150592271,349.1996747474748,287.6717,389.5377,3.0697596882477,-61.52797474747479,-58.458215059227086,-101.86599999999999,0.008868807793520032,-0.17619711356251694,-0.16889096410295587,-0.2615048556275811,10.042320728302002,6.5494115352630615,39.25653028488159,7.732215166091919,1.5333164932807426,0.2558127439033878,0.16683623050061966,0.19696634190489667,1002,107
50,"[3.63881907e+01 6.98727419e+00 1.22294385e-02 2.00000000e+00
 1.10000000e+01 2.52890911e+04 6.40000000e+01]","[1.00000000e+02 6.83481414e+00 0.00000000e+00 2.00000000e+00
 1.10000000e+01 2.52890911e+04 6.40000000e+01]","[9.50000000e+01 3.41520000e+00 0.00000000e+00 2.00000000e+00
 1.10000000e+01 2.52890911e+04 6.40000000e+01]","[0.00000000e+00 1.50642000e+01 0.00000000e+00 2.00000000e+00
 1.10000000e+01 2.52890911e+04 6.40000000e+01]","[3.63435270e-01 8.47136435e-02 1.00000000e+00 4.28058032e-04
 4.65413238e-01 3.35588784e-01 4.28058032e-04 1.87006022e-04
 1.87006022e-04 1.87006022e-04 2.44782044e-04 9.76618883e-01]","[3.01302410e-01 8.47136435e-02 1.00000000e+00 4.28058032e-04
 1.13614450e-01 1.34506489e-01 4.28058032e-04 1.87006022e-04
 1.87006022e-04 1.87006022e-04 2.44782044e-04 6.15356046e-01]","[[4.77305990e-01 8.91523620e-02 9.30000000e-01 4.28058032e-04
  9.38541160e-02 1.01146007e-01 4.28058032e-04 1.87006022e-04
  1.87006022e-04 1.87006022e-04 2.44782044e-04 7.18062076e-02]]","[5.45912518e-02 6.62177226e-02 1.00000000e+00 1.51588625e-04
 6.67570315e-02 8.03359392e-02 1.51588625e-04 1.68039725e-04
 1.68039725e-04 1.68039725e-04 8.36483377e-05 2.76461711e-02]",327.38868703841587,391.16518585858586,389.5848,282.9358,63.77649882016999,-1.5803858585858848,62.196112961584106,106.649,0.19480361217456008,-0.004040200702209798,0.18997636578164961,0.37693710021849486,9.998716831207275,4.3433678150177,6.1004579067230225,1.20292329788208,2.302065414915022,1.639010871657383,0.7119740651322392,0.19718573855847704,162,5
51,"[1.95320618e+01 6.96420159e+00 7.17569744e-02 3.00000000e+00
 5.00000000e+00 5.15698450e+03 4.50000000e+01]","[1.0000000e+02 0.0000000e+00 0.0000000e+00 3.0000000e+00 5.0000000e+00
 5.1569845e+03 4.5000000e+01]","[0.0000000e+00 2.7620000e-01 0.0000000e+00 3.0000000e+00 5.0000000e+00
 5.1569845e+03 4.5000000e+01]","[0.0000000e+00 1.9276200e+01 0.0000000e+00 3.0000000e+00 5.0000000e+00
 5.1569845e+03 4.5000000e+01]","[6.70663071e-01 9.94420527e-02 1.00000000e+00 3.98444536e-04
 4.31871472e-01 2.69709636e-01 3.98444536e-04 4.06535139e-04
 4.06535139e-04 4.06535139e-04 4.61047341e-04 9.66596171e-01]","[8.63258445e-01 9.94420527e-02 1.00000000e+00 3.98444536e-04
 8.29358509e-02 7.60239955e-02 3.98444536e-04 4.06535139e-04
 4.06535139e-04 4.06535139e-04 4.61047341e-04 2.98731930e-01]","[[7.01870611e-01 9.78571967e-02 1.00000000e+00 3.25913978e-04
  8.29358509e-02 7.60239955e-02 3.25913978e-04 3.77195189e-04
  3.77195189e-04 3.77195189e-04 3.45444336e-04 2.93110213e-01]]","[3.30281001e-02 8.91616128e-02 9.90000000e-01 2.32236227e-04
 9.18811856e-02 9.60743604e-02 2.32236227e-04 1.12385103e-04
 1.12385103e-04 1.12385103e-04 1.42871620e-04 2.23283997e-02]",309.49610319620444,397.0,296.7238,277.7238,87.50389680379556,-100.27620000000002,-12.772303196204462,19.0,0.2827302053245001,-0.2525848866498741,-0.04126805818975848,0.06841329407130393,9.910591125488281,11.511380195617676,1.0246260166168213,1.2149686813354492,0.8609385631499855,9.672398479800204,11.23471394336318,1.185767940333112,54,6
52,"[1.70975295e-01 6.97355980e+00 4.39719714e-01 4.00000000e+00
 1.00000000e+00 2.58191520e+03 8.90000000e+01]","[0.0000000e+00 0.0000000e+00 0.0000000e+00 4.0000000e+00 1.0000000e+00
 2.5819152e+03 8.9000000e+01]","[0.0000000e+00 0.0000000e+00 2.1000000e+01 4.0000000e+00 1.0000000e+00
 2.5819152e+03 8.9000000e+01]","[1.0000000e+02 3.1056800e+01 1.0000000e+00 4.0000000e+00 1.0000000e+00
 2.5819152e+03 8.9000000e+01]","[0.68603712 0.58160786 1.         0.03525823 0.94215427 0.83500599
 0.03525823 0.01183677 0.01183677 0.01183677 0.00832477 0.86678187]","[0.37963589 0.88836965 0.99       0.03525823 0.9645927  0.93742505
 0.03525823 0.01183677 0.01183677 0.01183677 0.00832477 0.15095747]","[[0.50871122 0.67502904 0.98       0.00283819 0.89838521 0.77302486
  0.00283819 0.00171268 0.00171268 0.00171268 0.00285868 0.00573027]]","[4.59640316e-02 1.36540638e-01 1.00000000e+00 3.81807680e-04
 1.31060186e-01 1.27506933e-01 3.81807680e-04 1.63432283e-04
 1.63432283e-04 1.63432283e-04 9.78090029e-05 5.87967737e-03]",288.7576957838101,296.0,275.0,363.9432,7.242304216189893,-21.0,-13.757695783810107,-88.94319999999999,0.025080904585179028,-0.07094594594594594,-0.04764442986174246,-0.2443875857551398,9.995579957962036,1.0475471019744873,25.324958562850952,7.277691125869751,9.541890707464795,0.3946928455245135,0.04136421780808473,0.28737228168836404,1002,102
53,"[1.95929858e+00 7.64200522e+00 8.04135250e+01 1.00000000e+00
 1.80000000e+01 1.56219178e+04 1.10000000e+01]","[1.00000000e+02 0.00000000e+00 0.00000000e+00 1.00000000e+00
 1.80000000e+01 1.56219178e+04 1.10000000e+01]","[9.60000000e+01 7.08500000e+00 0.00000000e+00 1.00000000e+00
 1.80000000e+01 1.56219178e+04 1.10000000e+01]","[1.00000000e+02 1.24170000e+01 0.00000000e+00 1.00000000e+00
 1.80000000e+01 1.56219178e+04 1.10000000e+01]","[2.35618146e-03 3.33161871e-01 9.90000000e-01 1.06906729e-04
 3.92643908e-01 4.11752179e-01 1.06906729e-04 5.06066717e-05
 5.06066717e-05 5.06066717e-05 4.49882718e-05 1.38717227e-03]","[7.22932980e-01 1.32466594e-01 7.60000000e-01 2.35280255e-04
 9.04209276e-02 7.17815186e-02 2.35280255e-04 1.53799789e-04
 1.53799789e-04 1.53799789e-04 2.26596152e-04 4.89054099e-02]","[[1.18103918e-01 1.22026394e-01 1.00000000e+00 2.35280255e-04
  6.31660401e-02 5.73017152e-02 2.35280255e-04 1.53799789e-04
  1.53799789e-04 1.53799789e-04 1.48300009e-04 1.54061453e-02]]","[6.88892457e-02 3.35144436e-02 1.00000000e+00 3.75246629e-04
 3.48953970e-02 5.16897256e-02 3.75246629e-04 1.66163270e-04
 1.66163270e-04 1.66163270e-04 1.25505539e-04 7.44928427e-03]",212.90376834404995,399.0,387.915,386.583,186.09623165595005,-11.08499999999998,175.01123165595007,1.3319999999999936,0.8740861333897142,-0.027781954887217995,0.8220203569771203,0.003445573136945995,2.5770952701568604,6.875819683074951,5.24303674697876,12.109148979187012,0.374805534313307,0.49152721877104566,1.3114193195455026,2.3095678255859586,186,204
54,"[4.73897057e+01 7.65077006e+00 2.62501197e-01 3.00000000e+00
 2.20000000e+01 3.89892548e+04 2.00000000e+00]","[0.00000000e+00 0.00000000e+00 0.00000000e+00 3.00000000e+00
 2.20000000e+01 3.89892548e+04 2.00000000e+00]","[9.50000000e+01 2.52405000e+01 0.00000000e+00 3.00000000e+00
 2.20000000e+01 3.89892548e+04 2.00000000e+00]","[0.00000000e+00 2.58270000e+01 0.00000000e+00 3.00000000e+00
 2.20000000e+01 3.89892548e+04 2.00000000e+00]","[5.04990743e-02 2.34648601e-01 1.00000000e+00 1.50656168e-04
 3.25625444e-01 3.66472620e-01 1.50656168e-04 2.08200479e-04
 2.08200479e-04 2.08200479e-04 1.63509292e-04 3.24024710e-01]","[5.14027008e-01 1.20757522e-01 7.80000000e-01 1.70157728e-04
 5.91442616e-02 8.13231079e-02 1.70157728e-04 2.08200479e-04
 2.08200479e-04 2.08200479e-04 2.34663035e-04 4.58711821e-03]","[1.99170546e-02 5.74489099e-02 1.00000000e+00 1.17261108e-04
 3.21126349e-01 2.86311887e-01 1.17261108e-04 3.70557333e-04
 3.70557333e-04 3.70557333e-04 1.32755667e-04 4.43515319e-03]","[1.48804368e-02 4.63631927e-02 1.00000000e+00 2.32717226e-04
 4.22300515e-02 4.15084569e-02 2.32717226e-04 3.70557333e-04
 3.70557333e-04 3.70557333e-04 1.24693906e-04 2.60039168e-03]",336.47643448210374,297.0,366.7595,271.173,-39.47643448210374,69.7595,30.28306551789626,95.5865,-0.1173230290045866,0.23488047138047138,0.09000055401950277,0.3524926891689069,3.8651864528656006,0.27047085762023926,1.151716709136963,0.3069436550140381,14.29058378737647,3.35602186041216,0.23484148096011923,0.26650968296192024,102,4
55,"[7.54472605e+00 5.07996896e+00 3.86405101e-04 4.00000000e+00
 1.00000000e+01 1.63912373e+04 8.30000000e+01]","[1.00000000e+02 0.00000000e+00 0.00000000e+00 4.00000000e+00
 1.00000000e+01 1.63912373e+04 8.30000000e+01]","[9.60000000e+01 3.91900000e+00 0.00000000e+00 4.00000000e+00
 1.00000000e+01 1.63912373e+04 8.30000000e+01]","[1.00000000e+02 1.24170000e+01 0.00000000e+00 4.00000000e+00
 1.00000000e+01 1.63912373e+04 8.30000000e+01]","[0.38824926 0.74068622 0.99       0.02402556 0.71329051 0.68274023
 0.02402556 0.21203078 0.21203078 0.21203078 0.11121749 0.21773271]","[0.32963035 0.74068622 0.99       0.02402556 0.71329051 0.68274023
 0.02402556 0.21203078 0.21203078 0.21203078 0.11121749 0.12117561]","[[0.32963035 0.74068622 0.99       0.02402556 0.71329051 0.68274023
  0.02402556 0.21203078 0.21203078 0.21203078 0.11121749 0.12117561]]","[0.17949378 0.06974735 1.         0.01803257 0.06080985 0.07203926
 0.01803257 0.2035336  0.2035336  0.2035336  0.08800098 0.08184727]",298.464370680003,396.0,388.081,383.58299999999997,97.53562931999699,-7.918999999999983,89.616629319997,4.498000000000047,0.32679153326669363,-0.019997474747474705,0.3002590530850297,0.01172627566915126,2.8003990650177,1.829374074935913,1.3521137237548828,1.9582204818725586,1.5307962998851419,2.0711268703351826,1.3529735278891009,1.4482661091808824,174,103
56,"[8.99586024e+01 6.98069863e+00 6.65052483e-03 1.00000000e+00
 1.50000000e+01 3.16026542e+04 2.50000000e+01]","[0.00000000e+00 0.00000000e+00 0.00000000e+00 1.00000000e+00
 1.50000000e+01 3.16026542e+04 2.50000000e+01]","[9.50000000e+01 6.29350000e+00 0.00000000e+00 1.00000000e+00
 1.50000000e+01 3.16026542e+04 2.50000000e+01]","[0.00000000e+00 1.24170000e+01 0.00000000e+00 1.00000000e+00
 1.50000000e+01 3.16026542e+04 2.50000000e+01]","[3.77052875e-01 8.49001173e-02 9.90000000e-01 4.62094118e-04
 4.15592076e-01 3.45116978e-01 4.62094118e-04 1.81980475e-04
 1.81980475e-04 1.81980475e-04 2.37653861e-04 9.18161595e-01]","[4.50326177e-01 1.00381953e-01 9.00000000e-01 5.21888433e-04
 9.49136767e-02 1.54621974e-01 5.21888433e-04 1.81980475e-04
 1.81980475e-04 1.81980475e-04 1.88088801e-04 9.85692356e-03]","[3.43592751e-01 8.49001173e-02 9.90000000e-01 4.62094118e-04
 9.47758456e-02 1.39524380e-01 4.62094118e-04 1.81980475e-04
 1.81980475e-04 1.81980475e-04 2.37653861e-04 1.62867854e-01]","[5.76854024e-02 4.44788234e-02 1.00000000e+00 6.64367224e-04
 4.72300712e-02 9.76850627e-02 6.64367224e-04 1.96608671e-04
 1.96608671e-04 1.96608671e-04 1.34786329e-04 1.16660021e-02]",381.9712532815007,299.0,387.7065,286.58299999999997,-82.97125328150071,88.7065,5.7352467184992975,101.12350000000004,-0.21721858011224088,0.2966772575250836,0.015014864781650473,0.35285938105191184,2.741828680038452,0.21561670303344727,1.2183740139007568,0.2415475845336914,12.716216515068082,2.250399835154223,0.17697086491784814,0.19825405152917744,198,5
57,"[9.89585401e+01 6.97486752e+00 1.18165862e-01 1.00000000e+00
 1.90000000e+01 1.65985110e+03 1.60000000e+01]","[1.0000000e+02 0.0000000e+00 0.0000000e+00 1.0000000e+00 1.9000000e+01
 1.6598511e+03 1.6000000e+01]","[1.0000000e+02 0.0000000e+00 1.0000000e+01 1.0000000e+00 1.9000000e+01
 1.6598511e+03 1.6000000e+01]","[1.0000000e+02 4.7123800e+01 0.0000000e+00 1.0000000e+00 1.9000000e+01
 1.6598511e+03 1.6000000e+01]","[2.89623822e-01 1.16178237e-01 6.80000000e-01 2.86897004e-04
 4.91036286e-01 4.04877258e-01 2.86897004e-04 1.05914194e-03
 1.05914194e-03 1.05914194e-03 9.86252096e-04 8.49687248e-01]","[9.09818991e-01 1.16178237e-01 7.20000000e-01 2.86897004e-04
 1.02961002e-01 1.31618387e-01 2.86897004e-04 1.05914194e-03
 1.05914194e-03 1.05914194e-03 9.86252096e-04 8.89078689e-01]","[[3.55969694e-01 7.75632122e-02 7.40000000e-01 1.16838986e-04
  5.08050331e-02 5.17626951e-02 1.16838986e-04 2.06161654e-04
  2.06161654e-04 2.06161654e-04 9.41007922e-04 7.98180563e-02]]","[1.16465432e-02 6.00510094e-02 8.60000000e-01 1.81237410e-04
 7.99527951e-02 4.86953212e-02 1.81237410e-04 4.96779289e-03
 4.96779289e-03 4.96779289e-03 7.14550493e-03 3.63452107e-03]",390.86550674885166,399.0,389.0,351.8762,8.134493251148342,-10.0,-1.865506748851658,37.12380000000002,0.020811489145741154,-0.02506265664160401,-0.004772758702523036,0.10550244659911645,3.2281954288482666,1.7812585830688477,9.341065406799316,3.6359760761260986,1.8123115080161796,0.3455917808367425,0.19069115839530232,0.38924639939674216,1002,203
58,"[9.99192248e+00 6.97657491e+00 4.34355508e-01 3.00000000e+00
 2.00000000e+00 2.76000061e+04 1.90000000e+01]","[1.00000000e+02 6.83481414e+00 0.00000000e+00 3.00000000e+00
 2.00000000e+00 2.76000061e+04 1.90000000e+01]","[6.60000000e+01 3.77270000e+00 0.00000000e+00 3.00000000e+00
 2.00000000e+00 2.76000061e+04 1.90000000e+01]","[1.00000000e+02 9.59720000e+00 0.00000000e+00 3.00000000e+00
 2.00000000e+00 2.76000061e+04 1.90000000e+01]","[3.42824246e-01 5.07551366e-02 1.00000000e+00 2.57782667e-04
 2.56262913e-01 2.02827235e-01 2.57782667e-04 1.68231622e-04
 1.68231622e-04 1.68231622e-04 5.31496335e-05 9.51755326e-01]","[3.10885733e-01 5.07551366e-02 1.00000000e+00 2.57782667e-04
 4.82798546e-02 7.26020502e-02 2.57782667e-04 1.68231622e-04
 1.68231622e-04 1.68231622e-04 5.31496335e-05 5.06384592e-01]","[[7.18949217e-01 5.07551366e-02 9.10000000e-01 2.57782667e-04
  3.93779881e-02 5.36435686e-02 2.57782667e-04 1.68231622e-04
  1.68231622e-04 1.68231622e-04 5.31496335e-05 3.16149293e-02]]","[7.17550003e-02 4.50522523e-02 1.00000000e+00 2.57782667e-04
 3.40344713e-02 5.39350236e-02 2.57782667e-04 1.68231622e-04
 1.68231622e-04 1.68231622e-04 4.68707003e-05 5.90730932e-02]",299.5809920624788,390.16518585858586,359.2273,387.4028,90.58419379610706,-30.937885858585844,59.646307937521215,-28.1755,0.30236963023747304,-0.07929432706945612,0.19909910681209622,-0.07272921104338946,8.4881751537323,1.8727467060089111,1.665313720703125,4.165741920471191,4.532473679701087,5.097042706252634,1.1245609056882113,2.5014757692096246,162,203
59,"[2.28771150e+00 6.97407697e+00 5.74961334e-03 2.00000000e+00
 0.00000000e+00 4.23837690e+03 7.90000000e+01]","[1.0000000e+02 0.0000000e+00 0.0000000e+00 2.0000000e+00 0.0000000e+00
 4.2383769e+03 7.9000000e+01]","[9.6000000e+01 4.6066000e+01 0.0000000e+00 2.0000000e+00 0.0000000e+00
 4.2383769e+03 7.9000000e+01]","[1.0000000e+02 4.5066000e+01 0.0000000e+00 2.0000000e+00 0.0000000e+00
 4.2383769e+03 7.9000000e+01]","[6.88653099e-01 1.21925714e-01 1.00000000e+00 6.85948820e-04
 5.24480846e-01 4.77051984e-01 6.85948820e-04 1.82889600e-03
 1.82889600e-03 1.82889600e-03 1.04322343e-03 9.28388244e-01]","[7.09402011e-01 3.90537265e-01 9.80000000e-01 6.85948820e-04
 3.85502378e-01 5.67814200e-01 6.85948820e-04 1.82889600e-03
 1.82889600e-03 1.82889600e-03 1.04322343e-03 1.89018006e-01]","[[1.19837758e-01 6.92314862e-02 1.00000000e+00 1.55173271e-04
  7.03836362e-02 9.83685009e-02 1.55173271e-04 2.10868180e-04
  2.10868180e-04 2.10868180e-04 1.36311224e-04 5.72342531e-03]]","[1.19837758e-01 6.92314862e-02 1.00000000e+00 1.55173271e-04
 7.03836362e-02 9.83685009e-02 1.55173271e-04 2.10868180e-04
 2.10868180e-04 2.10868180e-04 1.36311224e-04 5.72342531e-03]",293.30788491099645,398.0,347.93399999999997,352.93399999999997,104.69211508900355,-50.06600000000003,54.62611508900352,-5.0,0.35693590412945125,-0.12579396984924632,0.1862415499180313,-0.014166954728079472,9.543441772460938,6.938210964202881,7.140341758728027,12.778484582901001,1.3754902844118646,1.3365525201641042,0.971691719898691,1.7896180623681164,150,204
60,"[8.51388813e+00 6.97011293e+00 8.25693935e-02 1.00000000e+00
 1.20000000e+01 3.33728361e+04 4.90000000e+01]","[1.00000000e+02 6.31760000e+00 0.00000000e+00 1.00000000e+00
 1.20000000e+01 3.33728361e+04 4.90000000e+01]","[9.60000000e+01 2.43460000e+00 0.00000000e+00 1.00000000e+00
 1.20000000e+01 3.33728361e+04 4.90000000e+01]","[1.00000000e+02 6.31760000e+00 0.00000000e+00 1.00000000e+00
 1.20000000e+01 3.33728361e+04 4.90000000e+01]","[3.42512367e-01 4.62415119e-02 1.00000000e+00 4.62094118e-04
 2.62493183e-01 2.08561348e-01 4.62094118e-04 9.50298199e-05
 9.50298199e-05 9.50298199e-05 1.55434798e-04 9.21105185e-01]","[2.82369795e-01 4.62415119e-02 1.00000000e+00 4.62094118e-04
 4.97921605e-02 7.50009545e-02 4.62094118e-04 9.50298199e-05
 9.50298199e-05 9.50298199e-05 1.55434798e-04 1.68371802e-01]","[4.16243051e-01 1.57594789e-01 8.10000000e-01 4.62094118e-04
 7.53992686e-02 1.01226032e-01 4.62094118e-04 9.50298199e-05
 9.50298199e-05 9.50298199e-05 1.55434798e-04 2.00603867e-02]","[2.82369795e-01 4.62415119e-02 1.00000000e+00 4.62094118e-04
 4.97921605e-02 7.50009545e-02 4.62094118e-04 9.50298199e-05
 9.50298199e-05 9.50298199e-05 1.55434798e-04 1.68371802e-01]",300.46120581112757,392.6824,392.5654,392.6824,92.2211941888724,-0.1169999999999618,92.10419418887244,-0.1169999999999618,0.3069321177085451,-0.00029795071029402336,0.30654271635576774,-0.00029795071029402336,11.086580991744995,12.79152798652649,32.89447093009949,13.929702281951904,0.8667127964245287,0.3370347866455703,0.38886559427292183,0.42346637255703007,1002,203
61,"[1.77011312e+01 7.58906546e+00 7.23331332e+01 2.00000000e+00
 9.00000000e+00 2.61627384e+04 3.00000000e+00]","[1.00000000e+02 4.68003253e+01 0.00000000e+00 2.00000000e+00
 9.00000000e+00 2.61627384e+04 3.00000000e+00]","[1.00000000e+00 4.65293000e+01 0.00000000e+00 2.00000000e+00
 9.00000000e+00 2.61627384e+04 3.00000000e+00]","[1.00000000e+02 4.15293000e+01 0.00000000e+00 2.00000000e+00
 9.00000000e+00 2.61627384e+04 3.00000000e+00]","[2.70500726e-03 2.21812367e-01 1.00000000e+00 1.10945090e-04
 2.38179896e-01 3.29222377e-01 1.10945090e-04 2.19305966e-05
 2.19305966e-05 2.19305966e-05 3.65861561e-05 5.36180964e-03]","[2.44125149e-02 3.20388723e-01 1.00000000e+00 7.61638948e-05
 2.97027989e-01 2.24712572e-01 7.61638948e-05 1.89574930e-04
 1.89574930e-04 1.89574930e-04 1.67741644e-04 7.33215564e-03]","[[2.44125149e-02 3.20388723e-01 1.00000000e+00 7.61638948e-05
  2.97027989e-01 2.24712572e-01 7.61638948e-05 1.89574930e-04
  1.89574930e-04 1.89574930e-04 1.67741644e-04 7.33215564e-03]]","[2.83249839e-02 3.67890998e-02 1.00000000e+00 6.80063531e-05
 3.55627201e-02 3.30308276e-02 6.80063531e-05 6.20041828e-05
 6.20041828e-05 6.20041828e-05 7.00458913e-05 1.05824127e-02]",235.77893260337277,351.1996747474748,252.4707,356.4707,115.42074214410201,-98.72897474747478,16.691767396627228,-104.00000000000003,0.4895294964213904,-0.2811192089470597,0.07079414268409685,-0.2917490834450069,2.6563162803649902,6.644242763519287,0.8139967918395996,10.796952724456787,0.39979217721388716,3.2633006751314384,8.162492567696205,13.264121963006898,36,203
62,"[1.00652985e+01 5.08442376e+00 3.86475293e-01 2.00000000e+00
 4.00000000e+00 2.45483211e+04 1.00000000e+02]","[1.00000000e+02 6.83481414e+00 0.00000000e+00 2.00000000e+00
 4.00000000e+00 2.45483211e+04 1.00000000e+02]","[9.50000000e+01 1.25662000e+01 0.00000000e+00 2.00000000e+00
 4.00000000e+00 2.45483211e+04 1.00000000e+02]","[1.00000000e+02 1.25662000e+01 0.00000000e+00 2.00000000e+00
 4.00000000e+00 2.45483211e+04 1.00000000e+02]","[0.11993491 0.67199506 0.92       0.03500637 0.65279554 0.58556892
 0.03500637 0.01755004 0.01755004 0.01755004 0.01189587 0.03891526]","[0.14053376 0.09357598 0.91       0.03500637 0.08001722 0.06722805
 0.03500637 0.01755004 0.01755004 0.01755004 0.01189587 0.42659242]","[[0.17465111 0.03937714 0.91       0.04293275 0.03770144 0.03084651
  0.04293275 0.01648385 0.01648385 0.01648385 0.02519566 0.03899663]]","[0.17465111 0.03937714 0.91       0.04293275 0.03770144 0.03084651
 0.04293275 0.01648385 0.01648385 0.01648385 0.02519566 0.03899663]",302.5943994332313,391.16518585858586,380.4338,385.4338,88.57078642535458,-10.731385858585838,77.83940056676875,-5.0,0.2927046455296278,-0.02743440941716488,0.25724005702869707,-0.012972396297366759,2.776282548904419,3.573528289794922,1.913130521774292,1.968538522720337,0.7769023563722073,1.4511725767302144,1.8678957076492249,1.0289619554522909,150,104
63,"[9.97567460e+01 6.97059385e+00 9.91267342e-02 4.00000000e+00
 4.00000000e+00 3.96988447e+04 9.00000000e+00]","[0.00000000e+00 0.00000000e+00 0.00000000e+00 4.00000000e+00
 4.00000000e+00 3.96988447e+04 9.00000000e+00]","[6.50000000e+01 1.91170000e+00 0.00000000e+00 4.00000000e+00
 4.00000000e+00 3.96988447e+04 9.00000000e+00]","[0.00000000e+00 1.25607000e+01 0.00000000e+00 4.00000000e+00
 4.00000000e+00 3.96988447e+04 9.00000000e+00]","[6.40744929e-01 4.27749504e-02 1.00000000e+00 6.08368078e-04
 1.95157961e-01 4.88859124e-02 6.08368078e-04 1.01313235e-04
 1.01313235e-04 1.01313235e-04 3.91426329e-05 8.65435411e-01]","[8.51892597e-01 7.01683716e-02 9.70000000e-01 4.68464277e-04
 3.41299957e-02 2.21223893e-02 4.68464277e-04 1.01313235e-04
 1.01313235e-04 1.01313235e-04 4.33832029e-05 5.89452670e-03]","[9.36728761e-01 1.40782342e-01 9.60000000e-01 6.08368078e-04
 5.26326162e-02 2.21223893e-02 6.08368078e-04 1.01313235e-04
 1.01313235e-04 1.01313235e-04 3.91426329e-05 8.44181436e-03]","[1.65738686e-01 1.29835962e-02 1.00000000e+00 7.47045618e-04
 1.22478373e-02 1.32747612e-02 7.47045618e-04 1.01183861e-04
 1.01183861e-04 1.01183861e-04 7.29991953e-05 1.03518002e-01]",388.68702539965614,296.0,359.0883,283.4393,-92.68702539965614,63.088300000000004,-29.598725399656132,75.649,-0.23846184550244093,0.21313614864864866,-0.07615053620383161,0.2668966512406713,2.8335256576538086,0.6800966262817383,1.7014410495758057,0.2621431350708008,4.166357467681344,1.6653681056773895,0.39971800753913656,0.1540712416314141,174,6
64,"[9.16825208e+01 6.97714134e+00 1.42369430e-01 3.00000000e+00
 1.00000000e+00 1.67281150e+04 3.30000000e+01]","[1.0000000e+02 0.0000000e+00 0.0000000e+00 3.0000000e+00 1.0000000e+00
 1.6728115e+04 3.3000000e+01]","[9.5000000e+01 3.4622100e+01 1.1000000e+01 3.0000000e+00 1.0000000e+00
 1.6728115e+04 3.3000000e+01]","[0.0000000e+00 4.3622100e+01 1.0000000e+00 3.0000000e+00 1.0000000e+00
 1.6728115e+04 3.3000000e+01]","[4.14491854e-01 6.32209167e-02 1.00000000e+00 2.81650078e-04
 3.44743340e-01 3.00902684e-01 2.81650078e-04 3.38481972e-04
 3.38481972e-04 3.38481972e-04 9.59249810e-05 9.65178014e-01]","[7.76357125e-01 6.32209167e-02 9.90000000e-01 2.81650078e-04
 5.89050533e-02 8.75004327e-02 2.81650078e-04 3.38481972e-04
 3.38481972e-04 3.38481972e-04 9.59249810e-05 2.02477647e-01]","[[4.58094492e-03 3.95141749e-02 1.00000000e+00 3.64185798e-05
  3.52780932e-02 4.86903969e-02 3.64185798e-05 2.71414210e-05
  2.71414210e-05 2.71414210e-05 9.37399909e-06 2.59971245e-03]]","[4.19894233e-03 2.88119029e-02 1.00000000e+00 6.30858558e-05
 3.13804348e-02 4.61375628e-02 6.30858558e-05 2.03523523e-05
 2.03523523e-05 2.03523523e-05 1.68816023e-05 1.06019259e-03]",381.56300998707553,397.0,346.3779,252.3779,15.436990012924468,-50.62209999999999,-35.18510998707552,94.0,0.04045724980900889,-0.1275115869017632,-0.09221310521758208,0.3724573348141814,2.9738082885742188,1.934589147567749,2.7119390964508057,0.23915314674377441,1.537178212910489,1.0965616051135252,0.7133601009327984,0.0881852940786027,168,4
65,"[3.40975316e+00 6.96655747e+00 1.92353680e-01 2.00000000e+00
 1.70000000e+01 1.43326709e+04 6.90000000e+01]","[1.00000000e+02 0.00000000e+00 0.00000000e+00 2.00000000e+00
 1.70000000e+01 1.43326709e+04 6.90000000e+01]","[9.60000000e+01 1.61015000e+01 6.00000000e+00 2.00000000e+00
 1.70000000e+01 1.43326709e+04 6.90000000e+01]","[1.00000000e+02 1.37270000e+01 1.00000000e+00 2.00000000e+00
 1.70000000e+01 1.43326709e+04 6.90000000e+01]","[1.12154733e-01 1.34702704e-01 1.00000000e+00 2.30592894e-04
 5.44475004e-01 5.14110358e-01 2.30592894e-04 6.29034184e-05
 6.29034184e-05 6.29034184e-05 1.68400467e-04 8.60561999e-01]","[4.37317379e-01 5.96838087e-01 8.50000000e-01 2.30592894e-04
 1.24446302e-01 2.45946877e-01 2.30592894e-04 6.29034184e-05
 6.29034184e-05 6.29034184e-05 1.68400467e-04 6.08940324e-02]","[[4.25828023e-03 6.74638349e-02 1.00000000e+00 5.79484695e-05
  5.54718533e-02 9.48039705e-02 5.79484695e-05 4.11066176e-05
  4.11066176e-05 4.11066176e-05 3.22932829e-05 9.59146593e-04]]","[4.25828023e-03 4.89456826e-02 1.00000000e+00 6.94270348e-05
 4.66031115e-02 8.19114650e-02 6.94270348e-05 5.03211049e-05
 5.03211049e-05 5.03211049e-05 5.32059203e-05 9.92885755e-04]",294.2508420084173,398.0,371.8985,383.273,103.7491579915827,-26.101499999999987,77.64765799158272,-11.374500000000012,0.3525874634153634,-0.06558165829145725,0.2638825345803481,-0.029677279641404458,3.857555627822876,2.0543789863586426,11.283499479293823,5.031310081481934,1.8777234645786258,0.34187581919082966,0.18206931193009773,0.44589979294232374,1002,202
66,"[4.36502274e+01 6.98581838e+00 1.43437061e-02 4.00000000e+00
 1.90000000e+01 3.88223040e+03 7.60000000e+01]",[   0.        0.        0.        4.       19.     3882.2304   76.    ],"[1.0000000e+02 3.0914800e+01 1.0000000e+00 4.0000000e+00 1.9000000e+01
 3.8822304e+03 7.6000000e+01]","[1.0000000e+02 1.5914800e+01 1.0000000e+00 4.0000000e+00 1.9000000e+01
 3.8822304e+03 7.6000000e+01]","[7.06909436e-01 1.18975570e-01 9.60000000e-01 4.13619797e-04
 5.22172121e-01 4.61241140e-01 4.13619797e-04 3.25898145e-04
 3.25898145e-04 3.25898145e-04 1.45794998e-03 8.62219506e-01]","[8.34540503e-01 3.34294103e-01 9.40000000e-01 4.96241206e-04
 8.34574985e-02 1.66207155e-01 4.96241206e-04 3.91454319e-04
 3.91454319e-04 3.91454319e-04 1.09265570e-03 7.59799330e-01]","[[6.00900454e-02 7.68363322e-02 9.90000000e-01 6.23180531e-05
  9.38188475e-02 8.62702012e-02 6.23180531e-05 2.66366587e-05
  2.66366587e-05 2.66366587e-05 6.88907967e-05 1.13221380e-03]]","[5.85732260e-02 6.57513082e-02 9.90000000e-01 8.56244806e-05
 5.43458371e-02 8.42229190e-02 8.56244806e-05 8.33765371e-05
 8.33765371e-05 8.33765371e-05 2.44315714e-04 8.85794594e-04]",332.650065282468,296.0,364.0852,379.0852,-36.650065282468006,68.08519999999999,31.43513471753198,-15.0,-0.11017603514175414,0.23001756756756753,0.09449910881826824,-0.039568941230098145,10.93694519996643,1.108353614807129,1.9494235515594482,3.847318410873413,9.867739910668883,5.610348346934345,0.5685545421468298,1.9735672157011426,162,103
67,"[6.76679335e+00 6.96530558e+00 9.52565431e-02 4.00000000e+00
 2.00000000e+00 1.31875582e+04 2.70000000e+01]","[0.00000000e+00 0.00000000e+00 0.00000000e+00 4.00000000e+00
 2.00000000e+00 1.31875582e+04 2.70000000e+01]","[9.50000000e+01 2.66659000e+01 6.00000000e+00 4.00000000e+00
 2.00000000e+00 1.31875582e+04 2.70000000e+01]","[0.00000000e+00 3.06659000e+01 0.00000000e+00 4.00000000e+00
 2.00000000e+00 1.31875582e+04 2.70000000e+01]","[3.33699227e-01 5.77224511e-02 1.00000000e+00 3.09372816e-04
 3.59463624e-01 2.58104959e-01 3.09372816e-04 1.65044665e-04
 1.65044665e-04 1.65044665e-04 5.72753015e-05 9.46931585e-01]","[4.78036112e-01 5.67605927e-02 9.90000000e-01 2.53052363e-04
 6.25860082e-02 7.19320998e-02 2.53052363e-04 1.53130459e-04
 1.53130459e-04 1.53130459e-04 6.81137681e-05 8.12327259e-02]","[[3.66942195e-03 4.75006725e-02 1.00000000e+00 7.45523139e-05
  4.76652896e-02 4.47307735e-02 7.45523139e-05 3.90256755e-05
  3.90256755e-05 3.90256755e-05 4.63500728e-05 1.67516005e-03]]","[2.86151133e-02 8.31278278e-02 1.00000000e+00 4.93087209e-05
 6.37490904e-02 5.18913424e-02 4.93087209e-05 2.07322355e-05
 2.07322355e-05 2.07322355e-05 3.97031690e-05 1.85639205e-02]",295.7062312235548,296.0,358.3341,265.33410000000003,0.2937687764451766,62.33409999999998,62.627868776445155,92.99999999999994,0.0009934480420978567,0.21058817567567562,0.21179083212858743,0.3505014998072239,2.731193780899048,0.8826210498809814,5.3697075843811035,0.34747982025146484,3.0944126941764423,0.5086298905443726,0.16437041235695327,0.0647111252877496,108,9
68,"[1.53855930e+00 6.98019439e+00 1.07605972e-01 2.00000000e+00
 1.10000000e+01 1.09933526e+04 4.20000000e+01]","[1.00000000e+02 0.00000000e+00 0.00000000e+00 2.00000000e+00
 1.10000000e+01 1.09933526e+04 4.20000000e+01]","[9.50000000e+01 5.98530000e+00 0.00000000e+00 2.00000000e+00
 1.10000000e+01 1.09933526e+04 4.20000000e+01]","[1.00000000e+02 1.18098000e+01 0.00000000e+00 2.00000000e+00
 1.10000000e+01 1.09933526e+04 4.20000000e+01]","[3.79234495e-01 6.19199883e-02 1.00000000e+00 8.52743804e-04
 3.77339169e-01 3.15466770e-01 8.52743804e-04 2.85434100e-04
 2.85434100e-04 2.85434100e-04 2.56076251e-04 9.63513429e-01]","[6.93534894e-01 6.19199883e-02 9.90000000e-01 8.52743804e-04
 6.72482641e-02 9.31112592e-02 8.52743804e-04 2.85434100e-04
 2.85434100e-04 2.85434100e-04 2.56076251e-04 1.74695223e-01]","[[3.15740332e-01 6.19199883e-02 1.00000000e+00 8.52743804e-04
  8.19132978e-02 1.24187819e-01 8.52743804e-04 2.85434100e-04
  2.85434100e-04 2.85434100e-04 2.56076251e-04 5.28375438e-01]]","[8.72889111e-02 4.67910794e-02 1.00000000e+00 8.52743804e-04
 4.12275387e-02 6.23990848e-02 8.52743804e-04 2.85434100e-04
 2.85434100e-04 2.85434100e-04 1.09722023e-04 3.11183280e-02]",292.4507589366577,398.0,387.0147,386.1902,105.54924106334232,-10.985299999999995,94.56394106334233,0.8245000000000005,0.3609128642617179,-0.027601256281407024,0.32334995951856654,0.0021349583702538295,2.685932159423828,1.858720064163208,1.9083974361419678,3.6613173484802246,1.4450439370669996,1.407428090478748,0.9739690637610644,1.91852979842709,186,205
69,"[1.92771679e+01 6.98304857e+00 2.59534709e-01 3.00000000e+00
 1.50000000e+01 3.90361094e+04 1.40000000e+01]","[0.00000000e+00 0.00000000e+00 0.00000000e+00 3.00000000e+00
 1.50000000e+01 3.90361094e+04 1.40000000e+01]","[9.50000000e+01 5.50200000e+00 0.00000000e+00 3.00000000e+00
 1.50000000e+01 3.90361094e+04 1.40000000e+01]","[0.00000000e+00 1.24170000e+01 0.00000000e+00 3.00000000e+00
 1.50000000e+01 3.90361094e+04 1.40000000e+01]","[6.12116495e-01 8.00431873e-02 1.00000000e+00 3.20968946e-04
 3.21113847e-01 2.09657259e-01 3.20968946e-04 1.79814757e-04
 1.79814757e-04 1.79814757e-04 3.97156866e-04 8.99265646e-01]","[7.89893117e-01 1.16115409e-01 9.60000000e-01 3.62508668e-04
 5.83621885e-02 1.04551758e-01 3.62508668e-04 1.79814757e-04
 1.79814757e-04 1.79814757e-04 3.73045012e-04 8.21841031e-03]","[5.32116690e-01 8.00431873e-02 9.90000000e-01 3.20968946e-04
 5.81715786e-02 7.54619721e-02 3.20968946e-04 1.79814757e-04
 1.79814757e-04 1.79814757e-04 3.97156866e-04 3.84699382e-02]","[1.42573054e-01 2.16499401e-02 1.00000000e+00 5.78117382e-04
 1.74239783e-02 5.67991541e-02 5.78117382e-04 1.94268898e-04
 1.94268898e-04 1.94268898e-04 1.62685668e-04 1.00330727e-02]",309.0345846248426,297.0,386.498,284.58299999999997,-12.03458462484258,89.49799999999999,77.46341537515741,101.91500000000002,-0.03894251719254062,0.3013400673400673,0.25066260939433477,0.35812047803277086,2.997779369354248,0.19889354705810547,1.9230616092681885,0.27363109588623047,15.072280693342284,1.558857685529398,0.10342546806588969,0.1422893029362483,198,6
70,"[4.23773645e+01 6.96571425e+00 3.16867821e-01 4.00000000e+00
 1.10000000e+01 5.27658850e+03 1.90000000e+01]","[1.0000000e+02 0.0000000e+00 0.0000000e+00 4.0000000e+00 1.1000000e+01
 5.2765885e+03 1.9000000e+01]","[9.6000000e+01 5.3315000e+00 0.0000000e+00 4.0000000e+00 1.1000000e+01
 5.2765885e+03 1.9000000e+01]","[1.0000000e+02 2.4623500e+01 0.0000000e+00 4.0000000e+00 1.1000000e+01
 5.2765885e+03 1.9000000e+01]","[0.70485269 0.06893572 0.98       0.00168636 0.35126145 0.27650343
 0.00168636 0.00304204 0.00304204 0.00304204 0.00381836 0.9707425 ]","[0.8654533  0.06893572 0.99       0.00168636 0.06051792 0.07846317
 0.00168636 0.00304204 0.00304204 0.00304204 0.00381836 0.76754289]","[[0.40204465 0.06893572 0.98       0.00168636 0.06603417 0.08602962
  0.00168636 0.00304204 0.00304204 0.00304204 0.00381836 0.44486202]]","[6.03458967e-02 6.37849818e-02 9.50000000e-01 9.12111718e-04
 6.98990291e-02 6.15413250e-02 9.12111718e-04 6.87978882e-03
 6.87978882e-03 6.87978882e-03 2.98871845e-03 3.38456031e-02]",331.09478243997944,396.0,386.6685,371.3765,64.90521756002056,-9.331500000000005,55.573717560020555,15.291999999999973,0.19603213642240502,-0.023564393939393954,0.16784836399557249,0.04117654186519603,2.5604569911956787,5.445316314697266,1.294787883758545,3.546311855316162,0.4702127191922419,1.9775107747866127,4.205566319396237,2.7389133770867806,162,203
71,"[8.95125360e-01 7.62876111e+00 1.37220260e-01 3.00000000e+00
 9.00000000e+00 2.42751246e+04 2.50000000e+01]","[1.00000000e+02 2.63634162e+01 0.00000000e+00 3.00000000e+00
 9.00000000e+00 2.42751246e+04 2.50000000e+01]","[9.60000000e+01 3.02340000e+01 1.10000000e+01 3.00000000e+00
 9.00000000e+00 2.42751246e+04 2.50000000e+01]","[1.00000000e+02 3.31170000e+01 0.00000000e+00 3.00000000e+00
 9.00000000e+00 2.42751246e+04 2.50000000e+01]","[1.00443448e-01 1.86882639e-01 9.90000000e-01 5.74039645e-04
 3.42453914e-01 4.51028703e-01 5.74039645e-04 1.51172193e-04
 1.51172193e-04 1.51172193e-04 4.18610907e-05 8.22231431e-01]","[5.79287456e-02 5.79998667e-02 9.90000000e-01 2.25997603e-04
 6.83677997e-02 6.44692587e-02 2.25997603e-04 3.39391554e-04
 3.39391554e-04 3.39391554e-04 1.05129293e-04 3.00713227e-02]","[[4.51532107e-03 6.09297294e-02 1.00000000e+00 1.39271051e-05
  7.22582832e-02 5.65540171e-02 1.39271051e-05 1.75491386e-05
  1.75491386e-05 1.75491386e-05 1.09714911e-05 2.74094080e-03]]","[5.79287456e-02 5.47345352e-02 1.00000000e+00 3.28871611e-05
 6.76717825e-02 5.92839678e-02 3.28871611e-05 1.08616907e-04
 1.08616907e-04 1.08616907e-04 3.05645990e-05 3.00713227e-02]",290.12914399207745,370.63658383838384,351.766,363.883,80.5074398463064,-18.870583838383823,61.636856007922574,-12.116999999999962,0.2774882893133439,-0.05091398059780398,0.21244627533732252,-0.03329916484144618,2.4144256114959717,1.7037646770477295,2.111727237701416,3.5604653358459473,1.4171121423174884,1.1433416060513755,0.8068109586455172,1.6860441406824214,168,206
72,"[4.52451303e+01 7.64539566e+00 8.82467253e-03 2.00000000e+00
 6.00000000e+00 2.49834398e+04 1.60000000e+01]","[1.00000000e+02 6.83481414e+00 0.00000000e+00 2.00000000e+00
 6.00000000e+00 2.49834398e+04 1.60000000e+01]","[1.00000000e+00 3.11567000e+01 0.00000000e+00 2.00000000e+00
 6.00000000e+00 2.49834398e+04 1.60000000e+01]","[1.00000000e+02 4.61567000e+01 0.00000000e+00 2.00000000e+00
 6.00000000e+00 2.49834398e+04 1.60000000e+01]","[9.26535704e-02 2.34731042e-01 1.00000000e+00 7.82509160e-04
 3.27190468e-01 5.06290960e-01 7.82509160e-04 1.34726317e-04
 1.34726317e-04 1.34726317e-04 6.52824165e-05 8.45015061e-01]","[2.96282900e-01 8.19770207e-02 1.00000000e+00 7.82509160e-04
 8.97258304e-02 1.36657752e-01 7.82509160e-04 1.34726317e-04
 1.34726317e-04 1.34726317e-04 7.40276591e-05 5.81587506e-01]","[[5.79287456e-02 8.35767156e-02 1.00000000e+00 1.63742545e-04
  9.96457680e-02 9.37808192e-02 1.63742545e-04 4.61947457e-05
  4.61947457e-05 4.61947457e-05 7.38272283e-05 3.52581643e-02]]","[5.11574683e-02 5.82374157e-02 1.00000000e+00 1.69641906e-04
 7.31871206e-02 5.03118120e-02 1.69641906e-04 5.95660094e-05
 5.95660094e-05 5.95660094e-05 7.28353698e-05 9.20655255e-03]",335.59090997417593,391.16518585858586,267.8433,351.8433,55.57427588440993,-123.32188585858586,-67.74760997417593,-84.0,0.1656012550777565,-0.3152680512400437,-0.20187558113355686,-0.23874264480807222,2.4336445331573486,1.6915886402130127,0.2791140079498291,3.5093352794647217,1.438673963222461,8.719177339156685,6.060565188534273,12.573124886284914,48,203
73,"[1.46562894e+01 6.96646560e+00 1.93707931e-01 3.00000000e+00
 3.00000000e+00 7.68574300e+03 4.30000000e+01]","[0.000000e+00 0.000000e+00 0.000000e+00 3.000000e+00 3.000000e+00
 7.685743e+03 4.300000e+01]","[9.600000e+01 0.000000e+00 1.100000e+01 3.000000e+00 3.000000e+00
 7.685743e+03 4.300000e+01]","[1.000000e+02 1.658170e+01 0.000000e+00 3.000000e+00 3.000000e+00
 7.685743e+03 4.300000e+01]","[4.33378096e-01 3.42232452e-02 1.00000000e+00 4.34946909e-04
 2.23265612e-01 1.52093757e-01 4.34946909e-04 1.41708850e-04
 1.41708850e-04 1.41708850e-04 7.12932670e-05 9.59801038e-01]","[6.65074538e-01 3.36389868e-02 1.00000000e+00 3.55774566e-04
 3.30659371e-02 5.83500390e-02 3.55774566e-04 1.31478999e-04
 1.31478999e-04 1.31478999e-04 8.47841948e-05 2.52717225e-01]","[[6.95600721e-01 1.90215829e-02 9.90000000e-01 8.54153841e-05
  1.85324798e-02 2.12160153e-02 8.54153841e-05 3.04344412e-05
  3.04344412e-05 3.04344412e-05 1.01942474e-04 2.72080011e-03]]","[1.12354531e-01 3.00473662e-02 1.00000000e+00 1.76393602e-04
 2.18345305e-02 2.23105516e-02 1.76393602e-04 8.12924191e-05
 8.12924191e-05 8.12924191e-05 1.10817462e-04 2.59641177e-02]",304.4961158867735,297.0,382.0,380.4183,-7.496115886773509,85.0,77.50388411322649,1.581700000000012,-0.02461810018476863,0.28619528619528617,0.25453160178255346,0.004157791567860989,2.9095027446746826,0.1896984577178955,16.824217081069946,4.117247581481934,15.337513966515553,0.17293540202523652,0.011275321567940177,0.24472149649771963,1002,206
74,"[5.42311401e+00 5.19583940e+00 3.04340309e+01 1.00000000e+00
 2.10000000e+01 3.73164734e+04 6.30000000e+01]","[1.00000000e+02 2.54551091e+01 0.00000000e+00 1.00000000e+00
 2.10000000e+01 3.73164734e+04 6.30000000e+01]","[9.60000000e+01 1.61730000e+01 0.00000000e+00 1.00000000e+00
 2.10000000e+01 3.73164734e+04 6.30000000e+01]","[1.00000000e+02 1.61730000e+01 0.00000000e+00 1.00000000e+00
 2.10000000e+01 3.73164734e+04 6.30000000e+01]","[6.98808562e-01 1.13941141e-01 7.60000000e-01 6.84705810e-05
 2.10183469e-02 2.04250502e-02 6.84705810e-05 9.56114673e-05
 9.56114673e-05 9.56114673e-05 9.64188221e-05 9.11319518e-04]","[5.04025178e-02 5.60184670e-02 1.00000000e+00 1.50711770e-04
 2.97110317e-01 4.40170181e-01 1.50711770e-04 1.68476923e-04
 1.68476923e-04 1.68476923e-04 7.15731003e-05 5.53628268e-03]","[8.56010205e-02 3.38006321e-02 1.00000000e+00 9.36091310e-05
 2.91436723e-02 5.23846006e-02 9.36091310e-05 1.95901899e-04
 1.95901899e-04 1.95901899e-04 6.12517688e-05 6.05707597e-03]","[8.56010205e-02 3.38006321e-02 1.00000000e+00 9.36091310e-05
 2.91436723e-02 5.23846006e-02 9.36091310e-05 1.95901899e-04
 1.95901899e-04 1.95901899e-04 6.12517688e-05 6.05707597e-03]",268.793243695652,373.5448909090909,378.827,382.827,104.7516472134389,5.282109090909103,110.033756304348,-4.0,0.38971086390864285,0.014140493470688647,0.4093620613058881,-0.01044858382506981,3.1586897373199463,1.8879451751708984,7.624685764312744,3.8427062034606934,1.673083402453156,0.4142714644194464,0.24760957153243018,0.5039822390381563,1002,203
75,"[1.07229624e+01 5.07635526e+00 1.35562148e-01 1.00000000e+00
 2.00000000e+00 1.27811234e+04 8.80000000e+01]","[1.00000000e+02 0.00000000e+00 0.00000000e+00 1.00000000e+00
 2.00000000e+00 1.27811234e+04 8.80000000e+01]","[3.50000000e+01 0.00000000e+00 6.10000000e+01 1.00000000e+00
 2.00000000e+00 1.27811234e+04 8.80000000e+01]","[1.00000000e+02 1.54144000e+01 1.00000000e+00 1.00000000e+00
 2.00000000e+00 1.27811234e+04 8.80000000e+01]","[0.26335886 0.72404633 0.93       0.01594483 0.81161043 0.86038801
 0.01594483 0.00350645 0.00350645 0.00350645 0.00987825 0.12748247]","[0.21691031 0.72404633 0.93       0.01594483 0.81161043 0.86038801
 0.01594483 0.00350645 0.00350645 0.00350645 0.00987825 0.06749507]","[[2.29511762e-01 4.42763567e-01 9.60000000e-01 2.24269950e-03
  5.83007108e-01 6.12312391e-01 2.24269950e-03 3.75218544e-04
  3.75218544e-04 3.75218544e-04 5.53676067e-03 8.96841293e-04]]","[4.95099236e-03 4.74819757e-02 9.90000000e-01 1.20360652e-04
 4.60603940e-02 6.20127307e-02 1.20360652e-04 2.15173335e-04
 2.15173335e-04 2.15173335e-04 1.58308726e-03 3.71337357e-03]",304.51104495841173,399.0,273.0,382.5856,94.48895504158827,-126.0,-31.51104495841173,-109.5856,0.31029729990415617,-0.3157894736842105,-0.10348079480241945,-0.2864341993007578,9.676969766616821,1.9195046424865723,2.0772881507873535,11.444521188735962,5.041389091969605,4.658462892087919,0.9240435140204422,5.5093566024521685,198,305
76,"[4.00285794e+00 7.64162022e+00 1.20716921e-03 1.00000000e+00
 1.80000000e+01 2.50286267e+04 4.10000000e+01]","[0.00000000e+00 6.83481414e+00 0.00000000e+00 1.00000000e+00
 1.80000000e+01 2.50286267e+04 4.10000000e+01]","[9.50000000e+01 3.05300000e+00 0.00000000e+00 1.00000000e+00
 1.80000000e+01 2.50286267e+04 4.10000000e+01]","[0.00000000e+00 3.31170000e+01 0.00000000e+00 1.00000000e+00
 1.80000000e+01 2.50286267e+04 4.10000000e+01]","[4.69371028e-02 3.28194138e-01 1.00000000e+00 4.83055046e-04
 5.25560049e-01 5.48228208e-01 4.83055046e-04 1.01704965e-04
 1.01704965e-04 1.01704965e-04 1.13517519e-04 6.63529096e-01]","[7.12799976e-02 1.22584001e-01 9.90000000e-01 5.45560266e-04
 1.55642049e-01 1.57761046e-01 5.45560266e-04 1.01704965e-04
 1.01704965e-04 1.01704965e-04 1.37275681e-04 2.44563396e-01]","[[6.24704204e-01 1.24514050e-01 6.40000000e-01 4.83055046e-04
  1.29641180e-01 1.19428807e-01 4.83055046e-04 1.01704965e-04
  1.01704965e-04 1.01704965e-04 1.73452980e-04 3.43242982e-02]]","[3.42965173e-02 7.36666082e-02 1.00000000e+00 2.04192445e-04
 8.52467903e-02 8.32274437e-02 2.04192445e-04 7.88199774e-04
 7.88199774e-04 7.88199774e-04 4.78197413e-04 1.38621715e-02]",295.3600305497336,292.16518585858586,390.947,265.88300000000004,-3.1948446911477504,98.78181414141415,95.5869694502664,125.06399999999996,-0.01081678074450833,0.3381026177062268,0.32362865507684585,0.47037230661606777,10.418584823608398,0.3401162624359131,5.651164770126343,1.2865591049194336,30.63242183420011,1.8436172448349035,0.06018516116073344,0.22766264252646629,198,7
77,"[1.45827690e+01 6.97747172e+00 4.28410267e-01 2.00000000e+00
 0.00000000e+00 3.51638800e+04 1.90000000e+01]","[0.000000e+00 0.000000e+00 0.000000e+00 2.000000e+00 0.000000e+00
 3.516388e+04 1.900000e+01]","[9.500000e+01 1.301330e+01 0.000000e+00 2.000000e+00 0.000000e+00
 3.516388e+04 1.900000e+01]","[0.000000e+00 3.531130e+01 0.000000e+00 2.000000e+00 0.000000e+00
 3.516388e+04 1.900000e+01]","[4.03666543e-01 3.26517727e-02 9.80000000e-01 4.53609449e-04
 1.77820826e-01 1.97800200e-01 4.53609449e-04 1.43999147e-04
 1.43999147e-04 1.43999147e-04 6.12173753e-05 9.16206784e-01]","[5.53143051e-01 1.11240056e-01 9.20000000e-01 3.49281880e-04
 4.72141693e-02 9.53359440e-02 3.49281880e-04 1.43999147e-04
 1.43999147e-04 1.43999147e-04 4.95378263e-05 1.06618566e-02]","[1.24287737e-01 2.73482463e-02 9.90000000e-01 5.77458472e-04
 2.83755877e-02 6.06893450e-02 5.77458472e-04 1.15031507e-04
 1.15031507e-04 1.15031507e-04 8.60978034e-05 2.70125256e-02]","[6.16958363e-02 2.84946630e-02 1.00000000e+00 1.07236818e-04
 3.53614387e-02 4.75360984e-02 1.07236818e-04 6.21706713e-05
 6.21706713e-05 6.21706713e-05 6.10132120e-05 2.40263113e-01]",305.17688704224986,298.0,379.9867,262.6887,-7.176887042249859,81.98669999999998,74.80981295775013,117.298,-0.023517138246633547,0.2751231543624161,0.24513590685979167,0.4465285335836677,11.538259983062744,0.8376438617706299,6.380588531494141,1.373410701751709,13.774660699683178,1.8083378870320028,0.1312800312441522,0.21524827921008374,174,7
78,"[8.94689694e+01 5.07440606e+00 2.14305208e-01 1.00000000e+00
 1.50000000e+01 2.25118633e+04 1.00000000e+02]","[1.00000000e+02 0.00000000e+00 0.00000000e+00 1.00000000e+00
 1.50000000e+01 2.25118633e+04 1.00000000e+02]","[9.60000000e+01 4.37340000e+00 0.00000000e+00 1.00000000e+00
 1.50000000e+01 2.25118633e+04 1.00000000e+02]","[1.00000000e+02 2.86129000e+01 0.00000000e+00 1.00000000e+00
 1.50000000e+01 2.25118633e+04 1.00000000e+02]","[0.21113381 0.62070535 0.89       0.03099925 0.62795526 0.60357945
 0.03099925 0.00688737 0.00688737 0.00688737 0.00572447 0.0488679 ]","[0.18998899 0.62070535 0.89       0.03099925 0.62795526 0.60357945
 0.03099925 0.00688737 0.00688737 0.00688737 0.00572447 0.02482058]","[[0.18998899 0.62070535 0.89       0.03099925 0.62795526 0.60357945
  0.03099925 0.00688737 0.00688737 0.00688737 0.00572447 0.02482058]]","[0.14418564 0.0533826  0.87       0.0106754  0.0372175  0.03873527
 0.0106754  0.00796091 0.00796091 0.00796091 0.00383931 0.03809698]",383.1802581089648,399.0,390.6266,370.3871,15.819741891035221,-8.373400000000004,7.4463418910352175,20.23950000000002,0.041285378242363856,-0.020985964912280712,0.019432999830898662,0.05464418172231166,10.461165428161621,6.676267862319946,2.2450273036956787,7.621464490890503,1.5669181710343263,4.65970521202163,2.973802524062726,3.3948204007783502,84,104
79,"[1.34624370e+01 7.63275223e+00 1.71309623e-01 4.00000000e+00
 1.00000000e+00 2.12941487e+04 5.80000000e+01]","[1.00000000e+02 0.00000000e+00 0.00000000e+00 4.00000000e+00
 1.00000000e+00 2.12941487e+04 5.80000000e+01]","[9.50000000e+01 2.73823000e+01 1.10000000e+01 4.00000000e+00
 1.00000000e+00 2.12941487e+04 5.80000000e+01]","[0.00000000e+00 3.73823000e+01 0.00000000e+00 4.00000000e+00
 1.00000000e+00 2.12941487e+04 5.80000000e+01]","[0.1209749  0.21760053 0.99       0.0056145  0.34177309 0.58688548
 0.0056145  0.00517754 0.00517754 0.00517754 0.00183079 0.81894676]","[0.56693129 0.07887224 0.99       0.0056145  0.06955851 0.11259259
 0.0056145  0.00517754 0.00517754 0.00517754 0.00207555 0.04746008]","[[4.29323119e-03 9.98057427e-02 1.00000000e+00 4.50800260e-04
  9.13707748e-02 1.02916102e-01 4.50800260e-04 1.14856681e-04
  1.14856681e-04 1.14856681e-04 3.51786730e-05 2.66658880e-03]]","[5.14815549e-02 3.85821912e-02 1.00000000e+00 1.98905094e-04
 4.53559224e-02 7.06275677e-02 1.98905094e-04 2.16408240e-04
 2.16408240e-04 2.16408240e-04 3.55834112e-04 1.10581602e-02]",301.65837511274594,396.0,352.6177,258.6177,94.34162488725406,-43.38229999999999,50.95932488725407,94.0,0.31274326413776354,-0.1095512626262626,0.1689305820473502,0.3634708683899052,10.402832508087158,7.063589334487915,7.753218650817871,1.7861473560333252,1.4727402762920285,1.3417437294883698,0.9110525128480405,0.23037494961462338,168,8
80,"[6.87925223e+01 6.96790739e+00 3.32643852e-01 4.00000000e+00
 1.00000000e+01 2.20919097e+04 3.40000000e+01]","[1.00000000e+02 6.83481414e+00 0.00000000e+00 4.00000000e+00
 1.00000000e+01 2.20919097e+04 3.40000000e+01]","[9.50000000e+01 8.04300000e-01 0.00000000e+00 4.00000000e+00
 1.00000000e+01 2.20919097e+04 3.40000000e+01]","[0.00000000e+00 2.89268000e+01 0.00000000e+00 4.00000000e+00
 1.00000000e+01 2.20919097e+04 3.40000000e+01]","[4.00445151e-01 5.70081688e-02 1.00000000e+00 2.19871709e-03
 3.33203959e-01 2.41382631e-01 2.19871709e-03 3.82610044e-04
 3.82610044e-04 3.82610044e-04 1.34611648e-04 9.72053253e-01]","[3.66129228e-01 5.70081688e-02 1.00000000e+00 2.19871709e-03
 6.85293611e-02 8.91720069e-02 2.19871709e-03 3.82610044e-04
 3.82610044e-04 3.82610044e-04 1.34611648e-04 5.71218655e-01]","[[7.66092696e-01 5.70081688e-02 9.70000000e-01 2.19871709e-03
  5.61140156e-02 6.61954767e-02 2.19871709e-03 3.82610044e-04
  3.82610044e-04 3.82610044e-04 1.34611648e-04 6.05214256e-02]]","[3.78005792e-02 6.19897717e-02 1.00000000e+00 1.83803798e-03
 5.46302783e-02 6.48025321e-02 1.83803798e-03 1.21725723e-03
 1.21725723e-03 1.21725723e-03 7.90054968e-04 2.66813849e-02]",357.49197102861274,389.16518585858586,390.1957,267.0732,31.67321482997312,1.0305141414141303,32.70372897138725,123.1225,0.08859839492014235,0.0026480121523218595,0.09148101669888896,0.46100657048329824,9.557286024093628,6.617318391799927,6.657089471817017,1.342517614364624,1.4442838410098056,1.4356553362478721,0.9940257555219196,0.20166735328527755,174,7
81,"[3.42407398e+01 7.65136710e+00 3.14384390e-02 4.00000000e+00
 6.00000000e+00 2.17094802e+04 8.10000000e+01]","[1.00000000e+02 0.00000000e+00 0.00000000e+00 4.00000000e+00
 6.00000000e+00 2.17094802e+04 8.10000000e+01]","[1.00000000e+00 4.25430000e+00 0.00000000e+00 4.00000000e+00
 6.00000000e+00 2.17094802e+04 8.10000000e+01]","[1.00000000e+02 4.92543000e+01 0.00000000e+00 4.00000000e+00
 6.00000000e+00 2.17094802e+04 8.10000000e+01]","[0.15321324 0.28217314 1.         0.00135415 0.44354263 0.61191992
 0.00135415 0.21314687 0.21314687 0.21314687 0.07141933 0.79890248]","[0.34105424 0.59788875 0.99       0.00135415 0.48953705 0.65010971
 0.00135415 0.21314687 0.21314687 0.21314687 0.04389281 0.0357498 ]","[[0.34105424 0.59788875 0.99       0.00135415 0.48953705 0.65010971
  0.00135415 0.21314687 0.21314687 0.21314687 0.04389281 0.0357498 ]]","[8.55870871e-02 1.28644908e-02 9.80000000e-01 2.93422181e-05
 1.47019168e-02 2.35542777e-02 2.93422181e-05 3.69796678e-02
 3.69796678e-02 3.69796678e-02 1.94744319e-02 1.39045492e-02]",322.5579342449068,396.0,292.7457,346.7457,73.44206575509321,-103.2543,-29.81223424490679,-54.0,0.22768643384022685,-0.26074318181818185,-0.09242443319429067,-0.15573372647447395,3.1279313564300537,6.809167385101318,1.2163503170013428,5.706291913986206,0.45937060723078565,2.571571127749869,5.598031496294502,4.691322749891556,66,103
82,"[6.47201430e+01 5.07642616e+00 3.42633635e-02 3.00000000e+00
 1.70000000e+01 1.63356922e+04 9.90000000e+01]","[0.00000000e+00 0.00000000e+00 0.00000000e+00 3.00000000e+00
 1.70000000e+01 1.63356922e+04 9.90000000e+01]","[0.00000000e+00 5.73730000e+00 0.00000000e+00 3.00000000e+00
 1.70000000e+01 1.63356922e+04 9.90000000e+01]","[1.00000000e+02 3.87428000e+01 0.00000000e+00 3.00000000e+00
 1.70000000e+01 1.63356922e+04 9.90000000e+01]","[0.25609161 0.59065983 0.88       0.0026846  0.66016735 0.65994371
 0.0026846  0.00348766 0.00348766 0.00348766 0.00426453 0.09464561]","[0.24258463 0.59065983 0.94       0.00303111 0.66016735 0.66223239
 0.00303111 0.00369532 0.00369532 0.00369532 0.00472437 0.03136884]","[[0.13064145 0.09506852 1.         0.00303111 0.10416811 0.10703838
  0.00303111 0.00369532 0.00369532 0.00369532 0.00472437 0.02964398]]","[1.37936609e-01 1.80872780e-02 9.80000000e-01 1.02822459e-03
 1.33404708e-02 2.18394519e-02 1.02822459e-03 1.31603307e-03
 1.31603307e-03 1.31603307e-03 2.55897350e-04 2.63093285e-02]",356.60945350710136,297.0,291.2627,358.2572,-59.609453507101364,-5.737300000000005,-65.34675350710137,-66.99450000000002,-0.16715612253367906,-0.019317508417508435,-0.1832445911471051,-0.1870011265649372,2.8956615924835205,0.27793216705322266,0.3795166015625,2.1245627403259277,10.418591065527925,7.629868049412995,0.7323320400450306,5.598075898600836,54,103
83,"[8.59832122e+00 5.07176391e+00 2.06161310e-01 2.00000000e+00
 2.00000000e+01 2.84051616e+04 8.80000000e+01]","[1.00000000e+02 0.00000000e+00 0.00000000e+00 2.00000000e+00
 2.00000000e+01 2.84051616e+04 8.80000000e+01]","[9.60000000e+01 1.86802000e+01 0.00000000e+00 2.00000000e+00
 2.00000000e+01 2.84051616e+04 8.80000000e+01]","[1.00000000e+02 1.90582000e+01 0.00000000e+00 2.00000000e+00
 2.00000000e+01 2.84051616e+04 8.80000000e+01]","[3.28405562e-01 7.80848900e-01 6.10000000e-01 4.38393699e-03
 7.96231133e-01 8.25996504e-01 4.38393699e-03 7.79841561e-04
 7.79841561e-04 7.79841561e-04 1.62165111e-03 4.69281013e-02]","[2.99982246e-01 7.80848900e-01 6.10000000e-01 4.38393699e-03
 7.96231133e-01 8.25996504e-01 4.38393699e-03 7.79841561e-04
 7.79841561e-04 7.79841561e-04 1.62165111e-03 2.38114391e-02]","[[1.26723366e-01 3.20155684e-01 9.90000000e-01 2.06967990e-04
  4.13474724e-01 5.25746714e-01 2.06967990e-04 7.46038218e-04
  7.46038218e-04 7.46038218e-04 3.17718339e-04 3.48433137e-02]]","[7.77758838e-02 1.28856323e-01 1.00000000e+00 2.06967990e-04
 1.16631821e-01 1.71714394e-01 2.06967990e-04 4.02990467e-04
 4.02990467e-04 4.02990467e-04 3.24358232e-04 3.48433137e-02]",301.32039599805205,398.0,375.3198,378.9418,96.67960400194795,-22.680200000000013,73.99940400194794,-3.622000000000014,0.32085316920455975,-0.056985427135678425,0.2455837871739234,-0.00955819600793582,12.310484170913696,6.7193567752838135,3.934081792831421,7.194355487823486,1.8320926515162939,3.1291886694744204,1.7079860381976923,1.828725447684603,162,103
84,"[1.85071204e+00 6.98719949e+00 3.75621925e-01 4.00000000e+00
 7.00000000e+00 2.22607488e+04 1.10000000e+01]","[1.00000000e+02 6.83481414e+00 0.00000000e+00 4.00000000e+00
 7.00000000e+00 2.22607488e+04 1.10000000e+01]","[2.50000000e+01 3.12750000e+00 0.00000000e+00 4.00000000e+00
 7.00000000e+00 2.22607488e+04 1.10000000e+01]","[0.00000000e+00 1.24170000e+01 0.00000000e+00 4.00000000e+00
 7.00000000e+00 2.22607488e+04 1.10000000e+01]","[3.81494516e-01 4.61747605e-02 1.00000000e+00 1.35415141e-03
 1.92882103e-01 1.00679311e-01 1.35415141e-03 1.47312036e-04
 1.47312036e-04 1.47312036e-04 4.59296971e-05 9.50008013e-01]","[3.47860336e-01 4.61747605e-02 1.00000000e+00 1.35415141e-03
 3.39881692e-02 3.32986712e-02 1.35415141e-03 1.47312036e-04
 1.47312036e-04 1.47312036e-04 4.59296971e-05 4.21241956e-01]","[[8.02897712e-01 4.61747605e-02 9.90000000e-01 1.35415141e-03
  2.76448689e-02 2.43341325e-02 1.35415141e-03 1.47312036e-04
  1.47312036e-04 1.47312036e-04 4.59296971e-05 3.04893147e-02]]","[4.94769025e-02 1.66665682e-02 1.00000000e+00 1.66254735e-03
 1.08892094e-02 2.44047037e-02 1.66254735e-03 1.47123937e-04
 1.47123937e-04 1.47123937e-04 8.56562474e-05 1.72898486e-02]",290.4878906267197,389.16518585858586,317.8725,283.58299999999997,98.67729523186614,-71.29268585858586,27.384609373280284,34.28950000000003,0.3396950386433409,-0.1831938941334081,0.09427108756306067,0.12091521706167166,4.164306640625,4.675754070281982,5.650611400604248,1.4458236694335938,0.8906171235763607,0.7369656742241538,0.8274775486741099,0.255870306225444,162,7
85,"[5.90366635e+01 7.62393443e+00 3.39024447e-01 4.00000000e+00
 1.00000000e+01 2.62315043e+04 2.00000000e+01]","[1.00000000e+02 1.22846566e+01 0.00000000e+00 4.00000000e+00
 1.00000000e+01 2.62315043e+04 2.00000000e+01]","[9.60000000e+01 6.29350000e+00 0.00000000e+00 4.00000000e+00
 1.00000000e+01 2.62315043e+04 2.00000000e+01]","[1.00000000e+02 1.24170000e+01 0.00000000e+00 4.00000000e+00
 1.00000000e+01 2.62315043e+04 2.00000000e+01]","[9.95658401e-02 1.94875344e-01 1.00000000e+00 9.88259329e-04
 2.75243678e-01 4.60261202e-01 9.88259329e-04 3.49268405e-04
 3.49268405e-04 3.49268405e-04 1.06447849e-04 8.57756979e-01]","[9.95314070e-02 4.97940709e-02 1.00000000e+00 2.12730328e-03
 5.08549500e-02 6.21325258e-02 2.12730328e-03 4.21442091e-04
 4.21442091e-04 4.21442091e-04 8.88298382e-05 3.20185586e-01]","[[3.13143732e-01 6.58268814e-02 1.00000000e+00 9.88259329e-04
  6.33788021e-02 9.51722444e-02 9.88259329e-04 3.49268405e-04
  3.49268405e-04 3.49268405e-04 1.20707060e-04 2.73563891e-01]]","[9.95314070e-02 4.97940709e-02 1.00000000e+00 1.25790050e-03
 5.08549500e-02 6.21325258e-02 1.25790050e-03 4.21442091e-04
 4.21442091e-04 4.21442091e-04 8.88298382e-05 5.80333926e-02]",347.0737046667896,383.7153434343434,385.7065,383.58299999999997,36.64163876755384,1.9911565656565813,38.632795333210424,2.1235000000000355,0.10557307648164212,0.005189150237869712,0.11131006127444917,0.005535959622819665,3.239805221557617,1.8663873672485352,1.5600790977478027,2.101732015609741,1.7358696690782909,2.076692922964444,1.1963414995707156,1.3471958047793167,198,104
86,"[6.01969896e+01 6.97842865e+00 3.56724115e-01 1.00000000e+00
 1.40000000e+01 3.86661264e+04 6.30000000e+01]","[1.00000000e+02 6.92670000e+00 0.00000000e+00 1.00000000e+00
 1.40000000e+01 3.86661264e+04 6.30000000e+01]","[9.60000000e+01 3.04370000e+00 0.00000000e+00 1.00000000e+00
 1.40000000e+01 3.86661264e+04 6.30000000e+01]","[1.00000000e+02 6.92670000e+00 0.00000000e+00 1.00000000e+00
 1.40000000e+01 3.86661264e+04 6.30000000e+01]","[4.01441055e-01 5.03158430e-02 9.80000000e-01 4.62094118e-04
 2.92722270e-01 1.68258345e-01 4.62094118e-04 1.10637971e-04
 1.10637971e-04 1.10637971e-04 9.20217935e-05 8.96032933e-01]","[4.01441055e-01 5.03158430e-02 9.80000000e-01 4.62094118e-04
 5.74338577e-02 5.85966561e-02 4.62094118e-04 1.10637971e-04
 1.10637971e-04 1.10637971e-04 9.20217935e-05 1.78840171e-01]","[5.67571707e-01 1.88667120e-01 8.10000000e-01 4.62094118e-04
 8.66127149e-02 8.17599827e-02 4.62094118e-04 1.10637971e-04
 1.10637971e-04 1.10637971e-04 9.20217935e-05 1.48865362e-02]","[4.01441055e-01 5.03158430e-02 9.80000000e-01 4.62094118e-04
 5.74338577e-02 5.85966561e-02 4.62094118e-04 1.10637971e-04
 1.10637971e-04 1.10637971e-04 9.20217935e-05 1.78840171e-01]",351.86183680546765,392.0733,391.9563,392.0733,40.21146319453237,-0.11700000000001864,40.09446319453235,-0.11700000000001864,0.11428196805771781,-0.0002984135874593313,0.11394945117818846,-0.0002984135874593313,5.072537660598755,5.319835424423218,12.504697561264038,5.031534671783447,0.953514019871907,0.40565056737653693,0.4254269564185655,0.40237156053815304,1002,202
87,"[1.36261173e-01 7.60520745e+00 8.94942998e+01 3.00000000e+00
 7.00000000e+00 2.50766982e+04 4.50000000e+01]","[1.00000000e+02 6.83481414e+00 0.00000000e+00 3.00000000e+00
 7.00000000e+00 2.50766982e+04 4.50000000e+01]","[1.00000000e+00 1.36596000e+01 0.00000000e+00 3.00000000e+00
 7.00000000e+00 2.50766982e+04 4.50000000e+01]","[1.00000000e+02 4.86596000e+01 0.00000000e+00 3.00000000e+00
 7.00000000e+00 2.50766982e+04 4.50000000e+01]","[3.35751392e-03 1.82051019e-01 1.00000000e+00 8.89474104e-05
 2.58931784e-01 3.77158003e-01 8.89474104e-05 7.09364904e-05
 7.09364904e-05 7.09364904e-05 1.32132540e-04 4.07636951e-03]","[2.68856442e-01 5.81352086e-02 1.00000000e+00 5.74039645e-04
 7.91410692e-02 9.71592578e-02 5.74039645e-04 5.92405268e-04
 5.92405268e-04 5.92405268e-04 3.37218895e-04 5.91247681e-01]","[[9.26212819e-02 4.38877714e-02 1.00000000e+00 6.67956832e-04
  4.57672194e-02 5.80158318e-02 6.67956832e-04 4.73276072e-04
  4.73276072e-04 4.73276072e-04 4.29429871e-04 5.14612385e-02]]","[7.02368794e-02 2.30301667e-02 1.00000000e+00 3.40722254e-05
 2.83956924e-02 4.89452481e-02 3.40722254e-05 2.75132188e-04
 2.75132188e-04 2.75132188e-04 3.81447171e-04 7.84342298e-03]",200.03675396621918,390.16518585858586,284.3404,348.3404,190.12843189236668,-105.82478585858587,84.30364603378081,-64.0,0.9504674922113275,-0.2712307240475877,0.4214407820675666,-0.1837283301046907,3.8774023056030273,2.894552707672119,0.4492313861846924,5.5010833740234375,1.3395514599978882,8.631191908770399,6.443344781083668,12.245545487691679,54,203
88,"[1.64010753e+01 6.97291288e+00 3.24188347e-01 3.00000000e+00
 1.60000000e+01 1.49931873e+04 2.90000000e+01]","[0.00000000e+00 0.00000000e+00 0.00000000e+00 3.00000000e+00
 1.60000000e+01 1.49931873e+04 2.90000000e+01]","[9.50000000e+01 4.99450000e+00 0.00000000e+00 3.00000000e+00
 1.60000000e+01 1.49931873e+04 2.90000000e+01]","[0.00000000e+00 3.31170000e+01 0.00000000e+00 3.00000000e+00
 1.60000000e+01 1.49931873e+04 2.90000000e+01]","[2.60630941e-01 1.17885349e-01 1.00000000e+00 6.81171441e-05
 4.85243088e-01 3.85952543e-01 6.81171441e-05 1.15895695e-04
 1.15895695e-04 1.15895695e-04 2.25116077e-04 8.88268655e-01]","[4.70614356e-01 1.16044430e-01 9.60000000e-01 7.69353355e-05
 1.00839161e-01 1.22830098e-01 7.69353355e-05 1.07529268e-04
 1.07529268e-04 1.07529268e-04 2.26878707e-04 4.37757048e-02]","[[7.04479652e-01 1.17885349e-01 9.10000000e-01 6.81171441e-05
  1.00839161e-01 1.22830098e-01 6.81171441e-05 1.15895695e-04
  1.15895695e-04 1.15895695e-04 2.25116077e-04 7.12912786e-02]]","[3.66003810e-02 4.40227057e-02 1.00000000e+00 1.02961138e-04
 4.00371889e-02 6.17987473e-02 1.02961138e-04 3.83410923e-04
 3.83410923e-04 3.83410923e-04 4.14728071e-04 9.42079244e-03]",306.10397405268503,297.0,387.0055,263.88300000000004,-9.103974052685032,90.00549999999998,80.90152594731495,123.12249999999995,-0.029741443510687984,0.3030488215488215,0.26429426863105865,0.46657988578271403,4.621931552886963,0.25315141677856445,2.6892166137695312,0.3373849391937256,18.257577270167282,1.7186906882924187,0.09413574774243151,0.12545844669641767,186,6
89,"[4.03289860e+01 6.98926826e+00 3.87677711e-01 2.00000000e+00
 1.60000000e+01 3.50061558e+04 2.70000000e+01]","[0.00000000e+00 0.00000000e+00 0.00000000e+00 2.00000000e+00
 1.60000000e+01 3.50061558e+04 2.70000000e+01]","[1.00000000e+02 3.05969000e+01 0.00000000e+00 2.00000000e+00
 1.60000000e+01 3.50061558e+04 2.70000000e+01]","[0.00000000e+00 2.47724000e+01 0.00000000e+00 2.00000000e+00
 1.60000000e+01 3.50061558e+04 2.70000000e+01]","[1.93201884e-01 6.20338325e-02 1.00000000e+00 1.78575487e-04
 3.36213633e-01 2.05237268e-01 1.78575487e-04 1.92168853e-04
 1.92168853e-04 1.92168853e-04 3.97703028e-04 7.95805157e-01]","[3.76525011e-01 1.96943024e-01 8.40000000e-01 2.01690316e-04
 1.03983388e-01 9.93978249e-02 2.01690316e-04 1.92168853e-04
 1.92168853e-04 1.92168853e-04 3.14768171e-04 5.51196341e-03]","[5.25095114e-02 1.39489189e-01 1.00000000e+00 9.46154250e-05
 1.44257721e-01 8.70224742e-02 9.46154250e-05 2.32427800e-03
 2.32427800e-03 2.32427800e-03 2.68113241e-03 1.13781073e-02]","[2.33104349e-02 6.33880147e-02 1.00000000e+00 2.85917282e-04
 5.91295322e-02 6.77296694e-02 2.85917282e-04 2.78599065e-04
 2.78599065e-04 2.78599065e-04 1.51344546e-04 4.85430030e-03]",330.95204000335104,298.0,367.4031,273.2276,-32.952040003351044,69.4031,36.45105999664895,94.1755,-0.09956741769296056,0.2328963087248322,0.11014000698191759,0.34467784367318677,4.615236043930054,0.29686594009399414,2.902209520339966,0.3066236972808838,15.546532695764192,1.590249088353009,0.10228963071529693,0.10565181291423983,156,5
90,"[6.46317109e+01 6.97327298e+00 8.15335920e-03 1.00000000e+00
 9.00000000e+00 3.66264263e+04 5.80000000e+01]","[1.00000000e+02 0.00000000e+00 0.00000000e+00 1.00000000e+00
 9.00000000e+00 3.66264263e+04 5.80000000e+01]","[1.00000000e+02 4.30360000e+00 0.00000000e+00 1.00000000e+00
 9.00000000e+00 3.66264263e+04 5.80000000e+01]","[1.00000000e+02 9.12810000e+00 0.00000000e+00 1.00000000e+00
 9.00000000e+00 3.66264263e+04 5.80000000e+01]","[3.63826786e-01 4.13399777e-02 9.80000000e-01 3.79386009e-04
 2.56749216e-01 2.07847041e-01 3.79386009e-04 1.65294303e-04
 1.65294303e-04 1.65294303e-04 9.79150136e-05 9.22000141e-01]","[5.46572637e-01 1.49633757e-01 8.10000000e-01 3.79386009e-04
 7.33422176e-02 1.00832505e-01 3.79386009e-04 1.65294303e-04
 1.65294303e-04 1.65294303e-04 9.79150136e-05 1.89605955e-02]","[5.46572637e-01 1.49633757e-01 8.10000000e-01 3.79386009e-04
 7.33422176e-02 1.00832505e-01 3.79386009e-04 1.65294303e-04
 1.65294303e-04 1.65294303e-04 9.79150136e-05 1.89605955e-02]","[7.81251414e-02 3.41735163e-02 1.00000000e+00 3.79386009e-04
 3.49344131e-02 5.55265442e-02 3.79386009e-04 1.65294303e-04
 1.65294303e-04 1.65294303e-04 8.63480091e-05 3.92562751e-02]",356.6502846020966,399.0,394.6964,389.8719,42.349715397903424,-4.303600000000017,38.04611539790341,4.8245000000000005,0.1187429737933664,-0.010785964912280744,0.10667625133217054,0.012374577393241217,5.2361133098602295,3.2144458293914795,14.39055848121643,3.6637542247772217,1.6289318867916551,0.3638575470642625,0.2233718610425857,0.25459430428356283,1002,105
91,"[1.44345233e+00 5.07231628e+00 1.35089395e-02 4.00000000e+00
 6.00000000e+00 6.82123420e+03 9.40000000e+01]","[1.0000000e+02 0.0000000e+00 0.0000000e+00 4.0000000e+00 6.0000000e+00
 6.8212342e+03 9.4000000e+01]","[9.5000000e+01 1.5334800e+01 0.0000000e+00 4.0000000e+00 6.0000000e+00
 6.8212342e+03 9.4000000e+01]","[0.0000000e+00 3.0808300e+01 0.0000000e+00 4.0000000e+00 6.0000000e+00
 6.8212342e+03 9.4000000e+01]","[0.73529914 0.46508329 0.99       0.07388286 0.72709494 0.7511755
 0.07388286 0.01326816 0.01326816 0.01326816 0.01158765 0.45028498]","[0.68276264 0.46508329 0.99       0.07388286 0.72709494 0.7511755
 0.07388286 0.01326816 0.01326816 0.01326816 0.01158765 0.28865295]","[[0.27872451 0.06058301 1.         0.00487749 0.05847929 0.06963527
  0.00487749 0.00735724 0.00735724 0.00735724 0.0143155  0.08337861]]","[1.39998532e-01 2.08994297e-01 1.00000000e+00 2.10766704e-03
 2.35553034e-01 8.31555111e-02 2.10766704e-03 1.21896941e-04
 1.21896941e-04 1.21896941e-04 2.16844041e-04 6.26385376e-02]",292.3576271101674,396.0,375.6652,265.19169999999997,103.64237288983259,-20.334799999999973,83.30757288983261,110.47350000000006,0.35450545249766185,-0.05135050505050498,0.28495091341824413,0.4165797798347387,4.716418743133545,3.4007561206817627,1.961425542831421,0.3694627285003662,1.3868735586331977,2.404587194436729,1.7338186163174936,0.18836439132276586,114,7
92,"[1.37673227e+01 6.96478987e+00 4.37917829e-01 3.00000000e+00
 3.00000000e+00 4.02709820e+03 3.90000000e+01]","[1.0000000e+02 0.0000000e+00 0.0000000e+00 3.0000000e+00 3.0000000e+00
 4.0270982e+03 3.9000000e+01]","[9.5000000e+01 2.7848200e+01 1.0000000e+00 3.0000000e+00 3.0000000e+00
 4.0270982e+03 3.9000000e+01]","[1.0000000e+02 1.7848200e+01 1.0000000e+00 3.0000000e+00 3.0000000e+00
 4.0270982e+03 3.9000000e+01]","[9.39270907e-01 3.40543651e-02 9.90000000e-01 3.98444536e-04
 2.40693746e-01 1.99397939e-01 3.98444536e-04 4.41263634e-04
 4.41263634e-04 4.41263634e-04 2.74850870e-04 9.51998403e-01]","[9.79660293e-01 3.40543651e-02 9.80000000e-01 3.98444536e-04
 3.63417264e-02 5.25702551e-02 3.98444536e-04 4.41263634e-04
 4.41263634e-04 4.41263634e-04 2.74850870e-04 2.73253455e-01]","[[6.36443607e-02 3.30469604e-02 9.80000000e-01 2.76300649e-04
  3.01910824e-02 4.16477151e-02 2.76300649e-04 3.66974491e-05
  3.66974491e-05 3.66974491e-05 4.30978944e-05 1.42404971e-03]]","[5.69701815e-02 2.55243048e-02 9.80000000e-01 7.64524229e-05
 2.06674287e-02 2.45346243e-02 7.64524229e-05 5.28145029e-05
 5.28145029e-05 5.28145029e-05 2.48767203e-04 2.16888545e-03]",303.36461500198277,397.0,363.1518,378.1518,93.63538499801723,-33.84820000000002,59.78718499801721,-15.0,0.30865625180908207,-0.08525994962216629,0.19708028570710676,-0.039666610075636294,4.751719951629639,3.356445789337158,3.639920473098755,6.70153284072876,1.4156998950273598,1.30544609058021,0.9221206381137587,1.841120675645855,150,204
93,"[9.98011922e+01 7.62761968e+00 3.67694581e-03 3.00000000e+00
 2.10000000e+01 2.20845785e+04 1.80000000e+01]","[1.00000000e+02 6.83481414e+00 0.00000000e+00 3.00000000e+00
 2.10000000e+01 2.20845785e+04 1.80000000e+01]","[1.00000000e+02 4.01180000e+00 0.00000000e+00 3.00000000e+00
 2.10000000e+01 2.20845785e+04 1.80000000e+01]","[1.00000000e+02 7.55230000e+00 0.00000000e+00 3.00000000e+00
 2.10000000e+01 2.20845785e+04 1.80000000e+01]","[4.75168850e-02 2.82583104e-01 1.00000000e+00 3.35530669e-04
 4.38163408e-01 5.56376840e-01 3.35530669e-04 3.52539937e-04
 3.52539937e-04 3.52539937e-04 2.43514092e-04 5.53554024e-01]","[1.13754508e-01 1.02874968e-01 1.00000000e+00 3.35530669e-04
 1.02397073e-01 1.33971037e-01 3.35530669e-04 3.52539937e-04
 3.52539937e-04 3.52539937e-04 3.72059643e-04 2.40180190e-01]","[[7.33856489e-01 1.02874968e-01 8.40000000e-01 3.35530669e-04
  8.44019423e-02 1.00727902e-01 3.35530669e-04 3.52539937e-04
  3.52539937e-04 3.52539937e-04 3.72059643e-04 3.50925467e-02]]","[4.75168850e-02 2.82583104e-01 1.00000000e+00 3.35530669e-04
 4.38163408e-01 4.59840703e-01 3.35530669e-04 3.52539937e-04
 3.52539937e-04 3.52539937e-04 2.43514092e-04 2.26557149e-02]",389.1698956248721,390.16518585858586,392.9882,389.4477,0.9952902337137743,2.8230141414141485,3.818304375127923,3.5405000000000086,0.00255746974497008,0.0072354332055585835,0.009811407352043632,0.009091079495398249,5.29338264465332,3.0238869190216064,17.04161787033081,3.476707696914673,1.7505226836875303,0.3106150299185511,0.1774413052815922,0.20401277175493804,1002,105
94,"[4.65559003e+01 7.64425289e+00 7.37894709e-03 4.00000000e+00
 6.00000000e+00 2.92189575e+04 7.60000000e+01]","[1.00000000e+02 0.00000000e+00 0.00000000e+00 4.00000000e+00
 6.00000000e+00 2.92189575e+04 7.60000000e+01]","[0.00000000e+00 9.08600000e+00 0.00000000e+00 4.00000000e+00
 6.00000000e+00 2.92189575e+04 7.60000000e+01]","[0.00000000e+00 2.42440000e+01 0.00000000e+00 4.00000000e+00
 6.00000000e+00 2.92189575e+04 7.60000000e+01]","[9.37289549e-02 2.77990522e-01 1.00000000e+00 6.08368078e-04
 4.29234401e-01 5.86391520e-01 6.08368078e-04 1.50907226e-03
 1.50907226e-03 1.50907226e-03 5.41475660e-04 7.74635527e-01]","[2.63661875e-01 5.15960301e-01 9.40000000e-01 6.08368078e-04
 1.02499371e-01 1.83662555e-01 6.08368078e-04 1.50907226e-03
 1.50907226e-03 1.50907226e-03 5.98325918e-04 2.23762723e-02]","[[4.21277822e-02 8.28606906e-02 1.00000000e+00 4.68464277e-04
  8.70686950e-02 1.12961751e-01 4.68464277e-04 1.26749428e-03
  1.26749428e-03 1.26749428e-03 6.00104395e-04 2.60085640e-02]]","[3.23940990e-02 8.28716003e-02 1.00000000e+00 2.09683058e-04
 7.46106267e-02 9.23133200e-02 2.09683058e-04 2.88242358e-04
 2.88242358e-04 2.88242358e-04 3.89327819e-04 2.16306136e-02]",334.90426842363786,396.0,286.914,271.756,61.09573157636214,-109.08600000000001,-47.99026842363787,15.158000000000015,0.18242744968266264,-0.275469696969697,-0.14329548157007208,0.05577797730316908,5.083235502243042,3.4100117683410645,0.4016594886779785,0.28883862495422363,1.4906797534942184,12.655584258631599,8.489807571992815,0.71911316200921,48,4
95,"[4.67202432e+01 6.98917336e+00 1.10542182e-01 2.00000000e+00
 1.60000000e+01 3.39116474e+04 3.50000000e+01]","[0.00000000e+00 0.00000000e+00 0.00000000e+00 2.00000000e+00
 1.60000000e+01 3.39116474e+04 3.50000000e+01]","[9.50000000e+01 2.56993000e+01 0.00000000e+00 2.00000000e+00
 1.60000000e+01 3.39116474e+04 3.50000000e+01]","[0.00000000e+00 2.76408000e+01 0.00000000e+00 2.00000000e+00
 1.60000000e+01 3.39116474e+04 3.50000000e+01]","[1.93201884e-01 6.20338325e-02 1.00000000e+00 1.78575487e-04
 3.36213633e-01 2.05237268e-01 1.78575487e-04 1.68199069e-04
 1.68199069e-04 1.68199069e-04 4.43501194e-04 8.09024530e-01]","[3.76525011e-01 1.96943024e-01 8.40000000e-01 2.01690316e-04
 1.03983388e-01 9.93978249e-02 2.01690316e-04 1.68199069e-04
 1.68199069e-04 1.68199069e-04 3.51019378e-04 5.98853074e-03]","[5.25095114e-02 7.88366051e-02 1.00000000e+00 1.44071251e-04
 3.70620113e-01 4.51583784e-01 1.44071251e-04 2.43851449e-04
 2.43851449e-04 2.43851449e-04 2.13255247e-04 8.90985792e-03]","[0.03166238 0.07755187 1.         0.00121194 0.07332779 0.08519414
 0.00121194 0.00189944 0.00189944 0.00189944 0.00442743 0.00683799]",337.6205276838143,298.0,367.3007,270.3592,-39.620527683814316,69.3007,29.68017231618569,96.94150000000002,-0.11735224737554885,0.2325526845637584,0.0879098570214354,0.35856556758564173,5.276335954666138,0.28118896484375,1.7580575942993164,0.32353663444519043,18.76437774717821,3.0012304328226804,0.1599429767008398,0.18403073681675244,102,5
96,"[9.19171998e+01 5.07401559e+00 2.96696059e-03 2.00000000e+00
 1.70000000e+01 9.88555530e+03 9.80000000e+01]","[1.0000000e+02 0.0000000e+00 0.0000000e+00 2.0000000e+00 1.7000000e+01
 9.8855553e+03 9.8000000e+01]","[0.0000000e+00 3.1262900e+01 6.0000000e+00 2.0000000e+00 1.7000000e+01
 9.8855553e+03 9.8000000e+01]","[1.0000000e+02 3.6262900e+01 1.0000000e+00 2.0000000e+00 1.7000000e+01
 9.8855553e+03 9.8000000e+01]","[0.82240419 0.78668169 0.85       0.0081155  0.84203907 0.87787369
 0.0081155  0.00799044 0.00799044 0.00799044 0.00777372 0.16669523]","[0.80230203 0.78668169 0.85       0.0081155  0.84203907 0.87787369
 0.0081155  0.00799044 0.00799044 0.00799044 0.00777372 0.09016284]","[[0.41210306 0.07874525 0.98       0.00296676 0.07423803 0.12268019
  0.00296676 0.00169719 0.00169719 0.00169719 0.00132442 0.007894  ]]","[0.52453032 0.05048877 1.         0.00321594 0.03859946 0.05707074
 0.00321594 0.00314531 0.00314531 0.00314531 0.00273314 0.00969035]",384.84021721379617,398.0,260.7371,360.7371,13.159782786203834,-137.2629,-124.10311721379617,-100.0,0.03419544579170887,-0.3448816582914573,-0.3224795945504086,-0.277210189913929,4.350886583328247,3.2147133350372314,0.6572325229644775,5.427156209945679,1.3534291023426066,6.6200110787326425,4.891287668688578,8.257589240207166,42,202
97,"[3.99121418e+01 6.98252615e+00 2.54142488e-03 2.00000000e+00
 1.50000000e+01 1.29355943e+04 2.30000000e+01]","[0.00000000e+00 6.83481414e+00 0.00000000e+00 2.00000000e+00
 1.50000000e+01 1.29355943e+04 2.30000000e+01]","[9.50000000e+01 7.08500000e+00 0.00000000e+00 2.00000000e+00
 1.50000000e+01 1.29355943e+04 2.30000000e+01]","[0.00000000e+00 1.24170000e+01 0.00000000e+00 2.00000000e+00
 1.50000000e+01 1.29355943e+04 2.30000000e+01]","[3.79234495e-01 1.17885349e-01 1.00000000e+00 8.71690805e-04
 4.28523765e-01 3.89073681e-01 8.71690805e-04 9.26131499e-04
 9.26131499e-04 9.26131499e-04 2.66400725e-03 9.56095260e-01]","[2.42450136e-01 1.16044430e-01 1.00000000e+00 1.04571704e-03
 9.94232263e-02 1.63846752e-01 1.04571704e-03 8.59324238e-04
 8.59324238e-04 8.59324238e-04 2.26310617e-03 3.63264574e-01]","[[3.79234495e-01 1.08450690e-01 1.00000000e+00 8.71690805e-04
  5.70545774e-02 8.81924979e-02 8.71690805e-04 9.26131499e-04
  9.26131499e-04 9.26131499e-04 1.74498023e-03 5.76392447e-02]]","[4.65011356e-02 5.34754416e-02 1.00000000e+00 1.33101444e-03
 5.14867418e-02 7.98112762e-02 1.33101444e-03 9.28349036e-04
 9.28349036e-04 9.28349036e-04 9.87996580e-04 1.83647984e-02]",330.9270742284384,291.16518585858586,385.915,285.58299999999997,-39.76188836985256,94.74981414141416,54.987925771561606,100.33200000000005,-0.12015302302647196,0.32541601380679,0.1661632729802081,0.35132343311751774,3.676809549331665,0.17429161071777344,2.0831406116485596,0.350902795791626,21.095734523249323,1.7650318604378343,0.08366771294417914,0.16844892458504176,186,6
98,"[8.80404466e+00 7.64516419e+00 7.11078844e-02 4.00000000e+00
 2.20000000e+01 3.15989032e+04 3.00000000e+00]","[1.00000000e+02 0.00000000e+00 0.00000000e+00 4.00000000e+00
 2.20000000e+01 3.15989032e+04 3.00000000e+00]","[9.60000000e+01 2.87595000e+01 0.00000000e+00 4.00000000e+00
 2.20000000e+01 3.15989032e+04 3.00000000e+00]","[1.00000000e+02 2.58270000e+01 0.00000000e+00 4.00000000e+00
 2.20000000e+01 3.15989032e+04 3.00000000e+00]","[1.85619516e-02 2.82477697e-01 9.60000000e-01 3.55601107e-04
 3.84311814e-01 4.65373124e-01 3.55601107e-04 2.40952824e-04
 2.40952824e-04 2.40952824e-04 1.63509292e-04 3.93701125e-01]","[5.49500560e-01 1.23055653e-01 7.00000000e-01 3.55601107e-04
 8.37900366e-02 9.50538133e-02 3.55601107e-04 2.40952824e-04
 2.40952824e-04 2.40952824e-04 2.49832781e-04 1.05214905e-02]","[2.17952664e-02 6.56557746e-02 9.70000000e-01 5.03778807e-04
 6.59859552e-02 7.84504730e-02 5.03778807e-04 7.77344510e-04
 7.77344510e-04 7.77344510e-04 1.13343459e-03 8.04707530e-03]","[2.17952664e-02 5.50886815e-02 9.70000000e-01 2.76789215e-04
 6.19520121e-02 7.21403522e-02 2.76789215e-04 3.73093033e-04
 3.73093033e-04 3.73093033e-04 1.32755667e-04 5.99872012e-03]",297.0877725873687,396.0,363.2405,370.173,98.9122274126313,-32.7595,66.1527274126313,-6.9325000000000045,0.33293940895377244,-0.0827260101010101,0.22267064994462824,-0.018727730007320913,3.0869932174682617,3.2906482219696045,2.2627174854278564,5.703295707702637,0.9381109766939943,1.36428574815408,1.4542903580149675,2.520551392046278,162,203
99,"[7.62116692e+01 5.07333284e+00 3.55061857e-01 2.00000000e+00
 1.70000000e+01 2.92801188e+04 9.40000000e+01]","[0.00000000e+00 0.00000000e+00 0.00000000e+00 2.00000000e+00
 1.70000000e+01 2.92801188e+04 9.40000000e+01]","[0.00000000e+00 4.95200000e+00 0.00000000e+00 2.00000000e+00
 1.70000000e+01 2.92801188e+04 9.40000000e+01]","[0.00000000e+00 2.42440000e+01 0.00000000e+00 2.00000000e+00
 1.70000000e+01 2.92801188e+04 9.40000000e+01]","[0.28543553 0.7263474  0.74       0.00223079 0.7657743  0.79883756
 0.00223079 0.00082105 0.00082105 0.00082105 0.00199263 0.02192462]","[0.1866634  0.7263474  0.83       0.00251888 0.7657743  0.80047408
 0.00251888 0.00106277 0.00106277 0.00106277 0.00186108 0.00689624]","[[0.1866634  0.7263474  0.83       0.00251888 0.7657743  0.80047408
  0.00251888 0.00106277 0.00106277 0.00106277 0.00186108 0.00689624]]","[8.51385870e-02 8.16127052e-02 1.00000000e+00 5.78362902e-04
 7.45173592e-02 9.56586834e-02 5.78362902e-04 3.16952908e-04
 3.16952908e-04 3.16952908e-04 3.44424567e-04 1.78513419e-02]",368.7832745296498,298.0,293.048,273.756,-70.78327452964982,-4.951999999999998,-75.73527452964981,19.29200000000003,-0.19193732313356013,-0.016617449664429525,-0.20536526399209237,0.07047151477958485,3.6563162803649902,0.24310922622680664,0.2333817481994629,0.27924680709838867,15.039808801636601,15.666676201431441,1.0416805431546858,1.196523760974344,54,5
100,"[1.08558535e+01 6.97551550e+00 1.82456517e-02 2.00000000e+00
 2.30000000e+01 3.48315540e+04 1.60000000e+01]","[0.0000000e+00 0.0000000e+00 0.0000000e+00 2.0000000e+00 2.3000000e+01
 3.4831554e+04 1.6000000e+01]","[9.5000000e+01 2.5240500e+01 0.0000000e+00 2.0000000e+00 2.3000000e+01
 3.4831554e+04 1.6000000e+01]","[0.0000000e+00 2.5827000e+01 0.0000000e+00 2.0000000e+00 2.3000000e+01
 3.4831554e+04 1.6000000e+01]","[8.57855796e-02 9.08317582e-02 9.80000000e-01 2.05400371e-04
 3.87670853e-01 3.54097873e-01 2.05400371e-04 2.18627974e-04
 2.18627974e-04 2.18627974e-04 2.46842828e-04 8.09305698e-01]","[5.54327391e-01 2.74073869e-01 7.60000000e-01 2.31986371e-04
 1.26681141e-01 1.89827546e-01 2.31986371e-04 2.18627974e-04
 2.18627974e-04 2.18627974e-04 1.95361688e-04 9.30168012e-03]","[3.96785022e-02 1.14482806e-01 1.00000000e+00 2.07606383e-04
 5.10841499e-01 5.73639126e-01 2.07606383e-04 3.16954713e-04
 3.16954713e-04 3.16954713e-04 1.18680757e-04 9.23734130e-03]","[2.80241673e-02 1.12688234e-01 1.00000000e+00 4.11979214e-04
 1.23063942e-01 1.26818685e-01 4.11979214e-04 3.16954713e-04
 3.16954713e-04 3.16954713e-04 9.39263773e-05 5.28386891e-03]",301.8620923040602,298.0,367.7595,272.173,-3.862092304060184,69.7595,65.89740769593982,95.5865,-0.012794227571211455,0.23409228187919465,0.21830302438095658,0.35119758388965844,4.253102779388428,0.2489314079284668,1.4257149696350098,0.30255722999572754,17.08544058293602,2.9831367909935347,0.17460110416894514,0.21221438817689045,102,5
101,"[6.16958728e+01 6.98702716e+00 3.33838302e-03 2.00000000e+00
 1.20000000e+01 3.81191599e+04 6.20000000e+01]","[1.00000000e+02 0.00000000e+00 0.00000000e+00 2.00000000e+00
 1.20000000e+01 3.81191599e+04 6.20000000e+01]","[9.50000000e+01 2.82925000e+01 0.00000000e+00 2.00000000e+00
 1.20000000e+01 3.81191599e+04 6.20000000e+01]","[0.00000000e+00 3.31170000e+01 0.00000000e+00 2.00000000e+00
 1.20000000e+01 3.81191599e+04 6.20000000e+01]","[3.87490532e-01 3.46093388e-02 9.00000000e-01 4.37573122e-04
 2.69196785e-01 1.47925487e-01 4.37573122e-04 2.06435259e-04
 2.06435259e-04 2.06435259e-04 1.38139178e-04 9.02816953e-01]","[5.53183528e-01 1.35955803e-01 8.20000000e-01 4.37573122e-04
 7.78290562e-02 7.09877317e-02 4.37573122e-04 2.06435259e-04
 2.06435259e-04 2.06435259e-04 1.38139178e-04 1.67544555e-02]","[6.64159640e-02 6.04082918e-02 9.80000000e-01 9.31936025e-04
 6.39941707e-02 5.55078848e-02 9.31936025e-04 5.40518318e-04
 5.40518318e-04 5.40518318e-04 5.35545405e-04 1.91092723e-02]","[4.02824713e-02 4.68143987e-02 9.80000000e-01 2.31971993e-04
 6.10919060e-02 4.60116803e-02 2.31971993e-04 6.35977194e-04
 6.35977194e-04 6.35977194e-04 3.98999837e-04 1.02269693e-02]",352.7055072474342,398.0,364.7075,264.88300000000004,45.294492752565816,-33.29250000000002,12.001992752565798,99.82449999999994,0.12842014604776297,-0.08364949748743723,0.03402836787616706,0.3768626148148425,4.264728307723999,2.9218971729278564,2.3920185565948486,0.35302019119262695,1.4595750826681464,1.782899340795684,1.2215194421766171,0.14758254705814985,162,6
102,"[1.87728053e+01 5.07199054e+00 1.66579291e-02 1.00000000e+00
 2.10000000e+01 5.20161840e+03 7.70000000e+01]","[0.0000000e+00 0.0000000e+00 1.0000000e+00 1.0000000e+00 2.1000000e+01
 5.2016184e+03 7.7000000e+01]","[0.0000000e+00 0.0000000e+00 1.6000000e+01 1.0000000e+00 2.1000000e+01
 5.2016184e+03 7.7000000e+01]","[0.0000000e+00 3.8157500e+01 0.0000000e+00 1.0000000e+00 2.1000000e+01
 5.2016184e+03 7.7000000e+01]","[6.60915158e-01 8.97685609e-02 7.90000000e-01 2.86897004e-04
 4.31523793e-01 5.37795143e-01 2.86897004e-04 8.66945338e-05
 8.66945338e-05 8.66945338e-05 2.78283434e-04 8.83232887e-01]","[4.13908419e-01 5.67070884e-02 8.90000000e-01 1.16838986e-04
 2.55641860e-01 2.69787317e-01 1.16838986e-04 2.85659553e-05
 2.85659553e-05 2.85659553e-05 2.03927048e-04 3.12732637e-02]","[[4.13908419e-01 5.67070884e-02 8.90000000e-01 1.16838986e-04
  2.55641860e-01 2.69787317e-01 1.16838986e-04 2.85659553e-05
  2.85659553e-05 2.85659553e-05 2.03927048e-04 3.12732637e-02]]","[4.72534498e-02 6.52249464e-02 1.00000000e+00 2.30947800e-04
 6.43524094e-02 7.57112609e-02 2.30947800e-04 4.59446783e-05
 4.59446783e-05 4.59446783e-05 6.41350634e-05 8.12574127e-03]",312.68415679085984,298.0,283.0,260.8425,-14.684156790859845,-15.0,-29.684156790859845,22.157500000000027,-0.04696162716258569,-0.050335570469798654,-0.0949333573389656,0.08494589647009222,3.3124139308929443,0.25299501419067383,12.26322078704834,0.3433849811553955,13.092803198076028,0.2701096219674453,0.020630388915273516,0.02800120678884438,1002,9
103,"[1.64161690e+01 6.98712502e+00 4.00403106e-02 2.00000000e+00
 1.60000000e+01 1.79162116e+04 9.00000000e+00]","[1.00000000e+02 0.00000000e+00 0.00000000e+00 2.00000000e+00
 1.60000000e+01 1.79162116e+04 9.00000000e+00]","[0.00000000e+00 4.63430000e+00 1.00000000e+00 2.00000000e+00
 1.60000000e+01 1.79162116e+04 9.00000000e+00]","[1.00000000e+02 2.01078000e+01 0.00000000e+00 2.00000000e+00
 1.60000000e+01 1.79162116e+04 9.00000000e+00]","[2.60630941e-01 1.42482457e-01 9.90000000e-01 2.32069113e-04
 4.96603704e-01 3.00037277e-01 2.32069113e-04 1.87013691e-04
 1.87013691e-04 1.87013691e-04 3.54455929e-04 8.05382871e-01]","[7.37998254e-01 1.42482457e-01 9.20000000e-01 2.32069113e-04
 1.05036433e-01 8.71722477e-02 2.32069113e-04 1.87013691e-04
 1.87013691e-04 1.87013691e-04 3.54455929e-04 1.92160626e-02]","[[1.74200368e-01 4.28224262e-02 9.70000000e-01 8.94875557e-05
  2.73713904e-02 3.29966180e-02 8.94875557e-05 4.34606736e-05
  4.34606736e-05 4.34606736e-05 8.77442289e-05 6.02853272e-04]]","[5.15752655e-02 7.79288806e-02 1.00000000e+00 1.45693819e-04
 8.98509935e-02 1.28105584e-01 1.45693819e-04 2.56248197e-04
 2.56248197e-04 2.56248197e-04 1.70429863e-04 5.74490896e-03]",307.38900370665334,398.0,292.3657,377.8922,90.61099629334666,-105.6343,-15.023303706653337,-85.5265,0.29477631015004785,-0.2654128140703517,-0.048873913918502876,-0.22632512658371884,3.6540029048919678,2.411052942276001,1.5245563983917236,2.4639506340026855,1.5155216382111623,2.3967646646241674,1.58147835319143,1.616175457071934,174,108
104,"[6.33587907e+01 6.98838200e+00 3.27202274e-03 2.00000000e+00
 1.60000000e+01 3.48329328e+04 2.90000000e+01]","[1.00000000e+02 0.00000000e+00 0.00000000e+00 2.00000000e+00
 1.60000000e+01 3.48329328e+04 2.90000000e+01]","[9.60000000e+01 2.99158000e+01 0.00000000e+00 2.00000000e+00
 1.60000000e+01 3.48329328e+04 2.90000000e+01]","[1.00000000e+02 2.60328000e+01 0.00000000e+00 2.00000000e+00
 1.60000000e+01 3.48329328e+04 2.90000000e+01]","[1.93201884e-01 6.20338325e-02 1.00000000e+00 1.78575487e-04
 3.36213633e-01 2.05237268e-01 1.78575487e-04 1.68199069e-04
 1.68199069e-04 1.68199069e-04 3.97703028e-04 7.95805157e-01]","[6.18237918e-01 2.03309726e-01 7.70000000e-01 1.78575487e-04
 1.03983388e-01 9.93978249e-02 1.78575487e-04 1.68199069e-04
 1.68199069e-04 1.68199069e-04 3.97703028e-04 1.00927917e-02]","[5.25095114e-02 2.32575214e-01 1.00000000e+00 2.22632778e-04
 2.48732056e-01 1.11917167e-01 2.22632778e-04 2.64279754e-03
 2.64279754e-03 2.64279754e-03 3.92815052e-03 1.13781073e-02]","[5.25095114e-02 7.88366051e-02 1.00000000e+00 1.44071251e-04
 7.33277895e-02 8.72829451e-02 1.44071251e-04 2.43851449e-04
 2.43851449e-04 2.43851449e-04 1.91228813e-04 8.48910579e-03]",354.36713666748443,398.0,364.0842,371.9672,43.63286333251557,-33.91579999999999,9.717063332515579,-7.882999999999981,0.1231289778810891,-0.08521557788944721,0.02742089298656792,-0.021192728821250856,4.080824613571167,4.351282596588135,1.6349623203277588,3.9936559200286865,0.9378440776912454,2.495974716257124,2.661396255123383,2.442659301914728,150,203
105,"[1.89893683e+00 2.42129868e+00 1.54957633e-01 3.00000000e+00
 2.00000000e+01 3.23692981e+04 8.60000000e+01]","[1.00000000e+02 0.00000000e+00 0.00000000e+00 3.00000000e+00
 2.00000000e+01 3.23692981e+04 8.60000000e+01]","[9.50000000e+01 7.23480000e+00 0.00000000e+00 3.00000000e+00
 2.00000000e+01 3.23692981e+04 8.60000000e+01]","[0.00000000e+00 1.43583000e+01 0.00000000e+00 3.00000000e+00
 2.00000000e+01 3.23692981e+04 8.60000000e+01]","[0.34904431 0.79264771 0.7        0.00181084 0.73523492 0.73801109
 0.00181084 0.00108323 0.00108323 0.00108323 0.0009631  0.01193239]","[0.34904431 0.79264771 0.7        0.00181084 0.73523492 0.73801109
 0.00181084 0.00108323 0.00108323 0.00108323 0.0009631  0.01193239]","[1.33435210e-01 1.25269768e-01 9.90000000e-01 1.81083672e-03
 8.60630032e-02 8.08449495e-02 1.81083672e-03 1.08322548e-03
 1.08322548e-03 1.08322548e-03 6.46965229e-04 1.60131705e-02]","[1.02387446e-01 5.58711538e-02 9.90000000e-01 2.57576787e-04
 5.70110581e-02 8.36479890e-02 2.57576787e-04 1.12603046e-03
 1.12603046e-03 1.12603046e-03 2.31009006e-04 9.21010444e-03]",296.32268052251254,397.0,384.7652,282.6417,100.67731947748746,-12.234800000000007,88.44251947748745,102.12349999999998,0.3397556990911423,-0.03081813602015115,0.2984669257227788,0.36131788055336483,2.850369453430176,2.216383934020996,1.1888580322265625,0.2484126091003418,1.2860449896237038,2.397569243900248,1.8642965551320063,0.2089506083708752,198,5
106,"[3.13874260e+00 6.96897733e+00 2.15894666e-01 1.00000000e+00
 1.20000000e+01 2.21345286e+04 2.10000000e+01]","[1.00000000e+02 6.83481414e+00 0.00000000e+00 1.00000000e+00
 1.20000000e+01 2.21345286e+04 2.10000000e+01]","[1.00000000e+00 3.54255000e+01 0.00000000e+00 1.00000000e+00
 1.20000000e+01 2.21345286e+04 2.10000000e+01]","[1.00000000e+02 4.04255000e+01 0.00000000e+00 1.00000000e+00
 1.20000000e+01 2.21345286e+04 2.10000000e+01]","[4.34018998e-01 6.35579039e-02 1.00000000e+00 1.02874835e-03
 2.63452464e-01 2.59897001e-01 1.02874835e-03 6.52991002e-05
 6.52991002e-05 6.52991002e-05 6.19408893e-05 9.69696069e-01]","[3.98739419e-01 6.35579039e-02 1.00000000e+00 1.02874835e-03
 5.00268531e-02 9.75122864e-02 1.02874835e-03 6.52991002e-05
 6.52991002e-05 6.52991002e-05 6.19408893e-05 5.50680468e-01]","[[1.02181490e-01 3.56409035e-02 1.00000000e+00 1.48036095e-04
  3.49917570e-02 6.29616246e-02 1.48036095e-04 5.90739422e-04
  5.90739422e-04 5.90739422e-04 3.06924427e-04 4.37412286e-01]]","[5.13164871e-02 4.47548638e-02 1.00000000e+00 1.36944262e-04
 4.09346638e-02 5.84951772e-02 1.36944262e-04 2.10122569e-04
 2.10122569e-04 2.10122569e-04 1.12644957e-04 1.54354914e-02]",294.9538706074694,392.16518585858586,264.5745,358.5745,97.21131525111645,-127.59068585858586,-30.37937060746941,-94.0,0.32958141912464417,-0.3253493437446404,-0.10299702304262653,-0.26214914892163277,2.7275476455688477,2.1893389225006104,0.23437094688415527,3.868821382522583,1.2458316149851794,11.637737875919486,9.34134094522712,16.50725669694402,36,203
107,"[9.52230004e+01 6.98739110e+00 1.14777610e-01 3.00000000e+00
 2.00000000e+00 4.59387560e+03 5.90000000e+01]","[1.0000000e+02 0.0000000e+00 0.0000000e+00 3.0000000e+00 2.0000000e+00
 4.5938756e+03 5.9000000e+01]","[9.6000000e+01 3.1729000e+01 1.0000000e+00 3.0000000e+00 2.0000000e+00
 4.5938756e+03 5.9000000e+01]","[1.0000000e+02 3.1729000e+01 1.0000000e+00 3.0000000e+00 2.0000000e+00
 4.5938756e+03 5.9000000e+01]","[6.17479550e-01 6.71500518e-02 1.00000000e+00 3.98444536e-04
 3.97971709e-01 3.27051771e-01 3.98444536e-04 2.88276729e-04
 2.88276729e-04 2.88276729e-04 2.79931148e-04 9.49967573e-01]","[8.14488449e-01 7.07396207e-02 9.90000000e-01 3.98444536e-04
 7.29107422e-02 9.76960118e-02 3.98444536e-04 2.88276729e-04
 2.88276729e-04 2.88276729e-04 2.79931148e-04 2.64686548e-01]","[[6.88774828e-03 5.91302583e-02 1.00000000e+00 4.78547518e-05
  1.29004729e-01 5.42271077e-02 4.78547518e-05 1.91902745e-05
  1.91902745e-05 1.91902745e-05 1.99343049e-05 1.33292902e-03]]","[6.88774828e-03 5.91302583e-02 1.00000000e+00 4.78547518e-05
 1.29004729e-01 5.42271077e-02 4.78547518e-05 1.91902745e-05
 1.91902745e-05 1.91902745e-05 1.99343049e-05 1.33292902e-03]",385.12083173564696,397.0,360.271,364.271,11.87916826435304,-36.728999999999985,-24.849831735646944,-4.0,0.030845301748068227,-0.09251637279596973,-0.06452476648342996,-0.010980835696500681,4.399156808853149,2.792741298675537,2.114797830581665,5.7340593338012695,1.5752109982186528,2.080178419533929,1.3205712897423425,2.71139834308613,150,202
108,"[4.80654728e+01 7.65122647e+00 2.97761561e-01 2.00000000e+00
 1.40000000e+01 2.94962359e+04 1.70000000e+01]","[1.00000000e+02 6.83481414e+00 0.00000000e+00 2.00000000e+00
 1.40000000e+01 2.94962359e+04 1.70000000e+01]","[9.60000000e+01 1.99525000e+01 0.00000000e+00 2.00000000e+00
 1.40000000e+01 2.94962359e+04 1.70000000e+01]","[1.00000000e+02 3.39525000e+01 0.00000000e+00 2.00000000e+00
 1.40000000e+01 2.94962359e+04 1.70000000e+01]","[1.01753249e-01 4.49269973e-01 1.00000000e+00 4.37573122e-04
 5.57394514e-01 6.22066617e-01 4.37573122e-04 1.75240391e-04
 1.75240391e-04 1.75240391e-04 1.88278820e-04 8.03973551e-01]","[3.30542376e-01 1.91914611e-01 1.00000000e+00 4.37573122e-04
 1.73252015e-01 2.02592789e-01 4.37573122e-04 1.75240391e-04
 1.75240391e-04 1.75240391e-04 2.87675735e-04 3.87284175e-01]","[[5.44705925e-02 2.04402331e-01 1.00000000e+00 2.18321147e-04
  2.22045666e-01 1.62743304e-01 2.18321147e-04 3.19549785e-04
  3.19549785e-04 3.19549785e-04 1.78956456e-04 3.68680180e-02]]","[6.38580546e-02 1.29883739e-01 1.00000000e+00 1.75133988e-04
 1.41256355e-01 1.28223024e-01 1.75133988e-04 3.58388526e-03
 3.58388526e-03 3.58388526e-03 2.01927824e-03 3.68680180e-02]",338.1164848009735,391.16518585858586,374.0475,364.0475,53.048701057612334,-17.117685858585844,35.93101519902649,10.0,0.15689474912422133,-0.043760760101933596,0.10626815554460962,0.027468942926403835,3.8366000652313232,2.6005699634552,2.645500421524048,3.0362911224365234,1.4752920010403774,1.450236043818543,0.9830162725723689,1.1477190091269556,174,103
109,"[1.98801338e+00 2.62109869e+00 2.83064880e+00 4.00000000e+00
 2.00000000e+00 3.22914619e+04 7.30000000e+01]","[1.00000000e+02 0.00000000e+00 0.00000000e+00 4.00000000e+00
 2.00000000e+00 3.22914619e+04 7.30000000e+01]","[9.50000000e+01 2.90639000e+01 0.00000000e+00 4.00000000e+00
 2.00000000e+00 3.22914619e+04 7.30000000e+01]","[0.00000000e+00 2.02979000e+01 0.00000000e+00 4.00000000e+00
 2.00000000e+00 3.22914619e+04 7.30000000e+01]","[7.96717302e-01 3.46111556e-01 9.50000000e-01 1.76220783e-04
 6.00415423e-02 7.88217505e-02 1.76220783e-04 1.06913460e-04
 1.06913460e-04 1.06913460e-04 1.28573360e-04 9.38634214e-04]","[2.51844592e-01 5.52249110e-01 9.60000000e-01 6.08368078e-04
 1.14582755e-01 2.29028716e-01 6.08368078e-04 4.86869918e-04
 4.86869918e-04 4.86869918e-04 9.52486444e-05 1.48896590e-02]","[7.68934895e-02 1.07258341e-01 1.00000000e+00 2.53594102e-04
 8.73618112e-02 1.00097191e-01 2.53594102e-04 5.96855280e-05
 5.96855280e-05 5.96855280e-05 2.75339044e-05 1.68482598e-02]","[3.46307523e-02 8.14976874e-02 1.00000000e+00 2.15467313e-04
 9.18269155e-02 8.68360281e-02 2.15467313e-04 1.16998301e-04
 1.16998301e-04 1.16998301e-04 7.57193266e-05 1.42057702e-02]",292.5362658941282,396.0,361.9361,275.7021,103.46373410587182,-34.06389999999999,69.39983410587183,86.23400000000004,0.3536783167366893,-0.08601994949494947,0.23723497629859105,0.3127796269959498,3.5647635459899902,2.7941768169403076,2.3638617992401123,0.3209648132324219,1.2757830944619655,1.5080253622000745,1.1820389913820362,0.1357798553771626,150,6
110,"[3.68798329e+01 6.97615862e+00 2.61584313e-01 1.00000000e+00
 4.00000000e+00 3.38042960e+03 4.80000000e+01]","[1.0000000e+02 0.0000000e+00 0.0000000e+00 1.0000000e+00 4.0000000e+00
 3.3804296e+03 4.8000000e+01]","[9.6000000e+01 2.7287100e+01 0.0000000e+00 1.0000000e+00 4.0000000e+00
 3.3804296e+03 4.8000000e+01]","[1.0000000e+02 3.3111600e+01 0.0000000e+00 1.0000000e+00 4.0000000e+00
 3.3804296e+03 4.8000000e+01]","[6.74678038e-01 6.23328085e-02 1.00000000e+00 6.44167943e-04
 3.25914847e-01 2.62173930e-01 6.44167943e-04 3.01553315e-04
 3.01553315e-04 3.01553315e-04 1.96079054e-04 9.49967573e-01]","[8.65396706e-01 6.23328085e-02 9.70000000e-01 6.44167943e-04
 5.43920194e-02 7.33562957e-02 6.44167943e-04 3.01553315e-04
 3.01553315e-04 3.01553315e-04 1.96079054e-04 3.45009092e-01]","[[8.35289906e-02 7.23875248e-02 9.80000000e-01 5.45678020e-04
  7.49019626e-02 1.54748944e-01 5.45678020e-04 5.38302920e-05
  5.38302920e-05 5.38302920e-05 9.36688739e-05 1.19190640e-02]]","[8.35289906e-02 3.64387641e-02 1.00000000e+00 8.73057143e-05
 4.13442836e-02 5.33330739e-02 8.73057143e-05 2.83921927e-05
 2.83921927e-05 2.83921927e-05 7.79182737e-05 1.19190640e-02]",328.6420899181478,399.0,367.7129,365.8884,70.3579100818522,-31.28710000000001,39.07081008185219,1.8245000000000005,0.21408672912034993,-0.07841378446115291,0.11888559402596069,0.004986493149277213,4.43156623840332,2.6942317485809326,2.7958927154541016,5.476164102554321,1.6448348367720973,1.5850272844548532,0.9636391745966342,1.958646006796043,186,203
111,"[3.22362247e+01 5.08055123e+00 1.19330824e-01 4.00000000e+00
 1.30000000e+01 1.40160277e+04 9.70000000e+01]","[1.00000000e+02 0.00000000e+00 0.00000000e+00 4.00000000e+00
 1.30000000e+01 1.40160277e+04 9.70000000e+01]","[9.60000000e+01 1.54450000e+00 0.00000000e+00 4.00000000e+00
 1.30000000e+01 1.40160277e+04 9.70000000e+01]","[1.00000000e+02 1.24170000e+01 0.00000000e+00 4.00000000e+00
 1.30000000e+01 1.40160277e+04 9.70000000e+01]","[0.47915534 0.79927551 0.98       0.06280839 0.85644673 0.90357549
 0.06280839 0.05149975 0.05149975 0.05149975 0.0359403  0.24138963]","[0.44635624 0.79927551 0.98       0.06280839 0.85644673 0.90357549
 0.06280839 0.05149975 0.05149975 0.05149975 0.0359403  0.13616764]","[[0.44635624 0.79927551 0.98       0.06280839 0.85644673 0.90357549
  0.06280839 0.05149975 0.05149975 0.05149975 0.0359403  0.13616764]]","[0.52818066 0.0725895  1.         0.06468403 0.0690753  0.10978305
 0.06468403 0.04412863 0.04412863 0.04412863 0.02795094 0.08678465]",323.0363426750492,396.0,390.45550000000003,383.58299999999997,72.96365732495082,-5.544499999999971,67.41915732495085,6.872500000000059,0.22586826213032907,-0.014001262626262553,0.20870455864704227,0.017916591715482853,3.554173707962036,2.9315030574798584,2.6725027561187744,2.872201919555664,1.2124066181317485,1.3299045996583727,1.096913015624809,1.0747236510718923,174,103
112,"[1.91697941e+00 2.07842279e+00 1.53609957e-01 1.00000000e+00
 0.00000000e+00 3.88364543e+04 2.60000000e+01]","[1.00000000e+02 0.00000000e+00 0.00000000e+00 1.00000000e+00
 0.00000000e+00 3.88364543e+04 2.60000000e+01]","[4.60000000e+01 5.65580000e+00 0.00000000e+00 1.00000000e+00
 0.00000000e+00 3.88364543e+04 2.60000000e+01]","[1.00000000e+02 2.31293000e+01 0.00000000e+00 1.00000000e+00
 0.00000000e+00 3.88364543e+04 2.60000000e+01]","[8.76612702e-01 1.21670512e-01 8.60000000e-01 4.89676197e-04
 1.02482702e-01 1.11274844e-01 4.89676197e-04 1.33570342e-04
 1.33570342e-04 1.33570342e-04 6.08299815e-05 1.08212858e-02]","[8.76612702e-01 1.21670512e-01 8.60000000e-01 4.89676197e-04
 1.02482702e-01 1.11274844e-01 4.89676197e-04 1.33570342e-04
 1.33570342e-04 1.33570342e-04 6.08299815e-05 1.08212858e-02]","[4.09614792e-01 3.46563343e-02 1.00000000e+00 4.89676197e-04
 6.11002553e-02 8.04825990e-02 4.89676197e-04 1.33570342e-04
 1.33570342e-04 1.33570342e-04 6.08299815e-05 2.60337717e-02]","[1.03859459e-01 3.14851945e-02 1.00000000e+00 1.48836640e-04
 2.77054532e-02 4.90335055e-02 1.48836640e-04 8.06729222e-05
 8.06729222e-05 8.06729222e-05 5.73747893e-05 1.14280094e-02]",298.68494666349443,399.0,339.3442,375.8707,100.31505333650557,-59.6558,40.65925333650557,-36.5265,0.33585573848662315,-0.14951328320802004,0.1361275611332139,-0.09717836479406348,3.790808916091919,2.8092968463897705,2.6315996646881104,5.879876613616943,1.3493799777561741,1.4404960476924193,1.06752439745531,2.2343355231859743,168,203
113,"[4.29880027e-01 3.67115093e+00 7.74650332e+01 2.00000000e+00
 1.80000000e+01 3.28949482e+04 9.50000000e+01]","[0.00000000e+00 0.00000000e+00 0.00000000e+00 2.00000000e+00
 1.80000000e+01 3.28949482e+04 9.50000000e+01]","[0.00000000e+00 3.57400000e+00 0.00000000e+00 2.00000000e+00
 1.80000000e+01 3.28949482e+04 9.50000000e+01]","[0.00000000e+00 2.42440000e+01 0.00000000e+00 2.00000000e+00
 1.80000000e+01 3.28949482e+04 9.50000000e+01]","[9.09363130e-01 6.55697439e-01 6.40000000e-01 3.34059703e-04
 5.80720853e-01 5.68942932e-01 3.34059703e-04 5.21706126e-04
 5.21706126e-04 5.21706126e-04 8.45127855e-04 3.04456640e-04]","[0.19693129 0.83546576 0.62       0.00251888 0.82320032 0.82083402
 0.00251888 0.00112571 0.00112571 0.00112571 0.0011406  0.00408254]","[0.19693129 0.83546576 0.62       0.00251888 0.82320032 0.82083402
 0.00251888 0.00112571 0.00112571 0.00112571 0.0011406  0.00408254]","[1.39601520e-01 7.46506808e-02 9.80000000e-01 5.78362902e-04
 6.72682226e-02 7.79157282e-02 5.78362902e-04 3.35739605e-04
 3.35739605e-04 3.35739605e-04 2.10964092e-04 1.14847491e-02]",217.2936959279761,298.0,294.426,273.756,80.7063040720239,-3.5740000000000123,77.13230407202389,20.670000000000016,0.37141576393810666,-0.011993288590604069,0.3549679789034932,0.075505194406698,4.23200798034668,0.2889986038208008,0.36438798904418945,0.34827733039855957,14.643696974296867,11.614016124536594,0.7931068325793632,0.955787075507376,48,5
114,"[1.81120104e+01 6.96516519e+00 1.18237898e-01 3.00000000e+00
 1.10000000e+01 2.74164360e+03 8.00000000e+00]",[ 100.        0.        0.        3.       11.     2741.6436    8.    ],[ 100.        4.2775    5.        3.       11.     2741.6436    8.    ],[   0.       26.3255    0.        3.       11.     2741.6436    8.    ],"[7.19424605e-01 5.71227287e-02 9.90000000e-01 7.40026298e-04
 2.84367799e-01 1.85395176e-01 7.40026298e-04 1.56474253e-03
 1.56474253e-03 1.56474253e-03 4.54072654e-03 9.39668962e-01]","[8.16694562e-01 5.71227287e-02 1.00000000e+00 7.40026298e-04
 4.51403334e-02 4.82569925e-02 7.40026298e-04 1.56474253e-03
 1.56474253e-03 1.56474253e-03 4.54072654e-03 7.67865980e-01]","[[4.10661353e-01 3.30447678e-02 9.80000000e-01 3.01457010e-04
  1.84752865e-02 2.08193328e-02 3.01457010e-04 2.26298842e-04
  2.26298842e-04 2.26298842e-04 9.43687372e-03 2.94738690e-02]]","[5.91702893e-02 2.46458094e-02 9.90000000e-01 9.26825393e-04
 2.01467151e-02 4.30871331e-02 9.26825393e-04 5.44802211e-02
 5.44802211e-02 5.44802211e-02 2.19848361e-02 1.16536964e-02]",308.02860731316105,397.0,387.7225,270.67449999999997,88.97139268683895,-9.277499999999975,79.69389268683898,117.04800000000006,0.28884133023523073,-0.02336901763224175,0.2587223744638017,0.4324308348218989,3.636127471923828,1.9642131328582764,5.164929628372192,0.26537370681762695,1.8511878426515873,0.7040032940525871,0.38029814037898685,0.051379926913208224,372,5
115,"[2.09612381e+00 5.07316541e+00 9.30896751e-05 1.00000000e+00
 9.00000000e+00 1.85598435e+04 9.20000000e+01]","[0.00000000e+00 0.00000000e+00 0.00000000e+00 1.00000000e+00
 9.00000000e+00 1.85598435e+04 9.20000000e+01]","[9.50000000e+01 1.42020000e+01 0.00000000e+00 1.00000000e+00
 9.00000000e+00 1.85598435e+04 9.20000000e+01]","[0.00000000e+00 2.77925000e+01 0.00000000e+00 1.00000000e+00
 9.00000000e+00 1.85598435e+04 9.20000000e+01]","[0.36227495 0.69087935 0.93       0.00751381 0.78021116 0.80230314
 0.00751381 0.00774148 0.00774148 0.00774148 0.00699214 0.09325823]","[0.17312948 0.69087935 0.93       0.0057951  0.78021116 0.80391838
 0.0057951  0.00683596 0.00683596 0.00683596 0.00566561 0.02880581]","[[0.21307611 0.06190426 1.         0.00775186 0.06586138 0.08350013
  0.00775186 0.01022671 0.01022671 0.01022671 0.02644392 0.06566369]]","[1.02386289e-01 7.69484292e-02 1.00000000e+00 1.41103962e-03
 8.27806521e-02 9.45172667e-02 1.41103962e-03 2.95395846e-04
 2.95395846e-04 2.95395846e-04 8.93872231e-04 4.29969748e-02]",296.02286530871265,299.0,379.798,271.2075,2.977134691287347,80.798,83.77513469128735,108.59050000000002,0.010057110582260562,0.2702274247491639,0.2830022424244863,0.4003963754689676,3.8888673782348633,0.25124430656433105,2.299088954925537,0.2797544002532959,15.478429865391277,1.6914819106513501,0.1092799415290429,0.12168054639815212,162,5
116,"[1.32161899e-01 7.64015405e+00 5.27141932e+01 4.00000000e+00
 2.00000000e+01 1.68237921e+04 2.00000000e+01]","[0.00000000e+00 0.00000000e+00 0.00000000e+00 4.00000000e+00
 2.00000000e+01 1.68237921e+04 2.00000000e+01]","[9.50000000e+01 7.08500000e+00 0.00000000e+00 4.00000000e+00
 2.00000000e+01 1.68237921e+04 2.00000000e+01]","[0.00000000e+00 1.24170000e+01 0.00000000e+00 4.00000000e+00
 2.00000000e+01 1.68237921e+04 2.00000000e+01]","[2.02876069e-03 3.65281003e-01 1.00000000e+00 6.92855610e-05
 4.02902937e-01 5.66298190e-01 6.92855610e-05 6.59616926e-05
 6.59616926e-05 6.59616926e-05 3.00584325e-05 8.03985972e-04]","[5.86277681e-01 1.21460042e-01 9.00000000e-01 2.21215276e-04
 8.59324267e-02 1.22830098e-01 2.21215276e-04 2.62279587e-04
 2.62279587e-04 2.62279587e-04 1.79723051e-04 8.55422480e-02]","[[1.12154733e-01 1.13557440e-01 1.00000000e+00 1.95863424e-04
  5.99413152e-02 8.71407430e-02 1.95863424e-04 2.62279587e-04
  2.62279587e-04 2.62279587e-04 1.16707364e-04 1.77424950e-02]]","[4.03906312e-02 5.61565601e-02 1.00000000e+00 2.81632092e-04
 5.41079341e-02 7.88508294e-02 2.81632092e-04 2.83360394e-04
 2.83360394e-04 2.83360394e-04 6.05700261e-05 4.90196867e-03]",235.7778146781005,296.0,383.915,283.58299999999997,60.2221853218995,87.91500000000002,148.13718532189952,100.33200000000005,0.25541921916664984,0.2970101351351352,0.6282914511025824,0.35380117990147525,4.97641921043396,0.2773468494415283,2.0264320373535156,0.3461017608642578,17.942944801625064,2.455754310385398,0.13686461935517877,0.17079366812432584,186,6
117,"[2.69099618e+01 6.96845624e+00 6.89027137e-03 3.00000000e+00
 7.00000000e+00 3.15523835e+04 3.00000000e+01]","[1.00000000e+02 0.00000000e+00 0.00000000e+00 3.00000000e+00
 7.00000000e+00 3.15523835e+04 3.00000000e+01]","[9.60000000e+01 3.08300000e-01 0.00000000e+00 3.00000000e+00
 7.00000000e+00 3.15523835e+04 3.00000000e+01]","[1.00000000e+02 1.97233000e+01 0.00000000e+00 3.00000000e+00
 7.00000000e+00 3.15523835e+04 3.00000000e+01]","[3.27434032e-01 3.87059334e-02 1.00000000e+00 2.57782667e-04
 2.64022852e-01 2.36522648e-01 2.57782667e-04 1.47247018e-04
 1.47247018e-04 1.47247018e-04 5.59940127e-05 9.16206784e-01]","[7.31261425e-01 4.69809189e-02 9.50000000e-01 2.57782667e-04
 5.02431934e-02 9.70827742e-02 2.57782667e-04 1.47247018e-04
 1.47247018e-04 1.47247018e-04 5.59940127e-05 1.64361530e-02]","[7.31261425e-01 4.69809189e-02 9.50000000e-01 2.57782667e-04
 5.02431934e-02 9.70827742e-02 2.57782667e-04 1.47247018e-04
 1.47247018e-04 1.47247018e-04 5.59940127e-05 1.64361530e-02]","[4.93669569e-02 5.16726840e-02 1.00000000e+00 7.83403448e-05
 5.25107025e-02 7.17583710e-02 7.83403448e-05 7.06295032e-05
 7.06295032e-05 7.06295032e-05 6.98357326e-05 1.78888757e-02]",316.9346152880121,397.0,392.6917,377.2767,80.06538471198792,-4.308299999999974,75.75708471198794,15.41500000000002,0.25262429804087216,-0.010852141057934445,0.23903064246593647,0.04085860589853553,4.283441066741943,2.833615303039551,2.911877155303955,5.5464348793029785,1.5116522917374138,1.4710239609317648,0.9731232301054146,1.9047626611583537,186,203
118,"[3.98778156e+01 6.96460580e+00 4.36533549e-01 4.00000000e+00
 0.00000000e+00 3.87860703e+04 4.50000000e+01]","[1.00000000e+02 6.83481414e+00 0.00000000e+00 4.00000000e+00
 0.00000000e+00 3.87860703e+04 4.50000000e+01]","[9.60000000e+01 5.67870000e+00 0.00000000e+00 4.00000000e+00
 0.00000000e+00 3.87860703e+04 4.50000000e+01]","[1.00000000e+02 1.43862000e+01 0.00000000e+00 4.00000000e+00
 0.00000000e+00 3.87860703e+04 4.50000000e+01]","[4.30801770e-01 3.09863962e-02 1.00000000e+00 7.85171229e-04
 1.89644164e-01 1.55925037e-01 7.85171229e-04 6.76380878e-04
 6.76380878e-04 6.76380878e-04 2.32269231e-04 8.93610797e-01]","[3.63732730e-01 3.09863962e-02 1.00000000e+00 7.85171229e-04
 3.33075300e-02 5.37817692e-02 7.85171229e-04 6.76380878e-04
 6.76380878e-04 6.76380878e-04 2.32269231e-04 3.72877392e-01]","[3.11579476e-01 3.09863962e-02 1.00000000e+00 7.85171229e-04
 2.96529420e-02 5.37817692e-02 7.85171229e-04 6.76380878e-04
 6.76380878e-04 6.76380878e-04 2.32269231e-04 3.04116720e-02]","[1.36955750e-01 2.71776629e-02 1.00000000e+00 2.54568207e-04
 2.17870391e-02 4.21305311e-02 2.54568207e-04 5.64877118e-04
 5.64877118e-04 5.64877118e-04 3.26903566e-04 1.89166122e-02]",328.4766762922763,389.16518585858586,386.3213,381.61379999999997,60.68850956630956,-2.8438858585858497,57.84462370772371,4.707500000000039,0.18475743925364535,-0.007307657421389322,0.17609963776013723,0.01233576982803043,4.2736170291900635,2.636155843734741,2.7355599403381348,2.8511605262756348,1.6211549250197095,1.562245800639197,0.9636622487639198,1.042258473021509,174,103
119,"[2.06318643e+01 5.10513356e+00 1.14680598e-01 4.00000000e+00
 7.00000000e+00 2.47058364e+04 9.40000000e+01]","[1.00000000e+02 0.00000000e+00 0.00000000e+00 4.00000000e+00
 7.00000000e+00 2.47058364e+04 9.40000000e+01]","[9.60000000e+01 1.39438000e+01 0.00000000e+00 4.00000000e+00
 7.00000000e+00 2.47058364e+04 9.40000000e+01]","[1.00000000e+02 2.75343000e+01 0.00000000e+00 4.00000000e+00
 7.00000000e+00 2.47058364e+04 9.40000000e+01]","[0.3110676  0.71677524 0.93       0.21167091 0.80785988 0.80528412
 0.21167091 0.01930799 0.01930799 0.01930799 0.01123666 0.06962978]","[0.25916502 0.71677524 0.96       0.21167091 0.80820689 0.80625172
 0.21167091 0.01930799 0.01930799 0.01930799 0.01123666 0.0357498 ]","[[0.24612911 0.06650778 1.         0.21696301 0.08072213 0.08476889
  0.21696301 0.01222575 0.01222575 0.01222575 0.01164044 0.08377862]]","[1.73331876e-01 8.62535708e-02 1.00000000e+00 3.10445763e-02
 1.03567840e-01 1.03760204e-01 3.10445763e-02 3.51960305e-04
 3.51960305e-04 3.51960305e-04 5.02241659e-04 5.47775170e-02]",311.41205017208176,396.0,378.0562,368.46569999999997,84.58794982791824,-17.94380000000001,66.64414982791823,9.59050000000002,0.27162709272546187,-0.04531262626262629,0.21400632952736298,0.026028202896497613,3.9421017169952393,2.8154187202453613,2.643843412399292,2.868220329284668,1.4001831019478652,1.4910496206043367,1.064896168601137,1.0848677027667661,162,102
120,"[4.26636591e+00 6.97622788e+00 3.51303971e-01 2.00000000e+00
 6.00000000e+00 1.18354877e+04 1.00000000e+00]","[0.00000000e+00 6.83481414e+00 0.00000000e+00 2.00000000e+00
 6.00000000e+00 1.18354877e+04 1.00000000e+00]","[0.00000000e+00 2.45150000e+00 0.00000000e+00 2.00000000e+00
 6.00000000e+00 1.18354877e+04 1.00000000e+00]","[0.00000000e+00 8.27600000e+00 0.00000000e+00 2.00000000e+00
 6.00000000e+00 1.18354877e+04 1.00000000e+00]","[1.74977790e-01 6.34208094e-02 9.90000000e-01 4.59157716e-04
 3.01676311e-01 1.74215658e-01 4.59157716e-04 3.03691195e-04
 3.03691195e-04 3.03691195e-04 1.57879287e-04 9.21384218e-01]","[1.02012995e-01 2.77129692e-02 1.00000000e+00 3.75579635e-04
 3.16682673e-02 6.09558631e-02 3.75579635e-04 2.81771761e-04
 2.81771761e-04 2.81771761e-04 1.37084964e-04 2.95615639e-01]","[[3.62654364e-01 2.77129692e-02 9.60000000e-01 3.75579635e-04
  2.57463967e-02 4.46117504e-02 3.75579635e-04 2.81771761e-04
  2.81771761e-04 2.81771761e-04 1.37084964e-04 6.51669755e-02]]","[2.11123765e-02 2.05561810e-02 1.00000000e+00 3.75579635e-04
 1.93947701e-02 4.37468347e-02 3.75579635e-04 2.81771761e-04
 2.81771761e-04 2.81771761e-04 1.20891360e-04 2.18885164e-02]",294.93883405494455,291.16518585858586,295.5485,289.724,-3.7736481963586925,4.383314141414132,0.6096659450554398,5.8245000000000005,-0.01279468066133229,0.015054389584691063,0.0020670928160713632,0.020103615855089674,3.9991934299468994,0.14831280708312988,8.864826917648315,0.34392738342285156,26.96458592214047,0.4511304582817299,0.016730479733097225,0.03879685261966621,1002,5
121,"[5.69515241e+01 6.98976356e+00 6.57452663e-02 1.00000000e+00
 2.00000000e+00 8.39340470e+03 7.50000000e+01]","[1.0000000e+02 0.0000000e+00 0.0000000e+00 1.0000000e+00 2.0000000e+00
 8.3934047e+03 7.5000000e+01]","[1.0000000e+02 4.4436000e+00 0.0000000e+00 1.0000000e+00 2.0000000e+00
 8.3934047e+03 7.5000000e+01]","[1.0000000e+02 6.0266000e+00 0.0000000e+00 1.0000000e+00 2.0000000e+00
 8.3934047e+03 7.5000000e+01]","[3.15964980e-01 8.75566538e-02 9.90000000e-01 1.46018772e-03
 4.53559394e-01 4.46551119e-01 1.46018772e-03 2.08589918e-04
 2.08589918e-04 2.08589918e-04 3.53381824e-04 9.52078936e-01]","[5.88609490e-01 4.77133627e-01 9.40000000e-01 1.46018772e-03
 9.43293558e-02 3.31218631e-01 1.46018772e-03 2.08589918e-04
 2.08589918e-04 2.08589918e-04 3.53381824e-04 2.60180061e-01]","[[5.88609490e-01 4.77133627e-01 9.40000000e-01 1.46018772e-03
  9.43293558e-02 3.31218631e-01 1.46018772e-03 2.08589918e-04
  2.08589918e-04 2.08589918e-04 3.53381824e-04 2.60180061e-01]]","[2.58650126e-01 9.21293426e-02 9.90000000e-01 1.46018772e-03
 1.16678671e-01 1.98883327e-01 1.46018772e-03 2.08589918e-04
 2.08589918e-04 2.08589918e-04 3.53381824e-04 4.29593202e-01]",348.8960152750684,399.0,394.5564,392.9734,50.10398472493159,-4.4436000000000035,45.66038472493159,1.58299999999997,0.1436072139873245,-0.011136842105263167,0.13087104101470778,0.004028262472727085,4.483824729919434,2.84802508354187,13.238916397094727,5.48793888092041,1.5743627947065848,0.3386851759939663,0.21512524122947613,0.4145308208249382,1002,203
122,"[1.73945996e+01 5.07629727e+00 3.07894109e-01 2.00000000e+00
 1.00000000e+00 8.51182950e+03 8.90000000e+01]","[1.0000000e+02 0.0000000e+00 0.0000000e+00 2.0000000e+00 1.0000000e+00
 8.5118295e+03 8.9000000e+01]","[9.6000000e+01 1.5771000e+00 0.0000000e+00 2.0000000e+00 1.0000000e+00
 8.5118295e+03 8.9000000e+01]","[1.0000000e+02 1.7109100e+01 0.0000000e+00 2.0000000e+00 1.0000000e+00
 8.5118295e+03 8.9000000e+01]","[0.73003606 0.71016244 0.98       0.02564024 0.77946543 0.90981313
 0.02564024 0.00604975 0.00604975 0.00604975 0.01272353 0.29345541]","[0.67691397 0.71016244 0.98       0.02564024 0.77946543 0.90981313
 0.02564024 0.00604975 0.00604975 0.00604975 0.01272353 0.17064306]","[[0.67691397 0.71016244 0.98       0.02564024 0.77946543 0.90981313
  0.02564024 0.00604975 0.00604975 0.00604975 0.01272353 0.17064306]]","[0.28447721 0.07709141 1.         0.00161415 0.08235415 0.08490454
 0.00161415 0.00334371 0.00334371 0.00334371 0.01097408 0.04806794]",310.01040821531205,398.0,392.42289999999997,380.8909,87.98959178468795,-5.57710000000003,82.41249178468792,11.531999999999982,0.283827863365079,-0.014012814070351834,0.26583782221740704,0.030276386230282695,3.7564780712127686,2.825711965560913,2.8923497200012207,5.459731578826904,1.3293917133082938,1.2987634397168206,0.9769606856392596,1.8876457231543218,198,203
123,"[1.66686890e+01 5.08033510e+00 9.33909893e-04 2.00000000e+00
 2.00000000e+00 2.22020084e+04 8.40000000e+01]","[1.00000000e+02 0.00000000e+00 0.00000000e+00 2.00000000e+00
 2.00000000e+00 2.22020084e+04 8.40000000e+01]","[3.60000000e+01 1.04000000e-01 2.00000000e+01 2.00000000e+00
 2.00000000e+00 2.22020084e+04 8.40000000e+01]","[1.00000000e+02 9.60200000e+00 0.00000000e+00 2.00000000e+00
 2.00000000e+00 2.22020084e+04 8.40000000e+01]","[0.38351597 0.70919744 0.96       0.03050661 0.63015698 0.61688547
 0.03050661 0.0184268  0.0184268  0.0184268  0.02128848 0.06962978]","[0.32523178 0.70919744 0.96       0.03050661 0.63015698 0.61688547
 0.03050661 0.0184268  0.0184268  0.0184268  0.02128848 0.0357498 ]","[[2.70927162e-01 4.24803083e-01 9.80000000e-01 1.94656150e-03
  3.56064209e-01 3.16844491e-01 1.94656150e-03 6.72931026e-04
  6.72931026e-04 6.72931026e-04 2.91806576e-03 1.39843817e-03]]","[0.15113752 0.08268771 0.99       0.03050661 0.06756627 0.10932163
 0.03050661 0.01088314 0.01088314 0.01088314 0.0114149  0.07170207]",309.58741995917944,398.0,313.896,388.398,88.41258004082056,-84.10399999999998,4.308580040820573,-74.50200000000001,0.28558195307961215,-0.21131658291457284,0.013917167698185797,-0.19181870143512583,3.674964427947998,2.6936004161834717,3.3439085483551025,5.412553787231445,1.3643316974070745,1.0990026715161647,0.8055245462704047,1.6186309251471387,180,203
124,"[1.68653286e-02 5.10217275e+00 4.29731469e-03 2.00000000e+00
 2.00000000e+01 2.40385990e+03 9.10000000e+01]","[0.0000000e+00 0.0000000e+00 0.0000000e+00 2.0000000e+00 2.0000000e+01
 2.4038599e+03 9.1000000e+01]","[9.5000000e+01 3.0927800e+01 0.0000000e+00 2.0000000e+00 2.0000000e+01
 2.4038599e+03 9.1000000e+01]","[0.0000000e+00 2.5927800e+01 0.0000000e+00 2.0000000e+00 2.0000000e+01
 2.4038599e+03 9.1000000e+01]","[0.42094726 0.81756698 0.88       0.00688067 0.96917081 0.85404088
 0.00688067 0.00498668 0.00498668 0.00498668 0.00447062 0.85431097]","[0.43764829 0.81756698 0.88       0.00688067 0.96923758 0.85480988
 0.00688067 0.00498668 0.00498668 0.00498668 0.00447062 0.74391261]","[[0.03840158 0.21154202 0.99       0.00284315 0.32792146 0.13498513
  0.00284315 0.0050279  0.0050279  0.0050279  0.00126582 0.01219827]]","[3.00509617e-02 1.66202711e-01 1.00000000e+00 3.42691597e-03
 2.57547915e-01 1.92933319e-01 3.42691597e-03 1.68099126e-03
 1.68099126e-03 1.68099126e-03 7.18986325e-04 8.62312250e-03]",292.910395263176,298.0,362.0722,272.0722,5.089604736824015,64.07220000000001,69.16180473682402,90.0,0.017375978521523876,0.2150073825503356,0.2361193247330232,0.33079454644759737,4.224562168121338,0.2470705509185791,2.8955631256103516,0.283160924911499,17.09860666281317,1.4589777479746184,0.08532728875199344,0.0977913147211432,150,4
125,"[6.58710612e+01 6.98048920e+00 2.52484173e-01 1.00000000e+00
 5.00000000e+00 3.82115882e+04 6.60000000e+01]","[1.00000000e+02 0.00000000e+00 0.00000000e+00 1.00000000e+00
 5.00000000e+00 3.82115882e+04 6.60000000e+01]","[9.50000000e+01 3.02340000e+01 0.00000000e+00 1.00000000e+00
 5.00000000e+00 3.82115882e+04 6.60000000e+01]","[0.00000000e+00 3.31170000e+01 0.00000000e+00 1.00000000e+00
 5.00000000e+00 3.82115882e+04 6.60000000e+01]","[3.63826786e-01 8.85815659e-02 9.80000000e-01 3.79386009e-04
 3.32837372e-01 1.99726643e-01 3.79386009e-04 3.27532762e-04
 3.27532762e-04 3.27532762e-04 1.13962968e-04 8.86265086e-01]","[6.32822404e-01 7.93215212e-01 8.40000000e-01 3.79386009e-04
 1.02536160e-01 9.96598944e-02 3.79386009e-04 3.27532762e-04
 3.27532762e-04 3.27532762e-04 1.13962968e-04 1.12560686e-02]","[6.36584862e-02 8.15864546e-02 1.00000000e+00 2.68793301e-05
 8.02210670e-02 7.34581319e-02 2.68793301e-05 7.17332659e-05
 7.17332659e-05 7.17332659e-05 3.32884301e-05 1.07591120e-02]","[3.85651909e-02 7.55887306e-02 1.00000000e+00 3.80557904e-05
 7.78645755e-02 7.07863467e-02 3.80557904e-05 6.02360524e-05
 6.02360524e-05 6.02360524e-05 3.76340431e-05 9.06284384e-03]",357.6380877938592,399.0,363.766,265.88300000000004,41.3619122061408,-35.23399999999998,6.12791220614082,97.88299999999998,0.11565298444941244,-0.08830576441102753,0.01713439484016288,0.36814313062512444,6.742249965667725,2.6860036849975586,2.5138278007507324,0.2963418960571289,2.5101417408047424,2.682065161207228,1.06849151886832,0.11788472383376022,162,6
126,"[3.57984252e+01 6.96982446e+00 1.04534064e-01 1.00000000e+00
 2.00000000e+01 1.30806366e+04 6.00000000e+00]","[1.00000000e+02 0.00000000e+00 0.00000000e+00 1.00000000e+00
 2.00000000e+01 1.30806366e+04 6.00000000e+00]","[1.00000000e+02 2.24610000e+00 1.00000000e+00 1.00000000e+00
 2.00000000e+01 1.30806366e+04 6.00000000e+00]","[1.00000000e+02 1.25356000e+01 0.00000000e+00 1.00000000e+00
 2.00000000e+01 1.30806366e+04 6.00000000e+00]","[9.30942289e-02 1.32466594e-01 9.90000000e-01 2.43517788e-04
 4.55216373e-01 2.57672853e-01 2.43517788e-04 8.55142353e-05
 8.55142353e-05 8.55142353e-05 1.73881534e-04 8.12496668e-01]","[7.25844035e-01 1.32466594e-01 8.20000000e-01 2.43517788e-04
 9.04209276e-02 7.17815186e-02 2.43517788e-04 8.55142353e-05
 8.55142353e-05 8.55142353e-05 1.73881534e-04 6.12179861e-02]","[[3.23981399e-01 8.89827540e-02 8.10000000e-01 1.10650210e-04
  4.43035325e-02 3.49088029e-02 1.10650210e-04 2.81365865e-05
  2.81365865e-05 2.81365865e-05 1.54675145e-04 9.70711324e-04]]","[5.36670529e-02 3.35144436e-02 1.00000000e+00 3.88382730e-04
 3.48953970e-02 5.16897256e-02 3.88382730e-04 9.23889747e-05
 9.23889747e-05 9.23889747e-05 9.63060811e-05 5.80391376e-03]",327.724066638504,399.0,395.7539,386.4644,71.27593336149602,-3.2461000000000126,68.029833361496,9.289499999999975,0.21748763858748565,-0.008135588972431109,0.2075826595809221,0.024037142877843278,5.060854196548462,2.9783380031585693,5.452409982681274,6.204639434814453,1.6992209048070954,0.9281866573906716,0.5462424895814498,1.137962745744087,318,205
127,"[4.58828981e+01 6.98275970e+00 2.45761393e-01 4.00000000e+00
 3.00000000e+00 5.92784290e+03 1.10000000e+01]","[1.0000000e+02 0.0000000e+00 0.0000000e+00 4.0000000e+00 3.0000000e+00
 5.9278429e+03 1.1000000e+01]","[9.6000000e+01 0.0000000e+00 1.1000000e+01 4.0000000e+00 3.0000000e+00
 5.9278429e+03 1.1000000e+01]","[1.0000000e+02 2.7768700e+01 1.0000000e+00 4.0000000e+00 3.0000000e+00
 5.9278429e+03 1.1000000e+01]","[4.89577366e-01 3.73709662e-02 9.70000000e-01 9.08368034e-04
 1.91365441e-01 9.28448945e-02 9.08368034e-04 1.30908308e-03
 1.30908308e-03 1.30908308e-03 5.41695568e-04 9.51700430e-01]","[9.00340647e-01 3.73709662e-02 9.70000000e-01 9.08368034e-04
 2.73834117e-02 2.22932907e-02 9.08368034e-04 1.30908308e-03
 1.30908308e-03 1.30908308e-03 5.41695568e-04 2.24849448e-01]","[[7.94955611e-01 2.14294039e-02 9.40000000e-01 3.39506281e-04
  1.57705976e-02 1.06136885e-02 3.39506281e-04 1.31939785e-04
  1.31939785e-04 1.31939785e-04 8.81433545e-04 2.52685042e-03]]","[7.00403331e-03 2.00617024e-02 9.90000000e-01 5.06053388e-04
 2.05177308e-02 2.12322954e-02 5.06053388e-04 5.79992738e-05
 5.79992738e-05 5.79992738e-05 8.15774911e-05 1.67531637e-03]",334.6543770187428,396.0,381.0,367.23130000000003,61.34562298125718,-15.0,46.34562298125718,13.768699999999967,0.18331038586063803,-0.03787878787878788,0.13848802275985628,0.03749326378225376,3.7840213775634766,2.488192319869995,18.347131490707397,4.256224870681763,1.5207913581861658,0.2062459398342481,0.13561751171458244,0.2319831235110235,1002,202
128,"[6.23360116e+01 1.58212428e+00 9.29437234e+01 4.00000000e+00
 2.00000000e+00 3.02005648e+04 6.50000000e+01]","[1.00000000e+02 0.00000000e+00 1.00000000e+00 4.00000000e+00
 2.00000000e+00 3.02005648e+04 6.50000000e+01]","[9.60000000e+01 2.63505000e+01 1.00000000e+00 4.00000000e+00
 2.00000000e+00 3.02005648e+04 6.50000000e+01]","[1.00000000e+02 1.63505000e+01 0.00000000e+00 4.00000000e+00
 2.00000000e+00 3.02005648e+04 6.50000000e+01]","[8.45672407e-01 2.36018444e-01 9.40000000e-01 1.76220783e-04
 3.46516358e-02 2.80337195e-02 1.76220783e-04 1.05059647e-04
 1.05059647e-04 1.05059647e-04 1.86677324e-04 1.07977077e-03]","[8.45672407e-01 2.36018444e-01 9.40000000e-01 1.76220783e-04
 3.46516358e-02 2.80337195e-02 1.76220783e-04 1.05059647e-04
 1.05059647e-04 1.05059647e-04 1.86677324e-04 1.07977077e-03]","[[4.83670361e-03 4.21592363e-02 1.00000000e+00 6.94012851e-05
  4.37648381e-02 3.87975642e-02 6.94012851e-05 7.26539729e-05
  7.26539729e-05 7.26539729e-05 5.66231756e-05 1.58433912e-03]]","[9.85926136e-02 4.30011224e-02 1.00000000e+00 1.59259289e-04
 3.71047478e-02 4.63077471e-02 1.59259289e-04 3.30715964e-04
 3.30715964e-04 3.30715964e-04 1.94648252e-04 2.54549326e-02]",263.8101639201485,395.0,364.6495,379.6495,131.1898360798515,-30.35050000000001,100.83933607985148,-15.0,0.49728878573291335,-0.07683670886075952,0.38224204322307337,-0.0395101271040789,3.7160227298736572,3.235151767730713,3.4188153743743896,3.2811152935028076,1.1486393828380577,1.0869328474789761,0.9462785829207623,0.9597228671943773,150,105
129,"[5.46057785e+01 6.97179245e+00 5.57168254e-02 3.00000000e+00
 1.00000000e+01 1.63303817e+04 3.90000000e+01]","[1.00000000e+02 6.83481414e+00 0.00000000e+00 3.00000000e+00
 1.00000000e+01 1.63303817e+04 3.90000000e+01]","[9.60000000e+01 3.05300000e+00 0.00000000e+00 3.00000000e+00
 1.00000000e+01 1.63303817e+04 3.90000000e+01]","[1.00000000e+02 3.31170000e+01 0.00000000e+00 3.00000000e+00
 1.00000000e+01 1.63303817e+04 3.90000000e+01]","[4.00445151e-01 5.91537332e-02 1.00000000e+00 3.24806286e-04
 3.56371435e-01 2.53793979e-01 3.24806286e-04 5.31330821e-04
 5.31330821e-04 5.31330821e-04 5.89872419e-04 9.68413330e-01]","[3.66129228e-01 5.91537332e-02 1.00000000e+00 3.24806286e-04
 7.53743988e-02 9.47343628e-02 3.24806286e-04 5.31330821e-04
 5.31330821e-04 5.31330821e-04 5.89872419e-04 5.40073609e-01]","[[7.66092696e-01 5.91537332e-02 9.80000000e-01 3.24806286e-04
  6.18012281e-02 7.04354398e-02 3.24806286e-04 5.31330821e-04
  5.31330821e-04 5.31330821e-04 5.89872419e-04 1.62164775e-01]]","[6.24286677e-02 3.24422046e-02 1.00000000e+00 8.12571525e-05
 3.14622947e-02 4.37334010e-02 8.12571525e-05 1.15640520e-03
 1.15640520e-03 1.15640520e-03 1.50033983e-03 2.89608024e-02]",344.5782692472044,390.16518585858586,389.947,363.883,45.58691661138147,-0.21818585858585493,45.368730752795614,26.06400000000002,0.1322977119566321,-0.0005592140623867341,0.13166451515329763,0.07162741870326457,2.754260778427124,1.9344093799591064,2.3067128658294678,3.966674327850342,1.4238251773186446,1.194019775598175,0.838599987286894,1.7196220589960471,198,204
130,"[2.83268658e+01 6.98790401e+00 2.65752625e-01 2.00000000e+00
 8.00000000e+00 2.20681931e+04 5.60000000e+01]","[1.00000000e+02 6.83481414e+00 0.00000000e+00 2.00000000e+00
 8.00000000e+00 2.20681931e+04 5.60000000e+01]","[9.50000000e+01 2.72623000e+01 0.00000000e+00 2.00000000e+00
 8.00000000e+00 2.20681931e+04 5.60000000e+01]","[0.00000000e+00 2.92038000e+01 0.00000000e+00 2.00000000e+00
 8.00000000e+00 2.20681931e+04 5.60000000e+01]","[3.81494516e-01 6.38096958e-02 9.90000000e-01 7.82509160e-04
 3.75554557e-01 3.09607556e-01 7.82509160e-04 4.16031224e-04
 4.16031224e-04 4.16031224e-04 2.48985045e-04 9.69731842e-01]","[3.17815689e-01 6.38096958e-02 9.90000000e-01 7.82509160e-04
 8.13433631e-02 1.21251975e-01 7.82509160e-04 4.16031224e-04
 4.16031224e-04 4.16031224e-04 2.48985045e-04 5.50981832e-01]","[[5.79287456e-02 6.28834377e-02 1.00000000e+00 7.43487501e-04
  6.07757653e-02 1.89768442e-01 7.43487501e-04 1.91790314e-04
  1.91790314e-04 1.91790314e-04 1.57877483e-04 2.83424915e-02]]","[3.50095869e-02 4.25227002e-02 1.00000000e+00 1.28332991e-03
 4.06527153e-02 7.58104875e-02 1.28332991e-03 1.61053627e-04
 1.61053627e-04 1.61053627e-04 1.57778311e-04 2.46638663e-02]",319.0732091855075,391.16518585858586,365.7377,268.7962,72.09197667307836,-25.42748585858584,46.664490814492524,96.94150000000002,0.2259418045692594,-0.06500447068870385,0.1462501064680803,0.36065055979214,4.1049416065216064,2.465421199798584,1.080153226852417,0.29170799255371094,1.6650062094286224,3.8003326791731844,2.2824735773672216,0.27006167764156247,102,5
131,"[2.58957259e+00 5.07510694e+00 1.21838819e-03 4.00000000e+00
 7.00000000e+00 1.92808771e+04 8.90000000e+01]","[1.00000000e+02 0.00000000e+00 0.00000000e+00 4.00000000e+00
 7.00000000e+00 1.92808771e+04 8.90000000e+01]","[1.00000000e+02 5.00030000e+00 0.00000000e+00 4.00000000e+00
 7.00000000e+00 1.92808771e+04 8.90000000e+01]","[1.00000000e+02 7.37480000e+00 0.00000000e+00 4.00000000e+00
 7.00000000e+00 1.92808771e+04 8.90000000e+01]","[0.34279925 0.71645494 0.99       0.04815906 0.77354228 0.82382894
 0.04815906 0.05537437 0.05537437 0.05537437 0.03038938 0.08285831]","[0.28781402 0.71645494 0.99       0.04815906 0.77354228 0.82382894
 0.04815906 0.05537437 0.05537437 0.05537437 0.03038938 0.04283805]","[[0.28781402 0.71645494 0.99       0.04815906 0.77354228 0.82382894
  0.04815906 0.05537437 0.05537437 0.05537437 0.03038938 0.04283805]]","[0.21231668 0.10385866 1.         0.04815906 0.08302567 0.10056258
 0.04815906 0.05537437 0.05537437 0.05537437 0.04988939 0.05091347]",293.5132472576993,396.0,390.9997,388.6252,102.48675274230072,-5.0002999999999815,97.48645274230074,2.374500000000012,0.34917249459721733,-0.012627020202020155,0.3321364662519284,0.006110000072048883,4.26691198348999,3.026305675506592,13.8881676197052,2.8067820072174072,1.4099408457064488,0.3072336178774146,0.21790532476096586,0.20209879978947043,1002,102
132,"[5.56616296e+01 1.91290459e+00 1.56563505e-01 2.00000000e+00
 5.00000000e+00 3.48357312e+04 9.90000000e+01]","[0.00000000e+00 0.00000000e+00 0.00000000e+00 2.00000000e+00
 5.00000000e+00 3.48357312e+04 9.90000000e+01]","[0.00000000e+00 0.00000000e+00 2.10000000e+01 2.00000000e+00
 5.00000000e+00 3.48357312e+04 9.90000000e+01]","[1.00000000e+02 1.24170000e+01 0.00000000e+00 2.00000000e+00
 5.00000000e+00 3.48357312e+04 9.90000000e+01]","[0.19936789 0.69648278 0.86       0.00447679 0.59260255 0.52142656
 0.00447679 0.00195198 0.00195198 0.00195198 0.00112181 0.01159677]","[0.13571763 0.69182242 0.88       0.00345035 0.59260255 0.52397506
 0.00345035 0.00195198 0.00195198 0.00195198 0.00090797 0.00914703]","[6.96986938e-01 3.86190188e-01 8.90000000e-01 6.71683869e-04
 3.20681090e-01 2.23396067e-01 6.71683869e-04 4.24321974e-04
 4.24321974e-04 4.24321974e-04 2.99578649e-04 4.61670759e-04]","[0.33291307 0.015678   1.         0.00553007 0.01475088 0.01476513
 0.00553007 0.00183163 0.00183163 0.00183163 0.00240535 0.04927794]",351.5921615307325,298.0,277.0,385.583,-53.59216153073248,-21.0,-74.59216153073248,-108.58300000000003,-0.15242706577247747,-0.07046979865771812,-0.21215535979522235,-0.28160733227346646,3.918962001800537,0.3948478698730469,10.319979906082153,2.843148946762085,9.925245394031322,0.3797451194154815,0.038260527003578806,0.27549946537070824,1002,104
133,"[6.47239340e+01 6.96500051e+00 3.16756953e-02 2.00000000e+00
 0.00000000e+00 8.69403030e+03 3.00000000e+00]","[1.00000000e+02 4.68003253e+01 0.00000000e+00 2.00000000e+00
 0.00000000e+00 8.69403030e+03 3.00000000e+00]","[1.0000000e+02 2.5015000e+00 1.0000000e+00 2.0000000e+00 0.0000000e+00
 8.6940303e+03 3.0000000e+00]","[1.0000000e+02 1.1999500e+01 0.0000000e+00 2.0000000e+00 0.0000000e+00
 8.6940303e+03 3.0000000e+00]","[2.82715586e-01 8.60264362e-02 9.80000000e-01 1.74548780e-03
 3.84133109e-01 2.50745086e-01 1.74548780e-03 4.09083033e-04
 4.09083033e-04 4.09083033e-04 1.80133080e-04 9.82729724e-01]","[3.65120634e-02 2.63669447e-01 1.00000000e+00 2.12947233e-03
 2.62496115e-01 1.95514686e-01 2.12947233e-03 1.39891024e-04
 1.39891024e-04 1.39891024e-04 2.02526659e-04 1.12821636e-02]","[[7.05189082e-01 4.37594916e-02 9.20000000e-01 3.43143096e-04
  4.05201769e-02 3.01771896e-02 3.43143096e-04 6.45910332e-05
  6.45910332e-05 6.45910332e-05 2.45736097e-04 4.21810687e-03]]","[6.64088973e-02 3.97308021e-02 9.70000000e-01 1.74548780e-03
 4.37072728e-02 5.54387147e-02 1.74548780e-03 4.09083033e-04
 4.09083033e-04 4.09083033e-04 1.58854935e-04 6.47281886e-02]",355.7272577799417,351.1996747474748,394.4985,386.0005,-4.527583032466907,43.298825252525205,38.7712422200583,8.49799999999999,-0.012727680922522218,0.1232883409805508,0.10899148539256101,0.022015515523943596,4.769624471664429,2.757058620452881,5.245680570602417,5.779348850250244,1.7299684657705823,0.90924798173837,0.525586448382666,1.1017348030374905,276,205
134,"[2.04499252e+01 5.07353800e+00 4.96986027e-02 3.00000000e+00
 6.00000000e+00 9.06238510e+03 9.60000000e+01]","[0.0000000e+00 0.0000000e+00 0.0000000e+00 3.0000000e+00 6.0000000e+00
 9.0623851e+03 9.6000000e+01]","[1.0000000e+02 3.9578000e+00 5.0000000e+00 3.0000000e+00 6.0000000e+00
 9.0623851e+03 9.6000000e+01]","[0.0000000e+00 4.3957800e+01 0.0000000e+00 3.0000000e+00 6.0000000e+00
 9.0623851e+03 9.6000000e+01]","[0.7157136  0.73771194 0.99       0.00437137 0.81418597 0.89323148
 0.00437137 0.00466333 0.00466333 0.00466333 0.00257174 0.2433437 ]","[0.48130705 0.75711032 0.99       0.00357822 0.8712186  0.92167117
 0.00357822 0.0043281  0.0043281  0.0043281  0.00284957 0.11527081]","[[7.88388617e-01 4.59969344e-01 9.90000000e-01 3.93436610e-04
  4.98709598e-01 6.44321236e-01 3.93436610e-04 1.03606703e-03
  1.03606703e-03 1.03606703e-03 1.35846902e-03 2.55760404e-03]]","[1.81839507e-01 1.75331509e-01 9.90000000e-01 3.80654423e-03
 2.11134590e-01 1.91620241e-01 3.80654423e-03 6.87487714e-04
 6.87487714e-04 6.87487714e-04 6.29344606e-04 2.13403061e-02]",312.3266885564652,297.0,388.0422,253.0422,-15.326688556465172,91.04219999999998,75.71551144353481,134.99999999999997,-0.049072618889225275,0.3065393939393939,0.24242408419684663,0.5335078496788281,4.257782697677612,0.39348602294921875,4.885753870010376,0.3125028610229492,10.8206707464857,0.871468930068835,0.08053742235451232,0.06396205566988285,270,5
135,"[5.72060240e+01 5.07211416e+00 1.56114869e-01 4.00000000e+00
 2.30000000e+01 7.57414590e+03 5.90000000e+01]","[0.00000000e+00 6.83481414e+00 0.00000000e+00 4.00000000e+00
 2.30000000e+01 7.57414590e+03 5.90000000e+01]","[0.0000000e+00 0.0000000e+00 6.0000000e+00 4.0000000e+00 2.3000000e+01
 7.5741459e+03 5.9000000e+01]","[1.0000000e+02 3.8536300e+01 0.0000000e+00 4.0000000e+00 2.3000000e+01
 7.5741459e+03 5.9000000e+01]","[8.44931345e-01 8.95106582e-02 8.80000000e-01 4.51511820e-04
 8.62477996e-02 1.25469900e-01 4.51511820e-04 1.67983337e-04
 1.67983337e-04 1.67983337e-04 1.74139379e-04 6.68045269e-01]","[9.37162078e-02 8.36788873e-02 1.00000000e+00 5.41698653e-04
 1.04591524e-01 1.13307500e-01 5.41698653e-04 1.55857022e-04
 1.55857022e-04 1.55857022e-04 2.07088015e-04 2.45520699e-01]","[[3.32480072e-01 5.65382706e-02 9.40000000e-01 8.13446095e-05
  4.09558335e-02 4.36589466e-02 8.13446095e-05 5.64734255e-05
  5.64734255e-05 5.64734255e-05 2.74275488e-04 8.07590899e-03]]","[6.24571625e-02 4.10552431e-02 1.00000000e+00 1.48264939e-04
 3.72795955e-02 3.68507718e-02 1.48264939e-04 7.32915214e-05
 7.32915214e-05 7.32915214e-05 5.01327740e-05 1.22935764e-02]",347.97779494108244,289.16518585858586,290.0,357.4637,-58.81260908249658,0.8348141414141423,-57.977794941082436,-67.46370000000002,-0.16901253452811374,0.0028869801146200295,-0.1666134902397979,-0.1887288135830296,5.718150615692139,0.13951945304870605,11.756189584732056,5.7477216720581055,40.984611756583796,0.4863948964482836,0.011867744394825184,0.4889102570719649,1002,208
136,"[5.71923815e+01 5.07793878e+00 9.80777646e-04 1.00000000e+00
 1.50000000e+01 8.46291850e+03 7.70000000e+01]","[0.0000000e+00 0.0000000e+00 1.0000000e+00 1.0000000e+00 1.5000000e+01
 8.4629185e+03 7.7000000e+01]","[2.5000000e+01 0.0000000e+00 5.6000000e+01 1.0000000e+00 1.5000000e+01
 8.4629185e+03 7.7000000e+01]","[1.0000000e+02 1.2895300e+01 0.0000000e+00 1.0000000e+00 1.5000000e+01
 8.4629185e+03 7.7000000e+01]","[5.95809312e-01 6.03564020e-01 9.00000000e-01 2.70952191e-03
 4.42282922e-01 7.09954486e-01 2.70952191e-03 2.58082669e-04
 2.58082669e-04 2.58082669e-04 8.75875703e-04 7.37543398e-01]","[2.16664233e-01 4.81339671e-01 9.60000000e-01 5.33074897e-04
 2.64052657e-01 4.37329225e-01 5.33074897e-04 7.90183694e-05
 7.90183694e-05 7.90183694e-05 5.82114095e-04 1.13065872e-02]","[[2.91907224e-01 4.85790868e-01 9.50000000e-01 5.33074897e-04
  2.64052657e-01 4.37329225e-01 5.33074897e-04 8.51668228e-05
  8.51668228e-05 8.51668228e-05 9.97779542e-04 1.47510331e-02]]","[1.24482459e-01 6.36514486e-02 1.00000000e+00 3.59050324e-03
 5.35283793e-02 5.78177426e-02 3.59050324e-03 2.78826803e-04
 2.78826803e-04 2.78826803e-04 5.91912831e-04 2.78597437e-02]",351.11346190268216,298.0,268.0,386.1047,-53.11346190268216,-30.0,-83.11346190268216,-118.10469999999998,-0.15127150527029232,-0.10067114093959731,-0.23671397118267898,-0.30588775531610984,4.696425676345825,0.29268383979797363,3.1054046154022217,3.1091480255126953,16.0460710081826,1.5123393753755754,0.09424982443392946,1.0012054500376237,192,105
137,"[5.62917289e+01 5.07491775e+00 7.47277804e-02 1.00000000e+00
 9.00000000e+00 6.46729390e+03 8.80000000e+01]","[0.0000000e+00 0.0000000e+00 1.0000000e+00 1.0000000e+00 9.0000000e+00
 6.4672939e+03 8.8000000e+01]","[0.0000000e+00 1.8502600e+01 1.0000000e+00 1.0000000e+00 9.0000000e+00
 6.4672939e+03 8.8000000e+01]","[1.0000000e+02 1.7124600e+01 0.0000000e+00 1.0000000e+00 9.0000000e+00
 6.4672939e+03 8.8000000e+01]","[0.68274226 0.50905564 0.93       0.02584993 0.74634837 0.79327892
 0.02584993 0.00280958 0.00280958 0.00280958 0.00983782 0.84137342]","[2.64182137e-01 2.35740862e-01 9.60000000e-01 1.58808671e-03
 4.00502114e-01 4.69657914e-01 1.58808671e-03 3.79792211e-04
 3.79792211e-04 3.79792211e-04 2.71852803e-03 1.64969086e-02]","[[4.89209986e-03 6.86145737e-02 1.00000000e+00 1.03032340e-04
  6.85062757e-02 3.39058706e-01 1.03032340e-04 3.75577307e-04
  3.75577307e-04 3.75577307e-04 1.11855054e-03 3.31957849e-03]]","[2.00012903e-01 9.23327590e-02 1.00000000e+00 6.44014857e-04
 9.42717535e-02 8.68757837e-02 6.44014857e-04 3.31074931e-03
 3.31074931e-03 3.31074931e-03 1.21886898e-02 6.36889371e-02]",350.14208333210547,298.0,279.49739999999997,381.8754,-52.14208333210547,-18.50260000000003,-70.6446833321055,-102.37800000000004,-0.14891692776800367,-0.06208926174496654,-0.20176004740652637,-0.2680926815395808,3.7009551525115967,0.41767024993896484,0.4220707416534424,5.734902620315552,8.860949883436577,8.768565994442728,0.9895740422630604,13.587538898928031,42,207
138,"[5.86978611e+01 5.08069436e+00 1.26347648e-01 2.00000000e+00
 2.00000000e+00 1.63528732e+04 8.30000000e+01]","[1.00000000e+02 0.00000000e+00 0.00000000e+00 2.00000000e+00
 2.00000000e+00 1.63528732e+04 8.30000000e+01]","[9.50000000e+01 1.54450000e+00 0.00000000e+00 2.00000000e+00
 2.00000000e+00 1.63528732e+04 8.30000000e+01]","[1.00000000e+02 1.24170000e+01 0.00000000e+00 2.00000000e+00
 2.00000000e+00 1.63528732e+04 8.30000000e+01]","[0.36039502 0.71504402 0.98       0.00871398 0.69183326 0.68766123
 0.00871398 0.08610594 0.08610594 0.08610594 0.02500574 0.18358109]","[0.3038925  0.71504402 0.98       0.00871398 0.69183326 0.68766123
 0.00871398 0.08610594 0.08610594 0.08610594 0.02500574 0.1002286 ]","[[0.3038925  0.71504402 0.98       0.00871398 0.69183326 0.68766123
  0.00871398 0.08610594 0.08610594 0.08610594 0.02500574 0.1002286 ]]","[0.16263473 0.06871035 1.         0.00651483 0.06174875 0.0839787
 0.00651483 0.06894855 0.06894855 0.06894855 0.0432654  0.07458753]",351.4908190784871,398.0,391.45550000000003,385.583,46.50918092151289,-6.544499999999971,39.96468092151292,5.872500000000002,0.13231976028121378,-0.016443467336683344,0.11370049728834852,0.015230183903335992,4.083192825317383,2.8974623680114746,2.70279598236084,3.0280814170837402,1.4092306669438035,1.510729204855038,1.072024076889665,1.1203514571006465,174,104
139,"[1.02613456e+01 6.98627302e+00 4.79570666e-01 2.00000000e+00
 1.70000000e+01 3.00955020e+04 5.70000000e+01]","[1.0000000e+02 0.0000000e+00 1.0000000e+00 2.0000000e+00 1.7000000e+01
 3.0095502e+04 5.7000000e+01]","[9.1000000e+01 1.8734000e+01 1.1000000e+01 2.0000000e+00 1.7000000e+01
 3.0095502e+04 5.7000000e+01]","[1.0000000e+02 2.0490000e+01 0.0000000e+00 2.0000000e+00 1.7000000e+01
 3.0095502e+04 5.7000000e+01]","[9.83075878e-02 4.74197347e-02 1.00000000e+00 2.05400371e-04
 2.77266674e-01 2.34596845e-01 2.05400371e-04 1.94601133e-04
 1.94601133e-04 1.94601133e-04 4.64693410e-04 8.02201609e-01]","[5.38007084e-01 3.56938010e-02 7.80000000e-01 6.48358400e-05
 2.49567864e-02 3.27407148e-02 6.48358400e-05 7.86468590e-05
 7.86468590e-05 7.86468590e-05 3.64361418e-04 7.99645945e-04]","[[3.64595817e-03 4.24112758e-02 9.70000000e-01 3.77464712e-05
  4.66775418e-02 1.17429835e-01 3.77464712e-05 8.76561608e-05
  8.76561608e-05 8.76561608e-05 3.92250658e-05 9.89797117e-04]]","[3.38548198e-02 4.78040557e-02 1.00000000e+00 1.02927857e-04
 5.03810414e-02 5.33663854e-02 1.02927857e-04 1.42080258e-04
 1.42080258e-04 1.42080258e-04 1.28511092e-04 7.99083608e-03]",300.79550187670134,397.0,359.266,377.51,96.20449812329866,-37.73399999999998,58.47049812329868,-18.24399999999997,0.3198335664033092,-0.09504785894206544,0.19438621175680426,-0.04832719663055276,5.762040138244629,3.0449647903442383,2.487807273864746,3.1209728717803955,1.8923174929695068,2.316111942744441,1.2239552566360825,1.254507495241801,114,104
140,"[2.45380751e+00 5.08430360e+00 2.33519961e-01 3.00000000e+00
 8.00000000e+00 1.51092189e+04 9.60000000e+01]","[1.00000000e+02 0.00000000e+00 0.00000000e+00 3.00000000e+00
 8.00000000e+00 1.51092189e+04 9.60000000e+01]","[9.50000000e+01 3.91900000e+00 0.00000000e+00 3.00000000e+00
 8.00000000e+00 1.51092189e+04 9.60000000e+01]","[0.00000000e+00 1.24170000e+01 0.00000000e+00 3.00000000e+00
 8.00000000e+00 1.51092189e+04 9.60000000e+01]","[0.37935749 0.74621444 0.99       0.00183349 0.80013714 0.88667696
 0.00183349 0.04168519 0.04168519 0.04168519 0.00799547 0.22803565]","[0.32137582 0.74621444 0.99       0.00183349 0.80013714 0.88667696
 0.00183349 0.04168519 0.04168519 0.04168519 0.00799547 0.12765514]","[[0.32137582 0.74621444 0.99       0.00183349 0.80013714 0.88667696
  0.00183349 0.04168519 0.04168519 0.04168519 0.00799547 0.12765514]]","[0.23266863 0.07175093 1.         0.00145727 0.07781644 0.13383991
 0.00145727 0.03270731 0.03270731 0.03270731 0.02412676 0.05462315]",294.1359839507247,397.0,388.081,284.58299999999997,102.86401604927528,-8.918999999999983,93.9450160492753,103.49800000000005,0.34971585138154204,-0.02246599496221658,0.31939314186398043,0.36368300284978394,4.0427329540252686,2.891707181930542,2.2025704383850098,0.28520941734313965,1.398043681354447,1.8354613698481856,1.3128784131193678,0.12948935133818634,174,4
141,"[4.04749256e+01 6.98502261e+00 1.05400911e-01 3.00000000e+00
 7.00000000e+00 3.87210371e+04 1.70000000e+01]","[1.00000000e+02 0.00000000e+00 0.00000000e+00 3.00000000e+00
 7.00000000e+00 3.87210371e+04 1.70000000e+01]","[1.00000000e+02 3.05300000e+00 5.00000000e+00 3.00000000e+00
 7.00000000e+00 3.87210371e+04 1.70000000e+01]","[0.00000000e+00 3.31170000e+01 0.00000000e+00 3.00000000e+00
 7.00000000e+00 3.87210371e+04 1.70000000e+01]","[3.50418154e-01 4.48655323e-02 9.90000000e-01 2.57782667e-04
 2.36611871e-01 1.30155752e-01 2.57782667e-04 1.60514290e-04
 1.60514290e-04 1.60514290e-04 5.54995095e-05 8.89764152e-01]","[8.35898830e-01 1.46927699e-01 9.70000000e-01 2.57782667e-04
 6.63065384e-02 6.17900200e-02 2.57782667e-04 1.60514290e-04
 1.60514290e-04 1.60514290e-04 5.54995095e-05 1.21854190e-02]","[8.80017537e-01 8.24972400e-02 9.60000000e-01 8.13735387e-05
 2.74983794e-02 1.93205879e-02 8.13735387e-05 2.45087685e-05
 2.45087685e-05 2.45087685e-05 5.25028590e-05 7.33546004e-04]","[3.64569389e-02 6.56363805e-02 1.00000000e+00 2.61884688e-05
 7.40448899e-02 5.25415433e-02 2.61884688e-05 4.63346914e-05
 4.63346914e-05 4.63346914e-05 3.39113103e-05 1.11802363e-02]",330.384502047031,397.0,388.947,263.88300000000004,66.61549795296901,-8.052999999999997,58.56249795296901,125.06399999999996,0.20163021431158457,-0.020284634760705283,0.17725558429684607,0.47393731312740855,4.416400671005249,2.775552749633789,6.4869184494018555,0.3151535987854004,1.5911787918957607,0.6808164316313358,0.4278692219245822,0.048582944466406854,372,6
142,"[9.61660380e+01 5.07212869e+00 2.82477009e-01 3.00000000e+00
 1.00000000e+00 4.58092980e+03 9.30000000e+01]","[1.0000000e+02 0.0000000e+00 0.0000000e+00 3.0000000e+00 1.0000000e+00
 4.5809298e+03 9.3000000e+01]","[1.0000000e+00 3.3823000e+00 0.0000000e+00 3.0000000e+00 1.0000000e+00
 4.5809298e+03 9.3000000e+01]","[1.0000000e+02 1.2088800e+01 0.0000000e+00 3.0000000e+00 1.0000000e+00
 4.5809298e+03 9.3000000e+01]","[0.68357966 0.71180811 0.99       0.00677521 0.90603447 0.77649314
 0.00677521 0.00778021 0.00778021 0.00778021 0.00365035 0.32505457]","[0.62599931 0.71180811 0.99       0.00677521 0.90603447 0.77649314
 0.00677521 0.00778021 0.00778021 0.00778021 0.00365035 0.19262316]","[[0.62599931 0.71180811 0.99       0.00677521 0.90603447 0.77649314
  0.00677521 0.00778021 0.00778021 0.00778021 0.00365035 0.19262316]]","[0.24105683 0.10807376 1.         0.00515276 0.10707516 0.11190396
 0.00515276 0.00613311 0.00613311 0.00613311 0.0026418  0.03626204]",387.8114323119355,397.0,294.6177,384.9112,9.188567688064495,-102.38229999999999,-93.19373231193549,-90.2935,0.023693390453414186,-0.2578899244332493,-0.24030682065343362,-0.23458267777087285,4.0007195472717285,2.8477180004119873,9.564387798309326,5.5896453857421875,1.4048861392500709,0.41829332223217947,0.2977417959689351,0.584422704684795,1002,203
143,"[3.40414816e+00 7.64517925e+00 1.27373197e-01 2.00000000e+00
 2.20000000e+01 2.74403469e+04 1.70000000e+01]","[1.00000000e+02 4.68003253e+01 0.00000000e+00 2.00000000e+00
 2.20000000e+01 2.74403469e+04 1.70000000e+01]","[0.00000000e+00 2.78520000e+00 1.00000000e+00 2.00000000e+00
 2.20000000e+01 2.74403469e+04 1.70000000e+01]","[1.00000000e+02 1.10532000e+01 1.00000000e+00 2.00000000e+00
 2.20000000e+01 2.74403469e+04 1.70000000e+01]","[4.43923135e-02 4.20300645e-01 9.90000000e-01 2.05400371e-04
 5.08843513e-01 6.37943265e-01 2.05400371e-04 3.67427681e-04
 3.67427681e-04 3.67427681e-04 5.62358182e-04 6.63935492e-01]","[4.03923617e-02 1.05615516e-01 1.00000000e+00 1.50490465e-04
 1.11334562e-01 7.55775186e-02 1.50490465e-04 2.77169030e-02
 2.77169030e-02 2.77169030e-02 3.64106707e-02 2.03251043e-02]","[[2.24937077e-01 1.17102893e-01 8.20000000e-01 6.48358400e-05
  6.09991482e-02 6.60179357e-02 6.48358400e-05 6.76864147e-05
  6.76864147e-05 6.76864147e-05 3.23336601e-04 1.49127711e-03]]","[2.20696647e-03 9.31311265e-02 1.00000000e+00 6.48358400e-05
 7.09698995e-02 1.22208142e-01 6.48358400e-05 6.76864147e-05
 6.76864147e-05 6.76864147e-05 6.05617643e-05 2.15942799e-03]",293.63159571658554,351.1996747474748,294.21479999999997,385.9468,57.56807903088924,-56.984874747474805,0.5832042834144318,-91.73200000000003,0.1960554649795051,-0.16225776629334576,0.001986176868981576,-0.23768042642146542,3.812094211578369,2.5391812324523926,1.8405401706695557,5.484252691268921,1.5013084386641324,2.0711822932892563,1.3795847941361061,2.9796973620379323,138,204
144,"[6.70933413e+01 6.97803927e+00 1.61351405e-02 1.00000000e+00
 1.00000000e+01 1.22885135e+04 1.30000000e+01]","[1.00000000e+02 4.68003253e+01 0.00000000e+00 1.00000000e+00
 1.00000000e+01 1.22885135e+04 1.30000000e+01]","[9.50000000e+01 1.23195000e+01 1.00000000e+00 1.00000000e+00
 1.00000000e+01 1.22885135e+04 1.30000000e+01]","[1.00000000e+02 1.23195000e+01 0.00000000e+00 1.00000000e+00
 1.00000000e+01 1.22885135e+04 1.30000000e+01]","[3.51803981e-01 7.82857437e-02 1.00000000e+00 1.22767512e-03
 3.29651670e-01 3.05339314e-01 1.22767512e-03 1.47457074e-04
 1.47457074e-04 1.47457074e-04 1.21710982e-04 9.51772756e-01]","[4.10231379e-02 1.99860018e-01 1.00000000e+00 5.65390743e-04
 1.70021308e-01 2.86191868e-01 5.65390743e-04 6.59341866e-04
 6.59341866e-04 6.59341866e-04 5.15235995e-04 4.36673380e-03]","[[4.12856946e-03 2.30476388e-02 1.00000000e+00 5.88609662e-04
  2.15793627e-02 4.53258261e-02 5.88609662e-04 6.55796102e-05
  6.55796102e-05 6.55796102e-05 7.56648296e-05 1.09703443e-01]]","[8.24170699e-02 2.73176758e-02 1.00000000e+00 1.95685029e-03
 2.54346650e-02 5.64813200e-02 1.95685029e-03 1.77935726e-04
 1.77935726e-04 1.77935726e-04 1.47195780e-04 5.68883949e-01]",359.0991669026335,352.1996747474748,380.6805,386.6805,-6.899492155158725,28.48082525252522,21.581333097366496,-6.0,-0.01921333378372738,0.0808655637542704,0.06009853290252294,-0.015516686256483066,4.538977861404419,2.5983099937438965,3.045675754547119,2.9412848949432373,1.746896202659876,1.4903023917197478,0.853114449187404,0.965724893909659,150,104
145,"[9.25075893e+01 1.20021838e-01 1.14374817e-02 4.00000000e+00
 1.80000000e+01 3.75641710e+04 9.20000000e+01]","[1.0000000e+02 0.0000000e+00 0.0000000e+00 4.0000000e+00 1.8000000e+01
 3.7564171e+04 9.2000000e+01]","[1.0000000e+00 2.5505300e+01 0.0000000e+00 4.0000000e+00 1.8000000e+01
 3.7564171e+04 9.2000000e+01]","[1.0000000e+02 3.5505300e+01 0.0000000e+00 4.0000000e+00 1.8000000e+01
 3.7564171e+04 9.2000000e+01]","[0.3418876  0.76330216 0.71       0.02216459 0.78889292 0.73997666
 0.02216459 0.00203588 0.00203588 0.00203588 0.00322977 0.00528066]","[0.3418876  0.76330216 0.71       0.02216459 0.78889292 0.73997666
 0.02216459 0.00203588 0.00203588 0.00203588 0.00322977 0.00528066]","[1.18225708e-01 5.74183037e-02 1.00000000e+00 3.48962331e-03
 3.51642026e-01 4.03155862e-01 3.48962331e-03 6.48925954e-04
 6.48925954e-04 6.48925954e-04 5.60148270e-04 1.19459673e-02]","[1.74241191e-01 3.67867694e-02 1.00000000e+00 6.68510853e-04
 4.03471635e-02 7.17446569e-02 6.68510853e-04 7.51679821e-04
 7.51679821e-04 7.51679821e-04 3.31544346e-04 6.78572789e-02]",388.37612993083997,396.0,271.49469999999997,360.4947,7.623870069160034,-124.50530000000003,-116.88142993084,-89.00000000000006,0.01963012008621038,-0.31440732323232334,-0.3009490566571474,-0.2468829638826869,3.7289719581604004,2.814124822616577,0.36548852920532227,5.33306884765625,1.3250911715753948,10.202705858562137,7.6996255634487305,14.591617578948055,42,203
146,"[5.22626616e+01 5.08029318e+00 1.13393623e-01 1.00000000e+00
 3.00000000e+00 1.83070386e+04 7.80000000e+01]","[1.00000000e+02 0.00000000e+00 0.00000000e+00 1.00000000e+00
 3.00000000e+00 1.83070386e+04 7.80000000e+01]","[1.00000000e+02 1.92191000e+01 1.60000000e+01 1.00000000e+00
 3.00000000e+00 1.83070386e+04 7.80000000e+01]","[1.00000000e+02 1.13041000e+01 0.00000000e+00 1.00000000e+00
 3.00000000e+00 1.83070386e+04 7.80000000e+01]","[3.73965633e-01 5.32585563e-01 9.30000000e-01 6.58655073e-04
 3.91223436e-01 5.44152141e-01 6.58655073e-04 1.39640393e-02
 1.39640393e-02 1.39640393e-02 6.47085533e-03 7.68057796e-02]","[3.16387960e-01 5.32585563e-01 9.30000000e-01 6.58655073e-04
 3.91223436e-01 5.44152141e-01 6.58655073e-04 1.39640393e-02
 1.39640393e-02 1.39640393e-02 6.47085533e-03 3.95826995e-02]","[[4.52139529e-03 5.79150930e-02 9.80000000e-01 7.72502026e-05
  5.40233677e-02 7.68589661e-02 7.72502026e-05 7.07451138e-04
  7.07451138e-04 7.07451138e-04 4.37972718e-04 4.22574639e-03]]","[1.25026847e-01 5.14300545e-02 1.00000000e+00 6.58655073e-04
 4.05430133e-02 5.77389118e-02 6.58655073e-04 1.39640393e-02
 1.39640393e-02 1.39640393e-02 1.07938657e-02 6.13502209e-02]",346.0689748073304,399.0,363.7809,387.6959,52.93102519266961,-35.219100000000026,17.711925192669582,-23.91500000000002,0.15294935127350928,-0.08826842105263165,0.051180332482940655,-0.06168494430815498,5.103680849075317,2.8645849227905273,3.2210538387298584,5.489107608795166,1.7816475987395692,1.5844754867828679,0.8893315871802082,1.7041340764920767,180,207
147,"[7.16668726e+01 6.98362525e+00 4.71117864e-03 3.00000000e+00
 1.00000000e+00 3.88600198e+04 2.60000000e+01]","[1.00000000e+02 0.00000000e+00 0.00000000e+00 3.00000000e+00
 1.00000000e+00 3.88600198e+04 2.60000000e+01]","[9.50000000e+01 4.99450000e+00 0.00000000e+00 3.00000000e+00
 1.00000000e+00 3.88600198e+04 2.60000000e+01]","[0.00000000e+00 3.31170000e+01 0.00000000e+00 3.00000000e+00
 1.00000000e+00 3.88600198e+04 2.60000000e+01]","[4.30801770e-01 2.94694719e-02 1.00000000e+00 3.32733034e-04
 1.83658077e-01 9.78660645e-02 3.32733034e-04 1.38419244e-04
 1.38419244e-04 1.38419244e-04 4.52957247e-05 8.89764152e-01]","[8.41431813e-01 1.00181515e-01 9.60000000e-01 3.32733034e-04
 4.90196694e-02 4.55722608e-02 3.32733034e-04 1.38419244e-04
 1.38419244e-04 1.38419244e-04 4.52957247e-05 1.21854190e-02]","[8.41431813e-01 1.00181515e-01 9.60000000e-01 3.32733034e-04
 4.90196694e-02 4.55722608e-02 3.32733034e-04 1.38419244e-04
 1.38419244e-04 1.38419244e-04 4.52957247e-05 1.21854190e-02]","[4.21156786e-02 3.29752501e-02 1.00000000e+00 2.69827051e-05
 3.25501421e-02 3.45061716e-02 2.69827051e-05 3.99560595e-05
 3.99560595e-05 3.99560595e-05 2.76764840e-05 1.11802363e-02]",361.67853612634394,397.0,387.0055,263.88300000000004,35.32146387365606,-9.994500000000016,25.32696387365604,123.12249999999995,0.09765982867536638,-0.025175062972292234,0.07002617336630852,0.46657988578271403,4.8527443408966064,2.835340976715088,2.395468235015869,0.31441378593444824,1.7115205475282205,2.025801999776657,1.1836270401207407,0.13125358180020508,162,6
148,"[1.20585534e+00 5.07357642e+00 4.06172146e-02 2.00000000e+00
 3.00000000e+00 1.05794098e+04 8.70000000e+01]","[0.00000000e+00 0.00000000e+00 0.00000000e+00 2.00000000e+00
 3.00000000e+00 1.05794098e+04 8.70000000e+01]","[1.00000000e+02 2.60360000e+00 1.00000000e+00 2.00000000e+00
 3.00000000e+00 1.05794098e+04 8.70000000e+01]","[1.00000000e+02 9.72710000e+00 0.00000000e+00 2.00000000e+00
 3.00000000e+00 1.05794098e+04 8.70000000e+01]","[0.27091352 0.66961715 0.96       0.01145586 0.75614105 0.83098933
 0.01145586 0.005608   0.005608   0.005608   0.00994053 0.19737653]","[0.1096763  0.66566206 0.96       0.00938942 0.75614105 0.83241915
 0.00938942 0.00520523 0.00520523 0.00520523 0.00864241 0.10794599]","[[1.81641556e-01 3.80336047e-01 9.80000000e-01 1.60501502e-03
  5.01564924e-01 5.57539315e-01 1.60501502e-03 4.83182404e-04
  4.83182404e-04 4.83182404e-04 5.57182683e-03 1.08596859e-03]]","[0.11888007 0.06268793 0.99       0.00667985 0.05595756 0.13659268
 0.00667985 0.00329456 0.00329456 0.00329456 0.00537894 0.04114528]",294.0916617003296,298.0,394.39639999999997,388.2729,3.9083382996703904,96.39639999999997,100.30473829967036,6.123499999999979,0.013289524351264563,0.3234778523489932,0.34106624349614445,0.015771123866744185,3.9842538833618164,0.40265798568725586,3.7928552627563477,5.642486333847046,9.894883561197723,1.0504629381682167,0.10616223340793549,1.4876619177254162,198,207
149,"[8.71393512e+00 6.96813264e+00 3.45716966e-01 3.00000000e+00
 2.30000000e+01 9.48827350e+03 5.70000000e+01]","[1.0000000e+02 0.0000000e+00 0.0000000e+00 3.0000000e+00 2.3000000e+01
 9.4882735e+03 5.7000000e+01]","[9.6000000e+01 1.5432000e+00 0.0000000e+00 3.0000000e+00 2.3000000e+01
 9.4882735e+03 5.7000000e+01]","[1.0000000e+02 9.2507000e+00 0.0000000e+00 3.0000000e+00 2.3000000e+01
 9.4882735e+03 5.7000000e+01]","[1.00654002e-01 9.25468570e-02 1.00000000e+00 1.57627786e-04
 4.80242772e-01 3.70488825e-01 1.57627786e-04 5.14160238e-05
 5.14160238e-05 5.14160238e-05 1.39282740e-04 9.07033204e-01]","[7.90780215e-01 9.73523554e-02 8.60000000e-01 1.57627786e-04
 9.90379142e-02 1.15918577e-01 1.57627786e-04 5.14160238e-05
 5.14160238e-05 5.14160238e-05 1.39282740e-04 1.56881818e-01]","[[7.90780215e-01 9.73523554e-02 8.60000000e-01 1.57627786e-04
  9.90379142e-02 1.15918577e-01 1.57627786e-04 5.14160238e-05
  5.14160238e-05 5.14160238e-05 1.39282740e-04 1.56881818e-01]]","[3.53538277e-02 1.00790604e-01 1.00000000e+00 1.57627786e-04
 8.47631504e-02 1.01908953e-01 1.57627786e-04 5.14160238e-05
 5.14160238e-05 5.14160238e-05 6.44937245e-05 1.60559579e-02]",298.40008551253703,397.0,391.4568,387.7493,98.59991448746297,-5.543200000000013,93.05671448746295,3.707499999999982,0.33042857316245766,-0.013962720403022703,0.3118521709791978,0.009561590440008485,4.308613061904907,2.7313647270202637,2.9427826404571533,2.966228485107422,1.5774579715706134,1.464128883550698,0.9281571426545977,1.0079672362912357,186,105
150,"[5.22254666e+01 6.96535307e+00 2.33463462e-01 2.00000000e+00
 3.00000000e+00 7.45713410e+03 3.10000000e+01]","[0.0000000e+00 0.0000000e+00 0.0000000e+00 2.0000000e+00 3.0000000e+00
 7.4571341e+03 3.1000000e+01]","[9.5000000e+01 2.8365400e+01 1.0000000e+00 2.0000000e+00 3.0000000e+00
 7.4571341e+03 3.1000000e+01]","[0.0000000e+00 2.3365400e+01 0.0000000e+00 2.0000000e+00 3.0000000e+00
 7.4571341e+03 3.1000000e+01]","[6.04986158e-01 4.68395173e-02 1.00000000e+00 1.47111178e-03
 3.20751637e-01 2.20674601e-01 1.47111178e-03 2.19878100e-04
 2.19878100e-04 2.19878100e-04 1.57802526e-04 9.63543942e-01]","[8.19908569e-01 4.60501441e-02 9.80000000e-01 1.20355480e-03
 5.31909042e-02 5.93409974e-02 1.20355480e-03 2.04006777e-04
 2.04006777e-04 2.04006777e-04 1.37018447e-04 2.72102800e-01]","[[1.11372623e-02 5.43000794e-02 1.00000000e+00 6.67571439e-04
  4.86607496e-02 4.40085799e-02 6.67571439e-04 4.61185518e-05
  4.61185518e-05 4.61185518e-05 1.01618985e-04 1.86797710e-03]]","[6.16981356e-02 4.25312563e-02 1.00000000e+00 1.02863566e-03
 4.33502697e-02 4.44599940e-02 1.02863566e-03 9.24873384e-05
 9.24873384e-05 9.24873384e-05 1.54619702e-04 2.19997734e-02]",343.02665003841275,298.0,363.6346,274.6346,-45.026650038412754,65.63459999999998,20.607949961587224,89.0,-0.1312628334660604,0.22025033557046972,0.06007681898557884,0.32406696024463055,4.792246103286743,0.4136927127838135,3.129945755004883,0.41974663734436035,11.58407183689277,1.531095577494846,0.1321724864152376,0.1341066811375795,150,8
151,"[7.36370456e+01 7.62466579e+00 1.02627364e-01 2.00000000e+00
 1.80000000e+01 2.64432401e+04 2.00000000e+01]","[0.00000000e+00 4.90710929e+01 0.00000000e+00 2.00000000e+00
 1.80000000e+01 2.64432401e+04 2.00000000e+01]","[9.50000000e+01 1.87815000e+01 1.00000000e+00 2.00000000e+00
 1.80000000e+01 2.64432401e+04 2.00000000e+01]","[1.00000000e+02 1.74035000e+01 0.00000000e+00 2.00000000e+00
 1.80000000e+01 2.64432401e+04 2.00000000e+01]","[4.43923135e-02 3.28194138e-01 1.00000000e+00 2.05400371e-04
 4.22936331e-01 5.37072447e-01 2.05400371e-04 1.74081768e-04
 1.74081768e-04 1.74081768e-04 3.72747658e-04 6.44661955e-01]","[4.97298458e-02 3.06855048e-02 1.00000000e+00 2.49458390e-04
 3.67120692e-02 4.36363194e-02 2.49458390e-04 5.98538630e-02
 5.98538630e-02 5.98538630e-02 3.67005803e-02 6.83808795e-03]","[[3.64595817e-03 1.22838022e-01 9.80000000e-01 3.77464712e-05
  1.36554265e-01 1.49133526e-01 3.77464712e-05 4.92196959e-05
  4.92196959e-05 4.92196959e-05 6.68777429e-05 1.88488862e-03]]","[7.38096427e-02 9.68822379e-02 1.00000000e+00 1.02927857e-04
 9.56851496e-02 1.00423251e-01 1.02927857e-04 1.96606619e-04
 1.96606619e-04 1.96606619e-04 1.52362321e-04 1.72521424e-02]",363.90975245774183,248.92890707070708,373.2185,380.5965,-114.98084538703475,124.28959292929292,9.308747542258175,-7.377999999999986,-0.31595978016661325,0.4992975480103203,0.02557982433663723,-0.019385359560584466,5.044439792633057,0.11314582824707031,3.008183717727661,2.979869842529297,44.58352438428213,1.6769054904809984,0.03761267225146044,0.9905877174218095,150,106
152,"[5.30492330e+01 5.08341168e+00 2.02183817e-01 3.00000000e+00
 1.10000000e+01 1.56960904e+04 9.30000000e+01]","[1.00000000e+02 0.00000000e+00 0.00000000e+00 3.00000000e+00
 1.10000000e+01 1.56960904e+04 9.30000000e+01]","[0.00000000e+00 3.22250000e+00 0.00000000e+00 3.00000000e+00
 1.10000000e+01 1.56960904e+04 9.30000000e+01]","[0.00000000e+00 6.97150000e+00 0.00000000e+00 3.00000000e+00
 1.10000000e+01 1.56960904e+04 9.30000000e+01]","[0.32591224 0.70996502 0.99       0.0062372  0.80825552 0.83699572
 0.0062372  0.02776142 0.02776142 0.02776142 0.02053461 0.23490434]","[0.27251253 0.70996502 0.99       0.0062372  0.80825552 0.83699572
 0.0062372  0.02776142 0.02776142 0.02776142 0.02053461 0.13201734]","[[0.15124921 0.70996502 0.99       0.00480909 0.80825552 0.83838461
  0.00480909 0.02937171 0.02937171 0.02937171 0.02270884 0.08133938]]","[0.38835231 0.10980429 1.         0.00480909 0.56979733 0.46197024
 0.00480909 0.02937171 0.02937171 0.02937171 0.02270884 0.94831355]",344.7636375256449,397.0,293.77750000000003,290.0285,52.236362474355076,-103.22249999999997,-50.98613752564489,3.7490000000000236,0.15151354954151602,-0.2600062972292191,-0.14788722468404847,0.012926315862061912,4.175246953964233,3.138040065765381,9.078065872192383,0.3388516902923584,1.3305269743093204,0.45992692857117345,0.34567275782584006,0.03732641898207824,1002,7
153,"[4.60681085e+01 5.08380086e+00 3.03162902e-02 2.00000000e+00
 1.10000000e+01 2.80667578e+04 8.20000000e+01]","[0.00000000e+00 0.00000000e+00 0.00000000e+00 2.00000000e+00
 1.10000000e+01 2.80667578e+04 8.20000000e+01]","[0.00000000e+00 4.95200000e+00 0.00000000e+00 2.00000000e+00
 1.10000000e+01 2.80667578e+04 8.20000000e+01]","[0.00000000e+00 2.42440000e+01 0.00000000e+00 2.00000000e+00
 1.10000000e+01 2.80667578e+04 8.20000000e+01]","[0.31936889 0.75015946 0.84       0.00512942 0.68722682 0.6364778
 0.00512942 0.00242928 0.00242928 0.00242928 0.00819325 0.05941403]","[0.1193864  0.74680398 0.88       0.00395395 0.68722682 0.6364778
 0.00395395 0.00264052 0.00264052 0.00264052 0.00664038 0.01707591]","[[0.1193864  0.74680398 0.88       0.00395395 0.68722682 0.6364778
  0.00395395 0.00264052 0.00264052 0.00264052 0.00664038 0.01707591]]","[4.84893508e-02 9.43298196e-02 1.00000000e+00 3.76308250e-04
 8.84090514e-02 9.63198305e-02 3.76308250e-04 1.59932126e-03
 1.59932126e-03 1.59932126e-03 2.29178485e-03 5.53315943e-02]",338.9539913932464,298.0,293.048,273.756,-40.95399139324638,-4.951999999999998,-45.90599139324638,19.29200000000003,-0.12082463234879726,-0.016617449664429525,-0.13543428476694744,0.07047151477958485,3.767416000366211,0.29119062423706055,0.3401529788970947,0.2931489944458008,12.937971510027495,11.075651939258641,0.8560578395673948,0.8618151615085109,54,5
154,"[6.42982228e+01 6.98691220e+00 1.12606298e-01 4.00000000e+00
 5.00000000e+00 3.33411303e+04 2.10000000e+01]","[1.00000000e+02 0.00000000e+00 0.00000000e+00 4.00000000e+00
 5.00000000e+00 3.33411303e+04 2.10000000e+01]","[5.60000000e+01 3.75380000e+00 0.00000000e+00 4.00000000e+00
 5.00000000e+00 3.33411303e+04 2.10000000e+01]","[1.00000000e+02 1.24613000e+01 0.00000000e+00 4.00000000e+00
 5.00000000e+00 3.33411303e+04 2.10000000e+01]","[2.95284356e-01 5.02208947e-02 1.00000000e+00 6.08368078e-04
 2.03291388e-01 1.30417044e-01 6.08368078e-04 1.60195937e-04
 1.60195937e-04 1.60195937e-04 4.52957247e-05 9.16206784e-01]","[7.00774772e-01 1.62394365e-01 9.40000000e-01 6.08368078e-04
 5.52337764e-02 6.02374562e-02 6.08368078e-04 1.60195937e-04
 1.60195937e-04 1.60195937e-04 4.52957247e-05 1.64361530e-02]","[7.00774772e-01 1.62394365e-01 9.40000000e-01 6.08368078e-04
 5.52337764e-02 6.02374562e-02 6.08368078e-04 1.60195937e-04
 1.60195937e-04 1.60195937e-04 4.52957247e-05 1.64361530e-02]","[8.07587009e-02 2.71875755e-02 1.00000000e+00 7.74438435e-04
 2.75175001e-02 3.29250703e-02 7.74438435e-04 1.59991381e-04
 1.59991381e-04 1.59991381e-04 7.62172276e-05 2.70125256e-02]",353.19870431946015,396.0,348.2462,383.5387,42.80129568053985,-47.75380000000001,-4.952504319460161,-35.29250000000002,0.12118191589351658,-0.12059040404040407,-0.014021864346876918,-0.09201809361089251,4.975659608840942,2.6945643424987793,2.5508270263671875,2.9191055297851562,1.8465543874253196,1.9506064336816793,1.0563492995196535,1.1443761178673335,168,104
155,"[2.31243031e+01 6.97203115e+00 1.61352553e-01 3.00000000e+00
 5.00000000e+00 1.69950134e+04 5.80000000e+01]","[1.00000000e+02 6.83481414e+00 0.00000000e+00 3.00000000e+00
 5.00000000e+00 1.69950134e+04 5.80000000e+01]","[9.50000000e+01 0.00000000e+00 1.60000000e+01 3.00000000e+00
 5.00000000e+00 1.69950134e+04 5.80000000e+01]","[0.00000000e+00 4.15780000e+01 1.00000000e+00 3.00000000e+00
 5.00000000e+00 1.69950134e+04 5.80000000e+01]","[3.81494516e-01 1.06285479e-01 1.00000000e+00 2.18203990e-04
 4.01923707e-01 3.29603101e-01 2.18203990e-04 7.12437555e-04
 7.12437555e-04 7.12437555e-04 3.96972348e-04 9.56036076e-01]","[3.17815689e-01 1.06285479e-01 1.00000000e+00 2.18203990e-04
 9.00332508e-02 1.31398078e-01 2.18203990e-04 7.12437555e-04
 7.12437555e-04 7.12437555e-04 3.96972348e-04 5.30697210e-01]","[[1.26723214e-01 6.43879269e-02 9.90000000e-01 8.41404981e-05
  4.22798986e-02 3.06469269e-02 8.41404981e-05 1.34688307e-04
  1.34688307e-04 1.34688307e-04 3.68219102e-04 2.35129567e-03]]","[4.41617625e-03 3.79894151e-02 1.00000000e+00 2.40708196e-05
 3.75136290e-02 4.21397160e-02 2.40708196e-05 4.22186567e-05
 4.22186567e-05 4.22186567e-05 5.32266786e-05 8.89688579e-04]",312.99091944421775,390.16518585858586,376.0,254.422,77.1742664143681,-14.165185858585858,63.00908055578225,121.578,0.24657030482356326,-0.03630561201254892,0.20131280699027412,0.4778596190581003,4.058472394943237,2.5683090686798096,16.482580184936523,0.23758268356323242,1.5802118383787112,0.2462279782295424,0.15581960104929413,0.014414168224727334,1002,3
156,"[5.60236840e+01 6.98002774e+00 3.14629729e-02 4.00000000e+00
 1.90000000e+01 1.05290290e+04 4.40000000e+01]","[1.0000000e+02 0.0000000e+00 0.0000000e+00 4.0000000e+00 1.9000000e+01
 1.0529029e+04 4.4000000e+01]","[1.0000000e+02 1.8706100e+01 2.1000000e+01 4.0000000e+00 1.9000000e+01
 1.0529029e+04 4.4000000e+01]","[1.0000000e+02 1.2374100e+01 0.0000000e+00 4.0000000e+00 1.9000000e+01
 1.0529029e+04 4.4000000e+01]","[9.64039018e-02 1.28733441e-01 9.90000000e-01 1.55358182e-04
 5.53302809e-01 4.56680651e-01 1.55358182e-04 1.46074279e-04
 1.46074279e-04 1.46074279e-04 2.10599916e-04 9.07033204e-01]","[6.05752242e-01 1.28733441e-01 8.60000000e-01 1.55358182e-04
 1.28435185e-01 1.57724976e-01 1.55358182e-04 1.46074279e-04
 1.46074279e-04 1.46074279e-04 2.10599916e-04 1.56881818e-01]","[[3.08104323e-03 3.76955509e-01 1.00000000e+00 3.44399959e-05
  4.93812930e-01 5.42414108e-01 3.44399959e-05 5.74381847e-05
  5.74381847e-05 5.74381847e-05 3.72017093e-05 1.14151023e-03]]","[5.56610459e-02 7.01709810e-02 1.00000000e+00 1.97791916e-04
 6.68687949e-02 1.08244169e-01 1.97791916e-04 1.57816830e-04
 1.57816830e-04 1.57816830e-04 7.09776286e-05 9.89648109e-03]",345.01219330727366,396.0,356.2939,383.6259,50.98780669272634,-39.70609999999999,11.281706692726345,-27.331999999999994,0.14778552086510097,-0.10026792929292927,0.03269944341555102,-0.07124649300268827,3.7958524227142334,2.7212576866149902,3.5558438301086426,2.967890739440918,1.3948890034871877,1.067496944205859,0.7652916766403228,0.8346515992380462,192,105
157,"[6.07886159e+00 7.62473976e+00 2.80885745e-02 1.00000000e+00
 1.00000000e+01 2.57106580e+04 1.00000000e+01]","[1.00000000e+02 6.83481414e+00 0.00000000e+00 1.00000000e+00
 1.00000000e+01 2.57106580e+04 1.00000000e+01]","[9.6000000e+01 5.4490000e-01 0.0000000e+00 1.0000000e+00 1.0000000e+01
 2.5710658e+04 1.0000000e+01]","[1.0000000e+02 6.0854000e+00 0.0000000e+00 1.0000000e+00 1.0000000e+01
 2.5710658e+04 1.0000000e+01]","[1.04926172e-01 2.86324923e-01 9.90000000e-01 6.16380305e-04
 3.18831193e-01 3.77332497e-01 6.16380305e-04 5.51421981e-05
 5.51421981e-05 5.51421981e-05 5.23920280e-05 7.98419213e-01]","[3.25841524e-01 1.04584080e-01 9.90000000e-01 6.16380305e-04
 8.66520918e-02 7.50374756e-02 6.16380305e-04 5.51421981e-05
 5.51421981e-05 5.51421981e-05 5.94105695e-05 3.79042162e-01]","[[7.64056882e-01 1.04584080e-01 8.70000000e-01 6.16380305e-04
  7.12044654e-02 5.54810803e-02 6.16380305e-04 5.51421981e-05
  5.51421981e-05 5.51421981e-05 5.94105695e-05 2.74420623e-02]]","[3.25841524e-01 1.04584080e-01 9.90000000e-01 6.16380305e-04
 8.66520918e-02 7.50374756e-02 6.16380305e-04 5.51421981e-05
 5.51421981e-05 5.51421981e-05 5.94105695e-05 1.74293828e-01]",297.42603325875416,392.16518585858586,394.4551,392.9146,94.7391525998317,2.289914141414158,97.02906674124586,1.5405000000000086,0.3185301285224441,0.00583915713068905,0.3262292331244343,0.0039206993071777135,4.77073335647583,2.7304558753967285,12.97307538986206,5.169432640075684,1.747229610799938,0.3677411263796376,0.21047097880356655,0.39847395353266724,1002,203
158,"[2.25075723e+01 7.64190357e+00 2.13829339e-02 1.00000000e+00
 2.00000000e+01 3.91272435e+04 4.60000000e+01]","[1.00000000e+02 0.00000000e+00 0.00000000e+00 1.00000000e+00
 2.00000000e+01 3.91272435e+04 4.60000000e+01]","[1.00000000e+02 1.85190000e+01 0.00000000e+00 1.00000000e+00
 2.00000000e+01 3.91272435e+04 4.60000000e+01]","[1.00000000e+02 1.61730000e+01 0.00000000e+00 1.00000000e+00
 2.00000000e+01 3.91272435e+04 4.60000000e+01]","[1.36361310e-01 5.00208256e-01 9.80000000e-01 2.16913540e-04
 2.90632618e-01 3.15233872e-01 2.16913540e-04 1.97956644e-04
 1.97956644e-04 1.97956644e-04 4.35538183e-04 4.29114525e-01]","[6.32117830e-01 5.33968325e-01 6.10000000e-01 2.16913540e-04
 9.59201241e-02 9.22693134e-02 2.16913540e-04 1.97956644e-04
 1.97956644e-04 1.97956644e-04 6.65382948e-04 1.16293425e-02]","[1.49189005e-01 2.06528912e-01 1.00000000e+00 1.08697925e-04
 4.31558535e-02 1.26681418e-01 1.08697925e-04 2.40614871e-04
 2.40614871e-04 2.40614871e-04 3.33791337e-04 6.05707597e-03]","[1.32379636e-01 1.69171382e-01 1.00000000e+00 1.08697925e-04
 3.36761375e-02 4.81750027e-02 1.08697925e-04 1.95901899e-04
 1.95901899e-04 1.95901899e-04 3.33791337e-04 6.05707597e-03]",313.8442858268856,399.0,380.481,382.827,85.1557141731144,-18.519000000000005,66.6367141731144,-2.3460000000000036,0.2713310964026464,-0.04641353383458648,0.21232412754480023,-0.006128094413403453,4.837488889694214,2.7971394062042236,1.952120304107666,5.508497476577759,1.729441471155986,2.478069040886022,1.4328724517226024,2.8218022552128255,174,203
159,"[3.08961780e+01 5.07361251e+00 2.15060297e-01 2.00000000e+00
 1.80000000e+01 7.25241100e+03 8.50000000e+01]","[1.000000e+02 0.000000e+00 0.000000e+00 2.000000e+00 1.800000e+01
 7.252411e+03 8.500000e+01]","[9.500000e+01 4.696290e+01 0.000000e+00 2.000000e+00 1.800000e+01
 7.252411e+03 8.500000e+01]","[0.000000e+00 4.196290e+01 0.000000e+00 2.000000e+00 1.800000e+01
 7.252411e+03 8.500000e+01]","[0.68783122 0.75081966 0.76       0.00417097 0.71327311 0.6968246
 0.00417097 0.00099531 0.00099531 0.00099531 0.00316374 0.66933866]","[0.65881601 0.75081966 0.76       0.00417097 0.71327311 0.6968246
 0.00417097 0.00099531 0.00099531 0.00099531 0.00316374 0.50069486]","[[0.08382932 0.06444766 0.95       0.00308458 0.05774227 0.0675775
  0.00308458 0.01902035 0.01902035 0.01902035 0.00966354 0.01644506]]","[6.94115960e-02 5.40192782e-02 1.00000000e+00 1.33087498e-03
 4.59202819e-02 6.13462917e-02 1.33087498e-03 1.07146031e-03
 1.07146031e-03 1.07146031e-03 6.13499666e-04 1.59658497e-02]",323.60750520854316,398.0,346.0371,256.0371,74.39249479145684,-51.96289999999999,22.42959479145685,90.0,0.22988494887816618,-0.13056005025125625,0.06931110814936907,0.35151155828588904,4.9643073081970215,2.8537352085113525,2.7631661891937256,0.29359865188598633,1.739582317725493,1.79660106135186,1.0327772609811987,0.10625443125143934,150,5
160,"[1.67827906e-01 6.97259713e+00 4.67009849e-01 4.00000000e+00
 1.40000000e+01 2.91072535e+04 1.00000000e+02]","[1.00000000e+02 0.00000000e+00 0.00000000e+00 4.00000000e+00
 1.40000000e+01 2.91072535e+04 1.00000000e+02]","[1.00000000e+00 9.59630000e+00 0.00000000e+00 4.00000000e+00
 1.40000000e+01 2.91072535e+04 1.00000000e+02]","[1.00000000e+02 3.85963000e+01 0.00000000e+00 4.00000000e+00
 1.40000000e+01 2.91072535e+04 1.00000000e+02]","[0.17996144 0.75695533 0.86       0.07108623 0.96625372 0.92101763
 0.07108623 0.01174256 0.01174256 0.01174256 0.01622883 0.83531516]","[0.08445522 0.98407818 0.93       0.06345499 0.98914534 0.98598246
 0.06345499 0.00909394 0.00909394 0.00909394 0.01466572 0.01305592]","[[0.13187643 0.59549953 0.94       0.04499477 0.64760506 0.69922862
  0.04499477 0.0063799  0.0063799  0.0063799  0.00699166 0.03659566]]","[0.09196063 0.03907359 0.88       0.00153813 0.03103115 0.04852087
 0.00153813 0.00173954 0.00173954 0.00173954 0.00226418 0.01926694]",288.72822092961434,396.0,287.4037,357.4037,107.27177907038566,-108.59629999999999,-1.324520929614323,-70.0,0.371532019713917,-0.2742330808080808,-0.004587431479159816,-0.19585695391513852,3.8661768436431885,2.7647650241851807,0.48960304260253906,2.9977121353149414,1.3983744766094945,7.896553957451118,5.646952293206281,6.122740004596931,60,104
161,"[3.42044704e+01 6.97008645e+00 2.78347764e-01 3.00000000e+00
 1.10000000e+01 1.06111624e+04 4.10000000e+01]","[0.00000000e+00 6.83481414e+00 0.00000000e+00 3.00000000e+00
 1.10000000e+01 1.06111624e+04 4.10000000e+01]","[9.50000000e+01 3.05300000e+00 0.00000000e+00 3.00000000e+00
 1.10000000e+01 1.06111624e+04 4.10000000e+01]","[0.00000000e+00 3.31170000e+01 0.00000000e+00 3.00000000e+00
 1.10000000e+01 1.06111624e+04 4.10000000e+01]","[3.79234495e-01 6.19199883e-02 1.00000000e+00 2.52011261e-04
 3.77339169e-01 2.92426315e-01 2.52011261e-04 1.63830613e-04
 1.63830613e-04 1.63830613e-04 2.37831788e-04 9.63513429e-01]","[2.18459920e-01 6.08927044e-02 1.00000000e+00 2.06130993e-04
 8.19132978e-02 1.12815244e-01 2.06130993e-04 1.52004330e-04
 1.52004330e-04 1.52004330e-04 2.39693720e-04 4.50531570e-01]","[[6.93534894e-01 6.19199883e-02 9.90000000e-01 2.52011261e-04
  6.72482641e-02 8.43105807e-02 2.52011261e-04 1.63830613e-04
  1.63830613e-04 1.63830613e-04 2.37831788e-04 1.74695223e-01]]","[3.28738570e-02 4.93396667e-02 1.00000000e+00 1.22209778e-04
 4.77022277e-02 6.09014574e-02 1.22209778e-04 5.50289755e-04
 5.50289755e-04 5.50289755e-04 7.49692495e-04 1.87101628e-02]",323.95603616169115,290.16518585858586,388.947,263.88300000000004,-33.79085030310529,98.78181414141415,64.99096383830886,125.06399999999996,-0.10430690134213083,0.3404330324781147,0.20061661640368672,0.47393731312740855,3.985466480255127,0.12267661094665527,3.058976411819458,0.3186612129211426,32.487582184579324,1.3028758459384782,0.04010381069715019,0.10417249760079225,198,6
162,"[6.14531254e+01 6.97351220e+00 1.63664867e-01 2.00000000e+00
 3.00000000e+00 2.44941283e+04 1.00000000e+01]","[1.00000000e+02 6.83481414e+00 0.00000000e+00 2.00000000e+00
 3.00000000e+00 2.44941283e+04 1.00000000e+01]","[9.50000000e+01 1.27910000e+01 0.00000000e+00 2.00000000e+00
 3.00000000e+00 2.44941283e+04 1.00000000e+01]","[0.00000000e+00 2.73230000e+01 0.00000000e+00 2.00000000e+00
 3.00000000e+00 2.44941283e+04 1.00000000e+01]","[3.42824246e-01 6.85058016e-02 9.80000000e-01 7.82509160e-04
 3.14082643e-01 1.08989346e-01 7.82509160e-04 1.34726317e-04
 1.34726317e-04 1.34726317e-04 7.40276591e-05 9.50008013e-01]","[3.10885733e-01 6.85058016e-02 9.80000000e-01 7.82509160e-04
 6.31580682e-02 3.62714413e-02 7.82509160e-04 1.34726317e-04
 1.34726317e-04 1.34726317e-04 7.40276591e-05 4.97031260e-01]","[[9.85926136e-02 2.80518891e-02 9.80000000e-01 1.24760903e-03
  3.09219267e-02 2.66053093e-02 1.24760903e-03 1.34554284e-04
  1.34554284e-04 1.34554284e-04 1.24560800e-04 2.83414424e-02]]","[3.74198430e-02 4.86435618e-02 1.00000000e+00 1.60729827e-03
 4.32847402e-02 8.60894804e-02 1.60729827e-03 4.23029669e-05
 4.23029669e-05 4.23029669e-05 7.27295992e-05 1.87089564e-02]",352.31594834476675,391.16518585858586,380.209,270.677,38.849237513819105,-10.956185858585854,27.89305165523325,109.53199999999998,0.11026817745929089,-0.028009102687749768,0.07917056206589283,0.4046594280267624,4.322836637496948,2.670797824859619,2.4875128269195557,0.28087902069091797,1.618556297021158,1.7378148127381479,1.0736820312870654,0.11291560696744153,162,5
163,"[2.82885354e+00 5.08236447e+00 9.79075995e-03 1.00000000e+00
 7.00000000e+00 2.27476301e+04 8.80000000e+01]","[1.00000000e+02 0.00000000e+00 0.00000000e+00 1.00000000e+00
 7.00000000e+00 2.27476301e+04 8.80000000e+01]","[9.60000000e+01 1.35128000e+01 0.00000000e+00 1.00000000e+00
 7.00000000e+00 2.27476301e+04 8.80000000e+01]","[1.00000000e+02 2.02203000e+01 0.00000000e+00 1.00000000e+00
 7.00000000e+00 2.27476301e+04 8.80000000e+01]","[0.32307192 0.70489422 0.92       0.05476354 0.71948321 0.79576887
 0.05476354 0.01222363 0.01222363 0.01222363 0.0211566  0.06676522]","[0.26995122 0.70489422 0.92       0.05476354 0.71948321 0.79576887
 0.05476354 0.01222363 0.01222363 0.01222363 0.0211566  0.03422777]","[[0.20859518 0.06013365 1.         0.02040975 0.04674555 0.08043813
  0.02040975 0.00771949 0.00771949 0.00771949 0.0169146  0.08377862]]","[0.09221584 0.09952592 1.         0.00142847 0.07157636 0.09942366
 0.00142847 0.00137681 0.00137681 0.00137681 0.00251375 0.05477752]",296.7366983164977,399.0,381.4872,378.7797,102.26330168350228,-17.512800000000027,84.75050168350225,2.707499999999982,0.34462640537446704,-0.043891729323308336,0.28560842714879786,0.007147954338630032,4.330491304397583,3.149536371231079,2.4016127586364746,5.340984344482422,1.3749615162262427,1.8031596846013747,1.3114255659681127,2.22391571050563,162,206
164,"[4.75246067e+00 1.87197746e+01 4.41986695e-01 1.00000000e+00
 5.00000000e+00 2.02658640e+04 4.70000000e+01]","[1.0000000e+02 0.0000000e+00 0.0000000e+00 1.0000000e+00 5.0000000e+00
 2.0265864e+04 4.7000000e+01]","[9.5000000e+01 7.9870000e-01 0.0000000e+00 1.0000000e+00 5.0000000e+00
 2.0265864e+04 4.7000000e+01]","[0.0000000e+00 3.7687200e+01 0.0000000e+00 1.0000000e+00 5.0000000e+00
 2.0265864e+04 4.7000000e+01]","[7.66651043e-02 3.05419988e-01 9.80000000e-01 2.32038350e-04
 4.36304919e-01 4.67431651e-01 2.32038350e-04 6.33708551e-04
 6.33708551e-04 6.33708551e-04 1.42184156e-03 2.72049137e-02]","[5.79525106e-01 1.04879521e-01 9.60000000e-01 7.63265765e-04
 8.26047927e-02 1.03866997e-01 7.63265765e-04 9.48982488e-04
 9.48982488e-04 9.48982488e-04 1.11676881e-03 5.43685429e-02]","[[5.79525106e-01 1.04879521e-01 9.60000000e-01 7.63265765e-04
  8.26047927e-02 1.03866997e-01 7.63265765e-04 9.48982488e-04
  9.48982488e-04 9.48982488e-04 1.11676881e-03 5.43685429e-02]]","[4.12310287e-02 5.34495851e-02 1.00000000e+00 1.96922920e-04
 5.90639502e-02 8.56221560e-02 1.96922920e-04 9.13100885e-05
 9.13100885e-05 9.13100885e-05 3.52745323e-04 7.42895808e-03]",284.59069940510767,399.0,393.2013,261.31280000000004,114.40930059489233,-5.798699999999997,108.61060059489233,131.88849999999996,0.4020134910734858,-0.014533082706766908,0.3816379130517118,0.5047150388346837,3.9187355041503906,2.8182709217071533,2.5970656871795654,0.2849147319793701,1.3904750866806788,1.5089088903277488,1.0851750633877184,0.10970640187726242,186,5
165,"[2.64536669e+01 6.97150317e+00 2.78212653e-02 4.00000000e+00
 1.90000000e+01 3.91698211e+04 7.40000000e+01]","[1.00000000e+02 0.00000000e+00 0.00000000e+00 4.00000000e+00
 1.90000000e+01 3.91698211e+04 7.40000000e+01]","[9.50000000e+01 1.61730000e+01 0.00000000e+00 4.00000000e+00
 1.90000000e+01 3.91698211e+04 7.40000000e+01]","[0.00000000e+00 1.61730000e+01 0.00000000e+00 4.00000000e+00
 1.90000000e+01 3.91698211e+04 7.40000000e+01]","[1.49972743e-01 6.11094318e-02 1.00000000e+00 3.55601107e-04
 3.17994020e-01 2.11323147e-01 3.55601107e-04 7.58918060e-04
 7.58918060e-04 7.58918060e-04 5.05060190e-04 7.26481052e-01]","[4.11032107e-01 7.13284416e-01 7.40000000e-01 3.55601107e-04
 1.01268075e-01 1.73248078e-01 3.55601107e-04 7.58918060e-04
 7.58918060e-04 7.58918060e-04 5.05060190e-04 1.06935734e-02]","[1.53940261e-01 3.64349558e-02 1.00000000e+00 1.27096588e-04
 2.84569896e-02 4.46003447e-02 1.27096588e-04 9.21936880e-04
 9.21936880e-04 9.21936880e-04 1.35227892e-04 6.60002506e-03]","[1.02596004e-01 3.58143393e-02 1.00000000e+00 2.52234109e-04
 2.84569896e-02 4.46003447e-02 2.52234109e-04 7.74276850e-04
 7.74276850e-04 7.74276850e-04 1.49876549e-04 3.18093685e-03]",315.45434248196176,396.0,374.827,279.827,80.54565751803824,-21.173000000000002,59.37265751803824,95.0,0.25533221982082555,-0.05346717171717172,0.18821315646156708,0.33949547398928626,4.1202616691589355,2.7250452041625977,11.47559118270874,0.3047318458557129,1.5119975488351893,0.35904570000430897,0.23746447226776932,0.026554784063315063,1002,5
166,"[4.55249752e+00 6.98857582e+00 4.50352204e-01 3.00000000e+00
 1.90000000e+01 3.42989960e+03 3.30000000e+01]","[1.0000000e+02 0.0000000e+00 0.0000000e+00 3.0000000e+00 1.9000000e+01
 3.4298996e+03 3.3000000e+01]","[1.0000000e+02 1.9210000e-01 1.0000000e+00 3.0000000e+00 1.9000000e+01
 3.4298996e+03 3.3000000e+01]","[1.0000000e+02 2.2240100e+01 0.0000000e+00 3.0000000e+00 1.9000000e+01
 3.4298996e+03 3.3000000e+01]","[3.23317651e-01 6.96447381e-02 9.70000000e-01 1.81378491e-04
 4.22562508e-01 3.09399008e-01 1.81378491e-04 3.69646179e-04
 3.69646179e-04 3.69646179e-04 2.79444968e-03 9.09965426e-01]","[8.33424174e-01 6.96447381e-02 8.80000000e-01 1.81378491e-04
 8.00879132e-02 9.07533254e-02 1.81378491e-04 3.69646179e-04
 3.69646179e-04 3.69646179e-04 2.79444968e-03 8.47623609e-01]","[[4.76380938e-01 4.43894447e-02 8.40000000e-01 7.38617382e-05
  3.78965771e-02 3.35471865e-02 7.38617382e-05 9.67002125e-05
  9.67002125e-05 9.67002125e-05 5.23090782e-03 5.13866402e-02]]","[5.52015431e-02 5.62793503e-02 1.00000000e+00 1.00434721e-04
 6.08116123e-02 1.23253087e-01 1.00434721e-04 7.66598852e-04
 7.66598852e-04 7.66598852e-04 9.98112839e-04 1.00054985e-02]",294.1135694939564,397.0,395.8079,374.7599,102.88643050604361,-1.1920999999999822,101.69433050604363,21.048000000000002,0.34981871350943494,-0.0030027707808563783,0.3457655173170556,0.056163959911399275,4.05592942237854,2.7780869007110596,6.470401763916016,5.507484436035156,1.4599721201451303,0.626843520752846,0.4293530760645852,0.8511812151679925,384,205
167,"[3.66426347e+01 6.98910408e+00 4.82471242e-01 2.00000000e+00
 1.30000000e+01 1.48173623e+04 5.70000000e+01]","[1.00000000e+02 0.00000000e+00 0.00000000e+00 2.00000000e+00
 1.30000000e+01 1.48173623e+04 5.70000000e+01]","[9.60000000e+01 2.87820000e+01 0.00000000e+00 2.00000000e+00
 1.30000000e+01 1.48173623e+04 5.70000000e+01]","[1.00000000e+02 3.16650000e+01 0.00000000e+00 2.00000000e+00
 1.30000000e+01 1.48173623e+04 5.70000000e+01]","[4.19730236e-01 9.42179603e-02 1.00000000e+00 8.71690805e-04
 4.62065712e-01 4.06896342e-01 8.71690805e-04 8.46157665e-04
 8.46157665e-04 8.46157665e-04 1.05948653e-03 9.70039501e-01]","[4.97505503e-01 9.91007546e-02 9.70000000e-01 8.71690805e-04
 9.27155645e-02 1.32578333e-01 8.71690805e-04 8.46157665e-04
 8.46157665e-04 8.46157665e-04 1.05948653e-03 1.79787206e-01]","[[0.06385805 0.07909595 1.         0.00320521 0.06243388 0.07106823
  0.00320521 0.0080245  0.0080245  0.0080245  0.00273522 0.03942695]]","[0.06385805 0.04901485 1.         0.00125787 0.04563199 0.04993942
 0.00125787 0.00333794 0.00333794 0.00333794 0.00185628 0.03942695]",327.171059353381,398.0,365.218,366.335,70.828940646619,-32.78199999999998,38.04694064661902,-1.1169999999999618,0.2164890158273929,-0.08236683417085423,0.11629066679007237,-0.003049121705542637,3.8121633529663086,2.8706088066101074,2.5731890201568604,2.8545024394989014,1.3279982086685227,1.4814937119286795,1.115584119209057,1.1093248172358874,174,109
168,"[6.41145840e+01 6.97847847e+00 1.46161056e-01 3.00000000e+00
 2.10000000e+01 7.64653240e+03 6.50000000e+01]","[0.0000000e+00 0.0000000e+00 0.0000000e+00 3.0000000e+00 2.1000000e+01
 7.6465324e+03 6.5000000e+01]","[1.0000000e+02 4.1263000e+00 5.0000000e+00 3.0000000e+00 2.1000000e+01
 7.6465324e+03 6.5000000e+01]","[0.0000000e+00 4.4126300e+01 0.0000000e+00 3.0000000e+00 2.1000000e+01
 7.6465324e+03 6.5000000e+01]","[1.34743462e-01 1.20778485e-01 1.00000000e+00 1.97998917e-04
 5.26698124e-01 3.89833034e-01 1.97998917e-04 5.91294956e-05
 5.91294956e-05 5.91294956e-05 1.39282740e-04 9.07033204e-01]","[7.12661791e-01 1.52688192e-01 9.40000000e-01 2.37560307e-04
 1.16864917e-01 1.81938213e-01 2.37560307e-04 5.48606477e-05
 5.48606477e-05 5.48606477e-05 1.65637292e-04 4.47888207e-01]","[[3.85105874e-01 1.02198123e-01 8.80000000e-01 3.88759399e-05
  5.64887144e-02 6.60903917e-02 3.88759399e-05 3.18557904e-05
  3.18557904e-05 3.18557904e-05 3.16934194e-04 9.74470797e-03]]","[4.04748608e-02 4.91260237e-02 9.90000000e-01 3.47139896e-04
 4.44713679e-02 4.10324926e-02 3.47139896e-04 1.33512032e-04
 1.33512032e-04 1.33512032e-04 1.69985666e-04 5.33835819e-03]",353.98994450950477,297.0,387.8737,252.87369999999999,-56.98994450950477,90.87369999999999,33.88375549049522,135.0,-0.1609931168764444,0.30597205387205384,0.09571954236566013,0.5338633475920984,3.8271124362945557,0.44949960708618164,4.2134764194488525,0.279954195022583,8.514161916855228,0.9083028016079806,0.10668141039341068,0.06644256835765149,240,5
169,"[8.52993727e+01 6.98528326e+00 1.22820354e-03 3.00000000e+00
 0.00000000e+00 2.24005149e+04 4.00000000e+00]","[1.00000000e+02 4.68003253e+01 0.00000000e+00 3.00000000e+00
 0.00000000e+00 2.24005149e+04 4.00000000e+00]","[9.50000000e+01 2.59997000e+01 2.10000000e+01 3.00000000e+00
 0.00000000e+00 2.24005149e+04 4.00000000e+00]","[0.00000000e+00 3.76487000e+01 1.00000000e+00 3.00000000e+00
 0.00000000e+00 2.24005149e+04 4.00000000e+00]","[6.07838598e-01 6.97168938e-02 9.90000000e-01 7.40873744e-04
 4.12508365e-01 2.09213904e-01 7.40873744e-04 1.27286519e-04
 1.27286519e-04 1.27286519e-04 4.59296971e-05 9.44714164e-01]","[5.10972788e-02 2.00429553e-01 1.00000000e+00 5.51016201e-05
 2.79882114e-01 2.69196924e-01 5.51016201e-05 2.91448268e-05
 2.91448268e-05 2.91448268e-05 3.40873048e-05 4.37457165e-03]","[[7.42105875e-03 3.28344896e-02 1.00000000e+00 6.57794662e-05
  6.09910588e-02 4.51380303e-02 6.57794662e-05 2.75123039e-05
  2.75123039e-05 2.75123039e-05 2.61612095e-05 1.97724251e-03]]","[5.82540781e-03 1.63038261e-02 1.00000000e+00 1.92163152e-05
 2.73182751e-02 4.14060644e-02 1.92163152e-05 8.41644032e-06
 8.41644032e-06 8.41644032e-06 1.19484275e-05 9.37508733e-04]",375.3128612709669,350.1996747474748,345.0003,258.35130000000004,-25.113186523492118,-5.199374747474792,-30.31256127096691,86.64899999999994,-0.06691267237271946,-0.014846886283443881,-0.08076611381852423,0.3353921578873415,4.3817222118377686,2.9830710887908936,3.4126532077789307,0.23898768424987793,1.46886282003215,1.2839635160847593,0.8741207814468721,0.07002987696057729,186,3
170,"[9.62513315e-01 1.87083366e+01 1.28478933e-02 2.00000000e+00
 1.30000000e+01 2.55980030e+04 1.40000000e+01]","[1.00000000e+02 6.83481414e+00 0.00000000e+00 2.00000000e+00
 1.30000000e+01 2.55980030e+04 1.40000000e+01]","[9.6000000e+01 3.2320000e-01 0.0000000e+00 2.0000000e+00 1.3000000e+01
 2.5598003e+04 1.4000000e+01]","[1.0000000e+02 3.5323200e+01 0.0000000e+00 2.0000000e+00 1.3000000e+01
 2.5598003e+04 1.4000000e+01]","[7.99378871e-02 3.18674619e-01 9.60000000e-01 2.18321147e-04
 5.29240804e-01 6.34338651e-01 2.18321147e-04 7.57266171e-05
 7.57266171e-05 7.57266171e-05 4.33028072e-05 5.80333926e-02]","[3.30542376e-01 1.48232829e-01 1.00000000e+00 4.37573122e-04
 1.42261036e-01 2.11416786e-01 4.37573122e-04 5.45884395e-05
 5.45884395e-05 5.45884395e-05 9.28619556e-05 6.05885841e-01]","[[7.10025294e-01 1.48232829e-01 9.00000000e-01 4.37573122e-04
  1.18182660e-01 1.62563799e-01 4.37573122e-04 5.45884395e-05
  5.45884395e-05 5.45884395e-05 9.28619556e-05 7.38352348e-02]]","[9.69461879e-02 3.93905163e-02 1.00000000e+00 1.87571393e-04
 4.41932171e-02 6.88998835e-02 1.87571393e-04 6.71726069e-04
 6.71726069e-04 6.71726069e-04 9.46193584e-04 9.15872704e-02]",280.24132882607466,391.16518585858586,393.6768,362.6768,110.9238570325112,2.5116141414141566,113.43547117392535,31.0,0.39581548338058853,0.006420852959859664,0.4047778093584707,0.0854755528889634,4.085060119628906,5.534299373626709,3.1215531826019287,5.480468273162842,0.7381350093014404,1.3086626690831706,1.7729313101158406,1.7556863370800144,210,203
171,"[2.07147209e+01 6.97437760e+00 1.14964798e-01 3.00000000e+00
 2.20000000e+01 3.43433746e+04 5.00000000e+01]","[0.00000000e+00 0.00000000e+00 0.00000000e+00 3.00000000e+00
 2.20000000e+01 3.43433746e+04 5.00000000e+01]","[1.00000000e+02 2.65440000e+01 0.00000000e+00 3.00000000e+00
 2.20000000e+01 3.43433746e+04 5.00000000e+01]","[0.00000000e+00 1.65735000e+01 0.00000000e+00 3.00000000e+00
 2.20000000e+01 3.43433746e+04 5.00000000e+01]","[8.57855796e-02 6.68482805e-02 1.00000000e+00 1.50656168e-04
 3.27306310e-01 2.58768653e-01 1.50656168e-04 3.50564398e-04
 3.50564398e-04 3.50564398e-04 4.10458073e-04 8.05435080e-01]","[2.84160222e-01 2.04615740e-01 8.40000000e-01 1.70157728e-04
 1.00298903e-01 1.29833146e-01 1.70157728e-04 2.94390455e-04
 2.94390455e-04 2.94390455e-04 4.54907218e-04 9.07510857e-03]","[3.96785022e-02 4.62099381e-02 1.00000000e+00 9.35977077e-05
 4.14519559e-02 6.27826196e-02 9.35977077e-05 2.33943341e-03
 2.33943341e-03 2.33943341e-03 2.68964632e-03 8.15502993e-03]","[3.97236656e-02 3.02986037e-02 1.00000000e+00 1.24080922e-04
 2.23434320e-02 6.15728541e-02 1.24080922e-04 3.57662124e-04
 3.57662124e-04 3.57662124e-04 1.21795158e-04 4.30425457e-03]",310.62537848084213,297.0,370.456,280.42650000000003,-13.62537848084213,73.45600000000002,59.83062151915789,90.02949999999998,-0.04386434407735451,0.2473265993265994,0.1926134361969009,0.32104490838062727,5.209376573562622,0.26650333404541016,2.3260979652404785,0.29279661178588867,19.547134718678542,2.2395344699181927,0.11457098455346368,0.12587458316942318,162,5
172,"[6.58157486e+01 7.62499695e+00 4.75543274e-01 3.00000000e+00
 1.40000000e+01 2.43581021e+04 4.80000000e+01]","[1.00000000e+02 0.00000000e+00 0.00000000e+00 3.00000000e+00
 1.40000000e+01 2.43581021e+04 4.80000000e+01]","[9.60000000e+01 3.29310000e+00 0.00000000e+00 3.00000000e+00
 1.40000000e+01 2.43581021e+04 4.80000000e+01]","[1.00000000e+02 1.30006000e+01 0.00000000e+00 3.00000000e+00
 1.40000000e+01 2.43581021e+04 4.80000000e+01]","[1.10215254e-01 3.05629260e-01 1.00000000e+00 7.14689028e-04
 5.58392878e-01 6.18541569e-01 7.14689028e-04 2.57375243e-04
 2.57375243e-04 2.57375243e-04 6.91347814e-04 8.33409336e-01]","[4.60772708e-01 1.13585413e-01 9.90000000e-01 7.14689028e-04
 1.30026356e-01 1.26499464e-01 7.14689028e-04 2.57375243e-04
 2.57375243e-04 2.57375243e-04 1.05604681e-03 6.20349542e-02]","[[4.60772708e-01 1.13585413e-01 9.90000000e-01 7.14689028e-04
  1.30026356e-01 1.26499464e-01 7.14689028e-04 2.57375243e-04
  2.57375243e-04 2.57375243e-04 1.05604681e-03 6.20349542e-02]]","[1.01718145e-01 6.14281332e-02 1.00000000e+00 9.09756112e-04
 7.76279527e-02 8.93878912e-02 9.09756112e-04 2.78062245e-04
 2.78062245e-04 2.78062245e-04 4.17204370e-04 4.56526082e-02]",354.71520836041174,397.0,389.7069,383.9994,42.28479163958826,-7.293099999999981,34.99169163958828,5.707500000000039,0.11920772113222843,-0.01837052896725436,0.09864728327079408,0.014863304473913342,4.110267162322998,2.780974864959717,2.783843755722046,5.564531087875366,1.4779950779535493,1.4764719298181006,0.9989694497917018,1.9988661635329792,162,203
173,"[7.86396014e-01 6.98884915e+00 2.47903232e-03 3.00000000e+00
 0.00000000e+00 4.61299650e+03 7.80000000e+01]","[1.0000000e+02 0.0000000e+00 0.0000000e+00 3.0000000e+00 0.0000000e+00
 4.6129965e+03 7.8000000e+01]","[1.0000000e+00 3.1741900e+01 6.0000000e+00 3.0000000e+00 0.0000000e+00
 4.6129965e+03 7.8000000e+01]","[1.0000000e+02 3.0891900e+01 0.0000000e+00 3.0000000e+00 0.0000000e+00
 4.6129965e+03 7.8000000e+01]","[6.54059792e-01 1.21925714e-01 1.00000000e+00 4.58031427e-04
 5.24480846e-01 4.73772403e-01 4.58031427e-04 1.62204716e-03
 1.62204716e-03 1.62204716e-03 1.18417735e-03 9.28388244e-01]","[6.76029540e-01 3.90537265e-01 9.90000000e-01 4.58031427e-04
 3.85502378e-01 5.64584298e-01 4.58031427e-04 1.62204716e-03
 1.62204716e-03 1.62204716e-03 1.18417735e-03 1.89018006e-01]","[[8.34601112e-03 8.28116645e-02 1.00000000e+00 4.05023893e-05
  1.75831569e-01 9.31233547e-02 4.05023893e-05 3.73976691e-05
  3.73976691e-05 3.73976691e-05 2.40235095e-05 2.07315608e-03]]","[1.02287339e-01 1.16106780e-01 1.00000000e+00 4.06651707e-05
 1.51139532e-01 1.06970330e-01 4.06651707e-05 8.11052669e-05
 8.11052669e-05 8.11052669e-05 4.77438007e-05 2.60743553e-02]",290.7950678300154,397.0,260.2581,366.1081,106.2049321699846,-136.7419,-30.536967830015385,-105.84999999999997,0.3652226049173118,-0.3444380352644836,-0.10501198681906738,-0.2891222565138547,4.274113178253174,2.7162656784057617,0.5305557250976562,5.764515161514282,1.5735254515904895,8.055917552235371,5.1196614227577975,10.86505128269654,42,207
174,"[4.17102475e+01 6.98965092e+00 3.87962208e-01 3.00000000e+00
 4.00000000e+00 3.73536103e+04 7.10000000e+01]","[1.00000000e+02 0.00000000e+00 0.00000000e+00 3.00000000e+00
 4.00000000e+00 3.73536103e+04 7.10000000e+01]","[9.60000000e+01 4.35090000e+00 0.00000000e+00 3.00000000e+00
 4.00000000e+00 3.73536103e+04 7.10000000e+01]","[1.00000000e+02 3.54149000e+01 0.00000000e+00 3.00000000e+00
 4.00000000e+00 3.73536103e+04 7.10000000e+01]","[3.20730614e-01 6.67321802e-02 1.00000000e+00 2.57782667e-04
 2.88559953e-01 2.32330332e-01 2.57782667e-04 3.39420832e-04
 3.39420832e-04 3.39420832e-04 8.48612763e-05 8.93610797e-01]","[5.84701752e-01 7.28390017e-01 9.60000000e-01 2.57782667e-04
 8.92687783e-02 1.86879065e-01 2.57782667e-04 3.39420832e-04
 3.39420832e-04 3.39420832e-04 8.48612763e-05 1.26743083e-02]","[5.84701752e-01 7.28390017e-01 9.60000000e-01 2.57782667e-04
 8.92687783e-02 1.86879065e-01 2.57782667e-04 3.39420832e-04
 3.39420832e-04 3.39420832e-04 8.48612763e-05 1.26743083e-02]","[9.16728779e-02 5.07264531e-02 1.00000000e+00 1.27145377e-05
 5.50012266e-02 1.04083711e-01 1.27145377e-05 1.53350076e-04
 1.53350076e-04 1.53350076e-04 6.16373727e-05 1.91291397e-01]",331.3326344187179,397.0,388.6491,361.5851,65.66736558128213,-8.350900000000024,57.3164655812821,27.063999999999965,0.19819166227464252,-0.0210350125944585,0.17298768556812025,0.07484821692044269,3.737792730331421,2.75510573387146,2.669877529144287,5.375497102737427,1.356678505793349,1.3999865872235,1.0319221401719085,2.0133871475596514,162,203
175,"[4.13822638e+01 1.39515730e+00 3.61731638e-01 1.00000000e+00
 1.10000000e+01 3.57686840e+04 9.00000000e+01]","[1.0000000e+02 0.0000000e+00 0.0000000e+00 1.0000000e+00 1.1000000e+01
 3.5768684e+04 9.0000000e+01]","[0.0000000e+00 5.0554000e+00 0.0000000e+00 1.0000000e+00 1.1000000e+01
 3.5768684e+04 9.0000000e+01]","[0.0000000e+00 2.0591400e+01 0.0000000e+00 1.0000000e+00 1.1000000e+01
 3.5768684e+04 9.0000000e+01]","[2.52669041e-01 7.72502819e-01 8.00000000e-01 8.06628261e-03
 7.87065019e-01 7.76870623e-01 8.06628261e-03 5.30925870e-04
 5.30925870e-04 5.30925870e-04 5.26895281e-04 1.23975321e-02]","[2.52669041e-01 7.72502819e-01 8.00000000e-01 8.06628261e-03
 7.87065019e-01 7.76870623e-01 8.06628261e-03 5.30925870e-04
 5.30925870e-04 5.30925870e-04 5.26895281e-04 1.23975321e-02]","[1.71906947e-01 7.65436881e-01 8.30000000e-01 6.22199429e-03
 7.48871212e-01 6.93051376e-01 6.22199429e-03 6.87288295e-04
 6.87288295e-04 6.87288295e-04 4.26407816e-04 6.61712046e-03]","[7.15728816e-02 5.83279405e-02 1.00000000e+00 8.30680015e-04
 6.74552407e-02 5.63543111e-02 8.30680015e-04 2.21576032e-04
 2.21576032e-04 2.21576032e-04 1.15122806e-04 2.93214331e-02]",338.6253748740152,399.0,293.94460000000004,278.4086,60.37462512598478,-105.05539999999996,-44.680774874015185,15.536000000000058,0.17829326921659966,-0.2632967418546365,-0.13194750951737907,0.055802873905475836,3.7947983741760254,2.6962509155273438,0.4675178527832031,0.33425045013427734,1.4074351731592545,8.116905807093842,5.767161402449473,0.7149469226563966,66,6
176,"[1.26764397e+01 6.98895547e+00 8.03476582e-02 4.00000000e+00
 8.00000000e+00 8.45123120e+03 5.00000000e+00]","[1.00000000e+02 4.68003253e+01 0.00000000e+00 4.00000000e+00
 8.00000000e+00 8.45123120e+03 5.00000000e+00]","[1.0000000e+02 1.9134600e+01 1.0000000e+00 4.0000000e+00 8.0000000e+00
 8.4512312e+03 5.0000000e+00]","[1.0000000e+02 1.2622600e+01 0.0000000e+00 4.0000000e+00 8.0000000e+00
 8.4512312e+03 5.0000000e+00]","[5.28690331e-01 4.20528041e-02 1.00000000e+00 9.11717652e-04
 2.04365488e-01 9.92301337e-02 9.11717652e-04 3.95639508e-04
 3.95639508e-04 3.95639508e-04 9.77728196e-05 9.43062214e-01]","[4.85259676e-02 2.01405989e-01 1.00000000e+00 1.67469640e-04
 1.52555418e-01 1.55988801e-01 1.67469640e-04 4.33391215e-05
 4.33391215e-05 4.33391215e-05 4.77705798e-05 3.74739402e-03]","[[7.27838274e-03 2.52828984e-02 1.00000000e+00 9.69861212e-05
  2.50192210e-02 2.79493125e-02 9.69861212e-05 9.75510775e-05
  9.75510775e-05 9.75510775e-05 8.24238741e-05 6.26789721e-02]]","[1.56573943e-01 1.69358533e-02 1.00000000e+00 1.75771245e-03
 1.52222055e-02 1.64621000e-02 1.75771245e-03 4.77390829e-04
 4.77390829e-04 4.77390829e-04 1.98336187e-04 1.87830453e-02]",301.60713653073896,349.1996747474748,375.8654,383.3774,47.59253821673582,26.66572525252525,74.25826346926107,-7.5120000000000005,0.15779645920906557,0.07636240002745902,0.24620857557756387,-0.019594269250091424,4.039199113845825,2.6239399909973145,3.108936071395874,2.9332616329193115,1.539364134737927,1.2992223130636051,0.8439993395615876,0.9434937115327409,162,106
177,"[6.30342325e+01 6.98370340e+00 4.52780737e-01 4.00000000e+00
 3.00000000e+00 6.93967850e+03 5.20000000e+01]","[1.0000000e+02 0.0000000e+00 0.0000000e+00 4.0000000e+00 3.0000000e+00
 6.9396785e+03 5.2000000e+01]","[9.5000000e+01 3.4051800e+01 1.1000000e+01 4.0000000e+00 3.0000000e+00
 6.9396785e+03 5.2000000e+01]","[0.0000000e+00 4.4051800e+01 1.0000000e+00 4.0000000e+00 3.0000000e+00
 6.9396785e+03 5.2000000e+01]","[4.89577366e-01 5.17377530e-02 1.00000000e+00 1.77097216e-03
 3.34021097e-01 2.41443701e-01 1.77097216e-03 2.89704767e-04
 2.89704767e-04 2.89704767e-04 5.62175177e-04 9.66596171e-01]","[8.69752951e-01 5.17377530e-02 9.90000000e-01 1.77097216e-03
 5.63090117e-02 6.62160928e-02 1.77097216e-03 2.89704767e-04
 2.89704767e-04 2.89704767e-04 5.62175177e-04 2.96004434e-01]","[[7.47204997e-03 2.21511160e-02 1.00000000e+00 5.13288214e-05
  2.55739134e-02 3.08618337e-02 5.13288214e-05 1.49779089e-05
  1.49779089e-05 1.49779089e-05 3.27187663e-05 1.93120176e-03]]","[6.85061884e-03 2.13613084e-02 9.90000000e-01 7.87535755e-05
 2.47066491e-02 2.92150434e-02 7.87535755e-05 2.71818280e-05
 2.71818280e-05 2.71818280e-05 6.83940962e-05 9.57683217e-04]",351.59774833709577,396.0,345.9482,250.94819999999999,44.402251662904234,-50.051800000000014,-5.64954833709578,95.0,0.1262870762765335,-0.1263934343434344,-0.016068215350683226,0.3785641817713775,4.253623723983765,2.6593706607818604,3.325939893722534,0.23772954940795898,1.5994850912332734,1.2789238109841268,0.7995847025982719,0.07147740398335398,168,3
178,"[2.19577013e-03 7.62379647e+00 6.18834689e+01 3.00000000e+00
 1.60000000e+01 1.96398512e+04 4.40000000e+01]","[1.00000000e+02 2.63634162e+01 0.00000000e+00 3.00000000e+00
 1.60000000e+01 1.96398512e+04 4.40000000e+01]","[9.60000000e+01 2.85772000e+01 6.00000000e+00 3.00000000e+00
 1.60000000e+01 1.96398512e+04 4.40000000e+01]","[1.00000000e+02 2.44432000e+01 0.00000000e+00 3.00000000e+00
 1.60000000e+01 1.96398512e+04 4.40000000e+01]","[3.65399223e-03 3.32865391e-01 1.00000000e+00 3.89919696e-05
 4.56569639e-01 5.61019654e-01 3.89919696e-05 2.66776133e-05
 2.66776133e-05 2.66776133e-05 3.35212972e-05 7.43918510e-04]","[6.04956720e-02 8.23628998e-02 1.00000000e+00 7.19950476e-05
 7.73017898e-02 9.82265902e-02 7.19950476e-05 4.77374950e-03
 4.77374950e-03 4.77374950e-03 2.40496290e-03 6.79311620e-03]","[[4.72727977e-03 9.49763533e-02 1.00000000e+00 8.40204739e-05
  7.86166666e-02 9.04213728e-02 8.40204739e-05 9.31527684e-05
  9.31527684e-05 9.31527684e-05 1.41352313e-04 1.13166264e-03]]","[4.48906320e-02 8.23628998e-02 1.00000000e+00 5.59360560e-05
 7.73017898e-02 9.82265902e-02 5.59360560e-05 1.63101780e-04
 1.63101780e-04 1.63101780e-04 1.06003266e-04 6.79311620e-03]",227.4949304119569,370.63658383838384,358.4228,372.5568,143.14165342642696,-12.213783838383847,130.9278695880431,-14.134000000000015,0.6292081022079057,-0.03295353014506973,0.5755199438992056,-0.03793783927712503,3.957257032394409,3.84598708152771,2.7813642024993896,5.581658363342285,1.0289314416580153,1.4227755677729435,1.3827700371176235,2.0068059976922457,150,205
179,"[2.97502093e+00 5.07336985e+00 4.81455062e-01 1.00000000e+00
 1.00000000e+01 9.92966270e+03 8.70000000e+01]","[0.0000000e+00 0.0000000e+00 0.0000000e+00 1.0000000e+00 1.0000000e+01
 9.9296627e+03 8.7000000e+01]","[0.0000000e+00 1.8856400e+01 0.0000000e+00 1.0000000e+00 1.0000000e+01
 9.9296627e+03 8.7000000e+01]","[0.0000000e+00 1.6100400e+01 0.0000000e+00 1.0000000e+00 1.0000000e+01
 9.9296627e+03 8.7000000e+01]","[0.28707953 0.7306613  0.93       0.10438417 0.82922261 0.84169991
 0.10438417 0.0047163  0.0047163  0.0047163  0.00716528 0.30816127]","[0.11777515 0.7271392  0.93       0.08703077 0.82922261 0.84305624
 0.08703077 0.00437728 0.00437728 0.00437728 0.00622729 0.14423361]","[[0.04738876 0.11492888 1.         0.00335187 0.11217899 0.12325975
  0.00335187 0.00327287 0.00327287 0.00327287 0.00149423 0.03572381]]","[0.10036299 0.07741342 1.         0.00335187 0.07337843 0.07695962
 0.00335187 0.00515665 0.00515665 0.00515665 0.00461787 0.03572381]",296.42019601736126,299.0,280.1436,282.89959999999996,2.5798039826387367,-18.856400000000008,-16.27659601736127,-2.755999999999972,0.008703199098106115,-0.06306488294314384,-0.05491055007739066,-0.009741972063587125,3.9456498622894287,0.4864773750305176,0.5326414108276367,0.30622148513793945,8.110654399995296,7.407703911264693,0.913329991137212,0.574911148312937,48,5
180,"[7.76347859e+00 6.98260917e+00 1.21455533e-02 2.00000000e+00
 1.00000000e+00 1.31072220e+04 2.50000000e+01]","[0.0000000e+00 0.0000000e+00 0.0000000e+00 2.0000000e+00 1.0000000e+00
 1.3107222e+04 2.5000000e+01]","[9.5000000e+01 1.9050000e+00 0.0000000e+00 2.0000000e+00 1.0000000e+00
 1.3107222e+04 2.5000000e+01]","[0.0000000e+00 1.5495500e+01 0.0000000e+00 2.0000000e+00 1.0000000e+00
 1.3107222e+04 2.5000000e+01]","[4.30224218e-01 6.32209167e-02 9.70000000e-01 5.92623255e-04
 3.44743340e-01 3.03676179e-01 5.92623255e-04 2.21275201e-04
 2.21275201e-04 2.21275201e-04 1.31664157e-04 9.46931585e-01]","[5.79970569e-01 6.21734801e-02 1.00000000e+00 4.84762859e-04
 5.89050533e-02 8.85561077e-02 4.84762859e-04 2.05302873e-04
 2.05302873e-04 2.05302873e-04 1.14322356e-04 8.12327259e-02]","[[7.87354565e-01 6.32209167e-02 9.90000000e-01 5.92623255e-04
  5.89050533e-02 8.85561077e-02 5.92623255e-04 2.21275201e-04
  2.21275201e-04 2.21275201e-04 1.31664157e-04 9.54258583e-02]]","[5.99043027e-02 4.82005762e-02 9.90000000e-01 2.85586546e-04
 3.97645912e-02 5.93592474e-02 2.85586546e-04 1.17777039e-04
 1.17777039e-04 1.17777039e-04 1.60782656e-04 1.71556216e-02]",298.76872387045785,298.0,391.095,282.5045,-0.7687238704578476,93.09500000000003,92.32627612954218,108.59050000000002,-0.0025729730357959293,0.3123993288590605,0.30902256077370943,0.3843850274951373,4.260921478271484,0.2819070816040039,2.863654851913452,0.28942370414733887,15.114630870666879,1.487931227265185,0.09844310721162423,0.10106794258181995,198,5
181,"[6.11351662e+00 6.97357610e+00 1.47170981e-01 2.00000000e+00
 2.20000000e+01 1.58777315e+04 4.50000000e+01]","[1.00000000e+02 0.00000000e+00 0.00000000e+00 2.00000000e+00
 2.20000000e+01 1.58777315e+04 4.50000000e+01]","[9.60000000e+01 6.29920000e+00 0.00000000e+00 2.00000000e+00
 2.20000000e+01 1.58777315e+04 4.50000000e+01]","[1.00000000e+02 1.26312000e+01 0.00000000e+00 2.00000000e+00
 2.20000000e+01 1.58777315e+04 4.50000000e+01]","[1.12154733e-01 1.24674971e-01 1.00000000e+00 2.22792456e-04
 5.37356049e-01 4.12070502e-01 2.22792456e-04 4.89415135e-04
 4.89415135e-04 4.89415135e-04 1.06629101e-03 8.99081914e-01]","[5.09763102e-01 1.24674971e-01 8.20000000e-01 2.22792456e-04
 1.21405511e-01 1.35058552e-01 2.22792456e-04 4.89415135e-04
 4.89415135e-04 4.89415135e-04 1.06629101e-03 1.18025095e-01]","[[1.00804101e-01 1.24674971e-01 1.00000000e+00 2.22792456e-04
  1.46031768e-01 1.77396741e-01 2.22792456e-04 4.89415135e-04
  4.89415135e-04 4.89415135e-04 1.06629101e-03 2.76421381e-01]]","[6.52357429e-02 5.77566055e-02 1.00000000e+00 2.83638801e-04
 5.85341264e-02 7.98112762e-02 2.83638801e-04 5.28742909e-04
 5.28742909e-04 5.28742909e-04 3.25605273e-04 1.19763008e-02]",296.9927695367752,398.0,387.7008,385.3688,101.0072304632248,-10.299199999999985,90.70803046322482,2.3319999999999936,0.34009996479297305,-0.025877386934673327,0.3054216794728832,0.006051346139075072,3.6210074424743652,2.7070810794830322,2.5814049243927,2.905073404312134,1.33760583305686,1.402727409504048,1.0486851767821348,1.1253846217077237,180,103
182,"[4.14109471e-02 7.63073820e+00 5.35490757e+01 3.00000000e+00
 2.30000000e+01 1.83946680e+04 7.10000000e+01]","[1.0000000e+02 0.0000000e+00 0.0000000e+00 3.0000000e+00 2.3000000e+01
 1.8394668e+04 7.1000000e+01]","[9.6000000e+01 7.0850000e+00 0.0000000e+00 3.0000000e+00 2.3000000e+01
 1.8394668e+04 7.1000000e+01]","[1.0000000e+02 1.2417000e+01 0.0000000e+00 3.0000000e+00 2.3000000e+01
 1.8394668e+04 7.1000000e+01]","[2.02876069e-03 4.15044606e-01 1.00000000e+00 3.64074331e-05
 5.45917605e-01 6.10020113e-01 3.64074331e-05 4.13064372e-05
 4.13064372e-05 4.13064372e-05 6.47904162e-05 8.10045715e-04]","[5.07109871e-01 1.77017921e-01 8.30000000e-01 9.44237108e-05
 1.50145110e-01 2.29625373e-01 9.44237108e-05 9.02741012e-05
 9.02741012e-05 9.02741012e-05 1.56157519e-04 4.36904867e-02]","[[1.12154733e-01 1.36397205e-01 1.00000000e+00 9.44237108e-05
  1.06163647e-01 1.05933491e-01 9.44237108e-05 9.02741012e-05
  9.02741012e-05 9.02741012e-05 1.02197671e-04 1.71248996e-02]]","[6.52357429e-02 6.86202954e-02 1.00000000e+00 1.03528408e-04
 7.29840914e-02 9.53545801e-02 1.03528408e-04 9.75312651e-05
 9.75312651e-05 9.75312651e-05 4.76546011e-05 8.36938168e-03]",235.8615970176198,397.0,385.915,384.583,161.1384029823802,-11.08499999999998,150.05340298238022,1.3319999999999936,0.6831905024807515,-0.027921914357682567,0.6361926014228193,0.003463491625994892,4.359143972396851,2.6557815074920654,2.0679354667663574,2.848893165588379,1.6413789914944177,2.1079690553464268,1.2842671109292043,1.3776509041857141,186,103
183,"[1.76304305e+01 6.96820877e+00 1.13667641e-01 4.00000000e+00
 2.00000000e+01 1.44936202e+04 1.10000000e+01]","[1.00000000e+02 0.00000000e+00 0.00000000e+00 4.00000000e+00
 2.00000000e+01 1.44936202e+04 1.10000000e+01]","[1.00000000e+00 7.11490000e+00 0.00000000e+00 4.00000000e+00
 2.00000000e+01 1.44936202e+04 1.10000000e+01]","[1.00000000e+02 2.71149000e+01 0.00000000e+00 4.00000000e+00
 2.00000000e+01 1.44936202e+04 1.10000000e+01]","[1.12154733e-01 1.08869903e-01 9.90000000e-01 1.55358182e-04
 3.84306570e-01 2.06285554e-01 1.55358182e-04 2.84944428e-04
 2.84944428e-04 2.84944428e-04 2.11921710e-04 8.50440744e-01]","[7.65153858e-01 1.08869903e-01 8.40000000e-01 1.55358182e-04
 6.91256198e-02 5.47328666e-02 1.55358182e-04 2.84944428e-04
 2.84944428e-04 2.84944428e-04 2.11921710e-04 7.86908144e-02]","[[1.12154733e-01 1.00074916e-01 9.90000000e-01 1.55358182e-04
  4.79512230e-02 4.35308434e-02 1.55358182e-04 2.84944428e-04
  2.84944428e-04 2.84944428e-04 1.38695235e-04 1.57202926e-02]]","[4.58075432e-02 3.84230104e-02 1.00000000e+00 3.80660873e-04
 3.86289163e-02 3.94185783e-02 3.80660873e-04 8.39785149e-04
 8.39785149e-04 8.39785149e-04 8.35377956e-04 1.05598955e-02]",306.5485540498961,396.0,289.88509999999997,368.8851,89.4514459501039,-106.11490000000003,-16.66345404989613,-79.00000000000006,0.29180188511195565,-0.2679669191919193,-0.05435828624780877,-0.2141588261493892,3.955321788787842,2.587677478790283,0.38318705558776855,3.1550042629241943,1.5285219356768218,10.322169632585306,6.7530399084620925,8.233587791959074,54,103
184,"[1.89686418e+00 6.98050286e+00 2.27226944e-01 4.00000000e+00
 1.00000000e+00 1.15148096e+04 3.20000000e+01]","[1.00000000e+02 6.83481414e+00 0.00000000e+00 4.00000000e+00
 1.00000000e+00 1.15148096e+04 3.20000000e+01]","[9.60000000e+01 3.06292000e+01 0.00000000e+00 4.00000000e+00
 1.00000000e+00 1.15148096e+04 3.20000000e+01]","[1.00000000e+02 2.48047000e+01 0.00000000e+00 4.00000000e+00
 1.00000000e+00 1.15148096e+04 3.20000000e+01]","[3.74175616e-01 6.77078892e-02 1.00000000e+00 3.99317563e-04
 3.82594749e-01 3.43405829e-01 3.99317563e-04 1.21743135e-04
 1.21743135e-04 1.21743135e-04 6.24847962e-05 9.56404399e-01]","[3.40831124e-01 6.77078892e-02 1.00000000e+00 3.99317563e-04
 8.36066792e-02 1.38616829e-01 3.99317563e-04 1.21743135e-04
 1.21743135e-04 1.21743135e-04 6.24847962e-05 5.32887893e-01]","[[4.70458253e-02 1.00663475e-01 1.00000000e+00 4.23194324e-05
  7.79198745e-02 7.43049680e-02 4.23194324e-05 1.64822450e-05
  1.64822450e-05 1.64822450e-05 2.94914335e-05 2.16149664e-02]]","[3.47817705e-02 5.44637905e-02 1.00000000e+00 1.98703216e-04
 5.56609283e-02 7.45749534e-02 1.98703216e-04 4.80135532e-05
 4.80135532e-05 4.80135532e-05 9.80413242e-05 2.16149664e-02]",290.68913437567454,389.16518585858586,361.3708,371.1953,98.47605148291132,-27.794385858585883,70.68166562432543,-9.8245,0.33876756932938873,-0.07142053520862926,0.24315207300792807,-0.026467199342233055,3.9417636394500732,2.6518313884735107,2.357471227645874,5.605632066726685,1.4864307197597106,1.6720304338077727,1.1248626737733631,2.3778156869911675,150,203
185,"[3.75172207e+00 7.00221437e+00 4.47294016e-01 4.00000000e+00
 9.00000000e+00 1.53942340e+03 6.00000000e+00]",[ 100.        0.        0.        4.        9.     1539.4234    6.    ],[  96.       40.3971    0.        4.        9.     1539.4234    6.    ],[ 100.       25.2391    0.        4.        9.     1539.4234    6.    ],"[7.10269260e-01 6.51236928e-02 9.80000000e-01 9.08368034e-04
 3.63385978e-01 1.30960897e-01 9.08368034e-04 3.08763376e-03
 3.08763376e-03 3.08763376e-03 4.98400012e-04 8.95205496e-01]","[9.53613897e-01 6.51236928e-02 9.80000000e-01 9.08368034e-04
 6.35905283e-02 3.24825587e-02 9.08368034e-04 3.08763376e-03
 3.08763376e-03 3.08763376e-03 4.61669901e-04 5.77021622e-01]","[[1.73961428e-02 2.43054839e-02 1.00000000e+00 6.01949905e-05
  2.63089972e-02 2.57266326e-02 6.01949905e-05 1.08115935e-04
  1.08115935e-04 1.08115935e-04 8.72081146e-05 6.98159371e-01]]","[2.29699179e-02 3.27192559e-02 9.70000000e-01 6.85047591e-04
 4.52169814e-02 3.19450525e-02 6.85047591e-04 4.11690492e-03
 4.11690492e-03 4.11690492e-03 1.01630890e-03 6.76418843e-03]",292.30221368089303,396.0,351.6029,370.7609,103.69778631910697,-44.39710000000002,59.300686319106944,-19.158000000000015,0.35476223396759515,-0.11211388888888894,0.20287457139768922,-0.05167211537138899,3.555431365966797,2.7826013565063477,1.9751107692718506,5.449711322784424,1.2777365171814492,1.8001174522872716,1.4088330638449147,2.7591927539302157,174,203
186,"[8.99723195e+01 3.19179033e+01 1.29999650e-01 2.00000000e+00
 1.70000000e+01 3.17304288e+04 5.60000000e+01]","[1.00000000e+02 1.84878000e+01 0.00000000e+00 2.00000000e+00
 1.70000000e+01 3.17304288e+04 5.60000000e+01]","[9.50000000e+01 1.84878000e+01 0.00000000e+00 2.00000000e+00
 1.70000000e+01 3.17304288e+04 5.60000000e+01]","[0.00000000e+00 1.84878000e+01 0.00000000e+00 2.00000000e+00
 1.70000000e+01 3.17304288e+04 5.60000000e+01]","[4.58075432e-02 4.66376239e-01 1.00000000e+00 1.08829641e-04
 4.45939700e-01 2.38577350e-01 1.08829641e-04 5.54968719e-04
 5.54968719e-04 5.54968719e-04 4.62698605e-04 1.07120991e-02]","[5.76219213e-02 2.65223241e-01 1.00000000e+00 1.02927857e-04
 2.70395397e-01 2.46088210e-01 1.02927857e-04 2.50557729e-04
 2.50557729e-04 2.50557729e-04 6.35249162e-05 8.74049768e-03]","[5.76219213e-02 2.65223241e-01 1.00000000e+00 1.02927857e-04
 2.70395397e-01 2.46088210e-01 1.02927857e-04 2.50557729e-04
 2.50557729e-04 2.50557729e-04 6.35249162e-05 8.74049768e-03]","[3.55662127e-02 2.61764237e-01 1.00000000e+00 2.04274213e-04
 2.70395397e-01 2.46088210e-01 2.04274213e-04 2.10405036e-04
 2.10405036e-04 2.10405036e-04 5.93234981e-05 4.21726279e-03]",355.9244164769109,379.5122,374.5122,279.5122,23.587783523089115,-5.0,18.587783523089115,95.0,0.06627188928641335,-0.013174807028601451,0.05222396290504257,0.3398778300195841,3.9391088485717773,5.160057544708252,2.1390914916992188,0.28130388259887695,0.763384674384381,1.8414868479714668,2.4122659384752563,0.13150624164065983,150,5
187,"[5.75005711e+01 7.64131538e+00 1.12372081e-01 3.00000000e+00
 4.00000000e+00 2.65579144e+04 7.80000000e+01]","[1.00000000e+02 0.00000000e+00 0.00000000e+00 3.00000000e+00
 4.00000000e+00 2.65579144e+04 7.80000000e+01]","[9.60000000e+01 8.69800000e-01 0.00000000e+00 3.00000000e+00
 4.00000000e+00 2.65579144e+04 7.80000000e+01]","[1.00000000e+02 5.86980000e+00 0.00000000e+00 3.00000000e+00
 4.00000000e+00 2.65579144e+04 7.80000000e+01]","[1.33511424e-01 3.51030777e-01 1.00000000e+00 2.57782667e-04
 4.57858027e-01 5.66986742e-01 2.57782667e-04 1.00987509e-03
 1.00987509e-03 1.00987509e-03 4.82448580e-04 8.27603066e-01]","[2.90037133e-01 7.42184885e-01 9.20000000e-01 2.57782667e-04
 5.03992407e-01 6.06756694e-01 2.57782667e-04 1.00987509e-03
 1.00987509e-03 1.00987509e-03 5.33104874e-04 2.63688925e-02]","[[2.90037133e-01 7.42184885e-01 9.20000000e-01 2.57782667e-04
  5.03992407e-01 6.06756694e-01 2.57782667e-04 1.00987509e-03
  1.00987509e-03 1.00987509e-03 5.33104874e-04 2.63688925e-02]]","[2.14045803e-01 2.42499706e-01 1.00000000e+00 2.57782667e-04
 1.26073852e-01 1.62401335e-01 2.57782667e-04 1.00987509e-03
 1.00987509e-03 1.00987509e-03 5.33104874e-04 7.32931719e-02]",346.7468835940642,397.0,392.1302,391.1302,50.25311640593583,-4.869799999999998,45.38331640593583,1.0,0.14492737724145502,-0.012266498740554152,0.13088312701049673,0.002556693397748371,4.6100754737854,2.8440284729003906,1.9615910053253174,5.317948341369629,1.6209667089176374,2.3501716011492664,1.4498580311489175,2.7110382984691963,162,203
188,"[6.85243011e+01 6.98520012e+00 3.20396718e-02 2.00000000e+00
 1.60000000e+01 3.01769973e+04 2.10000000e+01]","[1.00000000e+02 0.00000000e+00 0.00000000e+00 2.00000000e+00
 1.60000000e+01 3.01769973e+04 2.10000000e+01]","[9.50000000e+01 4.88444000e+01 0.00000000e+00 2.00000000e+00
 1.60000000e+01 3.01769973e+04 2.10000000e+01]","[0.00000000e+00 4.38444000e+01 0.00000000e+00 2.00000000e+00
 1.60000000e+01 3.01769973e+04 2.10000000e+01]","[2.17670114e-01 5.90228498e-02 1.00000000e+00 1.78575487e-04
 2.96876320e-01 2.29951086e-01 1.78575487e-04 1.81414289e-04
 1.81414289e-04 1.81414289e-04 5.69474883e-04 7.95805157e-01]","[6.52969500e-01 7.13191586e-02 8.30000000e-01 1.78575487e-04
 5.86137258e-02 9.39088861e-02 1.78575487e-04 1.81414289e-04
 1.81414289e-04 1.81414289e-04 5.69474883e-04 1.00927917e-02]","[[7.33067617e-02 2.87784156e-02 1.00000000e+00 1.04433384e-04
  2.89975109e-02 1.16101111e-01 1.04433384e-04 1.43461842e-02
  1.43461842e-02 1.43461842e-02 1.56005537e-02 7.75788996e-01]]","[3.73552831e-02 4.20421020e-02 1.00000000e+00 1.84032702e-04
 5.45807876e-02 5.42140485e-02 1.84032702e-04 5.08454069e-03
 5.08454069e-03 5.08454069e-03 3.12077370e-03 4.67675805e-03]",359.50706132972323,398.0,344.1556,254.1556,38.49293867027677,-53.84440000000001,-15.351461329723236,90.0,0.10707143978730596,-0.13528743718592967,-0.042701418083255914,0.35411377911798914,5.777699708938599,2.8597702980041504,2.2068543434143066,0.2815685272216797,2.02033698754438,2.618070252882981,1.295858200401071,0.12758817910295545,150,5
189,"[1.98801338e+00 2.80798270e+00 2.88560228e-01 1.00000000e+00
 2.00000000e+00 2.96742027e+04 8.70000000e+01]","[1.00000000e+02 0.00000000e+00 0.00000000e+00 1.00000000e+00
 2.00000000e+00 2.96742027e+04 8.70000000e+01]","[0.00000000e+00 2.59810000e+00 1.00000000e+00 1.00000000e+00
 2.00000000e+00 2.96742027e+04 8.70000000e+01]","[1.00000000e+02 1.28876000e+01 1.00000000e+00 1.00000000e+00
 2.00000000e+00 2.96742027e+04 8.70000000e+01]","[0.2412211  0.54967663 0.84       0.00806709 0.64244399 0.71597139
 0.00806709 0.00285179 0.00285179 0.00285179 0.00234895 0.00997035]","[0.2412211  0.54967663 0.84       0.00806709 0.64244399 0.71597139
 0.00806709 0.00285179 0.00285179 0.00285179 0.00234895 0.00997035]","[[7.76974110e-01 2.51530122e-01 9.00000000e-01 1.02618127e-03
  3.68329347e-01 3.94916202e-01 1.02618127e-03 2.26005141e-04
  2.26005141e-04 2.26005141e-04 1.06380973e-03 4.63975412e-04]]","[7.18297203e-03 1.87577815e-02 1.00000000e+00 2.67147931e-04
 2.33349260e-02 2.54187117e-02 2.67147931e-04 1.57558199e-04
 1.57558199e-04 1.57558199e-04 4.34676069e-04 3.25073637e-03]",297.8914704511745,399.0,295.4019,385.1124,101.10852954882552,-103.59809999999999,-2.4895704511744725,-89.71049999999997,0.33941397984873684,-0.2596443609022556,-0.008357306932635127,-0.23294627750236027,3.671895742416382,2.7763559818267822,1.8813936710357666,5.408095836639404,1.3225594147333923,1.9516892179162522,1.4756911456485928,2.8745158017152663,156,204
190,"[2.45346715e+00 7.01505534e+00 2.13999033e-03 1.00000000e+00
 0.00000000e+00 1.86181760e+03 2.20000000e+01]","[0.0000000e+00 0.0000000e+00 0.0000000e+00 1.0000000e+00 0.0000000e+00
 1.8618176e+03 2.2000000e+01]","[1.0000000e+02 4.0360000e+00 0.0000000e+00 1.0000000e+00 0.0000000e+00
 1.8618176e+03 2.2000000e+01]","[0.0000000e+00 1.9509500e+01 0.0000000e+00 1.0000000e+00 0.0000000e+00
 1.8618176e+03 2.2000000e+01]","[5.64442609e-01 5.13531203e-02 8.50000000e-01 7.40475254e-04
 4.61159958e-01 3.56927931e-01 7.40475254e-04 1.57038681e-03
 1.57038681e-03 1.57038681e-03 2.05339078e-04 9.24369261e-01]","[7.50569863e-01 5.41609253e-02 8.50000000e-01 6.05722016e-04
 9.24094463e-02 1.10046743e-01 6.05722016e-04 1.45717338e-03
 1.45717338e-03 1.45717338e-03 1.42500998e-04 2.91410346e-01]","[[8.89736639e-01 5.13531203e-02 8.80000000e-01 7.40475254e-04
  9.24094463e-02 1.10046743e-01 7.40475254e-04 1.57038681e-03
  1.57038681e-03 1.57038681e-03 1.90202118e-04 2.97013159e-01]]","[2.23377095e-02 5.89737047e-02 7.40000000e-01 4.31652472e-04
 7.44260148e-02 7.51979008e-02 4.31652472e-04 6.61069935e-04
 6.61069935e-04 6.61069935e-04 1.13616603e-04 9.79106565e-03]",294.4362718269975,299.0,394.964,279.4905,4.5637281730025165,95.964,100.52772817300252,115.4735,0.015499884388170883,0.3209498327759197,0.34142440246652017,0.41315715560994026,4.10971212387085,0.22413086891174316,12.358531713485718,0.34033727645874023,18.336216442765615,0.33254048451292173,0.0181357198498888,0.027538649764305072,1002,7
191,"[2.00312773e+00 6.96706385e+00 3.45103573e-02 1.00000000e+00
 1.80000000e+01 1.07406889e+04 7.30000000e+01]","[0.00000000e+00 0.00000000e+00 0.00000000e+00 1.00000000e+00
 1.80000000e+01 1.07406889e+04 7.30000000e+01]","[9.50000000e+01 4.44740000e+00 0.00000000e+00 1.00000000e+00
 1.80000000e+01 1.07406889e+04 7.30000000e+01]","[0.00000000e+00 4.44474000e+01 0.00000000e+00 1.00000000e+00
 1.80000000e+01 1.07406889e+04 7.30000000e+01]","[8.42333813e-02 1.40474424e-01 9.90000000e-01 2.43517788e-04
 5.53517320e-01 5.00301439e-01 2.43517788e-04 2.57463471e-05
 2.57463471e-05 2.57463471e-05 1.03797880e-04 8.92564887e-01]","[1.15653828e-01 6.04232298e-01 7.80000000e-01 2.92170938e-04
 1.34622479e-01 2.83839084e-01 2.92170938e-04 2.38875800e-05
 2.38875800e-05 2.38875800e-05 1.04008323e-04 7.53793401e-02]","[[2.02851340e-01 6.08486674e-01 6.90000000e-01 2.43517788e-04
  1.34622479e-01 2.83839084e-01 2.43517788e-04 2.57463471e-05
  2.57463471e-05 2.57463471e-05 1.03797880e-04 8.87260456e-02]]","[3.07225605e-02 5.79068178e-02 9.70000000e-01 6.11485681e-04
 4.70920438e-02 8.09308438e-02 6.11485681e-04 9.33600604e-05
 9.33600604e-05 9.33600604e-05 8.60192740e-05 4.84919316e-03]",294.0015535274348,299.0,389.5526,254.55259999999998,4.998446472565206,90.55259999999998,95.55104647256519,135.0,0.0170014287767999,0.30285150501672237,0.32500184208601074,0.5303422553924022,4.755781412124634,0.2971341609954834,3.0160796642303467,0.271852970123291,16.005502013606993,1.5768089512112506,0.09851668194291781,0.09013454563132814,198,5
192,"[2.79749702e-01 5.07547511e+00 3.21626761e-02 3.00000000e+00
 5.00000000e+00 1.07243930e+03 9.50000000e+01]",[   0.        0.        0.        3.        5.     1072.4393   95.    ],"[1.0000000e+00 0.0000000e+00 1.0000000e+00 3.0000000e+00 5.0000000e+00
 1.0724393e+03 9.5000000e+01]","[1.0000000e+02 3.6389700e+01 1.0000000e+00 3.0000000e+00 5.0000000e+00
 1.0724393e+03 9.5000000e+01]","[0.64051815 0.82781712 0.98       0.00428929 0.92973202 0.81866441
 0.00428929 0.00722255 0.00722255 0.00722255 0.00273725 0.37401415]","[0.57991726 0.82781712 0.98       0.00428929 0.92973202 0.81866441
 0.00428929 0.00722255 0.00722255 0.00722255 0.00273725 0.22838549]","[[5.46427133e-01 3.89051438e-01 9.90000000e-01 9.78335622e-04
  6.58093121e-01 2.47165599e-01 9.78335622e-04 1.32819125e-03
  1.32819125e-03 1.32819125e-03 2.95036053e-03 3.04771982e-03]]","[2.07722673e-02 6.95434529e-02 1.00000000e+00 2.48049590e-04
 4.90293195e-02 4.79698856e-02 2.48049590e-04 2.33561252e-04
 2.33561252e-04 2.33561252e-04 8.34369857e-05 1.26828946e-03]",292.1721119130775,297.0,297.0,359.6103,4.827888086922485,0.0,4.827888086922485,-62.610299999999995,0.01652412359040894,0.0,0.01652412359040894,-0.17410596971221345,3.9858009815216064,0.25748348236083984,0.7542927265167236,2.8560285568237305,15.479831735131912,5.284156722454139,0.34135750393601483,3.786366295765161,90,102
193,"[2.52816293e+01 6.98499432e+00 2.49487569e-01 1.00000000e+00
 5.00000000e+00 2.16704970e+04 2.60000000e+01]","[1.00000000e+02 1.22846566e+01 0.00000000e+00 1.00000000e+00
 5.00000000e+00 2.16704970e+04 2.60000000e+01]","[1.0000000e+02 0.0000000e+00 1.1000000e+01 1.0000000e+00 5.0000000e+00
 2.1670497e+04 2.6000000e+01]","[1.0000000e+02 4.1238200e+01 0.0000000e+00 1.0000000e+00 5.0000000e+00
 2.1670497e+04 2.6000000e+01]","[3.95368511e-01 9.87111669e-02 1.00000000e+00 8.44704744e-04
 4.09972024e-01 2.65535359e-01 8.44704744e-04 1.79224461e-03
 1.79224461e-03 1.79224461e-03 5.64627931e-04 9.66590930e-01]","[0.09764828 0.05471955 1.         0.00181859 0.05160698 0.06547626
 0.00181859 0.00216195 0.00216195 0.00216195 0.00114482 0.25344794]","[[3.62661155e-01 5.65415653e-02 9.60000000e-01 1.30916887e-04
  4.36521656e-02 2.74030428e-02 1.30916887e-04 1.19389610e-04
  1.19389610e-04 1.19389610e-04 1.42007659e-04 1.67978008e-03]]","[5.66392890e-02 5.09922725e-02 1.00000000e+00 6.43143940e-05
 5.60858205e-02 6.68467875e-02 6.43143940e-05 2.02641590e-04
 2.02641590e-04 2.02641590e-04 1.74525529e-04 1.00775704e-02]",317.0471473912909,386.7153434343434,388.0,357.7618,69.66819604305255,1.2846565656565758,70.95285260870912,30.238200000000006,0.21974080705753826,0.0033219694730697567,0.2237927487836409,0.0845204826227954,3.9404852390289307,2.5290892124176025,16.088620901107788,5.706069231033325,1.5580649427792026,0.2449237422679036,0.15719738987966714,0.35466490671306894,1002,208
194,"[5.59992754e+01 7.60058160e+00 7.91517137e+01 1.00000000e+00
 1.90000000e+01 2.57408192e+04 6.00000000e+00]","[0.00000000e+00 6.83481414e+00 0.00000000e+00 1.00000000e+00
 1.90000000e+01 2.57408192e+04 6.00000000e+00]","[9.50000000e+01 2.15456000e+01 0.00000000e+00 1.00000000e+00
 1.90000000e+01 2.57408192e+04 6.00000000e+00]","[0.00000000e+00 2.17186000e+01 0.00000000e+00 1.00000000e+00
 1.90000000e+01 2.57408192e+04 6.00000000e+00]","[2.19440418e-03 4.07249851e-01 9.90000000e-01 6.84705810e-05
 4.58621361e-01 4.09501748e-01 6.84705810e-05 4.47892198e-05
 4.47892198e-05 4.47892198e-05 3.31902593e-05 2.04043644e-03]","[8.07781510e-02 8.12070099e-02 1.00000000e+00 2.44989613e-04
 7.65459984e-02 9.56889246e-02 2.44989613e-04 1.43232406e-04
 1.43232406e-04 1.43232406e-04 1.67681035e-04 1.22094732e-01]","[[3.58181888e-02 8.11130304e-02 1.00000000e+00 1.36178322e-04
  8.90816908e-02 7.83212237e-02 1.36178322e-04 2.07658042e-04
  2.07658042e-04 2.07658042e-04 1.76295405e-04 1.10527449e-02]]","[2.52678681e-02 6.57796128e-02 9.90000000e-01 2.70255696e-04
 5.74838133e-02 7.83212237e-02 2.70255696e-04 2.07658042e-04
 2.07658042e-04 2.07658042e-04 1.39525349e-04 7.12441004e-03]",268.24698007154984,292.16518585858586,372.4544,277.2814,23.918205787036015,80.28921414141416,104.20741992845018,95.173,0.08916486508312706,0.27480760209491845,0.3884756499426566,0.34323614926929824,4.036842107772827,0.13725781440734863,13.56038498878479,0.2988598346710205,29.410654141646447,0.2976937683636213,0.010121970321703156,0.022039185090850635,1002,6
195,"[7.66574207e+01 7.62921328e+00 1.09566678e-03 1.00000000e+00
 1.50000000e+01 1.60034507e+04 6.80000000e+01]","[1.00000000e+02 0.00000000e+00 0.00000000e+00 1.00000000e+00
 1.50000000e+01 1.60034507e+04 6.80000000e+01]","[9.60000000e+01 4.33960000e+00 0.00000000e+00 1.00000000e+00
 1.50000000e+01 1.60034507e+04 6.80000000e+01]","[1.00000000e+02 1.69301000e+01 0.00000000e+00 1.00000000e+00
 1.50000000e+01 1.60034507e+04 6.80000000e+01]","[1.23592456e-01 3.99109590e-01 1.00000000e+00 8.89398332e-04
 5.62657169e-01 6.81173256e-01 8.89398332e-04 3.44823435e-04
 3.44823435e-04 3.44823435e-04 3.82213941e-04 8.29474146e-01]","[5.09452535e-01 6.47744056e-01 9.30000000e-01 8.89398332e-04
 1.53097230e-01 2.55022248e-01 8.89398332e-04 3.44823435e-04
 3.44823435e-04 3.44823435e-04 5.83934016e-04 1.73234595e-01]","[[5.09452535e-01 6.47744056e-01 9.30000000e-01 8.89398332e-04
  1.53097230e-01 2.55022248e-01 8.89398332e-04 3.44823435e-04
  3.44823435e-04 3.44823435e-04 5.83934016e-04 1.73234595e-01]]","[1.07180559e-01 8.64690625e-02 1.00000000e+00 4.23538382e-04
 7.10276104e-02 1.03998931e-01 4.23538382e-04 3.31902644e-04
 3.31902644e-04 3.31902644e-04 3.78969940e-04 3.99734629e-02]",368.0271117649905,399.0,390.6604,382.0699,30.97288823500952,-8.339600000000019,22.633288235009502,8.590499999999963,0.08415925687232452,-0.020901253132832125,0.0614989698081329,0.022484105657106103,5.008791446685791,2.7424376010894775,2.434499979019165,5.383126497268677,1.8264012441690443,2.057421026844199,1.1264890633494182,2.211183628532001,162,204
196,"[6.20842697e+01 6.98886546e+00 2.35068102e-01 4.00000000e+00
 2.10000000e+01 1.26078907e+04 4.10000000e+01]","[1.00000000e+02 0.00000000e+00 0.00000000e+00 4.00000000e+00
 2.10000000e+01 1.26078907e+04 4.10000000e+01]","[9.60000000e+01 7.08500000e+00 0.00000000e+00 4.00000000e+00
 2.10000000e+01 1.26078907e+04 4.10000000e+01]","[1.00000000e+02 1.24170000e+01 0.00000000e+00 4.00000000e+00
 2.10000000e+01 1.26078907e+04 4.10000000e+01]","[9.64039018e-02 1.30433924e-01 1.00000000e+00 1.55358182e-04
 5.55542320e-01 3.85952543e-01 1.55358182e-04 1.09897730e-04
 1.09897730e-04 1.09897730e-04 1.61862656e-04 8.61696200e-01]","[6.70398832e-01 1.30433924e-01 8.70000000e-01 1.55358182e-04
 1.29453391e-01 1.22830098e-01 1.55358182e-04 1.09897730e-04
 1.09897730e-04 1.09897730e-04 1.61862656e-04 8.93235103e-02]","[[9.64039018e-02 1.20131743e-01 1.00000000e+00 1.55358182e-04
  9.16183150e-02 8.71407430e-02 1.55358182e-04 1.09897730e-04
  1.09897730e-04 1.09897730e-04 1.05931722e-04 1.71987582e-02]]","[5.56610459e-02 6.06386192e-02 1.00000000e+00 1.97791916e-04
 6.27117891e-02 7.88508294e-02 1.97791916e-04 1.18732249e-04
 1.18732249e-04 1.18732249e-04 5.45501425e-05 8.97608652e-03]",350.8603361660574,396.0,384.915,383.58299999999997,45.13966383394262,-11.08499999999998,34.05466383394264,1.3320000000000505,0.1286542227234789,-0.02799242424242419,0.09706045489799975,0.003472520940709183,4.47357702255249,2.785331964492798,2.102795362472534,2.9867799282073975,1.6061198735308082,2.1274428802678713,1.324585365842597,1.420385445731365,186,103
197,"[5.08541391e+01 6.96559954e+00 3.69977792e-01 3.00000000e+00
 1.60000000e+01 3.28712723e+04 4.00000000e+01]","[1.00000000e+02 0.00000000e+00 0.00000000e+00 3.00000000e+00
 1.60000000e+01 3.28712723e+04 4.00000000e+01]","[9.60000000e+01 2.80917000e+01 0.00000000e+00 3.00000000e+00
 1.60000000e+01 3.28712723e+04 4.00000000e+01]","[1.00000000e+02 3.58577000e+01 0.00000000e+00 3.00000000e+00
 1.60000000e+01 3.28712723e+04 4.00000000e+01]","[2.17670114e-01 6.20338325e-02 1.00000000e+00 1.30979955e-04
 3.46292105e-01 2.03100591e-01 1.30979955e-04 1.60176394e-04
 1.60176394e-04 1.60176394e-04 4.48871753e-04 7.98824551e-01]","[6.21694601e-01 1.95170747e-01 8.30000000e-01 1.30979955e-04
 1.08235549e-01 9.82268347e-02 1.30979955e-04 1.60176394e-04
 1.60176394e-04 1.60176394e-04 4.48871753e-04 1.02811831e-02]","[6.04956720e-02 7.88366051e-02 1.00000000e+00 2.11964769e-04
 7.81023768e-02 8.41748399e-02 2.11964769e-04 1.25917594e-03
 1.25917594e-03 1.25917594e-03 2.03499896e-03 1.12004010e-02]","[9.20128245e-02 4.75137958e-02 1.00000000e+00 1.97149602e-05
 5.10620344e-02 7.75059697e-02 1.97149602e-05 4.92540188e-04
 4.92540188e-04 4.92540188e-04 3.28485912e-04 2.44952138e-02]",340.51856174426837,397.0,364.9083,361.1423,56.48143825573163,-32.0917,24.38973825573163,3.7660000000000196,0.16586889703284238,-0.08083551637279597,0.07162528271821046,0.010428022416648561,4.610160827636719,2.6667988300323486,2.4402666091918945,5.331508159637451,1.728724632589102,1.8892037494064613,1.0928309308446715,2.1848056026152833,162,203
198,"[9.41834293e+01 6.97076590e+00 9.44311420e-02 4.00000000e+00
 1.70000000e+01 1.26066933e+04 1.50000000e+01]","[1.00000000e+02 2.63634162e+01 0.00000000e+00 4.00000000e+00
 1.70000000e+01 1.26066933e+04 1.50000000e+01]","[1.00000000e+02 1.87673000e+01 2.10000000e+01 4.00000000e+00
 1.70000000e+01 1.26066933e+04 1.50000000e+01]","[1.00000000e+02 1.56013000e+01 0.00000000e+00 4.00000000e+00
 1.70000000e+01 1.26066933e+04 1.50000000e+01]","[9.64039018e-02 1.62016164e-01 1.00000000e+00 1.55358182e-04
 5.11020654e-01 4.88384141e-01 1.55358182e-04 2.79909262e-04
 2.79909262e-04 2.79909262e-04 2.87546573e-04 8.50268662e-01]","[3.89654732e-02 1.07009491e-01 1.00000000e+00 1.52854162e-04
 1.01161052e-01 1.15608141e-01 1.52854162e-04 4.80276672e-03
 4.80276672e-03 4.80276672e-03 4.60210023e-03 7.48498826e-03]","[[3.08104323e-03 1.41893372e-01 1.00000000e+00 4.31477347e-05
  1.37416851e-01 1.84977991e-01 4.31477347e-05 9.83853170e-05
  9.83853170e-05 9.83853170e-05 5.00954520e-05 9.34547794e-04]]","[6.30614427e-02 9.53505165e-02 1.00000000e+00 8.90965530e-05
 7.77707300e-02 1.21364439e-01 8.90965530e-05 3.77466786e-04
 3.77466786e-04 3.77466786e-04 8.50090946e-05 8.18758534e-03]",383.118232294911,369.63658383838384,356.2327,380.3987,-13.481648456527182,-13.40388383838382,-26.885532294911002,-24.165999999999997,-0.03518926357477417,-0.036262330149237604,-0.07017554903055477,-0.06352808250921992,6.114316940307617,2.607814073562622,2.648834228515625,5.484817266464233,2.344613828989213,2.308304866527645,0.9845138836883763,2.0706532735866445,156,205
199,"[7.19772420e+00 5.08169287e+00 6.93558961e-03 1.00000000e+00
 1.20000000e+01 5.48578900e+03 1.00000000e+00]","[0.000000e+00 0.000000e+00 0.000000e+00 1.000000e+00 1.200000e+01
 5.485789e+03 1.000000e+00]","[9.500000e+01 1.240860e+01 0.000000e+00 1.000000e+00 1.200000e+01
 5.485789e+03 1.000000e+00]","[0.000000e+00 1.299160e+01 0.000000e+00 1.000000e+00 1.200000e+01
 5.485789e+03 1.000000e+00]","[7.53772252e-01 8.67371789e-02 8.70000000e-01 1.19615335e-03
 7.07515242e-02 5.28131995e-02 1.19615335e-03 4.86947480e-04
 4.86947480e-04 4.86947480e-04 8.02403141e-04 8.72933612e-01]","[4.77530109e-01 3.84403247e-02 9.10000000e-01 9.78555996e-04
 3.76748149e-02 5.28131995e-02 9.78555996e-04 4.51806758e-04
 4.51806758e-04 4.51806758e-04 5.09585952e-04 7.24733308e-01]","[[5.22176666e-02 3.59326084e-02 9.10000000e-01 2.30547064e-03
  5.24451623e-02 4.11646323e-02 2.30547064e-03 5.26077056e-04
  5.26077056e-04 5.26077056e-04 7.74832268e-04 2.28091650e-02]]","[2.79231425e-02 2.88716382e-02 9.40000000e-01 1.88645290e-03
 3.33665001e-02 4.11646323e-02 1.88645290e-03 4.88113903e-04
 4.88113903e-04 4.88113903e-04 4.92071442e-04 1.54403235e-02]",301.10909574055444,299.0,381.5914,286.0084,-2.1090957405544373,82.59140000000002,80.48230425944558,95.58300000000003,-0.007004423879548641,0.27622541806020073,0.26728619426625294,0.3341964781453972,3.8606455326080322,0.32674264907836914,13.199350833892822,0.33165836334228516,11.815554362118357,0.292487530727254,0.024754448396005282,0.02512686930713779,1002,6
