,nsga3_adaptation,custom_adaptation,anchors_adaptation,wip_adaptation,nsga3_confidence,custom_confidence,anchors_confidence,wip_confidence,nsga3_score,custom_score,anchors_score,wip_score,score_diff_custom_NSGA,score_diff_anchors_custom,score_diff_anchors_nsga,score_diff_anchors_wip,score_improvement_NSGA_custom[%],score_improvement_anchors_custom[%],score_improvement_anchors_NSGA[%],score_improvement_anchors_WIP[%],nsga3_time,custom_time,anchors_time,wip_time,speed-up_custom_NSGA,speed-up_anchors_NSGA,speed-up_anchors_custom,speed-up_WIP_anchors,iterations_anchors,iterations_wip
0,"[4.23343335e+01 8.36163434e-01 3.34569273e-01 2.00000000e+00
 1.20000000e+01 3.25138673e+04 7.10000000e+01]","[0.00000000e+00 0.00000000e+00 0.00000000e+00 2.00000000e+00
 1.20000000e+01 3.25138673e+04 7.10000000e+01]",[ 95.      43.2719   0.       2.      12.     100.      71.    ],[100.      33.5644   0.       2.      12.     100.      71.    ],"[0.95886195 0.88588893 1.         0.87097853 0.88883442 0.90654401
 0.87482694 0.87656285 0.81204928 0.90222838 0.56899869 0.96      ]","[0.92737213 0.89444928 1.         0.8778123  0.89431006 0.91319726
 0.88041881 0.89422403 0.78727125 0.90222838 0.5699808  0.98      ]","[0.87684023 0.73835521 1.         0.59746983 0.73228634 0.81168284
 0.60857503 0.7508201  0.53642922 0.75223359 0.83959496 0.96      ]","[0.82427485 0.73310057 1.         0.59612441 0.72552321 0.79230407
 0.59786746 0.73910601 0.51561027 0.73658744 0.70432645 0.97      ]",339.1636007888326,298.0,349.7281,364.4356,-41.16360078883258,51.72809999999998,10.564499211167401,-14.707500000000039,-0.1213679790316342,0.1735842281879194,0.03114868218935141,-0.040356924515607254,2.975025177001953,0.6813809871673584,5.515174627304077,5.675013780593872,4.366169929938533,0.5394253814327911,0.12354658432645685,1.0289817030449908,162,205
1,"[1.0000000e+02 0.0000000e+00 0.0000000e+00 3.0000000e+00 1.5000000e+01
 3.4316829e+03 7.6000000e+01]","[1.0000000e+02 0.0000000e+00 0.0000000e+00 3.0000000e+00 1.5000000e+01
 3.4316829e+03 7.6000000e+01]",[ 65.       6.2713   0.       3.      15.     100.      76.    ],[  0.      12.6033   0.       3.      15.     100.      76.    ],"[0.95836432 0.8515383  1.         0.93607464 0.9249333  0.93443031
 0.9321267  0.91986308 0.9387599  0.93975783 0.88249153 0.9       ]","[0.95836432 0.8515383  1.         0.93607464 0.9249333  0.93443031
 0.9321267  0.91986308 0.9387599  0.93975783 0.88249153 0.9       ]","[[0.95171969 0.84048399 1.         0.85786633 0.84351718 0.90107575
  0.85093821 0.86153096 0.90149988 0.8888819  0.87438953 0.93      ]]","[0.82397818 0.69617824 1.         0.58156289 0.66327624 0.7130104
 0.58397574 0.69256704 0.63874464 0.70341634 0.88867533 0.91      ]",397.0,397.0,355.7287,284.3967,0.0,-41.2713,-41.2713,71.332,0.0,-0.10395793450881612,-0.10395793450881612,0.25081866280445586,12.2178373336792,19.349517345428467,1.733306884765625,0.8173987865447998,0.631428532069602,7.048859864957656,11.163353423156153,0.4715834187985281,162,5
2,"[1.00000000e+02 7.91358778e-18 0.00000000e+00 1.00000000e+00
 2.30000000e+01 2.83522556e+04 2.80000000e+01]","[1.00000000e+02 0.00000000e+00 0.00000000e+00 1.00000000e+00
 2.30000000e+01 2.83522556e+04 2.80000000e+01]",[  1.       9.5658   0.       1.      23.     100.      28.    ],[100.      29.5658   0.       1.      23.     100.      28.    ],"[0.929657   0.94932543 1.         0.86023123 0.94652209 0.92942543
 0.88556936 0.90542858 0.84771006 0.90356413 0.99207765 0.94      ]","[0.929657   0.94932543 1.         0.86023123 0.94652209 0.92942543
 0.88556936 0.90542858 0.84771006 0.90356413 0.99207765 0.94      ]","[[0.83482913 0.87915478 1.         0.67857165 0.8370818  0.87225203
  0.72834229 0.77980218 0.70022704 0.77540141 0.98991197 0.96      ]]","[0.78472394 0.78824076 1.         0.56552273 0.75051089 0.81548287
 0.58186963 0.73367604 0.60965922 0.74112579 0.93545306 0.77      ]",399.0,399.0,290.43420000000003,369.4342,0.0,-108.56579999999997,-108.56579999999997,-78.99999999999994,0.0,-0.27209473684210517,-0.27209473684210517,-0.21384051611897315,11.488817691802979,6.423240423202515,0.8853764533996582,12.592119932174683,1.7886326736738987,12.97619520791224,7.254812795775888,14.222334334534883,54,203
3,"[1.00000000e+02 5.77558048e-17 0.00000000e+00 2.00000000e+00
 1.40000000e+01 1.64826401e+04 6.40000000e+01]","[1.00000000e+02 0.00000000e+00 0.00000000e+00 2.00000000e+00
 1.40000000e+01 1.64826401e+04 6.40000000e+01]",[ 55.       4.0328   0.       2.      14.     100.      64.    ],[  0.      17.6233   0.       2.      14.     100.      64.    ],"[0.94813079 0.93741188 1.         0.88854411 0.93734132 0.93374235
 0.89123453 0.90547525 0.89007365 0.91759384 0.95107716 0.96      ]","[0.94813079 0.93741188 1.         0.88854411 0.93734132 0.93374235
 0.89123453 0.90547525 0.89007365 0.91759384 0.95107716 0.96      ]","[[0.94813079 0.93741188 1.         0.88854411 0.93734132 0.93374235
  0.89123453 0.90547525 0.89007365 0.91759384 0.95107716 0.96      ]]","[0.80892379 0.78713824 1.         0.59036464 0.77085296 0.79445197
 0.59866916 0.7488974  0.61350863 0.7422547  0.89155614 0.88      ]",398.0,398.0,348.9672,280.3767,0.0,-49.03280000000001,-49.03280000000001,68.59049999999996,0.0,-0.12319798994974876,-0.12319798994974876,0.2446369473640283,13.318360328674316,12.786955833435059,5.257171392440796,1.1463556289672852,1.0415583272642386,2.533370007267516,2.4322881791187596,0.21805559366308885,138,5
4,"[1.30831928e+00 3.67299755e+00 3.14352429e-01 4.00000000e+00
 1.40000000e+01 2.37865594e+04 1.00000000e+00]","[0.00000000e+00 0.00000000e+00 0.00000000e+00 4.00000000e+00
 1.40000000e+01 2.37865594e+04 1.00000000e+00]",[  0.       4.5529   0.       4.      14.     100.       1.    ],[  0.       9.3019   0.       4.      14.     100.       1.    ],"[0.8009386  0.91573286 1.         0.87916373 0.91165536 0.90484069
 0.85679539 0.75544485 0.83931379 0.81413423 0.99021494 0.88      ]","[0.65965366 0.92314322 1.         0.87662559 0.91862583 0.90054084
 0.8575131  0.90923016 0.80970406 0.88437035 0.98667461 0.9       ]","[[0.65965366 0.92314322 1.         0.87662559 0.91862583 0.90054084
  0.8575131  0.90923016 0.80970406 0.88437035 0.98667461 0.9       ]]","[0.62468126 0.79876912 1.         0.59529549 0.80683436 0.80295431
 0.57936316 0.78347658 0.48912052 0.73249105 0.84292454 0.84      ]",293.3209693054856,296.0,291.4471,286.6981,2.679030694514381,-4.552900000000022,-1.8738693054856412,4.748999999999967,0.00913344416138297,-0.015381418918918994,-0.00638846008835481,0.016564462757165,8.648991584777832,0.6632075309753418,19.89735221862793,0.8006038665771484,13.04115405936095,0.434680528833411,0.033331446500426624,0.04023670374732684,1002,5
5,"[5.69530989e+00 5.86997151e+00 2.53332769e-01 4.00000000e+00
 9.00000000e+00 2.84796076e+04 9.30000000e+01]","[0.00000000e+00 5.48142626e+00 0.00000000e+00 4.00000000e+00
 9.00000000e+00 2.84796076e+04 9.30000000e+01]",[ 95.      5.502   0.      4.      9.    100.     93.   ],[  0.     13.417   0.      4.      9.    100.     93.   ],"[0.95731803 0.73962012 1.         0.84689071 0.80165426 0.89692981
 0.82992501 0.86781706 0.87375706 0.89802731 0.98432577 0.98      ]","[0.93777245 0.73126744 1.         0.9077     0.78279206 0.89377127
 0.89539923 0.8960793  0.87651736 0.89334062 0.98390228 0.99      ]","[[0.94905598 0.73962012 1.         0.90235186 0.78584389 0.89692981
  0.89042069 0.86781706 0.89484974 0.89802731 0.98761755 0.96      ]]","[0.84653638 0.66594452 1.         0.55399932 0.66454578 0.74948417
 0.57224466 0.72709082 0.60731832 0.70430926 0.8745895  0.94      ]",295.5720056105881,290.51857373737374,385.498,282.58299999999997,-5.053431873214379,94.97942626262625,89.92599438941187,102.91500000000002,-0.01709712617328247,0.3269306503910033,0.30424394963807255,0.36419388285919546,10.573297262191772,0.32792115211486816,7.567583084106445,1.0615367889404297,32.24341337544469,1.3971828448633719,0.04333234910939706,0.14027421663461953,210,5
6,"[1.91697941e+00 2.07842279e+00 1.53609957e-01 2.00000000e+00
 2.30000000e+01 3.61661081e+04 5.90000000e+01]","[1.00000000e+02 0.00000000e+00 0.00000000e+00 2.00000000e+00
 2.30000000e+01 3.61661081e+04 5.90000000e+01]",[ 96.   17.3   0.    2.   23.  100.   59. ],[100.   35.7   0.    2.   23.  100.   59. ],"[0.94020967 0.93605142 1.         0.86187248 0.93884267 0.90272129
 0.86256302 0.84585735 0.85291837 0.85255244 0.92169958 0.79      ]","[0.94020967 0.93605142 1.         0.86187248 0.93884267 0.90272129
 0.86256302 0.84585735 0.85291837 0.85255244 0.92169958 0.79      ]","[0.82082032 0.68632701 1.         0.56350245 0.66673733 0.78911389
 0.54764824 0.72390339 0.62921872 0.73360298 0.94530851 0.85      ]","[0.8090718  0.67650892 1.         0.55968088 0.65770446 0.79463949
 0.5546475  0.70770511 0.60810639 0.72492179 0.83976895 0.77      ]",297.68494666349443,398.0,376.7,362.3,100.31505333650557,-21.30000000000001,79.01505333650556,14.399999999999977,0.33698396395536434,-0.05351758793969852,0.2654318070904164,0.0397460667954733,8.601603269577026,6.418226003646851,5.551235914230347,12.579326629638672,1.3401839175949204,1.5494933745343444,1.1561796513086415,2.266040720300164,162,203
7,"[1.00000000e+02 0.00000000e+00 1.03973652e-16 1.00000000e+00
 6.00000000e+00 1.69446039e+04 3.30000000e+01]","[1.00000000e+02 0.00000000e+00 0.00000000e+00 1.00000000e+00
 6.00000000e+00 1.69446039e+04 3.30000000e+01]",[  0.       3.8001   0.       1.       6.     100.      33.    ],[100.      29.0396   0.       1.       6.     100.      33.    ],"[0.95526181 0.93676621 1.         0.88560427 0.9394495  0.93846505
 0.88081557 0.92490631 0.89110499 0.92718738 0.98155081 0.96      ]","[0.95526181 0.93676621 1.         0.88560427 0.9394495  0.93846505
 0.88081557 0.92490631 0.89110499 0.92718738 0.98155081 0.96      ]","[[0.92241701 0.94176078 1.         0.89078385 0.94189155 0.93777222
  0.88469139 0.92490631 0.88810173 0.92718738 0.98420739 0.97      ]]","[0.80518863 0.75691194 1.         0.62652099 0.76391952 0.81030082
 0.63192227 0.75140297 0.65990895 0.74537611 0.95730031 0.85      ]",399.0,399.0,295.1999,369.9604,0.0,-103.80009999999999,-103.80009999999999,-74.76049999999998,0.0,-0.260150626566416,-0.260150626566416,-0.2020770331094895,12.488954544067383,12.698913097381592,1.1346018314361572,12.57257080078125,0.9834664154558629,11.007345659101487,11.192396086041525,11.081042223303246,36,203
8,"[1.00000000e+02 0.00000000e+00 0.00000000e+00 4.00000000e+00
 9.00000000e+00 1.22184923e+04 8.10000000e+01]","[1.00000000e+02 0.00000000e+00 0.00000000e+00 4.00000000e+00
 9.00000000e+00 1.22184923e+04 8.10000000e+01]",[  0.      32.5415   0.       4.       9.     100.      81.    ],[  0.      33.6685   0.       4.       9.     100.      81.    ],"[0.95498854 0.82916186 1.         0.8980365  0.92012025 0.91349723
 0.88954528 0.9186858  0.90242624 0.93384455 0.98522067 0.95      ]","[0.95498854 0.82916186 1.         0.8980365  0.92012025 0.91349723
 0.88954528 0.9186858  0.90242624 0.93384455 0.98522067 0.95      ]","[[0.79738375 0.68691751 1.         0.5502759  0.66918567 0.72896168
  0.55014861 0.70249482 0.56144713 0.69041291 0.68342727 0.86      ]]","[0.74500279 0.66260714 1.         0.5502759  0.66918567 0.72896168
 0.55014861 0.70249482 0.56144713 0.69041291 0.61899024 0.84      ]",396.0,396.0,263.4585,262.3315,0.0,-132.54149999999998,-132.54149999999998,1.1270000000000095,0.0,-0.3347007575757575,-0.3347007575757575,0.004296091014613226,5.654763460159302,19.065253257751465,0.9877235889434814,0.8353374004364014,0.2966004901015523,5.725046484115986,19.30221518567215,0.8457198043937778,48,5
9,"[1.0000000e+02 0.0000000e+00 0.0000000e+00 3.0000000e+00 1.0000000e+00
 9.7201914e+03 6.4000000e+01]","[1.0000000e+02 0.0000000e+00 0.0000000e+00 3.0000000e+00 1.0000000e+00
 9.7201914e+03 6.4000000e+01]",[ 66.       4.2607   0.       3.       1.     100.      64.    ],[100.      34.2607   0.       3.       1.     100.      64.    ],"[0.95512433 0.93536565 1.         0.89096163 0.93807751 0.95895196
 0.88633239 0.94723558 0.91113413 0.95356399 0.98958743 0.86      ]","[0.95512433 0.93536565 1.         0.89096163 0.93807751 0.95895196
 0.88633239 0.94723558 0.91113413 0.95356399 0.98958743 0.86      ]","[[0.95512433 0.93536565 1.         0.89096163 0.93807751 0.95895196
  0.88633239 0.94723558 0.91113413 0.95356399 0.98958743 0.86      ]]","[0.82785457 0.7638658  1.         0.63695528 0.7746938  0.82801636
 0.62691318 0.76014218 0.66119427 0.75452273 0.88302779 0.83      ]",397.0,397.0,358.7393,362.7393,0.0,-38.260699999999986,-38.260699999999986,-4.0,0.0,-0.09637455919395463,-0.09637455919395463,-0.01102720328346005,12.525468587875366,12.721593379974365,5.438723564147949,12.866660594940186,0.984583315451056,2.30301622065207,2.3390770334118605,2.3657500593994474,144,203
10,"[1.00000000e+02 0.00000000e+00 0.00000000e+00 3.00000000e+00
 2.10000000e+01 3.08849189e+04 1.70000000e+01]","[1.00000000e+02 0.00000000e+00 0.00000000e+00 3.00000000e+00
 2.10000000e+01 3.08849189e+04 1.70000000e+01]",[  0.      9.086   0.      3.     21.    100.     17.   ],[  0.     24.244   0.      3.     21.    100.     17.   ],"[0.94461456 0.91494771 1.         0.8988242  0.90949227 0.9157684
 0.88750879 0.90969646 0.86941227 0.90349341 0.91653502 0.92      ]","[0.94461456 0.91494771 1.         0.8988242  0.90949227 0.9157684
 0.88750879 0.90969646 0.86941227 0.90349341 0.91653502 0.92      ]","[0.82570858 0.77828279 1.         0.71116455 0.75513024 0.83728577
 0.68727919 0.77702434 0.68760796 0.76814032 0.84815091 0.84      ]","[0.80562453 0.73713933 1.         0.64358851 0.7417148  0.78369811
 0.61350282 0.73051741 0.64035514 0.73313796 0.94053316 0.94      ]",397.0,397.0,287.914,272.756,0.0,-109.08600000000001,-109.08600000000001,15.158000000000015,0.0,-0.2747758186397985,-0.2747758186397985,0.05557347959348288,18.090142250061035,19.14247179031372,0.7703447341918945,1.083495855331421,0.945026454693005,23.483177656868026,24.849227807592555,1.4065077714434273,48,5
11,"[1.00000000e+02 0.00000000e+00 0.00000000e+00 1.00000000e+00
 9.00000000e+00 2.76725594e+04 7.90000000e+01]","[1.00000000e+02 0.00000000e+00 0.00000000e+00 1.00000000e+00
 9.00000000e+00 2.76725594e+04 7.90000000e+01]",[ 56.       4.7105   0.       1.       9.     100.      79.    ],[100.     13.417   0.      1.      9.    100.     79.   ],"[0.95334872 0.91019988 1.         0.85751391 0.86233406 0.92199586
 0.86861689 0.84530628 0.87822514 0.87439477 0.87605822 0.98      ]","[0.95334872 0.91019988 1.         0.85751391 0.86233406 0.92199586
 0.86861689 0.84530628 0.87822514 0.87439477 0.87605822 0.98      ]","[[0.95334872 0.91019988 1.         0.85751391 0.86233406 0.92199586
  0.86861689 0.84530628 0.87822514 0.87439477 0.87605822 0.98      ]]","[0.84688741 0.72461964 1.         0.57636729 0.74072119 0.79766392
 0.61544674 0.75346186 0.65905626 0.7503587  0.79313201 0.91      ]",399.0,399.0,350.2895,385.583,0.0,-48.710500000000025,-48.710500000000025,-35.29350000000005,0.0,-0.12208145363408528,-0.12208145363408528,-0.09153282172709909,10.990163326263428,6.336797475814819,6.180789947509766,12.77178430557251,1.7343403143636453,1.7781162957481436,1.0252407102700374,2.066367634887552,162,203
12,"[4.44215702e+01 5.05900821e+00 4.24861072e+01 1.00000000e+00
 1.70000000e+01 2.30060775e+04 5.80000000e+01]","[1.00000000e+02 0.00000000e+00 0.00000000e+00 1.00000000e+00
 1.70000000e+01 2.30060775e+04 5.80000000e+01]",[ 96.       2.4299   0.       1.      17.     100.      58.    ],[100.      19.9034   0.       1.      17.     100.      58.    ],"[0.8775789  0.89123236 1.         0.84391861 0.91607696 0.91215236
 0.83831805 0.90991353 0.7978685  0.912604   0.83681184 0.9       ]","[0.94226395 0.89024472 1.         0.87043927 0.9086029  0.92371387
 0.86742296 0.90557035 0.8603995  0.91010551 0.76893967 0.95      ]","[[0.94226395 0.89024472 1.         0.87043927 0.9086029  0.92371387
  0.86742296 0.90557035 0.8603995  0.91010551 0.76893967 0.95      ]]","[0.79495451 0.72464962 1.         0.57672804 0.68289432 0.74407755
 0.57570408 0.72321988 0.61696349 0.67985625 0.45285764 0.85      ]",295.8764547843633,399.0,392.5701,379.0966,103.12354521563668,-6.429899999999975,96.6936452156367,13.473500000000001,0.3485358282084115,-0.0161150375939849,0.32680412263999736,0.035541073172378757,8.778412818908691,6.32055139541626,6.504890441894531,6.9186110496521,1.3888681967327885,1.3495097107818472,0.971661467917885,1.0636014720698468,186,103
13,"[4.04386998e-03 5.36993620e+00 2.30166225e-01 2.00000000e+00
 2.00000000e+00 3.42170099e+04 8.90000000e+01]","[1.00000000e+02 5.48142626e+00 0.00000000e+00 2.00000000e+00
 2.00000000e+00 3.42170099e+04 8.90000000e+01]",[ 96.      7.085   0.      2.      2.    100.     89.   ],[100.     13.417   0.      2.      2.    100.     89.   ],"[0.93239012 0.79399271 1.         0.75887621 0.74700543 0.9013985
 0.73812916 0.87177877 0.79312609 0.86918906 0.97677535 0.95      ]","[0.94728442 0.77929547 1.         0.7473054  0.73864574 0.89394593
 0.72793962 0.85099443 0.81738036 0.86918906 0.97677535 0.96      ]","[0.9558204  0.7649356  1.         0.69275492 0.7330439  0.90155552
 0.67404069 0.85462502 0.81091987 0.86918906 0.98591775 0.94      ]","[0.84049035 0.75944812 1.         0.57534218 0.75032316 0.8373927
 0.55271824 0.75066176 0.64764827 0.7520372  0.87423599 0.92      ]",292.40394144638697,392.51857373737374,386.915,384.583,100.11463229098678,-5.603573737373722,94.51105855361305,2.3319999999999936,0.34238468809881983,-0.014275945426019407,0.323220877550797,0.006063710564429508,10.13478684425354,6.084785461425781,6.226510763168335,6.866821527481079,1.6655947705145164,1.6276831807958676,0.9772384073306513,1.1028362093422166,174,103
14,"[1.00000000e+02 2.82755949e-17 0.00000000e+00 1.00000000e+00
 1.20000000e+01 2.92952851e+04 4.00000000e+01]","[1.00000000e+02 0.00000000e+00 0.00000000e+00 1.00000000e+00
 1.20000000e+01 2.92952851e+04 4.00000000e+01]",[ 46.       2.9145   0.       1.      12.     100.      40.    ],[100.     23.271   0.      1.     12.    100.     40.   ],"[0.93600976 0.91220323 1.         0.86086024 0.91761695 0.93143397
 0.87087132 0.90488373 0.87429385 0.91144776 0.98804933 0.96      ]","[0.93600976 0.91220323 1.         0.86086024 0.91761695 0.93143397
 0.87087132 0.90488373 0.87429385 0.91144776 0.98804933 0.96      ]","[[0.93600976 0.91220323 1.         0.86086024 0.91761695 0.93143397
  0.87087132 0.90488373 0.87429385 0.91144776 0.98804933 0.96      ]]","[0.78623074 0.76975434 1.         0.57896005 0.75845208 0.78257146
 0.58926879 0.74404642 0.63386819 0.73931321 0.95180386 0.95      ]",399.0,399.0,342.0855,375.729,0.0,-56.914499999999975,-56.914499999999975,-33.64349999999996,0.0,-0.14264285714285707,-0.14264285714285707,-0.08954193048713291,12.406265497207642,6.430298566818237,2.2681288719177246,12.82286024093628,1.9293451724351829,5.469823893524192,2.835067551246045,5.653497206309282,66,204
15,"[7.50103386e+00 5.08191923e+00 4.94499790e+01 1.00000000e+00
 1.80000000e+01 3.87629413e+04 6.40000000e+01]","[1.00000000e+02 4.63617899e+01 0.00000000e+00 1.00000000e+00
 1.80000000e+01 3.87629413e+04 6.40000000e+01]",[ 95.      1.926   0.      1.     18.    100.     64.   ],[  0.      23.2825   0.       1.      18.     100.      64.    ],"[0.95094323 0.83425807 1.         0.74975631 0.86190048 0.6366041
 0.74313676 0.78667944 0.75340444 0.86593767 0.68615997 0.73      ]","[0.84683783 0.8697313  1.         0.5899172  0.85387878 0.86268022
 0.63630099 0.75626218 0.73263843 0.85512504 0.98017865 0.91      ]","[0.91026201 0.83330204 1.         0.60782666 0.85038953 0.68907176
 0.60989284 0.82303064 0.76999633 0.89475874 0.69945508 0.85      ]","[0.84142329 0.71810308 1.         0.44544634 0.71520641 0.74187578
 0.46363903 0.6857781  0.55792054 0.76018528 0.85531753 0.84      ]",251.96913564061617,352.6382101010101,392.074,275.7175,100.66907446039392,39.435789898989924,140.10486435938384,116.35650000000004,0.3995293876150701,0.11183073407641755,0.5560397863935825,0.4220134739361849,9.707765102386475,6.186453819274902,6.362319231033325,0.9680867195129395,1.5691970531066368,1.5258217561663916,0.9723582854974318,0.15215940671303116,186,5
16,"[1.00000000e+02 0.00000000e+00 1.08585148e-16 2.00000000e+00
 1.60000000e+01 1.78289630e+03 3.20000000e+01]",[ 100.        0.        0.        2.       16.     1782.8963   32.    ],[ 96.     28.362   0.      2.     16.    100.     32.   ],[100.     30.616   0.      2.     16.    100.     32.   ],"[0.95725834 0.94654945 1.         0.9635309  0.95029993 0.95772682
 0.95836416 0.95226151 0.95552366 0.95452689 0.99348855 0.95      ]","[0.95725834 0.94654945 1.         0.9635309  0.95029993 0.95772682
 0.95836416 0.95226151 0.95552366 0.95452689 0.99348855 0.95      ]","[[0.80199056 0.74944139 1.         0.735612   0.72004126 0.79201598
  0.71194508 0.73232005 0.7616234  0.72219574 0.9253636  0.93      ]]","[0.78874015 0.74944139 1.         0.735612   0.72004126 0.7715317
 0.71194508 0.71833911 0.7616234  0.72219574 0.87965995 0.94      ]",398.0,398.0,365.638,367.384,0.0,-32.36200000000002,-32.36200000000002,-1.7460000000000377,0.0,-0.08131155778894478,-0.08131155778894478,-0.004752520523485067,11.971297979354858,6.39263391494751,5.968996524810791,12.731259107589722,1.8726706610499149,2.005579653061422,1.070972966456895,2.1328977248806966,174,202
17,"[1.00000000e+02 0.00000000e+00 0.00000000e+00 2.00000000e+00
 1.40000000e+01 2.53075699e+04 6.70000000e+01]","[1.00000000e+02 0.00000000e+00 0.00000000e+00 2.00000000e+00
 1.40000000e+01 2.53075699e+04 6.70000000e+01]",[ 55.       1.4734   0.       2.      14.     100.      67.    ],[  0.      17.0054   0.       2.      14.     100.      67.    ],"[0.95297475 0.89284387 1.         0.88753239 0.90696544 0.92533495
 0.87772869 0.89343146 0.87692475 0.91001651 0.84400558 0.98      ]","[0.95297475 0.89284387 1.         0.88753239 0.90696544 0.92533495
 0.87772869 0.89343146 0.87692475 0.91001651 0.84400558 0.98      ]","[[0.95297475 0.89284387 1.         0.88753239 0.90696544 0.92533495
  0.87772869 0.89343146 0.87692475 0.91001651 0.84400558 0.98      ]]","[0.82435973 0.75069205 1.         0.60618452 0.75191162 0.79445197
 0.58482742 0.7488974  0.61350863 0.75207973 0.7987783  0.89      ]",398.0,398.0,351.52660000000003,280.9946,0.0,-46.47339999999997,-46.47339999999997,70.53200000000004,0.0,-0.116767336683417,-0.116767336683417,0.25100838236749046,12.655033826828003,12.886524677276611,5.345845460891724,1.1304302215576172,0.9820362078802514,2.3672651817954082,2.4105681265105354,0.21145957731614892,138,5
18,"[1.00000000e+02 0.00000000e+00 0.00000000e+00 2.00000000e+00
 5.00000000e+00 1.08261176e+04 6.80000000e+01]","[1.00000000e+02 0.00000000e+00 0.00000000e+00 2.00000000e+00
 5.00000000e+00 1.08261176e+04 6.80000000e+01]",[ 16.       1.1115   0.       2.       5.     100.      68.    ],[100.     34.117   0.      2.      5.    100.     68.   ],"[0.97074721 0.92581112 1.         0.89803908 0.92677363 0.91301055
 0.89958997 0.93396402 0.90686563 0.94335093 0.97656882 0.94      ]","[0.97074721 0.92581112 1.         0.89803908 0.92677363 0.91301055
 0.89958997 0.93396402 0.90686563 0.94335093 0.97656882 0.94      ]","[[0.97074721 0.92581112 1.         0.89803908 0.92677363 0.91301055
  0.89958997 0.93396402 0.90686563 0.94335093 0.97656882 0.94      ]]","[0.87862141 0.73877466 1.         0.65411931 0.72795244 0.79206822
 0.65877959 0.780091   0.6977827  0.77437152 0.93931013 0.87      ]",398.0,398.0,312.8885,363.883,0.0,-85.11149999999998,-85.11149999999998,-50.99449999999996,0.0,-0.21384798994974868,-0.21384798994974868,-0.1401398251635827,12.889003276824951,12.6901113986969,5.83127498626709,12.875556468963623,1.0156729812591303,2.210323352470793,2.1762155666784144,2.2080173717216436,156,203
19,"[3.75727917e+01 5.39811992e+00 4.07469478e-02 4.00000000e+00
 4.00000000e+00 2.32563587e+04 8.70000000e+01]","[0.00000000e+00 5.48142626e+00 0.00000000e+00 4.00000000e+00
 4.00000000e+00 2.32563587e+04 8.70000000e+01]",[ 95.       6.9755   0.       4.       4.     100.      87.    ],[  0.     13.099   0.      4.      4.    100.     87.   ],"[0.94468001 0.75354384 1.         0.84838024 0.78210426 0.83232491
 0.82934005 0.80660629 0.85798076 0.81793901 0.95226467 0.97      ]","[0.92910492 0.74548411 1.         0.85621335 0.77901412 0.82756719
 0.83658438 0.82927003 0.83440995 0.81034879 0.95411623 0.98      ]","[[0.95361706 0.73541309 1.         0.77271924 0.7570672  0.8435823
  0.76983425 0.81107832 0.83920442 0.81793901 0.92358524 0.97      ]]","[0.82347932 0.7038271  1.         0.61416907 0.70415    0.70445851
 0.61749108 0.71296372 0.61870051 0.7036735  0.89716035 0.76      ]",328.1339248360243,290.51857373737374,384.0245,282.901,-37.615351098650535,93.50592626262625,55.89057516397571,101.12349999999998,-0.1146341424997362,0.3218586855212734,0.17032854860071375,0.357451900134676,9.06058382987976,0.3111891746520996,4.130273342132568,1.266345739364624,29.115999423852802,2.1937007745839754,0.07534348186539744,0.30660095215654093,126,7
20,"[1.00000000e+02 0.00000000e+00 0.00000000e+00 1.00000000e+00
 1.80000000e+01 3.58522946e+04 8.10000000e+01]","[1.00000000e+02 0.00000000e+00 0.00000000e+00 1.00000000e+00
 1.80000000e+01 3.58522946e+04 8.10000000e+01]",[ 55.       4.7105   0.       1.      18.     100.      81.    ],[  0.     13.417   0.      1.     18.    100.     81.   ],"[0.94287146 0.91613554 1.         0.82755832 0.87381827 0.87331241
 0.8391929  0.86420607 0.85035889 0.89978385 0.85934997 0.86      ]","[0.94287146 0.91613554 1.         0.82755832 0.87381827 0.87331241
 0.8391929  0.86420607 0.85035889 0.89978385 0.85934997 0.86      ]","[0.94287146 0.91613554 1.         0.82755832 0.87381827 0.87331241
 0.8391929  0.86420607 0.85035889 0.89978385 0.85934997 0.86      ]","[0.7643261  0.75818384 1.         0.5126999  0.7711491  0.77465014
 0.5307636  0.72633626 0.5483929  0.72526863 0.93519861 0.95      ]",399.0,399.0,349.2895,285.58299999999997,0.0,-49.710500000000025,-49.710500000000025,63.706500000000005,0.0,-0.12458771929824568,-0.12458771929824568,0.22307525307878975,10.420108556747437,6.2512366771698,6.834386110305786,0.8225760459899902,1.6668875447961862,1.5246590386566874,0.914674204277596,0.12035843932633568,180,5
21,"[ 100.            5.36435008    0.            4.            8.
 3392.6831       85.        ]","[ 100.            5.48142626    0.            4.            8.
 3392.6831       85.        ]",[ 85.       7.8765   0.       4.       8.     100.      85.    ],[  0.     12.417   0.      4.      8.    100.     85.   ],"[0.95343398 0.84058397 1.         0.90333446 0.8456612  0.90197236
 0.88891312 0.84294203 0.89806633 0.87716143 0.90172791 0.89      ]","[0.95343398 0.84058397 1.         0.91290009 0.8456612  0.90197236
 0.89989948 0.84294203 0.89806633 0.87716143 0.90172791 0.9       ]","[[0.95496916 0.82544209 1.         0.76781683 0.82630519 0.88803279
  0.75879049 0.83761684 0.84246224 0.86036336 0.79858589 0.9       ]]","[0.84165369 0.69005318 1.         0.54462772 0.6716319  0.71167177
 0.56567437 0.68385076 0.58676413 0.69603908 0.46467271 0.69      ]",390.6356499195098,390.51857373737374,373.1235,283.58299999999997,-0.11707618213603155,-17.395073737373764,-17.512149919509795,89.54050000000001,-0.0002997068551222988,-0.04454352470587497,-0.04482988156129161,0.3157470652331064,6.296942472457886,3.1444194316864014,0.624459981918335,0.2616465091705322,2.002577139997108,10.083820668722021,5.035421840846832,0.41899643971861367,72,6
22,"[4.14224426e+01 5.47841665e+00 2.72228863e+01 2.00000000e+00
 1.60000000e+01 3.62445212e+04 9.00000000e+01]","[0.00000000e+00 5.48142626e+00 0.00000000e+00 2.00000000e+00
 1.60000000e+01 3.62445212e+04 9.00000000e+01]",[ 95.    41.45   0.     2.    16.   100.    90.  ],[  0.   35.7   0.    2.   16.  100.   90. ],"[0.79779915 0.75308749 1.         0.52805611 0.7407764  0.83085085
 0.54031764 0.80858749 0.53544331 0.80475471 0.85231304 0.9       ]","[0.92812939 0.78498407 1.         0.77453184 0.75907495 0.86550306
 0.79480958 0.85004724 0.80260153 0.83579436 0.87070274 0.89      ]","[0.82363601 0.69946849 1.         0.55651899 0.70526239 0.79839717
 0.56366164 0.73178297 0.65408745 0.73431133 0.95145333 0.92      ]","[0.81718663 0.70051588 1.         0.54016946 0.7078451  0.76511655
 0.54322923 0.7177826  0.57352179 0.72146073 0.88513809 0.9       ]",306.7211397251085,292.51857373737374,351.55,262.3,-14.202565987734772,59.03142626262627,44.8288602748915,89.25,-0.04630449013218809,0.20180402737648143,0.14615510465000323,0.3402592451391536,2.2795355319976807,0.08148980140686035,1.9007186889648438,0.24347710609436035,27.973261594005727,1.1993018983988344,0.04287315207661833,0.1280973915329686,198,5
23,"[1.00000000e+02 0.00000000e+00 0.00000000e+00 1.00000000e+00
 2.00000000e+01 2.87725314e+04 3.40000000e+01]","[1.00000000e+02 0.00000000e+00 0.00000000e+00 1.00000000e+00
 2.00000000e+01 2.87725314e+04 3.40000000e+01]",[  1.      8.389   0.      1.     20.    100.     34.   ],[100.     27.389   0.      1.     20.    100.     34.   ],"[0.9323756  0.9184008  1.         0.86087176 0.92741268 0.92529166
 0.85942007 0.90015547 0.85378789 0.89855571 0.96429962 0.94      ]","[0.9323756  0.9184008  1.         0.86087176 0.92741268 0.92529166
 0.85942007 0.90015547 0.85378789 0.89855571 0.96429962 0.94      ]","[[0.92319303 0.81096978 1.         0.72522691 0.8174223  0.86472105
  0.72609264 0.80657523 0.77755858 0.81717798 0.96582097 0.88      ]]","[0.79520461 0.76664458 1.         0.5615235  0.75999301 0.79528341
 0.56873968 0.73367604 0.60965922 0.74751755 0.82802945 0.8       ]",399.0,399.0,291.611,371.611,0.0,-107.38900000000001,-107.38900000000001,-80.0,0.0,-0.26914536340852135,-0.26914536340852135,-0.2152788803345434,2.806737184524536,2.1862103939056396,0.2805216312408447,1.6839430332183838,1.283836721455858,10.005421585883989,7.793375449284502,6.002899048354019,54,104
24,"[1.00000000e+02 0.00000000e+00 0.00000000e+00 4.00000000e+00
 1.00000000e+00 3.48894681e+04 2.40000000e+01]","[1.00000000e+02 0.00000000e+00 0.00000000e+00 4.00000000e+00
 1.00000000e+00 3.48894681e+04 2.40000000e+01]",[ 96.      6.936   0.      4.      1.    100.     24.   ],[100.     34.117   0.      4.      1.    100.     24.   ],"[0.93739814 0.90577516 1.         0.86331603 0.90253967 0.91261004
 0.84950536 0.92630276 0.90609005 0.93103513 0.99167353 0.94      ]","[0.93739814 0.90577516 1.         0.86331603 0.90253967 0.91261004
 0.84950536 0.92630276 0.90609005 0.93103513 0.99167353 0.94      ]","[0.94911631 0.7834249  1.         0.72769581 0.7743127  0.86976303
 0.73005383 0.84973959 0.85025856 0.85850245 0.9928807  0.94      ]","[0.75213764 0.76453493 1.         0.61256148 0.78389923 0.85196968
 0.61429056 0.74035216 0.63573748 0.73543859 0.83422142 0.77      ]",396.0,396.0,385.064,361.883,0.0,-10.935999999999979,-10.935999999999979,23.18100000000004,0.0,-0.027616161616161563,-0.027616161616161563,0.06405661498329582,3.1695268154144287,3.2245216369628906,1.1350901126861572,3.3718252182006836,0.9829448123659482,2.7923129450170587,2.840762685644539,2.9705352733813872,162,203
25,"[1.00000000e+02 5.36435048e+00 0.00000000e+00 1.00000000e+00
 1.90000000e+01 1.70273487e+04 9.30000000e+01]","[1.00000000e+02 5.48142626e+00 0.00000000e+00 1.00000000e+00
 1.90000000e+01 1.70273487e+04 9.30000000e+01]",[ 95.       9.6194   0.       1.      19.     100.      93.    ],[  0.      34.8589   0.       1.      19.     100.      93.    ],"[0.94827513 0.88952519 1.         0.8807107  0.87013628 0.91415217
 0.87926567 0.90137763 0.86316624 0.90533313 0.84338844 0.82      ]","[0.94827513 0.88952519 1.         0.8807107  0.87013628 0.91415217
 0.87926567 0.90137763 0.86316624 0.90533313 0.84338844 0.84      ]","[[0.91386011 0.86889491 1.         0.78304271 0.85514543 0.88698314
  0.77829605 0.87357699 0.7705171  0.8854691  0.94299001 0.96      ]]","[0.88465055 0.72156218 1.         0.56044306 0.70256457 0.7461081
 0.5614785  0.64137201 0.59715227 0.72243729 0.7319203  0.88      ]",393.6356495244495,393.51857373737374,384.3806,264.1411,-0.1170757870757484,-9.137973737373727,-9.255049524449475,120.23950000000002,-0.00029742170765576604,-0.023221200591848616,-0.02351171581037054,0.45520935590864137,7.950822353363037,1.7333223819732666,1.6961705684661865,0.22596502304077148,4.587041877525161,4.687513450108269,1.0219033475746933,0.13322069563151728,186,5
26,"[1.00000000e+02 0.00000000e+00 0.00000000e+00 2.00000000e+00
 1.20000000e+01 2.25222819e+04 1.90000000e+01]","[1.00000000e+02 0.00000000e+00 0.00000000e+00 2.00000000e+00
 1.20000000e+01 2.25222819e+04 1.90000000e+01]",[  1.       6.2063   0.       2.      12.     100.      19.    ],[100.      31.2063   0.       2.      12.     100.      19.    ],"[0.94496304 0.89893946 1.         0.87273753 0.91051495 0.92630275
 0.87505124 0.915226   0.86527803 0.91705539 0.92041057 0.91      ]","[0.94496304 0.89893946 1.         0.87273753 0.91051495 0.92630275
 0.87505124 0.915226   0.86527803 0.91705539 0.92041057 0.91      ]","[[0.9363218  0.78498826 1.         0.75637543 0.81386394 0.88953592
  0.76185214 0.83495488 0.80740933 0.83394924 0.92917156 0.92      ]]","[0.82170309 0.73576073 1.         0.59247257 0.7297951  0.77103536
 0.59455597 0.73907974 0.63147496 0.7275164  0.8352896  0.89      ]",398.0,398.0,292.7937,366.7937,0.0,-105.2063,-105.2063,-74.0,0.0,-0.26433743718592967,-0.26433743718592967,-0.20174828520773394,4.04641580581665,3.6108975410461426,0.3008899688720703,1.8668172359466553,1.1206121912404998,13.448157879723365,12.000724233453564,6.204318618346402,60,103
27,"[6.07195266e-03 5.40976433e+00 2.09916439e-01 3.00000000e+00
 2.20000000e+01 3.46651032e+04 8.70000000e+01]","[1.00000000e+02 5.48142626e+00 0.00000000e+00 3.00000000e+00
 2.20000000e+01 3.46651032e+04 8.70000000e+01]",[ 96.      5.502   0.      3.     22.    100.     87.   ],[100.     13.417   0.      3.     22.    100.     87.   ],"[0.89692271 0.83795246 1.         0.77895034 0.83527222 0.82365652
 0.78892165 0.82582367 0.77512408 0.79856051 0.9417578  0.88      ]","[0.91772898 0.83257793 1.         0.76435826 0.82633821 0.81486429
 0.77345465 0.80281122 0.79393254 0.80650987 0.95361251 0.89      ]","[0.91772898 0.83257793 1.         0.76435826 0.82633821 0.81486429
 0.77345465 0.78308003 0.79393254 0.80650987 0.95361251 0.89      ]","[0.82041795 0.70903528 1.         0.54344347 0.69264054 0.73956273
 0.53354884 0.67912724 0.58234493 0.6820669  0.90015101 0.93      ]",291.3863911888987,391.51857373737374,387.498,383.58299999999997,100.13218254847504,-4.020573737373752,96.11160881110129,3.9150000000000205,0.34364055967034435,-0.010269177523288353,0.32984247623559904,0.010206396008165171,8.814226627349854,6.105036020278931,2.2483067512512207,12.565335750579834,1.443763246944306,3.9203843614509397,2.7153928247919796,5.588799545963651,198,203
28,"[1.00000000e+02 6.28857389e-17 0.00000000e+00 1.00000000e+00
 1.00000000e+00 1.55094941e+04 4.90000000e+01]","[1.00000000e+02 0.00000000e+00 0.00000000e+00 1.00000000e+00
 1.00000000e+00 1.55094941e+04 4.90000000e+01]",[  1.       5.4403  11.       1.       1.     100.      49.    ],[100.       7.0233   1.       1.       1.     100.      49.    ],"[0.95288603 0.94193721 1.         0.89413126 0.94718499 0.95266019
 0.89210287 0.94769293 0.90106959 0.94915423 0.99781799 0.96      ]","[0.95288603 0.94193721 1.         0.89413126 0.94718499 0.95266019
 0.89210287 0.94769293 0.90106959 0.94915423 0.99781799 0.96      ]","[[0.89374984 0.88397305 1.         0.82889376 0.89286272 0.91582218
  0.82217705 0.90777986 0.85631739 0.89584129 0.99663949 0.97      ]]","[0.59846468 0.85041656 1.         0.44647873 0.85574065 0.92199907
 0.43831611 0.89720721 0.46488761 0.89584129 0.99810553 0.97      ]",399.0,399.0,283.5597,390.9767,0.0,-115.44029999999998,-115.44029999999998,-107.41699999999997,0.0,-0.2893240601503759,-0.2893240601503759,-0.2747401571500296,8.37141752243042,24.559376001358032,0.5983066558837891,6.726501226425171,0.3408644226941073,13.991850901381959,41.048141049141655,11.24256459505555,12,102
29,"[1.00000000e+02 0.00000000e+00 6.58160301e-17 1.00000000e+00
 1.40000000e+01 1.14827749e+04 8.00000000e+00]","[1.00000000e+02 0.00000000e+00 0.00000000e+00 1.00000000e+00
 1.40000000e+01 1.14827749e+04 8.00000000e+00]",[  0.       5.4945   0.       1.      14.     100.       8.    ],[  0.       6.8725   0.       1.      14.     100.       8.    ],"[0.94486238 0.92125189 1.         0.89803509 0.92022092 0.93034761
 0.89671442 0.9298818  0.90211411 0.90348063 0.99207556 0.89      ]","[0.94486238 0.92125189 1.         0.89803509 0.92022092 0.93034761
 0.89671442 0.9298818  0.90211411 0.90348063 0.99207556 0.89      ]","[[0.90483772 0.87351456 1.         0.85339138 0.85179388 0.89474916
  0.8507514  0.86190162 0.85330298 0.82927766 0.9848941  0.94      ]]","[0.919664   0.86240252 1.         0.8023017  0.83474341 0.89474916
 0.79956588 0.86190162 0.84787679 0.82927766 0.99482048 0.96      ]",399.0,399.0,293.5055,292.1275,0.0,-105.49450000000002,-105.49450000000002,1.377999999999986,0.0,-0.26439724310776946,-0.26439724310776946,0.004717118381528565,8.853637933731079,12.64769458770752,0.3965334892272949,0.7923777103424072,0.7000199026260533,22.327591929205582,31.895653031357963,1.998261765699725,6,5
30,"[6.80343224e+01 5.09133075e+00 3.44811847e+01 3.00000000e+00
 1.30000000e+01 3.85816149e+04 5.30000000e+01]","[1.00000000e+02 0.00000000e+00 0.00000000e+00 3.00000000e+00
 1.30000000e+01 3.85816149e+04 5.30000000e+01]",[ 96.      2.773   0.      3.     13.    100.     53.   ],[100.      24.1295   0.       3.      13.     100.      53.    ],"[0.92406742 0.83973913 1.         0.8391522  0.86985475 0.79693467
 0.85141729 0.83940434 0.75828013 0.88167564 0.94635683 0.87      ]","[0.91910152 0.83880861 1.         0.71624465 0.85889828 0.82067877
 0.74985557 0.87238407 0.77884837 0.90747483 0.93801665 0.89      ]","[0.91910152 0.83880861 1.         0.71624465 0.85889828 0.82067877
 0.74985557 0.87238407 0.77884837 0.90747483 0.93801665 0.89      ]","[0.85795479 0.75432414 1.         0.55362501 0.76257059 0.76322687
 0.58410677 0.70605569 0.63250831 0.75016022 0.89669645 0.9       ]",325.46180703280993,397.0,390.227,372.8705,71.53819296719007,-6.773000000000025,64.76519296719005,17.356499999999983,0.21980518580473032,-0.01706045340050384,0.1989947562746158,0.046548332463951916,11.696775674819946,6.346951484680176,4.530022382736206,12.534952878952026,1.8428966572460495,2.582056927443901,1.4010861202073168,2.7670840936067767,186,203
31,"[1.00000000e+02 0.00000000e+00 0.00000000e+00 4.00000000e+00
 2.10000000e+01 1.90082481e+04 6.10000000e+01]","[1.00000000e+02 0.00000000e+00 0.00000000e+00 4.00000000e+00
 2.10000000e+01 1.90082481e+04 6.10000000e+01]",[ 95.       8.2806   0.       4.      21.     100.      61.    ],[  0.      19.3046   0.       4.      21.     100.      61.    ],"[0.93293452 0.94793881 1.         0.89851614 0.94693772 0.89521373
 0.90099729 0.83569903 0.88926026 0.81824277 0.99134582 0.93      ]","[0.93293452 0.94793881 1.         0.89851614 0.94693772 0.89521373
 0.90099729 0.83569903 0.88926026 0.81824277 0.99134582 0.93      ]","[[0.91946113 0.87377407 1.         0.79015637 0.85874403 0.824848
  0.79100985 0.81271597 0.83102187 0.79219161 0.98854989 0.91      ]]","[0.7808866  0.77440421 1.         0.5713628  0.78131123 0.75251315
 0.55793467 0.76562412 0.56809157 0.75751985 0.90616041 0.83      ]",396.0,396.0,382.7194,276.6954,0.0,-13.280599999999993,-13.280599999999993,106.024,0.0,-0.03353686868686867,-0.03353686868686867,0.38317948184176537,11.363754749298096,11.770009279251099,5.585508584976196,0.805469274520874,0.9654839244120925,2.0345067197397433,2.1072403882629174,0.1442069709976655,162,5
32,"[1.00000000e+02 0.00000000e+00 0.00000000e+00 3.00000000e+00
 8.00000000e+00 2.79141566e+04 6.50000000e+01]","[1.00000000e+02 0.00000000e+00 0.00000000e+00 3.00000000e+00
 8.00000000e+00 2.79141566e+04 6.50000000e+01]",[ 95.      46.8966   0.       3.       8.     100.      65.    ],[  0.      33.3061   0.       3.       8.     100.      65.    ],"[0.95679399 0.89284387 1.         0.87550943 0.90696544 0.92148027
 0.87072132 0.83587097 0.89051534 0.86485211 0.93451351 0.98      ]","[0.95679399 0.89284387 1.         0.87550943 0.90696544 0.92148027
 0.87072132 0.83587097 0.89051534 0.86485211 0.93451351 0.98      ]","[[0.8345164  0.81850301 1.         0.58854746 0.75285733 0.83216406
  0.61720926 0.77833366 0.66318505 0.77254876 0.86255819 0.87      ]]","[0.79398212 0.72461662 1.         0.5539232  0.72107067 0.78085701
 0.55457388 0.73181222 0.58601953 0.72381214 0.49259263 0.91      ]",397.0,397.0,345.10339999999997,263.6939,0.0,-51.896600000000035,-51.896600000000035,81.40949999999998,0.0,-0.1307219143576827,-0.1307219143576827,0.3087272781054093,12.319283723831177,12.022953510284424,5.518512964248657,1.1972599029541016,1.0246470397887901,2.2323556732838883,2.1786581979918105,0.21695335513579025,186,5
33,"[1.96745715e+01 5.16967528e+00 5.06741798e+01 1.00000000e+00
 1.90000000e+01 3.84505759e+04 4.00000000e+00]","[1.00000000e+02 0.00000000e+00 0.00000000e+00 1.00000000e+00
 1.90000000e+01 3.84505759e+04 4.00000000e+00]",[  0.       4.3958   0.       1.      19.     100.       4.    ],[  0.       5.7738   0.       1.      19.     100.       4.    ],"[0.87642957 0.92368696 1.         0.82012233 0.94196245 0.89902033
 0.81133447 0.87794437 0.72185599 0.88633779 0.94094539 0.76      ]","[0.85319028 0.88151031 1.         0.59601958 0.91753039 0.88108163
 0.6200099  0.8630667  0.72938783 0.87851924 0.93814898 0.78      ]","[0.76780092 0.90489025 1.         0.5995023  0.92744706 0.89049552
 0.60849286 0.8630667  0.66834224 0.87851924 0.95340008 0.81      ]","[0.79867404 0.81451658 1.         0.37582691 0.85764376 0.8389703
 0.38857426 0.74139744 0.54472051 0.76433869 0.91637927 0.9       ]",262.83071641585275,399.0,294.6042,293.2262,136.16928358414725,-104.39580000000001,31.773483584147243,1.377999999999986,0.5180874040943494,-0.2616436090225564,0.12088953687541983,0.004699443637710361,8.499517440795898,5.906794309616089,18.618398427963257,0.7210900783538818,1.4389391259077589,0.45651173884163654,0.317255768935774,0.038729973533645386,1002,4
34,"[1.00000000e+02 0.00000000e+00 7.78570933e-17 2.00000000e+00
 0.00000000e+00 2.89372144e+04 1.40000000e+01]","[1.00000000e+02 0.00000000e+00 0.00000000e+00 2.00000000e+00
 0.00000000e+00 2.89372144e+04 1.40000000e+01]",[  0.       3.4417   0.       2.       0.     100.      14.    ],[  0.       5.3832   0.       2.       0.     100.      14.    ],"[0.96407478 0.90869723 1.         0.89861012 0.88899851 0.93686012
 0.90177199 0.93298289 0.91403556 0.94122629 0.98863912 1.        ]","[0.96407478 0.90869723 1.         0.89861012 0.88899851 0.93686012
 0.90177199 0.93298289 0.91403556 0.94122629 0.98863912 1.        ]","[[0.93727524 0.91478925 1.         0.89833975 0.88874301 0.93686012
  0.90054054 0.93298289 0.90810434 0.94122629 0.98764068 0.97      ]]","[0.9558663  0.82956664 1.         0.84582898 0.77448114 0.90481906
 0.84871711 0.87850485 0.87066285 0.87800758 0.97717059 0.97      ]",398.0,398.0,294.55830000000003,292.6168,0.0,-103.44169999999997,-103.44169999999997,1.941500000000019,0.0,-0.259903768844221,-0.259903768844221,0.006634957391373356,8.069878816604614,11.866201877593994,0.34529995918273926,0.7444784641265869,0.6800726045157149,23.370633566550413,34.36490958666513,2.1560340345496387,6,4
35,[100.   0.   0.   3.   1. 100.  29.],[100.   0.   0.   3.   1. 100.  29.],[  1.       5.0957   0.       3.       1.     100.      29.    ],[  1.       5.0957   0.       3.       1.     100.      29.    ],"[0.97855204 0.96630189 0.99864504 0.97801328 0.97378467 0.97865853
 0.97304078 0.97463949 0.9802879  0.98042331 0.92674208 0.83      ]","[0.97855204 0.96630189 0.99864504 0.97801328 0.97378467 0.97865853
 0.97304078 0.97463949 0.9802879  0.98042331 0.92674208 0.83      ]","[[0.94741215 0.91870953 1.         0.88344224 0.9150044  0.92745025
  0.87123699 0.94701466 0.90465611 0.94866742 0.98008358 0.94      ]]","[0.98495358 0.96630189 0.99894474 0.97801328 0.97378467 0.97865853
 0.97304078 0.97463949 0.9802879  0.98042331 0.92674208 0.83      ]",397.0,397.0,291.90430000000003,292.90430000000003,0.0,-105.09569999999997,-105.09569999999997,-1.0,0.0,-0.264724685138539,-0.264724685138539,-0.003414084395483439,9.721191167831421,11.4369215965271,0.18175101280212402,0.9037075042724609,0.8499831957214193,53.48631084887035,62.9263156237743,4.972228161701335,0,0
36,"[1.00000000e+02 0.00000000e+00 7.58578368e-17 3.00000000e+00
 3.00000000e+00 3.17454590e+03 5.60000000e+01]","[1.0000000e+02 0.0000000e+00 0.0000000e+00 3.0000000e+00 3.0000000e+00
 3.1745459e+03 5.6000000e+01]",[ 56.       5.4681   0.       3.       3.     100.      56.    ],[100.      40.4681   0.       3.       3.     100.      56.    ],"[0.94553808 0.95287404 1.         0.92175561 0.95861998 0.96654906
 0.92125079 0.96537986 0.9062962  0.96792966 0.99612325 0.86      ]","[0.94553808 0.95287404 1.         0.92175561 0.95861998 0.96654906
 0.92125079 0.96537986 0.9062962  0.96792966 0.99612325 0.86      ]","[[0.94726552 0.90349988 1.         0.88587913 0.91022897 0.94887308
  0.88420518 0.93623952 0.86822491 0.93948099 0.99174994 0.85      ]]","[0.77636532 0.83076378 1.         0.5405227  0.82080591 0.83674874
 0.56647998 0.75169925 0.51193265 0.74996861 0.95304245 0.9       ]",397.0,397.0,347.5319,356.5319,0.0,-49.46809999999999,-49.46809999999999,-9.0,0.0,-0.12460478589420652,-0.12460478589420652,-0.02524318300830865,12.065502405166626,11.644991159439087,4.920247316360474,11.953832149505615,1.036110911547295,2.4522146204007336,2.3667491511489573,2.4295185548412457,138,203
37,"[2.25718923e+01 5.08632922e+00 5.85821778e+01 1.00000000e+00
 2.20000000e+01 2.43065538e+04 3.40000000e+01]","[1.00000000e+02 0.00000000e+00 0.00000000e+00 1.00000000e+00
 2.20000000e+01 2.43065538e+04 3.40000000e+01]",[  1.      1.733   0.      1.     22.    100.     34.   ],[100.     46.733   0.      1.     22.    100.     34.   ],"[0.84196115 0.95213686 1.         0.83162456 0.95523285 0.913947
 0.84733406 0.91216608 0.78395989 0.9151669  0.79081994 0.93      ]","[0.92383255 0.95167226 1.         0.85988735 0.95105966 0.92529166
 0.87505786 0.90792051 0.84998463 0.91273467 0.76432002 0.95      ]","[[0.92383255 0.95167226 1.         0.85988735 0.95105966 0.92529166
  0.87505786 0.90792051 0.84998463 0.91273467 0.76432002 0.95      ]]","[0.78907343 0.82156048 1.         0.51817154 0.79790453 0.83002535
 0.57931316 0.7822415  0.63085221 0.79919731 0.76938123 0.86      ]",257.90338520660214,399.0,298.267,352.267,141.09661479339786,-100.733,40.36361479339786,-54.0,0.5470909762598413,-0.25246365914786967,0.15650672735863175,-0.15329281482511845,7.904303312301636,5.4991679191589355,0.9626567363739014,6.531841993331909,1.4373635118075374,8.21092608989084,5.712490975623347,6.785224417517507,48,102
38,"[1.00000000e+02 0.00000000e+00 3.01611345e-17 4.00000000e+00
 7.00000000e+00 2.83739979e+04 7.60000000e+01]","[1.00000000e+02 0.00000000e+00 0.00000000e+00 4.00000000e+00
 7.00000000e+00 2.83739979e+04 7.60000000e+01]",[ 36.      3.919   0.      4.      7.    100.     76.   ],[100.     13.417   0.      4.      7.    100.     76.   ],"[0.95541988 0.90166299 1.         0.88039545 0.89123261 0.9071232
 0.86315538 0.8806505  0.89374466 0.90652764 0.97421253 0.95      ]","[0.95541988 0.90166299 1.         0.88039545 0.89123261 0.9071232
 0.86315538 0.8806505  0.89374466 0.90652764 0.97421253 0.95      ]","[[0.95541988 0.90166299 1.         0.88039545 0.89123261 0.9071232
  0.86315538 0.8806505  0.89374466 0.90652764 0.97421253 0.95      ]]","[0.85454747 0.69388336 1.         0.59734756 0.69600611 0.7557605
 0.60733392 0.73455738 0.66710214 0.7243991  0.89752126 0.92      ]",396.0,396.0,328.081,382.58299999999997,0.0,-67.91899999999998,-67.91899999999998,-54.50199999999995,0.0,-0.17151262626262623,-0.17151262626262623,-0.14245797643909938,10.383554458618164,5.878178596496582,5.7787675857543945,11.975010871887207,1.766457804600698,1.7968458333945323,1.0172028047965196,2.072243033515929,156,203
39,"[1.00000000e+02 4.84046583e-16 0.00000000e+00 4.00000000e+00
 1.00000000e+01 1.05748418e+04 1.80000000e+01]","[1.00000000e+02 0.00000000e+00 0.00000000e+00 4.00000000e+00
 1.00000000e+01 1.05748418e+04 1.80000000e+01]",[ 96.      9.086   0.      4.     10.    100.     18.   ],[100.     24.244   0.      4.     10.    100.     18.   ],"[0.89657414 0.91493242 1.         0.89838379 0.920296   0.89167368
 0.89358385 0.91299523 0.89001155 0.88704731 0.99586809 0.89      ]","[0.89657414 0.91493242 1.         0.89838379 0.920296   0.89167368
 0.89358385 0.91299523 0.89001155 0.88704731 0.99586809 0.89      ]","[[0.7436178  0.80090911 1.         0.69548454 0.80021178 0.80809745
  0.70635447 0.78719444 0.73599155 0.78485445 0.87792557 0.92      ]]","[0.68110723 0.73916123 1.         0.57116705 0.7232411  0.76553507
 0.58502306 0.73251128 0.60757777 0.72577113 0.78317636 0.9       ]",396.0,396.0,382.914,371.756,0.0,-13.086000000000013,-13.086000000000013,11.158000000000015,0.0,-0.03304545454545458,-0.03304545454545458,0.03001431046170073,10.859200239181519,10.88138461112976,4.726865291595459,11.727439880371094,0.997961254680259,2.2973365157009185,2.302029768116571,2.4810184248793625,174,203
40,"[1.0000000e+02 0.0000000e+00 0.0000000e+00 1.0000000e+00 7.0000000e+00
 6.4641893e+03 3.0000000e+00]","[1.0000000e+02 0.0000000e+00 0.0000000e+00 1.0000000e+00 7.0000000e+00
 6.4641893e+03 3.0000000e+00]",[  0.       4.9728   0.       1.       7.     100.       3.    ],[  0.       5.7643   0.       1.       7.     100.       3.    ],"[0.95434543 0.86689151 1.         0.85027804 0.87076205 0.92204889
 0.8407245  0.92763567 0.89009467 0.90543902 0.97547388 0.84      ]","[0.95434543 0.86689151 1.         0.85027804 0.87076205 0.92204889
 0.8407245  0.92763567 0.89009467 0.90543902 0.97547388 0.84      ]","[[0.92088359 0.89314392 1.         0.84990032 0.88428887 0.92204889
  0.83886447 0.92763567 0.88240331 0.90543902 0.98343408 0.86      ]]","[0.93317438 0.7935843  1.         0.70737424 0.78509511 0.88426679
 0.69159543 0.85804876 0.82177823 0.83288333 0.9487592  0.87      ]",399.0,399.0,294.0272,293.2357,0.0,-104.9728,-104.9728,0.791499999999985,0.0,-0.263089724310777,-0.263089724310777,0.002699193856682474,10.211450338363647,6.057435512542725,0.36409807205200195,1.1228480339050293,1.6857712009016825,28.04587863048395,16.63682391506203,3.083916450248766,6,4
41,"[1.00000000e+02 8.03559961e-17 0.00000000e+00 4.00000000e+00
 1.30000000e+01 2.18295496e+04 3.00000000e+01]","[1.00000000e+02 0.00000000e+00 0.00000000e+00 4.00000000e+00
 1.30000000e+01 2.18295496e+04 3.00000000e+01]",[ 25.       6.8589   0.       4.      13.     100.      30.    ],[  0.      32.0984   0.       4.      13.     100.      30.    ],"[0.92707247 0.91472652 1.         0.88416654 0.92442179 0.92641543
 0.875908   0.91616679 0.88736385 0.91690574 0.99382484 0.95      ]","[0.92707247 0.91472652 1.         0.88416654 0.92442179 0.92641543
 0.875908   0.91616679 0.88736385 0.91690574 0.99382484 0.95      ]","[[0.91587235 0.80411835 1.         0.73768413 0.82017625 0.88951772
  0.74590804 0.8356947  0.8225792  0.83367685 0.98496324 0.97      ]]","[0.73757193 0.74887524 1.         0.56223102 0.75335951 0.78162973
 0.57029431 0.75329865 0.57311826 0.74036265 0.88220167 0.87      ]",396.0,396.0,314.1411,263.90160000000003,0.0,-81.8589,-81.8589,50.239499999999964,0.0,-0.20671439393939395,-0.20671439393939395,0.190372093234751,10.637140989303589,12.02222490310669,5.055805444717407,1.1304025650024414,0.8847897186281071,2.103945870863737,2.377904971732683,0.22358506025653146,162,5
42,"[1.0000000e+02 0.0000000e+00 0.0000000e+00 3.0000000e+00 1.1000000e+01
 1.3500251e+04 4.7000000e+01]","[1.0000000e+02 0.0000000e+00 0.0000000e+00 3.0000000e+00 1.1000000e+01
 1.3500251e+04 4.7000000e+01]",[  0.       3.4218   0.       3.      11.     100.      47.    ],[100.       8.2463   0.       3.      11.     100.      47.    ],"[0.93798247 0.93497076 1.         0.89064732 0.94301811 0.93347884
 0.89641552 0.93893499 0.89795394 0.93802569 0.98039228 0.89      ]","[0.93798247 0.93497076 1.         0.89064732 0.94301811 0.93347884
 0.89641552 0.93893499 0.89795394 0.93802569 0.98039228 0.89      ]","[[0.89386145 0.93231119 1.         0.89656303 0.9420409  0.92959635
  0.90115193 0.93766125 0.87984124 0.93743547 0.98197997 0.94      ]]","[0.92377569 0.85924789 1.         0.77048849 0.85563459 0.88446189
 0.78247855 0.88459102 0.84517441 0.89734411 0.98683536 0.95      ]",397.0,397.0,293.5782,388.7537,0.0,-103.42180000000002,-103.42180000000002,-95.1755,0.0,-0.2605083123425693,-0.2605083123425693,-0.24482210715936595,8.379839181900024,15.947624444961548,0.6239278316497803,3.2540347576141357,0.5254600276561898,13.430782787397357,25.560046588710566,5.215402475330949,18,104
43,"[1.00000000e+02 0.00000000e+00 0.00000000e+00 1.00000000e+00
 1.90000000e+01 1.50102394e+04 2.80000000e+01]","[1.00000000e+02 0.00000000e+00 0.00000000e+00 1.00000000e+00
 1.90000000e+01 1.50102394e+04 2.80000000e+01]",[  1.       5.2059   0.       1.      19.     100.      28.    ],[100.      44.2059   0.       1.      19.     100.      28.    ],"[0.9304091  0.93313136 1.         0.88268077 0.93596968 0.93667189
 0.88198206 0.91877079 0.87104396 0.91273529 0.88179451 0.89      ]","[0.9304091  0.93313136 1.         0.88268077 0.93596968 0.93667189
 0.88198206 0.91877079 0.87104396 0.91273529 0.88179451 0.89      ]","[[0.92951747 0.93429414 1.         0.74622091 0.9205081  0.88736208
  0.74217094 0.85303408 0.83848108 0.8314915  0.81729603 0.91      ]]","[0.81594041 0.74188522 1.         0.57999605 0.70734919 0.81971804
 0.5977786  0.7823131  0.64167845 0.77509017 0.88991261 0.86      ]",399.0,399.0,294.7941,354.7941,0.0,-104.20589999999999,-104.20589999999999,-60.0,0.0,-0.26116766917293227,-0.26116766917293227,-0.16911216956539019,6.658028841018677,8.419414520263672,1.0227534770965576,3.934875249862671,0.7907947547889786,6.509905847418689,8.232105496395002,3.8473350010338625,60,104
44,"[1.32855063e-01 5.47133036e+00 1.39165562e-01 2.00000000e+00
 1.50000000e+01 3.11487069e+04 8.20000000e+01]","[1.00000000e+02 5.48142626e+00 0.00000000e+00 2.00000000e+00
 1.50000000e+01 3.11487069e+04 8.20000000e+01]",[100.  38.   0.   2.  15. 100.  82.],[100.   17.3   0.    2.   15.  100.   82. ],"[0.9057305  0.80160253 1.         0.80768263 0.79319673 0.88222433
 0.82004188 0.82081287 0.80062294 0.81615373 0.93961483 0.95      ]","[0.92603194 0.78730277 1.         0.79448683 0.78592594 0.88345877
 0.80920781 0.79372188 0.82419309 0.81615373 0.89207113 0.98      ]","[0.80660832 0.75980817 1.         0.60445334 0.77325458 0.8616728
 0.58454963 0.78265511 0.66974823 0.76517187 0.91359138 0.95      ]","[0.83957508 0.73161165 1.         0.59759712 0.73628152 0.78231903
 0.59698833 0.74835844 0.66521    0.74154468 0.83201104 0.94      ]",292.5223591451602,392.51857373737374,360.0,380.7,99.99621459221356,-32.51857373737374,67.47764085483982,-20.69999999999999,0.34184126944837,-0.08284594898974453,0.23067515608731629,-0.054373522458628816,5.216410398483276,3.6479272842407227,3.247103452682495,6.588145017623901,1.4299655645600449,1.606481122174872,1.1234404254127164,2.028929818106444,162,203
45,"[1.00000000e+02 6.33081009e-17 0.00000000e+00 1.00000000e+00
 1.70000000e+01 3.53118877e+04 2.30000000e+01]","[1.00000000e+02 0.00000000e+00 0.00000000e+00 1.00000000e+00
 1.70000000e+01 3.53118877e+04 2.30000000e+01]",[  0.       4.7105   0.       1.      17.     100.      23.    ],[100.     13.417   0.      1.     17.    100.     23.   ],"[0.93566677 0.87415991 1.         0.82958898 0.90355146 0.88889096
 0.83671614 0.91399757 0.84285685 0.91039337 0.84452629 0.86      ]","[0.93566677 0.87415991 1.         0.82958898 0.90355146 0.88889096
 0.83671614 0.91399757 0.84285685 0.91039337 0.84452629 0.86      ]","[0.89009133 0.90604032 1.         0.83206773 0.91494657 0.89775838
 0.84005156 0.91399757 0.83924578 0.91039337 0.86493993 0.86      ]","[0.80709347 0.70193249 1.         0.53613293 0.7559108  0.80441358
 0.5425129  0.77897626 0.5907672  0.76427332 0.8750121  0.87      ]",399.0,399.0,294.2895,385.583,0.0,-104.71050000000002,-104.71050000000002,-91.29350000000005,0.0,-0.26243233082706774,-0.26243233082706774,-0.23676744047325748,5.779956579208374,3.6095263957977295,0.6927509307861328,3.900954246520996,1.6013060843487654,8.343484392939446,5.2104244619370546,5.631106467217877,48,103
46,"[3.65346969e+01 5.17290072e+00 3.02901206e+00 1.00000000e+00
 7.00000000e+00 3.96497166e+04 9.00000000e+00]","[1.00000000e+02 0.00000000e+00 0.00000000e+00 1.00000000e+00
 7.00000000e+00 3.96497166e+04 9.00000000e+00]",[ 96.      18.9575   0.       1.       7.     100.       9.    ],[100.     13.417   0.      1.      7.    100.      9.   ],"[0.97106722 0.90791724 1.         0.89202417 0.83622136 0.81251681
 0.89506984 0.83256851 0.82279506 0.79164988 0.97280562 0.77      ]","[0.96158422 0.9073389  1.         0.7614527  0.82804549 0.8477978
 0.74057837 0.84728655 0.73721964 0.82577264 0.97332871 0.78      ]","[0.9203152  0.76040433 1.         0.64909022 0.67039989 0.86592898
 0.63744687 0.76457034 0.69142947 0.76920418 0.99685317 0.88      ]","[0.92200886 0.76976334 1.         0.65346141 0.62842658 0.82577586
 0.63744687 0.7179299  0.67906341 0.71145232 0.99218118 0.83      ]",327.3327840725602,399.0,376.0425,385.583,71.66721592743983,-22.957499999999982,48.709715927439845,-9.540500000000009,0.21894298223288652,-0.05753759398496236,0.1488079358303515,-0.024743051431209383,8.665778636932373,3.7510604858398438,1.271298885345459,11.7649085521698,2.3102209814119137,6.81647623294939,2.9505732515611713,9.25424279670696,84,203
47,"[3.67447752e-02 5.38925748e+00 5.93714413e+01 2.00000000e+00
 8.00000000e+00 2.71312295e+04 9.50000000e+01]","[1.00000000e+02 5.48142626e+00 0.00000000e+00 2.00000000e+00
 8.00000000e+00 2.71312295e+04 9.50000000e+01]",[ 96.      5.502   0.      2.      8.    100.     95.   ],[100.     13.417   0.      2.      8.    100.     95.   ],"[0.83526943 0.78793282 1.         0.70090849 0.79052052 0.89649374
 0.71338868 0.90314423 0.80986365 0.89138495 0.97632307 0.96      ]","[0.95449873 0.788702   1.         0.86556712 0.79218505 0.91528824
 0.87086732 0.90482164 0.90657226 0.91265842 0.98621815 0.95      ]","[[0.95449873 0.788702   1.         0.86556712 0.79218505 0.91528824
  0.87086732 0.89394946 0.90657226 0.91265842 0.98621815 0.95      ]]","[0.89399536 0.73490695 1.         0.56871062 0.72037169 0.79766392
 0.60319366 0.75346186 0.74081953 0.74119886 0.94484949 0.92      ]",233.27604600504785,392.51857373737374,388.498,384.583,159.2425277323259,-4.020573737373752,155.22195399495214,3.9149999999999636,0.6826355747168317,-0.010243015251716054,0.6654003128619271,0.010179857143971427,5.345675230026245,3.163609504699707,7.22922682762146,3.7231128215789795,1.6897392747382272,0.7394532441009414,0.4376138112878371,0.51500843871072,210,102
48,"[1.00000000e+02 0.00000000e+00 0.00000000e+00 4.00000000e+00
 9.00000000e+00 2.21755048e+04 1.90000000e+01]","[1.00000000e+02 0.00000000e+00 0.00000000e+00 4.00000000e+00
 9.00000000e+00 2.21755048e+04 1.90000000e+01]",[ 95.       5.6896   0.       4.       9.     100.      19.    ],[  0.      28.9876   0.       4.       9.     100.      19.    ],"[0.93620879 0.90347256 1.         0.88416654 0.91520571 0.92062221
 0.86948511 0.91616679 0.8831223  0.91899807 0.99008042 0.94      ]","[0.93620879 0.90347256 1.         0.88416654 0.91520571 0.92062221
 0.86948511 0.91616679 0.8831223  0.91899807 0.99008042 0.94      ]","[[0.92630027 0.81147731 1.         0.78517327 0.82141653 0.88015009
  0.76325716 0.8356947  0.82279343 0.83790417 0.97936285 0.95      ]]","[0.75344373 0.72945496 1.         0.56223102 0.73310152 0.79658621
 0.57029431 0.73990415 0.58666318 0.74327816 0.94197279 0.81      ]",396.0,396.0,385.3104,267.0124,0.0,-10.689599999999984,-10.689599999999984,118.298,0.0,-0.026993939393939355,-0.026993939393939355,0.44304309462781505,6.334684133529663,10.652716875076294,3.785299301147461,0.4238770008087158,0.5946543222556353,1.673496236244619,2.814233704544069,0.11197978471087436,186,5
49,"[1.00000000e+02 0.00000000e+00 3.69052934e-17 3.00000000e+00
 1.20000000e+01 2.20508322e+04 4.40000000e+01]","[1.00000000e+02 0.00000000e+00 0.00000000e+00 3.00000000e+00
 1.20000000e+01 2.20508322e+04 4.40000000e+01]",[  0.      17.4756   0.       3.      12.     100.      44.    ],[  0.      47.4756   0.       3.      12.     100.      44.    ],"[0.93279561 0.90237839 1.         0.87398024 0.91875098 0.92710476
 0.87680816 0.91223246 0.88612062 0.9167202  0.94817883 0.95      ]","[0.93279561 0.90237839 1.         0.87398024 0.91875098 0.92710476
 0.87680816 0.91223246 0.88612062 0.9167202  0.94817883 0.95      ]","[[0.77365803 0.76461222 1.         0.56150028 0.76987446 0.79802182
  0.5676163  0.76411799 0.59211884 0.76638324 0.84683919 0.73      ]]","[0.74433088 0.72128217 1.         0.48684012 0.71999171 0.76895633
 0.48800134 0.74798099 0.53964545 0.74575699 0.68668723 0.92      ]",397.0,397.0,279.5244,249.5244,0.0,-117.47559999999999,-117.47559999999999,30.0,0.0,-0.29590831234256926,-0.29590831234256926,0.12022872312286893,4.8832879066467285,11.747034549713135,0.5236170291900635,0.32447218894958496,0.41570388560455707,9.326067783166357,22.43440127965963,0.6196746302378325,54,5
50,"[2.32796933e-01 5.39403036e+00 3.38993840e-01 3.00000000e+00
 2.00000000e+00 3.70568443e+04 8.70000000e+01]","[1.00000000e+02 5.48142626e+00 0.00000000e+00 3.00000000e+00
 2.00000000e+00 3.70568443e+04 8.70000000e+01]",[ 96.      7.085   0.      3.      2.    100.     87.   ],[100.     13.417   0.      3.      2.    100.     87.   ],"[0.9422615  0.64852875 1.         0.78523736 0.68698505 0.79649935
 0.78521854 0.78705288 0.80348169 0.73072883 0.94318914 0.94      ]","[0.95508592 0.65825126 1.         0.75859504 0.69085138 0.78670373
 0.77466694 0.76040415 0.81613424 0.74048511 0.94318914 0.91      ]","[0.96615149 0.63965743 1.         0.70552134 0.66261894 0.80028912
 0.7265478  0.76563414 0.79315916 0.74048511 0.9661966  0.88      ]","[0.8559289  0.74634801 1.         0.59010057 0.73635201 0.76484363
 0.6135642  0.6886887  0.61108874 0.66025519 0.81124896 0.84      ]",291.4997727343675,391.51857373737374,385.915,383.58299999999997,100.01880100300622,-5.603573737373722,94.4152272656325,2.3320000000000505,0.3431179381884098,-0.014312408435397847,0.32389468568014784,0.006079518643944207,4.669713973999023,3.3550567626953125,2.8189361095428467,4.554141521453857,1.3918435079612692,1.6565519020423354,1.1901854573211343,1.615553295456708,162,103
51,"[9.71511865e+01 5.12611459e+00 5.01774744e+01 1.00000000e+00
 1.50000000e+01 3.83607959e+04 6.00000000e+00]","[1.00000000e+02 0.00000000e+00 0.00000000e+00 1.00000000e+00
 1.50000000e+01 3.83607959e+04 6.00000000e+00]",[  0.       3.9477   0.       1.      15.     100.       6.    ],[  0.       6.3222   0.       1.      15.     100.       6.    ],"[0.87642957 0.90534157 1.         0.83244022 0.90945414 0.87549089
 0.82682942 0.88652582 0.72198866 0.85586899 0.91763711 0.8       ]","[0.87168895 0.85462159 1.         0.61650784 0.87317953 0.86691067
 0.65410988 0.87321822 0.7478588  0.84726703 0.91253972 0.8       ]","[0.79446708 0.88296725 1.         0.61992656 0.88777695 0.87729013
 0.6387147  0.87321822 0.68920448 0.84726703 0.92180288 0.8       ]","[0.86315964 0.7670568  1.         0.41028822 0.77075089 0.82080174
 0.43393749 0.75804015 0.58620762 0.71329849 0.92118162 0.89      ]",340.8475975320392,399.0,295.0523,292.6778,58.152402467960826,-103.9477,-45.79529753203917,2.374500000000012,0.17061115551062256,-0.2605205513784461,-0.13435710817276475,0.00811301711301647,6.73423433303833,3.784221887588501,10.64508056640625,1.1460881233215332,1.779555885749006,0.6326146891072135,0.3554902063898652,0.10766364013611683,1002,5
52,"[1.00000000e+02 0.00000000e+00 0.00000000e+00 1.00000000e+00
 1.90000000e+01 3.12702093e+04 5.30000000e+01]","[1.00000000e+02 0.00000000e+00 0.00000000e+00 1.00000000e+00
 1.90000000e+01 3.12702093e+04 5.30000000e+01]",[  1.       3.1236   0.       1.      19.     100.      53.    ],[100.      13.1236   0.       1.      19.     100.      53.    ],"[0.94505194 0.90066105 1.         0.85614815 0.91697845 0.92443003
 0.85942007 0.89763145 0.85378789 0.8934512  0.95320225 0.96      ]","[0.94505194 0.90066105 1.         0.85614815 0.91697845 0.92443003
 0.85942007 0.89763145 0.85378789 0.8934512  0.95320225 0.96      ]","[0.94505194 0.90066105 1.         0.85614815 0.91697845 0.92443003
 0.85942007 0.89763145 0.85378789 0.8934512  0.95320225 0.96      ]","[0.8497653  0.72482428 1.         0.57524174 0.73927852 0.80760748
 0.57570408 0.74588183 0.61114371 0.74475415 0.92143327 0.88      ]",399.0,399.0,296.8764,385.8764,0.0,-102.12360000000001,-102.12360000000001,-89.0,0.0,-0.25594887218045115,-0.25594887218045115,-0.23064380200499435,5.611891269683838,6.01276421546936,0.3902726173400879,6.987852096557617,0.933329674768524,14.379413313523797,15.406574656581071,17.905053508963775,12,203
53,"[1.00000000e+02 0.00000000e+00 0.00000000e+00 3.00000000e+00
 1.20000000e+01 1.62436123e+04 5.70000000e+01]","[1.00000000e+02 0.00000000e+00 0.00000000e+00 3.00000000e+00
 1.20000000e+01 1.62436123e+04 5.70000000e+01]",[  0.       5.1252   0.       3.      12.     100.      57.    ],[100.      10.9497   0.       3.      12.     100.      57.    ],"[0.94888881 0.93741188 1.         0.89165814 0.93734132 0.93493852
 0.89466158 0.9227089  0.89840089 0.92718448 0.98109061 0.94      ]","[0.94888881 0.93741188 1.         0.89165814 0.93734132 0.93493852
 0.89466158 0.9227089  0.89840089 0.92718448 0.98109061 0.94      ]","[[0.93357248 0.93484518 1.         0.89752546 0.93627333 0.93113493
  0.8994692  0.92041959 0.88436506 0.9263374  0.98262274 0.96      ]]","[0.85594462 0.87636954 1.         0.71663597 0.86575356 0.86585871
 0.72251781 0.78884895 0.79161654 0.79386985 0.94907808 0.85      ]",397.0,397.0,291.8748,386.0503,0.0,-105.1252,-105.1252,-94.1755,0.0,-0.26479899244332494,-0.26479899244332494,-0.24394619043166138,6.511422634124756,6.920416593551636,0.5446314811706543,3.091116189956665,0.9409003845508411,11.955648652789634,12.706604066802372,5.675610567557511,24,102
54,"[1.33130665e-02 6.57816145e+00 8.72431606e-02 3.00000000e+00
 2.30000000e+01 1.37821079e+04 1.40000000e+01]","[0.00000000e+00 0.00000000e+00 0.00000000e+00 3.00000000e+00
 2.30000000e+01 1.37821079e+04 1.40000000e+01]",[ 95.       8.1103   0.       3.      23.     100.      14.    ],[  0.      19.1343   0.       3.      23.     100.      14.    ],"[0.91637627 0.79692997 1.         0.82958215 0.84017005 0.85969199
 0.8274777  0.8389367  0.837375   0.81413776 0.78423208 0.9       ]","[0.90132261 0.83604592 1.         0.91149053 0.90080028 0.90721862
 0.90865614 0.91091341 0.85322558 0.88355631 0.60869265 0.81      ]","[[0.93523479 0.79292309 1.         0.82707434 0.82108833 0.84724576
  0.82393503 0.85040432 0.85253531 0.83244971 0.78532302 0.92      ]]","[0.8189893  0.74482417 1.         0.64860713 0.79603119 0.82971933
 0.63191796 0.78777636 0.64995966 0.77141298 0.79671776 0.87      ]",290.34790845223495,297.0,383.8897,277.8657,6.652091547765053,86.8897,93.54179154776506,106.024,0.02291076103570206,0.29255791245791246,0.3221713979150416,0.38156562684779016,5.5847625732421875,0.3568751811981201,3.2647762298583984,0.3152327537536621,15.649064063498978,1.7106111353562545,0.10931076314948504,0.09655569985797603,162,5
55,"[1.00000000e+02 9.99052064e-17 0.00000000e+00 2.00000000e+00
 2.10000000e+01 2.64757193e+04 4.60000000e+01]","[1.00000000e+02 0.00000000e+00 0.00000000e+00 2.00000000e+00
 2.10000000e+01 2.64757193e+04 4.60000000e+01]",[  1.       9.0265   0.       2.      21.     100.      46.    ],[100.      19.0265   0.       2.      21.     100.      46.    ],"[0.9323756  0.9175669  1.         0.87066961 0.926655   0.92607496
 0.85876662 0.91235291 0.85598711 0.91593998 0.96957982 0.94      ]","[0.9323756  0.9175669  1.         0.87066961 0.926655   0.92607496
 0.85876662 0.91235291 0.85598711 0.91593998 0.96957982 0.94      ]","[[0.84058418 0.81096978 1.         0.71204036 0.80018265 0.86525493
  0.64489691 0.81729577 0.72153036 0.82241537 0.94580168 0.93      ]]","[0.82433984 0.7780477  1.         0.59106415 0.79226926 0.8161713
 0.57438496 0.78925712 0.62468037 0.76913732 0.82081223 0.82      ]",398.0,398.0,289.9735,378.9735,0.0,-108.0265,-108.0265,-89.0,0.0,-0.27142336683417084,-0.27142336683417084,-0.23484491659707077,5.733092546463013,3.1128690242767334,0.4834299087524414,6.017409324645996,1.8417390843468209,11.859201184424151,6.439132060136552,12.447325280669464,54,203
56,"[1.00000000e+02 0.00000000e+00 0.00000000e+00 4.00000000e+00
 1.60000000e+01 3.13103391e+04 3.00000000e+01]","[1.00000000e+02 0.00000000e+00 0.00000000e+00 4.00000000e+00
 1.60000000e+01 3.13103391e+04 3.00000000e+01]",[ 56.       1.1362   0.       4.      16.     100.      30.    ],[100.      20.5512   0.       4.      16.     100.      30.    ],"[0.92990574 0.92582794 1.         0.87942104 0.92425771 0.92641543
 0.87404212 0.90945958 0.88687736 0.91157855 0.99752516 0.99      ]","[0.92990574 0.92582794 1.         0.87942104 0.92425771 0.92641543
 0.87404212 0.90945958 0.88687736 0.91157855 0.99752516 0.99      ]","[0.92990574 0.92582794 1.         0.87942104 0.92425771 0.92641543
 0.87404212 0.90945958 0.88687736 0.91157855 0.99752516 0.99      ]","[0.76714261 0.79321429 1.         0.56880066 0.78183008 0.80202339
 0.58174495 0.6919895  0.62718775 0.6818749  0.77419436 0.88      ]",396.0,396.0,350.86379999999997,375.4488,0.0,-45.13620000000003,-45.13620000000003,-24.585000000000036,0.0,-0.11398030303030311,-0.11398030303030311,-0.06548163158332118,10.80976390838623,12.698900699615479,3.1170947551727295,11.179896354675293,0.8512361946978252,3.467897114916939,4.073954017131502,3.586639878727644,162,203
57,[100.   0.   0.   3.  16. 100.  55.],[100.   0.   0.   3.  16. 100.  55.],[  1.       6.5727   0.       3.      16.     100.      55.    ],[  1.       6.5727   0.       3.      16.     100.      55.    ],"[0.98252166 0.93358173 0.99981062 0.9814723  0.97210673 0.97925086
 0.97618508 0.96200226 0.97753235 0.97355324 0.95856613 0.8       ]","[0.98252166 0.93358173 0.99981062 0.9814723  0.97210673 0.97925086
 0.97618508 0.96200226 0.97753235 0.97355324 0.95856613 0.8       ]","[[0.93567532 0.86601574 1.         0.85667016 0.8590274  0.92209481
  0.84939922 0.89350942 0.8311478  0.90992493 0.99819428 0.93      ]]","[0.97965044 0.86682399 0.99995649 0.9562065  0.93844941 0.96801688
 0.9445639  0.91568158 0.96307829 0.9496904  0.98821634 0.82      ]",397.0,397.0,290.4273,291.4273,0.0,-106.5727,-106.5727,-1.0,0.0,-0.26844508816120904,-0.26844508816120904,-0.003431387519288687,7.605719089508057,5.950667858123779,0.1739802360534668,0.5993707180023193,1.2781286522528428,43.71599477063994,34.20312555671581,3.445050608036441,0,0
58,"[1.0000000e+02 0.0000000e+00 5.0000003e-01 2.0000000e+00 0.0000000e+00
 2.3163626e+03 1.0000000e+00]","[1.0000000e+02 0.0000000e+00 0.0000000e+00 2.0000000e+00 0.0000000e+00
 2.3163626e+03 1.0000000e+00]",[  0.       1.1115   0.       2.       0.     100.       1.    ],[100.     34.117   0.      2.      0.    100.      1.   ],"[0.80848962 0.94717033 1.         0.98296705 0.94738019 0.9497449
 0.97678495 0.95935073 0.95715103 0.9498766  0.99707747 0.8       ]","[0.935752   0.90225055 1.         0.97658072 0.91386548 0.82118081
 0.97401038 0.7954606  0.94686473 0.84282564 0.99634451 0.77      ]","[[0.89114441 0.90872951 1.         0.96904912 0.91366166 0.82118081
  0.95981676 0.9280135  0.93113886 0.90438239 0.99581856 0.79      ]]","[0.81938317 0.63664481 1.         0.69874016 0.64410289 0.56157409
 0.7287024  0.36736914 0.50093972 0.46779061 0.5828898  0.73      ]",397.4999999701943,398.0,296.8885,363.883,0.5000000298056761,-101.11149999999998,-100.6114999701943,-66.99449999999996,0.0012578617102972768,-0.2540489949748743,-0.2531106917678954,-0.1841100023908783,47.03664183616638,6.217066287994385,0.8466119766235352,6.29638671875,7.565729502836027,55.558677570046086,7.343466026537139,7.437157626639421,78,102
59,"[1.00000000e+02 0.00000000e+00 1.68033826e-16 2.00000000e+00
 7.00000000e+00 3.16573052e+04 3.60000000e+01]","[1.00000000e+02 0.00000000e+00 0.00000000e+00 2.00000000e+00
 7.00000000e+00 3.16573052e+04 3.60000000e+01]",[  0.       4.4466   0.       2.       7.     100.      36.    ],[  0.      12.2126   0.       2.       7.     100.      36.    ],"[0.95899308 0.88501511 1.         0.87421998 0.91493014 0.91648926
 0.87057549 0.91205388 0.87615168 0.91537209 0.96425593 0.95      ]","[0.95899308 0.88501511 1.         0.87421998 0.91493014 0.91648926
 0.87057549 0.91205388 0.87615168 0.91537209 0.96425593 0.95      ]","[0.92868311 0.89363314 1.         0.87984508 0.91923719 0.92249503
 0.87473695 0.91205388 0.87279488 0.91537209 0.96530181 0.93      ]","[0.77472057 0.79599226 1.         0.66298105 0.783298   0.82457677
 0.66228175 0.77584078 0.67333242 0.7731917  0.77082074 0.87      ]",398.0,398.0,293.5534,285.7874,0.0,-104.44659999999999,-104.44659999999999,7.7660000000000196,0.0,-0.2624286432160804,-0.2624286432160804,0.02717404616158732,13.105762243270874,11.459885597229004,0.7097904682159424,0.9903719425201416,1.143620687316446,18.46426914722058,16.145448706902776,1.3953018346519086,24,5
60,"[1.00000000e+02 0.00000000e+00 0.00000000e+00 4.00000000e+00
 6.00000000e+00 3.26843527e+04 4.40000000e+01]","[1.00000000e+02 0.00000000e+00 0.00000000e+00 4.00000000e+00
 6.00000000e+00 3.26843527e+04 4.40000000e+01]",[  0.       4.6724   0.       4.       6.     100.      44.    ],[100.       8.5554   0.       4.       6.     100.      44.    ],"[0.9546694  0.90323521 1.         0.8764962  0.90088638 0.90679363
 0.85995642 0.89941956 0.88284591 0.90956693 0.99031854 0.95      ]","[0.9546694  0.90323521 1.         0.8764962  0.90088638 0.90679363
 0.85995642 0.89941956 0.88284591 0.90956693 0.99031854 0.95      ]","[0.92142546 0.89941734 1.         0.88307695 0.90042549 0.90948028
 0.86611093 0.89741163 0.86246236 0.90873205 0.99060929 0.96      ]","[0.84774794 0.79190126 1.         0.75175515 0.77103603 0.84283885
 0.70796486 0.73240001 0.80467966 0.75113674 0.93717474 0.85      ]",396.0,396.0,291.3276,387.4446,0.0,-104.67239999999998,-104.67239999999998,-96.11699999999996,0.0,-0.2643242424242424,-0.2643242424242424,-0.24807933831056095,10.4678373336792,5.569617033004761,0.48928332328796387,6.062272071838379,1.8794536988177606,21.39422464541763,11.383214526048349,12.390105657188885,12,103
61,"[4.21386975e-01 3.93413990e-03 3.27118661e-02 1.00000000e+00
 1.70000000e+01 2.73340754e+04 7.70000000e+01]","[0.00000000e+00 0.00000000e+00 0.00000000e+00 1.00000000e+00
 1.70000000e+01 2.73340754e+04 7.70000000e+01]",[ 95.       1.5445   0.       1.      17.     100.      77.    ],[  0.     13.417   0.      1.     17.    100.     77.   ],"[0.8959252  0.9146111  1.         0.86281088 0.87062063 0.91155563
 0.87423356 0.90773067 0.84492839 0.91727878 0.78726858 0.94      ]","[0.8959252  0.9146111  1.         0.86281088 0.87062063 0.91155563
 0.87423356 0.90773067 0.84492839 0.91727878 0.78726858 0.94      ]","[[0.94017005 0.90781385 1.         0.85270788 0.86561072 0.91251312
  0.86393976 0.89205242 0.85825651 0.91727878 0.71722591 0.93      ]]","[0.78901695 0.72692031 1.         0.53918026 0.73778901 0.77465014
 0.56895597 0.74146984 0.56934123 0.73549203 0.8227523  0.92      ]",299.38474096884846,299.0,392.45550000000003,285.58299999999997,-0.38474096884846176,93.45550000000003,93.07075903115157,106.87250000000006,-0.0012851054719869466,0.3125602006688964,0.31087342237270454,0.37422570671223454,10.858874320983887,0.9807450771331787,24.60285520553589,0.845832109451294,11.072066099710153,0.44136642801281584,0.039863059345750296,0.03437942882584511,1002,5
62,"[ 100.            5.36435402    0.            4.           11.
 1120.0087       85.        ]","[ 100.            5.48142626    0.            4.           11.
 1120.0087       85.        ]",[ 86.       8.0254   0.       4.      11.     100.      85.    ],[100.       7.8169   0.       4.      11.     100.      85.    ],"[0.98272892 0.86533968 1.         0.93426642 0.86945658 0.84464361
 0.93912209 0.82716897 0.95118369 0.86352465 0.972431   0.87      ]","[0.98272892 0.86533968 1.         0.94097116 0.86945658 0.84464361
 0.94544759 0.82716897 0.95118369 0.86352465 0.972431   0.88      ]","[[0.98331521 0.85213556 1.         0.83415151 0.85256452 0.82414132
  0.85844668 0.84814143 0.92203944 0.83851192 0.94070017 0.85      ]]","[0.98331521 0.85213556 1.         0.83415151 0.85256452 0.81260921
 0.85844668 0.82142228 0.92203944 0.80558286 0.93373436 0.85      ]",390.63564598201566,390.51857373737374,373.9746,388.1831,-0.11707224464191768,-16.543973737373733,-16.66104598201565,-14.208500000000015,-0.00029969677843303506,-0.04236411492299381,-0.04265111531266325,-0.03660257234279394,30.414507150650024,6.106375694274902,4.821117639541626,6.537803649902344,4.980778889704652,6.308600914691997,1.2665892332084794,1.3560763579550268,126,101
63,"[1.00000000e+02 0.00000000e+00 0.00000000e+00 3.00000000e+00
 1.00000000e+01 1.61738196e+04 1.60000000e+01]","[1.00000000e+02 0.00000000e+00 0.00000000e+00 3.00000000e+00
 1.00000000e+01 1.61738196e+04 1.60000000e+01]",[  1.       2.1968   0.       3.      10.     100.      16.    ],[100.      42.1968   0.       3.      10.     100.      16.    ],"[0.94965403 0.91063402 1.         0.9113357  0.91054204 0.92385911
 0.90524653 0.91982877 0.90169608 0.91046104 0.88573909 0.96      ]","[0.94965403 0.91063402 1.         0.9113357  0.91054204 0.92385911
 0.90524653 0.91982877 0.90169608 0.91046104 0.88573909 0.96      ]","[[0.94965403 0.91063402 1.         0.9113357  0.91054204 0.92385911
  0.90524653 0.91982877 0.90169608 0.91046104 0.88573909 0.96      ]]","[0.83515824 0.74098151 1.         0.63531619 0.76448882 0.80927796
 0.6154775  0.76616791 0.66864667 0.75641896 0.8896426  0.89      ]",397.0,397.0,295.8032,354.8032,0.0,-101.1968,-101.1968,-59.0,0.0,-0.2549037783375315,-0.2549037783375315,-0.16628936830332985,11.199169874191284,6.473453998565674,0.8870091438293457,6.618570804595947,1.730014591387023,12.625765982346993,7.298069071327545,7.4616714502204875,36,103
64,"[1.00000000e+02 5.88297865e-17 7.78452171e-17 2.00000000e+00
 7.00000000e+00 1.68838518e+04 7.10000000e+01]","[1.00000000e+02 0.00000000e+00 0.00000000e+00 2.00000000e+00
 7.00000000e+00 1.68838518e+04 7.10000000e+01]",[ 56.       3.6511   0.       2.       7.     100.      71.    ],[100.      15.3001   0.       2.       7.     100.      71.    ],"[0.9569943  0.94091408 1.         0.89697962 0.93734132 0.93498454
 0.89168277 0.90893783 0.89457394 0.92343011 0.98295224 0.94      ]","[0.9569943  0.94091408 1.         0.89697962 0.93734132 0.93498454
 0.89168277 0.90893783 0.89457394 0.92343011 0.98295224 0.94      ]","[[0.9569943  0.94091408 1.         0.89697962 0.93734132 0.93498454
  0.89168277 0.90893783 0.89457394 0.92343011 0.98295224 0.94      ]]","[0.8706762  0.76730818 1.         0.65124417 0.74945643 0.78768361
 0.65776075 0.75683728 0.68786087 0.73064289 0.87346429 0.8       ]",398.0,398.0,350.3489,382.6999,0.0,-47.651099999999985,-47.651099999999985,-32.351,0.0,-0.11972638190954771,-0.11972638190954771,-0.08453359930326608,2.8806378841400146,5.292540550231934,5.327399969100952,1.8174381256103516,0.5442826288810914,0.540721158698011,0.9934565793686969,0.3411491789900395,138,103
65,"[4.04512937e+01 8.15608562e+00 4.10174947e-02 1.00000000e+00
 1.10000000e+01 2.43979803e+04 8.50000000e+01]","[1.00000000e+02 5.48142626e+00 0.00000000e+00 1.00000000e+00
 1.10000000e+01 2.43979803e+04 8.50000000e+01]",[ 96.       7.6268   0.       1.      11.     100.      85.    ],[100.      11.5843   0.       1.      11.     100.      85.    ],"[0.94070431 0.76797244 1.         0.7316674  0.77437626 0.85915986
 0.76118959 0.8298922  0.83238133 0.8435864  0.80530471 0.96      ]","[0.93718296 0.78450368 1.         0.79637787 0.77937183 0.88436881
 0.81996875 0.79679688 0.83097857 0.81900405 0.6339162  0.98      ]","[[0.93992679 0.76797244 1.         0.7316674  0.77437626 0.85915986
  0.76118959 0.79029634 0.81865316 0.81145943 0.76503342 0.95      ]]","[0.86087559 0.75812371 1.         0.58486195 0.78909906 0.85052077
 0.62066463 0.77303665 0.68051078 0.78527623 0.8704142  0.96      ]",331.2541906274823,393.51857373737374,387.3732,387.4157,62.26438310989147,-6.145373737373745,56.11900937251772,-0.04250000000001819,0.18796557106778455,-0.01561647695306764,0.16941373410616664,-0.00010970128469243293,2.2840521335601807,1.7272908687591553,1.6898770332336426,3.532966136932373,1.322332083652471,1.3516084831270605,1.0221399751518725,2.0906646267461904,174,203
66,"[5.00000030e-01 0.00000000e+00 0.00000000e+00 3.00000000e+00
 2.30000000e+01 3.12217552e+04 6.20000000e+01]","[1.00000000e+02 0.00000000e+00 0.00000000e+00 3.00000000e+00
 2.30000000e+01 3.12217552e+04 6.20000000e+01]",[100.       4.7105   0.       3.      23.     100.      62.    ],[100.     13.417   0.      3.     23.    100.     62.   ],"[0.89289684 0.9344021  1.         0.89865868 0.94232638 0.90796796
 0.89539554 0.89382801 0.8235431  0.88933884 0.96394014 0.85      ]","[0.93739075 0.937194   1.         0.89086168 0.94260569 0.91293146
 0.88660916 0.87847827 0.82987833 0.89418055 0.96394014 0.77      ]","[0.93739075 0.937194   1.         0.89086168 0.94260569 0.91293146
 0.88660916 0.87847827 0.82987833 0.89418055 0.96394014 0.77      ]","[0.84082504 0.74376184 1.         0.59574115 0.73983301 0.77653899
 0.56828982 0.73132823 0.60692309 0.73217077 0.55008334 0.89      ]",297.50000002960326,397.0,392.2895,383.58299999999997,99.49999997039674,-4.710500000000025,94.78949997039672,8.706500000000005,0.3344537813798179,-0.01186523929471039,0.3186201679360152,0.022697825503215748,4.278303384780884,1.667875051498413,8.017691612243652,1.745502233505249,2.5651222379861554,0.5336078751454564,0.2080243456796761,0.21770633218665186,1002,103
67,"[1.00000000e+02 7.58338461e-17 0.00000000e+00 4.00000000e+00
 1.80000000e+01 7.38263310e+03 2.00000000e+00]","[1.0000000e+02 0.0000000e+00 0.0000000e+00 4.0000000e+00 1.8000000e+01
 7.3826331e+03 2.0000000e+00]",[ 95.       6.3084   0.       4.      18.     100.       2.    ],[  0.      11.5764   0.       4.      18.     100.       2.    ],"[0.88474425 0.90394193 1.         0.86461609 0.9044838  0.85293779
 0.85217864 0.91266961 0.83085058 0.88081595 0.96341592 0.84      ]","[0.88474425 0.90394193 1.         0.86461609 0.9044838  0.85293779
 0.85217864 0.91266961 0.83085058 0.88081595 0.96341592 0.84      ]","[[0.86796921 0.77675322 1.         0.74698703 0.78496835 0.78645252
  0.7291601  0.83007605 0.74051092 0.79252366 0.96870738 0.89      ]]","[0.67682756 0.70590562 1.         0.45383164 0.74448624 0.71355086
 0.45599999 0.78080227 0.48854335 0.77214487 0.75800896 0.76      ]",396.0,396.0,384.6916,284.42359999999996,0.0,-11.308400000000006,-11.308400000000006,100.26800000000003,0.0,-0.028556565656565672,-0.028556565656565672,0.3525305213772698,3.042280912399292,3.297114610671997,1.453779935836792,0.30576491355895996,0.9227100879514872,2.092669486904263,2.267959908783709,0.2103240703916872,162,10
68,"[ 100.            5.28519988    0.            4.            7.
 3283.3627       94.        ]","[ 100.            5.48142626    0.            4.            7.
 3283.3627       94.        ]",[  0.       6.2935   0.       4.       7.     100.      94.    ],[  0.     13.417   0.      4.      7.    100.     94.   ],"[0.95036222 0.82818064 1.         0.86346156 0.84584656 0.92349422
 0.86601153 0.87378579 0.89503368 0.91803373 0.89731234 0.86      ]","[0.95036222 0.82818064 1.         0.89903522 0.85533917 0.92349422
 0.90241222 0.90564799 0.90558679 0.92418718 0.91313404 0.87      ]","[[0.94910132 0.81149704 1.         0.8364078  0.85110318 0.91747846
  0.84145985 0.90835572 0.88485778 0.92059649 0.91096652 0.92      ]]","[0.86370534 0.64455081 1.         0.53916718 0.51648569 0.71167177
 0.58636021 0.6926763  0.59789904 0.66908592 0.34393424 0.76      ]",390.7148001193999,390.51857373737374,289.7065,282.58299999999997,-0.19622638202616827,-100.81207373737374,-101.0083001193999,7.1235000000000355,-0.0005022240825435913,-0.2581492418467412,-0.258521817163139,0.025208522805689075,6.1834776401519775,1.6253671646118164,0.2724645137786865,0.19667649269104004,3.8043574244523186,22.694616463612586,5.965426991098172,0.721842598742211,36,3
69,"[1.66116147e+01 4.65805722e+01 4.18271607e-02 1.00000000e+00
 7.00000000e+00 3.68434725e+04 9.20000000e+01]","[0.00000000e+00 5.48142626e+00 0.00000000e+00 1.00000000e+00
 7.00000000e+00 3.68434725e+04 9.20000000e+01]",[ 95.       6.3815   0.       1.       7.     100.      92.    ],[  0.       9.5475   0.       1.       7.     100.      92.    ],"[0.85958059 0.83386781 1.         0.71148824 0.8550185  0.85875257
 0.74600293 0.78085927 0.80152863 0.79189813 0.98779047 0.84      ]","[0.9486817  0.69139995 1.         0.71292307 0.61626586 0.79007275
 0.75214816 0.83019735 0.80991809 0.82038127 0.97464019 0.92      ]","[0.96492885 0.66890567 1.         0.65364465 0.62870475 0.77629409
 0.6663431  0.80870142 0.83613306 0.82038127 0.98472553 0.95      ]","[0.88457587 0.67072426 1.         0.5226224  0.60942793 0.78124667
 0.58453993 0.79701181 0.69399659 0.79127203 0.99317402 0.91      ]",268.98921527935613,293.51857373737374,387.6185,289.4525,24.52935845801761,94.09992626262624,118.62928472064385,98.166,0.09119086217840698,0.3205927484058379,0.4410187397195184,0.33914372824556704,9.13233208656311,0.08012962341308594,1.6203398704528809,0.17731714248657227,113.96948715812525,5.636059602736706,0.0494523555670391,0.10943206775317611,174,5
70,"[3.66039305e-03 2.09172188e+00 4.09415826e-01 2.00000000e+00
 1.10000000e+01 3.39252156e+04 7.00000000e+01]","[1.00000000e+02 0.00000000e+00 0.00000000e+00 2.00000000e+00
 1.10000000e+01 3.39252156e+04 7.00000000e+01]",[ 96.       4.0077   0.       2.      11.     100.      70.    ],[100.      19.5397   0.       2.      11.     100.      70.    ],"[0.92183711 0.89020698 1.         0.84516668 0.88974111 0.91478948
 0.82751028 0.89422403 0.82101293 0.90222838 0.72206014 0.93      ]","[0.95561192 0.88134821 1.         0.83684645 0.88405944 0.90824601
 0.81995026 0.87656285 0.84264635 0.90222838 0.66079891 0.96      ]","[0.95561192 0.88134821 1.         0.83684645 0.88405944 0.90824601
 0.81995026 0.87656285 0.84264635 0.90222838 0.66079891 0.96      ]","[0.74022821 0.74360275 1.         0.55234095 0.76567852 0.81759169
 0.52035263 0.79469677 0.59066542 0.83758852 0.89482981 0.95      ]",295.5025226874548,398.0,389.9923,378.4603,102.49747731254519,-8.0077,94.48977731254519,11.531999999999982,0.34685821420534557,-0.020119849246231156,0.31975962997948587,0.03047083141877756,6.361506938934326,6.325531244277954,5.869442701339722,6.0352394580841064,1.0056873791729217,1.0838349163000243,1.0777055959391388,1.0282474444646237,162,203
71,"[1.0000000e+02 0.0000000e+00 0.0000000e+00 2.0000000e+00 4.0000000e+00
 2.8178324e+04 5.8000000e+01]","[1.0000000e+02 0.0000000e+00 0.0000000e+00 2.0000000e+00 4.0000000e+00
 2.8178324e+04 5.8000000e+01]",[ 55.       2.7007   0.       2.       4.     100.      58.    ],[100.      18.2327   0.       2.       4.     100.      58.    ],"[0.95605725 0.89365587 1.         0.87334978 0.90444872 0.91706489
 0.87163816 0.85903105 0.88326728 0.86095297 0.96960139 0.95      ]","[0.95605725 0.89365587 1.         0.87334978 0.90444872 0.91706489
 0.87163816 0.85903105 0.88326728 0.86095297 0.96960139 0.95      ]","[[0.95605725 0.89365587 1.         0.87334978 0.90444872 0.91706489
  0.87163816 0.85903105 0.88326728 0.86095297 0.96960139 0.95      ]]","[0.85782388 0.75617281 1.         0.64389094 0.7509835  0.77727971
 0.65079343 0.77046029 0.70750855 0.76810225 0.78503752 0.88      ]",398.0,398.0,350.2993,379.7673,0.0,-47.70069999999998,-47.70069999999998,-29.46799999999996,0.0,-0.11985100502512559,-0.11985100502512559,-0.0775948850783097,10.980486869812012,13.108660459518433,5.330870628356934,6.877865791320801,0.8376513301051203,2.0597924120316513,2.459009301367861,1.2901955929552689,138,104
72,"[2.28357036e-01 5.42318486e+00 2.35294220e-01 1.00000000e+00
 0.00000000e+00 7.19293720e+03 9.10000000e+01]","[1.00000000e+02 5.48142626e+00 0.00000000e+00 1.00000000e+00
 0.00000000e+00 7.19293720e+03 9.10000000e+01]",[ 96.       5.3972   0.       1.       0.     100.      91.    ],[100.       9.2802   0.       1.       0.     100.      91.    ],"[0.93306134 0.88960618 1.         0.79334336 0.86835062 0.94027237
 0.80777871 0.91925059 0.87510821 0.92683985 0.97732157 0.95      ]","[0.94514916 0.88070543 1.         0.78295347 0.86326661 0.94093912
 0.79956335 0.90532563 0.88911714 0.92683985 0.98786598 0.87      ]","[[0.94514916 0.88070543 1.         0.78295347 0.86326661 0.94093912
  0.79956335 0.90532563 0.88911714 0.92683985 0.98786598 0.86      ]]","[0.87849438 0.87033428 1.         0.66124486 0.85982898 0.92061829
 0.6877747  0.82327896 0.7967778  0.83095818 0.96781307 0.88      ]",293.56987796001744,393.51857373737374,389.6028,389.7198,99.9486957773563,-3.9157737373737405,96.03292203998257,-0.11700000000001864,0.34045964276678536,-0.00995067068927488,0.32712117028935,-0.0003002156934290191,9.051805019378662,6.1607770919799805,5.715062856674194,13.066979885101318,1.4692635172861852,1.5838504748565865,1.0779893846285995,2.2864105282484113,162,203
73,"[1.00000000e+02 0.00000000e+00 0.00000000e+00 4.00000000e+00
 5.00000000e+00 2.38345849e+04 3.50000000e+01]","[1.00000000e+02 0.00000000e+00 0.00000000e+00 4.00000000e+00
 5.00000000e+00 2.38345849e+04 3.50000000e+01]",[ 96.      10.1258   0.       4.       5.     100.      35.    ],[100.      35.3653   0.       4.       5.     100.      35.    ],"[0.95218092 0.90269031 1.         0.89664927 0.93042684 0.92553851
 0.8806035  0.91604818 0.8973458  0.92235969 0.99022722 0.96      ]","[0.95218092 0.90269031 1.         0.89664927 0.93042684 0.92553851
 0.8806035  0.91604818 0.8973458  0.92235969 0.99022722 0.96      ]","[[0.5997541  0.838518   1.         0.68716714 0.8325289  0.87320034
  0.69456478 0.79598863 0.71884427 0.80654034 0.911282   0.9       ]]","[0.76693213 0.80263659 1.         0.64117261 0.80841688 0.79486507
 0.63793222 0.75033691 0.64930152 0.7567241  0.86214155 0.97      ]",396.0,396.0,381.8742,360.6347,0.0,-14.125800000000027,-14.125800000000027,21.239499999999964,0.0,-0.03567121212121219,-0.03567121212121219,0.058894776348476625,11.116897583007812,12.82076621055603,4.549225807189941,6.962224721908569,0.8671008737258362,2.4436899934573098,2.8182303437857756,1.5304196839174133,174,103
74,"[7.73700533e+01 5.08716561e+00 6.92455101e+01 4.00000000e+00
 1.60000000e+01 2.82810137e+04 4.00000000e+00]","[1.00000000e+02 0.00000000e+00 0.00000000e+00 4.00000000e+00
 1.60000000e+01 2.82810137e+04 4.00000000e+00]",[ 85.      12.2223   0.       4.      16.     100.       4.    ],[  0.      31.6373   0.       4.      16.     100.       4.    ],"[0.78520273 0.94638558 1.         0.81820509 0.93567739 0.93944478
 0.77161239 0.90966958 0.71859379 0.90928592 0.99842852 0.93      ]","[0.871302   0.90572237 1.         0.82653783 0.90283544 0.92769852
 0.78697854 0.90560367 0.8386575  0.90814077 0.99856818 0.97      ]","[[0.7299693  0.72124251 1.         0.38599999 0.72821253 0.80006483
  0.37379535 0.75717984 0.55649566 0.75275142 0.91543174 0.8       ]]","[0.64871671 0.65665275 1.         0.30546375 0.68101727 0.78006399
 0.32438493 0.77009914 0.40700837 0.7359414  0.90187836 0.88      ]",299.03737760613706,396.0,368.7777,264.3627,96.96262239386294,-27.22230000000002,69.74032239386293,104.41499999999996,0.324249173030044,-0.06874318181818187,0.23321607135586273,0.39496873046008363,9.367095232009888,6.4148945808410645,5.533331871032715,0.8385741710662842,1.4602103142873093,1.6928489832766271,1.1593186041168753,0.15154958903807386,174,5
75,"[1.00000000e+02 0.00000000e+00 0.00000000e+00 1.00000000e+00
 1.40000000e+01 1.84976094e+04 5.80000000e+01]","[1.00000000e+02 0.00000000e+00 0.00000000e+00 1.00000000e+00
 1.40000000e+01 1.84976094e+04 5.80000000e+01]",[ 56.       3.4853   0.       1.      14.     100.      58.    ],[100.      20.9588   0.       1.      14.     100.      58.    ],"[0.94813079 0.94123958 1.         0.89491613 0.93607228 0.93823181
 0.90532951 0.92292343 0.89007365 0.92485739 0.9343015  0.96      ]","[0.94813079 0.94123958 1.         0.89491613 0.93607228 0.93823181
 0.90532951 0.92292343 0.89007365 0.92485739 0.9343015  0.96      ]","[[0.94813079 0.94123958 1.         0.89491613 0.93607228 0.93823181
  0.90532951 0.92292343 0.89007365 0.92485739 0.9343015  0.96      ]]","[0.82725928 0.77715024 1.         0.5907729  0.75565722 0.80568971
 0.60671524 0.74609637 0.65352327 0.733333   0.87843931 0.92      ]",399.0,399.0,351.5147,378.0412,0.0,-47.485299999999995,-47.485299999999995,-26.5265,0.0,-0.11901077694235587,-0.11901077694235587,-0.07016827795488957,12.550640106201172,6.445235729217529,5.782099723815918,12.890976667404175,1.9472740227803673,2.170602498346108,1.114687749619782,2.229462873894663,150,203
76,"[1.00000000e+02 5.36499796e+00 0.00000000e+00 2.00000000e+00
 1.90000000e+01 3.12259098e+04 9.30000000e+01]","[1.00000000e+02 5.48142626e+00 0.00000000e+00 2.00000000e+00
 1.90000000e+01 3.12259098e+04 9.30000000e+01]",[100.      18.9865   0.       2.      19.     100.      93.    ],[100.      15.5365   0.       2.      19.     100.      93.    ],"[0.93828173 0.80596123 1.         0.87259569 0.81275903 0.90507404
 0.87329211 0.87710166 0.85705629 0.88813404 0.96884805 0.88      ]","[0.93828173 0.80596123 1.         0.87259569 0.81275903 0.90507404
 0.87329211 0.87710166 0.85705629 0.88813404 0.96884805 0.89      ]","[0.87914435 0.67891025 1.         0.58070252 0.71581359 0.78421062
 0.57431026 0.76401972 0.64115166 0.74323567 0.85312438 0.93      ]","[0.88160049 0.65656987 1.         0.58538144 0.66996698 0.75049955
 0.57431026 0.72535169 0.63848687 0.70562802 0.80575281 0.92      ]",392.6350020413101,392.51857373737374,379.0135,382.4635,-0.1164283039363454,-13.50507373737372,-13.621502041310066,-3.4499999999999886,-0.00029653062852530833,-0.034406203020623666,-0.0346925311561421,-0.009020468619881344,22.145740509033203,5.525196552276611,3.9290108680725098,12.10686469078064,4.008136235426455,5.636467103970481,1.406256367773082,3.081402698364134,156,203
77,"[1.00000000e+02 0.00000000e+00 0.00000000e+00 3.00000000e+00
 1.20000000e+01 1.24584472e+04 5.00000000e+01]","[1.00000000e+02 0.00000000e+00 0.00000000e+00 3.00000000e+00
 1.20000000e+01 1.24584472e+04 5.00000000e+01]",[  1.       6.2067   0.       3.      12.     100.      50.    ],[100.      46.2067   0.       3.      12.     100.      50.    ],"[0.94854567 0.91849018 1.         0.89064732 0.93889693 0.93220996
 0.89641552 0.93801358 0.89795394 0.93725242 0.97746164 0.89      ]","[0.94854567 0.91849018 1.         0.89064732 0.93889693 0.93220996
 0.89641552 0.93801358 0.89795394 0.93725242 0.97746164 0.89      ]","[[0.94043147 0.83818174 1.         0.77048849 0.8705052  0.89693794
  0.78247855 0.87601787 0.83814938 0.88452062 0.98739177 0.95      ]]","[0.83467284 0.87131023 1.         0.66362211 0.87744541 0.86803758
 0.68547989 0.77736924 0.67299707 0.79367366 0.90866262 0.89      ]",397.0,397.0,291.7933,350.7933,0.0,-105.20670000000001,-105.20670000000001,-59.0,0.0,-0.26500428211586907,-0.26500428211586907,-0.16819021343908222,3.4303700923919678,7.617514133453369,1.0236549377441406,3.682621717453003,0.4503267118766504,3.3511000298123683,7.441486239728707,3.5975225456036073,54,203
78,"[4.92456536e+01 5.76616653e+00 4.40968669e-01 3.00000000e+00
 1.70000000e+01 2.02570480e+04 9.30000000e+01]","[0.00000000e+00 5.48142626e+00 0.00000000e+00 3.00000000e+00
 1.70000000e+01 2.02570480e+04 9.30000000e+01]",[ 95.      7.085   0.      3.     17.    100.     93.   ],[  0.     13.417   0.      3.     17.    100.     93.   ],"[0.95354482 0.78930173 1.         0.82651825 0.81010035 0.88581196
 0.82508126 0.83908182 0.84509347 0.84934011 0.87549347 0.96      ]","[0.93239339 0.78207319 1.         0.89633965 0.79382107 0.88235741
 0.89582058 0.87258592 0.85460611 0.84280743 0.96346164 0.9       ]","[[0.95354482 0.77540527 1.         0.83477167 0.77504822 0.89393594
  0.83339154 0.85822054 0.85283326 0.84934011 0.92755091 0.97      ]]","[0.87270135 0.71477947 1.         0.5535152  0.6626335  0.73058372
 0.56383621 0.70841576 0.57346973 0.69517583 0.89259452 0.75      ]",340.03851836729007,291.51857373737374,384.915,283.58299999999997,-48.519944629916324,93.39642626262628,44.876481632709954,101.33200000000005,-0.14268955429781008,0.3203789901454657,0.13197470053741664,0.35732748436965567,2.7047955989837646,0.08612394332885742,1.706904649734497,0.18952560424804688,31.405849458793565,1.5846202067611017,0.050456212268361736,0.11103467570817556,174,5
79,"[1.00000000e+02 0.00000000e+00 0.00000000e+00 1.00000000e+00
 1.00000000e+00 2.95803264e+04 7.40000000e+01]","[1.00000000e+02 0.00000000e+00 0.00000000e+00 1.00000000e+00
 1.00000000e+00 2.95803264e+04 7.40000000e+01]",[  0.       3.8602   0.       1.       1.     100.      74.    ],[100.      13.5677   0.       1.       1.     100.      74.    ],"[0.94756902 0.89879129 1.         0.86899534 0.90239714 0.93601157
 0.87429142 0.92217785 0.89088655 0.94035263 0.99084139 0.95      ]","[0.94756902 0.89879129 1.         0.86899534 0.90239714 0.93601157
 0.87429142 0.92217785 0.89088655 0.94035263 0.99084139 0.95      ]","[[0.90826189 0.9064859  1.         0.87591919 0.90618432 0.93529302
  0.87990393 0.93380537 0.87490071 0.94035263 0.98972613 0.96      ]]","[0.86911867 0.75230686 1.         0.64391109 0.77055529 0.79895403
 0.65621111 0.7808701  0.69550308 0.77779382 0.90557778 0.87      ]",399.0,399.0,295.1398,385.4323,0.0,-103.86020000000002,-103.86020000000002,-90.29250000000002,0.0,-0.26030125313283214,-0.26030125313283214,-0.23426293022146824,11.966329336166382,11.585238933563232,0.24808049201965332,12.939527988433838,1.0328944793274055,48.23567237692511,46.69951610965618,52.158587251627786,30,203
80,"[1.00000000e+02 0.00000000e+00 3.50973499e-17 3.00000000e+00
 1.40000000e+01 8.99271450e+03 4.80000000e+01]","[1.0000000e+02 0.0000000e+00 0.0000000e+00 3.0000000e+00 1.4000000e+01
 8.9927145e+03 4.8000000e+01]",[ 66.       2.6236   0.       3.      14.     100.      48.    ],[100.      10.8916   0.       3.      14.     100.      48.    ],"[0.93743693 0.93959348 1.         0.85302621 0.94404654 0.94911448
 0.86034939 0.94433561 0.89246547 0.93894555 0.94643039 0.83      ]","[0.93743693 0.93959348 1.         0.85302621 0.94404654 0.94911448
 0.86034939 0.94433561 0.89246547 0.93894555 0.94643039 0.83      ]","[[0.93743693 0.93959348 1.         0.85302621 0.94404654 0.94911448
  0.86034939 0.94433561 0.89246547 0.93894555 0.94643039 0.83      ]]","[0.83553451 0.88040741 1.         0.64074069 0.87097486 0.89218942
 0.65382898 0.8047632  0.78096373 0.79597494 0.91596717 0.78      ]",397.0,397.0,360.3764,386.1084,0.0,-36.62360000000001,-36.62360000000001,-25.732000000000028,0.0,-0.0922508816120907,-0.0922508816120907,-0.06664449672682601,13.245386362075806,12.850038290023804,5.407366037368774,12.922439575195312,1.030766295253683,2.4495079990037096,2.3763951249500828,2.3897845061517926,138,203
81,"[1.0000000e+02 0.0000000e+00 0.0000000e+00 4.0000000e+00 4.0000000e+00
 5.6379938e+03 1.3000000e+01]","[1.0000000e+02 0.0000000e+00 0.0000000e+00 4.0000000e+00 4.0000000e+00
 5.6379938e+03 1.3000000e+01]",[ 56.       3.7202   0.       4.       4.     100.      13.    ],[100.      27.0182   0.       4.       4.     100.      13.    ],"[0.93408759 0.90732546 1.         0.9089263  0.90760533 0.91604647
 0.90231274 0.92356198 0.89440411 0.90252854 0.99471271 0.83      ]","[0.93408759 0.90732546 1.         0.9089263  0.90760533 0.91604647
 0.90231274 0.92356198 0.89440411 0.90252854 0.99471271 0.83      ]","[[0.93408759 0.90732546 1.         0.9089263  0.90760533 0.91604647
  0.90231274 0.92356198 0.89440411 0.90252854 0.99471271 0.83      ]]","[0.79700268 0.72091233 1.         0.63016576 0.71887491 0.77139333
 0.62530846 0.72706932 0.64550137 0.71217672 0.94300783 0.91      ]",396.0,396.0,348.2798,368.9818,0.0,-47.72019999999998,-47.72019999999998,-20.701999999999998,0.0,-0.12050555555555549,-0.12050555555555549,-0.05610574830520095,11.22701120376587,6.410887956619263,7.148068428039551,12.483338594436646,1.7512412133445483,1.5706356642762331,0.8968699755966845,1.746393269749428,186,203
82,"[1.00000000e+02 0.00000000e+00 0.00000000e+00 4.00000000e+00
 1.70000000e+01 2.96301295e+04 5.30000000e+01]","[1.00000000e+02 0.00000000e+00 0.00000000e+00 4.00000000e+00
 1.70000000e+01 2.96301295e+04 5.30000000e+01]",[  0.       3.8965   0.       4.      17.     100.      53.    ],[100.      9.721   0.      4.     17.    100.     53.   ],"[0.93962721 0.89627525 1.         0.87747842 0.91504379 0.91894346
 0.86514123 0.89808938 0.87004438 0.90697572 0.99606389 0.97      ]","[0.93962721 0.89627525 1.         0.87747842 0.91504379 0.91894346
 0.86514123 0.89808938 0.87004438 0.90697572 0.99606389 0.97      ]","[[0.89502574 0.89187425 1.         0.8861093  0.91363077 0.91429051
  0.87535725 0.89605797 0.85881816 0.90611939 0.99558723 0.99      ]]","[0.85383622 0.78354106 1.         0.63546189 0.80065253 0.85055088
 0.63563068 0.76970639 0.61286376 0.77233785 0.95195431 0.94      ]",396.0,396.0,292.1035,386.279,0.0,-103.8965,-103.8965,-94.1755,0.0,-0.262364898989899,-0.262364898989899,-0.24380175986786753,11.685513257980347,12.821277379989624,0.6699316501617432,6.910752773284912,0.9114156812657463,17.442843990366907,19.13818727163309,10.315608721600828,18,103
83,"[1.27471247e-01 8.39111403e-01 3.69726734e-02 2.00000000e+00
 1.50000000e+01 8.64060740e+03 2.00000000e+00]","[1.0000000e+02 0.0000000e+00 0.0000000e+00 2.0000000e+00 1.5000000e+01
 8.6406074e+03 2.0000000e+00]",[  0.       3.4138   0.       2.      15.     100.       2.    ],[100.       8.9543   0.       2.      15.     100.       2.    ],"[0.89579365 0.91047247 1.         0.8194643  0.89667824 0.88301313
 0.80592389 0.92496086 0.86327322 0.90338138 0.76193786 0.87      ]","[0.93862725 0.90410418 1.         0.81684047 0.89691763 0.88301313
 0.80500542 0.92496086 0.87203432 0.90338138 0.73782378 0.83      ]","[[0.89579365 0.91047247 1.         0.8194643  0.89667824 0.88301313
  0.80592389 0.92496086 0.86327322 0.90338138 0.76193786 0.87      ]]","[0.85678739 0.76109079 1.         0.59392466 0.75561498 0.7840858
 0.52227033 0.83846216 0.73873953 0.83867085 0.17569295 0.75      ]",297.2513871708915,398.0,294.5862,389.0457,100.74861282910848,-103.41379999999998,-2.6651871708914996,-94.45949999999999,0.3389340375767112,-0.2598336683417085,-0.008966105074420623,-0.2427979540706914,10.454439640045166,6.497232913970947,19.286485195159912,12.882608413696289,1.6090603151327805,0.5420603875852291,0.33688009236651767,0.6679604024962141,1002,203
84,"[1.00000000e+02 8.65123965e-18 0.00000000e+00 1.00000000e+00
 1.00000000e+01 1.58758010e+03 8.00000000e+01]","[1.0000000e+02 0.0000000e+00 0.0000000e+00 1.0000000e+00 1.0000000e+01
 1.5875801e+03 8.0000000e+01]",[ 65.       6.8124   0.       1.      10.     100.      80.    ],[  0.      10.7699   0.       1.      10.     100.      80.    ],"[0.9748296  0.86443381 1.         0.95447886 0.9286245  0.95116143
 0.96116676 0.91197849 0.94158291 0.94719733 0.96076268 0.91      ]","[0.9748296  0.86443381 1.         0.95447886 0.9286245  0.95116143
 0.96116676 0.91197849 0.94158291 0.94719733 0.96076268 0.91      ]","[[0.97073241 0.85321165 1.         0.90469493 0.88169408 0.92697948
  0.9187403  0.84972172 0.91433843 0.90256613 0.9453249  0.95      ]]","[0.84659792 0.86224191 1.         0.6104849  0.88618325 0.89856389
 0.66334959 0.76722513 0.52954147 0.77273178 0.67197037 0.87      ]",399.0,399.0,357.1876,288.2301,0.0,-41.812400000000025,-41.812400000000025,68.95749999999998,0.0,-0.10479298245614041,-0.10479298245614041,0.2392446174081055,9.225000381469727,15.44801139831543,5.365415334701538,0.1844329833984375,0.5971642655879768,1.7193450657595524,2.87918277237614,0.0343744094153518,138,5
85,"[1.00000000e+02 0.00000000e+00 8.70304323e-17 3.00000000e+00
 2.30000000e+01 2.96139838e+04 2.90000000e+01]","[1.00000000e+02 0.00000000e+00 0.00000000e+00 3.00000000e+00
 2.30000000e+01 2.96139838e+04 2.90000000e+01]",[  1.       4.9834   0.       3.      23.     100.      29.    ],[100.      24.9834   0.       3.      23.     100.      29.    ],"[0.929657   0.95325561 1.         0.89086168 0.94758308 0.91068121
 0.89377741 0.90517035 0.82469779 0.90349341 0.99141073 0.88      ]","[0.929657   0.95325561 1.         0.89086168 0.94758308 0.91068121
 0.89377741 0.90517035 0.82469779 0.90349341 0.99141073 0.88      ]","[[0.929657   0.95325561 1.         0.89086168 0.94758308 0.91068121
  0.89377741 0.90517035 0.82469779 0.90349341 0.99141073 0.88      ]]","[0.78822405 0.78579153 1.         0.58220411 0.7521816  0.77079982
 0.57927105 0.72616708 0.59673877 0.73267957 0.87869513 0.89      ]",397.0,397.0,293.0166,372.0166,0.0,-103.98340000000002,-103.98340000000002,-79.0,0.0,-0.26192292191435773,-0.26192292191435773,-0.21235611529162948,13.706267595291138,6.434765338897705,0.6497335433959961,7.004342079162598,2.13003378886837,21.09521316023162,9.903698838241878,10.780330106635159,24,103
86,"[1.00000000e+02 2.96154371e-17 0.00000000e+00 1.00000000e+00
 1.00000000e+01 3.08712565e+04 3.20000000e+01]","[1.00000000e+02 0.00000000e+00 0.00000000e+00 1.00000000e+00
 1.00000000e+01 3.08712565e+04 3.20000000e+01]",[ 96.       6.8209   0.       1.      10.     100.      32.    ],[100.      37.8849   0.       1.      10.     100.      32.    ],"[0.94141656 0.91392119 1.         0.86086024 0.91892082 0.93271633
 0.87087132 0.90845103 0.87429385 0.91173687 0.98716241 0.97      ]","[0.94141656 0.91392119 1.         0.86086024 0.91892082 0.93271633
 0.87087132 0.90845103 0.87429385 0.91173687 0.98716241 0.97      ]","[0.93225841 0.81511653 1.         0.72520774 0.81264072 0.89969797
 0.74518427 0.81940623 0.81948992 0.82277115 0.99051535 0.97      ]","[0.78723564 0.80621623 1.         0.58319072 0.81162446 0.81439895
 0.59408747 0.7567342  0.64288311 0.75807901 0.85952932 0.91      ]",399.0,399.0,388.1791,361.1151,0.0,-10.820899999999995,-10.820899999999995,27.06400000000002,0.0,-0.02712005012531327,-0.02712005012531327,0.0749456336774619,17.234641790390015,6.4139323234558105,4.254275321960449,12.60720419883728,2.6870632431469175,4.051134561372951,1.5076439200696,2.9634199116731463,162,203
87,"[1.00000000e+02 5.36435008e+00 0.00000000e+00 4.00000000e+00
 2.20000000e+01 3.01685102e+04 9.40000000e+01]","[1.00000000e+02 5.48142626e+00 0.00000000e+00 4.00000000e+00
 2.20000000e+01 3.01685102e+04 9.40000000e+01]",[ 66.      8.668   0.      4.     22.    100.     94.   ],[100.     13.417   0.      4.     22.    100.     94.   ],"[0.92533727 0.83642659 1.         0.89369876 0.84911    0.88603865
 0.88141723 0.87758729 0.90350222 0.89379182 0.99140632 0.91      ]","[0.92533727 0.83642659 1.         0.90411669 0.84911    0.88603865
 0.89305573 0.87758729 0.90350222 0.89379182 0.99140632 0.92      ]","[[0.89238493 0.80588534 1.         0.88587413 0.81585764 0.87015946
  0.84599785 0.86046233 0.90807372 0.88186568 0.99161446 0.93      ]]","[0.86396319 0.67747432 1.         0.62839386 0.65890138 0.73437007
 0.5795953  0.70848004 0.70004704 0.70937485 0.96826988 0.92      ]",390.6356499188788,390.51857373737374,353.332,382.58299999999997,-0.1170761815050696,-37.18657373737375,-37.30364991887882,-29.250999999999976,-0.00029970685350756433,-0.09522357254736355,-0.09549474024356319,-0.0764566120292851,23.58976697921753,6.208468914031982,5.440135478973389,12.516679048538208,3.799611032262955,4.336246233277479,1.1412342464683594,2.300802819509973,138,202
88,"[2.80734321e+01 5.14300635e+00 1.03638754e+01 1.00000000e+00
 1.30000000e+01 3.54451975e+04 3.00000000e+00]","[1.00000000e+02 0.00000000e+00 0.00000000e+00 1.00000000e+00
 1.30000000e+01 3.54451975e+04 3.00000000e+00]",[  0.       3.1275   0.       1.      13.     100.       3.    ],[100.     13.417   0.      1.     13.    100.      3.   ],"[0.83095848 0.92160508 1.         0.84797815 0.93714998 0.92772704
 0.83913562 0.91729608 0.71909355 0.91528611 0.75028074 0.8       ]","[0.91281789 0.86126219 1.         0.7987575  0.89782217 0.89827751
 0.8192086  0.91652698 0.87855736 0.91611238 0.65063    0.75      ]","[0.85358855 0.89635118 1.         0.79828064 0.91634798 0.90647462
 0.81715195 0.91652698 0.87017637 0.91611238 0.71525925 0.79      ]","[0.80890914 0.66071165 1.         0.41108089 0.70008869 0.81398529
 0.45606839 0.78625781 0.65262677 0.77817498 0.93091786 0.85      ]",311.56655026720466,399.0,295.8725,385.583,87.43344973279534,-103.1275,-15.69405026720466,-89.71050000000002,0.280625277834899,-0.25846491228070173,-0.050371422265147466,-0.2326619690183437,8.606679439544678,6.427188396453857,24.756840467453003,12.837401390075684,1.3391048944968433,0.347648539839306,0.25961262726168427,0.5185395691729157,1002,203
89,"[7.18739572e-03 5.39634899e+00 1.12574994e-01 4.00000000e+00
 1.70000000e+01 2.28767006e+04 9.20000000e+01]","[0.00000000e+00 5.48142626e+00 0.00000000e+00 4.00000000e+00
 1.70000000e+01 2.28767006e+04 9.20000000e+01]",[  1.      46.1654   0.       4.      17.     100.      92.    ],[100.      40.0484   0.       4.      17.     100.      92.    ],"[0.91981892 0.73271742 1.         0.79549961 0.71916794 0.84166386
 0.79681475 0.85304027 0.81860346 0.83432925 0.94324744 0.94      ]","[0.91981892 0.73271742 1.         0.79549961 0.71916794 0.84166386
 0.79681475 0.85304027 0.81860346 0.83432925 0.94324744 0.94      ]","[[0.85614868 0.84197645 1.         0.53405306 0.79283997 0.84688774
  0.61912456 0.7686616  0.67568441 0.78273816 0.86772841 0.79      ]]","[0.85061409 0.61386485 1.         0.41054249 0.62232672 0.74138081
 0.50186114 0.691913   0.58476596 0.7041224  0.55490524 0.71      ]",290.4982634080394,290.51857373737374,250.8346,355.9516,0.020310329334336075,-39.68397373737375,-39.66366340803941,-105.11699999999999,6.991549311194263e-05,-0.13659702795198117,-0.13653666270743614,-0.29531262115411194,9.332454919815063,0.33078622817993164,0.7762441635131836,6.912086248397827,28.212948801298527,12.022576604734192,0.42613683133259866,8.904525886693426,48,103
90,"[1.00000000e+02 6.48603122e-18 0.00000000e+00 4.00000000e+00
 1.80000000e+01 2.39425470e+04 5.80000000e+01]","[1.0000000e+02 0.0000000e+00 0.0000000e+00 4.0000000e+00 1.8000000e+01
 2.3942547e+04 5.8000000e+01]",[  1.      46.7934   0.       4.      18.     100.      58.    ],[100.      46.7934   0.       4.      18.     100.      58.    ],"[0.93293452 0.90371804 1.         0.86881055 0.92118781 0.9181799
 0.86994109 0.90660737 0.87602762 0.91275452 0.98263526 0.97      ]","[0.93293452 0.90371804 1.         0.86881055 0.92118781 0.9181799
 0.86994109 0.90660737 0.87602762 0.91275452 0.98263526 0.97      ]","[[0.79878542 0.75810654 1.         0.56415824 0.76909498 0.82286335
  0.59300476 0.77808397 0.64295094 0.78221655 0.7989623  0.92      ]]","[0.79878542 0.75810654 1.         0.56415824 0.76909498 0.82286335
 0.59300476 0.77808397 0.64295094 0.78221655 0.7989623  0.92      ]",396.0,396.0,250.2066,349.2066,0.0,-145.7934,-145.7934,-98.99999999999997,0.0,-0.3681651515151515,-0.3681651515151515,-0.2834997963956007,11.092436075210571,19.182594537734985,0.821943998336792,6.686761379241943,0.5782552539173008,13.495367199780246,23.338079694664195,8.135300449632384,48,103
91,"[1.00000000e+02 0.00000000e+00 0.00000000e+00 4.00000000e+00
 1.40000000e+01 3.21668412e+04 6.20000000e+01]","[1.00000000e+02 0.00000000e+00 0.00000000e+00 4.00000000e+00
 1.40000000e+01 3.21668412e+04 6.20000000e+01]",[ 56.       3.3401   0.       4.      14.     100.      62.    ],[100.      20.8136   0.       4.      14.     100.      62.    ],"[0.95123315 0.89055778 1.         0.87942104 0.9054409  0.89909647
 0.87404212 0.88356163 0.88920281 0.9029621  0.9843381  0.98      ]","[0.95123315 0.89055778 1.         0.87942104 0.9054409  0.89909647
 0.87404212 0.88356163 0.88920281 0.9029621  0.9843381  0.98      ]","[0.95123315 0.89055778 1.         0.87942104 0.9054409  0.89909647
 0.87404212 0.88356163 0.88920281 0.9029621  0.9843381  0.98      ]","[0.80691656 0.72978688 1.         0.56880066 0.74191104 0.78513033
 0.58174495 0.72176428 0.63562624 0.7133281  0.84134519 0.93      ]",396.0,396.0,348.6599,375.1864,0.0,-47.34010000000001,-47.34010000000001,-26.5265,0.0,-0.1195457070707071,-0.1195457070707071,-0.07070218963160711,11.996289253234863,6.404521942138672,5.717297315597534,12.59670376777649,1.8730967528278815,2.098244780887539,1.1202009601051006,2.2032619736970886,150,203
92,"[3.59739807e-01 5.39701322e+00 4.30144319e-01 1.00000000e+00
 1.70000000e+01 3.12943309e+04 8.70000000e+01]","[0.00000000e+00 5.48142626e+00 0.00000000e+00 1.00000000e+00
 1.70000000e+01 3.12943309e+04 8.70000000e+01]",[ 95.      5.502   0.      1.     17.    100.     87.   ],[  0.     13.417   0.      1.     17.    100.     87.   ],"[0.91239288 0.80409813 1.         0.79590549 0.79213792 0.86960475
 0.80854245 0.8486126  0.78272481 0.83593784 0.92639107 0.95      ]","[0.91239288 0.80409813 1.         0.79590549 0.79213792 0.86960475
 0.80854245 0.8486126  0.78272481 0.83593784 0.92639107 0.95      ]","[0.93136826 0.78993111 1.         0.7821196  0.78484001 0.8709521
 0.79413802 0.80676919 0.80013457 0.83593784 0.91065097 0.97      ]","[0.81950504 0.75625208 1.         0.55213398 0.73913702 0.77465014
 0.56412232 0.74146984 0.56934123 0.73549203 0.91072679 0.91      ]",293.53258226920997,293.51857373737374,388.498,285.58299999999997,-0.014008531836225302,94.97942626262625,94.96541773079002,102.91500000000002,-4.772394167601313e-05,0.32358915162762153,0.32352598473614624,0.36036808913695856,6.69301438331604,0.32185792922973633,7.087296009063721,0.8083913326263428,20.794933961495442,0.9443678343273025,0.04541336058464643,0.11406202472600502,198,5
93,"[1.00000000e+02 1.28856060e-17 0.00000000e+00 2.00000000e+00
 2.30000000e+01 1.78354317e+04 3.60000000e+01]","[1.00000000e+02 0.00000000e+00 0.00000000e+00 2.00000000e+00
 2.30000000e+01 1.78354317e+04 3.60000000e+01]",[  1.       6.7889   0.       2.      23.     100.      36.    ],[100.      26.7889   0.       2.      23.     100.      36.    ],"[0.93310073 0.9266889  1.         0.89310667 0.95326577 0.93399813
 0.90559679 0.91870842 0.8655705  0.92412394 0.93930858 0.9       ]","[0.93310073 0.9266889  1.         0.89310667 0.95326577 0.93399813
 0.90559679 0.91870842 0.8655705  0.92412394 0.93930858 0.9       ]","[[0.92274927 0.87308049 1.         0.81266138 0.86604736 0.90154239
  0.8356029  0.85245685 0.82947092 0.86196767 0.98226273 0.95      ]]","[0.81066228 0.76954942 1.         0.58750141 0.77782945 0.79528341
 0.59916081 0.73367604 0.60965922 0.74751755 0.91863447 0.93      ]",398.0,398.0,292.2111,371.2111,0.0,-105.78890000000001,-105.78890000000001,-79.0,0.0,-0.26580125628140705,-0.26580125628140705,-0.21281691199428035,11.083468675613403,12.31925630569458,0.18172407150268555,12.872558116912842,0.8996865070897231,60.99064688548765,67.79099875886571,70.83573469639441,24,203
94,"[1.00000000e+02 0.00000000e+00 0.00000000e+00 4.00000000e+00
 2.00000000e+00 2.50750575e+04 5.30000000e+01]","[1.00000000e+02 0.00000000e+00 0.00000000e+00 4.00000000e+00
 2.00000000e+00 2.50750575e+04 5.30000000e+01]",[  0.       3.7856   0.       4.       2.     100.      53.    ],[100.      13.4931   0.       4.       2.     100.      53.    ],"[0.95437363 0.90579454 1.         0.90290972 0.91438308 0.942533
 0.87533613 0.94434552 0.90372584 0.9460698  0.99707639 0.96      ]","[0.95437363 0.90579454 1.         0.90290972 0.91438308 0.942533
 0.87533613 0.94434552 0.90372584 0.9460698  0.99707639 0.96      ]","[[0.91973574 0.90206671 1.         0.90823042 0.91296011 0.9391445
  0.88090835 0.9431778  0.89033585 0.94555174 0.99681705 0.96      ]]","[0.86323319 0.76435661 1.         0.67067809 0.77258117 0.82341955
 0.64305048 0.7832094  0.67543802 0.78377859 0.85836929 0.86      ]",396.0,396.0,292.2144,382.5069,0.0,-103.78559999999999,-103.78559999999999,-90.29249999999996,0.0,-0.2620848484848485,-0.2620848484848485,-0.23605456529019467,12.930796146392822,12.537211894989014,0.889951229095459,6.698524713516235,1.0313932838258177,14.529780648244742,14.0875269173253,7.526844724204241,30,103
95,[ 100.        0.        0.        4.        6.     3029.7035   19.    ],[ 100.        0.        0.        4.        6.     3029.7035   19.    ],[  1.       4.5443   0.       4.       6.     100.      19.    ],[100.      49.5443   0.       4.       6.     100.      19.    ],"[0.95167891 0.91394508 1.         0.93440221 0.89998444 0.9220787
 0.92132762 0.92675388 0.89808849 0.9151812  0.98196089 0.82      ]","[0.95167891 0.91394508 1.         0.93440221 0.89998444 0.9220787
 0.92132762 0.92675388 0.89808849 0.9151812  0.98196089 0.82      ]","[[0.95167891 0.91394508 1.         0.93440221 0.89998444 0.9220787
  0.92132762 0.92675388 0.89808849 0.9151812  0.98196089 0.82      ]]","[0.71961277 0.75873392 1.         0.42290877 0.70255249 0.70714699
 0.45326382 0.61841317 0.40304849 0.58896346 0.62867993 0.71      ]",396.0,396.0,292.4557,346.4557,0.0,-103.54430000000002,-103.54430000000002,-54.0,0.0,-0.2614755050505051,-0.2614755050505051,-0.15586408305592894,12.307700872421265,12.777870893478394,0.7909557819366455,6.607632160186768,0.9632043534500653,15.56054226228173,16.154975012878637,8.353984269522705,30,102
96,[ 100.        0.        0.        3.        3.     2838.0746   61.    ],[ 100.        0.        0.        3.        3.     2838.0746   61.    ],[  0.       7.4433   0.       3.       3.     100.      61.    ],[  0.      21.4433   0.       3.       3.     100.      61.    ],"[0.9558603  0.94706869 1.         0.9150028  0.95887811 0.96472188
 0.90029308 0.94913286 0.93255976 0.95312277 0.9926011  0.86      ]","[0.9558603  0.94706869 1.         0.9150028  0.95887811 0.96472188
 0.90029308 0.94913286 0.93255976 0.95312277 0.9926011  0.86      ]","[[0.94561024 0.87388579 1.         0.71925759 0.89805556 0.92624162
  0.68030428 0.91709373 0.77116616 0.92506633 0.98169369 0.84      ]]","[0.81751287 0.79071202 1.         0.57358801 0.81542696 0.82134747
 0.5986065  0.73695249 0.61145061 0.73362222 0.91725141 0.9       ]",397.0,397.0,289.5567,275.5567,0.0,-107.44330000000002,-107.44330000000002,14.0,0.0,-0.27063803526448366,-0.27063803526448366,0.05080624060311363,11.541382074356079,18.858318090438843,1.0895836353302002,0.9222140312194824,0.6120048468271173,10.592470096027501,17.30782060132887,0.8463912280951281,48,7
97,"[1.00000000e+02 0.00000000e+00 0.00000000e+00 4.00000000e+00
 3.00000000e+00 1.18103343e+04 5.90000000e+01]","[1.00000000e+02 0.00000000e+00 0.00000000e+00 4.00000000e+00
 3.00000000e+00 1.18103343e+04 5.90000000e+01]",[ 15.       1.1115   0.       4.       3.     100.      59.    ],[  0.     34.117   0.      4.      3.    100.     59.   ],"[0.94966615 0.93071167 1.         0.90288821 0.93755298 0.94766377
 0.89090849 0.93723669 0.90619371 0.93342407 0.99685127 0.95      ]","[0.94966615 0.93071167 1.         0.90288821 0.93755298 0.94766377
 0.89090849 0.93723669 0.90619371 0.93342407 0.99685127 0.95      ]","[[0.94966615 0.93071167 1.         0.90288821 0.93755298 0.94766377
  0.89090849 0.93723669 0.90619371 0.93342407 0.99685127 0.95      ]]","[0.7949803  0.75106243 1.         0.62200113 0.7656418  0.81763275
 0.6199518  0.75500142 0.60342322 0.73868185 0.8531242  0.89      ]",396.0,396.0,309.8885,261.88300000000004,0.0,-86.11149999999998,-86.11149999999998,48.005499999999984,0.0,-0.21745328282828277,-0.21745328282828277,0.18330895858074017,11.906151533126831,19.21343421936035,5.771651983261108,1.1355047225952148,0.6196784706572466,2.0628671942897703,3.328931521700022,0.1967382520443705,156,5
98,"[1.00000000e+02 0.00000000e+00 0.00000000e+00 4.00000000e+00
 2.00000000e+01 1.47127849e+04 4.80000000e+01]","[1.00000000e+02 0.00000000e+00 0.00000000e+00 4.00000000e+00
 2.00000000e+01 1.47127849e+04 4.80000000e+01]",[  0.       5.0915   0.       4.      20.     100.      48.    ],[  0.       6.4695   0.       4.      20.     100.      48.    ],"[0.91596146 0.93209618 1.         0.881184   0.94209777 0.92543386
 0.88419363 0.91705441 0.88563883 0.91482964 0.96392763 0.9       ]","[0.91596146 0.93209618 1.         0.881184   0.94209777 0.92543386
 0.88419363 0.91705441 0.88563883 0.91482964 0.96392763 0.9       ]","[[0.89346336 0.92909482 1.         0.88958669 0.94110575 0.9211215
  0.89314462 0.91536541 0.87556707 0.91403875 0.97335207 0.96      ]]","[0.87924313 0.84481949 1.         0.75995804 0.86127187 0.88081763
 0.76956149 0.83470963 0.80346028 0.82885101 0.98333329 0.98      ]",396.0,396.0,290.9085,289.5305,0.0,-105.0915,-105.0915,1.377999999999986,0.0,-0.26538257575757573,-0.26538257575757573,0.004759429490157292,13.249631643295288,19.284094095230103,0.35828614234924316,0.807863712310791,0.6870756582012617,36.98058640063191,53.82316482794004,2.254800330857668,6,5
99,"[8.41605632e+01 5.38426429e+00 4.30177842e-01 3.00000000e+00
 3.00000000e+00 2.97742835e+04 8.90000000e+01]","[0.00000000e+00 5.48142626e+00 0.00000000e+00 3.00000000e+00
 3.00000000e+00 2.97742835e+04 8.90000000e+01]",[100.      19.1148   0.       3.       3.     100.      89.    ],[100.      17.9418   0.       3.       3.     100.      89.    ],"[0.95071601 0.77791463 1.         0.80770389 0.79503828 0.91067499
 0.80924163 0.86340721 0.86550314 0.88014832 0.97066271 0.97      ]","[0.9367265  0.77040906 1.         0.81718563 0.79208281 0.90789441
 0.81715102 0.88040145 0.84295229 0.87475451 0.96717191 0.96      ]","[[0.87000725 0.69878454 1.         0.64401765 0.73998988 0.83328884
  0.64026189 0.80317376 0.71319239 0.84122025 0.8971287  0.85      ]]","[0.87262217 0.69878454 1.         0.6484178  0.71744393 0.81655287
 0.64026189 0.75860723 0.71319239 0.77055775 0.88472503 0.81      ]",375.3461210342675,291.51857373737374,377.8852,379.0582,-83.82754729689378,86.36662626262626,2.5390789657324717,-1.1730000000000018,-0.22333399121298148,0.29626457469030126,0.006764633556718346,-0.003094511607979993,8.641407012939453,0.3250100612640381,5.531905174255371,12.786882162094116,26.588121547163972,1.5621032430482036,0.05875192199182743,2.311478913558078,162,205
100,"[1.00000000e+02 5.36435094e+00 0.00000000e+00 2.00000000e+00
 0.00000000e+00 1.10449957e+04 9.10000000e+01]","[0.00000000e+00 0.00000000e+00 0.00000000e+00 2.00000000e+00
 0.00000000e+00 1.10449957e+04 9.10000000e+01]",[ 95.       7.9599   0.       2.       0.     100.      91.    ],[  0.      18.9839   0.       2.       0.     100.      91.    ],"[0.9527321  0.85800203 1.         0.81005404 0.8377825  0.89806079
 0.83325013 0.91472286 0.88725998 0.93437047 0.99305648 0.89      ]","[0.88568547 0.87026062 1.         0.50176964 0.90903393 0.93123744
 0.53689564 0.96013637 0.7306506  0.96513233 0.99557906 0.93      ]","[[0.95058679 0.84600223 1.         0.71384828 0.83382751 0.88363675
  0.71462749 0.91157616 0.88873766 0.93123098 0.99675685 0.9       ]]","[0.85458257 0.72648206 1.         0.64372583 0.76446242 0.82239285
 0.64926944 0.81406044 0.6937035  0.82567897 0.94177496 0.91      ]",392.6356490588891,298.0,385.0401,279.0161,-94.6356490588891,87.0401,-7.595549058889105,106.024,-0.24102663445288755,0.29208087248322145,-0.019345031652359956,0.37999240904019516,22.877105712890625,0.6813621520996094,6.162027597427368,1.1458382606506348,33.57554516697926,3.7125938420726583,0.11057434283223211,0.1859514977065373,174,5
101,"[1.00000000e+02 5.37640023e+00 0.00000000e+00 3.00000000e+00
 1.90000000e+01 5.09551610e+03 9.60000000e+01]","[1.00000000e+02 5.48142626e+00 0.00000000e+00 3.00000000e+00
 1.90000000e+01 5.09551610e+03 9.60000000e+01]",[ 65.      41.2192   0.       3.      19.     100.      96.    ],[  0.      27.5692   0.       3.      19.     100.      96.    ],"[0.93444659 0.84592751 1.         0.85466264 0.85689512 0.91464533
 0.83777699 0.90772308 0.86710937 0.91736072 0.96140075 0.8       ]","[0.93444659 0.84592751 1.         0.85466264 0.85689512 0.91464533
 0.83777699 0.90772308 0.86710937 0.91736072 0.96140075 0.81      ]","[[0.84523532 0.60660286 1.         0.56647379 0.56448319 0.71725386
  0.51090615 0.70364031 0.61425434 0.69139759 0.85938859 0.82      ]]","[0.84626563 0.55856051 1.         0.56534063 0.53796159 0.63839191
 0.50860305 0.65498848 0.56811416 0.64230426 0.72572923 0.81      ]",391.6235997673099,391.51857373737374,320.7808,269.4308,-0.10502602993614119,-70.73777373737374,-70.84279976730988,51.35000000000002,-0.0002681810544577606,-0.18067539698595206,-0.18089512432193156,0.19058697075464284,44.39242482185364,6.140498399734497,5.622049570083618,0.8755125999450684,7.229449782736379,7.89612831912355,1.0922170505948008,0.15572836721396013,162,6
102,"[1.00000000e+02 2.17883592e-17 0.00000000e+00 2.00000000e+00
 1.80000000e+01 1.48420866e+04 6.30000000e+01]","[1.00000000e+02 0.00000000e+00 0.00000000e+00 2.00000000e+00
 1.80000000e+01 1.48420866e+04 6.30000000e+01]",[ 56.       3.6742   0.       2.      18.     100.      63.    ],[100.      21.1477   0.       2.      18.     100.      63.    ],"[0.94226395 0.92605082 1.         0.88494658 0.93158107 0.92695571
 0.88338646 0.89730627 0.87506236 0.91396511 0.87959558 0.87      ]","[0.94226395 0.92605082 1.         0.88494658 0.93158107 0.92695571
 0.88338646 0.89730627 0.87506236 0.91396511 0.87959558 0.87      ]","[[0.94226395 0.92605082 1.         0.88494658 0.93158107 0.92695571
  0.88338646 0.89730627 0.87506236 0.91396511 0.87959558 0.87      ]]","[0.82725928 0.70002197 1.         0.57957719 0.69893838 0.71446698
 0.58409217 0.7155483  0.61696349 0.70422687 0.81578612 0.91      ]",398.0,398.0,350.3258,376.8523,0.0,-47.674199999999985,-47.674199999999985,-26.5265,0.0,-0.11978442211055272,-0.11978442211055272,-0.07038964602312364,9.608879566192627,6.400517463684082,5.720669269561768,12.82802677154541,1.50126604930187,1.6796775190831328,1.1188406744189205,2.2423996506492854,150,203
103,"[1.00000000e+02 0.00000000e+00 0.00000000e+00 4.00000000e+00
 1.60000000e+01 1.75419277e+04 4.60000000e+01]","[1.00000000e+02 0.00000000e+00 0.00000000e+00 4.00000000e+00
 1.60000000e+01 1.75419277e+04 4.60000000e+01]",[ 95.      46.8348   0.       4.      16.     100.      46.    ],[  0.      42.7763   0.       4.      16.     100.      46.    ],"[0.93363577 0.94085358 1.         0.90645898 0.94591606 0.93430469
 0.90714963 0.92378592 0.90068246 0.9271065  0.99378794 0.94      ]","[0.93363577 0.94085358 1.         0.90645898 0.94591606 0.93430469
 0.90714963 0.92378592 0.90068246 0.9271065  0.99378794 0.94      ]","[[0.81244776 0.77363589 1.         0.58678316 0.80005951 0.82286335
  0.61808629 0.77808397 0.64594058 0.78221655 0.81135958 0.9       ]]","[0.8362614  0.75392357 1.         0.55859086 0.77456863 0.79291166
 0.57133705 0.81319029 0.58720273 0.75797984 0.83976793 0.88      ]",396.0,396.0,344.1652,253.2237,0.0,-51.83479999999997,-51.83479999999997,90.94150000000002,0.0,-0.13089595959595954,-0.13089595959595954,0.35913502567097794,11.549488067626953,10.410909652709961,5.311645746231079,0.9690520763397217,1.1093639703828013,2.174370923705141,1.9600158124432725,0.18243913894809727,150,7
104,"[1.00000000e+02 1.65197973e-18 1.32809118e-18 1.00000000e+00
 4.00000000e+00 2.85996895e+04 2.60000000e+01]","[1.00000000e+02 0.00000000e+00 0.00000000e+00 1.00000000e+00
 4.00000000e+00 2.85996895e+04 2.60000000e+01]",[  0.       3.6379   0.       1.       4.     100.      26.    ],[  0.       7.5209   0.       1.       4.     100.      26.    ],"[0.94151014 0.91409783 1.         0.86446842 0.9147063  0.92838215
 0.86705849 0.89980685 0.89260881 0.89904478 0.98665893 0.93      ]","[0.94151014 0.91409783 1.         0.86446842 0.9147063  0.92838215
 0.86705849 0.89980685 0.89260881 0.89904478 0.98665893 0.93      ]","[[0.89963024 0.92073136 1.         0.86412077 0.91805923 0.92758455
  0.86545677 0.89980685 0.88507068 0.89904478 0.98548907 0.92      ]]","[0.92925707 0.82601246 1.         0.69784898 0.811393   0.86860894
 0.66637352 0.78433138 0.84354939 0.78195287 0.99214303 0.81      ]",399.0,399.0,295.3621,291.4791,0.0,-103.6379,-103.6379,3.8829999999999814,0.0,-0.2597441102756892,-0.2597441102756892,0.013321709858442617,15.624924898147583,12.418799638748169,0.4629330635070801,0.8373003005981445,1.2581670815749304,33.7520175806337,26.826339740493037,1.8086854593079609,12,5
105,"[1.000000e+02 0.000000e+00 0.000000e+00 4.000000e+00 7.000000e+00
 1.350417e+04 7.600000e+01]","[1.000000e+02 0.000000e+00 0.000000e+00 4.000000e+00 7.000000e+00
 1.350417e+04 7.600000e+01]",[  1.       2.3214   0.       4.       7.     100.      76.    ],[100.      37.2684   0.       4.       7.     100.      76.    ],"[0.95373141 0.82916186 1.         0.89675608 0.92362532 0.91349723
 0.8843812  0.92285017 0.90638592 0.93484114 0.99171013 0.95      ]","[0.95373141 0.82916186 1.         0.89675608 0.92362532 0.91349723
 0.8843812  0.92285017 0.90638592 0.93484114 0.99171013 0.95      ]","[[0.95373141 0.82916186 1.         0.89675608 0.92362532 0.91349723
  0.8843812  0.92285017 0.90638592 0.93484114 0.99171013 0.95      ]]","[0.83450138 0.63187634 1.         0.6317712  0.63105768 0.72494188
 0.61294198 0.7188405  0.67904972 0.70442597 0.7638185  0.85      ]",396.0,396.0,294.67859999999996,358.7316,0.0,-101.32140000000004,-101.32140000000004,-64.05300000000005,0.0,-0.2558621212121213,-0.2558621212121213,-0.17855410563217752,11.661916494369507,12.846384525299072,0.8027033805847168,12.903531312942505,0.9077975574686458,14.528301208691266,16.003899866400616,16.075092774049523,42,203
106,"[1.00000000e+02 0.00000000e+00 0.00000000e+00 1.00000000e+00
 4.00000000e+00 2.45579591e+04 2.50000000e+01]","[1.00000000e+02 0.00000000e+00 0.00000000e+00 1.00000000e+00
 4.00000000e+00 2.45579591e+04 2.50000000e+01]",[ 96.      32.7081   0.       1.       4.     100.      25.    ],[100.      36.5911   0.       1.       4.     100.      25.    ],"[0.94423984 0.92447251 1.         0.86413332 0.92489906 0.92838215
 0.87468995 0.90819596 0.8942964  0.9044451  0.95736212 0.94      ]","[0.94423984 0.92447251 1.         0.86413332 0.92489906 0.92838215
 0.87468995 0.90819596 0.8942964  0.9044451  0.95736212 0.94      ]","[[0.80746512 0.79969773 1.         0.59440377 0.8099692  0.78870995
  0.62499532 0.75145741 0.66790512 0.72992233 0.85766441 0.89      ]]","[0.80985123 0.85260342 1.         0.58957364 0.81791507 0.81065849
 0.62056805 0.74354778 0.66212994 0.72992233 0.91485375 0.91      ]",399.0,399.0,362.2919,362.4089,0.0,-36.7081,-36.7081,-0.11700000000001864,0.0,-0.09200025062656642,-0.09200025062656642,-0.0003228397536595228,16.37266969680786,12.795880556106567,31.08908438682556,6.890411853790283,1.2795266121012943,0.5266372432552568,0.41158756549063896,0.22163444146686392,1002,103
107,"[1.00000000e+02 0.00000000e+00 6.29142544e-17 3.00000000e+00
 1.40000000e+01 3.02508157e+04 1.00000000e+01]","[1.00000000e+02 0.00000000e+00 0.00000000e+00 3.00000000e+00
 1.40000000e+01 3.02508157e+04 1.00000000e+01]",[ 95.      46.3215   0.       3.      14.     100.      10.    ],[  0.     32.731   0.      3.     14.    100.     10.   ],"[0.94685646 0.93366066 1.         0.89219386 0.92191135 0.9294273
 0.88726963 0.91039458 0.88501321 0.90861319 0.98533648 0.95      ]","[0.94685646 0.93366066 1.         0.89219386 0.92191135 0.9294273
 0.88726963 0.91039458 0.88501321 0.90861319 0.98533648 0.95      ]","[[0.83472738 0.84942647 1.         0.70305505 0.87381136 0.83809508
  0.69574224 0.79710975 0.70486028 0.78244626 0.90940833 0.82      ]]","[0.79688291 0.73682456 1.         0.63090719 0.73536767 0.78730133
 0.60514292 0.72475166 0.63526318 0.73448609 0.81892592 0.95      ]",397.0,397.0,345.6785,264.269,0.0,-51.321500000000015,-51.321500000000015,81.40949999999998,0.0,-0.12927329974811086,-0.12927329974811086,0.30805542837033467,13.21864366531372,12.70033860206604,4.499943256378174,1.1668245792388916,1.0408103342349757,2.937513411214186,2.822333055881251,0.25929762060555905,162,5
108,"[6.60727187e-03 5.11634354e+00 7.81447861e+01 1.00000000e+00
 2.00000000e+00 3.99703092e+04 8.70000000e+01]","[0.00000000e+00 1.34170000e+01 0.00000000e+00 1.00000000e+00
 2.00000000e+00 3.99703092e+04 8.70000000e+01]",[ 95.     13.417   0.      1.      2.    100.     87.   ],[  0.     13.417   0.      1.      2.    100.     87.   ],"[0.92983442 0.57159438 1.         0.50554911 0.51489575 0.33077575
 0.46467948 0.74357386 0.66959161 0.75410086 0.97750515 0.74      ]","[0.87441353 0.46435517 1.         0.58904992 0.38141496 0.32768812
 0.58368667 0.61935385 0.61413368 0.66659444 0.95137972 0.79      ]","[0.80257605 0.4426488  1.         0.60061727 0.37114461 0.33032284
 0.6172571  0.61339984 0.66061971 0.66659444 0.96682745 0.79      ]","[0.87441353 0.46435517 1.         0.58904992 0.38141496 0.32768812
 0.58368667 0.61935385 0.61413368 0.66659444 0.95137972 0.79      ]",215.7454776434013,285.58299999999997,380.58299999999997,285.58299999999997,69.83752235659867,95.0,164.83752235659867,95.0,0.32370329667827774,0.3326528539864068,0.7640369761495222,0.3326528539864068,9.457795858383179,0.2629244327545166,5.248566150665283,0.9945225715637207,35.971536609583914,1.8019770708585532,0.050094525858493666,0.1894846217071418,150,3
109,"[1.00000000e+02 1.82278917e-16 0.00000000e+00 1.00000000e+00
 7.00000000e+00 1.40070134e+04 6.50000000e+01]","[1.00000000e+02 0.00000000e+00 0.00000000e+00 1.00000000e+00
 7.00000000e+00 1.40070134e+04 6.50000000e+01]",[ 26.      6.936   0.      1.      7.    100.     65.   ],[100.     34.117   0.      1.      7.    100.     65.   ],"[0.95997825 0.92063774 1.         0.88092786 0.92730031 0.91990797
 0.86697992 0.90873663 0.88742452 0.91290602 0.96477157 0.92      ]","[0.95997825 0.92063774 1.         0.88092786 0.92730031 0.91990797
 0.86697992 0.90873663 0.88742452 0.91290602 0.96477157 0.92      ]","[[0.9535787  0.8331334  1.         0.77008166 0.83230218 0.88070978
  0.74856956 0.84457768 0.83727971 0.844062   0.97110099 0.96      ]]","[0.83410567 0.71362209 1.         0.6000635  0.70787868 0.75401287
 0.58622996 0.71407619 0.65147065 0.68443408 0.67705727 0.83      ]",399.0,399.0,318.06399999999996,364.883,0.0,-80.93600000000004,-80.93600000000004,-46.81900000000002,0.0,-0.2028471177944863,-0.2028471177944863,-0.1283123631410617,13.136519432067871,12.762166023254395,5.545687437057495,12.80393671989441,1.029333062125297,2.3687810719887996,2.301277554514669,2.308809658895614,162,203
110,"[1.00000000e+02 3.04764275e-16 0.00000000e+00 2.00000000e+00
 1.90000000e+01 1.26181451e+04 6.40000000e+01]","[1.00000000e+02 0.00000000e+00 0.00000000e+00 2.00000000e+00
 1.90000000e+01 1.26181451e+04 6.40000000e+01]",[  0.       3.7163   0.       2.      19.     100.      64.    ],[  0.      28.8973   0.       2.      19.     100.      64.    ],"[0.94299422 0.93034803 1.         0.88995321 0.94207172 0.93152599
 0.89334751 0.9287256  0.88850426 0.92849393 0.84276056 0.87      ]","[0.94299422 0.93034803 1.         0.88995321 0.94207172 0.93152599
 0.89334751 0.9287256  0.88850426 0.92849393 0.84276056 0.87      ]","[[0.90061709 0.93560161 1.         0.89780766 0.94441427 0.93076079
  0.90166966 0.93943906 0.87761475 0.92849393 0.94508183 0.95      ]]","[0.79819658 0.71595412 1.         0.57706595 0.72292074 0.79281276
 0.59465346 0.73565115 0.61964497 0.73386564 0.71501189 0.9       ]",398.0,398.0,294.2837,269.1027,0.0,-103.71629999999999,-103.71629999999999,25.180999999999983,0.0,-0.2605937185929648,-0.2605937185929648,0.09357394035808626,14.926629781723022,19.362557649612427,1.0276145935058594,1.3526270389556885,0.770901760595755,14.525513627437515,18.842236935886824,1.3162785420757805,42,8
111,"[5.61030219e+01 1.86472894e+00 2.27674494e-01 4.00000000e+00
 4.00000000e+00 3.73862361e+04 4.20000000e+01]","[1.00000000e+02 0.00000000e+00 0.00000000e+00 4.00000000e+00
 4.00000000e+00 3.73862361e+04 4.20000000e+01]",[ 96.       1.4382   0.       4.       4.     100.      42.    ],[100.      20.8532   0.       4.       4.     100.      42.    ],"[0.9522974  0.80016496 1.         0.85244213 0.78067721 0.7505121
 0.84041825 0.84289809 0.87513653 0.75203213 0.97834295 0.95      ]","[0.9522974  0.80016496 1.         0.85244213 0.78067721 0.7505121
 0.84041825 0.84289809 0.87513653 0.75203213 0.97834295 0.95      ]","[0.9522974  0.80016496 1.         0.85244213 0.78067721 0.7505121
 0.84041825 0.84289809 0.87513653 0.75203213 0.97834295 0.95      ]","[0.7983646  0.71667066 1.         0.59513054 0.67873229 0.75631492
 0.60594894 0.65276069 0.59173044 0.50647547 0.81674218 0.88      ]",350.010618494698,396.0,390.5618,375.1468,45.98938150530199,-5.438199999999995,40.551181505302,15.41500000000002,0.13139424656054727,-0.01373282828282827,0.1158570036523514,0.04109058107386234,8.612161636352539,6.452728509902954,6.580660343170166,12.613309621810913,1.3346542665068768,1.3087078176418565,0.9805594231284117,1.916724000943434,186,203
112,"[1.00000000e+02 0.00000000e+00 0.00000000e+00 1.00000000e+00
 3.00000000e+00 1.83961723e+04 2.00000000e+01]","[1.00000000e+02 0.00000000e+00 0.00000000e+00 1.00000000e+00
 3.00000000e+00 1.83961723e+04 2.00000000e+01]",[  0.       3.9312   0.       1.       3.     100.      20.    ],[  0.      27.2292   0.       1.       3.     100.      20.    ],"[0.95171808 0.89899115 1.         0.89605483 0.91810536 0.93390881
 0.90414005 0.94184314 0.90578876 0.93710105 0.97998375 0.97      ]","[0.95171808 0.89899115 1.         0.89605483 0.91810536 0.93390881
 0.90414005 0.94184314 0.90578876 0.93710105 0.97998375 0.97      ]","[[0.91649904 0.91950057 1.         0.89577844 0.92133616 0.93390881
  0.90293509 0.94184314 0.89907117 0.93710105 0.982862   0.95      ]]","[0.81652205 0.74637864 1.         0.63272176 0.74232707 0.79737576
 0.6352797  0.76479566 0.66628884 0.7602498  0.87363213 0.86      ]",399.0,399.0,295.0688,271.7708,0.0,-103.93119999999999,-103.93119999999999,23.298000000000002,0.0,-0.2604791979949874,-0.2604791979949874,0.08572664907341039,11.87338900566101,12.758173942565918,1.309662103652954,0.79667067527771,0.9306495631045645,9.065994177080752,9.741576783034635,0.6083024568364688,42,5
113,"[1.0000000e+02 0.0000000e+00 0.0000000e+00 1.0000000e+00 1.3000000e+01
 1.6358526e+03 1.3000000e+01]","[1.0000000e+02 0.0000000e+00 0.0000000e+00 1.0000000e+00 1.3000000e+01
 1.6358526e+03 1.3000000e+01]",[ 86.       6.2935   0.       1.      13.     100.      13.    ],[100.     13.417   0.      1.     13.    100.     13.   ],"[0.96153881 0.8778275  1.         0.96402287 0.89808146 0.92881056
 0.9571756  0.9100826  0.94233592 0.90270969 0.95077479 0.91      ]","[0.96153881 0.8778275  1.         0.96402287 0.89808146 0.92881056
 0.9571756  0.9100826  0.94233592 0.90270969 0.95077479 0.91      ]","[[0.9553772  0.76209663 1.         0.92384388 0.79411408 0.89378135
  0.91079339 0.82633221 0.91671859 0.82651943 0.95682228 0.95      ]]","[0.86740241 0.66292243 1.         0.75155946 0.57347417 0.81024221
 0.73199091 0.68964993 0.74842225 0.63813877 0.86183482 0.93      ]",399.0,399.0,378.7065,385.583,0.0,-20.293499999999995,-20.293499999999995,-6.876500000000021,0.0,-0.050860902255639086,-0.050860902255639086,-0.01783403313942788,11.422337293624878,6.375335931777954,5.759394645690918,12.869648218154907,1.7916447722684028,1.9832531014645574,1.1069454906251082,2.234548769423842,180,203
114,"[1.00000000e+02 6.99609376e-17 0.00000000e+00 3.00000000e+00
 1.20000000e+01 1.37675682e+04 2.10000000e+01]","[1.00000000e+02 0.00000000e+00 0.00000000e+00 3.00000000e+00
 1.20000000e+01 1.37675682e+04 2.10000000e+01]",[ 95.      9.086   0.      3.     12.    100.     21.   ],[  0.     23.244   0.      3.     12.    100.     21.   ],"[0.94566113 0.91481199 1.         0.89064732 0.92396476 0.91361328
 0.89641552 0.91649418 0.89795394 0.89418452 0.9248535  0.91      ]","[0.94566113 0.91481199 1.         0.89064732 0.92396476 0.91361328
 0.89641552 0.91649418 0.89795394 0.89418452 0.9248535  0.91      ]","[[0.86625779 0.80284111 1.         0.70184305 0.81196488 0.8440026
  0.71246    0.79461444 0.73335528 0.79648178 0.72006154 0.92      ]]","[0.80452509 0.73085799 1.         0.58251344 0.73453697 0.75320573
 0.58885184 0.73923194 0.61209196 0.73987616 0.88814759 0.9       ]",397.0,397.0,382.914,273.756,0.0,-14.086000000000013,-14.086000000000013,109.15800000000002,0.0,-0.0354811083123426,-0.0354811083123426,0.3987419453820191,12.41208529472351,19.164359092712402,5.978546380996704,0.8721632957458496,0.6476650345924395,2.0761042072327704,3.2055215216909376,0.14588216602585732,174,6
115,"[1.00000000e+02 0.00000000e+00 4.99999985e-01 1.00000000e+00
 2.00000000e+01 1.59811244e+04 7.30000000e+01]","[0.00000000e+00 0.00000000e+00 0.00000000e+00 1.00000000e+00
 2.00000000e+01 1.59811244e+04 7.30000000e+01]",[ 95.     36.646   0.      1.     20.    100.     73.   ],[  0.     24.244   0.      1.     20.    100.     73.   ],"[0.94608573 0.94087719 1.         0.88567133 0.93922031 0.92702424
 0.88485512 0.89730627 0.87506236 0.90797397 0.80274773 0.87      ]","[0.90577715 0.94538321 1.         0.89379493 0.94167103 0.92621272
 0.89376113 0.91229647 0.86306236 0.90797397 0.90471578 0.91      ]","[[0.8391     0.78802837 1.         0.58087637 0.70164246 0.81154892
  0.58916891 0.72726068 0.59196779 0.73696551 0.92822379 0.87      ]]","[0.81383236 0.75744452 1.         0.56653938 0.73472241 0.76242376
 0.57372593 0.70531189 0.59128184 0.71936038 0.92140132 0.87      ]",398.50000001480475,299.0,357.354,274.756,-99.50000001480475,58.353999999999985,-41.14600001480477,82.59800000000001,-0.24968632374180227,0.19516387959866216,-0.10325219576731781,0.3006230983126848,20.058984518051147,1.2172315120697021,5.517640113830566,1.161088466644287,16.47918602102581,3.6354282092032637,0.22060726813598783,0.21043207652015802,162,5
116,"[1.00000000e+02 0.00000000e+00 0.00000000e+00 1.00000000e+00
 6.00000000e+00 2.63802396e+04 5.10000000e+01]","[1.00000000e+02 0.00000000e+00 0.00000000e+00 1.00000000e+00
 6.00000000e+00 2.63802396e+04 5.10000000e+01]",[ 95.      10.8378   0.       1.       6.     100.      51.    ],[100.      34.1358   0.       1.       6.     100.      51.    ],"[0.96510468 0.93419804 1.         0.8621734  0.92273163 0.93061238
 0.85806646 0.91922346 0.87806256 0.92265495 0.9897911  0.98      ]","[0.96510468 0.93419804 1.         0.8621734  0.92273163 0.93061238
 0.85806646 0.91922346 0.87806256 0.92265495 0.9897911  0.98      ]","[[0.85415014 0.88817894 1.         0.66523935 0.84196957 0.87236966
  0.6681601  0.80822318 0.76456804 0.81286695 0.94818008 0.87      ]]","[0.81188108 0.78341767 1.         0.60628344 0.7633848  0.79432611
 0.61834229 0.76083601 0.65990895 0.74997006 0.89665133 0.78      ]",399.0,399.0,383.1622,364.8642,0.0,-15.837800000000016,-15.837800000000016,18.298000000000002,0.0,-0.039693734335839635,-0.039693734335839635,0.05015016545882003,16.180443286895752,12.833381414413452,5.6498026847839355,12.676964521408081,1.26080903889626,2.863895287966953,2.2714742674069575,2.2437888947077247,174,205
117,"[4.99999985e-01 0.00000000e+00 6.69289736e-17 3.00000000e+00
 1.10000000e+01 3.39680299e+04 6.80000000e+01]","[0.00000000e+00 0.00000000e+00 0.00000000e+00 3.00000000e+00
 1.10000000e+01 3.39680299e+04 6.80000000e+01]",[  0.       4.5477   0.       3.      11.     100.      68.    ],[  0.       8.4307   0.       3.      11.     100.      68.    ],"[0.91644824 0.87678459 1.         0.84280081 0.88353042 0.90463702
 0.82582939 0.88955911 0.83077894 0.89375135 0.82311642 0.91      ]","[0.91644824 0.87678459 1.         0.84280081 0.88353042 0.90463702
 0.82582939 0.88955911 0.83077894 0.89375135 0.82311642 0.91      ]","[0.91644824 0.87678459 1.         0.84280081 0.88353042 0.90463702
 0.82582939 0.88955911 0.83077894 0.89375135 0.82311642 0.91      ]","[0.92006395 0.74625899 1.         0.63896359 0.73973125 0.83912674
 0.6154832  0.7957933  0.72855438 0.81914456 0.56542629 0.78      ]",297.49999998509884,297.0,292.4523,288.5693,-0.4999999850988388,-4.54770000000002,-5.047699985098859,3.8829999999999814,-0.0016806722189038076,-0.01531212121212128,-0.016967058774291388,0.013456039849006743,15.787404298782349,0.9501199722290039,0.4880406856536865,0.8160662651062012,16.61622190905505,32.348541346786575,1.9468048467238008,1.672127527673546,12,5
118,"[1.0000000e+02 0.0000000e+00 0.0000000e+00 3.0000000e+00 2.0000000e+00
 1.1973539e+04 6.8000000e+01]","[1.0000000e+02 0.0000000e+00 0.0000000e+00 3.0000000e+00 2.0000000e+00
 1.1973539e+04 6.8000000e+01]",[ 95.     46.792   0.      3.      2.    100.     68.   ],[  0.      43.7335   0.       3.       2.     100.      68.    ],"[0.9410008  0.93044335 1.         0.89415118 0.93400931 0.94443556
 0.89171329 0.94723558 0.91113413 0.95356399 0.98958498 0.94      ]","[0.9410008  0.93044335 1.         0.89415118 0.93400931 0.94443556
 0.89171329 0.94723558 0.91113413 0.95356399 0.98958498 0.94      ]","[[0.85654539 0.78273921 1.         0.65832387 0.77661052 0.84570942
  0.68294697 0.79364892 0.70891669 0.80472952 0.93013161 0.93      ]]","[0.835227   0.76098468 1.         0.62714682 0.76552582 0.80819752
 0.66553583 0.76318012 0.65059155 0.77540139 0.88344985 0.97      ]",397.0,397.0,345.20799999999997,253.2665,0.0,-51.79200000000003,-51.79200000000003,91.94149999999996,0.0,-0.13045843828715373,-0.13045843828715373,0.363022744816231,12.71671724319458,12.811646699905396,5.236884355545044,1.1789052486419678,0.9925903781977131,2.4282982742839376,2.4464253609762947,0.22511576895787108,150,5
119,"[1.0000000e+02 0.0000000e+00 0.0000000e+00 4.0000000e+00 1.6000000e+01
 7.3146687e+03 1.0000000e+01]","[1.0000000e+02 0.0000000e+00 0.0000000e+00 4.0000000e+00 1.6000000e+01
 7.3146687e+03 1.0000000e+01]",[ 95.      9.086   0.      4.     16.    100.     10.   ],[  0.     24.244   0.      4.     16.    100.     10.   ],"[0.92962291 0.93607397 1.         0.91080455 0.92259466 0.92578092
 0.89454199 0.92469779 0.88518788 0.88919645 0.99583983 0.9       ]","[0.92962291 0.93607397 1.         0.91080455 0.92259466 0.92578092
 0.89454199 0.92469779 0.88518788 0.88919645 0.99583983 0.9       ]","[[0.8388578  0.8309819  1.         0.72511769 0.80524076 0.85411956
  0.70844835 0.81250612 0.72119377 0.78973723 0.83663458 0.9       ]]","[0.76786694 0.70220613 1.         0.60498659 0.68697811 0.74719684
 0.58889666 0.72398198 0.58004639 0.70441781 0.84851211 0.83      ]",396.0,396.0,381.914,271.756,0.0,-14.086000000000013,-14.086000000000013,110.15800000000002,0.0,-0.0355707070707071,-0.0355707070707071,0.40535627548241815,13.554617881774902,12.7687087059021,5.934274196624756,1.1400299072265625,1.0615496205586967,2.284123960683242,2.151688358647899,0.1921094087420124,174,5
120,"[1.00000000e+02 1.74665895e-16 0.00000000e+00 2.00000000e+00
 1.20000000e+01 2.43147394e+04 1.70000000e+01]","[1.00000000e+02 0.00000000e+00 0.00000000e+00 2.00000000e+00
 1.20000000e+01 2.43147394e+04 1.70000000e+01]",[  1.       0.7427   0.       2.      12.     100.      17.    ],[100.      35.7427   0.       2.      12.     100.      17.    ],"[0.94088957 0.92000369 1.         0.89117731 0.90925608 0.92884678
 0.89172115 0.91896641 0.8801477  0.91705539 0.88931948 0.91      ]","[0.94088957 0.92000369 1.         0.89117731 0.90925608 0.92884678
 0.89172115 0.91896641 0.8801477  0.91705539 0.88931948 0.91      ]","[[0.94088957 0.92000369 1.         0.89117731 0.90925608 0.92884678
  0.89172115 0.91896641 0.8801477  0.91705539 0.88931948 0.91      ]]","[0.8177066  0.78048219 1.         0.61932195 0.78887097 0.79202404
 0.62077076 0.76679114 0.65624758 0.75815699 0.71869773 0.96      ]",398.0,398.0,298.2573,362.2573,0.0,-99.74270000000001,-99.74270000000001,-64.0,0.0,-0.25060979899497493,-0.25060979899497493,-0.17667000775415706,12.65970754623413,6.3317883014678955,0.7741079330444336,10.251081705093384,1.9993889472424775,16.35393077092709,8.17946442761032,13.242444971178166,30,163
121,"[1.00000000e+02 5.36435012e+00 0.00000000e+00 2.00000000e+00
 7.00000000e+00 1.53034411e+04 9.80000000e+01]","[1.00000000e+02 5.48142626e+00 0.00000000e+00 2.00000000e+00
 7.00000000e+00 1.53034411e+04 9.80000000e+01]",[  0.       7.9311   0.       2.       7.     100.      98.    ],[100.      12.0651   0.       2.       7.     100.      98.    ],"[0.9586251  0.84327391 1.         0.88458214 0.83151951 0.92609496
 0.87861801 0.91396095 0.89669067 0.91044445 0.90485239 0.88      ]","[0.9586251  0.84327391 1.         0.88458214 0.83151951 0.92609496
 0.87861801 0.91396095 0.89669067 0.91044445 0.90485239 0.9       ]","[[0.95158782 0.88209015 1.         0.82857624 0.87524519 0.91433317
  0.82032464 0.91281381 0.88248518 0.90627523 0.97850025 0.9       ]]","[0.91157349 0.77189158 1.         0.59719259 0.75994494 0.70365548
 0.630646   0.68831856 0.67339756 0.67729757 0.48671415 0.73      ]",392.6356498776617,392.51857373737374,290.0689,385.9349,-0.11707614028796343,-102.44967373737376,-102.56674987766172,-95.86600000000004,-0.000298180107497733,-0.26100592581364257,-0.2612262791461236,-0.2483994062211011,23.108622074127197,6.078940391540527,0.6630027294158936,11.089133739471436,3.8014227127946887,34.85449010818693,9.168801457116297,16.72562305926098,18,173
122,"[1.0000000e+02 0.0000000e+00 0.0000000e+00 2.0000000e+00 2.3000000e+01
 7.8582746e+03 2.2000000e+01]","[1.0000000e+02 0.0000000e+00 0.0000000e+00 2.0000000e+00 2.3000000e+01
 7.8582746e+03 2.2000000e+01]",[  0.      9.086   0.      2.     23.    100.     22.   ],[  0.     24.244   0.      2.     23.    100.     22.   ],"[0.94416919 0.874928   1.         0.87576953 0.91401878 0.93423076
 0.88358454 0.93733964 0.86725309 0.92354133 0.9655267  0.8       ]","[0.94416919 0.874928   1.         0.87576953 0.91401878 0.93423076
 0.88358454 0.93733964 0.86725309 0.92354133 0.9655267  0.8       ]","[[0.8366083  0.84239905 1.         0.72315    0.82759294 0.88301032
  0.7395211  0.8092423  0.73857233 0.80341397 0.92859596 0.87      ]]","[0.81750266 0.68362429 1.         0.57656793 0.66743921 0.75074488
 0.58914562 0.72645857 0.6364823  0.73458118 0.9289214  0.92      ]",398.0,398.0,288.914,273.756,0.0,-109.08600000000001,-109.08600000000001,15.158000000000015,0.0,-0.2740854271356784,-0.2740854271356784,0.05537047589824522,13.596876859664917,12.78178334236145,0.7998900413513184,1.0917243957519531,1.063769936907167,16.998432480412713,15.979425522998335,1.3648430900672492,48,5
123,"[1.0000000e+02 0.0000000e+00 0.0000000e+00 4.0000000e+00 2.0000000e+00
 2.9606375e+03 5.7000000e+01]","[1.0000000e+02 0.0000000e+00 0.0000000e+00 4.0000000e+00 2.0000000e+00
 2.9606375e+03 5.7000000e+01]",[  0.       2.6791   0.       4.       2.     100.      57.    ],[100.      27.6791   0.       4.       2.     100.      57.    ],"[0.95190112 0.95282638 1.         0.92839656 0.96588622 0.96329203
 0.92064598 0.96440042 0.93602004 0.96620974 0.9973225  0.93      ]","[0.95190112 0.95282638 1.         0.92839656 0.96588622 0.96329203
 0.92064598 0.96440042 0.93602004 0.96620974 0.9973225  0.93      ]","[[0.9155523  0.94892913 1.         0.93242507 0.96528675 0.95922096
  0.92436793 0.96363728 0.9229147  0.96587817 0.9970386  0.89      ]]","[0.81488913 0.81234983 1.         0.58932643 0.84128684 0.81279051
 0.59955353 0.73485432 0.63237287 0.72399874 0.91813666 0.89      ]",396.0,396.0,293.3209,368.3209,0.0,-102.6791,-102.6791,-75.0,0.0,-0.2592906565656566,-0.2592906565656566,-0.20362678305792584,12.884022951126099,19.182757139205933,1.9670639038085938,12.661778450012207,0.6716460442901395,6.549875134295477,9.751974555612872,6.4368922766040795,54,205
124,"[1.00000000e+02 5.04385018e+00 5.00000030e-01 1.00000000e+00
 1.00000000e+00 3.81067195e+04 3.00000000e+01]","[1.00000000e+02 0.00000000e+00 0.00000000e+00 1.00000000e+00
 1.00000000e+00 3.81067195e+04 3.00000000e+01]",[ 96.     41.883   0.      1.      1.    100.     30.   ],[100.     34.117   0.      1.      1.    100.     30.   ],"[0.94267889 0.84135989 1.         0.83999991 0.84019708 0.80957471
 0.85545193 0.86386407 0.80203776 0.84885753 0.97247249 0.88      ]","[0.91593043 0.83744734 1.         0.7100938  0.82723971 0.8334524
 0.73966273 0.88967321 0.76787024 0.88404049 0.97390217 0.89      ]","[0.85117696 0.77337299 1.         0.60267565 0.76665957 0.80585313
 0.63694901 0.74864145 0.63622009 0.74731175 0.90381819 0.85      ]","[0.85080222 0.76860121 1.         0.60133602 0.75088162 0.81959018
 0.63731026 0.73546184 0.62818515 0.72682338 0.78416288 0.83      ]",393.4561497867067,399.0,353.117,364.883,5.543850213293297,-45.88299999999998,-40.339149786706685,-11.765999999999963,0.014090134863309744,-0.11499498746867164,-0.10252514748740009,-0.03224595281227123,21.71958041191101,6.41325044631958,4.505476236343384,12.856941938400269,3.3866727322921544,4.820706907010231,1.4234345294260244,2.8536255134784336,162,203
125,"[1.0000000e+02 6.7113502e+00 0.0000000e+00 3.0000000e+00 2.3000000e+01
 3.5406703e+03 9.6000000e+01]","[0.00000000e+00 5.48142626e+00 0.00000000e+00 3.00000000e+00
 2.30000000e+01 3.54067030e+03 9.60000000e+01]",[ 95.      38.3148   0.       3.      23.     100.      96.    ],[  0.      37.1648   0.       3.      23.     100.      96.    ],"[0.94490744 0.82453099 1.         0.89498643 0.83710642 0.91592982
 0.87329352 0.91387508 0.91322739 0.93278911 0.98671848 0.8       ]","[0.92134196 0.71690082 1.         0.92710812 0.66732056 0.90937763
 0.91082902 0.91588793 0.88185902 0.92122257 0.93524593 0.75      ]","[[0.73284375 0.68061837 1.         0.67583036 0.66497077 0.83203387
  0.56804723 0.75855258 0.69466348 0.72438819 0.93952173 0.79      ]]","[0.81517504 0.48495281 1.         0.55518243 0.43311007 0.68620405
 0.48814396 0.66403935 0.48993305 0.67205168 0.7940591  0.79      ]",390.28864979714075,291.51857373737374,353.6852,259.8352,-98.770076059767,62.16662626262627,-36.60344979714074,93.85000000000002,-0.25306930168505914,0.21325099620798632,-0.09378558617107112,0.36119047765660706,92.86153936386108,0.33734965324401855,4.043804168701172,0.39705634117126465,275.2679259364485,22.96390613635656,0.08342383537142745,0.09818881543385792,150,5
126,"[1.00000000e+02 4.10266350e-17 0.00000000e+00 1.00000000e+00
 1.80000000e+01 1.18516164e+04 8.00000000e+00]","[1.00000000e+02 0.00000000e+00 0.00000000e+00 1.00000000e+00
 1.80000000e+01 1.18516164e+04 8.00000000e+00]",[  0.       5.1713   0.       1.      18.     100.       8.    ],[  0.       6.5493   0.       1.      18.     100.       8.    ],"[0.93864978 0.93051864 1.         0.8947076  0.92876248 0.92776646
 0.8892126  0.92387183 0.88854115 0.89929863 0.94759077 0.92      ]","[0.93864978 0.93051864 1.         0.8947076  0.92876248 0.92776646
 0.8892126  0.92387183 0.88854115 0.89929863 0.94759077 0.92      ]","[[0.92170642 0.94483362 1.         0.89635749 0.93666021 0.92735001
  0.89161458 0.9231888  0.88583769 0.89929615 0.96677858 0.88      ]]","[0.91087998 0.87520658 1.         0.79655783 0.85483354 0.89100337
 0.78981696 0.85099859 0.83333762 0.82251218 0.99018037 0.96      ]",399.0,399.0,293.8287,292.4507,0.0,-105.17129999999997,-105.17129999999997,1.3780000000000427,0.0,-0.2635872180451127,-0.2635872180451127,0.0047119052886522165,12.172991275787354,12.8003089427948,0.35570812225341797,0.9992721080780029,0.9509919901300071,34.22185357666621,35.9854277763032,2.8092473732328473,6,3
127,"[3.14408938e+01 4.65955520e+01 2.80185732e-03 1.00000000e+00
 1.30000000e+01 3.74597465e+04 8.80000000e+01]","[0.00000000e+00 4.63617899e+01 0.00000000e+00 1.00000000e+00
 1.30000000e+01 3.74597465e+04 8.80000000e+01]",[ 95.      8.668   0.      1.     13.    100.     88.   ],[  0.     13.417   0.      1.     13.    100.     88.   ],"[0.82130934 0.84049212 1.         0.63074618 0.855198   0.86773254
 0.72228656 0.77184389 0.72669903 0.80575242 0.96906674 0.84      ]","[0.79600172 0.86020805 1.         0.60801277 0.86862189 0.8588548
 0.63477465 0.76624349 0.62264273 0.80575242 0.97752631 0.92      ]","[0.90198148 0.65109715 1.         0.7052399  0.67757067 0.66038949
 0.71282299 0.78303103 0.78151486 0.77959018 0.93564451 0.9       ]","[0.79746628 0.76985959 1.         0.52532054 0.76325166 0.79241874
 0.55370488 0.73935835 0.56247175 0.71218543 0.96361744 0.93      ]",283.8425399981632,252.6382101010101,385.332,285.58299999999997,-31.204329897153116,132.6937898989899,101.48946000183679,99.74900000000002,-0.10993535323265866,0.5252324652155196,0.35755549539013265,0.3492819950767379,10.39402723312378,0.32525110244750977,6.178474187850952,0.7988722324371338,31.95693159810644,1.6822967802571844,0.05264262543769586,0.12929927489346751,174,5
128,"[1.00000000e+02 0.00000000e+00 0.00000000e+00 3.00000000e+00
 1.20000000e+01 3.02022178e+04 7.20000000e+01]","[1.00000000e+02 0.00000000e+00 0.00000000e+00 3.00000000e+00
 1.20000000e+01 3.02022178e+04 7.20000000e+01]",[ 25.      6.936   0.      3.     12.    100.     72.   ],[100.     34.117   0.      3.     12.    100.     72.   ],"[0.95462123 0.88285762 1.         0.87444984 0.89930805 0.91093773
 0.88006788 0.87752813 0.88797731 0.90029692 0.91619617 0.96      ]","[0.95462123 0.88285762 1.         0.87444984 0.89930805 0.91093773
 0.88006788 0.87752813 0.88797731 0.90029692 0.91619617 0.96      ]","[[0.94741201 0.76179413 1.         0.73008506 0.77332986 0.8671017
  0.743292   0.79187282 0.82347531 0.8031186  0.75597942 0.96      ]]","[0.84208045 0.71301244 1.         0.58097295 0.73582004 0.77296234
 0.58686059 0.72461694 0.62734045 0.71363187 0.84444368 0.91      ]",397.0,397.0,315.06399999999996,362.883,0.0,-81.93600000000004,-81.93600000000004,-47.81900000000002,0.0,-0.20638790931989934,-0.20638790931989934,-0.13177525538534465,9.359655618667603,12.812102556228638,5.475465297698975,12.966063976287842,0.7305323679381087,1.7093808671567934,2.33991119651746,2.3680296141657107,162,205
129,"[1.00000000e+02 0.00000000e+00 0.00000000e+00 3.00000000e+00
 1.40000000e+01 1.47717079e+04 3.80000000e+01]","[1.00000000e+02 0.00000000e+00 0.00000000e+00 3.00000000e+00
 1.40000000e+01 1.47717079e+04 3.80000000e+01]",[ 96.       6.4184   0.       3.      14.     100.      38.    ],[100.      31.6579   0.       3.      14.     100.      38.    ],"[0.93983923 0.92693805 1.         0.88965198 0.93085169 0.93220996
 0.89279177 0.92247808 0.89564539 0.92526047 0.93582124 0.89      ]","[0.93983923 0.92693805 1.         0.88965198 0.93085169 0.93220996
 0.89279177 0.92247808 0.89564539 0.92526047 0.93582124 0.89      ]","[[0.93045272 0.85362651 1.         0.76868352 0.85484721 0.89693794
  0.77586551 0.84747112 0.83473689 0.84902191 0.97560114 0.95      ]]","[0.80744242 0.72514279 1.         0.57606445 0.70017778 0.78297421
 0.58288067 0.79997476 0.61176387 0.73818025 0.7358762  0.9       ]",397.0,397.0,386.5816,365.3421,0.0,-10.41840000000002,-10.41840000000002,21.239499999999964,0.0,-0.026242821158690227,-0.026242821158690227,0.05813592246828374,11.961724281311035,6.39154839515686,6.569804430007935,12.57168698310852,1.8714908409947935,1.8207123832598755,0.9728673757719666,1.9135557408203303,186,203
130,"[1.00000000e+02 0.00000000e+00 8.74906324e-17 4.00000000e+00
 1.70000000e+01 3.31307007e+04 1.60000000e+01]","[1.00000000e+02 0.00000000e+00 0.00000000e+00 4.00000000e+00
 1.70000000e+01 3.31307007e+04 1.60000000e+01]",[  0.       4.7105   0.       4.      17.     100.      16.    ],[  0.     13.417   0.      4.     17.    100.     16.   ],"[0.93616648 0.90664391 1.         0.88410495 0.88370241 0.8927021
 0.85882866 0.89972237 0.86580066 0.90326913 0.96337831 0.97      ]","[0.93616648 0.90664391 1.         0.88410495 0.88370241 0.8927021
 0.85882866 0.89972237 0.86580066 0.90326913 0.96337831 0.97      ]","[0.89090378 0.90158758 1.         0.88165663 0.88317197 0.89685749
 0.861787   0.89771979 0.84665365 0.90238235 0.97433454 0.9       ]","[0.7678737  0.73712222 1.         0.5900634  0.72155274 0.77709882
 0.56779658 0.73528622 0.5692009  0.73876937 0.77479857 0.93      ]",396.0,396.0,291.2895,282.58299999999997,0.0,-104.71050000000002,-104.71050000000002,8.706500000000005,0.0,-0.2644204545454546,-0.2644204545454546,0.030810416762508737,10.766455888748169,6.517054080963135,1.1322031021118164,1.007777214050293,1.6520433550180127,9.509297288327756,5.756082163003569,0.8901028553715841,42,4
131,"[1.00000000e+02 1.29366133e-16 0.00000000e+00 1.00000000e+00
 2.00000000e+01 1.67955971e+04 1.30000000e+01]","[1.00000000e+02 0.00000000e+00 0.00000000e+00 1.00000000e+00
 2.00000000e+01 1.67955971e+04 1.30000000e+01]",[  0.       7.8188   0.       1.      20.     100.      13.    ],[  0.      21.9768   0.       1.      20.     100.      13.    ],"[0.93786753 0.90279026 1.         0.90381295 0.92063286 0.91655417
 0.89368972 0.91353221 0.87510308 0.89276892 0.85061991 0.94      ]","[0.93786753 0.90279026 1.         0.90381295 0.92063286 0.91655417
 0.89368972 0.91353221 0.87510308 0.89276892 0.85061991 0.94      ]","[[0.91089451 0.81792643 1.         0.81237091 0.8109237  0.84792781
  0.79739563 0.81319037 0.836235   0.77284155 0.94137377 0.96      ]]","[0.81085132 0.73955715 1.         0.63601691 0.73726647 0.81175371
 0.61702593 0.74424224 0.6529879  0.74112579 0.90923959 0.97      ]",399.0,399.0,291.1812,277.0232,0.0,-107.81880000000001,-107.81880000000001,14.158000000000015,0.0,-0.2702225563909775,-0.2702225563909775,0.05110763286251843,2.940148115158081,2.212512493133545,0.38165283203125,0.25798869132995605,1.3288730003933211,7.7037240874380295,5.797186100671677,0.6759774058451943,60,6
132,"[4.21537880e+01 5.05803105e+00 3.41418975e+01 2.00000000e+00
 2.00000000e+01 2.47464418e+04 7.30000000e+01]","[0.00000000e+00 0.00000000e+00 0.00000000e+00 2.00000000e+00
 2.00000000e+01 2.47464418e+04 7.30000000e+01]",[ 95.      19.0447   0.       2.      20.     100.      73.    ],[100.      17.8947   0.       2.      20.     100.      73.    ],"[0.89771402 0.89268827 1.         0.85911021 0.91769316 0.89931212
 0.84215065 0.88987166 0.7978685  0.89805341 0.83291817 0.87      ]","[0.91421858 0.90541036 1.         0.89378412 0.91385705 0.91779803
 0.88194637 0.90131464 0.84723701 0.89518672 0.78118932 0.91      ]","[[0.87340883 0.73485063 1.         0.61103442 0.757374   0.79559836
  0.58595694 0.76884546 0.63314241 0.74901986 0.75989544 0.9       ]]","[0.87596509 0.73485063 1.         0.61559892 0.73579726 0.77609536
 0.58595694 0.74528712 0.63314241 0.75716838 0.78801256 0.89      ]",300.9538594748837,298.0,373.9553,380.1053,-2.9538594748837,75.95530000000002,73.00144052511632,-6.149999999999977,-0.009814991175184501,0.25488355704697996,0.2425668860086797,-0.01617972703879682,2.5201992988586426,0.162339448928833,1.429769515991211,3.4440927505493164,15.524256830288104,1.7626612336265075,0.1135423906532855,2.408844720795186,150,205
133,"[1.00000000e+02 1.10046259e-16 0.00000000e+00 1.00000000e+00
 1.60000000e+01 5.94560270e+03 8.00000000e+00]","[1.0000000e+02 0.0000000e+00 0.0000000e+00 1.0000000e+00 1.6000000e+01
 5.9456027e+03 8.0000000e+00]",[  1.       7.2652   0.       1.      16.     100.       8.    ],[100.      21.0452   0.       1.      16.     100.       8.    ],"[0.94642811 0.92081274 1.         0.89302774 0.90553189 0.9311818
 0.88022735 0.92984453 0.88167952 0.9078667  0.96620375 0.82      ]","[0.94642811 0.92081274 1.         0.89302774 0.90553189 0.9311818
 0.88022735 0.92984453 0.88167952 0.9078667  0.96620375 0.82      ]","[[0.93879276 0.81127438 1.         0.79077022 0.77450607 0.83180024
  0.77048767 0.84578992 0.82046524 0.80439307 0.90457851 0.8       ]]","[0.83848163 0.70932342 1.         0.58828766 0.69043175 0.79223878
 0.58376758 0.7540314  0.67338485 0.7353448  0.91072381 0.88      ]",399.0,399.0,292.7348,377.9548,0.0,-106.2652,-106.2652,-85.21999999999997,0.0,-0.2663288220551378,-0.2663288220551378,-0.22547669721352917,3.7325377464294434,1.7099113464355469,0.24097752571105957,3.4344863891601562,2.1828837817880036,15.489152921691485,7.095729534901898,14.25230995722906,48,203
134,"[1.0000000e+02 0.0000000e+00 0.0000000e+00 2.0000000e+00 7.0000000e+00
 9.4269039e+03 1.3000000e+01]","[1.0000000e+02 0.0000000e+00 0.0000000e+00 2.0000000e+00 7.0000000e+00
 9.4269039e+03 1.3000000e+01]",[ 15.       4.7105   0.       2.       7.     100.      13.    ],[  0.     13.417   0.      2.      7.    100.     13.   ],"[0.96023305 0.90806551 1.         0.9163264  0.92701829 0.92761063
 0.90691084 0.93258558 0.90617344 0.90710788 0.97045183 0.94      ]","[0.96023305 0.90806551 1.         0.9163264  0.92701829 0.92761063
 0.90691084 0.93258558 0.90617344 0.90710788 0.97045183 0.94      ]","[[0.96023305 0.90806551 1.         0.9163264  0.92701829 0.92761063
  0.90691084 0.93258558 0.90617344 0.90710788 0.97045183 0.94      ]]","[0.8213538  0.75134137 1.         0.70075411 0.76979844 0.82479952
 0.69167167 0.80673071 0.73112482 0.79243251 0.85109842 0.93      ]",398.0,398.0,308.2895,284.58299999999997,0.0,-89.71050000000002,-89.71050000000002,23.706500000000005,0.0,-0.22540326633165836,-0.22540326633165836,0.08330258659160951,3.0408761501312256,3.353658437728882,1.6041309833526611,0.2262125015258789,0.9067340060398416,1.8956532737593177,2.09063877733954,0.14101872220751632,156,5
135,"[1.00000000e+02 9.59938216e-17 0.00000000e+00 2.00000000e+00
 1.00000000e+01 1.71227430e+03 1.10000000e+01]",[ 100.        0.        0.        2.       10.     1712.2743   11.    ],[  5.       6.2935   0.       2.      10.     100.      11.    ],[  0.     13.417   0.      2.     10.    100.     11.   ],"[0.95880293 0.91242639 1.         0.96478038 0.91173286 0.93690671
 0.9577281  0.90999328 0.94160339 0.90455686 0.94915378 0.94      ]","[0.95880293 0.91242639 1.         0.96478038 0.91173286 0.93690671
 0.9577281  0.90999328 0.94160339 0.90455686 0.94915378 0.94      ]","[[0.9522248  0.81050441 1.         0.9253819  0.81764549 0.90558868
  0.91188919 0.82633221 0.91568975 0.83089176 0.95518768 0.97      ]]","[0.79082912 0.7162347  1.         0.62169677 0.60921762 0.81333691
 0.5942363  0.68964993 0.6021348  0.64522098 0.78539354 0.77      ]",398.0,398.0,296.7065,284.58299999999997,0.0,-101.2935,-101.2935,12.123500000000035,0.0,-0.2545062814070352,-0.2545062814070352,0.042600928375904526,3.6126811504364014,3.443851947784424,1.5181679725646973,0.23272371292114258,1.0490233625637109,2.3796320405398657,2.2684261623347233,0.15329246639816396,162,5
136,"[1.00000000e+02 0.00000000e+00 0.00000000e+00 1.00000000e+00
 4.00000000e+00 2.01620003e+04 3.00000000e+00]","[1.00000000e+02 0.00000000e+00 0.00000000e+00 1.00000000e+00
 4.00000000e+00 2.01620003e+04 3.00000000e+00]",[  0.       3.7367   0.       1.       4.     100.       3.    ],[100.      27.0347   0.       1.       4.     100.       3.    ],"[0.92395173 0.85771202 1.         0.83944801 0.89296905 0.87665702
 0.86424323 0.89055735 0.92476622 0.86531715 0.96198165 0.9       ]","[0.92395173 0.85771202 1.         0.83944801 0.89296905 0.87665702
 0.86424323 0.89055735 0.92476622 0.86531715 0.96198165 0.9       ]","[[0.87121931 0.88553581 1.         0.83904814 0.90442667 0.87665702
  0.86261297 0.89055735 0.9192812  0.86531715 0.9807598  0.91      ]]","[0.80513005 0.58458216 1.         0.36690413 0.6466646  0.72103354
 0.41948016 0.74491977 0.6803197  0.72905153 0.75033575 0.92      ]",399.0,399.0,295.2633,371.9653,0.0,-103.73669999999998,-103.73669999999998,-76.702,0.0,-0.2599917293233082,-0.2599917293233082,-0.2062074069812426,2.6483466625213623,3.596980333328247,0.3776729106903076,1.695249319076538,0.7362694307730272,7.012275933904645,9.524062307655887,4.488670675315247,48,103
137,"[1.00000000e+02 0.00000000e+00 0.00000000e+00 3.00000000e+00
 8.00000000e+00 2.49378153e+04 5.00000000e+00]","[1.00000000e+02 0.00000000e+00 0.00000000e+00 3.00000000e+00
 8.00000000e+00 2.49378153e+04 5.00000000e+00]",[ 36.      3.919   0.      3.      8.    100.      5.   ],[100.     13.417   0.      3.      8.    100.      5.   ],"[0.9376281  0.90800345 1.         0.87342244 0.9067882  0.91179023
 0.83142889 0.91218992 0.86070573 0.91319529 0.98301172 0.93      ]","[0.9376281  0.90800345 1.         0.87342244 0.9067882  0.91179023
 0.83142889 0.91218992 0.86070573 0.91319529 0.98301172 0.93      ]","[[0.9376281  0.90800345 1.         0.87342244 0.9067882  0.91179023
  0.83142889 0.91218992 0.86070573 0.91319529 0.98301172 0.93      ]]","[0.84326623 0.72649592 1.         0.48438043 0.75506288 0.7662331
 0.4379077  0.7565376  0.57607995 0.75517233 0.89307767 0.96      ]",397.0,397.0,329.081,383.58299999999997,0.0,-67.91899999999998,-67.91899999999998,-54.50199999999995,0.0,-0.171080604534005,-0.171080604534005,-0.14208658882171513,2.858447313308716,1.640803337097168,1.558215856552124,1.7232365608215332,1.742102327976579,1.8344360322668156,1.053001309284444,1.1059036227718486,156,103
138,"[4.99676636e-01 5.36435529e+00 3.67777279e-14 2.00000000e+00
 2.10000000e+01 2.24595336e+04 9.80000000e+01]","[0.00000000e+00 5.48142626e+00 0.00000000e+00 2.00000000e+00
 2.10000000e+01 2.24595336e+04 9.80000000e+01]",[  1.    44.03   0.     2.    21.   100.    98.  ],[100.      39.8215   0.       2.      21.     100.      98.    ],"[0.93662823 0.85151253 1.         0.90487493 0.8870216  0.90735066
 0.89056456 0.90502984 0.88556261 0.89334537 0.90034676 0.9       ]","[0.93662823 0.85151253 1.         0.90487493 0.8870216  0.90735066
 0.89056456 0.90502984 0.88556261 0.89334537 0.90034676 0.9       ]","[[0.88589669 0.59283779 1.         0.57021021 0.58511455 0.66493119
  0.52888498 0.69206397 0.66569365 0.69334148 0.27320376 0.83      ]]","[0.88134802 0.5137523  1.         0.53534881 0.54332155 0.64695892
 0.53335108 0.65223856 0.61199656 0.67168877 0.16346858 0.79      ]",293.13532135041197,292.51857373737374,254.97,358.1785,-0.6167476130382283,-37.548573737373744,-38.16532135041197,-103.20849999999999,-0.002103968945799515,-0.12836304121694936,-0.13019693831024,-0.2881482277691151,2.1243736743927,0.09991955757141113,0.18007135391235352,1.67329740524292,21.260839479542728,11.79739935440648,0.5548886894027862,9.292413084522968,36,103
139,"[1.00000000e+02 2.91034611e-17 0.00000000e+00 4.00000000e+00
 5.00000000e+00 3.26135949e+04 7.00000000e+01]","[1.00000000e+02 0.00000000e+00 0.00000000e+00 4.00000000e+00
 5.00000000e+00 3.26135949e+04 7.00000000e+01]",[ 25.      6.936   0.      4.      5.    100.     70.   ],[  0.     34.117   0.      4.      5.    100.     70.   ],"[0.96379201 0.88215384 1.         0.89133574 0.88373308 0.89792986
 0.87563236 0.87460807 0.89215568 0.90109597 0.97345418 0.92      ]","[0.96379201 0.88215384 1.         0.89133574 0.88373308 0.89792986
 0.87563236 0.87460807 0.89215568 0.90109597 0.97345418 0.92      ]","[0.9579756  0.75570731 1.         0.77631372 0.73794689 0.84875442
 0.7713365  0.78602471 0.82959787 0.80452737 0.97240555 0.9       ]","[0.79691942 0.71618143 1.         0.63162749 0.7256291  0.77623857
 0.61866663 0.71474422 0.59999378 0.7112087  0.79450583 0.87      ]",396.0,396.0,314.06399999999996,261.88300000000004,0.0,-81.93600000000004,-81.93600000000004,52.180999999999926,0.0,-0.206909090909091,-0.206909090909091,0.19925310157589426,3.564107656478882,3.50952410697937,1.3604011535644531,0.20348429679870605,1.0155529775079652,2.6198946150114546,2.579771487096946,0.14957668645424693,162,5
140,"[9.09361670e+01 5.07767859e+00 9.78139982e+01 3.00000000e+00
 2.20000000e+01 1.46579164e+04 4.00000000e+00]","[1.00000000e+02 0.00000000e+00 0.00000000e+00 3.00000000e+00
 2.20000000e+01 1.46579164e+04 4.00000000e+00]",[ 96.      7.708   0.      3.     22.    100.      4.   ],[100.     24.244   0.      3.     22.    100.      4.   ],"[0.81451625 0.94064972 1.         0.87359286 0.93311017 0.91339409
 0.86041103 0.93604361 0.86779815 0.92759422 0.7699514  0.84      ]","[0.88231098 0.90662841 1.         0.83725321 0.90532611 0.89714785
 0.81845798 0.90666536 0.8456058  0.89833538 0.76111394 0.91      ]","[[0.86682321 0.74973679 1.         0.708607   0.75558215 0.79787489
  0.68491557 0.81328887 0.81253406 0.80402111 0.90096414 0.95      ]]","[0.80135219 0.60014414 1.         0.32080585 0.60046047 0.72988361
 0.33532326 0.72044883 0.48155985 0.72817552 0.69544584 0.95      ]",285.04449024558835,397.0,385.29200000000003,372.756,111.95550975441165,-11.70799999999997,100.24750975441168,12.536000000000058,0.39276503698757037,-0.029491183879093122,0.351690747181398,0.03363057871637226,2.4474170207977295,1.817399263381958,1.745704174041748,1.8516793251037598,1.346658970381327,1.401965497471051,1.0410694379988894,1.0607062483081842,174,103
141,"[7.65520305e+01 5.06300536e+00 8.68200920e+01 1.00000000e+00
 0.00000000e+00 2.69113484e+04 1.00000000e+00]","[0.00000000e+00 0.00000000e+00 0.00000000e+00 1.00000000e+00
 0.00000000e+00 2.69113484e+04 1.00000000e+00]",[  0.       3.0289   0.       1.       0.     100.       1.    ],[  0.      16.6194   0.       1.       0.     100.       1.    ],"[0.77044005 0.93072344 1.         0.89047188 0.93617067 0.87995517
 0.91095228 0.92513955 0.86221511 0.9251088  0.98591608 0.87      ]","[0.79440427 0.89875342 1.         0.87005769 0.90743608 0.58782437
 0.89825786 0.90951168 0.81514881 0.89348665 0.98562974 0.85      ]","[[0.79440427 0.89875342 1.         0.87005769 0.90743608 0.58782437
  0.89825786 0.90951168 0.81514881 0.89348665 0.98562974 0.85      ]]","[0.78244967 0.68582804 1.         0.5573409  0.73575144 0.28765734
 0.6274118  0.71779488 0.42394397 0.64746609 0.79575223 0.82      ]",283.6689331531439,299.0,295.9711,282.3806,15.331066846856118,-3.0289000000000215,12.302166846856096,13.590499999999963,0.05404563226731409,-0.010130100334448233,0.04336804425535928,0.048128306264665355,2.744309186935425,0.18135452270507812,0.3856792449951172,0.20634174346923828,15.132289760417324,7.1155220887506365,0.4702211100505917,0.5350086792247548,66,5
142,[ 100.        0.        0.        3.        0.     2502.0402   45.    ],[ 100.        0.        0.        3.        0.     2502.0402   45.    ],[ 56.      4.952   0.      3.      0.    100.     45.   ],[100.     24.244   0.      3.      0.    100.     45.   ],"[0.95246844 0.94463108 1.         0.9122663  0.96514498 0.95929603
 0.90350912 0.95830436 0.9259206  0.96441183 0.99491173 0.87      ]","[0.95246844 0.94463108 1.         0.9122663  0.96514498 0.95929603
 0.90350912 0.95830436 0.9259206  0.96441183 0.99491173 0.87      ]","[[0.95246844 0.94463108 1.         0.9122663  0.96514498 0.95929603
  0.90350912 0.95830436 0.9259206  0.96441183 0.99491173 0.87      ]]","[0.83628238 0.7607749  1.         0.56284551 0.80237987 0.80069777
 0.56135349 0.71922977 0.61096063 0.70388127 0.89863002 0.89      ]",397.0,397.0,348.048,372.756,0.0,-48.952,-48.952,-24.70799999999997,0.0,-0.12330478589420654,-0.12330478589420654,-0.06628464732962037,3.586912155151367,3.5067551136016846,2.1087472438812256,1.8108880519866943,1.0228578953913197,1.7009682718302102,1.6629565841885228,0.8587506431798291,186,103
143,"[1.00000000e+02 0.00000000e+00 0.00000000e+00 1.00000000e+00
 1.30000000e+01 2.29482552e+04 5.10000000e+01]","[1.00000000e+02 0.00000000e+00 0.00000000e+00 1.00000000e+00
 1.30000000e+01 2.29482552e+04 5.10000000e+01]",[ 95.      6.936   0.      1.     13.    100.     51.   ],[  0.     34.117   0.      1.     13.    100.     51.   ],"[0.94711048 0.93020418 1.         0.86707518 0.92637454 0.93143397
 0.86768199 0.91288891 0.87295755 0.91388169 0.9478637  0.94      ]","[0.94711048 0.93020418 1.         0.86707518 0.92637454 0.93143397
 0.86768199 0.91288891 0.87295755 0.91388169 0.9478637  0.94      ]","[[0.93878456 0.84974432 1.         0.73773927 0.82895773 0.89785524
  0.73981806 0.83007965 0.81769251 0.82913212 0.9648878  0.96      ]]","[0.79852079 0.76727411 1.         0.46013806 0.74101598 0.78901729
 0.54017781 0.76010108 0.59206283 0.74414973 0.84025604 0.8       ]",399.0,399.0,387.064,264.88300000000004,0.0,-11.935999999999979,-11.935999999999979,122.18099999999998,0.0,-0.02991478696741849,-0.02991478696741849,0.4612640297791854,2.5592041015625,1.886763095855713,1.3080182075500488,0.24119901657104492,1.356399278310991,1.9565508238267983,1.4424593518385862,0.18440035098809274,162,5
144,"[1.00000000e+02 0.00000000e+00 2.10908339e-16 3.00000000e+00
 1.40000000e+01 3.14682568e+04 2.20000000e+01]","[1.00000000e+02 0.00000000e+00 0.00000000e+00 3.00000000e+00
 1.40000000e+01 3.14682568e+04 2.20000000e+01]",[  0.       4.7105   0.       3.      14.     100.      22.    ],[  0.     13.417   0.      3.     14.    100.     22.   ],"[0.95025515 0.90959232 1.         0.86887931 0.90978518 0.91801454
 0.87495388 0.90872892 0.88123246 0.90915946 0.96577024 0.93      ]","[0.95025515 0.90959232 1.         0.86887931 0.90978518 0.91801454
 0.87495388 0.90872892 0.88123246 0.90915946 0.96577024 0.93      ]","[0.91406534 0.90498407 1.         0.8708755  0.90936151 0.91425355
 0.87559379 0.9068876  0.87003295 0.9083212  0.96581161 0.95      ]","[0.81188205 0.74083747 1.         0.59070302 0.75717534 0.78876612
 0.59403667 0.7577459  0.61138006 0.75413803 0.72811282 0.76      ]",397.0,397.0,292.2895,283.58299999999997,0.0,-104.71050000000002,-104.71050000000002,8.706500000000005,0.0,-0.26375440806045347,-0.26375440806045347,0.030701769852212603,2.582641363143921,1.620955467224121,0.30750346183776855,0.2127065658569336,1.5932833537781779,8.398739148200095,5.27134054861242,0.6917208820535246,48,4
145,"[1.00000000e+02 5.36435008e+00 0.00000000e+00 3.00000000e+00
 5.00000000e+00 1.69557798e+04 9.40000000e+01]","[1.00000000e+02 5.48142626e+00 0.00000000e+00 3.00000000e+00
 5.00000000e+00 1.69557798e+04 9.40000000e+01]",[ 96.       8.6011   0.       3.       5.     100.      94.    ],[100.      21.0031   0.       3.       5.     100.      94.    ],"[0.9586251  0.85443264 1.         0.88263647 0.83321785 0.9057286
 0.88473384 0.86599787 0.92328919 0.88664165 0.93318427 0.93      ]","[0.9586251  0.85443264 1.         0.88263647 0.83321785 0.9057286
 0.88473384 0.86599787 0.92328919 0.88664165 0.93318427 0.95      ]","[[0.92675385 0.84218669 1.         0.86289416 0.81449571 0.89225937
  0.83665301 0.79475325 0.91548329 0.85434046 0.90507644 0.82      ]]","[0.89285438 0.67567217 1.         0.6196047  0.64047321 0.76096233
 0.63850945 0.69553671 0.75136607 0.67731301 0.76704311 0.72      ]",391.63564991950324,391.51857373737374,384.3989,375.9969,-0.11707618212949455,-7.1196737373737164,-7.236749919503211,8.402000000000044,-0.0002989415855108144,-0.01818476622810113,-0.018478271630763574,0.022345928915903413,5.751297473907471,1.6051926612854004,1.5242488384246826,3.4980123043060303,3.5829328233421944,3.773201152543741,1.053104073836378,2.2949089519538295,174,203
146,"[6.23360116e+01 1.58212428e+00 9.29437234e+01 4.00000000e+00
 2.30000000e+01 8.26675190e+03 7.50000000e+01]","[0.0000000e+00 0.0000000e+00 0.0000000e+00 4.0000000e+00 2.3000000e+01
 8.2667519e+03 7.5000000e+01]",[ 95.      38.8639   0.       4.      23.     100.      75.    ],[  0.      35.0464   0.       4.      23.     100.      75.    ],"[0.87376977 0.67080343 1.         0.84213182 0.88694072 0.90453575
 0.79525961 0.92401895 0.80249496 0.92520867 0.9504177  0.78      ]","[0.88339642 0.71056768 1.         0.86868362 0.90329395 0.92528196
 0.82609232 0.92786655 0.8275895  0.92264855 0.9589774  0.82      ]","[[0.69240429 0.67102419 1.         0.54718477 0.69127035 0.74919076
  0.44428748 0.6646128  0.65877899 0.6775363  0.79639548 0.69      ]]","[0.7859923  0.59584338 1.         0.48275104 0.61816842 0.70968258
 0.40001869 0.65007653 0.51709024 0.65015562 0.84311271 0.72      ]",263.8101639201485,296.0,352.1361,260.9536,32.18983607985149,56.1361,88.32593607985149,91.1825,0.12201893816947433,0.18964898648648648,0.3348086926119589,0.34942035672242117,2.4616453647613525,0.17890191078186035,1.4890797138214111,0.2716548442840576,13.759748870222516,1.6531320263869926,0.12014260158225248,0.18243136466275023,162,6
147,"[1.00000000e+02 5.36436642e+00 0.00000000e+00 4.00000000e+00
 5.00000000e+00 5.24851540e+03 8.30000000e+01]","[1.00000000e+02 5.48142626e+00 0.00000000e+00 4.00000000e+00
 5.00000000e+00 5.24851540e+03 8.30000000e+01]",[ 96.       6.2935   0.       4.       5.     100.      83.    ],[100.     13.417   0.      4.      5.    100.     83.   ],"[0.94375184 0.83052073 1.         0.83801934 0.83013518 0.89863213
 0.81591613 0.85810928 0.85351955 0.88656797 0.96898401 0.83      ]","[0.94375184 0.83052073 1.         0.85299648 0.83013518 0.89863213
 0.83276359 0.85810928 0.85351955 0.88656797 0.96898401 0.85      ]","[[0.95283135 0.82632174 1.         0.81563315 0.82789765 0.89863213
  0.79374766 0.86159471 0.83426733 0.88656797 0.95959187 0.86      ]]","[0.86512649 0.67092884 1.         0.59568642 0.66276295 0.72081926
 0.61778061 0.68950252 0.6749258  0.69051733 0.63204485 0.77      ]",390.6356335812486,390.51857373737374,385.7065,382.58299999999997,-0.11705984387486978,-4.812073737373737,-4.929133581248607,3.1235000000000355,-0.0002996650428474606,-0.012322265984229185,-0.012618238474712504,0.00816424148485436,6.194328784942627,1.7105376720428467,2.0732181072235107,3.4226255416870117,3.621275863246505,2.987784432019156,0.8250640229713352,1.6508757712282625,210,203
148,"[1.00000000e+02 6.13765277e-17 4.36942780e-17 2.00000000e+00
 1.00000000e+00 3.39160572e+04 3.20000000e+01]","[1.00000000e+02 0.00000000e+00 0.00000000e+00 2.00000000e+00
 1.00000000e+00 3.39160572e+04 3.20000000e+01]",[ 56.       3.3553   0.       2.       1.     100.      32.    ],[100.      20.8288   0.       2.       1.     100.      32.    ],"[0.93991552 0.90582273 1.         0.84089577 0.89633908 0.92375104
 0.81622498 0.92850744 0.86944729 0.93253648 0.98484796 0.94      ]","[0.93991552 0.90582273 1.         0.84089577 0.89633908 0.92375104
 0.81622498 0.92850744 0.86944729 0.93253648 0.98484796 0.94      ]","[0.93991552 0.90582273 1.         0.84089577 0.89633908 0.92375104
 0.81622498 0.92850744 0.86944729 0.93253648 0.98484796 0.94      ]","[0.76728917 0.76622714 1.         0.60072009 0.76642283 0.81576742
 0.56449713 0.74324113 0.617827   0.74034047 0.78979635 0.96      ]",398.0,398.0,350.6447,377.1712,0.0,-47.3553,-47.3553,-26.5265,0.0,-0.11898316582914573,-0.11898316582914573,-0.07033013125074236,3.354835271835327,1.8011152744293213,1.5952589511871338,3.407118558883667,1.8626432852268704,2.1030035715134403,1.1290425752439732,2.13577774087913,150,203
149,"[1.00000000e+02 0.00000000e+00 0.00000000e+00 1.00000000e+00
 1.00000000e+00 2.57674646e+04 3.90000000e+01]","[1.00000000e+02 0.00000000e+00 0.00000000e+00 1.00000000e+00
 1.00000000e+00 2.57674646e+04 3.90000000e+01]",[  0.       5.2593   0.       1.       1.     100.      39.    ],[  0.      44.2593   0.       1.       1.     100.      39.    ],"[0.94379834 0.91450848 1.         0.8690293  0.91817684 0.94651577
 0.87119315 0.94370152 0.90127625 0.94450949 0.99283761 0.98      ]","[0.94379834 0.91450848 1.         0.8690293  0.91817684 0.94651577
 0.87119315 0.94370152 0.90127625 0.94450949 0.99283761 0.98      ]","[[0.94948184 0.84238195 1.         0.63239203 0.82618297 0.91880018
  0.63082345 0.89506286 0.84281853 0.87735505 0.98706853 0.96      ]]","[0.79243235 0.7941847  1.         0.63611044 0.79572673 0.83456402
 0.68471722 0.80553693 0.70873869 0.80491638 0.90754962 0.91      ]",399.0,399.0,293.7407,254.7407,0.0,-105.2593,-105.2593,39.0,0.0,-0.2638077694235589,-0.2638077694235589,0.1530968549587875,2.727750062942505,5.256555080413818,0.34456562995910645,0.2759382724761963,0.5189235195320667,7.916489126516299,15.25559900166965,0.8008293587173655,66,7
150,"[2.45302150e-01 4.81777924e+00 7.65357170e-02 3.00000000e+00
 9.00000000e+00 3.63160382e+04 5.90000000e+01]","[1.00000000e+02 0.00000000e+00 0.00000000e+00 3.00000000e+00
 9.00000000e+00 3.63160382e+04 5.90000000e+01]",[ 95.       4.0024   0.       3.       9.     100.      59.    ],[  0.      33.1249   0.       3.       9.     100.      59.    ],"[0.92789812 0.80246292 1.         0.85482781 0.82256358 0.75005732
 0.76427    0.82063346 0.86426102 0.84583096 0.76339293 0.88      ]","[0.95916992 0.80918016 1.         0.84693271 0.82331414 0.74397099
 0.75301297 0.82384918 0.89096924 0.84714444 0.77077812 0.93      ]","[0.95916992 0.80918016 1.         0.84693271 0.82331414 0.74397099
 0.75301297 0.82384918 0.89096924 0.84714444 0.77077812 0.93      ]","[0.78042904 0.71061608 1.         0.52866807 0.70795548 0.7591007
 0.38568437 0.72207952 0.565263   0.72362311 0.66382366 0.96      ]",292.3509871937375,397.0,387.99760000000003,263.8751,104.64901280626248,-9.002399999999966,95.64661280626251,124.12250000000006,0.3579567622151138,-0.022676070528967168,0.32716363889983596,0.4703835261455138,2.5461666584014893,1.8625600337982178,1.6965019702911377,0.2320084571838379,1.3670252835873589,1.5008333046406896,1.097882623430483,0.13675696300194853,174,5
151,"[1.0000000e+02 0.0000000e+00 0.0000000e+00 1.0000000e+00 8.0000000e+00
 1.2783883e+03 2.1000000e+01]","[1.0000000e+02 0.0000000e+00 0.0000000e+00 1.0000000e+00 8.0000000e+00
 1.2783883e+03 2.1000000e+01]",[ 95.       6.5391   0.       1.       8.     100.      21.    ],[  0.      17.5631   0.       1.       8.     100.      21.    ],"[0.9827355  0.88692973 1.         0.95265483 0.91461734 0.96962067
 0.94846455 0.95720853 0.96112971 0.92777837 0.92493469 0.84      ]","[0.9827355  0.88692973 1.         0.95265483 0.91461734 0.96962067
 0.94846455 0.95720853 0.96112971 0.92777837 0.92493469 0.84      ]","[[0.97989868 0.77763705 1.         0.90108279 0.82421657 0.95373929
  0.89369541 0.91316377 0.94335971 0.86870197 0.93393606 0.87      ]]","[0.89033938 0.6735458  1.         0.61220746 0.70987569 0.9080114
 0.59130612 0.84589401 0.72466231 0.81304706 0.8053686  0.83      ]",399.0,399.0,387.4609,281.43690000000004,0.0,-11.539100000000019,-11.539100000000019,106.02399999999994,0.0,-0.028920050125313332,-0.028920050125313332,0.37672387664872636,3.236863374710083,3.578284740447998,1.5322973728179932,0.1818244457244873,0.9045851880152027,2.112425063261241,2.3352417121666815,0.1186613309857084,162,5
152,"[1.00000000e+02 0.00000000e+00 0.00000000e+00 3.00000000e+00
 1.80000000e+01 1.28057656e+04 5.80000000e+01]","[1.00000000e+02 0.00000000e+00 0.00000000e+00 3.00000000e+00
 1.80000000e+01 1.28057656e+04 5.80000000e+01]",[ 95.      42.7842   0.       3.      18.     100.      58.    ],[  0.      48.9012   0.       3.      18.     100.      58.    ],"[0.94299422 0.93034803 1.         0.88502952 0.94207172 0.92457015
 0.88693545 0.92029639 0.88453646 0.92010645 0.87606519 0.81      ]","[0.94299422 0.93034803 1.         0.88502952 0.94207172 0.92457015
 0.88693545 0.92029639 0.88453646 0.92010645 0.87606519 0.81      ]","[[0.87532507 0.73988422 1.         0.56262268 0.74810366 0.79253165
  0.58670643 0.78700965 0.63646269 0.72383933 0.82353288 0.87      ]]","[0.80206773 0.7201039  1.         0.52820004 0.71135456 0.78714356
 0.54150594 0.71594453 0.56061802 0.72358018 0.91361386 0.88      ]",397.0,397.0,349.2158,248.09879999999998,0.0,-47.7842,-47.7842,101.11700000000002,0.0,-0.1203632241813602,-0.1203632241813602,0.4075674690889276,3.200618028640747,3.5135116577148438,1.5272133350372314,0.20511078834533691,0.9109456123798377,2.095724254897709,2.300603050738284,0.13430395324588792,162,5
153,"[1.00000000e+02 5.04385043e+00 5.00000030e-01 2.00000000e+00
 3.00000000e+00 3.85275286e+04 4.00000000e+00]","[1.00000000e+02 0.00000000e+00 0.00000000e+00 2.00000000e+00
 3.00000000e+00 3.85275286e+04 4.00000000e+00]",[ 95.      12.0703   0.       2.       3.     100.       4.    ],[  0.      33.4268   0.       2.       3.     100.       4.    ],"[0.9175392  0.93515075 1.         0.85057694 0.9448206  0.92645068
 0.86394424 0.89607435 0.80045584 0.88554268 0.99253696 0.81      ]","[0.8804571  0.89658073 1.         0.71169923 0.92149146 0.91869167
 0.70867154 0.89513046 0.76618397 0.88991274 0.9916088  0.86      ]","[0.86103136 0.73190372 1.         0.52545078 0.761429   0.82224959
 0.514794   0.74774126 0.63090911 0.75146328 0.96272665 0.94      ]","[0.82663045 0.69012307 1.         0.45486024 0.74065124 0.82181317
 0.45147865 0.70707078 0.51383351 0.73167361 0.92787838 0.93      ]",392.4561495364345,398.0,380.9297,264.5732,5.543850463565491,-17.070299999999975,-11.526449536434484,116.35650000000004,0.014126037953829579,-0.04289020100502506,-0.029370031658439846,0.4397894420145353,10.994106531143188,1.8035929203033447,1.558807134628296,0.23676252365112305,6.095669597823715,7.052897235914165,1.1570340424015437,0.15188698998839267,174,5
154,"[1.00000000e+02 0.00000000e+00 5.70506804e-17 4.00000000e+00
 1.10000000e+01 9.49797210e+03 3.20000000e+01]","[1.0000000e+02 0.0000000e+00 0.0000000e+00 4.0000000e+00 1.1000000e+01
 9.4979721e+03 3.2000000e+01]",[  0.       5.6262   0.       4.      11.     100.      32.    ],[  0.       9.7602   0.       4.      11.     100.      32.    ],"[0.93587041 0.94529218 1.         0.89838379 0.94805165 0.95023021
 0.89358385 0.93836462 0.89918656 0.93419718 0.99427456 0.9       ]","[0.93587041 0.94529218 1.         0.89838379 0.94805165 0.95023021
 0.89358385 0.93836462 0.89918656 0.93419718 0.99427456 0.9       ]","[[0.89007781 0.88487794 1.         0.80197696 0.88605717 0.91915461
  0.80031498 0.8742753  0.80968047 0.8781914  0.99036497 0.98      ]]","[0.78873633 0.86207542 1.         0.68602667 0.8623745  0.89020771
 0.7034787  0.78348544 0.66941548 0.78102095 0.83190143 0.92      ]",396.0,396.0,290.3738,286.2398,0.0,-105.62619999999998,-105.62619999999998,4.1340000000000146,0.0,-0.26673282828282824,-0.26673282828282824,0.014442436027414827,3.467621326446533,1.7898714542388916,0.16919779777526855,0.18332338333129883,1.9373577461299154,20.494482623540335,10.578574176339044,1.0834856348118203,18,5
155,"[1.00000000e+02 8.83740653e-17 0.00000000e+00 1.00000000e+00
 1.80000000e+01 1.18050644e+04 2.80000000e+01]","[1.00000000e+02 0.00000000e+00 0.00000000e+00 1.00000000e+00
 1.80000000e+01 1.18050644e+04 2.80000000e+01]",[ 85.      10.1314   0.       1.      18.     100.      28.    ],[  0.      29.5464   0.       1.      18.     100.      28.    ],"[0.93127837 0.94052685 1.         0.8877735  0.94480253 0.94067315
 0.89204842 0.94403263 0.88486131 0.94224747 0.94775671 0.9       ]","[0.93127837 0.94052685 1.         0.8877735  0.94480253 0.94067315
 0.89204842 0.94403263 0.88486131 0.94224747 0.94775671 0.9       ]","[[0.81449307 0.85749534 1.         0.669763   0.84901856 0.8911639
  0.69390947 0.8093305  0.73340026 0.8122239  0.97312409 0.93      ]]","[0.77854208 0.74547418 1.         0.59531639 0.72761852 0.80538569
 0.61296311 0.7607289  0.64953178 0.76051589 0.93387908 0.93      ]",399.0,399.0,373.8686,269.4536,0.0,-25.131399999999985,-25.131399999999985,104.41500000000002,0.0,-0.06298596491228066,-0.06298596491228066,0.38750642040039557,2.915585994720459,3.597433567047119,1.6929888725280762,0.19759058952331543,0.8104627758598636,1.722153076155028,2.124900892984139,0.11671109759171712,174,5
156,"[1.00000000e+02 0.00000000e+00 0.00000000e+00 2.00000000e+00
 1.90000000e+01 2.11553492e+04 4.40000000e+01]","[1.00000000e+02 0.00000000e+00 0.00000000e+00 2.00000000e+00
 1.90000000e+01 2.11553492e+04 4.40000000e+01]",[  1.      37.9448   0.       2.      19.     100.      44.    ],[100.      42.9448   0.       2.      19.     100.      44.    ],"[0.93310073 0.90891367 1.         0.86633773 0.92743751 0.92522164
 0.86391274 0.90512348 0.85598711 0.90021538 0.82791215 0.95      ]","[0.93310073 0.90891367 1.         0.86633773 0.92743751 0.92522164
 0.86391274 0.90512348 0.85598711 0.90021538 0.82791215 0.95      ]","[[0.80452815 0.78895317 1.         0.58354159 0.80436637 0.80576367
  0.58306263 0.76537425 0.62451593 0.74896617 0.83719403 0.84      ]]","[0.85460793 0.7579697  1.         0.57668806 0.75885934 0.81046875
 0.58907727 0.77109525 0.64167845 0.76730053 0.79184723 0.88      ]",398.0,398.0,261.0552,355.0552,0.0,-136.9448,-136.9448,-94.0,0.0,-0.3440824120603015,-0.3440824120603015,-0.2647475660122708,2.7542636394500732,1.7362687587738037,0.20212817192077637,3.4166901111602783,1.5863118111940244,13.626322413530756,8.589939454131757,16.903581913853362,36,203
157,"[1.00000000e+02 0.00000000e+00 0.00000000e+00 3.00000000e+00
 5.00000000e+00 3.14487054e+04 3.00000000e+01]","[1.00000000e+02 0.00000000e+00 0.00000000e+00 3.00000000e+00
 5.00000000e+00 3.14487054e+04 3.00000000e+01]",[ 25.      6.936   0.      3.      5.    100.     30.   ],[  0.     34.117   0.      3.      5.    100.     30.   ],"[0.96067086 0.92051585 1.         0.88073375 0.91709188 0.92623541
 0.87703983 0.90763523 0.89414523 0.91167156 0.95418262 0.87      ]","[0.96067086 0.92051585 1.         0.88073375 0.91709188 0.92623541
 0.87703983 0.90763523 0.89414523 0.91167156 0.95418262 0.87      ]","[0.9543768  0.81511653 1.         0.77755559 0.80762344 0.88925822
 0.7735288  0.81693988 0.83252486 0.82265282 0.96918261 0.82      ]","[0.7720105  0.76878717 1.         0.65558571 0.76881672 0.7895529
 0.64255596 0.75623388 0.65877615 0.74817943 0.76320392 0.92      ]",397.0,397.0,315.06399999999996,262.88300000000004,0.0,-81.93600000000004,-81.93600000000004,52.180999999999926,0.0,-0.20638790931989934,-0.20638790931989934,0.19849514803163354,4.706308364868164,1.779952049255371,1.5051250457763672,0.23966312408447266,2.644064690864572,3.1268553918990674,1.1825941334576915,0.15923137068046772,162,5
158,"[1.00000000e+02 0.00000000e+00 0.00000000e+00 2.00000000e+00
 8.00000000e+00 1.58922663e+04 5.40000000e+01]","[1.00000000e+02 0.00000000e+00 0.00000000e+00 2.00000000e+00
 8.00000000e+00 1.58922663e+04 5.40000000e+01]",[ 56.       2.6493   0.       2.       8.     100.      54.    ],[100.      16.2398   0.       2.       8.     100.      54.    ],"[0.95965744 0.93741188 1.         0.89056793 0.93734132 0.94098168
 0.88748217 0.92269321 0.88944317 0.92703517 0.98295051 0.94      ]","[0.95965744 0.93741188 1.         0.89056793 0.93734132 0.94098168
 0.88748217 0.92269321 0.88944317 0.92703517 0.98295051 0.94      ]","[[0.95965744 0.93741188 1.         0.89056793 0.93734132 0.94098168
  0.88748217 0.92269321 0.88944317 0.92703517 0.98295051 0.94      ]]","[0.8607833  0.77640857 1.         0.61437733 0.75894456 0.81567774
 0.62336576 0.77477702 0.66756156 0.77368315 0.84250009 0.83      ]",398.0,398.0,351.3507,381.7602,0.0,-46.64929999999998,-46.64929999999998,-30.40949999999998,0.0,-0.11720929648241202,-0.11720929648241202,-0.07965602490778237,3.049326181411743,12.618885040283203,1.5704476833343506,3.39546537399292,0.24164782955684236,1.941692304539213,8.035215164564399,2.1621002788094916,138,203
159,"[2.83990190e-01 5.12564258e+00 1.62926778e+01 2.00000000e+00
 9.00000000e+00 3.77725328e+04 2.30000000e+01]","[1.00000000e+02 4.63617899e+01 0.00000000e+00 2.00000000e+00
 9.00000000e+00 3.77725328e+04 2.30000000e+01]",[ 96.      18.9575   0.       2.       9.     100.      23.    ],[100.     13.417   0.      2.      9.    100.     23.   ],"[0.94815368 0.84920617 1.         0.82428018 0.83882979 0.84080513
 0.82083199 0.84554483 0.6850968  0.85498997 0.37200558 0.76      ]","[0.893477   0.86709471 1.         0.6278644  0.84115863 0.87678291
 0.67031461 0.76465608 0.60601338 0.81158618 0.94700843 0.93      ]","[0.90597554 0.78118039 1.         0.54623457 0.79232482 0.86337038
 0.57889458 0.78438895 0.58591851 0.79730305 0.82876658 0.91      ]","[0.90794349 0.74351292 1.         0.55100073 0.73575458 0.82260796
 0.57889458 0.74034133 0.57194182 0.74424453 0.65666807 0.86      ]",276.86566977338384,351.6382101010101,375.0425,384.583,74.77254032762625,23.40428989898993,98.17683022661618,-9.540500000000009,0.2700679372376792,0.06655786893087334,0.35460095253764934,-0.024807388782135478,2.498532772064209,1.6476609706878662,0.5916862487792969,1.804239273071289,1.516411941845731,4.222732533025589,2.784686941917515,3.049317567872501,84,103
160,"[4.17542499e+01 5.43970938e+00 1.14374817e-02 2.00000000e+00
 6.00000000e+00 3.08350940e+04 8.20000000e+01]","[0.00000000e+00 5.48142626e+00 0.00000000e+00 2.00000000e+00
 6.00000000e+00 3.08350940e+04 8.20000000e+01]",[ 95.      7.085   0.      2.      6.    100.     82.   ],[  0.     13.417   0.      2.      6.    100.     82.   ],"[0.93409961 0.78730277 1.         0.7932951  0.77168036 0.88213506
 0.79497777 0.79261321 0.830878   0.82073065 0.89515889 0.94      ]","[0.91581114 0.80160253 1.         0.8033143  0.77929912 0.88088849
 0.80333484 0.81981675 0.80799529 0.82073065 0.9240337  0.92      ]","[0.94464579 0.77331233 1.         0.72793962 0.76656281 0.8904883
 0.73071878 0.79732751 0.82479265 0.82073065 0.88089591 0.89      ]","[0.79807954 0.74610822 1.         0.60953193 0.73851228 0.79030642
 0.61881577 0.75686796 0.62985912 0.7503587  0.82613808 0.75      ]",334.3031030845166,292.51857373737374,385.915,284.58299999999997,-41.784529347142836,93.39642626262628,51.61189691548344,101.33200000000005,-0.12498995361278209,0.319283746906542,0.15438653257859597,0.3560718665556272,2.3674769401550293,0.08798551559448242,1.6709845066070557,0.24471783638000488,26.907575913591554,1.4168156142645547,0.05265489610860459,0.14645128989071596,174,5
161,"[1.00000000e+02 5.36435008e+00 0.00000000e+00 1.00000000e+00
 2.10000000e+01 2.81953166e+04 9.30000000e+01]","[1.00000000e+02 5.48142626e+00 0.00000000e+00 1.00000000e+00
 2.10000000e+01 2.81953166e+04 9.30000000e+01]",[ 95.       7.3184   0.       1.      21.     100.      93.    ],[100.      16.9644   0.       1.      21.     100.      93.    ],"[0.94235597 0.80596123 1.         0.87224815 0.81334227 0.90516099
 0.86766263 0.83839948 0.85705629 0.85796674 0.92246097 0.84      ]","[0.94235597 0.80596123 1.         0.87224815 0.81334227 0.90516099
 0.86766263 0.83839948 0.85705629 0.85796674 0.92246097 0.85      ]","[[0.95227495 0.77369611 1.         0.82639284 0.79335237 0.85659661
  0.821057   0.84609132 0.86668407 0.86640175 0.90138888 0.92      ]]","[0.88897369 0.67891025 1.         0.5751494  0.69176063 0.76617206
 0.56205878 0.73128586 0.65161428 0.73317208 0.83732086 0.8       ]",393.63564991911517,393.51857373737374,386.6816,382.0356,-0.11707618174142453,-6.836973737373739,-6.954049919115164,4.646000000000015,-0.0002974227099742656,-0.017373954353515714,-0.01766620965490319,0.012161170320252917,4.294745922088623,3.5201916694641113,2.0087645053863525,3.5661239624023438,1.220031840693045,2.138003688621828,1.7524163036657505,1.775282245798374,198,205
162,[ 100.        0.        0.        4.       13.     3618.4882   27.    ],[ 100.        0.        0.        4.       13.     3618.4882   27.    ],[ 55.     6.33   0.     4.    13.   100.    27.  ],[  0.     23.244   0.      4.     13.    100.     27.   ],"[0.96059735 0.94975917 1.         0.93609073 0.95481895 0.95773076
 0.93740872 0.94465296 0.92783787 0.94172939 0.99631739 0.92      ]","[0.96059735 0.94975917 1.         0.93609073 0.95481895 0.95773076
 0.93740872 0.94465296 0.92783787 0.94172939 0.99631739 0.92      ]","[[0.95429208 0.88542475 1.         0.87132039 0.90025175 0.93561148
  0.87490779 0.88850834 0.88647113 0.89207329 0.99432856 0.97      ]]","[0.83333422 0.76765232 1.         0.55378042 0.76649298 0.79081359
 0.60475646 0.71510554 0.58082212 0.70441781 0.95970953 0.84      ]",396.0,396.0,344.67,272.756,0.0,-51.329999999999984,-51.329999999999984,71.91400000000004,0.0,-0.12962121212121208,-0.12962121212121208,0.2636568948070805,3.637692928314209,5.081252336502075,1.9081459045410156,0.28038501739501953,0.7159047981502903,1.906401874016661,2.6629265217139237,0.14694107862913303,198,7
163,"[1.00000000e+02 0.00000000e+00 0.00000000e+00 1.00000000e+00
 0.00000000e+00 1.25233366e+04 6.20000000e+01]","[1.00000000e+02 0.00000000e+00 0.00000000e+00 1.00000000e+00
 0.00000000e+00 1.25233366e+04 6.20000000e+01]",[ 96.      39.0933   0.       1.       0.     100.      62.    ],[100.      49.0933   0.       1.       0.     100.      62.    ],"[0.95380036 0.93044335 1.         0.89878393 0.93645334 0.95330783
 0.89917783 0.94980834 0.9142373  0.95871653 0.99570674 0.96      ]","[0.95380036 0.93044335 1.         0.89878393 0.93645334 0.95330783
 0.89917783 0.94980834 0.9142373  0.95871653 0.99570674 0.96      ]","[[0.83947136 0.79867997 1.         0.69530909 0.81502787 0.84335007
  0.6857087  0.78447444 0.73991279 0.78453022 0.90666795 0.94      ]]","[0.84382244 0.79240697 1.         0.65012048 0.79776631 0.82323382
 0.67780925 0.82713569 0.75359135 0.82921288 0.97531658 0.88      ]",399.0,399.0,355.9067,349.9067,0.0,-43.0933,-43.0933,6.0,0.0,-0.1080032581453634,-0.1080032581453634,0.017147428157277354,3.2217776775360107,3.6739001274108887,1.5893473625183105,1.8242149353027344,0.8769366520059698,2.0271073231160273,2.311577830028055,1.1477761113292928,162,103
164,"[1.00000000e+02 0.00000000e+00 8.88988333e-17 3.00000000e+00
 4.00000000e+00 2.59346309e+04 5.60000000e+01]","[1.00000000e+02 0.00000000e+00 0.00000000e+00 3.00000000e+00
 4.00000000e+00 2.59346309e+04 5.60000000e+01]",[ 25.      6.936   0.      3.      4.    100.     56.   ],[  0.     34.117   0.      3.      4.    100.     56.   ],"[0.95605725 0.89365587 1.         0.87023561 0.90444872 0.91181946
 0.86868861 0.91415825 0.89535916 0.91330265 0.96121293 0.96      ]","[0.95605725 0.89365587 1.         0.87023561 0.90444872 0.91181946
 0.86868861 0.91415825 0.89535916 0.91330265 0.96121293 0.96      ]","[[0.96441529 0.77952354 1.         0.76044569 0.78281783 0.86864063
  0.76007057 0.83138168 0.83431451 0.82795381 0.97558665 0.95      ]]","[0.7923329  0.72915707 1.         0.60135819 0.73311088 0.75547676
 0.60374305 0.7376601  0.62922766 0.71701904 0.80514902 0.97      ]",397.0,397.0,315.06399999999996,262.88300000000004,0.0,-81.93600000000004,-81.93600000000004,52.180999999999926,0.0,-0.20638790931989934,-0.20638790931989934,0.19849514803163354,2.965336322784424,3.1115520000457764,1.5185792446136475,0.25865864753723145,0.9530087630676906,1.9527043671262978,2.048988889504682,0.17032937099244935,162,5
165,"[ 100.            5.28520076    0.            3.            7.
 2132.0297       87.        ]","[ 100.            5.48142626    0.            3.            7.
 2132.0297       87.        ]",[ 75.       7.6994   0.       3.       7.     100.      87.    ],[  0.      14.0314   0.       3.       7.     100.      87.    ],"[0.9620435  0.83764134 1.         0.89816985 0.8361148  0.90789651
 0.9129752  0.83582249 0.9010446  0.89638952 0.97945076 0.87      ]","[0.9620435  0.83764134 1.         0.91717175 0.84609765 0.90789651
 0.93036236 0.87590731 0.91105344 0.90399795 0.97902209 0.88      ]","[[0.96374344 0.82427333 1.         0.81426141 0.82852378 0.88716241
  0.8399863  0.87152949 0.86144071 0.89041125 0.9820019  0.87      ]]","[0.88242993 0.64283753 1.         0.59995282 0.65168492 0.7129114
 0.66799061 0.68911981 0.58393039 0.69387254 0.74321193 0.55      ]",391.714799240977,391.51857373737374,364.30060000000003,282.9686,-0.19622550360327295,-27.21797373737371,-27.414199240976984,81.33200000000005,-0.0005009397244717272,-0.06951898469989631,-0.06998509960332693,0.2874241170221716,22.98794460296631,3.1117634773254395,1.6871726512908936,0.24250268936157227,7.387433129308544,13.625128753348223,1.844365764786763,0.14373317939692065,180,5
166,"[1.00000000e+02 0.00000000e+00 0.00000000e+00 2.00000000e+00
 5.00000000e+00 1.77854709e+04 7.00000000e+00]","[1.00000000e+02 0.00000000e+00 0.00000000e+00 2.00000000e+00
 5.00000000e+00 1.77854709e+04 7.00000000e+00]",[ 86.       6.7596   0.       2.       5.     100.       7.    ],[100.      10.6426   0.       2.       5.     100.       7.    ],"[0.9639537  0.93896568 1.         0.91379367 0.92997222 0.92957177
 0.92903936 0.91377874 0.88702312 0.90671888 0.97762239 0.88      ]","[0.9639537  0.93896568 1.         0.91379367 0.92997222 0.92957177
 0.92903936 0.91377874 0.88702312 0.90671888 0.97762239 0.88      ]","[[0.95816213 0.85427219 1.         0.84190604 0.83440296 0.89424963
  0.86849933 0.83326187 0.83673241 0.8173759  0.96739095 0.83      ]]","[0.86450008 0.83748469 1.         0.75915952 0.82383251 0.8698506
 0.77716799 0.7950647  0.77599704 0.79579908 0.74499106 0.86      ]",398.0,398.0,377.2404,387.3574,0.0,-20.759599999999978,-20.759599999999978,-10.116999999999962,0.0,-0.05215979899497482,-0.05215979899497482,-0.02611799852022954,11.758355379104614,3.8444526195526123,1.399219036102295,5.744993448257446,3.0585252421378417,8.403513013844515,2.7475702662406816,4.105857124600639,126,103
167,"[1.00000000e+02 0.00000000e+00 0.00000000e+00 3.00000000e+00
 1.20000000e+01 2.71205751e+04 2.40000000e+01]","[1.00000000e+02 0.00000000e+00 0.00000000e+00 3.00000000e+00
 1.20000000e+01 2.71205751e+04 2.40000000e+01]",[ 76.       4.7105   0.       3.      12.     100.      24.    ],[100.     13.417   0.      3.     12.    100.     24.   ],"[0.93970961 0.91973428 1.         0.87261873 0.91760891 0.92747632
 0.87424967 0.92205171 0.88431938 0.92353682 0.91315311 0.95      ]","[0.93970961 0.91973428 1.         0.87261873 0.91760891 0.92747632
 0.87424967 0.92205171 0.88431938 0.92353682 0.91315311 0.95      ]","[[0.93970961 0.91973428 1.         0.87261873 0.91760891 0.92747632
  0.87424967 0.92205171 0.88431938 0.92353682 0.91315311 0.95      ]]","[0.82900923 0.77746645 1.         0.58505851 0.78054603 0.80949041
 0.59107124 0.76176176 0.64241285 0.76164435 0.62907326 0.79      ]",397.0,397.0,368.2895,383.58299999999997,0.0,-28.710500000000025,-28.710500000000025,-15.293499999999995,0.0,-0.07231863979848872,-0.07231863979848872,-0.03987011937442482,12.657991886138916,13.306634426116943,7.536876678466797,13.4833345413208,0.9512542000323586,1.6794744595335334,1.7655369715859368,1.7889817117272606,180,203
168,"[1.0000000e+02 0.0000000e+00 0.0000000e+00 1.0000000e+00 6.0000000e+00
 1.4496887e+04 1.8000000e+01]","[1.0000000e+02 0.0000000e+00 0.0000000e+00 1.0000000e+00 6.0000000e+00
 1.4496887e+04 1.8000000e+01]",[ 96.      9.763   0.      1.      6.    100.     18.   ],[100.     33.061   0.      1.      6.    100.     18.   ],"[0.96170355 0.880002   1.         0.88560427 0.89588136 0.91969189
 0.88081557 0.91623731 0.88129158 0.91020237 0.96708214 0.92      ]","[0.96170355 0.880002   1.         0.88560427 0.89588136 0.91969189
 0.88081557 0.91623731 0.88129158 0.91020237 0.96708214 0.92      ]","[[0.87647395 0.75124575 1.         0.73585077 0.75509055 0.85863381
  0.73639933 0.79968105 0.74792905 0.80147947 0.88292855 0.9       ]]","[0.82450572 0.67487259 1.         0.62652099 0.67357583 0.77445068
 0.63192227 0.76714061 0.65990895 0.75815699 0.89596564 0.9       ]",399.0,399.0,385.237,365.939,0.0,-13.762999999999977,-13.762999999999977,19.298000000000002,0.0,-0.03449373433583954,-0.03449373433583954,0.05273556521715368,12.900205612182617,6.631242990493774,5.922444581985474,12.842587947845459,1.9453676528933899,2.178189332732917,1.1196800406818967,2.168460636492784,174,203
169,"[1.00000000e+02 5.36437274e+00 3.00450875e-13 2.00000000e+00
 2.00000000e+01 2.82065897e+04 9.70000000e+01]","[1.00000000e+02 5.48142626e+00 0.00000000e+00 2.00000000e+00
 2.00000000e+01 2.82065897e+04 9.70000000e+01]",[ 16.       5.6282   0.       2.      20.     100.      97.    ],[100.      15.1262   0.       2.      20.     100.      97.    ],"[0.94217061 0.80596123 1.         0.89897642 0.81334227 0.90613395
 0.87976357 0.83060412 0.9038807  0.84504782 0.97313231 0.94      ]","[0.94217061 0.80596123 1.         0.89897642 0.81334227 0.90613395
 0.87976357 0.83060412 0.9038807  0.84504782 0.97313231 0.95      ]","[[0.94217061 0.80596123 1.         0.85402355 0.81334227 0.90613395
  0.82843456 0.81300618 0.8945453  0.84504782 0.97313231 0.98      ]]","[0.88863697 0.65656987 1.         0.65179193 0.6696733  0.75281402
 0.61453337 0.72535169 0.71619271 0.70562802 0.85679066 0.96      ]",392.63562726298653,392.51857373737374,308.3718,382.8738,-0.11705352561278914,-84.14677373737374,-84.26382726298652,-74.50200000000001,-0.0002981225275677465,-0.21437654003521026,-0.2146107520868115,-0.19458631016277428,24.949909925460815,6.217127084732056,3.6458334922790527,12.512964725494385,4.013093119285353,6.843403566920534,1.705269068896961,3.4321273179352976,180,203
170,[ 100.        0.        0.        2.       13.     1004.0657   17.    ],[ 100.        0.        0.        2.       13.     1004.0657   17.    ],[ 15.       6.2935   0.       2.      13.     100.      17.    ],[  0.     13.417   0.      2.     13.    100.     17.   ],"[0.98141306 0.92333878 1.         0.98228007 0.92356142 0.97348798
 0.97601691 0.94807184 0.97006351 0.96050024 0.86099595 0.84      ]","[0.98141306 0.92333878 1.         0.98228007 0.92356142 0.97348798
 0.97601691 0.94807184 0.97006351 0.96050024 0.86099595 0.84      ]","[[0.97836372 0.83177556 1.         0.96168011 0.83986809 0.9594836
  0.94895303 0.88745014 0.95619153 0.92557584 0.89739364 0.85      ]]","[0.88639238 0.71328029 1.         0.81305731 0.65636677 0.92236519
 0.75121448 0.78643797 0.79213551 0.82153361 0.54570854 0.65      ]",398.0,398.0,306.7065,284.58299999999997,0.0,-91.2935,-91.2935,22.123500000000035,0.0,-0.22938065326633164,-0.22938065326633164,0.07774006177459665,10.941751956939697,6.407289028167725,4.507859706878662,0.8215625286102295,1.7077038212007554,2.4272609771425206,1.4213594576580706,0.18225113069880713,156,5
171,"[1.00000000e+02 0.00000000e+00 0.00000000e+00 3.00000000e+00
 5.00000000e+00 2.30368725e+04 2.10000000e+01]","[1.00000000e+02 0.00000000e+00 0.00000000e+00 3.00000000e+00
 5.00000000e+00 2.30368725e+04 2.10000000e+01]",[ 95.       6.6206   0.       3.       5.     100.      21.    ],[  0.      37.6846   0.       3.       5.     100.      21.    ],"[0.96629788 0.90045853 1.         0.88742092 0.90808452 0.91704647
 0.88147421 0.91487189 0.89581149 0.91676343 0.88139129 0.89      ]","[0.96629788 0.90045853 1.         0.88742092 0.90808452 0.91704647
 0.88147421 0.91487189 0.89581149 0.91676343 0.88139129 0.89      ]","[[0.96086767 0.7736747  1.         0.79045402 0.7887116  0.87499874
  0.78076302 0.83265751 0.83498208 0.83383687 0.86166936 0.87      ]]","[0.81053339 0.76784807 1.         0.65629401 0.77670355 0.79232067
 0.64113933 0.74842536 0.66978112 0.75051777 0.83899909 0.97      ]",397.0,397.0,385.3794,259.3154,0.0,-11.620600000000024,-11.620600000000024,126.06399999999996,0.0,-0.029271032745592,-0.029271032745592,0.4861415866547068,3.493966579437256,3.502993106842041,4.3271379470825195,0.18763089179992676,0.9974231957844408,0.8074544010765796,0.8095404282647979,0.04336143060251474,162,5
172,"[1.00000000e+02 0.00000000e+00 0.00000000e+00 4.00000000e+00
 1.50000000e+01 2.17901641e+04 1.40000000e+01]","[1.00000000e+02 0.00000000e+00 0.00000000e+00 4.00000000e+00
 1.50000000e+01 2.17901641e+04 1.40000000e+01]",[ 36.      3.919   0.      4.     15.    100.     14.   ],[100.     13.417   0.      4.     15.    100.     14.   ],"[0.9312862  0.90347256 1.         0.90327497 0.91712461 0.92190012
 0.88617098 0.91948411 0.89097357 0.91690574 0.9903565  0.97      ]","[0.9312862  0.90347256 1.         0.90327497 0.91712461 0.92190012
 0.88617098 0.91948411 0.89097357 0.91690574 0.9903565  0.97      ]","[[0.9312862  0.90347256 1.         0.90327497 0.91712461 0.92190012
  0.88617098 0.91948411 0.89097357 0.91690574 0.9903565  0.97      ]]","[0.81944022 0.73764242 1.         0.63014496 0.76059323 0.80259722
 0.61449601 0.77027094 0.66057667 0.75926704 0.82715386 0.93      ]",396.0,396.0,328.081,382.58299999999997,0.0,-67.91899999999998,-67.91899999999998,-54.50199999999995,0.0,-0.17151262626262623,-0.17151262626262623,-0.14245797643909938,3.1656723022460938,6.564818382263184,1.5619125366210938,1.8621621131896973,0.4822178037398723,2.026792299839295,4.203064018209972,1.1922320037318719,144,103
173,"[2.75237625e+01 5.46865561e+00 4.03172091e+01 2.00000000e+00
 2.00000000e+01 1.00059093e+04 8.60000000e+01]","[1.00000000e+02 5.48142626e+00 0.00000000e+00 2.00000000e+00
 2.00000000e+01 1.00059093e+04 8.60000000e+01]",[ 75.      5.502   0.      2.     20.    100.     86.   ],[  0.     13.417   0.      2.     20.    100.     86.   ],"[0.77430965 0.86057174 1.         0.69684465 0.84456612 0.89917405
 0.70247179 0.86702555 0.72395482 0.86908908 0.92614681 0.92      ]","[0.93082418 0.87127209 1.         0.83575856 0.85150405 0.91505779
 0.84173559 0.86006567 0.84048011 0.86981938 0.87117153 0.86      ]","[[0.93082418 0.87127209 1.         0.83575856 0.85150405 0.91505779
  0.84173559 0.84495707 0.84048011 0.86981938 0.87117153 0.86      ]]","[0.83071318 0.75741645 1.         0.57832962 0.7400082  0.77302442
 0.59485719 0.76798138 0.61489869 0.76305195 0.90284777 0.84      ]",279.73789782262827,392.51857373737374,367.498,284.58299999999997,112.78067591474547,-25.020573737373752,87.76010217737172,82.91500000000002,0.40316552312928167,-0.0637436682273143,0.3137226055549229,0.29135612457525584,2.380784511566162,1.704488754272461,1.795588731765747,0.23978090286254883,1.396773375945428,1.3259074694821373,0.9492645638270963,0.13353887703825862,168,5
174,"[1.00000000e+02 2.10622442e-17 0.00000000e+00 3.00000000e+00
 2.10000000e+01 2.16356877e+04 5.30000000e+01]","[1.00000000e+02 0.00000000e+00 0.00000000e+00 3.00000000e+00
 2.10000000e+01 2.16356877e+04 5.30000000e+01]",[  0.       6.0642   0.       3.      21.     100.      53.    ],[  0.      31.0642   0.       3.      21.     100.      53.    ],"[0.94226395 0.87127677 1.         0.87753239 0.91740941 0.92060768
 0.86667744 0.90451377 0.86725098 0.90874367 0.90357357 0.91      ]","[0.94226395 0.87127677 1.         0.87753239 0.91740941 0.92060768
 0.86667744 0.90451377 0.86725098 0.90874367 0.90357357 0.91      ]","[[0.91472082 0.73013792 1.         0.76238581 0.81125519 0.87464588
  0.74735664 0.82472308 0.77958659 0.83519649 0.96475875 0.98      ]]","[0.79395818 0.65680418 1.         0.55760821 0.72063805 0.76993819
 0.54053496 0.67960134 0.57534086 0.70307001 0.86584318 0.95      ]",397.0,397.0,290.9358,265.9358,0.0,-106.06420000000003,-106.06420000000003,25.0,0.0,-0.26716423173803533,-0.26716423173803533,0.09400765147076852,3.195544481277466,3.547899007797241,0.3351767063140869,0.2039792537689209,0.900686427165654,9.533909788716015,10.585159830506184,0.6085722841902275,60,5
175,"[1.00000000e+02 0.00000000e+00 2.25996522e-17 2.00000000e+00
 4.00000000e+00 2.13160876e+04 4.00000000e+01]","[1.00000000e+02 0.00000000e+00 0.00000000e+00 2.00000000e+00
 4.00000000e+00 2.13160876e+04 4.00000000e+01]",[  0.       2.0475   0.       2.       4.     100.      40.    ],[100.     27.287   0.      2.      4.    100.     40.   ],"[0.94440828 0.90312598 1.         0.87179794 0.91652373 0.91783792
 0.8713436  0.90671127 0.8942964  0.90626693 0.97048104 0.92      ]","[0.94440828 0.90312598 1.         0.87179794 0.91652373 0.91783792
 0.8713436  0.90671127 0.8942964  0.90626693 0.97048104 0.92      ]","[[0.9043928  0.91052385 1.         0.87751619 0.91981148 0.9169334
  0.8754839  0.90671127 0.89137042 0.90626693 0.97135013 0.92      ]]","[0.81633739 0.75691194 1.         0.6257585  0.75785238 0.76677424
 0.6301113  0.73259126 0.66790512 0.71400144 0.91993517 0.92      ]",398.0,398.0,295.9525,370.713,0.0,-102.04750000000001,-102.04750000000001,-74.76050000000004,0.0,-0.25640075376884425,-0.25640075376884425,-0.201666788054371,3.6788604259490967,1.7830615043640137,0.34629249572753906,1.8395345211029053,2.0632268808143444,10.623563811915817,5.149004169489472,5.312083119901739,42,103
176,"[5.31329625e-02 5.43746786e+00 1.55138959e-02 4.00000000e+00
 1.80000000e+01 3.31780026e+04 8.30000000e+01]","[0.00000000e+00 5.48142626e+00 0.00000000e+00 4.00000000e+00
 1.80000000e+01 3.31780026e+04 8.30000000e+01]",[ 85.       6.2302   0.       4.      18.     100.      83.    ],[  0.      11.7707   0.       4.      18.     100.      83.    ],"[0.89584221 0.73530778 1.         0.79182901 0.75662565 0.82035658
 0.80383213 0.77284457 0.78886629 0.77587907 0.97894478 0.92      ]","[0.89584221 0.73530778 1.         0.79182901 0.75662565 0.82035658
 0.80383213 0.77284457 0.78886629 0.77587907 0.97894478 0.92      ]","[0.93100091 0.71821891 1.         0.68967831 0.73860308 0.81143748
 0.70446495 0.75044985 0.78649211 0.78448194 0.97882503 0.94      ]","[0.76970559 0.62720909 1.         0.5123984  0.65806658 0.75118049
 0.51482427 0.70189945 0.54929501 0.7123839  0.90873605 0.9       ]",290.6001512018753,290.51857373737374,374.76980000000003,284.22929999999997,-0.08157746450154946,84.25122626262629,84.16964879812474,90.54050000000007,-0.0002807206540125951,0.29000289096417176,0.28964076050894216,0.3185473841014986,2.6130518913269043,0.08614563941955566,0.8396484851837158,0.25047802925109863,30.332956014181296,3.11207837260037,0.10259726652243877,0.2983129650931173,102,5
177,"[1.00000000e+02 0.00000000e+00 0.00000000e+00 3.00000000e+00
 3.00000000e+00 3.41773687e+04 3.20000000e+01]","[1.00000000e+02 0.00000000e+00 0.00000000e+00 3.00000000e+00
 3.00000000e+00 3.41773687e+04 3.20000000e+01]",[ 55.       2.8888   0.       3.       3.     100.      32.    ],[  0.      18.4208   0.       3.       3.     100.      32.    ],"[0.93991552 0.9060449  1.         0.83936    0.89633908 0.92365626
 0.81070924 0.92830724 0.87669242 0.93248542 0.97030032 0.89      ]","[0.93991552 0.9060449  1.         0.83936    0.89633908 0.92365626
 0.81070924 0.92830724 0.87669242 0.93248542 0.97030032 0.89      ]","[0.93991552 0.9060449  1.         0.83936    0.89633908 0.92365626
 0.81070924 0.92830724 0.87669242 0.93248542 0.97030032 0.89      ]","[0.73585536 0.77020218 1.         0.59706277 0.77550376 0.81837602
 0.54725724 0.76957124 0.6081291  0.78401868 0.8488     0.84      ]",397.0,397.0,349.1112,278.5792,0.0,-47.8888,-47.8888,70.53199999999998,0.0,-0.12062670025188918,-0.12062670025188918,0.2531847316669729,3.354304552078247,3.5190272331237793,1.459890604019165,0.23118209838867188,0.9531908478868716,2.2976410306660298,2.4104732391836,0.15835576840635449,138,5
178,"[1.00000000e+02 5.21803758e+00 4.94052794e-16 2.00000000e+00
 0.00000000e+00 2.02093930e+03 8.60000000e+01]","[1.0000000e+02 0.0000000e+00 0.0000000e+00 2.0000000e+00 0.0000000e+00
 2.0209393e+03 8.6000000e+01]",[  1.       5.4086  46.       2.       0.     100.      86.    ],[100.      36.4011   0.       2.       0.     100.      86.    ],"[0.95523895 0.80433583 1.         0.90985538 0.87368824 0.94493444
 0.92226516 0.87230742 0.88988604 0.93526852 0.99781299 0.9       ]","[0.91208843 0.89852453 1.         0.70556555 0.9484088  0.96340505
 0.73880818 0.94699057 0.88386301 0.96832883 0.99868745 0.91      ]","[[0.74382291 0.89031698 1.         0.84207329 0.90389553 0.92886578
  0.86173463 0.91132945 0.83665901 0.93450309 0.99862647 0.89      ]]","[0.79791597 0.73583477 1.         0.6355054  0.77733615 0.8221865
 0.65679618 0.74993594 0.62872051 0.76177609 0.973216   0.94      ]",392.78196241660135,398.0,247.59140000000002,361.5989,5.2180375833986545,-150.40859999999998,-145.19056241660132,-114.0075,0.01328481977964197,-0.37791105527638186,-0.3696467157588209,-0.3152871869908896,10.80375361442566,1.7572131156921387,0.7987205982208252,1.8683009147644043,6.148231832523188,13.526324021806065,2.2000348051701497,2.3391169814902764,102,105
179,"[1.0000000e+02 0.0000000e+00 0.0000000e+00 2.0000000e+00 7.0000000e+00
 4.2731599e+03 5.6000000e+01]","[1.0000000e+02 0.0000000e+00 0.0000000e+00 2.0000000e+00 7.0000000e+00
 4.2731599e+03 5.6000000e+01]",[ 95.      18.9931   0.       2.       7.     100.      56.    ],[100.      43.9931   0.       2.       7.     100.      56.    ],"[0.96333395 0.93048816 1.         0.89392761 0.93572045 0.96156061
 0.88225878 0.94881219 0.85856148 0.94811005 0.9956376  0.96      ]","[0.96333395 0.93048816 1.         0.89392761 0.93572045 0.96156061
 0.88225878 0.94881219 0.85856148 0.94811005 0.9956376  0.96      ]","[[0.85557893 0.74559173 1.         0.62110327 0.76505201 0.83978726
  0.63628623 0.80434628 0.59603532 0.80474566 0.97073799 0.93      ]]","[0.81977864 0.74283973 1.         0.58539569 0.71964556 0.82151917
 0.59099807 0.7737851  0.56228127 0.75893876 0.92828101 0.91      ]",398.0,398.0,374.0069,354.0069,0.0,-23.993100000000027,-23.993100000000027,20.0,0.0,-0.06028417085427142,-0.06028417085427142,0.05649607394658127,3.5048012733459473,3.7155609130859375,1.6774041652679443,3.559964656829834,0.9432764945401083,2.0894196794760544,2.215065987088701,2.122305840501579,174,205
180,"[1.00000000e+02 1.09848572e-14 7.92686999e-15 1.00000000e+00
 7.00000000e+00 1.37359372e+04 6.50000000e+01]","[1.00000000e+02 0.00000000e+00 0.00000000e+00 1.00000000e+00
 7.00000000e+00 1.37359372e+04 6.50000000e+01]",[ 16.       1.0002   0.       1.       7.     100.      65.    ],[100.      34.0057   0.       1.       7.     100.      65.    ],"[0.95997825 0.92522411 1.         0.89687452 0.93450688 0.93843087
 0.89725489 0.93685721 0.90614176 0.94028321 0.98641717 0.92      ]","[0.95997825 0.92522411 1.         0.89687452 0.93450688 0.93843087
 0.89725489 0.93685721 0.90614176 0.94028321 0.98641717 0.92      ]","[[0.95997825 0.92522411 1.         0.89687452 0.93450688 0.93843087
  0.89725489 0.93685721 0.90614176 0.94028321 0.98641717 0.92      ]]","[0.83410567 0.73877466 1.         0.63817525 0.74439938 0.80267242
 0.65497377 0.78819687 0.69597857 0.76515406 0.91900641 0.85      ]",399.0,399.0,313.9998,364.9943,0.0,-85.0002,-85.0002,-50.994500000000016,0.0,-0.21303308270676694,-0.21303308270676694,-0.13971314072575933,2.525914430618286,3.6574819087982178,1.6188197135925293,3.531794548034668,0.6906157005293995,1.5603432608395331,2.259350981513212,2.1817096236101623,156,203
181,"[1.00000000e+02 0.00000000e+00 0.00000000e+00 2.00000000e+00
 1.00000000e+01 1.25550963e+04 2.00000000e+01]","[1.00000000e+02 0.00000000e+00 0.00000000e+00 2.00000000e+00
 1.00000000e+01 1.25550963e+04 2.00000000e+01]",[ 96.       8.0325   0.       2.      10.     100.      20.    ],[100.      14.9225   0.       2.      10.     100.      20.    ],"[0.95029575 0.91481199 1.         0.89535887 0.92396476 0.92771672
 0.90234915 0.92703268 0.90151199 0.90710788 0.96457976 0.9       ]","[0.95029575 0.91481199 1.         0.89535887 0.92396476 0.92771672
 0.90234915 0.92703268 0.90151199 0.90710788 0.96457976 0.9       ]","[[0.93792364 0.80284111 1.         0.79481773 0.81196488 0.87563815
  0.80846784 0.86443466 0.86298251 0.84905094 0.96767199 0.93      ]]","[0.85508346 0.75120166 1.         0.62618444 0.7467204  0.79568059
 0.64665349 0.79311096 0.69606397 0.79243251 0.87540978 0.93      ]",398.0,398.0,385.9675,383.0775,0.0,-12.032500000000027,-12.032500000000027,2.8899999999999864,0.0,-0.030232412060301576,-0.030232412060301576,0.007544165345132477,3.716726541519165,3.6747214794158936,1.58717942237854,3.451796293258667,1.0114308151892775,2.341717948906681,2.3152527229145727,2.174799045772544,162,203
182,"[1.00000000e+02 4.36011925e-17 3.99278658e-17 3.00000000e+00
 8.00000000e+00 3.50344360e+04 2.10000000e+01]","[1.0000000e+02 0.0000000e+00 0.0000000e+00 3.0000000e+00 8.0000000e+00
 3.5034436e+04 2.1000000e+01]",[ 36.      3.919   0.      3.      8.    100.     21.   ],[100.     13.417   0.      3.      8.    100.     21.   ],"[0.95898255 0.90233206 1.         0.84693271 0.89937765 0.89943222
 0.84952299 0.92050003 0.87812273 0.91648306 0.92059451 0.92      ]","[0.95898255 0.90233206 1.         0.84693271 0.89937765 0.89943222
 0.84952299 0.92050003 0.87812273 0.91648306 0.92059451 0.92      ]","[0.95898255 0.90233206 1.         0.84693271 0.89937765 0.89943222
 0.84952299 0.92050003 0.87812273 0.91648306 0.92059451 0.92      ]","[0.82983872 0.7496668  1.         0.55264176 0.76168335 0.80006766
 0.56458813 0.78756978 0.62869879 0.77258971 0.96158224 0.95      ]",397.0,397.0,329.081,383.58299999999997,0.0,-67.91899999999998,-67.91899999999998,-54.50199999999995,0.0,-0.171080604534005,-0.171080604534005,-0.14208658882171513,2.9488303661346436,1.6165297031402588,1.5418589115142822,3.4241702556610107,1.8241733266059184,1.912516342522257,1.048429069007774,2.220806475929813,156,203
183,"[1.0000000e+02 0.0000000e+00 0.0000000e+00 4.0000000e+00 2.0000000e+01
 7.4294878e+03 5.5000000e+01]","[1.0000000e+02 0.0000000e+00 0.0000000e+00 4.0000000e+00 2.0000000e+01
 7.4294878e+03 5.5000000e+01]",[ 55.      2.261   0.      4.     20.    100.     55.   ],[  0.     21.676   0.      4.     20.    100.     55.   ],"[0.93563363 0.93541313 1.         0.87234591 0.94622043 0.94392647
 0.87455208 0.93781899 0.8810728  0.92483899 0.9857859  0.84      ]","[0.93563363 0.93541313 1.         0.87234591 0.94622043 0.94392647
 0.87455208 0.93781899 0.8810728  0.92483899 0.9857859  0.84      ]","[[0.93563363 0.93541313 1.         0.87234591 0.94622043 0.94392647
  0.87455208 0.93781899 0.8810728  0.92483899 0.9857859  0.84      ]]","[0.77932592 0.69923126 1.         0.51994843 0.71696261 0.78129612
 0.5264363  0.69155881 0.53709194 0.6943118  0.91975904 0.86      ]",396.0,396.0,348.73900000000003,274.324,0.0,-47.26099999999997,-47.26099999999997,74.41500000000002,0.0,-0.11934595959595952,-0.11934595959595952,0.27126682317259887,3.6078848838806152,1.8139066696166992,1.590451955795288,0.20329928398132324,1.9890135166893705,2.2684651810664294,1.1404976195647953,0.12782485081711611,150,5
184,"[6.45435651e-02 5.45062165e+00 1.55087268e-01 3.00000000e+00
 1.20000000e+01 3.46536751e+04 9.20000000e+01]","[1.00000000e+02 5.48142626e+00 0.00000000e+00 3.00000000e+00
 1.20000000e+01 3.46536751e+04 9.20000000e+01]",[ 96.      7.085   0.      3.     12.    100.     92.   ],[100.     13.417   0.      3.     12.    100.     92.   ],"[0.92873355 0.74177023 1.         0.71878503 0.71408337 0.83668008
 0.76778393 0.83041632 0.81763389 0.81437627 0.92335904 0.89      ]","[0.94155393 0.73421751 1.         0.70603561 0.70093003 0.8284019
 0.75837054 0.80786949 0.84314377 0.82184074 0.91056526 0.93      ]","[0.95096979 0.71798608 1.         0.60388353 0.6731826  0.83987201
 0.66652592 0.81231911 0.82281095 0.82184074 0.94571424 0.97      ]","[0.85330127 0.7071011  1.         0.54363568 0.70445204 0.75696434
 0.56661253 0.69814583 0.64966068 0.69950961 0.92535919 0.9       ]",291.45883464818814,391.51857373737374,385.915,383.58299999999997,100.0597390891856,-5.603573737373722,94.45616535181188,2.3320000000000505,0.3433065915121939,-0.014312408435397847,0.32408063892050926,0.006079518643944207,2.8120930194854736,1.7319469451904297,1.7605319023132324,4.021549463272095,1.6236600245143655,1.5972973939242756,0.9837634540531507,2.284280936907773,174,203
185,"[1.05276281e+01 6.91670179e-02 2.77081086e-01 3.00000000e+00
 2.10000000e+01 3.65945349e+04 4.00000000e+00]","[1.00000000e+02 0.00000000e+00 0.00000000e+00 3.00000000e+00
 2.10000000e+01 3.65945349e+04 4.00000000e+00]",[  0.       7.3627   0.       3.      21.     100.       4.    ],[  0.      17.0087   0.       3.      21.     100.       4.    ],"[0.84189001 0.90913402 1.         0.82900347 0.91679361 0.79821078
 0.80920967 0.87176276 0.8565071  0.87832528 0.97303355 0.88      ]","[0.84189001 0.90913402 1.         0.82900347 0.91679361 0.79821078
 0.80920967 0.87176276 0.8565071  0.87832528 0.97303355 0.88      ]","[0.78289622 0.74295804 1.         0.65709647 0.77970412 0.59733285
 0.6339014  0.74440758 0.72416949 0.76423001 0.79867733 0.8       ]","[0.75725525 0.70557353 1.         0.43339375 0.72385304 0.74786795
 0.41785928 0.72363201 0.55387584 0.73717927 0.97807902 0.86      ]",307.18138001227294,397.0,289.6373,279.9913,89.81861998772706,-107.36270000000002,-17.544080012272957,9.645999999999958,0.29239604296373206,-0.27043501259445846,-0.05711309719219313,0.03445107044397436,2.489398241043091,1.893113374710083,0.22517800331115723,0.17537164688110352,1.314975782379819,11.05524609170271,8.407186078891224,0.7788134022965383,42,4
186,"[1.0000000e+02 0.0000000e+00 0.0000000e+00 2.0000000e+00 1.0000000e+01
 2.5870708e+03 2.9000000e+01]","[1.0000000e+02 0.0000000e+00 0.0000000e+00 2.0000000e+00 1.0000000e+01
 2.5870708e+03 2.9000000e+01]",[  0.       8.1612   0.       2.      10.     100.      29.    ],[  0.      23.3192   0.       2.      10.     100.      29.    ],"[0.94966605 0.93348693 1.         0.91565515 0.95284805 0.95462775
 0.91115592 0.95226151 0.91855319 0.95571766 0.98724884 0.93      ]","[0.94966605 0.93348693 1.         0.91565515 0.95284805 0.95462775
 0.91115592 0.95226151 0.91855319 0.95571766 0.98724884 0.93      ]","[[0.92183272 0.85432255 1.         0.76983362 0.88318947 0.9212044
  0.78693973 0.90918686 0.82635302 0.9185506  0.99311042 0.91      ]]","[0.7765243  0.69730542 1.         0.56314493 0.72942467 0.78006109
 0.59855642 0.73232005 0.61230155 0.72833318 0.92692202 0.82      ]",398.0,398.0,289.8388,274.6808,0.0,-108.16120000000001,-108.16120000000001,15.158000000000015,0.0,-0.2717618090452262,-0.2717618090452262,0.0551840536360751,2.838789939880371,3.697206735610962,0.3305656909942627,0.26458287239074707,0.7678201796338722,8.58767263880885,11.184484162559782,0.8003942320660833,54,5
187,"[4.72622173e+01 5.05180816e+00 5.35896406e+01 3.00000000e+00
 2.20000000e+01 3.88150269e+04 7.50000000e+01]","[1.00000000e+02 0.00000000e+00 0.00000000e+00 3.00000000e+00
 2.20000000e+01 3.88150269e+04 7.50000000e+01]",[ 66.      18.5584   0.       3.      22.     100.      75.    ],[100.      10.6434   0.       3.      22.     100.      75.    ],"[0.92184218 0.8775917  1.         0.766232   0.8569784  0.55964917
 0.72291335 0.76642094 0.81861753 0.84723503 0.94477457 0.78      ]","[0.89056296 0.88839835 1.         0.63136318 0.85843114 0.60315599
 0.58541633 0.80110976 0.81203322 0.88387491 0.94794524 0.79      ]","[0.84634606 0.67912977 1.         0.45338473 0.66976857 0.67050484
 0.39131323 0.66599225 0.71374179 0.75510762 0.94246072 0.94      ]","[0.84935454 0.69433383 1.         0.48715408 0.63478432 0.56484494
 0.43532156 0.6663062  0.61803723 0.76658538 0.85571313 0.89      ]",285.62076853160073,397.0,344.4416,386.3566,111.37923146839927,-52.558400000000006,58.82083146839926,-41.91500000000002,0.3899549463472451,-0.13238891687657434,0.20594031649309633,-0.10848785810828654,2.7408828735351562,1.62577223777771,1.4264488220214844,1.8710906505584717,1.6858959759835155,1.921472983272494,1.1397340112586412,1.3117124299677752,162,103
188,"[5.65888654e+01 5.45801497e+00 1.21074536e-01 4.00000000e+00
 1.00000000e+01 3.16469718e+04 9.20000000e+01]","[1.00000000e+02 5.48142626e+00 0.00000000e+00 4.00000000e+00
 1.00000000e+01 3.16469718e+04 9.20000000e+01]",[ 96.      7.085   0.      4.     10.    100.     92.   ],[100.     13.417   0.      4.     10.    100.     92.   ],"[0.95200533 0.73962012 1.         0.7837673  0.69995748 0.82983281
 0.8066468  0.83007859 0.85924138 0.84104298 0.97168905 0.94      ]","[0.95200533 0.73962012 1.         0.7837673  0.69995748 0.82983281
 0.8066468  0.83007859 0.85924138 0.84104298 0.97168905 0.94      ]","[0.9598093  0.72084453 1.         0.64708751 0.66947051 0.8412256
 0.70291318 0.83411947 0.84060075 0.84104298 0.97246033 0.96      ]","[0.8755868  0.69254451 1.         0.57862219 0.68679206 0.7557605
 0.59747401 0.72645959 0.6633783  0.72516091 0.8307901  0.83      ]",347.0097758658104,390.51857373737374,384.915,382.58299999999997,43.50879787156333,-5.603573737373722,37.90522413418961,2.3320000000000505,0.12538205231540306,-0.014349058186262253,0.1092338797649541,0.006095409362151613,3.112774133682251,1.714130163192749,2.015066623687744,2.2334365844726562,1.8159496872071719,1.544749983494644,0.8506568185104194,1.1083686058901996,174,103
189,"[1.00000000e+02 9.08941082e-17 0.00000000e+00 4.00000000e+00
 1.10000000e+01 3.01620723e+04 7.00000000e+01]","[1.00000000e+02 0.00000000e+00 0.00000000e+00 4.00000000e+00
 1.10000000e+01 3.01620723e+04 7.00000000e+01]",[ 26.      6.936   0.      4.     11.    100.     70.   ],[100.     34.117   0.      4.     11.    100.     70.   ],"[0.9547937  0.89761925 1.         0.8846032  0.91285106 0.9207423
 0.87918826 0.88271247 0.89210794 0.90562779 0.98750013 0.99      ]","[0.9547937  0.89761925 1.         0.8846032  0.91285106 0.9207423
 0.87918826 0.88271247 0.89210794 0.90562779 0.98750013 0.99      ]","[[0.94761038 0.78585304 1.         0.72685022 0.79616503 0.88110216
  0.74180243 0.79985605 0.82952773 0.8125636  0.96774954 0.99      ]]","[0.82796693 0.7374999  1.         0.57698648 0.75377532 0.79645128
 0.58497015 0.73991889 0.62167815 0.73171664 0.83246982 0.86      ]",396.0,396.0,315.06399999999996,361.883,0.0,-80.93600000000004,-80.93600000000004,-46.81900000000002,0.0,-0.20438383838383847,-0.20438383838383847,-0.1293760690609949,3.202951669692993,3.2277050018310547,1.5167429447174072,1.7017908096313477,0.9923309806428967,2.1117300600265874,2.128050117571126,1.1220034453157899,162,103
190,"[1.00000000e+02 0.00000000e+00 1.01431160e-16 4.00000000e+00
 6.00000000e+00 2.73122862e+04 5.30000000e+01]","[1.00000000e+02 0.00000000e+00 0.00000000e+00 4.00000000e+00
 6.00000000e+00 2.73122862e+04 5.30000000e+01]",[ 56.       3.5433   0.       4.       6.     100.      53.    ],[100.      19.0753   0.       4.       6.     100.      53.    ],"[0.96268715 0.89892667 1.         0.87998665 0.90916611 0.92553851
 0.86073376 0.92100895 0.89025178 0.92573674 0.99743795 0.97      ]","[0.96268715 0.89892667 1.         0.87998665 0.90916611 0.92553851
 0.86073376 0.92100895 0.89025178 0.92573674 0.99743795 0.97      ]","[[0.96268715 0.89892667 1.         0.87998665 0.90916611 0.92553851
  0.86073376 0.92100895 0.89025178 0.92573674 0.99743795 0.97      ]]","[0.84054119 0.76554662 1.         0.60767094 0.77779044 0.81924487
 0.61826213 0.81769873 0.67550555 0.85416349 0.93939167 0.92      ]",396.0,396.0,348.4567,376.92470000000003,0.0,-47.54329999999999,-47.54329999999999,-28.468000000000018,0.0,-0.12005883838383835,-0.12005883838383835,-0.07552702171017187,3.4516568183898926,5.293928146362305,1.4819049835205078,3.401287794113159,0.6520029594209134,2.3292025175527225,3.57238028431871,2.2952131425004345,138,203
191,"[1.00000000e+02 0.00000000e+00 0.00000000e+00 1.00000000e+00
 6.00000000e+00 3.33042038e+04 2.00000000e+01]","[1.00000000e+02 0.00000000e+00 0.00000000e+00 1.00000000e+00
 6.00000000e+00 3.33042038e+04 2.00000000e+01]",[ 55.       2.7982   0.       1.       6.     100.      20.    ],[  0.      19.2717   0.       1.       6.     100.      20.    ],"[0.96658733 0.87818823 1.         0.83691253 0.88337615 0.89021226
 0.8359766  0.90202496 0.86793548 0.90746843 0.91841358 0.85      ]","[0.96658733 0.87818823 1.         0.83691253 0.88337615 0.89021226
 0.8359766  0.90202496 0.86793548 0.90746843 0.91841358 0.85      ]","[0.96658733 0.87818823 1.         0.83691253 0.88337615 0.89021226
 0.8359766  0.90202496 0.86793548 0.90746843 0.91841358 0.85      ]","[0.80966797 0.7888069  1.         0.59492008 0.80537206 0.85809664
 0.60136312 0.81651212 0.65953952 0.85485907 0.93824214 0.8       ]",399.0,399.0,351.2018,279.7283,0.0,-47.79820000000001,-47.79820000000001,71.4735,0.0,-0.1197949874686717,-0.1197949874686717,0.255510436377013,3.8145339488983154,3.5097336769104004,0.8925261497497559,0.21567797660827637,1.0868442736818222,4.273862396040524,3.9323594920938176,0.24164891602195362,90,7
192,"[1.00000000e+02 0.00000000e+00 6.17450197e-17 1.00000000e+00
 1.30000000e+01 2.60705560e+03 6.20000000e+01]","[1.0000000e+02 0.0000000e+00 0.0000000e+00 1.0000000e+00 1.3000000e+01
 2.6070556e+03 6.2000000e+01]",[  0.       4.5332   0.       1.      13.     100.      62.    ],[100.      13.2397   0.       1.      13.     100.      62.    ],"[0.9567705  0.91589223 1.         0.91393529 0.94732904 0.95446441
 0.9100519  0.93411927 0.92219207 0.94929737 0.94807637 0.93      ]","[0.9567705  0.91589223 1.         0.91393529 0.94732904 0.95446441
 0.9100519  0.93411927 0.92219207 0.94929737 0.94807637 0.93      ]","[[0.92380696 0.92239897 1.         0.9251888  0.94947039 0.95394288
  0.93247352 0.94407081 0.90975813 0.94929737 0.94759166 0.96      ]]","[0.85988352 0.67590837 1.         0.54522001 0.66102244 0.80924848
 0.55283627 0.72565361 0.6618699  0.7282006  0.50681871 0.96      ]",399.0,399.0,294.46680000000003,385.76030000000003,0.0,-104.53319999999997,-104.53319999999997,-91.2935,0.0,-0.26198796992481194,-0.26198796992481194,-0.23665861935507618,3.553471326828003,6.9350266456604,0.3244657516479492,1.7729036808013916,0.512394761893466,10.951760883175057,21.373678455854474,5.464070311880009,36,102
193,"[1.00000000e+02 5.36435008e+00 0.00000000e+00 3.00000000e+00
 1.30000000e+01 7.72353710e+03 8.30000000e+01]","[1.00000000e+02 5.48142626e+00 0.00000000e+00 3.00000000e+00
 1.30000000e+01 7.72353710e+03 8.30000000e+01]",[ 96.       8.1584   0.       3.      13.     100.      83.    ],[100.      23.3164   0.       3.      13.     100.      83.    ],"[0.93615306 0.83030297 1.         0.82871543 0.83510383 0.90070362
 0.83423679 0.86788285 0.85079015 0.87888943 0.9050501  0.91      ]","[0.93615306 0.83030297 1.         0.82871543 0.83510383 0.90070362
 0.83423679 0.86788285 0.85079015 0.87888943 0.9050501  0.93      ]","[[0.94483954 0.81646313 1.         0.75436257 0.81654679 0.88660632
  0.76218644 0.88460406 0.83666408 0.89636749 0.94242078 0.99      ]]","[0.84376229 0.64594001 1.         0.55669565 0.63426737 0.70256818
 0.55065421 0.67722592 0.60268568 0.66346712 0.78715068 0.87      ]",391.6356499195099,391.51857373737374,384.84159999999997,373.6836,-0.11707618213614523,-6.676973737373771,-6.794049919509916,11.157999999999959,-0.0002989415855277911,-0.017054040817620596,-0.01734788424114671,0.02985948540422956,5.129159688949585,1.6509811878204346,1.8954408168792725,3.4354465007781982,3.1067341813391076,2.7060510902125836,0.8710275589288377,1.8124789073786283,198,203
194,"[1.00000000e+02 0.00000000e+00 0.00000000e+00 3.00000000e+00
 1.40000000e+01 1.21946729e+04 1.70000000e+01]","[1.00000000e+02 0.00000000e+00 0.00000000e+00 3.00000000e+00
 1.40000000e+01 1.21946729e+04 1.70000000e+01]",[ 96.      9.086   0.      3.     14.    100.     17.   ],[100.     24.244   0.      3.     14.    100.     17.   ],"[0.94838164 0.91481199 1.         0.90879692 0.91008844 0.91845264
 0.90516606 0.91861456 0.89593087 0.8896496  0.94009292 0.87      ]","[0.94838164 0.91481199 1.         0.90879692 0.91008844 0.91845264
 0.90516606 0.91861456 0.89593087 0.8896496  0.94009292 0.87      ]","[[0.87241733 0.80284111 1.         0.74226082 0.78246113 0.85211029
  0.73210648 0.79915139 0.74785152 0.78874887 0.70465028 0.85      ]]","[0.83431329 0.74149904 1.         0.62679225 0.74407609 0.77341127
 0.61562535 0.7487606  0.6377123  0.73270389 0.82840019 0.89      ]",397.0,397.0,383.914,372.756,0.0,-13.086000000000013,-13.086000000000013,11.158000000000015,0.0,-0.03296221662468517,-0.03296221662468517,0.0299337904688322,2.9813616275787354,3.534236192703247,1.6443064212799072,1.8194923400878906,0.8435660394554355,1.813142361420739,2.1493780885148173,1.1065409199531198,174,103
195,"[1.00000000e+02 0.00000000e+00 0.00000000e+00 1.00000000e+00
 1.50000000e+01 2.61985418e+04 6.00000000e+01]","[1.00000000e+02 0.00000000e+00 0.00000000e+00 1.00000000e+00
 1.50000000e+01 2.61985418e+04 6.00000000e+01]",[ 95.      6.936   0.      1.     15.    100.     60.   ],[  0.     34.117   0.      1.     15.    100.     60.   ],"[0.95065031 0.89284387 1.         0.86303658 0.90626096 0.92783194
 0.86864123 0.88461174 0.87692475 0.88657065 0.90029156 0.93      ]","[0.95065031 0.89284387 1.         0.86303658 0.90626096 0.92783194
 0.86864123 0.88461174 0.87692475 0.88657065 0.90029156 0.93      ]","[[0.94284801 0.77952354 1.         0.72883754 0.78831248 0.89269241
  0.74142801 0.78135978 0.82303565 0.78137384 0.95014113 0.96      ]]","[0.79843016 0.73180094 1.         0.55505761 0.72381129 0.78424592
 0.56390053 0.75867129 0.59206283 0.74279306 0.80325031 0.92      ]",399.0,399.0,387.064,264.88300000000004,0.0,-11.935999999999979,-11.935999999999979,122.18099999999998,0.0,-0.02991478696741849,-0.02991478696741849,0.4612640297791854,3.6046411991119385,3.5111162662506104,1.2207746505737305,0.24288511276245117,1.026636808857714,2.952749057672402,2.876137921606156,0.19895982657266176,162,5
196,"[1.00000000e+02 0.00000000e+00 0.00000000e+00 4.00000000e+00
 1.80000000e+01 2.73755956e+04 1.50000000e+01]","[1.00000000e+02 0.00000000e+00 0.00000000e+00 4.00000000e+00
 1.80000000e+01 2.73755956e+04 1.50000000e+01]",[  0.       4.8112   0.       4.      18.     100.      15.    ],[  0.      14.4572   0.       4.      18.     100.      15.    ],"[0.92975758 0.91830553 1.         0.88696488 0.9246152  0.91401221
 0.87547044 0.92078997 0.87413041 0.92084389 0.97961718 0.95      ]","[0.92975758 0.91830553 1.         0.88696488 0.9246152  0.91401221
 0.87547044 0.92078997 0.87413041 0.92084389 0.97961718 0.95      ]","[[0.88053044 0.91382077 1.         0.88456908 0.92000255 0.9100856
  0.87812953 0.91917033 0.85597417 0.92010397 0.97719473 0.96      ]]","[0.7678737  0.73258237 1.         0.61174337 0.72334086 0.76303159
 0.5928362  0.75009516 0.58716224 0.74866448 0.71951425 0.9       ]",396.0,396.0,291.1888,281.5428,0.0,-104.81119999999999,-104.81119999999999,9.646000000000015,0.0,-0.26467474747474745,-0.26467474747474745,0.03426122067408584,3.0265414714813232,3.525547981262207,0.23153305053710938,0.18735074996948242,0.8584598727820375,13.071747054946865,15.226975039130076,0.8091749732267897,30,5
197,"[8.71307697e+01 5.47725741e+00 2.41422615e-01 1.00000000e+00
 6.00000000e+00 8.57028070e+03 8.50000000e+01]","[1.00000000e+02 5.48142626e+00 0.00000000e+00 1.00000000e+00
 6.00000000e+00 8.57028070e+03 8.50000000e+01]",[ 96.       9.9386   0.       1.       6.     100.      85.    ],[100.      27.4121   0.       1.       6.     100.      85.    ],"[0.94463996 0.85574417 1.         0.75139791 0.83066608 0.92021317
 0.749569   0.86957725 0.83564826 0.88517687 0.89346701 0.92      ]","[0.94463996 0.85574417 1.         0.75139791 0.83066608 0.92021317
 0.749569   0.86957725 0.83564826 0.88517687 0.89346701 0.92      ]","[[0.71048977 0.84358836 1.         0.58278206 0.82657351 0.89356785
  0.62600729 0.79596414 0.72749913 0.80429422 0.83884501 0.84      ]]","[0.85437166 0.68373338 1.         0.49249493 0.66037375 0.68575453
 0.50343054 0.71776976 0.55456486 0.71255411 0.67027777 0.89      ]",380.4120896769936,393.51857373737374,385.0614,371.5879,13.106484060380126,-8.45717373737375,4.649310323006375,13.473500000000001,0.03445338467425888,-0.021491167893431876,0.012221773306295513,0.03625925386698545,2.5283000469207764,1.6756484508514404,1.6477220058441162,3.436206102371216,1.5088487359243412,1.5344214849067008,1.0169485173520019,2.0854283005165497,174,203
198,"[1.00000000e+02 1.91104078e-17 0.00000000e+00 3.00000000e+00
 0.00000000e+00 1.45314462e+04 6.10000000e+01]","[1.00000000e+02 0.00000000e+00 0.00000000e+00 3.00000000e+00
 0.00000000e+00 1.45314462e+04 6.10000000e+01]",[ 75.       1.4021   0.       3.       0.     100.      61.    ],[  0.      13.0511   0.       3.       0.     100.      61.    ],"[0.95380036 0.92615156 1.         0.90131129 0.92560123 0.94430403
 0.89340139 0.91365984 0.91729971 0.92655435 0.98945528 0.92      ]","[0.95380036 0.92615156 1.         0.90131129 0.92560123 0.94430403
 0.89340139 0.91365984 0.91729971 0.92655435 0.98945528 0.92      ]","[[0.95380036 0.92615156 1.         0.90131129 0.92560123 0.94430403
  0.89340139 0.91365984 0.91729971 0.92655435 0.98945528 0.92      ]]","[0.82029093 0.72352562 1.         0.65228488 0.72615216 0.79749693
 0.64247848 0.76751118 0.64339449 0.76760778 0.85156679 0.94      ]",397.0,397.0,370.5979,283.9489,0.0,-26.40210000000002,-26.40210000000002,86.649,0.0,-0.0665040302267003,-0.0665040302267003,0.30515701944962637,3.2373104095458984,3.5861098766326904,1.5326240062713623,0.23213839530944824,0.9027359787942945,2.1122665417604773,2.339849736111822,0.15146467389233,144,5
199,[ 100.        0.        0.        3.       18.     2174.3709   46.    ],[ 100.        0.        0.        3.       18.     2174.3709   46.    ],[  1.      37.9876   0.       3.      18.     100.      46.    ],[100.      37.9876   0.       3.      18.     100.      46.    ],"[0.95590769 0.9432961  1.         0.95854157 0.95348121 0.94025014
 0.95562847 0.94056702 0.94007955 0.94444805 0.98582202 0.89      ]","[0.95590769 0.9432961  1.         0.95854157 0.95348121 0.94025014
 0.95562847 0.94056702 0.94007955 0.94444805 0.98582202 0.89      ]","[[0.82840625 0.7787696  1.         0.67278969 0.77298306 0.84158049
  0.69052636 0.7198794  0.71888288 0.69367468 0.93626994 0.88      ]]","[0.82840625 0.7787696  1.         0.67278969 0.77298306 0.84158049
 0.69052636 0.7198794  0.71888288 0.69367468 0.93626994 0.88      ]",397.0,397.0,260.0124,359.0124,0.0,-136.9876,-136.9876,-99.0,0.0,-0.345056926952141,-0.345056926952141,-0.2757564919763217,3.15486478805542,3.5509145259857178,0.2376694679260254,3.453965663909912,0.8884654262917364,13.27416944038168,14.940558233971137,14.532643566084637,42,203
