formation,flying_speed,countermeasure,weather,day_time,threat_range,#threats,req_0,req_1,req_2,req_3,req_4,req_5,req_6,req_7,req_8,req_9,req_10,req_11
0.0,39.8952,1.0,2.0,4.0,4614.6512,78.0,0.0,1.0,1.0,0.0,1.0,1.0,0.0,1.0,0.0,1.0,1.0,1.0
0.0,25.0916,0.0,2.0,2.0,10794.6254,36.0,1.0,0.0,1.0,0.0,0.0,0.0,0.0,0.0,0.0,0.0,0.0,0.0
1.0,38.2316,0.0,3.0,11.0,26307.3373,75.0,1.0,0.0,1.0,0.0,0.0,1.0,0.0,1.0,1.0,1.0,1.0,1.0
0.0,46.1688,1.0,2.0,8.0,1131.6523,51.0,0.0,1.0,1.0,0.0,1.0,1.0,0.0,1.0,0.0,1.0,1.0,1.0
1.0,41.4964,0.0,4.0,10.0,13496.2849,22.0,1.0,0.0,1.0,0.0,0.0,0.0,0.0,0.0,0.0,0.0,1.0,1.0
1.0,11.1812,0.0,4.0,5.0,12637.9483,44.0,1.0,1.0,1.0,1.0,1.0,1.0,1.0,1.0,1.0,1.0,1.0,1.0
1.0,25.6234,1.0,2.0,2.0,24774.3779,50.0,1.0,1.0,1.0,1.0,1.0,1.0,1.0,1.0,1.0,1.0,1.0,1.0
1.0,28.6062,0.0,4.0,20.0,39882.3601,71.0,0.0,1.0,1.0,0.0,1.0,1.0,0.0,1.0,0.0,1.0,1.0,1.0
1.0,35.1065,0.0,1.0,21.0,1785.504,60.0,1.0,1.0,1.0,1.0,1.0,1.0,1.0,1.0,1.0,1.0,1.0,1.0
0.0,38.8382,1.0,2.0,15.0,11179.5041,88.0,1.0,1.0,1.0,1.0,1.0,1.0,1.0,1.0,1.0,1.0,1.0,1.0
1.0,49.7864,0.0,3.0,14.0,26717.8428,38.0,1.0,1.0,1.0,1.0,1.0,1.0,1.0,1.0,1.0,1.0,1.0,1.0
1.0,25.3912,0.0,3.0,16.0,16084.9209,67.0,0.0,1.0,1.0,0.0,1.0,1.0,0.0,1.0,0.0,1.0,1.0,1.0
0.0,14.5182,0.0,2.0,23.0,22147.5522,53.0,1.0,1.0,1.0,1.0,1.0,1.0,1.0,1.0,1.0,1.0,1.0,1.0
1.0,37.9211,1.0,1.0,20.0,20965.6099,2.0,0.0,1.0,1.0,0.0,1.0,1.0,0.0,1.0,0.0,1.0,1.0,1.0
1.0,40.5985,1.0,4.0,18.0,17816.5134,65.0,0.0,1.0,1.0,0.0,1.0,1.0,0.0,1.0,0.0,1.0,1.0,1.0
0.0,13.9339,1.0,4.0,19.0,30107.5418,59.0,0.0,0.0,1.0,0.0,0.0,0.0,0.0,0.0,0.0,0.0,0.0,1.0
0.0,16.088,1.0,4.0,5.0,11437.163,50.0,1.0,1.0,1.0,1.0,1.0,1.0,1.0,1.0,1.0,1.0,1.0,1.0
1.0,47.6344,0.0,2.0,1.0,30071.171,60.0,1.0,0.0,1.0,0.0,0.0,1.0,0.0,1.0,1.0,1.0,1.0,1.0
1.0,29.3397,1.0,2.0,14.0,28472.427,41.0,1.0,0.0,1.0,0.0,0.0,1.0,0.0,1.0,1.0,1.0,1.0,1.0
1.0,36.8871,0.0,2.0,18.0,35322.253,66.0,1.0,1.0,1.0,1.0,1.0,1.0,1.0,1.0,1.0,1.0,1.0,1.0
1.0,9.5694,1.0,4.0,0.0,8175.5452,36.0,0.0,1.0,1.0,0.0,1.0,1.0,0.0,1.0,0.0,1.0,1.0,1.0
1.0,40.1213,1.0,3.0,5.0,38591.0453,46.0,0.0,1.0,1.0,0.0,1.0,1.0,0.0,1.0,0.0,1.0,1.0,1.0
1.0,23.1145,1.0,1.0,14.0,28574.6081,82.0,1.0,1.0,1.0,1.0,1.0,1.0,1.0,1.0,1.0,1.0,1.0,1.0
0.0,38.8388,0.0,1.0,11.0,18582.675,41.0,0.0,0.0,1.0,0.0,0.0,0.0,0.0,0.0,0.0,0.0,0.0,0.0
1.0,12.2049,1.0,3.0,3.0,22978.5336,74.0,1.0,0.0,1.0,0.0,0.0,0.0,0.0,0.0,0.0,0.0,0.0,0.0
0.0,31.891,0.0,4.0,23.0,22160.0066,91.0,1.0,1.0,1.0,1.0,1.0,1.0,1.0,1.0,1.0,1.0,1.0,1.0
0.0,35.448,1.0,4.0,0.0,3995.243,20.0,0.0,1.0,1.0,0.0,1.0,1.0,0.0,0.0,0.0,0.0,0.0,0.0
1.0,44.7623,0.0,2.0,5.0,30262.3019,44.0,1.0,1.0,1.0,1.0,1.0,1.0,1.0,1.0,1.0,1.0,1.0,1.0
0.0,32.9606,0.0,4.0,15.0,28084.6857,84.0,0.0,1.0,1.0,0.0,1.0,1.0,0.0,1.0,0.0,1.0,1.0,1.0
1.0,13.6423,0.0,1.0,9.0,10943.4354,90.0,1.0,1.0,1.0,1.0,1.0,1.0,1.0,1.0,1.0,1.0,1.0,1.0
0.0,6.6183,0.0,4.0,2.0,36496.5011,15.0,1.0,1.0,1.0,1.0,1.0,1.0,1.0,1.0,1.0,1.0,1.0,1.0
1.0,22.0478,1.0,4.0,5.0,33488.4997,99.0,1.0,0.0,1.0,0.0,0.0,0.0,0.0,0.0,0.0,0.0,0.0,1.0
0.0,34.6592,0.0,1.0,15.0,29730.0049,70.0,1.0,1.0,1.0,1.0,1.0,1.0,1.0,1.0,1.0,1.0,1.0,1.0
1.0,25.2614,1.0,2.0,0.0,39962.866,58.0,0.0,0.0,1.0,0.0,0.0,0.0,0.0,0.0,0.0,0.0,1.0,1.0
0.0,46.8152,0.0,2.0,11.0,30024.9972,20.0,0.0,1.0,1.0,0.0,1.0,1.0,0.0,1.0,0.0,1.0,1.0,1.0
1.0,45.399,1.0,4.0,20.0,37760.8818,86.0,1.0,0.0,1.0,0.0,0.0,1.0,0.0,1.0,1.0,1.0,1.0,1.0
0.0,29.1737,0.0,3.0,15.0,7346.6827,54.0,0.0,1.0,1.0,0.0,1.0,1.0,0.0,1.0,0.0,1.0,1.0,1.0
1.0,21.2666,0.0,1.0,5.0,30094.0161,46.0,1.0,1.0,1.0,1.0,1.0,1.0,1.0,1.0,1.0,1.0,1.0,1.0
1.0,25.4213,1.0,1.0,4.0,11623.6607,89.0,1.0,1.0,1.0,1.0,1.0,1.0,1.0,1.0,1.0,1.0,1.0,1.0
1.0,36.2491,1.0,2.0,21.0,32975.7615,90.0,1.0,0.0,1.0,0.0,0.0,1.0,0.0,1.0,1.0,1.0,1.0,1.0
0.0,22.5409,1.0,4.0,16.0,23761.9926,47.0,0.0,1.0,1.0,0.0,1.0,1.0,0.0,1.0,0.0,1.0,1.0,1.0
1.0,22.2609,0.0,4.0,8.0,12630.4659,91.0,0.0,0.0,1.0,0.0,0.0,0.0,0.0,0.0,0.0,0.0,0.0,0.0
1.0,30.6418,1.0,1.0,2.0,17408.139,79.0,1.0,0.0,1.0,0.0,0.0,0.0,0.0,0.0,0.0,0.0,0.0,0.0
0.0,19.6743,1.0,1.0,6.0,27650.5924,60.0,0.0,0.0,1.0,0.0,0.0,0.0,0.0,0.0,0.0,0.0,0.0,0.0
0.0,47.8563,1.0,2.0,14.0,9338.8082,42.0,1.0,1.0,1.0,1.0,1.0,1.0,1.0,1.0,1.0,1.0,1.0,1.0
0.0,45.1097,0.0,2.0,8.0,15834.4311,49.0,0.0,1.0,1.0,0.0,1.0,1.0,0.0,0.0,0.0,0.0,1.0,1.0
0.0,21.6782,0.0,4.0,4.0,35611.0962,95.0,1.0,1.0,1.0,1.0,1.0,1.0,1.0,1.0,1.0,1.0,1.0,1.0
1.0,29.2563,0.0,3.0,10.0,20197.0538,49.0,1.0,0.0,1.0,0.0,0.0,0.0,0.0,0.0,0.0,0.0,0.0,0.0
1.0,16.1069,1.0,4.0,7.0,1074.6422,94.0,1.0,0.0,1.0,0.0,0.0,0.0,0.0,0.0,0.0,0.0,0.0,0.0
0.0,49.6978,1.0,3.0,3.0,32594.9671,8.0,0.0,0.0,1.0,0.0,0.0,0.0,0.0,0.0,0.0,0.0,1.0,1.0
1.0,43.7858,1.0,1.0,12.0,15002.5338,84.0,1.0,1.0,1.0,1.0,1.0,1.0,1.0,1.0,1.0,1.0,1.0,1.0
1.0,47.7759,1.0,4.0,19.0,9918.8073,64.0,1.0,0.0,1.0,0.0,0.0,0.0,0.0,0.0,0.0,0.0,0.0,0.0
0.0,15.7154,1.0,4.0,17.0,9085.4183,82.0,1.0,1.0,1.0,1.0,1.0,1.0,1.0,1.0,1.0,1.0,1.0,1.0
0.0,16.0185,0.0,1.0,23.0,30791.2487,27.0,1.0,1.0,1.0,1.0,1.0,1.0,1.0,1.0,1.0,1.0,1.0,1.0
1.0,29.4659,1.0,3.0,17.0,38093.1044,25.0,1.0,0.0,1.0,0.0,0.0,0.0,0.0,0.0,0.0,0.0,1.0,1.0
0.0,9.0282,1.0,4.0,8.0,18428.7606,72.0,0.0,1.0,1.0,0.0,1.0,1.0,0.0,1.0,0.0,1.0,1.0,1.0
0.0,30.4332,0.0,3.0,22.0,2368.5365,91.0,1.0,1.0,1.0,1.0,1.0,1.0,1.0,1.0,1.0,1.0,1.0,1.0
0.0,42.7402,1.0,1.0,18.0,1917.6173,7.0,0.0,1.0,1.0,0.0,1.0,1.0,0.0,1.0,0.0,1.0,1.0,1.0
1.0,48.3443,0.0,2.0,5.0,4281.4851,24.0,0.0,1.0,1.0,0.0,1.0,1.0,0.0,0.0,0.0,0.0,0.0,1.0
0.0,43.3836,1.0,1.0,11.0,2518.9781,84.0,1.0,0.0,1.0,0.0,0.0,0.0,0.0,0.0,0.0,0.0,0.0,0.0
0.0,29.7183,0.0,1.0,10.0,3115.2679,78.0,0.0,1.0,1.0,0.0,1.0,1.0,0.0,1.0,0.0,1.0,1.0,1.0
1.0,14.3774,1.0,3.0,4.0,26793.0286,52.0,0.0,1.0,1.0,0.0,1.0,1.0,0.0,1.0,0.0,1.0,1.0,1.0
1.0,33.7801,1.0,4.0,2.0,34087.0728,48.0,0.0,1.0,1.0,0.0,1.0,1.0,0.0,1.0,0.0,1.0,1.0,1.0
0.0,29.1189,1.0,4.0,11.0,35036.8354,92.0,1.0,1.0,1.0,1.0,1.0,1.0,1.0,1.0,1.0,1.0,1.0,1.0
1.0,8.2041,0.0,3.0,17.0,39697.3209,87.0,1.0,1.0,1.0,1.0,1.0,1.0,1.0,1.0,1.0,1.0,1.0,1.0
0.0,24.9427,0.0,4.0,19.0,10141.7656,95.0,1.0,1.0,1.0,1.0,1.0,1.0,1.0,1.0,1.0,1.0,1.0,1.0
1.0,12.8683,1.0,1.0,15.0,13091.9532,75.0,0.0,1.0,1.0,0.0,1.0,1.0,0.0,1.0,0.0,1.0,1.0,1.0
1.0,8.1196,0.0,2.0,21.0,31287.7513,12.0,1.0,1.0,1.0,1.0,1.0,1.0,1.0,1.0,1.0,1.0,1.0,1.0
1.0,26.4711,1.0,3.0,2.0,12334.3682,54.0,0.0,0.0,1.0,0.0,0.0,0.0,0.0,0.0,0.0,0.0,1.0,1.0
1.0,48.741,1.0,2.0,7.0,12538.1125,59.0,1.0,1.0,1.0,1.0,1.0,1.0,1.0,1.0,1.0,1.0,1.0,1.0
0.0,14.136,1.0,1.0,5.0,1236.4752,59.0,1.0,1.0,1.0,1.0,1.0,1.0,1.0,1.0,1.0,1.0,1.0,1.0
1.0,17.2156,0.0,3.0,23.0,32687.6905,23.0,1.0,1.0,1.0,1.0,1.0,1.0,1.0,1.0,1.0,1.0,1.0,1.0
0.0,9.0923,1.0,1.0,2.0,13628.569,8.0,1.0,1.0,1.0,1.0,1.0,1.0,1.0,1.0,1.0,1.0,1.0,1.0
0.0,47.0496,1.0,4.0,1.0,26437.9083,18.0,0.0,1.0,1.0,0.0,1.0,1.0,0.0,1.0,0.0,1.0,1.0,1.0
1.0,22.821,0.0,2.0,1.0,34193.6289,24.0,0.0,1.0,1.0,0.0,1.0,1.0,0.0,1.0,0.0,1.0,1.0,1.0
1.0,46.0687,0.0,3.0,11.0,35602.1966,91.0,1.0,1.0,1.0,1.0,1.0,1.0,1.0,1.0,1.0,1.0,1.0,1.0
1.0,14.7002,1.0,3.0,16.0,32699.5253,74.0,0.0,1.0,1.0,0.0,1.0,1.0,0.0,1.0,0.0,1.0,1.0,1.0
0.0,19.5849,0.0,2.0,9.0,6587.6307,69.0,1.0,1.0,1.0,1.0,1.0,1.0,1.0,1.0,1.0,1.0,1.0,1.0
1.0,15.539,1.0,4.0,22.0,12204.6454,8.0,0.0,1.0,1.0,0.0,1.0,1.0,0.0,1.0,0.0,1.0,1.0,1.0
1.0,8.5832,0.0,3.0,10.0,2346.8673,47.0,1.0,1.0,1.0,1.0,1.0,1.0,1.0,1.0,1.0,1.0,1.0,1.0
1.0,47.848,0.0,2.0,6.0,27779.9829,16.0,1.0,1.0,1.0,1.0,1.0,1.0,1.0,1.0,1.0,1.0,1.0,1.0
0.0,21.3466,0.0,4.0,18.0,21796.8759,42.0,1.0,1.0,1.0,1.0,1.0,1.0,1.0,1.0,1.0,1.0,1.0,1.0
0.0,26.5706,1.0,3.0,1.0,27807.1185,13.0,0.0,0.0,1.0,0.0,0.0,0.0,0.0,0.0,0.0,0.0,0.0,1.0
1.0,16.0522,0.0,2.0,0.0,36039.3711,5.0,1.0,0.0,1.0,0.0,0.0,0.0,0.0,0.0,0.0,0.0,1.0,1.0
1.0,12.2643,0.0,1.0,8.0,31521.1169,83.0,1.0,1.0,1.0,1.0,1.0,1.0,1.0,1.0,1.0,1.0,1.0,1.0
1.0,25.8576,0.0,1.0,8.0,8225.1717,36.0,1.0,1.0,1.0,1.0,1.0,1.0,1.0,1.0,1.0,1.0,1.0,1.0
1.0,11.7959,0.0,3.0,2.0,10939.5851,19.0,1.0,1.0,1.0,1.0,1.0,1.0,1.0,1.0,1.0,1.0,1.0,1.0
0.0,33.149,0.0,2.0,15.0,4359.5032,37.0,0.0,1.0,1.0,0.0,1.0,1.0,0.0,1.0,0.0,1.0,1.0,1.0
0.0,28.5303,1.0,3.0,6.0,35006.3273,30.0,1.0,1.0,1.0,1.0,1.0,1.0,1.0,1.0,1.0,1.0,1.0,1.0
1.0,35.6867,1.0,2.0,21.0,27555.402,62.0,0.0,1.0,1.0,0.0,1.0,1.0,0.0,1.0,0.0,1.0,1.0,1.0
0.0,7.211,0.0,3.0,4.0,16915.7676,96.0,1.0,1.0,1.0,1.0,1.0,1.0,1.0,1.0,1.0,1.0,1.0,1.0
1.0,49.4265,1.0,3.0,23.0,7450.9854,43.0,0.0,1.0,1.0,0.0,1.0,1.0,0.0,0.0,0.0,0.0,1.0,1.0
0.0,17.8213,0.0,1.0,13.0,24247.9174,97.0,1.0,0.0,1.0,0.0,0.0,0.0,0.0,0.0,0.0,0.0,0.0,0.0
1.0,7.1181,0.0,4.0,11.0,18751.0951,69.0,1.0,1.0,1.0,1.0,1.0,1.0,1.0,1.0,1.0,1.0,1.0,1.0
1.0,34.9378,1.0,4.0,6.0,34803.7867,4.0,0.0,1.0,1.0,0.0,1.0,1.0,0.0,1.0,0.0,1.0,1.0,1.0
1.0,34.7398,0.0,4.0,14.0,27428.3257,90.0,1.0,0.0,1.0,0.0,0.0,0.0,0.0,0.0,0.0,0.0,0.0,0.0
0.0,43.4973,1.0,3.0,17.0,33728.585,61.0,0.0,1.0,1.0,0.0,1.0,1.0,0.0,1.0,0.0,1.0,1.0,1.0
0.0,41.4449,1.0,3.0,14.0,27602.6346,14.0,1.0,1.0,1.0,1.0,1.0,1.0,1.0,1.0,1.0,1.0,1.0,1.0
1.0,46.7275,0.0,4.0,14.0,1116.8475,64.0,1.0,1.0,1.0,1.0,1.0,1.0,1.0,1.0,1.0,1.0,1.0,1.0
1.0,48.3988,0.0,2.0,13.0,28778.6766,12.0,1.0,1.0,1.0,1.0,1.0,1.0,1.0,1.0,1.0,1.0,1.0,1.0
0.0,25.7751,0.0,2.0,8.0,12109.8309,52.0,1.0,1.0,1.0,1.0,1.0,1.0,1.0,1.0,1.0,1.0,1.0,1.0
0.0,12.8401,0.0,1.0,23.0,26504.3718,100.0,0.0,1.0,1.0,0.0,1.0,1.0,0.0,0.0,0.0,0.0,0.0,1.0
0.0,20.8115,1.0,1.0,8.0,29528.2167,29.0,0.0,1.0,1.0,0.0,1.0,1.0,0.0,1.0,0.0,1.0,1.0,1.0
0.0,30.9104,0.0,2.0,1.0,21251.2836,70.0,1.0,1.0,1.0,1.0,1.0,1.0,1.0,1.0,1.0,1.0,1.0,1.0
0.0,23.9708,0.0,3.0,1.0,5797.563,28.0,1.0,0.0,1.0,0.0,0.0,0.0,0.0,0.0,0.0,0.0,1.0,1.0
0.0,33.277,0.0,1.0,17.0,20393.7289,47.0,1.0,1.0,1.0,1.0,1.0,1.0,1.0,1.0,1.0,1.0,1.0,1.0
1.0,20.1937,1.0,3.0,20.0,35252.0347,9.0,1.0,1.0,1.0,1.0,1.0,1.0,1.0,1.0,1.0,1.0,1.0,1.0
0.0,11.8978,0.0,1.0,16.0,28246.129,29.0,1.0,1.0,1.0,1.0,1.0,1.0,1.0,1.0,1.0,1.0,1.0,1.0
0.0,25.7031,0.0,1.0,1.0,1725.8809,18.0,1.0,1.0,1.0,1.0,1.0,1.0,1.0,1.0,1.0,1.0,1.0,1.0
1.0,45.7856,1.0,1.0,12.0,5732.5791,38.0,0.0,1.0,1.0,0.0,1.0,1.0,0.0,1.0,0.0,1.0,1.0,1.0
0.0,15.0442,1.0,1.0,10.0,29602.5418,69.0,0.0,1.0,1.0,0.0,1.0,1.0,0.0,0.0,0.0,0.0,1.0,1.0
1.0,26.3903,1.0,3.0,2.0,8599.523,4.0,0.0,0.0,1.0,0.0,0.0,0.0,0.0,0.0,0.0,0.0,0.0,0.0
0.0,48.071,1.0,3.0,10.0,1629.6522,49.0,0.0,1.0,1.0,0.0,1.0,1.0,0.0,1.0,0.0,1.0,1.0,1.0
1.0,44.0354,1.0,2.0,14.0,23647.1747,33.0,0.0,0.0,1.0,0.0,0.0,0.0,0.0,0.0,0.0,0.0,0.0,1.0
0.0,44.8037,0.0,2.0,23.0,31556.4529,38.0,1.0,1.0,1.0,1.0,1.0,1.0,1.0,1.0,1.0,1.0,1.0,1.0
1.0,26.7579,1.0,2.0,14.0,33895.176,54.0,1.0,1.0,1.0,1.0,1.0,1.0,1.0,1.0,1.0,1.0,1.0,1.0
1.0,23.0625,1.0,3.0,23.0,26826.3665,55.0,1.0,1.0,1.0,1.0,1.0,1.0,1.0,1.0,1.0,1.0,1.0,1.0
0.0,46.6143,0.0,1.0,11.0,5489.0325,31.0,1.0,1.0,1.0,1.0,1.0,1.0,1.0,1.0,1.0,1.0,1.0,1.0
1.0,24.1809,1.0,2.0,16.0,22437.2575,93.0,1.0,0.0,1.0,0.0,0.0,0.0,0.0,0.0,0.0,0.0,0.0,0.0
0.0,42.8857,1.0,1.0,23.0,37903.3809,53.0,0.0,0.0,1.0,0.0,0.0,0.0,0.0,0.0,0.0,0.0,1.0,1.0
1.0,14.008,1.0,3.0,10.0,11492.8472,13.0,0.0,1.0,1.0,0.0,1.0,1.0,0.0,1.0,0.0,1.0,1.0,1.0
1.0,40.0863,1.0,4.0,2.0,33064.2745,83.0,0.0,1.0,1.0,0.0,1.0,1.0,0.0,1.0,0.0,1.0,1.0,1.0
1.0,36.3355,1.0,3.0,21.0,3848.292,21.0,0.0,1.0,1.0,0.0,1.0,1.0,0.0,1.0,0.0,1.0,1.0,1.0
0.0,38.0057,1.0,4.0,7.0,38128.5963,91.0,1.0,1.0,1.0,1.0,1.0,1.0,1.0,1.0,1.0,1.0,1.0,1.0
0.0,9.4357,1.0,3.0,11.0,14808.1908,76.0,1.0,0.0,1.0,0.0,0.0,0.0,0.0,0.0,0.0,0.0,1.0,1.0
0.0,10.3654,1.0,4.0,11.0,3192.7325,15.0,0.0,0.0,1.0,0.0,0.0,1.0,0.0,1.0,0.0,1.0,1.0,1.0
0.0,34.2474,1.0,4.0,22.0,31267.2215,8.0,0.0,0.0,1.0,0.0,0.0,0.0,0.0,0.0,0.0,0.0,0.0,0.0
1.0,17.3608,1.0,1.0,10.0,38010.3599,76.0,1.0,1.0,1.0,1.0,1.0,1.0,1.0,1.0,1.0,1.0,1.0,1.0
0.0,42.1555,1.0,3.0,13.0,22566.4903,69.0,1.0,0.0,1.0,0.0,0.0,0.0,0.0,0.0,0.0,0.0,0.0,0.0
1.0,31.8028,1.0,1.0,4.0,2384.7684,63.0,1.0,0.0,1.0,0.0,0.0,0.0,0.0,0.0,0.0,0.0,0.0,0.0
1.0,41.4335,0.0,2.0,1.0,13020.3086,10.0,1.0,1.0,1.0,1.0,1.0,1.0,1.0,1.0,1.0,1.0,1.0,1.0
1.0,49.5977,0.0,3.0,15.0,23899.6628,87.0,1.0,0.0,1.0,0.0,0.0,0.0,0.0,0.0,0.0,0.0,0.0,0.0
0.0,37.672,0.0,3.0,9.0,13017.9746,90.0,1.0,1.0,1.0,1.0,1.0,1.0,1.0,1.0,1.0,1.0,1.0,1.0
0.0,31.9616,0.0,1.0,16.0,25715.9635,32.0,1.0,1.0,1.0,1.0,1.0,1.0,1.0,1.0,1.0,1.0,1.0,1.0
1.0,16.9424,1.0,2.0,4.0,10802.5768,29.0,1.0,0.0,1.0,0.0,0.0,0.0,0.0,0.0,0.0,0.0,1.0,1.0
1.0,48.6705,0.0,4.0,11.0,8393.9617,99.0,1.0,0.0,1.0,0.0,0.0,0.0,0.0,0.0,0.0,0.0,0.0,0.0
1.0,26.2282,1.0,3.0,21.0,39493.4902,70.0,0.0,0.0,1.0,0.0,0.0,0.0,0.0,0.0,0.0,0.0,0.0,0.0
0.0,36.4439,1.0,1.0,14.0,34289.3775,4.0,0.0,1.0,1.0,0.0,1.0,1.0,0.0,1.0,0.0,1.0,1.0,1.0
1.0,29.7362,1.0,2.0,9.0,32233.3401,27.0,0.0,1.0,1.0,0.0,1.0,1.0,0.0,1.0,0.0,1.0,1.0,1.0
0.0,24.2791,0.0,1.0,4.0,2839.0868,17.0,1.0,1.0,1.0,1.0,1.0,1.0,1.0,1.0,1.0,1.0,1.0,1.0
0.0,43.6499,1.0,4.0,7.0,16531.2806,73.0,0.0,1.0,1.0,0.0,1.0,1.0,0.0,1.0,0.0,1.0,1.0,1.0
0.0,47.7736,0.0,4.0,11.0,17522.9968,78.0,0.0,1.0,1.0,0.0,1.0,1.0,0.0,1.0,0.0,1.0,1.0,1.0
1.0,49.9512,1.0,4.0,4.0,10034.1851,52.0,1.0,0.0,1.0,0.0,0.0,1.0,0.0,1.0,1.0,1.0,1.0,1.0
1.0,22.5836,1.0,3.0,15.0,21576.199,56.0,1.0,1.0,1.0,1.0,1.0,1.0,1.0,1.0,1.0,1.0,1.0,1.0
1.0,31.7655,0.0,4.0,11.0,36255.4215,37.0,1.0,1.0,1.0,1.0,1.0,1.0,1.0,1.0,1.0,1.0,1.0,1.0
0.0,30.8735,0.0,3.0,13.0,38853.4286,86.0,1.0,0.0,1.0,0.0,0.0,0.0,0.0,0.0,0.0,0.0,0.0,0.0
1.0,21.1516,1.0,2.0,8.0,24510.1186,36.0,0.0,1.0,1.0,0.0,1.0,1.0,0.0,0.0,0.0,0.0,1.0,1.0
0.0,37.494,1.0,3.0,16.0,5708.7485,5.0,0.0,0.0,1.0,0.0,0.0,0.0,0.0,0.0,0.0,0.0,0.0,1.0
1.0,39.4508,0.0,2.0,2.0,25189.2006,80.0,1.0,1.0,1.0,1.0,1.0,1.0,1.0,1.0,1.0,1.0,1.0,1.0
0.0,23.0619,1.0,1.0,1.0,18019.3715,54.0,0.0,0.0,1.0,0.0,0.0,0.0,0.0,0.0,0.0,0.0,0.0,0.0
1.0,25.3242,1.0,1.0,6.0,9206.6927,100.0,1.0,1.0,1.0,1.0,1.0,1.0,1.0,1.0,1.0,1.0,1.0,1.0
1.0,23.7521,0.0,4.0,17.0,37959.8759,37.0,1.0,0.0,1.0,0.0,0.0,0.0,0.0,0.0,0.0,0.0,0.0,1.0
1.0,9.2082,0.0,2.0,12.0,7403.6069,80.0,1.0,1.0,1.0,1.0,1.0,1.0,1.0,1.0,1.0,1.0,1.0,1.0
1.0,32.3778,1.0,1.0,17.0,11816.9302,48.0,0.0,1.0,1.0,0.0,1.0,1.0,0.0,1.0,0.0,1.0,1.0,1.0
1.0,12.0045,0.0,4.0,20.0,35587.3952,47.0,1.0,0.0,1.0,0.0,0.0,0.0,0.0,0.0,0.0,0.0,0.0,0.0
1.0,28.4954,1.0,1.0,15.0,2147.7139,19.0,1.0,1.0,1.0,1.0,1.0,1.0,1.0,1.0,1.0,1.0,1.0,1.0
0.0,7.4197,1.0,2.0,23.0,1826.1451,23.0,0.0,1.0,1.0,0.0,1.0,1.0,0.0,1.0,0.0,1.0,1.0,1.0
1.0,16.4078,0.0,3.0,19.0,27585.7555,34.0,1.0,0.0,1.0,0.0,0.0,0.0,0.0,0.0,0.0,0.0,0.0,0.0
0.0,30.5203,1.0,2.0,21.0,20055.4128,32.0,1.0,1.0,1.0,1.0,1.0,1.0,1.0,1.0,1.0,1.0,1.0,1.0
1.0,11.0856,1.0,1.0,11.0,12305.4556,60.0,1.0,1.0,1.0,1.0,1.0,1.0,1.0,1.0,1.0,1.0,1.0,1.0
0.0,9.699,1.0,1.0,8.0,21558.8826,65.0,1.0,1.0,1.0,1.0,1.0,1.0,1.0,1.0,1.0,1.0,1.0,1.0
1.0,41.2248,1.0,1.0,2.0,38046.9617,88.0,1.0,1.0,1.0,1.0,1.0,1.0,1.0,1.0,1.0,1.0,1.0,1.0
1.0,24.9655,1.0,2.0,11.0,1922.5868,38.0,0.0,0.0,1.0,0.0,0.0,0.0,0.0,0.0,0.0,0.0,0.0,0.0
1.0,21.7685,1.0,1.0,21.0,22622.415,70.0,1.0,1.0,1.0,1.0,1.0,1.0,1.0,1.0,1.0,1.0,1.0,1.0
0.0,15.2975,0.0,1.0,10.0,21329.3663,29.0,0.0,1.0,1.0,0.0,1.0,1.0,0.0,1.0,0.0,1.0,1.0,1.0
1.0,40.4805,1.0,4.0,20.0,8404.8389,53.0,0.0,1.0,1.0,0.0,1.0,1.0,0.0,0.0,0.0,0.0,1.0,1.0
0.0,25.7344,1.0,4.0,21.0,7459.5774,69.0,0.0,1.0,1.0,0.0,1.0,1.0,0.0,1.0,0.0,1.0,1.0,1.0
0.0,20.9723,1.0,1.0,4.0,3920.7978,88.0,1.0,0.0,1.0,0.0,0.0,0.0,0.0,0.0,0.0,0.0,1.0,1.0
1.0,20.8971,0.0,3.0,18.0,10985.3645,74.0,1.0,0.0,1.0,0.0,0.0,0.0,0.0,0.0,0.0,0.0,1.0,1.0
0.0,5.0397,1.0,1.0,2.0,31357.3342,90.0,0.0,1.0,1.0,0.0,1.0,1.0,0.0,1.0,0.0,1.0,1.0,1.0
1.0,10.1854,0.0,4.0,10.0,11621.5678,9.0,1.0,1.0,1.0,1.0,1.0,1.0,1.0,1.0,1.0,1.0,1.0,1.0
0.0,31.7099,1.0,3.0,23.0,25439.4711,31.0,0.0,1.0,1.0,0.0,1.0,1.0,0.0,0.0,0.0,0.0,0.0,0.0
0.0,20.7968,0.0,2.0,0.0,10079.4508,90.0,1.0,1.0,1.0,1.0,1.0,1.0,1.0,1.0,1.0,1.0,1.0,1.0
0.0,23.4959,1.0,2.0,19.0,26030.0628,50.0,1.0,0.0,1.0,0.0,0.0,0.0,0.0,0.0,0.0,0.0,1.0,1.0
0.0,26.817,0.0,1.0,12.0,32513.1,55.0,0.0,1.0,1.0,0.0,1.0,1.0,0.0,1.0,0.0,1.0,1.0,1.0
0.0,24.9565,1.0,2.0,17.0,23056.3983,59.0,1.0,0.0,1.0,0.0,0.0,0.0,0.0,0.0,0.0,0.0,0.0,1.0
1.0,26.0264,1.0,3.0,19.0,11981.722,73.0,1.0,0.0,1.0,0.0,0.0,0.0,0.0,0.0,0.0,0.0,0.0,1.0
1.0,30.7315,0.0,4.0,1.0,28511.1703,93.0,1.0,1.0,1.0,1.0,1.0,1.0,1.0,1.0,1.0,1.0,1.0,1.0
0.0,24.05,0.0,2.0,12.0,6632.1115,34.0,1.0,1.0,1.0,1.0,1.0,1.0,1.0,1.0,1.0,1.0,1.0,1.0
1.0,15.7247,0.0,1.0,6.0,29479.0372,90.0,1.0,1.0,1.0,1.0,1.0,1.0,1.0,1.0,1.0,1.0,1.0,1.0
1.0,29.4816,1.0,2.0,13.0,2434.3488,81.0,0.0,0.0,1.0,0.0,0.0,0.0,0.0,0.0,0.0,0.0,0.0,1.0
1.0,18.5415,0.0,1.0,23.0,38999.6089,37.0,0.0,1.0,1.0,0.0,1.0,1.0,0.0,1.0,0.0,1.0,1.0,1.0
1.0,9.2668,0.0,2.0,22.0,32168.0329,83.0,0.0,1.0,1.0,0.0,1.0,1.0,0.0,1.0,0.0,1.0,1.0,1.0
0.0,44.343,1.0,3.0,5.0,18839.2429,5.0,1.0,1.0,1.0,1.0,1.0,1.0,1.0,1.0,1.0,1.0,1.0,1.0
0.0,46.705,1.0,4.0,21.0,32558.6645,21.0,0.0,0.0,1.0,0.0,0.0,0.0,0.0,0.0,0.0,0.0,0.0,0.0
0.0,15.4718,0.0,1.0,15.0,26976.3728,88.0,0.0,0.0,1.0,0.0,0.0,0.0,0.0,0.0,0.0,0.0,0.0,1.0
1.0,15.7697,0.0,3.0,5.0,37464.7583,25.0,1.0,1.0,1.0,1.0,1.0,1.0,1.0,1.0,1.0,1.0,1.0,1.0
1.0,46.3409,1.0,2.0,16.0,6592.97,35.0,0.0,1.0,1.0,0.0,1.0,1.0,0.0,1.0,0.0,1.0,1.0,1.0
1.0,22.0069,0.0,3.0,16.0,35540.7306,22.0,1.0,0.0,1.0,0.0,0.0,0.0,0.0,0.0,0.0,0.0,1.0,1.0
0.0,46.056,0.0,1.0,7.0,1939.6086,84.0,1.0,1.0,1.0,1.0,1.0,1.0,1.0,1.0,1.0,1.0,1.0,1.0
0.0,10.1398,0.0,4.0,5.0,25235.2597,93.0,1.0,1.0,1.0,1.0,1.0,1.0,1.0,1.0,1.0,1.0,1.0,1.0
1.0,21.1049,0.0,1.0,0.0,7889.4614,58.0,1.0,1.0,1.0,1.0,1.0,1.0,1.0,1.0,1.0,1.0,1.0,1.0
0.0,19.2026,0.0,4.0,6.0,31924.958,58.0,1.0,0.0,1.0,0.0,0.0,1.0,0.0,1.0,1.0,1.0,1.0,1.0
1.0,29.9234,0.0,1.0,13.0,36078.8051,46.0,1.0,0.0,1.0,0.0,0.0,0.0,0.0,0.0,0.0,0.0,0.0,1.0
1.0,17.6523,0.0,2.0,15.0,20754.9529,28.0,1.0,1.0,1.0,1.0,1.0,1.0,1.0,1.0,1.0,1.0,1.0,1.0
1.0,42.5993,0.0,3.0,6.0,5697.2582,29.0,1.0,1.0,1.0,1.0,1.0,1.0,1.0,1.0,1.0,1.0,1.0,1.0
1.0,28.7199,0.0,2.0,8.0,35350.3049,82.0,1.0,0.0,1.0,0.0,0.0,0.0,0.0,0.0,0.0,0.0,1.0,1.0
0.0,37.6961,1.0,2.0,22.0,20845.9124,30.0,1.0,1.0,1.0,1.0,1.0,1.0,1.0,1.0,1.0,1.0,1.0,1.0
0.0,49.811,0.0,4.0,19.0,9514.6098,9.0,1.0,1.0,1.0,1.0,1.0,1.0,1.0,1.0,1.0,1.0,1.0,1.0
1.0,27.9994,0.0,1.0,5.0,18842.0671,18.0,1.0,0.0,1.0,0.0,0.0,0.0,0.0,0.0,0.0,0.0,1.0,1.0
0.0,20.8401,1.0,1.0,11.0,1678.6345,74.0,1.0,1.0,1.0,1.0,1.0,1.0,1.0,1.0,1.0,1.0,1.0,1.0
1.0,49.117,1.0,2.0,0.0,37940.5793,60.0,0.0,1.0,1.0,0.0,1.0,1.0,0.0,1.0,0.0,1.0,1.0,1.0
1.0,38.1654,1.0,2.0,16.0,39193.3619,30.0,0.0,0.0,1.0,0.0,0.0,0.0,0.0,0.0,0.0,0.0,0.0,0.0
1.0,8.2584,1.0,2.0,1.0,35896.5259,23.0,1.0,1.0,1.0,1.0,1.0,1.0,1.0,1.0,1.0,1.0,1.0,1.0
1.0,22.9573,1.0,3.0,21.0,3629.9899,7.0,1.0,1.0,1.0,1.0,1.0,1.0,1.0,1.0,1.0,1.0,1.0,1.0
0.0,9.5899,0.0,2.0,20.0,37991.5795,22.0,1.0,0.0,1.0,0.0,0.0,0.0,0.0,0.0,0.0,0.0,0.0,0.0
1.0,19.8537,1.0,2.0,23.0,8772.1264,99.0,1.0,0.0,1.0,0.0,0.0,0.0,0.0,0.0,0.0,0.0,1.0,1.0
0.0,47.2105,1.0,4.0,16.0,4165.0727,53.0,0.0,0.0,1.0,0.0,0.0,0.0,0.0,0.0,0.0,0.0,1.0,1.0
1.0,6.3424,0.0,4.0,12.0,7305.6867,35.0,1.0,1.0,1.0,1.0,1.0,1.0,1.0,1.0,1.0,1.0,1.0,1.0
0.0,36.1231,0.0,2.0,23.0,30167.9129,34.0,1.0,1.0,1.0,1.0,1.0,1.0,1.0,1.0,1.0,1.0,1.0,1.0
0.0,48.986,0.0,3.0,15.0,12409.3364,68.0,1.0,1.0,1.0,1.0,1.0,1.0,1.0,1.0,1.0,1.0,1.0,1.0
1.0,14.651,1.0,4.0,6.0,7231.2542,29.0,0.0,0.0,1.0,0.0,0.0,0.0,0.0,0.0,0.0,0.0,0.0,0.0
1.0,41.3424,1.0,1.0,3.0,16238.2306,78.0,1.0,0.0,1.0,0.0,0.0,0.0,0.0,0.0,0.0,0.0,0.0,1.0
1.0,49.8518,1.0,3.0,12.0,37984.3202,22.0,1.0,1.0,1.0,1.0,1.0,1.0,1.0,1.0,1.0,1.0,1.0,1.0
1.0,49.7742,1.0,3.0,23.0,31314.6729,47.0,0.0,1.0,1.0,0.0,1.0,1.0,0.0,1.0,0.0,1.0,1.0,1.0
0.0,42.3551,1.0,1.0,1.0,19209.4583,67.0,0.0,1.0,1.0,0.0,1.0,1.0,0.0,1.0,0.0,1.0,1.0,1.0
1.0,46.1565,1.0,3.0,6.0,29992.5166,22.0,0.0,1.0,1.0,0.0,1.0,1.0,0.0,1.0,0.0,1.0,1.0,1.0
1.0,38.1849,1.0,2.0,6.0,35031.4171,4.0,1.0,1.0,1.0,1.0,1.0,1.0,1.0,1.0,1.0,1.0,1.0,1.0
0.0,7.8615,0.0,3.0,23.0,35408.2166,13.0,1.0,1.0,1.0,1.0,1.0,1.0,1.0,1.0,1.0,1.0,1.0,1.0
0.0,36.4903,1.0,3.0,9.0,34694.7256,7.0,0.0,1.0,1.0,0.0,1.0,1.0,0.0,1.0,0.0,1.0,1.0,1.0
0.0,26.8195,0.0,1.0,2.0,39912.1782,41.0,1.0,1.0,1.0,1.0,1.0,1.0,1.0,1.0,1.0,1.0,1.0,1.0
0.0,14.6219,1.0,4.0,6.0,23226.2054,11.0,0.0,0.0,1.0,0.0,0.0,0.0,0.0,0.0,0.0,0.0,0.0,1.0
1.0,18.0161,0.0,4.0,21.0,25653.2196,46.0,0.0,1.0,1.0,0.0,1.0,1.0,0.0,1.0,0.0,1.0,1.0,1.0
1.0,35.4372,1.0,1.0,17.0,12024.3464,49.0,0.0,0.0,1.0,0.0,0.0,0.0,0.0,0.0,0.0,0.0,1.0,1.0
1.0,19.3448,0.0,3.0,4.0,6252.596,60.0,1.0,1.0,1.0,1.0,1.0,1.0,1.0,1.0,1.0,1.0,1.0,1.0
1.0,30.4004,1.0,3.0,20.0,36109.3136,72.0,0.0,0.0,1.0,0.0,0.0,0.0,0.0,0.0,0.0,0.0,0.0,1.0
0.0,5.3879,1.0,3.0,15.0,14944.9768,62.0,1.0,1.0,1.0,1.0,1.0,1.0,1.0,1.0,1.0,1.0,1.0,1.0
1.0,28.0167,1.0,1.0,11.0,33354.1455,39.0,1.0,1.0,1.0,1.0,1.0,1.0,1.0,1.0,1.0,1.0,1.0,1.0
0.0,48.7925,0.0,1.0,15.0,33481.2697,83.0,1.0,0.0,1.0,0.0,0.0,0.0,0.0,0.0,0.0,0.0,0.0,1.0
0.0,10.0556,1.0,3.0,6.0,31585.2506,35.0,0.0,1.0,1.0,0.0,1.0,1.0,0.0,1.0,0.0,1.0,1.0,1.0
0.0,29.292,1.0,2.0,11.0,22448.3124,42.0,0.0,1.0,1.0,0.0,1.0,1.0,0.0,1.0,0.0,1.0,1.0,1.0
1.0,29.7821,0.0,4.0,7.0,16036.188,36.0,1.0,1.0,1.0,1.0,1.0,1.0,1.0,1.0,1.0,1.0,1.0,1.0
1.0,49.2093,0.0,2.0,21.0,32793.076,78.0,1.0,0.0,1.0,0.0,0.0,0.0,0.0,0.0,0.0,0.0,0.0,1.0
0.0,21.7624,0.0,4.0,23.0,6949.8289,26.0,1.0,1.0,1.0,1.0,1.0,1.0,1.0,1.0,1.0,1.0,1.0,1.0
0.0,6.927,0.0,1.0,4.0,6164.5107,87.0,1.0,1.0,1.0,1.0,1.0,1.0,1.0,1.0,1.0,1.0,1.0,1.0
0.0,7.5292,1.0,1.0,6.0,36726.3747,7.0,1.0,1.0,1.0,1.0,1.0,1.0,1.0,1.0,1.0,1.0,1.0,1.0
1.0,22.3469,1.0,4.0,19.0,4409.8216,82.0,1.0,1.0,1.0,1.0,1.0,1.0,1.0,1.0,1.0,1.0,1.0,1.0
1.0,48.7707,1.0,2.0,11.0,31080.4973,86.0,1.0,1.0,1.0,1.0,1.0,1.0,1.0,1.0,1.0,1.0,1.0,1.0
1.0,20.6567,0.0,4.0,20.0,28250.2525,13.0,1.0,1.0,1.0,1.0,1.0,1.0,1.0,1.0,1.0,1.0,1.0,1.0
0.0,38.5568,0.0,2.0,1.0,21639.347,10.0,1.0,1.0,1.0,1.0,1.0,1.0,1.0,1.0,1.0,1.0,1.0,1.0
1.0,49.8286,0.0,3.0,1.0,35965.6221,71.0,0.0,1.0,1.0,0.0,1.0,1.0,0.0,0.0,0.0,0.0,0.0,1.0
1.0,45.8625,1.0,2.0,22.0,21080.0464,31.0,0.0,0.0,1.0,0.0,0.0,0.0,0.0,0.0,0.0,0.0,0.0,0.0
0.0,28.3179,1.0,3.0,1.0,19783.2497,43.0,0.0,1.0,1.0,0.0,1.0,1.0,0.0,1.0,0.0,1.0,1.0,1.0
0.0,47.3825,1.0,3.0,18.0,14528.6449,48.0,1.0,0.0,1.0,0.0,0.0,0.0,0.0,0.0,0.0,0.0,1.0,1.0
1.0,29.4601,1.0,1.0,22.0,31438.0996,74.0,0.0,1.0,1.0,0.0,1.0,1.0,0.0,1.0,0.0,1.0,1.0,1.0
0.0,8.1192,1.0,3.0,8.0,23943.9821,82.0,0.0,1.0,1.0,0.0,1.0,1.0,0.0,1.0,0.0,1.0,1.0,1.0
1.0,48.0572,0.0,2.0,5.0,2647.0276,95.0,1.0,0.0,1.0,0.0,0.0,1.0,0.0,1.0,1.0,1.0,1.0,1.0
0.0,7.5468,0.0,1.0,12.0,6152.9236,34.0,1.0,1.0,1.0,1.0,1.0,1.0,1.0,1.0,1.0,1.0,1.0,1.0
1.0,16.542,0.0,2.0,10.0,24013.1338,96.0,1.0,1.0,1.0,1.0,1.0,1.0,1.0,1.0,1.0,1.0,1.0,1.0
0.0,34.7242,0.0,3.0,0.0,28140.3174,41.0,1.0,1.0,1.0,1.0,1.0,1.0,1.0,1.0,1.0,1.0,1.0,1.0
0.0,31.3145,1.0,1.0,11.0,13901.627,50.0,0.0,0.0,1.0,0.0,0.0,0.0,0.0,0.0,0.0,0.0,0.0,0.0
0.0,7.4277,0.0,1.0,21.0,23070.9201,75.0,1.0,1.0,1.0,1.0,1.0,1.0,1.0,1.0,1.0,1.0,1.0,1.0
1.0,42.3047,1.0,1.0,17.0,35896.1914,39.0,0.0,0.0,1.0,0.0,0.0,0.0,0.0,0.0,0.0,0.0,0.0,0.0
1.0,25.467,1.0,4.0,0.0,11814.7354,21.0,0.0,0.0,1.0,0.0,0.0,0.0,0.0,0.0,0.0,0.0,0.0,1.0
0.0,11.6564,0.0,1.0,4.0,36331.1522,25.0,1.0,0.0,1.0,0.0,0.0,0.0,0.0,0.0,0.0,0.0,0.0,0.0
0.0,42.788,1.0,2.0,1.0,15561.7222,11.0,1.0,1.0,1.0,1.0,1.0,1.0,1.0,1.0,1.0,1.0,1.0,1.0
1.0,10.1248,1.0,4.0,22.0,1954.2909,85.0,1.0,1.0,1.0,1.0,1.0,1.0,1.0,1.0,1.0,1.0,1.0,1.0
1.0,32.9659,1.0,4.0,22.0,30378.2555,58.0,0.0,1.0,1.0,0.0,1.0,1.0,0.0,1.0,0.0,1.0,1.0,1.0
0.0,25.0001,1.0,4.0,7.0,32382.0674,12.0,0.0,0.0,1.0,0.0,0.0,0.0,0.0,0.0,0.0,0.0,0.0,0.0
1.0,31.1327,0.0,1.0,23.0,1254.7391,57.0,1.0,1.0,1.0,1.0,1.0,1.0,1.0,1.0,1.0,1.0,1.0,1.0
1.0,38.853,0.0,3.0,17.0,36987.5084,95.0,1.0,1.0,1.0,1.0,1.0,1.0,1.0,1.0,1.0,1.0,1.0,1.0
1.0,23.3869,1.0,1.0,7.0,13976.765,28.0,0.0,1.0,1.0,0.0,1.0,1.0,0.0,1.0,0.0,1.0,1.0,1.0
1.0,21.1246,0.0,1.0,14.0,1836.5047,84.0,1.0,1.0,1.0,1.0,1.0,1.0,1.0,1.0,1.0,1.0,1.0,1.0
0.0,38.5143,1.0,3.0,6.0,32365.95,90.0,1.0,0.0,1.0,0.0,0.0,0.0,0.0,0.0,0.0,0.0,0.0,0.0
1.0,21.8771,1.0,1.0,9.0,14302.9663,38.0,0.0,1.0,1.0,0.0,1.0,1.0,0.0,0.0,0.0,0.0,1.0,1.0
0.0,40.8282,1.0,3.0,11.0,24105.9243,44.0,0.0,1.0,1.0,0.0,1.0,1.0,0.0,0.0,0.0,0.0,0.0,0.0
1.0,47.4745,0.0,1.0,16.0,37292.3297,32.0,0.0,1.0,1.0,0.0,1.0,1.0,0.0,1.0,0.0,1.0,1.0,1.0
0.0,26.3706,0.0,2.0,18.0,35880.7355,94.0,1.0,1.0,1.0,1.0,1.0,1.0,1.0,1.0,1.0,1.0,1.0,1.0
1.0,41.5007,0.0,1.0,22.0,11735.9275,30.0,1.0,1.0,1.0,1.0,1.0,1.0,1.0,1.0,1.0,1.0,1.0,1.0
1.0,6.8808,0.0,2.0,10.0,5008.1064,11.0,1.0,1.0,1.0,1.0,1.0,1.0,1.0,1.0,1.0,1.0,1.0,1.0
0.0,44.4877,1.0,4.0,3.0,6616.6644,4.0,0.0,1.0,1.0,0.0,1.0,1.0,0.0,1.0,0.0,1.0,1.0,1.0
1.0,17.0256,0.0,4.0,19.0,34231.6276,44.0,1.0,1.0,1.0,1.0,1.0,1.0,1.0,1.0,1.0,1.0,1.0,1.0
0.0,24.1002,0.0,1.0,3.0,32094.4243,50.0,0.0,1.0,1.0,0.0,1.0,1.0,0.0,1.0,0.0,1.0,1.0,1.0
1.0,18.0614,1.0,4.0,2.0,25534.8188,52.0,0.0,1.0,1.0,0.0,1.0,1.0,0.0,1.0,0.0,1.0,1.0,1.0
0.0,42.1548,1.0,2.0,10.0,25169.7917,76.0,0.0,1.0,1.0,0.0,1.0,1.0,0.0,1.0,0.0,1.0,1.0,1.0
1.0,5.9052,1.0,3.0,12.0,4497.8308,39.0,0.0,1.0,1.0,0.0,1.0,1.0,0.0,1.0,0.0,1.0,1.0,1.0
1.0,19.126,1.0,2.0,0.0,8462.9059,52.0,0.0,1.0,1.0,0.0,1.0,1.0,0.0,1.0,0.0,1.0,1.0,1.0
1.0,47.1017,0.0,1.0,17.0,14645.1842,75.0,1.0,0.0,1.0,0.0,0.0,0.0,0.0,0.0,0.0,0.0,0.0,0.0
1.0,48.598,1.0,3.0,12.0,19362.1716,9.0,1.0,1.0,1.0,1.0,1.0,1.0,1.0,1.0,1.0,1.0,1.0,1.0
1.0,30.7201,0.0,1.0,1.0,5838.6281,63.0,0.0,0.0,1.0,0.0,0.0,0.0,0.0,0.0,0.0,0.0,0.0,0.0
0.0,21.342,0.0,1.0,2.0,27972.0706,95.0,1.0,0.0,1.0,0.0,0.0,1.0,0.0,1.0,1.0,1.0,1.0,1.0
0.0,13.7239,1.0,2.0,2.0,28911.0045,9.0,1.0,1.0,1.0,1.0,1.0,1.0,1.0,1.0,1.0,1.0,1.0,1.0
0.0,47.7673,0.0,3.0,16.0,24886.7756,41.0,1.0,1.0,1.0,1.0,1.0,1.0,1.0,1.0,1.0,1.0,1.0,1.0
0.0,9.1185,0.0,3.0,14.0,3240.0042,75.0,1.0,0.0,1.0,0.0,0.0,0.0,0.0,0.0,0.0,0.0,0.0,1.0
1.0,30.5657,0.0,4.0,8.0,11335.887,39.0,1.0,0.0,1.0,0.0,0.0,0.0,0.0,0.0,0.0,0.0,0.0,0.0
1.0,40.9738,0.0,2.0,15.0,11094.5577,9.0,1.0,1.0,1.0,1.0,1.0,1.0,1.0,1.0,1.0,1.0,1.0,1.0
0.0,14.3529,1.0,1.0,10.0,9689.9424,89.0,0.0,1.0,1.0,0.0,1.0,1.0,0.0,1.0,0.0,1.0,1.0,1.0
0.0,31.8857,0.0,2.0,13.0,23881.8631,96.0,1.0,1.0,1.0,1.0,1.0,1.0,1.0,1.0,1.0,1.0,1.0,1.0
0.0,38.3552,1.0,1.0,4.0,2479.9497,59.0,0.0,1.0,1.0,0.0,1.0,1.0,0.0,0.0,0.0,0.0,1.0,1.0
1.0,48.5597,1.0,1.0,5.0,24198.689,91.0,1.0,0.0,1.0,0.0,0.0,1.0,0.0,1.0,1.0,1.0,1.0,1.0
1.0,15.6996,1.0,1.0,23.0,9205.1224,94.0,1.0,1.0,1.0,1.0,1.0,1.0,1.0,1.0,1.0,1.0,1.0,1.0
1.0,30.9445,0.0,1.0,14.0,19812.3557,25.0,1.0,0.0,1.0,0.0,0.0,0.0,0.0,0.0,0.0,0.0,1.0,1.0
0.0,48.512,1.0,3.0,12.0,2894.9666,95.0,0.0,1.0,1.0,0.0,1.0,1.0,0.0,1.0,0.0,1.0,1.0,1.0
1.0,45.1367,0.0,3.0,20.0,34681.2138,94.0,1.0,1.0,1.0,1.0,1.0,1.0,1.0,1.0,1.0,1.0,1.0,1.0
0.0,13.9753,0.0,2.0,16.0,9269.9913,45.0,1.0,1.0,1.0,1.0,1.0,1.0,1.0,1.0,1.0,1.0,1.0,1.0
1.0,29.005,1.0,4.0,12.0,37394.1414,6.0,0.0,1.0,1.0,0.0,1.0,1.0,0.0,0.0,0.0,0.0,1.0,1.0
0.0,20.3779,0.0,3.0,13.0,6952.0425,63.0,1.0,1.0,1.0,1.0,1.0,1.0,1.0,1.0,1.0,1.0,1.0,1.0
1.0,42.0067,0.0,3.0,1.0,6386.0578,33.0,0.0,1.0,1.0,0.0,1.0,1.0,0.0,1.0,0.0,1.0,1.0,1.0
1.0,35.8175,0.0,4.0,12.0,38264.2268,62.0,1.0,1.0,1.0,1.0,1.0,1.0,1.0,1.0,1.0,1.0,1.0,1.0
1.0,45.4529,1.0,3.0,13.0,12092.8132,86.0,0.0,1.0,1.0,0.0,1.0,1.0,0.0,1.0,0.0,1.0,1.0,1.0
1.0,44.7649,1.0,2.0,10.0,37846.5496,12.0,0.0,1.0,1.0,0.0,1.0,1.0,0.0,1.0,0.0,1.0,1.0,1.0
1.0,46.0649,1.0,1.0,23.0,18810.0153,29.0,1.0,1.0,1.0,1.0,1.0,1.0,1.0,1.0,1.0,1.0,1.0,1.0
0.0,28.368,1.0,2.0,9.0,38692.2909,48.0,1.0,1.0,1.0,1.0,1.0,1.0,1.0,1.0,1.0,1.0,1.0,1.0
0.0,24.5747,0.0,4.0,18.0,18388.2989,15.0,0.0,1.0,1.0,0.0,1.0,1.0,0.0,1.0,0.0,1.0,1.0,1.0
1.0,40.9842,1.0,1.0,19.0,24580.3789,70.0,1.0,0.0,1.0,0.0,0.0,1.0,0.0,1.0,1.0,1.0,1.0,1.0
0.0,13.2382,1.0,1.0,20.0,21998.5156,17.0,0.0,1.0,1.0,0.0,1.0,1.0,0.0,1.0,0.0,1.0,1.0,1.0
0.0,43.6315,1.0,2.0,5.0,15741.4295,27.0,1.0,1.0,1.0,1.0,1.0,1.0,1.0,1.0,1.0,1.0,1.0,1.0
1.0,36.1603,1.0,3.0,14.0,5511.6409,55.0,1.0,0.0,1.0,0.0,0.0,0.0,0.0,0.0,0.0,0.0,1.0,1.0
0.0,10.333,1.0,4.0,12.0,5818.012,22.0,1.0,1.0,1.0,1.0,1.0,1.0,1.0,1.0,1.0,1.0,1.0,1.0
1.0,29.3781,0.0,2.0,15.0,4377.8978,69.0,1.0,1.0,1.0,1.0,1.0,1.0,1.0,1.0,1.0,1.0,1.0,1.0
0.0,6.7106,0.0,4.0,17.0,13654.1814,50.0,1.0,1.0,1.0,1.0,1.0,1.0,1.0,1.0,1.0,1.0,1.0,1.0
1.0,26.3253,0.0,3.0,13.0,7610.086,65.0,1.0,1.0,1.0,1.0,1.0,1.0,1.0,1.0,1.0,1.0,1.0,1.0
0.0,10.5893,0.0,2.0,16.0,13485.7156,2.0,1.0,1.0,1.0,1.0,1.0,1.0,1.0,1.0,1.0,1.0,1.0,1.0
1.0,9.1803,1.0,2.0,18.0,2904.5648,80.0,1.0,1.0,1.0,1.0,1.0,1.0,1.0,1.0,1.0,1.0,1.0,1.0
0.0,48.6544,0.0,3.0,10.0,26610.2477,46.0,1.0,1.0,1.0,1.0,1.0,1.0,1.0,1.0,1.0,1.0,1.0,1.0
1.0,39.829,1.0,4.0,18.0,26167.9693,1.0,1.0,1.0,1.0,1.0,1.0,1.0,1.0,1.0,1.0,1.0,1.0,1.0
1.0,44.6687,0.0,4.0,4.0,3270.0752,69.0,1.0,1.0,1.0,1.0,1.0,1.0,1.0,1.0,1.0,1.0,1.0,1.0
1.0,8.6648,1.0,4.0,5.0,8855.8556,99.0,1.0,1.0,1.0,1.0,1.0,1.0,1.0,1.0,1.0,1.0,1.0,1.0
0.0,48.7472,1.0,1.0,6.0,8220.4014,79.0,0.0,1.0,1.0,0.0,1.0,1.0,0.0,1.0,0.0,1.0,1.0,1.0
1.0,16.4358,1.0,2.0,14.0,15932.3457,56.0,0.0,1.0,1.0,0.0,1.0,1.0,0.0,1.0,0.0,1.0,1.0,1.0
1.0,31.8196,0.0,3.0,5.0,27069.6088,12.0,1.0,1.0,1.0,1.0,1.0,1.0,1.0,1.0,1.0,1.0,1.0,1.0
0.0,27.2922,0.0,2.0,12.0,37278.2347,69.0,1.0,1.0,1.0,1.0,1.0,1.0,1.0,1.0,1.0,1.0,1.0,1.0
1.0,36.0912,1.0,4.0,19.0,8469.5594,93.0,1.0,0.0,1.0,0.0,0.0,0.0,0.0,0.0,0.0,0.0,0.0,0.0
1.0,8.5114,1.0,1.0,12.0,20118.5505,66.0,0.0,0.0,1.0,0.0,0.0,0.0,0.0,0.0,0.0,0.0,0.0,1.0
0.0,24.1937,0.0,4.0,15.0,22712.1932,90.0,1.0,1.0,1.0,1.0,1.0,1.0,1.0,1.0,1.0,1.0,1.0,1.0
0.0,12.7643,0.0,4.0,15.0,4597.7525,97.0,1.0,1.0,1.0,1.0,1.0,1.0,1.0,1.0,1.0,1.0,1.0,1.0
0.0,18.7462,1.0,2.0,16.0,23083.0564,10.0,0.0,1.0,1.0,0.0,1.0,1.0,0.0,0.0,0.0,0.0,1.0,1.0
1.0,41.17,1.0,3.0,4.0,2610.4894,21.0,0.0,0.0,1.0,0.0,0.0,0.0,0.0,0.0,0.0,0.0,0.0,1.0
1.0,24.496,1.0,4.0,7.0,11951.2622,62.0,0.0,0.0,1.0,0.0,0.0,0.0,0.0,0.0,0.0,0.0,0.0,1.0
0.0,37.1559,0.0,2.0,12.0,22970.5108,32.0,0.0,1.0,1.0,0.0,1.0,1.0,0.0,1.0,0.0,1.0,1.0,1.0
1.0,16.158,1.0,4.0,7.0,34991.439,38.0,1.0,0.0,1.0,0.0,0.0,1.0,0.0,1.0,1.0,1.0,1.0,1.0
0.0,47.7359,1.0,1.0,13.0,37395.7786,98.0,1.0,0.0,1.0,0.0,0.0,0.0,0.0,0.0,0.0,0.0,1.0,1.0
0.0,17.8416,1.0,4.0,2.0,34015.3112,28.0,0.0,0.0,1.0,0.0,0.0,0.0,0.0,0.0,0.0,0.0,0.0,0.0
1.0,40.6582,1.0,2.0,15.0,2538.4026,100.0,1.0,1.0,1.0,1.0,1.0,1.0,1.0,1.0,1.0,1.0,1.0,1.0
0.0,49.5672,1.0,3.0,10.0,29683.7334,97.0,1.0,1.0,1.0,1.0,1.0,1.0,1.0,1.0,1.0,1.0,1.0,1.0
1.0,6.5922,0.0,2.0,20.0,30360.4082,87.0,1.0,1.0,1.0,1.0,1.0,1.0,1.0,1.0,1.0,1.0,1.0,1.0
1.0,5.7485,0.0,3.0,15.0,32320.7541,64.0,1.0,0.0,1.0,0.0,0.0,0.0,0.0,0.0,0.0,0.0,0.0,1.0
1.0,16.4611,1.0,3.0,16.0,39989.2713,99.0,1.0,1.0,1.0,1.0,1.0,1.0,1.0,1.0,1.0,1.0,1.0,1.0
1.0,42.0392,1.0,2.0,12.0,13686.7443,94.0,1.0,1.0,1.0,1.0,1.0,1.0,1.0,1.0,1.0,1.0,1.0,1.0
1.0,35.1277,1.0,1.0,6.0,20629.06,31.0,0.0,1.0,1.0,0.0,1.0,1.0,0.0,1.0,0.0,1.0,1.0,1.0
1.0,23.9725,1.0,1.0,2.0,26710.1052,77.0,0.0,1.0,1.0,0.0,1.0,1.0,0.0,0.0,0.0,0.0,1.0,1.0
0.0,40.9871,1.0,1.0,14.0,26363.6931,61.0,0.0,1.0,1.0,0.0,1.0,1.0,0.0,1.0,0.0,1.0,1.0,1.0
0.0,29.7007,0.0,2.0,16.0,30332.4477,81.0,0.0,1.0,1.0,0.0,1.0,1.0,0.0,0.0,0.0,0.0,0.0,0.0
0.0,35.4285,0.0,4.0,18.0,27358.0473,88.0,1.0,1.0,1.0,1.0,1.0,1.0,1.0,1.0,1.0,1.0,1.0,1.0
1.0,40.6908,0.0,2.0,20.0,1817.0604,67.0,1.0,1.0,1.0,1.0,1.0,1.0,1.0,1.0,1.0,1.0,1.0,1.0
1.0,19.0925,0.0,3.0,13.0,39377.3308,47.0,0.0,1.0,1.0,0.0,1.0,1.0,0.0,1.0,0.0,1.0,1.0,1.0
1.0,25.1576,1.0,1.0,16.0,19813.9225,61.0,1.0,1.0,1.0,1.0,1.0,1.0,1.0,1.0,1.0,1.0,1.0,1.0
0.0,26.1319,0.0,3.0,12.0,12800.0912,60.0,1.0,1.0,1.0,1.0,1.0,1.0,1.0,1.0,1.0,1.0,1.0,1.0
1.0,11.9395,0.0,4.0,17.0,8966.9925,46.0,1.0,0.0,1.0,0.0,0.0,0.0,0.0,0.0,0.0,0.0,0.0,0.0
1.0,41.7084,0.0,1.0,17.0,25479.2953,75.0,0.0,1.0,1.0,0.0,1.0,1.0,0.0,1.0,0.0,1.0,1.0,1.0
0.0,49.2527,0.0,3.0,17.0,22139.9681,62.0,0.0,1.0,1.0,0.0,1.0,1.0,0.0,1.0,0.0,1.0,1.0,1.0
1.0,17.6397,0.0,4.0,3.0,28530.7165,10.0,1.0,1.0,1.0,1.0,1.0,1.0,1.0,1.0,1.0,1.0,1.0,1.0
0.0,14.3152,1.0,4.0,17.0,27889.1949,19.0,0.0,1.0,1.0,0.0,1.0,1.0,0.0,1.0,0.0,1.0,1.0,1.0
1.0,47.1502,0.0,4.0,7.0,9085.029,89.0,1.0,1.0,1.0,1.0,1.0,1.0,1.0,1.0,1.0,1.0,1.0,1.0
0.0,37.9652,1.0,2.0,2.0,36352.2584,49.0,0.0,0.0,1.0,0.0,0.0,0.0,0.0,0.0,0.0,0.0,0.0,1.0
1.0,7.1243,1.0,3.0,5.0,23117.2412,58.0,1.0,1.0,1.0,1.0,1.0,1.0,1.0,1.0,1.0,1.0,1.0,1.0
0.0,21.0851,0.0,1.0,10.0,24069.5922,9.0,0.0,1.0,1.0,0.0,1.0,1.0,0.0,1.0,0.0,1.0,1.0,1.0
0.0,27.0924,1.0,1.0,19.0,36198.7663,73.0,0.0,0.0,1.0,0.0,0.0,0.0,0.0,0.0,0.0,0.0,0.0,1.0
1.0,28.9226,1.0,2.0,21.0,2892.4918,11.0,0.0,1.0,1.0,0.0,1.0,1.0,0.0,0.0,0.0,0.0,0.0,1.0
1.0,33.0613,1.0,1.0,0.0,39543.098,24.0,1.0,1.0,1.0,1.0,1.0,1.0,1.0,1.0,1.0,1.0,1.0,1.0
0.0,30.3403,0.0,1.0,14.0,10413.5884,23.0,1.0,1.0,1.0,1.0,1.0,1.0,1.0,1.0,1.0,1.0,1.0,1.0
1.0,18.3793,0.0,3.0,2.0,2261.2804,69.0,1.0,1.0,1.0,1.0,1.0,1.0,1.0,1.0,1.0,1.0,1.0,1.0
0.0,42.7368,0.0,1.0,3.0,8669.6227,11.0,1.0,1.0,1.0,1.0,1.0,1.0,1.0,1.0,1.0,1.0,1.0,1.0
1.0,5.6428,0.0,4.0,8.0,22305.9172,24.0,1.0,1.0,1.0,1.0,1.0,1.0,1.0,1.0,1.0,1.0,1.0,1.0
0.0,8.547,1.0,2.0,13.0,8577.6399,91.0,0.0,1.0,1.0,0.0,1.0,1.0,0.0,1.0,0.0,1.0,1.0,1.0
0.0,33.0761,1.0,1.0,18.0,6354.6545,67.0,0.0,1.0,1.0,0.0,1.0,1.0,0.0,1.0,0.0,1.0,1.0,1.0
0.0,41.4418,1.0,3.0,17.0,20731.8618,52.0,0.0,0.0,1.0,0.0,0.0,1.0,0.0,1.0,0.0,1.0,1.0,1.0
1.0,41.9673,1.0,3.0,13.0,29853.7115,40.0,0.0,1.0,1.0,0.0,1.0,1.0,0.0,0.0,0.0,0.0,0.0,1.0
1.0,15.9001,1.0,4.0,15.0,7058.2619,94.0,1.0,0.0,1.0,0.0,0.0,1.0,0.0,1.0,1.0,1.0,1.0,1.0
1.0,33.6347,1.0,4.0,5.0,38145.1998,74.0,1.0,0.0,1.0,0.0,0.0,0.0,0.0,0.0,0.0,0.0,0.0,0.0
1.0,38.4734,0.0,4.0,7.0,35152.5267,65.0,1.0,1.0,1.0,1.0,1.0,1.0,1.0,1.0,1.0,1.0,1.0,1.0
0.0,35.1164,0.0,1.0,11.0,39109.0904,74.0,1.0,1.0,1.0,1.0,1.0,1.0,1.0,1.0,1.0,1.0,1.0,1.0
0.0,48.4895,1.0,2.0,15.0,3818.7996,40.0,1.0,1.0,1.0,1.0,1.0,1.0,1.0,1.0,1.0,1.0,1.0,1.0
1.0,11.427,0.0,4.0,22.0,36443.5666,57.0,1.0,0.0,1.0,0.0,0.0,0.0,0.0,0.0,0.0,0.0,0.0,1.0
1.0,13.9835,0.0,3.0,3.0,32185.0431,99.0,1.0,1.0,1.0,1.0,1.0,1.0,1.0,1.0,1.0,1.0,1.0,1.0
0.0,27.581,0.0,4.0,9.0,2375.643,18.0,1.0,0.0,1.0,0.0,0.0,0.0,0.0,0.0,0.0,0.0,0.0,0.0
0.0,46.6462,0.0,3.0,6.0,10236.2942,36.0,0.0,1.0,1.0,0.0,1.0,1.0,0.0,1.0,0.0,1.0,1.0,1.0
0.0,36.6027,1.0,4.0,23.0,29202.4977,23.0,1.0,1.0,1.0,1.0,1.0,1.0,1.0,1.0,1.0,1.0,1.0,1.0
1.0,9.2824,1.0,1.0,15.0,5427.3309,47.0,0.0,1.0,1.0,0.0,1.0,1.0,0.0,0.0,0.0,0.0,0.0,1.0
1.0,11.2104,0.0,1.0,14.0,38052.8418,89.0,1.0,1.0,1.0,1.0,1.0,1.0,1.0,1.0,1.0,1.0,1.0,1.0
0.0,23.0108,0.0,3.0,15.0,5718.2654,14.0,0.0,1.0,1.0,0.0,1.0,1.0,0.0,1.0,0.0,1.0,1.0,1.0
1.0,36.2571,0.0,4.0,7.0,22613.7915,72.0,1.0,1.0,1.0,1.0,1.0,1.0,1.0,1.0,1.0,1.0,1.0,1.0
0.0,22.5806,0.0,2.0,8.0,5097.1708,81.0,0.0,1.0,1.0,0.0,1.0,1.0,0.0,1.0,0.0,1.0,1.0,1.0
1.0,13.9629,0.0,3.0,5.0,13832.2195,99.0,1.0,0.0,1.0,0.0,0.0,0.0,0.0,0.0,0.0,0.0,0.0,0.0
1.0,35.5519,0.0,1.0,16.0,26603.5956,19.0,1.0,1.0,1.0,1.0,1.0,1.0,1.0,1.0,1.0,1.0,1.0,1.0
0.0,23.1109,0.0,2.0,11.0,4063.6796,78.0,1.0,0.0,1.0,0.0,0.0,0.0,0.0,0.0,0.0,0.0,0.0,0.0
0.0,9.588,1.0,4.0,18.0,17908.8481,73.0,1.0,1.0,1.0,1.0,1.0,1.0,1.0,1.0,1.0,1.0,1.0,1.0
0.0,35.3559,1.0,2.0,17.0,9821.7695,17.0,1.0,1.0,1.0,1.0,1.0,1.0,1.0,1.0,1.0,1.0,1.0,1.0
0.0,36.6958,1.0,1.0,6.0,21104.0125,30.0,0.0,1.0,1.0,0.0,1.0,1.0,0.0,1.0,0.0,1.0,1.0,1.0
0.0,9.1708,1.0,4.0,15.0,4061.2659,91.0,1.0,0.0,1.0,0.0,0.0,0.0,0.0,0.0,0.0,0.0,0.0,0.0
1.0,25.296,0.0,4.0,7.0,13155.3403,76.0,1.0,1.0,1.0,1.0,1.0,1.0,1.0,1.0,1.0,1.0,1.0,1.0
1.0,34.3867,0.0,1.0,20.0,35172.1621,26.0,0.0,1.0,1.0,0.0,1.0,1.0,0.0,1.0,0.0,1.0,1.0,1.0
0.0,46.5652,0.0,2.0,17.0,35854.5552,76.0,1.0,1.0,1.0,1.0,1.0,1.0,1.0,1.0,1.0,1.0,1.0,1.0
1.0,25.0868,1.0,3.0,8.0,27895.5212,36.0,1.0,1.0,1.0,1.0,1.0,1.0,1.0,1.0,1.0,1.0,1.0,1.0
0.0,27.1957,0.0,4.0,0.0,1747.059,23.0,0.0,0.0,1.0,0.0,0.0,0.0,0.0,0.0,0.0,0.0,0.0,0.0
0.0,41.5823,0.0,3.0,22.0,7379.6983,58.0,1.0,1.0,1.0,1.0,1.0,1.0,1.0,1.0,1.0,1.0,1.0,1.0
1.0,40.4175,0.0,1.0,8.0,1026.911,71.0,1.0,0.0,1.0,0.0,0.0,0.0,0.0,0.0,0.0,0.0,0.0,0.0
0.0,32.6224,1.0,4.0,19.0,14096.3881,62.0,0.0,0.0,1.0,0.0,0.0,0.0,0.0,0.0,0.0,0.0,0.0,0.0
1.0,26.4685,0.0,2.0,19.0,11379.3457,38.0,1.0,0.0,1.0,0.0,0.0,0.0,0.0,0.0,0.0,0.0,1.0,1.0
1.0,37.7835,1.0,4.0,19.0,19322.3747,14.0,0.0,0.0,1.0,0.0,0.0,0.0,0.0,0.0,0.0,0.0,0.0,0.0
0.0,14.2362,1.0,1.0,1.0,31484.8086,81.0,0.0,1.0,1.0,0.0,1.0,1.0,0.0,1.0,0.0,1.0,1.0,1.0
0.0,9.0667,0.0,4.0,13.0,14094.9185,29.0,1.0,1.0,1.0,1.0,1.0,1.0,1.0,1.0,1.0,1.0,1.0,1.0
0.0,31.8611,0.0,4.0,0.0,5760.8545,70.0,1.0,0.0,1.0,0.0,0.0,0.0,0.0,0.0,0.0,0.0,0.0,0.0
0.0,22.1736,1.0,1.0,4.0,8418.2208,57.0,0.0,1.0,1.0,0.0,1.0,1.0,0.0,1.0,0.0,1.0,1.0,1.0
1.0,41.0349,0.0,1.0,12.0,37742.1799,94.0,1.0,0.0,1.0,0.0,0.0,0.0,0.0,0.0,0.0,0.0,0.0,0.0
0.0,31.3435,0.0,1.0,1.0,19127.2326,57.0,1.0,0.0,1.0,0.0,0.0,0.0,0.0,0.0,0.0,0.0,0.0,0.0
0.0,18.3957,1.0,4.0,2.0,3733.3871,40.0,1.0,1.0,1.0,1.0,1.0,1.0,1.0,1.0,1.0,1.0,1.0,1.0
1.0,8.2996,0.0,2.0,5.0,31776.3272,54.0,1.0,0.0,1.0,0.0,0.0,0.0,0.0,0.0,0.0,0.0,0.0,0.0
0.0,6.9478,0.0,3.0,0.0,25473.5218,73.0,1.0,0.0,1.0,0.0,0.0,1.0,0.0,1.0,1.0,1.0,1.0,1.0
0.0,39.1225,1.0,2.0,5.0,15335.359,49.0,1.0,1.0,1.0,1.0,1.0,1.0,1.0,1.0,1.0,1.0,1.0,1.0
0.0,10.9387,0.0,4.0,2.0,21037.8144,81.0,1.0,1.0,1.0,1.0,1.0,1.0,1.0,1.0,1.0,1.0,1.0,1.0
1.0,49.4975,0.0,4.0,19.0,28284.4391,35.0,1.0,1.0,1.0,1.0,1.0,1.0,1.0,1.0,1.0,1.0,1.0,1.0
1.0,18.691,0.0,4.0,11.0,31706.5753,37.0,0.0,1.0,1.0,0.0,1.0,1.0,0.0,0.0,0.0,0.0,0.0,0.0
0.0,35.1007,1.0,2.0,12.0,37789.1076,30.0,1.0,1.0,1.0,1.0,1.0,1.0,1.0,1.0,1.0,1.0,1.0,1.0
0.0,44.1217,0.0,2.0,16.0,3077.9352,26.0,0.0,1.0,1.0,0.0,1.0,1.0,0.0,1.0,0.0,1.0,1.0,1.0
1.0,31.2636,1.0,3.0,13.0,32961.9289,21.0,0.0,1.0,1.0,0.0,1.0,1.0,0.0,1.0,0.0,1.0,1.0,1.0
0.0,34.8233,0.0,1.0,14.0,14193.7995,90.0,1.0,1.0,1.0,1.0,1.0,1.0,1.0,1.0,1.0,1.0,1.0,1.0
0.0,36.5543,1.0,4.0,19.0,3279.282,57.0,0.0,1.0,1.0,0.0,1.0,1.0,0.0,1.0,0.0,1.0,1.0,1.0
0.0,27.5157,1.0,3.0,1.0,18890.6481,23.0,1.0,1.0,1.0,1.0,1.0,1.0,1.0,1.0,1.0,1.0,1.0,1.0
1.0,41.2708,1.0,4.0,9.0,39168.8883,33.0,1.0,0.0,1.0,0.0,0.0,0.0,0.0,0.0,0.0,0.0,1.0,1.0
1.0,28.4406,0.0,1.0,13.0,29195.9601,35.0,1.0,1.0,1.0,1.0,1.0,1.0,1.0,1.0,1.0,1.0,1.0,1.0
1.0,7.4299,1.0,4.0,5.0,16138.4869,30.0,0.0,1.0,1.0,0.0,1.0,1.0,0.0,1.0,0.0,1.0,1.0,1.0
0.0,7.4178,0.0,3.0,10.0,9787.8037,1.0,1.0,1.0,1.0,1.0,1.0,1.0,1.0,1.0,1.0,1.0,1.0,1.0
0.0,25.2598,1.0,1.0,2.0,7321.3862,9.0,0.0,1.0,1.0,0.0,1.0,1.0,0.0,1.0,0.0,1.0,1.0,1.0
0.0,33.7765,1.0,4.0,2.0,23639.3939,31.0,0.0,1.0,1.0,0.0,1.0,1.0,0.0,1.0,0.0,1.0,1.0,1.0
1.0,17.1483,1.0,1.0,20.0,35820.0078,23.0,0.0,1.0,1.0,0.0,1.0,1.0,0.0,1.0,0.0,1.0,1.0,1.0
1.0,37.5381,1.0,4.0,16.0,6782.8999,82.0,1.0,0.0,1.0,0.0,0.0,0.0,0.0,0.0,0.0,0.0,0.0,0.0
0.0,46.703,0.0,3.0,13.0,29910.8283,13.0,0.0,1.0,1.0,0.0,1.0,1.0,0.0,1.0,0.0,1.0,1.0,1.0
0.0,47.8596,1.0,4.0,0.0,17498.8407,98.0,1.0,1.0,1.0,1.0,1.0,1.0,1.0,1.0,1.0,1.0,1.0,1.0
1.0,14.1094,0.0,2.0,4.0,3744.7909,3.0,1.0,1.0,1.0,1.0,1.0,1.0,1.0,1.0,1.0,1.0,1.0,1.0
0.0,49.5537,0.0,3.0,23.0,36224.7199,11.0,1.0,0.0,1.0,0.0,0.0,0.0,0.0,0.0,0.0,0.0,0.0,0.0
0.0,6.6873,0.0,4.0,17.0,10366.7611,13.0,0.0,0.0,1.0,0.0,0.0,0.0,0.0,0.0,0.0,0.0,1.0,1.0
1.0,12.522,0.0,3.0,22.0,13721.7279,81.0,1.0,0.0,1.0,0.0,0.0,0.0,0.0,0.0,0.0,0.0,1.0,1.0
0.0,17.3685,1.0,3.0,6.0,36545.9367,89.0,1.0,0.0,1.0,0.0,0.0,0.0,0.0,0.0,0.0,0.0,0.0,0.0
0.0,15.7533,1.0,1.0,6.0,38161.9129,79.0,0.0,0.0,1.0,0.0,0.0,1.0,0.0,1.0,0.0,1.0,1.0,1.0
1.0,13.2114,1.0,2.0,8.0,12998.8193,25.0,0.0,1.0,1.0,0.0,1.0,1.0,0.0,1.0,0.0,1.0,1.0,1.0
1.0,21.1171,0.0,2.0,16.0,1156.1713,12.0,1.0,1.0,1.0,1.0,1.0,1.0,1.0,1.0,1.0,1.0,1.0,1.0
0.0,43.2447,1.0,1.0,7.0,23203.984,60.0,1.0,1.0,1.0,1.0,1.0,1.0,1.0,1.0,1.0,1.0,1.0,1.0
0.0,32.2083,1.0,4.0,0.0,29149.1792,28.0,0.0,1.0,1.0,0.0,1.0,1.0,0.0,1.0,0.0,1.0,1.0,1.0
1.0,9.7105,1.0,4.0,3.0,36501.4414,84.0,0.0,0.0,1.0,0.0,0.0,0.0,0.0,0.0,0.0,0.0,0.0,1.0
0.0,43.1935,0.0,4.0,20.0,17681.8963,67.0,0.0,1.0,1.0,0.0,1.0,1.0,0.0,1.0,0.0,1.0,1.0,1.0
0.0,25.2775,1.0,1.0,19.0,26349.5764,15.0,0.0,0.0,1.0,0.0,0.0,0.0,0.0,0.0,0.0,0.0,0.0,0.0
0.0,46.6723,1.0,3.0,18.0,21789.8315,82.0,1.0,0.0,1.0,0.0,0.0,0.0,0.0,0.0,0.0,0.0,0.0,0.0
0.0,15.5628,1.0,3.0,22.0,33742.2115,28.0,0.0,0.0,1.0,0.0,0.0,0.0,0.0,0.0,0.0,0.0,1.0,1.0
0.0,10.1644,1.0,2.0,4.0,27034.537,88.0,1.0,1.0,1.0,1.0,1.0,1.0,1.0,1.0,1.0,1.0,1.0,1.0
0.0,22.2423,1.0,2.0,16.0,32629.4262,36.0,1.0,1.0,1.0,1.0,1.0,1.0,1.0,1.0,1.0,1.0,1.0,1.0
1.0,7.9788,0.0,1.0,19.0,5947.4856,61.0,1.0,1.0,1.0,1.0,1.0,1.0,1.0,1.0,1.0,1.0,1.0,1.0
1.0,36.5584,1.0,1.0,23.0,24410.9074,24.0,0.0,1.0,1.0,0.0,1.0,1.0,0.0,1.0,0.0,1.0,1.0,1.0
1.0,35.5354,0.0,3.0,21.0,3614.7031,67.0,1.0,0.0,1.0,0.0,0.0,0.0,0.0,0.0,0.0,0.0,1.0,1.0
1.0,13.024,0.0,4.0,17.0,32460.3685,48.0,1.0,1.0,1.0,1.0,1.0,1.0,1.0,1.0,1.0,1.0,1.0,1.0
1.0,15.8661,1.0,4.0,5.0,5903.3166,88.0,1.0,0.0,1.0,0.0,0.0,0.0,0.0,0.0,0.0,0.0,0.0,0.0
1.0,10.7849,1.0,4.0,15.0,27506.9134,40.0,0.0,1.0,1.0,0.0,1.0,1.0,0.0,1.0,0.0,1.0,1.0,1.0
1.0,42.6487,0.0,1.0,20.0,11096.6193,61.0,1.0,1.0,1.0,1.0,1.0,1.0,1.0,1.0,1.0,1.0,1.0,1.0
0.0,14.973,0.0,3.0,11.0,12277.1175,29.0,1.0,0.0,1.0,0.0,0.0,0.0,0.0,0.0,0.0,0.0,0.0,0.0
0.0,21.2548,1.0,4.0,7.0,33398.4789,32.0,0.0,1.0,1.0,0.0,1.0,1.0,0.0,1.0,0.0,1.0,1.0,1.0
0.0,44.102,1.0,2.0,6.0,7532.0649,20.0,0.0,1.0,1.0,0.0,1.0,1.0,0.0,1.0,0.0,1.0,1.0,1.0
1.0,11.8909,1.0,1.0,17.0,23747.2772,67.0,1.0,1.0,1.0,1.0,1.0,1.0,1.0,1.0,1.0,1.0,1.0,1.0
1.0,22.8001,1.0,2.0,16.0,28286.0761,60.0,1.0,1.0,1.0,1.0,1.0,1.0,1.0,1.0,1.0,1.0,1.0,1.0
0.0,17.0277,1.0,2.0,4.0,38399.6365,70.0,0.0,1.0,1.0,0.0,1.0,1.0,0.0,1.0,0.0,1.0,1.0,1.0
1.0,7.3318,0.0,4.0,8.0,12018.8065,58.0,1.0,1.0,1.0,1.0,1.0,1.0,1.0,1.0,1.0,1.0,1.0,1.0
1.0,31.0096,0.0,4.0,15.0,5806.4698,51.0,1.0,0.0,1.0,0.0,0.0,0.0,0.0,0.0,0.0,0.0,0.0,1.0
1.0,6.731,1.0,4.0,7.0,22997.0271,55.0,1.0,0.0,1.0,0.0,0.0,1.0,0.0,1.0,1.0,1.0,1.0,1.0
0.0,22.4152,1.0,1.0,4.0,24302.0259,61.0,1.0,0.0,1.0,0.0,0.0,0.0,0.0,0.0,0.0,0.0,0.0,1.0
0.0,34.8403,0.0,2.0,22.0,11131.6096,79.0,1.0,0.0,1.0,0.0,0.0,1.0,0.0,1.0,1.0,1.0,1.0,1.0
0.0,20.9169,1.0,2.0,0.0,36423.4113,32.0,0.0,1.0,1.0,0.0,1.0,1.0,0.0,0.0,0.0,0.0,0.0,1.0
0.0,18.5488,0.0,1.0,1.0,2075.9663,16.0,1.0,1.0,1.0,1.0,1.0,1.0,1.0,1.0,1.0,1.0,1.0,1.0
0.0,42.1718,0.0,2.0,2.0,3327.054,59.0,1.0,1.0,1.0,1.0,1.0,1.0,1.0,1.0,1.0,1.0,1.0,1.0
0.0,37.0541,1.0,4.0,12.0,5008.0658,32.0,0.0,0.0,1.0,0.0,0.0,0.0,0.0,0.0,0.0,0.0,0.0,0.0
1.0,32.2307,0.0,3.0,22.0,14981.5491,87.0,1.0,1.0,1.0,1.0,1.0,1.0,1.0,1.0,1.0,1.0,1.0,1.0
0.0,30.3965,1.0,1.0,23.0,12137.2281,35.0,1.0,1.0,1.0,1.0,1.0,1.0,1.0,1.0,1.0,1.0,1.0,1.0
1.0,40.5319,1.0,1.0,3.0,36728.4314,55.0,0.0,1.0,1.0,0.0,1.0,1.0,0.0,0.0,0.0,0.0,1.0,1.0
0.0,33.0336,0.0,4.0,23.0,37218.3852,11.0,1.0,1.0,1.0,1.0,1.0,1.0,1.0,1.0,1.0,1.0,1.0,1.0
0.0,40.3168,1.0,3.0,21.0,10028.2337,50.0,0.0,1.0,1.0,0.0,1.0,1.0,0.0,1.0,0.0,1.0,1.0,1.0
1.0,9.561,1.0,4.0,8.0,21399.5191,4.0,0.0,1.0,1.0,0.0,1.0,1.0,0.0,1.0,0.0,1.0,1.0,1.0
0.0,13.76,0.0,4.0,1.0,37237.5662,30.0,1.0,1.0,1.0,1.0,1.0,1.0,1.0,1.0,1.0,1.0,1.0,1.0
0.0,47.7704,1.0,2.0,21.0,2878.4158,23.0,0.0,1.0,1.0,0.0,1.0,1.0,0.0,1.0,0.0,1.0,1.0,1.0
0.0,6.1125,0.0,1.0,12.0,3780.9671,25.0,1.0,1.0,1.0,1.0,1.0,1.0,1.0,1.0,1.0,1.0,1.0,1.0
0.0,17.0083,1.0,1.0,9.0,25006.6685,9.0,0.0,1.0,1.0,0.0,1.0,1.0,0.0,1.0,0.0,1.0,1.0,1.0
1.0,11.2497,0.0,4.0,1.0,34988.9636,88.0,1.0,0.0,1.0,0.0,0.0,0.0,0.0,0.0,0.0,0.0,0.0,0.0
0.0,29.5382,0.0,4.0,15.0,11379.4345,18.0,0.0,1.0,1.0,0.0,1.0,1.0,0.0,1.0,0.0,1.0,1.0,1.0
0.0,30.8146,1.0,4.0,14.0,21558.6854,78.0,1.0,1.0,1.0,1.0,1.0,1.0,1.0,1.0,1.0,1.0,1.0,1.0
1.0,10.573,0.0,3.0,10.0,2878.5477,56.0,1.0,0.0,1.0,0.0,0.0,1.0,0.0,1.0,1.0,1.0,1.0,1.0
1.0,42.6152,1.0,4.0,4.0,15649.7265,17.0,1.0,1.0,1.0,1.0,1.0,1.0,1.0,1.0,1.0,1.0,1.0,1.0
0.0,22.4113,1.0,2.0,17.0,28618.8709,5.0,1.0,1.0,1.0,1.0,1.0,1.0,1.0,1.0,1.0,1.0,1.0,1.0
0.0,7.3614,1.0,3.0,13.0,38339.4132,16.0,1.0,0.0,1.0,0.0,0.0,0.0,0.0,0.0,0.0,0.0,0.0,0.0
0.0,24.3209,1.0,3.0,3.0,16783.1644,39.0,1.0,1.0,1.0,1.0,1.0,1.0,1.0,1.0,1.0,1.0,1.0,1.0
1.0,42.5143,0.0,2.0,3.0,33660.6449,40.0,1.0,0.0,1.0,0.0,0.0,1.0,0.0,1.0,1.0,1.0,1.0,1.0
1.0,42.1104,0.0,4.0,1.0,29767.56,73.0,1.0,1.0,1.0,1.0,1.0,1.0,1.0,1.0,1.0,1.0,1.0,1.0
0.0,9.9595,0.0,4.0,15.0,36545.7134,32.0,0.0,0.0,1.0,0.0,0.0,0.0,0.0,0.0,0.0,0.0,1.0,1.0
0.0,17.04,0.0,1.0,5.0,13228.4013,90.0,1.0,1.0,1.0,1.0,1.0,1.0,1.0,1.0,1.0,1.0,1.0,1.0
1.0,28.4468,1.0,4.0,11.0,13305.9456,14.0,0.0,0.0,1.0,0.0,0.0,0.0,0.0,0.0,0.0,0.0,1.0,1.0
0.0,27.9704,0.0,2.0,2.0,16458.5548,82.0,1.0,1.0,1.0,1.0,1.0,1.0,1.0,1.0,1.0,1.0,1.0,1.0
0.0,17.2695,0.0,2.0,22.0,6165.3444,58.0,0.0,1.0,1.0,0.0,1.0,1.0,0.0,0.0,0.0,0.0,0.0,0.0
0.0,19.0171,0.0,1.0,22.0,27840.0575,53.0,1.0,1.0,1.0,1.0,1.0,1.0,1.0,1.0,1.0,1.0,1.0,1.0
0.0,46.1383,1.0,1.0,11.0,34047.6085,29.0,1.0,1.0,1.0,1.0,1.0,1.0,1.0,1.0,1.0,1.0,1.0,1.0
0.0,22.6888,0.0,2.0,22.0,32486.0053,1.0,0.0,0.0,1.0,0.0,0.0,0.0,0.0,0.0,0.0,0.0,0.0,1.0
1.0,14.8877,0.0,4.0,9.0,18290.6809,75.0,1.0,1.0,1.0,1.0,1.0,1.0,1.0,1.0,1.0,1.0,1.0,1.0
0.0,40.7527,1.0,1.0,1.0,18417.5121,23.0,1.0,1.0,1.0,1.0,1.0,1.0,1.0,1.0,1.0,1.0,1.0,1.0
1.0,40.4693,1.0,1.0,2.0,4336.4056,92.0,0.0,1.0,1.0,0.0,1.0,1.0,0.0,1.0,0.0,1.0,1.0,1.0
1.0,16.2942,1.0,1.0,17.0,37819.7863,9.0,1.0,0.0,1.0,0.0,0.0,0.0,0.0,0.0,0.0,0.0,0.0,1.0
1.0,28.4941,1.0,3.0,12.0,18804.274,94.0,1.0,0.0,1.0,0.0,0.0,0.0,0.0,0.0,0.0,0.0,0.0,0.0
0.0,30.1004,0.0,1.0,4.0,3648.8664,84.0,1.0,1.0,1.0,1.0,1.0,1.0,1.0,1.0,1.0,1.0,1.0,1.0
1.0,43.7479,1.0,1.0,14.0,14610.7664,77.0,0.0,1.0,1.0,0.0,1.0,1.0,0.0,1.0,0.0,1.0,1.0,1.0
0.0,9.743,1.0,4.0,10.0,9345.9377,20.0,1.0,1.0,1.0,1.0,1.0,1.0,1.0,1.0,1.0,1.0,1.0,1.0
1.0,28.4944,0.0,4.0,4.0,29083.7298,35.0,1.0,1.0,1.0,1.0,1.0,1.0,1.0,1.0,1.0,1.0,1.0,1.0
1.0,25.0044,0.0,2.0,18.0,14036.4317,79.0,1.0,0.0,1.0,0.0,0.0,0.0,0.0,0.0,0.0,0.0,0.0,1.0
1.0,5.2697,1.0,4.0,14.0,11264.898,38.0,1.0,1.0,1.0,1.0,1.0,1.0,1.0,1.0,1.0,1.0,1.0,1.0
1.0,17.6244,0.0,3.0,7.0,5648.4789,64.0,1.0,1.0,1.0,1.0,1.0,1.0,1.0,1.0,1.0,1.0,1.0,1.0
0.0,22.3028,1.0,4.0,19.0,15717.5721,27.0,0.0,1.0,1.0,0.0,1.0,1.0,0.0,0.0,0.0,0.0,1.0,1.0
0.0,21.8911,1.0,4.0,11.0,29105.0446,33.0,0.0,1.0,1.0,0.0,1.0,1.0,0.0,1.0,0.0,1.0,1.0,1.0
1.0,9.2825,1.0,4.0,11.0,27545.522,12.0,0.0,1.0,1.0,0.0,1.0,1.0,0.0,1.0,0.0,1.0,1.0,1.0
1.0,7.7172,1.0,2.0,20.0,3564.6616,18.0,1.0,0.0,1.0,0.0,0.0,0.0,0.0,0.0,0.0,0.0,1.0,1.0
1.0,10.768,1.0,1.0,6.0,32450.6005,34.0,0.0,0.0,1.0,0.0,0.0,0.0,0.0,0.0,0.0,0.0,0.0,0.0
0.0,14.9786,1.0,3.0,3.0,31652.7116,19.0,0.0,1.0,1.0,0.0,1.0,1.0,0.0,1.0,0.0,1.0,1.0,1.0
1.0,24.9194,1.0,3.0,11.0,28531.3761,89.0,0.0,0.0,1.0,0.0,0.0,0.0,0.0,0.0,0.0,0.0,0.0,0.0
1.0,6.846,1.0,2.0,1.0,31205.4315,24.0,1.0,1.0,1.0,1.0,1.0,1.0,1.0,1.0,1.0,1.0,1.0,1.0
1.0,42.4661,1.0,4.0,19.0,29637.8357,76.0,0.0,1.0,1.0,0.0,1.0,1.0,0.0,0.0,0.0,0.0,1.0,1.0
1.0,32.4524,1.0,1.0,7.0,36563.9434,52.0,0.0,1.0,1.0,0.0,1.0,1.0,0.0,1.0,0.0,1.0,1.0,1.0
0.0,33.1215,1.0,2.0,6.0,28127.2241,53.0,0.0,1.0,1.0,0.0,1.0,1.0,0.0,1.0,0.0,1.0,1.0,1.0
1.0,7.9506,1.0,3.0,5.0,10706.3909,41.0,1.0,1.0,1.0,1.0,1.0,1.0,1.0,1.0,1.0,1.0,1.0,1.0
1.0,6.9651,1.0,3.0,7.0,39458.1086,35.0,0.0,1.0,1.0,0.0,1.0,1.0,0.0,1.0,0.0,1.0,1.0,1.0
1.0,29.2496,1.0,2.0,5.0,37875.4333,34.0,0.0,1.0,1.0,0.0,1.0,1.0,0.0,1.0,0.0,1.0,1.0,1.0
1.0,5.2262,1.0,1.0,12.0,8630.5129,13.0,1.0,1.0,1.0,1.0,1.0,1.0,1.0,1.0,1.0,1.0,1.0,1.0
0.0,6.7421,0.0,4.0,18.0,4047.3893,32.0,1.0,1.0,1.0,1.0,1.0,1.0,1.0,1.0,1.0,1.0,1.0,1.0
0.0,17.6791,0.0,1.0,2.0,5852.9197,18.0,1.0,0.0,1.0,0.0,0.0,0.0,0.0,0.0,0.0,0.0,0.0,1.0
0.0,40.4067,1.0,4.0,21.0,18219.8109,81.0,0.0,1.0,1.0,0.0,1.0,1.0,0.0,1.0,0.0,1.0,1.0,1.0
0.0,34.5001,1.0,3.0,0.0,30785.1143,18.0,1.0,0.0,1.0,0.0,0.0,0.0,0.0,0.0,0.0,0.0,0.0,0.0
0.0,42.5162,1.0,4.0,7.0,30177.4712,7.0,0.0,1.0,1.0,0.0,1.0,1.0,0.0,1.0,0.0,1.0,1.0,1.0
1.0,43.6524,0.0,2.0,13.0,17771.4662,67.0,1.0,1.0,1.0,1.0,1.0,1.0,1.0,1.0,1.0,1.0,1.0,1.0
0.0,24.5449,0.0,4.0,18.0,15651.9612,52.0,1.0,0.0,1.0,0.0,0.0,0.0,0.0,0.0,0.0,0.0,0.0,1.0
0.0,5.0931,1.0,4.0,23.0,16470.2718,71.0,1.0,1.0,1.0,1.0,1.0,1.0,1.0,1.0,1.0,1.0,1.0,1.0
0.0,9.5916,0.0,2.0,2.0,6485.8701,96.0,1.0,1.0,1.0,1.0,1.0,1.0,1.0,1.0,1.0,1.0,1.0,1.0
0.0,19.8832,0.0,3.0,17.0,28214.3383,56.0,0.0,0.0,1.0,0.0,0.0,0.0,0.0,0.0,0.0,0.0,0.0,0.0
1.0,8.9011,0.0,1.0,11.0,30223.2786,28.0,0.0,1.0,1.0,0.0,1.0,1.0,0.0,1.0,0.0,1.0,1.0,1.0
0.0,36.7415,1.0,3.0,1.0,33808.2415,36.0,0.0,0.0,1.0,0.0,0.0,0.0,0.0,0.0,0.0,0.0,0.0,0.0
0.0,16.9857,1.0,2.0,20.0,13271.5103,96.0,1.0,1.0,1.0,1.0,1.0,1.0,1.0,1.0,1.0,1.0,1.0,1.0
1.0,16.06,1.0,3.0,5.0,32538.7099,100.0,0.0,0.0,1.0,0.0,0.0,0.0,0.0,0.0,0.0,0.0,0.0,1.0
1.0,28.2563,1.0,1.0,3.0,36086.8431,60.0,1.0,0.0,1.0,0.0,0.0,0.0,0.0,0.0,0.0,0.0,0.0,0.0
1.0,44.9631,0.0,2.0,18.0,38427.3856,36.0,1.0,1.0,1.0,1.0,1.0,1.0,1.0,1.0,1.0,1.0,1.0,1.0
1.0,22.5618,1.0,2.0,0.0,5346.5902,42.0,0.0,1.0,1.0,0.0,1.0,1.0,0.0,1.0,0.0,1.0,1.0,1.0
1.0,9.3399,0.0,2.0,4.0,38544.1215,16.0,1.0,0.0,1.0,0.0,0.0,0.0,0.0,0.0,0.0,0.0,1.0,1.0
0.0,28.6148,1.0,1.0,19.0,15478.3772,4.0,0.0,1.0,1.0,0.0,1.0,1.0,0.0,1.0,0.0,1.0,1.0,1.0
1.0,35.1427,1.0,3.0,18.0,13354.9489,75.0,0.0,1.0,1.0,0.0,1.0,1.0,0.0,1.0,0.0,1.0,1.0,1.0
0.0,45.2048,1.0,2.0,20.0,23757.3206,44.0,0.0,0.0,1.0,0.0,0.0,0.0,0.0,0.0,0.0,0.0,0.0,1.0
0.0,38.9219,0.0,3.0,20.0,19212.2908,38.0,1.0,1.0,1.0,1.0,1.0,1.0,1.0,1.0,1.0,1.0,1.0,1.0
1.0,47.7441,1.0,1.0,6.0,30529.1785,50.0,0.0,0.0,1.0,0.0,0.0,0.0,0.0,0.0,0.0,0.0,0.0,0.0
0.0,37.4585,0.0,4.0,1.0,21777.3373,5.0,0.0,1.0,1.0,0.0,1.0,1.0,0.0,1.0,0.0,1.0,1.0,1.0
1.0,46.0029,0.0,1.0,15.0,23870.981,70.0,1.0,1.0,1.0,1.0,1.0,1.0,1.0,1.0,1.0,1.0,1.0,1.0
1.0,17.9459,1.0,3.0,20.0,15332.0622,9.0,0.0,1.0,1.0,0.0,1.0,1.0,0.0,1.0,0.0,1.0,1.0,1.0
1.0,34.2944,1.0,2.0,19.0,11336.2977,56.0,1.0,1.0,1.0,1.0,1.0,1.0,1.0,1.0,1.0,1.0,1.0,1.0
0.0,32.4213,1.0,3.0,7.0,1180.5697,21.0,1.0,0.0,1.0,0.0,0.0,1.0,0.0,1.0,1.0,1.0,1.0,1.0
0.0,10.672,0.0,1.0,12.0,30876.5672,59.0,0.0,1.0,1.0,0.0,1.0,1.0,0.0,1.0,0.0,1.0,1.0,1.0
1.0,21.6694,0.0,1.0,11.0,12109.098,29.0,0.0,1.0,1.0,0.0,1.0,1.0,0.0,0.0,0.0,0.0,1.0,1.0
1.0,27.5341,0.0,1.0,4.0,24973.6177,62.0,1.0,1.0,1.0,1.0,1.0,1.0,1.0,1.0,1.0,1.0,1.0,1.0
1.0,32.8657,1.0,4.0,12.0,9284.7982,42.0,0.0,0.0,1.0,0.0,0.0,1.0,0.0,1.0,0.0,1.0,1.0,1.0
1.0,49.8422,1.0,1.0,3.0,10466.0911,37.0,1.0,1.0,1.0,1.0,1.0,1.0,1.0,1.0,1.0,1.0,1.0,1.0
0.0,7.7327,0.0,2.0,8.0,17482.9743,53.0,1.0,1.0,1.0,1.0,1.0,1.0,1.0,1.0,1.0,1.0,1.0,1.0
0.0,43.0104,0.0,4.0,8.0,14318.636,53.0,1.0,1.0,1.0,1.0,1.0,1.0,1.0,1.0,1.0,1.0,1.0,1.0
0.0,26.0889,0.0,3.0,13.0,11471.8975,7.0,1.0,1.0,1.0,1.0,1.0,1.0,1.0,1.0,1.0,1.0,1.0,1.0
0.0,42.8334,1.0,1.0,12.0,23095.6885,45.0,0.0,0.0,1.0,0.0,0.0,0.0,0.0,0.0,0.0,0.0,0.0,0.0
0.0,20.7019,1.0,3.0,18.0,17961.9388,78.0,0.0,1.0,1.0,0.0,1.0,1.0,0.0,1.0,0.0,1.0,1.0,1.0
1.0,10.4491,0.0,3.0,17.0,34294.7064,48.0,1.0,0.0,1.0,0.0,0.0,0.0,0.0,0.0,0.0,0.0,1.0,1.0
0.0,39.6131,1.0,1.0,7.0,12618.4646,40.0,0.0,1.0,1.0,0.0,1.0,1.0,0.0,1.0,0.0,1.0,1.0,1.0
1.0,26.1365,1.0,2.0,23.0,36035.333,41.0,0.0,1.0,1.0,0.0,1.0,1.0,0.0,1.0,0.0,1.0,1.0,1.0
0.0,49.3433,0.0,3.0,5.0,9283.2201,28.0,1.0,1.0,1.0,1.0,1.0,1.0,1.0,1.0,1.0,1.0,1.0,1.0
1.0,22.8948,0.0,1.0,4.0,12269.7983,93.0,0.0,0.0,1.0,0.0,0.0,0.0,0.0,0.0,0.0,0.0,1.0,1.0
1.0,36.6418,1.0,3.0,6.0,6821.5825,92.0,0.0,1.0,1.0,0.0,1.0,1.0,0.0,1.0,0.0,1.0,1.0,1.0
1.0,43.4936,1.0,2.0,16.0,6200.8655,4.0,1.0,1.0,1.0,1.0,1.0,1.0,1.0,1.0,1.0,1.0,1.0,1.0
1.0,24.314,1.0,2.0,3.0,11774.3653,17.0,0.0,0.0,1.0,0.0,0.0,0.0,0.0,0.0,0.0,0.0,1.0,1.0
1.0,44.8263,0.0,4.0,19.0,2165.0233,14.0,1.0,1.0,1.0,1.0,1.0,1.0,1.0,1.0,1.0,1.0,1.0,1.0
1.0,37.2642,0.0,1.0,3.0,16758.2008,66.0,1.0,1.0,1.0,1.0,1.0,1.0,1.0,1.0,1.0,1.0,1.0,1.0
0.0,45.3152,0.0,2.0,13.0,28627.4739,77.0,1.0,0.0,1.0,0.0,0.0,0.0,0.0,0.0,0.0,0.0,1.0,1.0
0.0,32.379,0.0,2.0,2.0,14738.4154,63.0,1.0,1.0,1.0,1.0,1.0,1.0,1.0,1.0,1.0,1.0,1.0,1.0
0.0,23.8049,0.0,4.0,19.0,19011.7622,28.0,1.0,1.0,1.0,1.0,1.0,1.0,1.0,1.0,1.0,1.0,1.0,1.0
0.0,21.8851,1.0,4.0,13.0,13560.2875,91.0,1.0,1.0,1.0,1.0,1.0,1.0,1.0,1.0,1.0,1.0,1.0,1.0
1.0,23.297,0.0,3.0,16.0,27581.3357,67.0,1.0,1.0,1.0,1.0,1.0,1.0,1.0,1.0,1.0,1.0,1.0,1.0
1.0,35.1068,1.0,3.0,12.0,3720.5691,6.0,1.0,1.0,1.0,1.0,1.0,1.0,1.0,1.0,1.0,1.0,1.0,1.0
0.0,49.8277,0.0,2.0,16.0,30227.8892,55.0,1.0,1.0,1.0,1.0,1.0,1.0,1.0,1.0,1.0,1.0,1.0,1.0
0.0,29.7565,0.0,1.0,12.0,23937.2793,85.0,1.0,1.0,1.0,1.0,1.0,1.0,1.0,1.0,1.0,1.0,1.0,1.0
0.0,40.7466,0.0,2.0,20.0,30696.6029,63.0,1.0,1.0,1.0,1.0,1.0,1.0,1.0,1.0,1.0,1.0,1.0,1.0
1.0,10.5719,0.0,4.0,1.0,37407.6277,34.0,0.0,0.0,1.0,0.0,0.0,0.0,0.0,0.0,0.0,0.0,0.0,1.0
0.0,6.1965,1.0,2.0,20.0,14440.8842,62.0,0.0,1.0,1.0,0.0,1.0,1.0,0.0,0.0,0.0,0.0,1.0,1.0
0.0,14.19,0.0,3.0,13.0,23053.4677,35.0,1.0,0.0,1.0,0.0,0.0,0.0,0.0,0.0,0.0,0.0,0.0,0.0
1.0,40.5337,0.0,2.0,11.0,21683.9162,70.0,0.0,1.0,1.0,0.0,1.0,1.0,0.0,1.0,0.0,1.0,1.0,1.0
0.0,18.3263,1.0,1.0,2.0,17590.4144,72.0,0.0,1.0,1.0,0.0,1.0,1.0,0.0,1.0,0.0,1.0,1.0,1.0
1.0,28.6292,0.0,4.0,22.0,12663.9747,4.0,0.0,1.0,1.0,0.0,1.0,1.0,0.0,1.0,0.0,1.0,1.0,1.0
1.0,33.9635,0.0,1.0,18.0,33109.0236,29.0,1.0,0.0,1.0,0.0,0.0,0.0,0.0,0.0,0.0,0.0,0.0,0.0
1.0,15.1312,0.0,2.0,2.0,2153.258,3.0,1.0,1.0,1.0,1.0,1.0,1.0,1.0,1.0,1.0,1.0,1.0,1.0
0.0,46.7607,0.0,2.0,21.0,26214.037,29.0,1.0,0.0,1.0,0.0,0.0,1.0,0.0,1.0,1.0,1.0,1.0,1.0
1.0,29.9165,1.0,3.0,14.0,39143.9043,46.0,0.0,1.0,1.0,0.0,1.0,1.0,0.0,1.0,0.0,1.0,1.0,1.0
0.0,18.4623,1.0,2.0,21.0,10187.7577,57.0,0.0,1.0,1.0,0.0,1.0,1.0,0.0,1.0,0.0,1.0,1.0,1.0
1.0,23.7821,1.0,2.0,17.0,39383.4759,38.0,0.0,1.0,1.0,0.0,1.0,1.0,0.0,0.0,0.0,0.0,1.0,1.0
0.0,36.7133,0.0,1.0,10.0,24215.8125,75.0,0.0,1.0,1.0,0.0,1.0,1.0,0.0,0.0,0.0,0.0,0.0,0.0
1.0,41.6626,1.0,1.0,1.0,32028.0592,51.0,0.0,1.0,1.0,0.0,1.0,1.0,0.0,1.0,0.0,1.0,1.0,1.0
0.0,20.0258,1.0,2.0,9.0,38185.2884,87.0,1.0,0.0,1.0,0.0,0.0,0.0,0.0,0.0,0.0,0.0,0.0,0.0
1.0,5.048,1.0,4.0,8.0,13951.9225,68.0,1.0,1.0,1.0,1.0,1.0,1.0,1.0,1.0,1.0,1.0,1.0,1.0
0.0,20.3395,1.0,3.0,19.0,32135.1118,26.0,1.0,1.0,1.0,1.0,1.0,1.0,1.0,1.0,1.0,1.0,1.0,1.0
1.0,26.4275,1.0,2.0,22.0,30698.8352,3.0,1.0,1.0,1.0,1.0,1.0,1.0,1.0,1.0,1.0,1.0,1.0,1.0
0.0,17.6732,1.0,3.0,18.0,21672.1876,31.0,1.0,1.0,1.0,1.0,1.0,1.0,1.0,1.0,1.0,1.0,1.0,1.0
0.0,43.962,0.0,3.0,16.0,30441.732,55.0,1.0,1.0,1.0,1.0,1.0,1.0,1.0,1.0,1.0,1.0,1.0,1.0
0.0,42.9361,1.0,1.0,23.0,31886.075,42.0,0.0,1.0,1.0,0.0,1.0,1.0,0.0,1.0,0.0,1.0,1.0,1.0
0.0,23.5614,0.0,4.0,9.0,28184.596,14.0,1.0,1.0,1.0,1.0,1.0,1.0,1.0,1.0,1.0,1.0,1.0,1.0
0.0,46.3056,1.0,4.0,19.0,32960.4671,72.0,1.0,0.0,1.0,0.0,0.0,0.0,0.0,0.0,0.0,0.0,0.0,1.0
1.0,15.8224,0.0,2.0,22.0,5661.5309,19.0,1.0,1.0,1.0,1.0,1.0,1.0,1.0,1.0,1.0,1.0,1.0,1.0
0.0,46.5138,0.0,3.0,1.0,33140.7786,9.0,1.0,1.0,1.0,1.0,1.0,1.0,1.0,1.0,1.0,1.0,1.0,1.0
0.0,44.7661,1.0,4.0,21.0,18936.6236,72.0,1.0,1.0,1.0,1.0,1.0,1.0,1.0,1.0,1.0,1.0,1.0,1.0
0.0,7.5755,0.0,1.0,15.0,18050.5056,38.0,1.0,1.0,1.0,1.0,1.0,1.0,1.0,1.0,1.0,1.0,1.0,1.0
0.0,18.4133,0.0,3.0,19.0,28959.4054,28.0,1.0,0.0,1.0,0.0,0.0,0.0,0.0,0.0,0.0,0.0,0.0,0.0
1.0,25.8883,0.0,2.0,4.0,15101.189,69.0,1.0,0.0,1.0,0.0,0.0,0.0,0.0,0.0,0.0,0.0,0.0,0.0
1.0,30.9471,0.0,3.0,23.0,14732.6984,65.0,0.0,1.0,1.0,0.0,1.0,1.0,0.0,0.0,0.0,0.0,0.0,1.0
1.0,18.2151,1.0,4.0,20.0,29102.2052,44.0,0.0,1.0,1.0,0.0,1.0,1.0,0.0,1.0,0.0,1.0,1.0,1.0
0.0,8.2286,1.0,4.0,7.0,26591.8241,12.0,0.0,0.0,1.0,0.0,0.0,1.0,0.0,1.0,0.0,1.0,1.0,1.0
1.0,34.0576,0.0,2.0,16.0,10242.2215,61.0,1.0,1.0,1.0,1.0,1.0,1.0,1.0,1.0,1.0,1.0,1.0,1.0
0.0,33.574,0.0,2.0,8.0,31831.3811,81.0,1.0,1.0,1.0,1.0,1.0,1.0,1.0,1.0,1.0,1.0,1.0,1.0
1.0,34.2153,0.0,4.0,16.0,12573.0425,11.0,1.0,1.0,1.0,1.0,1.0,1.0,1.0,1.0,1.0,1.0,1.0,1.0
0.0,46.954,0.0,4.0,8.0,34212.0235,7.0,1.0,1.0,1.0,1.0,1.0,1.0,1.0,1.0,1.0,1.0,1.0,1.0
1.0,18.9279,0.0,1.0,20.0,18176.7456,12.0,1.0,0.0,1.0,0.0,0.0,1.0,0.0,1.0,1.0,1.0,1.0,1.0
1.0,8.0985,0.0,4.0,2.0,6147.6232,33.0,1.0,1.0,1.0,1.0,1.0,1.0,1.0,1.0,1.0,1.0,1.0,1.0
1.0,33.5716,0.0,3.0,23.0,27031.8599,56.0,1.0,0.0,1.0,0.0,0.0,0.0,0.0,0.0,0.0,0.0,0.0,0.0
0.0,35.5534,1.0,2.0,16.0,18635.0987,95.0,1.0,0.0,1.0,0.0,0.0,0.0,0.0,0.0,0.0,0.0,0.0,0.0
1.0,5.5761,0.0,4.0,4.0,18891.0854,84.0,1.0,1.0,1.0,1.0,1.0,1.0,1.0,1.0,1.0,1.0,1.0,1.0
0.0,29.9697,0.0,1.0,13.0,32052.9911,100.0,1.0,0.0,1.0,0.0,0.0,0.0,0.0,0.0,0.0,0.0,0.0,0.0
0.0,26.6319,0.0,4.0,21.0,9737.4429,10.0,1.0,1.0,1.0,1.0,1.0,1.0,1.0,1.0,1.0,1.0,1.0,1.0
1.0,15.9856,0.0,1.0,18.0,18366.9113,79.0,1.0,1.0,1.0,1.0,1.0,1.0,1.0,1.0,1.0,1.0,1.0,1.0
1.0,30.8185,1.0,2.0,9.0,18893.5694,41.0,0.0,0.0,1.0,0.0,0.0,0.0,0.0,0.0,0.0,0.0,1.0,1.0
1.0,38.3805,0.0,4.0,21.0,13646.7153,27.0,1.0,1.0,1.0,1.0,1.0,1.0,1.0,1.0,1.0,1.0,1.0,1.0
0.0,40.7713,0.0,4.0,4.0,34429.2035,24.0,1.0,1.0,1.0,1.0,1.0,1.0,1.0,1.0,1.0,1.0,1.0,1.0
0.0,6.7926,0.0,2.0,6.0,37506.0819,3.0,1.0,1.0,1.0,1.0,1.0,1.0,1.0,1.0,1.0,1.0,1.0,1.0
1.0,26.0141,1.0,1.0,11.0,26861.7605,73.0,1.0,0.0,1.0,0.0,0.0,0.0,0.0,0.0,0.0,0.0,1.0,1.0
0.0,48.0989,0.0,1.0,4.0,1577.1236,15.0,0.0,1.0,1.0,0.0,1.0,1.0,0.0,1.0,0.0,1.0,1.0,1.0
0.0,22.3403,0.0,3.0,12.0,17642.151,86.0,1.0,0.0,1.0,0.0,0.0,0.0,0.0,0.0,0.0,0.0,0.0,0.0
0.0,35.2028,1.0,2.0,5.0,26109.432,40.0,1.0,1.0,1.0,1.0,1.0,1.0,1.0,1.0,1.0,1.0,1.0,1.0
1.0,7.3019,0.0,3.0,18.0,1502.927,32.0,1.0,1.0,1.0,1.0,1.0,1.0,1.0,1.0,1.0,1.0,1.0,1.0
0.0,15.1619,1.0,4.0,14.0,5912.3527,30.0,0.0,1.0,1.0,0.0,1.0,1.0,0.0,1.0,0.0,1.0,1.0,1.0
0.0,44.6014,1.0,2.0,16.0,33578.8219,98.0,1.0,0.0,1.0,0.0,0.0,0.0,0.0,0.0,0.0,0.0,0.0,1.0
1.0,10.1718,0.0,3.0,11.0,36955.0335,22.0,1.0,0.0,1.0,0.0,0.0,1.0,0.0,1.0,1.0,1.0,1.0,1.0
0.0,10.5331,0.0,4.0,22.0,32178.7704,81.0,1.0,1.0,1.0,1.0,1.0,1.0,1.0,1.0,1.0,1.0,1.0,1.0
1.0,35.8372,1.0,1.0,13.0,9094.2057,20.0,1.0,1.0,1.0,1.0,1.0,1.0,1.0,1.0,1.0,1.0,1.0,1.0
1.0,45.1318,0.0,2.0,6.0,37676.8045,36.0,0.0,1.0,1.0,0.0,1.0,1.0,0.0,1.0,0.0,1.0,1.0,1.0
0.0,47.2059,1.0,4.0,2.0,11836.522,3.0,1.0,1.0,1.0,1.0,1.0,1.0,1.0,1.0,1.0,1.0,1.0,1.0
0.0,33.4131,0.0,2.0,13.0,13131.1099,60.0,1.0,0.0,1.0,0.0,0.0,0.0,0.0,0.0,0.0,0.0,0.0,0.0
0.0,9.8292,1.0,2.0,15.0,22653.8442,40.0,1.0,0.0,1.0,0.0,0.0,0.0,0.0,0.0,0.0,0.0,0.0,0.0
0.0,37.0885,0.0,1.0,23.0,36460.9272,97.0,1.0,1.0,1.0,1.0,1.0,1.0,1.0,1.0,1.0,1.0,1.0,1.0
0.0,41.4862,1.0,3.0,14.0,13831.5314,75.0,0.0,1.0,1.0,0.0,1.0,1.0,0.0,1.0,0.0,1.0,1.0,1.0
1.0,34.1306,1.0,4.0,13.0,11519.3947,70.0,0.0,1.0,1.0,0.0,1.0,1.0,0.0,1.0,0.0,1.0,1.0,1.0
0.0,39.8858,0.0,1.0,11.0,38289.9732,50.0,1.0,0.0,1.0,0.0,0.0,0.0,0.0,0.0,0.0,0.0,0.0,0.0
0.0,6.374,0.0,4.0,11.0,15566.8692,71.0,1.0,1.0,1.0,1.0,1.0,1.0,1.0,1.0,1.0,1.0,1.0,1.0
1.0,16.8881,0.0,3.0,15.0,32253.779,51.0,1.0,1.0,1.0,1.0,1.0,1.0,1.0,1.0,1.0,1.0,1.0,1.0
0.0,5.5473,1.0,1.0,2.0,22875.1804,99.0,1.0,1.0,1.0,1.0,1.0,1.0,1.0,1.0,1.0,1.0,1.0,1.0
1.0,42.5127,0.0,4.0,11.0,5525.12,23.0,1.0,1.0,1.0,1.0,1.0,1.0,1.0,1.0,1.0,1.0,1.0,1.0
1.0,39.3264,1.0,2.0,14.0,21553.3945,84.0,0.0,1.0,1.0,0.0,1.0,1.0,0.0,1.0,0.0,1.0,1.0,1.0
1.0,42.5767,0.0,2.0,6.0,17910.1337,41.0,1.0,1.0,1.0,1.0,1.0,1.0,1.0,1.0,1.0,1.0,1.0,1.0
0.0,9.0679,1.0,4.0,18.0,15086.9014,2.0,0.0,1.0,1.0,0.0,1.0,1.0,0.0,0.0,0.0,0.0,0.0,0.0
0.0,16.3906,1.0,1.0,22.0,30491.14,67.0,0.0,0.0,1.0,0.0,0.0,0.0,0.0,0.0,0.0,0.0,0.0,1.0
1.0,44.4774,1.0,2.0,7.0,4797.0867,4.0,0.0,1.0,1.0,0.0,1.0,1.0,0.0,1.0,0.0,1.0,1.0,1.0
0.0,26.7462,0.0,2.0,12.0,36086.5327,14.0,1.0,1.0,1.0,1.0,1.0,1.0,1.0,1.0,1.0,1.0,1.0,1.0
0.0,44.3221,0.0,2.0,11.0,6819.0607,24.0,1.0,1.0,1.0,1.0,1.0,1.0,1.0,1.0,1.0,1.0,1.0,1.0
1.0,28.4694,1.0,1.0,20.0,6244.6707,20.0,1.0,0.0,1.0,0.0,0.0,1.0,0.0,1.0,1.0,1.0,1.0,1.0
0.0,16.995,1.0,3.0,13.0,18846.3432,72.0,0.0,1.0,1.0,0.0,1.0,1.0,0.0,0.0,0.0,0.0,1.0,1.0
0.0,11.8772,1.0,3.0,0.0,19124.2921,35.0,1.0,0.0,1.0,0.0,0.0,0.0,0.0,0.0,0.0,0.0,0.0,0.0
0.0,35.0626,1.0,3.0,15.0,17538.6249,9.0,1.0,1.0,1.0,1.0,1.0,1.0,1.0,1.0,1.0,1.0,1.0,1.0
0.0,26.1703,1.0,4.0,14.0,30916.8223,50.0,1.0,0.0,1.0,0.0,0.0,1.0,0.0,1.0,1.0,1.0,1.0,1.0
0.0,10.1005,0.0,4.0,6.0,19803.3981,73.0,0.0,1.0,1.0,0.0,1.0,1.0,0.0,1.0,0.0,1.0,1.0,1.0
0.0,15.0313,0.0,2.0,12.0,39479.3442,56.0,1.0,1.0,1.0,1.0,1.0,1.0,1.0,1.0,1.0,1.0,1.0,1.0
0.0,31.5589,0.0,4.0,16.0,22867.8956,21.0,1.0,1.0,1.0,1.0,1.0,1.0,1.0,1.0,1.0,1.0,1.0,1.0
0.0,18.9081,1.0,2.0,0.0,7920.8776,46.0,1.0,0.0,1.0,0.0,0.0,0.0,0.0,0.0,0.0,0.0,0.0,0.0
1.0,29.422,1.0,3.0,0.0,27975.5034,40.0,0.0,1.0,1.0,0.0,1.0,1.0,0.0,0.0,0.0,0.0,1.0,1.0
1.0,37.7985,0.0,4.0,5.0,6071.403,95.0,0.0,1.0,1.0,0.0,1.0,1.0,0.0,0.0,0.0,0.0,0.0,0.0
0.0,6.1467,0.0,4.0,3.0,35933.8246,3.0,1.0,1.0,1.0,1.0,1.0,1.0,1.0,1.0,1.0,1.0,1.0,1.0
0.0,17.216,0.0,1.0,0.0,35075.7409,35.0,1.0,1.0,1.0,1.0,1.0,1.0,1.0,1.0,1.0,1.0,1.0,1.0
0.0,49.4187,1.0,3.0,4.0,28189.3596,57.0,1.0,1.0,1.0,1.0,1.0,1.0,1.0,1.0,1.0,1.0,1.0,1.0
0.0,47.7227,1.0,3.0,18.0,2755.2545,30.0,1.0,1.0,1.0,1.0,1.0,1.0,1.0,1.0,1.0,1.0,1.0,1.0
0.0,47.5864,0.0,4.0,4.0,30839.9945,26.0,1.0,1.0,1.0,1.0,1.0,1.0,1.0,1.0,1.0,1.0,1.0,1.0
1.0,41.2623,1.0,2.0,5.0,37711.0174,48.0,0.0,1.0,1.0,0.0,1.0,1.0,0.0,0.0,0.0,0.0,0.0,1.0
1.0,42.2533,1.0,2.0,1.0,36692.3355,64.0,1.0,1.0,1.0,1.0,1.0,1.0,1.0,1.0,1.0,1.0,1.0,1.0
0.0,29.9068,1.0,3.0,0.0,19825.1682,34.0,1.0,1.0,1.0,1.0,1.0,1.0,1.0,1.0,1.0,1.0,1.0,1.0
0.0,42.5359,0.0,1.0,1.0,31621.8013,80.0,1.0,0.0,1.0,0.0,0.0,0.0,0.0,0.0,0.0,0.0,0.0,1.0
1.0,23.7456,0.0,1.0,21.0,30819.3841,88.0,1.0,0.0,1.0,0.0,0.0,0.0,0.0,0.0,0.0,0.0,1.0,1.0
0.0,37.7418,0.0,2.0,6.0,34868.4628,17.0,1.0,1.0,1.0,1.0,1.0,1.0,1.0,1.0,1.0,1.0,1.0,1.0
1.0,38.9659,1.0,4.0,15.0,39514.0287,25.0,0.0,0.0,1.0,0.0,0.0,0.0,0.0,0.0,0.0,0.0,0.0,0.0
0.0,31.2465,0.0,4.0,0.0,3721.0588,89.0,1.0,1.0,1.0,1.0,1.0,1.0,1.0,1.0,1.0,1.0,1.0,1.0
0.0,28.333,1.0,4.0,8.0,26197.2562,20.0,0.0,1.0,1.0,0.0,1.0,1.0,0.0,1.0,0.0,1.0,1.0,1.0
0.0,49.6296,0.0,3.0,13.0,7808.9245,74.0,0.0,0.0,1.0,0.0,0.0,1.0,0.0,0.0,0.0,0.0,0.0,1.0
1.0,36.2091,1.0,1.0,14.0,36487.7369,66.0,0.0,1.0,1.0,0.0,1.0,1.0,0.0,1.0,0.0,1.0,1.0,1.0
0.0,20.4984,0.0,4.0,12.0,25025.4985,64.0,1.0,0.0,1.0,0.0,0.0,0.0,0.0,0.0,0.0,0.0,0.0,0.0
0.0,38.9456,1.0,1.0,0.0,26638.1054,26.0,0.0,1.0,1.0,0.0,1.0,1.0,0.0,1.0,0.0,1.0,1.0,1.0
1.0,36.5982,0.0,2.0,9.0,5962.4207,85.0,1.0,1.0,0.0,1.0,0.0,1.0,0.0,0.0,0.0,0.0,1.0,1.0
1.0,29.0653,1.0,1.0,6.0,11347.475,92.0,1.0,1.0,1.0,1.0,1.0,1.0,1.0,1.0,1.0,1.0,1.0,1.0
0.0,5.5384,1.0,2.0,10.0,5177.3341,85.0,1.0,1.0,1.0,1.0,1.0,1.0,1.0,1.0,1.0,1.0,1.0,1.0
0.0,41.7921,1.0,1.0,1.0,8004.5629,3.0,1.0,1.0,1.0,1.0,1.0,1.0,1.0,1.0,1.0,1.0,1.0,1.0
0.0,14.2879,0.0,4.0,17.0,14019.4647,72.0,1.0,0.0,1.0,0.0,0.0,0.0,0.0,0.0,0.0,0.0,0.0,0.0
0.0,40.1674,1.0,3.0,8.0,39365.9746,86.0,1.0,1.0,1.0,1.0,1.0,1.0,1.0,1.0,1.0,1.0,1.0,1.0
0.0,10.9653,1.0,2.0,4.0,38533.2953,80.0,0.0,1.0,1.0,0.0,1.0,1.0,0.0,1.0,0.0,1.0,1.0,1.0
0.0,6.1418,0.0,3.0,18.0,22554.6666,49.0,1.0,1.0,1.0,1.0,1.0,1.0,1.0,1.0,1.0,1.0,1.0,1.0
1.0,45.4242,0.0,3.0,0.0,20779.0922,98.0,1.0,1.0,1.0,1.0,1.0,1.0,1.0,1.0,1.0,1.0,1.0,1.0
0.0,6.9048,0.0,1.0,5.0,11024.3887,66.0,1.0,1.0,1.0,1.0,1.0,1.0,1.0,1.0,1.0,1.0,1.0,1.0
1.0,22.215,0.0,2.0,3.0,8714.5211,77.0,1.0,0.0,1.0,0.0,0.0,0.0,0.0,0.0,0.0,0.0,0.0,0.0
0.0,15.9029,1.0,2.0,7.0,35815.4864,65.0,0.0,1.0,1.0,0.0,1.0,1.0,0.0,0.0,0.0,0.0,1.0,1.0
1.0,48.4902,0.0,2.0,13.0,4815.09,78.0,1.0,1.0,1.0,1.0,1.0,1.0,1.0,1.0,1.0,1.0,1.0,1.0
1.0,42.0376,0.0,4.0,21.0,25853.2764,52.0,0.0,1.0,1.0,0.0,1.0,1.0,0.0,0.0,0.0,0.0,1.0,1.0
1.0,32.5256,1.0,2.0,18.0,9019.9213,56.0,0.0,1.0,1.0,0.0,1.0,1.0,0.0,1.0,0.0,1.0,1.0,1.0
1.0,25.1835,1.0,2.0,0.0,15590.345,54.0,0.0,1.0,1.0,0.0,1.0,1.0,0.0,1.0,0.0,1.0,1.0,1.0
0.0,29.9062,1.0,2.0,11.0,28188.462,31.0,1.0,1.0,1.0,1.0,1.0,1.0,1.0,1.0,1.0,1.0,1.0,1.0
1.0,42.4708,0.0,4.0,15.0,27827.5946,81.0,1.0,1.0,1.0,1.0,1.0,1.0,1.0,1.0,1.0,1.0,1.0,1.0
1.0,42.6185,0.0,3.0,18.0,15053.2104,1.0,0.0,1.0,1.0,0.0,1.0,1.0,0.0,0.0,0.0,0.0,1.0,1.0
0.0,6.1869,1.0,2.0,20.0,1313.561,29.0,1.0,1.0,1.0,1.0,1.0,1.0,1.0,1.0,1.0,1.0,1.0,1.0
0.0,9.2049,0.0,2.0,17.0,35700.0177,65.0,1.0,1.0,1.0,1.0,1.0,1.0,1.0,1.0,1.0,1.0,1.0,1.0
1.0,10.9797,0.0,1.0,9.0,18455.8377,13.0,1.0,1.0,1.0,1.0,1.0,1.0,1.0,1.0,1.0,1.0,1.0,1.0
1.0,37.6293,0.0,1.0,23.0,37022.9893,42.0,0.0,1.0,1.0,0.0,1.0,1.0,0.0,0.0,0.0,0.0,0.0,0.0
1.0,18.6246,1.0,4.0,5.0,21348.7171,81.0,0.0,0.0,1.0,0.0,0.0,0.0,0.0,0.0,0.0,0.0,0.0,0.0
0.0,22.1689,0.0,1.0,22.0,19117.2632,70.0,1.0,1.0,1.0,1.0,1.0,1.0,1.0,1.0,1.0,1.0,1.0,1.0
0.0,13.6793,1.0,4.0,16.0,38021.5009,64.0,1.0,1.0,1.0,1.0,1.0,1.0,1.0,1.0,1.0,1.0,1.0,1.0
0.0,22.1306,0.0,4.0,15.0,28359.5865,90.0,1.0,1.0,1.0,1.0,1.0,1.0,1.0,1.0,1.0,1.0,1.0,1.0
0.0,49.7006,0.0,3.0,18.0,23488.3531,75.0,1.0,0.0,1.0,0.0,0.0,1.0,0.0,1.0,1.0,1.0,1.0,1.0
0.0,32.4544,0.0,1.0,20.0,3447.1175,52.0,0.0,1.0,1.0,0.0,1.0,1.0,0.0,1.0,0.0,1.0,1.0,1.0
0.0,23.7807,1.0,3.0,21.0,10431.4691,6.0,0.0,1.0,1.0,0.0,1.0,1.0,0.0,1.0,0.0,1.0,1.0,1.0
0.0,36.0594,0.0,1.0,15.0,32330.9803,70.0,1.0,1.0,1.0,1.0,1.0,1.0,1.0,1.0,1.0,1.0,1.0,1.0
1.0,37.5766,1.0,3.0,9.0,8729.2773,63.0,1.0,1.0,1.0,1.0,1.0,1.0,1.0,1.0,1.0,1.0,1.0,1.0
1.0,23.878,1.0,4.0,13.0,15005.8999,44.0,1.0,1.0,1.0,1.0,1.0,1.0,1.0,1.0,1.0,1.0,1.0,1.0
0.0,35.7995,0.0,3.0,23.0,32264.2983,61.0,1.0,1.0,1.0,1.0,1.0,1.0,1.0,1.0,1.0,1.0,1.0,1.0
1.0,9.6492,0.0,2.0,18.0,3002.6182,70.0,1.0,1.0,1.0,1.0,1.0,1.0,1.0,1.0,1.0,1.0,1.0,1.0
1.0,12.828,0.0,1.0,8.0,18937.8421,56.0,1.0,0.0,1.0,0.0,0.0,0.0,0.0,0.0,0.0,0.0,0.0,0.0
0.0,21.8155,1.0,1.0,20.0,6323.8306,74.0,0.0,1.0,1.0,0.0,1.0,1.0,0.0,1.0,0.0,1.0,1.0,1.0
0.0,37.5653,0.0,4.0,18.0,18903.8506,5.0,0.0,1.0,1.0,0.0,1.0,1.0,0.0,1.0,0.0,1.0,1.0,1.0
0.0,45.0308,0.0,1.0,5.0,37731.9095,90.0,1.0,1.0,1.0,1.0,1.0,1.0,1.0,1.0,1.0,1.0,1.0,1.0
0.0,20.3431,0.0,4.0,15.0,28802.3317,36.0,1.0,1.0,1.0,1.0,1.0,1.0,1.0,1.0,1.0,1.0,1.0,1.0
0.0,32.4066,1.0,1.0,15.0,21498.9638,34.0,0.0,1.0,1.0,0.0,1.0,1.0,0.0,1.0,0.0,1.0,1.0,1.0
1.0,20.3936,0.0,1.0,4.0,14943.73,34.0,1.0,0.0,1.0,0.0,0.0,0.0,0.0,0.0,0.0,0.0,0.0,0.0
1.0,14.5166,1.0,2.0,9.0,9195.2695,26.0,1.0,1.0,1.0,1.0,1.0,1.0,1.0,1.0,1.0,1.0,1.0,1.0
0.0,16.4447,0.0,2.0,10.0,34599.2673,73.0,1.0,1.0,1.0,1.0,1.0,1.0,1.0,1.0,1.0,1.0,1.0,1.0
1.0,41.9596,0.0,2.0,8.0,16530.826,42.0,1.0,0.0,1.0,0.0,0.0,0.0,0.0,0.0,0.0,0.0,0.0,0.0
0.0,32.0695,1.0,3.0,13.0,9782.0625,67.0,0.0,1.0,1.0,0.0,1.0,1.0,0.0,1.0,0.0,1.0,1.0,1.0
1.0,48.9891,0.0,1.0,11.0,37423.1608,35.0,1.0,1.0,1.0,1.0,1.0,1.0,1.0,1.0,1.0,1.0,1.0,1.0
0.0,5.0489,0.0,1.0,23.0,29334.0929,25.0,1.0,1.0,1.0,1.0,1.0,1.0,1.0,1.0,1.0,1.0,1.0,1.0
1.0,49.8592,0.0,3.0,14.0,6613.5663,70.0,0.0,1.0,1.0,0.0,1.0,1.0,0.0,1.0,0.0,1.0,1.0,1.0
0.0,36.2052,0.0,3.0,8.0,3178.5885,79.0,1.0,0.0,1.0,0.0,0.0,0.0,0.0,0.0,0.0,0.0,0.0,0.0
0.0,34.2522,0.0,3.0,3.0,22214.0636,91.0,0.0,0.0,1.0,0.0,0.0,1.0,0.0,1.0,0.0,1.0,1.0,1.0
1.0,49.2047,1.0,1.0,15.0,16126.755,3.0,1.0,1.0,1.0,1.0,1.0,1.0,1.0,1.0,1.0,1.0,1.0,1.0
1.0,35.5805,0.0,1.0,18.0,38651.4851,37.0,1.0,1.0,1.0,1.0,1.0,1.0,1.0,1.0,1.0,1.0,1.0,1.0
0.0,31.1938,1.0,3.0,17.0,5835.1885,2.0,0.0,0.0,1.0,0.0,0.0,0.0,0.0,0.0,0.0,0.0,1.0,1.0
1.0,36.3926,0.0,2.0,19.0,26862.9337,4.0,1.0,0.0,1.0,0.0,0.0,1.0,0.0,1.0,1.0,1.0,1.0,1.0
1.0,42.6248,1.0,2.0,15.0,8421.3764,20.0,1.0,0.0,1.0,0.0,0.0,0.0,0.0,0.0,0.0,0.0,0.0,0.0
1.0,8.9445,0.0,1.0,9.0,23198.187,100.0,1.0,1.0,1.0,1.0,1.0,1.0,1.0,1.0,1.0,1.0,1.0,1.0
1.0,23.4428,1.0,3.0,22.0,9935.5152,96.0,1.0,0.0,1.0,0.0,0.0,1.0,0.0,1.0,1.0,1.0,1.0,1.0
1.0,15.9047,0.0,1.0,20.0,21295.2425,17.0,1.0,0.0,1.0,0.0,0.0,0.0,0.0,0.0,0.0,0.0,0.0,0.0
0.0,9.1752,0.0,1.0,18.0,9724.9459,80.0,1.0,1.0,1.0,1.0,1.0,1.0,1.0,1.0,1.0,1.0,1.0,1.0
0.0,45.6068,1.0,4.0,14.0,3732.439,5.0,1.0,1.0,1.0,1.0,1.0,1.0,1.0,1.0,1.0,1.0,1.0,1.0
1.0,15.5188,0.0,4.0,17.0,34770.8115,84.0,0.0,0.0,1.0,0.0,0.0,0.0,0.0,0.0,0.0,0.0,0.0,1.0
0.0,25.6238,0.0,4.0,18.0,37412.6425,6.0,1.0,0.0,1.0,0.0,0.0,0.0,0.0,0.0,0.0,0.0,0.0,1.0
0.0,47.0771,0.0,2.0,2.0,36886.793,60.0,0.0,1.0,1.0,0.0,1.0,1.0,0.0,0.0,0.0,0.0,1.0,1.0
1.0,47.6204,0.0,1.0,14.0,24055.4221,11.0,1.0,0.0,1.0,0.0,0.0,0.0,0.0,0.0,0.0,0.0,0.0,0.0
0.0,49.8288,0.0,4.0,6.0,30504.9125,44.0,1.0,0.0,1.0,0.0,0.0,0.0,0.0,0.0,0.0,0.0,0.0,1.0
0.0,24.6561,0.0,1.0,14.0,32055.4151,80.0,1.0,0.0,1.0,0.0,0.0,0.0,0.0,0.0,0.0,0.0,0.0,1.0
1.0,10.0516,1.0,1.0,18.0,16717.9457,40.0,0.0,1.0,1.0,0.0,1.0,1.0,0.0,1.0,0.0,1.0,1.0,1.0
0.0,46.5499,1.0,1.0,7.0,39405.178,69.0,0.0,1.0,1.0,0.0,1.0,1.0,0.0,1.0,0.0,1.0,1.0,1.0
0.0,12.0315,0.0,1.0,15.0,8604.3527,87.0,1.0,0.0,1.0,0.0,0.0,0.0,0.0,0.0,0.0,0.0,0.0,1.0
1.0,26.7598,1.0,3.0,5.0,6677.1478,91.0,0.0,1.0,1.0,0.0,1.0,1.0,0.0,1.0,0.0,1.0,1.0,1.0
0.0,39.0226,0.0,2.0,7.0,29882.7878,48.0,0.0,1.0,1.0,0.0,1.0,1.0,0.0,0.0,0.0,0.0,0.0,0.0
1.0,49.5037,1.0,3.0,1.0,19278.3624,60.0,0.0,1.0,1.0,0.0,1.0,1.0,0.0,0.0,0.0,0.0,1.0,1.0
0.0,21.5643,0.0,2.0,18.0,8748.7598,93.0,1.0,0.0,1.0,0.0,0.0,1.0,0.0,1.0,1.0,1.0,1.0,1.0
1.0,43.2148,1.0,4.0,7.0,11660.1808,96.0,1.0,0.0,1.0,0.0,0.0,0.0,0.0,0.0,0.0,0.0,0.0,1.0
1.0,25.8614,0.0,2.0,21.0,23172.7707,89.0,1.0,0.0,1.0,0.0,0.0,0.0,0.0,0.0,0.0,0.0,0.0,0.0
0.0,25.1389,1.0,2.0,17.0,19688.2848,72.0,1.0,0.0,1.0,0.0,0.0,0.0,0.0,0.0,0.0,0.0,0.0,0.0
1.0,22.5132,1.0,1.0,10.0,8353.4496,45.0,0.0,0.0,1.0,0.0,0.0,0.0,0.0,0.0,0.0,0.0,1.0,1.0
0.0,27.6829,1.0,3.0,20.0,6085.7412,57.0,1.0,0.0,1.0,0.0,0.0,0.0,0.0,0.0,0.0,0.0,0.0,0.0
1.0,19.6699,1.0,1.0,20.0,22827.7481,63.0,0.0,0.0,1.0,0.0,0.0,0.0,0.0,0.0,0.0,0.0,0.0,0.0
0.0,43.1103,1.0,3.0,11.0,32822.4118,73.0,0.0,1.0,1.0,0.0,1.0,1.0,0.0,0.0,0.0,0.0,1.0,1.0
1.0,40.8184,1.0,2.0,22.0,5984.2327,70.0,0.0,1.0,1.0,0.0,1.0,1.0,0.0,1.0,0.0,1.0,1.0,1.0
1.0,14.533,1.0,3.0,2.0,39451.528,94.0,0.0,1.0,1.0,0.0,1.0,1.0,0.0,1.0,0.0,1.0,1.0,1.0
1.0,6.1776,1.0,2.0,7.0,28849.9803,79.0,1.0,0.0,1.0,0.0,0.0,1.0,0.0,1.0,1.0,1.0,1.0,1.0
1.0,15.5447,1.0,2.0,2.0,13201.3361,57.0,0.0,0.0,1.0,0.0,0.0,0.0,0.0,0.0,0.0,0.0,0.0,0.0
1.0,30.7072,1.0,2.0,23.0,6807.0097,41.0,0.0,1.0,1.0,0.0,1.0,1.0,0.0,1.0,0.0,1.0,1.0,1.0
1.0,49.8776,1.0,3.0,4.0,30975.0549,70.0,0.0,0.0,1.0,0.0,0.0,0.0,0.0,0.0,0.0,0.0,0.0,0.0
1.0,43.5021,1.0,2.0,16.0,18272.0682,87.0,1.0,1.0,1.0,1.0,1.0,1.0,1.0,1.0,1.0,1.0,1.0,1.0
1.0,13.1719,0.0,3.0,16.0,9062.5225,96.0,1.0,1.0,1.0,1.0,1.0,1.0,1.0,1.0,1.0,1.0,1.0,1.0
1.0,42.7618,0.0,2.0,10.0,11798.2913,20.0,1.0,1.0,1.0,1.0,1.0,1.0,1.0,1.0,1.0,1.0,1.0,1.0
0.0,19.9216,0.0,1.0,11.0,26037.6086,30.0,1.0,1.0,1.0,1.0,1.0,1.0,1.0,1.0,1.0,1.0,1.0,1.0
0.0,20.9278,1.0,1.0,2.0,37399.9782,99.0,1.0,0.0,1.0,0.0,0.0,1.0,0.0,1.0,1.0,1.0,1.0,1.0
0.0,18.9704,0.0,3.0,20.0,30504.1611,7.0,1.0,1.0,1.0,1.0,1.0,1.0,1.0,1.0,1.0,1.0,1.0,1.0
1.0,47.8794,0.0,2.0,0.0,6119.1494,52.0,1.0,1.0,1.0,1.0,1.0,1.0,1.0,1.0,1.0,1.0,1.0,1.0
0.0,34.7433,0.0,1.0,23.0,3046.7151,29.0,1.0,0.0,1.0,0.0,0.0,0.0,0.0,0.0,0.0,0.0,0.0,0.0
1.0,12.7063,1.0,1.0,16.0,31876.2958,5.0,1.0,1.0,1.0,1.0,1.0,1.0,1.0,1.0,1.0,1.0,1.0,1.0
1.0,38.3454,1.0,1.0,8.0,27285.1069,60.0,0.0,0.0,1.0,0.0,0.0,0.0,0.0,0.0,0.0,0.0,0.0,0.0
1.0,27.1148,0.0,2.0,9.0,18519.5045,57.0,0.0,1.0,1.0,0.0,1.0,1.0,0.0,1.0,0.0,1.0,1.0,1.0
1.0,11.1344,1.0,4.0,19.0,23802.5093,62.0,0.0,1.0,1.0,0.0,1.0,1.0,0.0,0.0,0.0,0.0,0.0,0.0
1.0,24.0932,1.0,4.0,15.0,8943.3159,15.0,0.0,1.0,1.0,0.0,1.0,1.0,0.0,0.0,0.0,0.0,1.0,1.0
1.0,48.1577,1.0,2.0,19.0,14009.637,15.0,1.0,0.0,1.0,0.0,0.0,0.0,0.0,0.0,0.0,0.0,0.0,0.0
0.0,35.356,1.0,4.0,5.0,7459.2056,8.0,0.0,0.0,1.0,0.0,0.0,1.0,0.0,1.0,0.0,1.0,1.0,1.0
1.0,9.6022,0.0,1.0,4.0,19176.6967,45.0,1.0,1.0,1.0,1.0,1.0,1.0,1.0,1.0,1.0,1.0,1.0,1.0
0.0,11.6573,0.0,3.0,14.0,7728.0213,65.0,0.0,1.0,1.0,0.0,1.0,1.0,0.0,1.0,0.0,1.0,1.0,1.0
1.0,5.7689,1.0,1.0,1.0,39112.8801,3.0,1.0,1.0,1.0,1.0,1.0,1.0,1.0,1.0,1.0,1.0,1.0,1.0
0.0,25.5036,1.0,2.0,15.0,22074.8956,47.0,0.0,1.0,1.0,0.0,1.0,1.0,0.0,1.0,0.0,1.0,1.0,1.0
0.0,21.9884,0.0,4.0,8.0,27075.499,99.0,1.0,1.0,1.0,1.0,1.0,1.0,1.0,1.0,1.0,1.0,1.0,1.0
1.0,17.8983,1.0,4.0,10.0,30791.4796,62.0,0.0,1.0,1.0,0.0,1.0,1.0,0.0,1.0,0.0,1.0,1.0,1.0
1.0,7.839,1.0,3.0,6.0,18074.6215,67.0,0.0,0.0,1.0,0.0,0.0,0.0,0.0,0.0,0.0,0.0,0.0,0.0
1.0,40.3907,1.0,4.0,14.0,5277.3463,91.0,1.0,0.0,1.0,0.0,0.0,1.0,0.0,1.0,1.0,1.0,1.0,1.0
0.0,20.7243,0.0,3.0,16.0,33518.9679,79.0,0.0,1.0,1.0,0.0,1.0,1.0,0.0,0.0,0.0,0.0,1.0,1.0
1.0,31.6095,0.0,4.0,15.0,19104.8877,51.0,1.0,1.0,1.0,1.0,1.0,1.0,1.0,1.0,1.0,1.0,1.0,1.0
1.0,22.9096,0.0,2.0,16.0,21945.4258,27.0,1.0,1.0,1.0,1.0,1.0,1.0,1.0,1.0,1.0,1.0,1.0,1.0
0.0,6.1448,0.0,3.0,14.0,17167.7965,97.0,1.0,1.0,1.0,1.0,1.0,1.0,1.0,1.0,1.0,1.0,1.0,1.0
1.0,12.6658,0.0,1.0,10.0,19620.6624,40.0,0.0,1.0,1.0,0.0,1.0,1.0,0.0,1.0,0.0,1.0,1.0,1.0
1.0,12.2416,0.0,3.0,2.0,12974.1452,13.0,0.0,1.0,1.0,0.0,1.0,1.0,0.0,0.0,0.0,0.0,0.0,1.0
1.0,34.0225,0.0,2.0,0.0,8102.3662,29.0,1.0,0.0,1.0,0.0,0.0,0.0,0.0,0.0,0.0,0.0,0.0,1.0
1.0,32.9428,1.0,1.0,20.0,32580.1212,33.0,0.0,1.0,1.0,0.0,1.0,1.0,0.0,0.0,0.0,0.0,0.0,1.0
0.0,30.7796,0.0,4.0,1.0,38121.0831,22.0,1.0,0.0,1.0,0.0,0.0,0.0,0.0,0.0,0.0,0.0,0.0,0.0
1.0,13.8953,0.0,3.0,0.0,5452.579,97.0,0.0,0.0,1.0,0.0,0.0,0.0,0.0,0.0,0.0,0.0,0.0,1.0
1.0,17.4737,1.0,3.0,19.0,28789.7008,27.0,1.0,0.0,1.0,0.0,0.0,1.0,0.0,1.0,1.0,1.0,1.0,1.0
0.0,41.4772,0.0,3.0,19.0,39054.7443,78.0,1.0,0.0,1.0,0.0,0.0,0.0,0.0,0.0,0.0,0.0,1.0,1.0
1.0,14.4433,0.0,2.0,4.0,15147.5543,88.0,1.0,0.0,1.0,0.0,0.0,0.0,0.0,0.0,0.0,0.0,0.0,0.0
1.0,48.4665,0.0,2.0,22.0,31523.2675,43.0,1.0,1.0,1.0,1.0,1.0,1.0,1.0,1.0,1.0,1.0,1.0,1.0
1.0,35.3736,1.0,1.0,4.0,31342.3667,15.0,0.0,0.0,1.0,0.0,0.0,0.0,0.0,0.0,0.0,0.0,0.0,1.0
0.0,41.9767,0.0,3.0,15.0,14654.1461,51.0,1.0,1.0,1.0,1.0,1.0,1.0,1.0,1.0,1.0,1.0,1.0,1.0
1.0,21.665,0.0,4.0,7.0,15715.3125,44.0,0.0,1.0,1.0,0.0,1.0,1.0,0.0,1.0,0.0,1.0,1.0,1.0
1.0,16.9072,0.0,2.0,19.0,38029.4488,90.0,1.0,1.0,1.0,1.0,1.0,1.0,1.0,1.0,1.0,1.0,1.0,1.0
0.0,6.8796,1.0,3.0,5.0,38583.6584,86.0,1.0,1.0,1.0,1.0,1.0,1.0,1.0,1.0,1.0,1.0,1.0,1.0
1.0,27.592,1.0,4.0,19.0,25854.9324,62.0,0.0,1.0,1.0,0.0,1.0,1.0,0.0,1.0,0.0,1.0,1.0,1.0
1.0,12.3619,0.0,2.0,5.0,4901.4487,78.0,1.0,0.0,1.0,0.0,0.0,1.0,0.0,1.0,1.0,1.0,1.0,1.0
0.0,48.7109,1.0,1.0,14.0,4877.4528,61.0,0.0,1.0,1.0,0.0,1.0,1.0,0.0,1.0,0.0,1.0,1.0,1.0
0.0,31.0253,0.0,2.0,16.0,4896.9478,51.0,1.0,1.0,1.0,1.0,1.0,1.0,1.0,1.0,1.0,1.0,1.0,1.0
0.0,24.4155,1.0,4.0,5.0,30001.2088,94.0,1.0,1.0,1.0,1.0,1.0,1.0,1.0,1.0,1.0,1.0,1.0,1.0
1.0,41.5665,1.0,4.0,11.0,10572.7286,7.0,0.0,1.0,1.0,0.0,1.0,1.0,0.0,1.0,0.0,1.0,1.0,1.0
0.0,26.2393,0.0,2.0,10.0,16050.898,65.0,1.0,0.0,1.0,0.0,0.0,0.0,0.0,0.0,0.0,0.0,0.0,0.0
1.0,19.6766,1.0,3.0,10.0,13034.9538,8.0,0.0,1.0,1.0,0.0,1.0,1.0,0.0,1.0,0.0,1.0,1.0,1.0
1.0,13.6093,0.0,2.0,16.0,33790.4561,73.0,1.0,0.0,1.0,0.0,0.0,0.0,0.0,0.0,0.0,0.0,0.0,1.0
0.0,41.3058,1.0,4.0,10.0,20092.0077,15.0,1.0,1.0,1.0,1.0,1.0,1.0,1.0,1.0,1.0,1.0,1.0,1.0
0.0,30.6294,0.0,4.0,22.0,19237.8627,24.0,1.0,1.0,1.0,1.0,1.0,1.0,1.0,1.0,1.0,1.0,1.0,1.0
1.0,47.7276,1.0,1.0,2.0,10478.9415,40.0,0.0,1.0,1.0,0.0,1.0,1.0,0.0,1.0,0.0,1.0,1.0,1.0
1.0,48.0042,1.0,2.0,22.0,36798.4236,34.0,0.0,1.0,1.0,0.0,1.0,1.0,0.0,1.0,0.0,1.0,1.0,1.0
0.0,30.3969,1.0,2.0,11.0,35851.6241,29.0,0.0,0.0,1.0,0.0,0.0,0.0,0.0,0.0,0.0,0.0,0.0,0.0
0.0,24.4791,1.0,2.0,13.0,16404.0877,2.0,0.0,1.0,1.0,0.0,1.0,1.0,0.0,1.0,0.0,1.0,1.0,1.0
0.0,33.3636,1.0,1.0,4.0,18404.5233,9.0,0.0,0.0,1.0,0.0,0.0,0.0,0.0,0.0,0.0,0.0,0.0,1.0
0.0,22.8861,1.0,1.0,14.0,24501.2208,10.0,1.0,1.0,1.0,1.0,1.0,1.0,1.0,1.0,1.0,1.0,1.0,1.0
1.0,28.0698,0.0,2.0,4.0,13531.5054,65.0,1.0,1.0,1.0,1.0,1.0,1.0,1.0,1.0,1.0,1.0,1.0,1.0
1.0,41.8296,1.0,3.0,1.0,19134.0668,67.0,1.0,1.0,1.0,1.0,1.0,1.0,1.0,1.0,1.0,1.0,1.0,1.0
1.0,7.0917,0.0,3.0,11.0,7038.0168,86.0,1.0,1.0,1.0,1.0,1.0,1.0,1.0,1.0,1.0,1.0,1.0,1.0
0.0,21.3134,0.0,3.0,14.0,22290.8111,2.0,0.0,0.0,1.0,0.0,0.0,0.0,0.0,0.0,0.0,0.0,0.0,1.0
1.0,18.292,0.0,4.0,14.0,33672.7888,70.0,1.0,1.0,1.0,1.0,1.0,1.0,1.0,1.0,1.0,1.0,1.0,1.0
1.0,14.3905,1.0,4.0,3.0,9075.3934,48.0,0.0,1.0,1.0,0.0,1.0,1.0,0.0,1.0,0.0,1.0,1.0,1.0
0.0,26.0006,0.0,2.0,4.0,5920.469,64.0,1.0,1.0,1.0,1.0,1.0,1.0,1.0,1.0,1.0,1.0,1.0,1.0
1.0,28.2152,1.0,3.0,22.0,1827.3521,94.0,1.0,1.0,1.0,1.0,1.0,1.0,1.0,1.0,1.0,1.0,1.0,1.0
0.0,15.8341,1.0,4.0,18.0,20546.6157,100.0,1.0,0.0,1.0,0.0,0.0,0.0,0.0,0.0,0.0,0.0,0.0,0.0
0.0,30.2349,1.0,2.0,18.0,2828.62,94.0,0.0,0.0,1.0,0.0,0.0,0.0,0.0,0.0,0.0,0.0,0.0,0.0
0.0,26.455,0.0,1.0,1.0,37680.2735,27.0,0.0,0.0,1.0,0.0,0.0,0.0,0.0,0.0,0.0,0.0,0.0,1.0
1.0,7.2797,1.0,1.0,22.0,28763.271,96.0,1.0,1.0,1.0,1.0,1.0,1.0,1.0,1.0,1.0,1.0,1.0,1.0
1.0,5.7369,1.0,3.0,19.0,16544.4713,15.0,0.0,1.0,1.0,0.0,1.0,1.0,0.0,0.0,0.0,0.0,0.0,1.0
0.0,17.6255,0.0,3.0,7.0,22164.4124,29.0,0.0,1.0,1.0,0.0,1.0,1.0,0.0,0.0,0.0,0.0,0.0,0.0
0.0,30.2159,0.0,1.0,5.0,8119.0927,99.0,1.0,0.0,1.0,0.0,0.0,1.0,0.0,1.0,1.0,1.0,1.0,1.0
1.0,12.0539,0.0,3.0,4.0,28173.458,65.0,1.0,1.0,1.0,1.0,1.0,1.0,1.0,1.0,1.0,1.0,1.0,1.0
0.0,26.124,1.0,3.0,17.0,31640.115,67.0,0.0,1.0,1.0,0.0,1.0,1.0,0.0,0.0,0.0,0.0,0.0,0.0
1.0,32.3124,1.0,4.0,14.0,13821.162,95.0,1.0,1.0,1.0,1.0,1.0,1.0,1.0,1.0,1.0,1.0,1.0,1.0
1.0,25.6709,1.0,3.0,0.0,8441.8741,91.0,1.0,1.0,1.0,1.0,1.0,1.0,1.0,1.0,1.0,1.0,1.0,1.0
1.0,36.6719,1.0,3.0,13.0,14575.1187,42.0,1.0,0.0,1.0,0.0,0.0,0.0,0.0,0.0,0.0,0.0,0.0,0.0
1.0,49.2879,1.0,2.0,1.0,24341.5422,13.0,0.0,1.0,1.0,0.0,1.0,1.0,0.0,0.0,0.0,0.0,0.0,0.0
1.0,20.9606,1.0,4.0,12.0,38293.3838,95.0,1.0,0.0,1.0,0.0,0.0,0.0,0.0,0.0,0.0,0.0,0.0,0.0
0.0,16.3916,0.0,2.0,3.0,12916.5213,28.0,0.0,1.0,1.0,0.0,1.0,1.0,0.0,1.0,0.0,1.0,1.0,1.0
0.0,14.9783,1.0,4.0,14.0,39323.6271,7.0,0.0,1.0,1.0,0.0,1.0,1.0,0.0,1.0,0.0,1.0,1.0,1.0
1.0,10.9236,1.0,1.0,9.0,17806.7175,96.0,1.0,1.0,1.0,1.0,1.0,1.0,1.0,1.0,1.0,1.0,1.0,1.0
1.0,40.6272,1.0,3.0,0.0,14789.3268,62.0,0.0,1.0,1.0,0.0,1.0,1.0,0.0,1.0,0.0,1.0,1.0,1.0
1.0,6.6547,1.0,2.0,12.0,14213.822,46.0,0.0,1.0,1.0,0.0,1.0,1.0,0.0,1.0,0.0,1.0,1.0,1.0
0.0,7.1887,1.0,2.0,22.0,9222.6515,41.0,0.0,1.0,1.0,0.0,1.0,1.0,0.0,1.0,0.0,1.0,1.0,1.0
0.0,9.7501,1.0,4.0,18.0,26398.8672,28.0,0.0,1.0,1.0,0.0,1.0,1.0,0.0,1.0,0.0,1.0,1.0,1.0
0.0,25.1332,0.0,3.0,1.0,10667.6282,26.0,0.0,1.0,1.0,0.0,1.0,1.0,0.0,1.0,0.0,1.0,1.0,1.0
1.0,30.0732,1.0,3.0,20.0,12933.1448,28.0,0.0,0.0,1.0,0.0,0.0,0.0,0.0,0.0,0.0,0.0,0.0,1.0
1.0,30.5152,0.0,4.0,8.0,28540.7639,16.0,1.0,1.0,1.0,1.0,1.0,1.0,1.0,1.0,1.0,1.0,1.0,1.0
1.0,13.6866,1.0,2.0,20.0,35626.3683,43.0,1.0,1.0,1.0,1.0,1.0,1.0,1.0,1.0,1.0,1.0,1.0,1.0
0.0,7.5299,0.0,3.0,14.0,22774.3617,43.0,1.0,0.0,1.0,0.0,0.0,0.0,0.0,0.0,0.0,0.0,1.0,1.0
0.0,15.9194,0.0,1.0,9.0,30138.5256,4.0,1.0,0.0,1.0,0.0,0.0,1.0,0.0,1.0,1.0,1.0,1.0,1.0
0.0,5.3409,1.0,1.0,4.0,20880.3957,77.0,1.0,1.0,1.0,1.0,1.0,1.0,1.0,1.0,1.0,1.0,1.0,1.0
1.0,8.9102,1.0,4.0,21.0,32823.2026,52.0,1.0,0.0,1.0,0.0,0.0,0.0,0.0,0.0,0.0,0.0,1.0,1.0
0.0,12.9465,0.0,1.0,12.0,34869.6254,19.0,0.0,1.0,1.0,0.0,1.0,1.0,0.0,1.0,0.0,1.0,1.0,1.0
0.0,16.5425,0.0,3.0,17.0,13200.7917,8.0,1.0,0.0,1.0,0.0,0.0,0.0,0.0,0.0,0.0,0.0,0.0,1.0
1.0,49.6834,1.0,3.0,3.0,2253.5525,96.0,1.0,1.0,1.0,1.0,1.0,1.0,1.0,1.0,1.0,1.0,1.0,1.0
1.0,26.657,0.0,2.0,13.0,23585.9263,85.0,1.0,0.0,1.0,0.0,0.0,0.0,0.0,0.0,0.0,0.0,0.0,1.0
0.0,14.7765,1.0,4.0,0.0,5306.8457,94.0,1.0,0.0,1.0,0.0,0.0,0.0,0.0,0.0,0.0,0.0,0.0,0.0
1.0,5.7096,0.0,2.0,6.0,8085.6615,42.0,1.0,0.0,1.0,0.0,0.0,1.0,0.0,1.0,1.0,1.0,1.0,1.0
0.0,21.7527,0.0,2.0,22.0,5817.4539,48.0,0.0,1.0,1.0,0.0,1.0,1.0,0.0,1.0,0.0,1.0,1.0,1.0
1.0,27.531,1.0,3.0,23.0,16468.5443,31.0,0.0,1.0,1.0,0.0,1.0,1.0,0.0,1.0,0.0,1.0,1.0,1.0
1.0,31.9167,0.0,3.0,13.0,9609.0412,3.0,0.0,0.0,1.0,0.0,0.0,0.0,0.0,0.0,0.0,0.0,0.0,1.0
0.0,49.6454,0.0,3.0,13.0,18785.0991,71.0,1.0,0.0,1.0,0.0,0.0,0.0,0.0,0.0,0.0,0.0,0.0,0.0
1.0,37.1414,1.0,4.0,6.0,2077.0506,54.0,1.0,0.0,1.0,0.0,0.0,0.0,0.0,0.0,0.0,0.0,0.0,0.0
0.0,41.0564,0.0,4.0,21.0,38774.8966,1.0,1.0,1.0,1.0,1.0,1.0,1.0,1.0,1.0,1.0,1.0,1.0,1.0
1.0,30.5924,1.0,4.0,11.0,25301.9856,84.0,1.0,1.0,1.0,1.0,1.0,1.0,1.0,1.0,1.0,1.0,1.0,1.0
0.0,6.2302,1.0,1.0,1.0,13707.1673,85.0,0.0,0.0,1.0,0.0,0.0,1.0,0.0,1.0,0.0,1.0,1.0,1.0
0.0,20.568,1.0,2.0,8.0,28739.7706,33.0,1.0,0.0,1.0,0.0,0.0,0.0,0.0,0.0,0.0,0.0,0.0,0.0
1.0,7.4414,1.0,4.0,16.0,23150.2535,35.0,0.0,1.0,1.0,0.0,1.0,1.0,0.0,1.0,0.0,1.0,1.0,1.0
0.0,38.2752,1.0,1.0,5.0,23386.6206,94.0,1.0,1.0,1.0,1.0,1.0,1.0,1.0,1.0,1.0,1.0,1.0,1.0
0.0,36.6549,1.0,4.0,2.0,16483.7314,6.0,1.0,1.0,1.0,1.0,1.0,1.0,1.0,1.0,1.0,1.0,1.0,1.0
0.0,39.0354,0.0,3.0,19.0,34012.7852,56.0,1.0,1.0,1.0,1.0,1.0,1.0,1.0,1.0,1.0,1.0,1.0,1.0
1.0,45.6535,0.0,1.0,11.0,16885.5066,65.0,0.0,1.0,1.0,0.0,1.0,1.0,0.0,0.0,0.0,0.0,0.0,0.0
0.0,28.358,0.0,1.0,14.0,5930.8487,65.0,1.0,0.0,1.0,0.0,0.0,0.0,0.0,0.0,0.0,0.0,0.0,0.0
0.0,9.6362,0.0,3.0,18.0,37481.9446,49.0,1.0,1.0,1.0,1.0,1.0,1.0,1.0,1.0,1.0,1.0,1.0,1.0
1.0,42.084,1.0,4.0,8.0,29831.1003,12.0,0.0,1.0,1.0,0.0,1.0,1.0,0.0,1.0,0.0,1.0,1.0,1.0
0.0,29.9339,1.0,1.0,23.0,23619.6975,63.0,1.0,0.0,1.0,0.0,0.0,0.0,0.0,0.0,0.0,0.0,0.0,1.0
1.0,35.4516,1.0,3.0,21.0,36395.7751,84.0,1.0,1.0,1.0,1.0,1.0,1.0,1.0,1.0,1.0,1.0,1.0,1.0
0.0,18.9479,1.0,4.0,7.0,22650.2955,100.0,0.0,0.0,1.0,0.0,0.0,0.0,0.0,0.0,0.0,0.0,0.0,0.0
1.0,15.3392,0.0,3.0,10.0,27597.7885,77.0,1.0,0.0,1.0,0.0,0.0,0.0,0.0,0.0,0.0,0.0,0.0,0.0
1.0,17.9645,1.0,2.0,3.0,36285.8526,67.0,1.0,1.0,1.0,1.0,1.0,1.0,1.0,1.0,1.0,1.0,1.0,1.0
0.0,35.9202,1.0,4.0,15.0,6261.6005,85.0,1.0,0.0,1.0,0.0,0.0,0.0,0.0,0.0,0.0,0.0,0.0,0.0
1.0,49.7127,0.0,1.0,23.0,35951.9466,88.0,0.0,1.0,1.0,0.0,1.0,1.0,0.0,1.0,0.0,1.0,1.0,1.0
1.0,41.968,0.0,3.0,17.0,2469.9579,60.0,1.0,0.0,1.0,0.0,0.0,1.0,0.0,1.0,1.0,1.0,1.0,1.0
1.0,49.0496,1.0,2.0,4.0,37197.7259,85.0,1.0,0.0,1.0,0.0,0.0,0.0,0.0,0.0,0.0,0.0,0.0,0.0
1.0,14.3719,1.0,3.0,21.0,10310.6797,75.0,0.0,0.0,1.0,0.0,0.0,0.0,0.0,0.0,0.0,0.0,0.0,0.0
1.0,32.5361,0.0,3.0,4.0,20627.5989,89.0,1.0,1.0,1.0,1.0,1.0,1.0,1.0,1.0,1.0,1.0,1.0,1.0
1.0,46.7038,0.0,1.0,12.0,6224.9425,38.0,1.0,1.0,1.0,1.0,1.0,1.0,1.0,1.0,1.0,1.0,1.0,1.0
1.0,8.0161,1.0,1.0,2.0,28667.7797,15.0,1.0,1.0,1.0,1.0,1.0,1.0,1.0,1.0,1.0,1.0,1.0,1.0
0.0,43.1279,0.0,4.0,21.0,23478.1604,8.0,1.0,1.0,1.0,1.0,1.0,1.0,1.0,1.0,1.0,1.0,1.0,1.0
1.0,29.4038,1.0,2.0,6.0,27678.3206,77.0,0.0,1.0,1.0,0.0,1.0,1.0,0.0,1.0,0.0,1.0,1.0,1.0
0.0,28.4058,0.0,4.0,0.0,28825.485,25.0,0.0,0.0,1.0,0.0,0.0,0.0,0.0,0.0,0.0,0.0,0.0,0.0
1.0,48.6178,0.0,1.0,20.0,11513.6204,32.0,1.0,1.0,1.0,1.0,1.0,1.0,1.0,1.0,1.0,1.0,1.0,1.0
0.0,24.9232,0.0,2.0,3.0,6266.5146,31.0,1.0,1.0,1.0,1.0,1.0,1.0,1.0,1.0,1.0,1.0,1.0,1.0
0.0,12.5367,0.0,4.0,5.0,25692.5078,15.0,1.0,0.0,1.0,0.0,0.0,0.0,0.0,0.0,0.0,0.0,0.0,1.0
0.0,49.5877,0.0,3.0,6.0,2322.7914,8.0,1.0,0.0,1.0,0.0,0.0,0.0,0.0,0.0,0.0,0.0,0.0,0.0
1.0,15.9752,0.0,2.0,11.0,31332.3942,7.0,1.0,1.0,1.0,1.0,1.0,1.0,1.0,1.0,1.0,1.0,1.0,1.0
1.0,6.0741,1.0,1.0,0.0,37380.7991,84.0,1.0,0.0,1.0,0.0,0.0,0.0,0.0,0.0,0.0,0.0,1.0,1.0
0.0,16.0159,1.0,4.0,1.0,34099.3423,34.0,0.0,0.0,1.0,0.0,0.0,1.0,0.0,1.0,0.0,1.0,1.0,1.0
1.0,24.6225,1.0,2.0,5.0,33697.1034,50.0,1.0,1.0,1.0,1.0,1.0,1.0,1.0,1.0,1.0,1.0,1.0,1.0
0.0,44.0916,1.0,3.0,13.0,23215.3461,45.0,0.0,1.0,1.0,0.0,1.0,1.0,0.0,1.0,0.0,1.0,1.0,1.0
0.0,32.3666,1.0,2.0,13.0,28928.3283,99.0,0.0,1.0,1.0,0.0,1.0,1.0,0.0,1.0,0.0,1.0,1.0,1.0
0.0,16.7373,1.0,2.0,22.0,24424.066,88.0,1.0,0.0,1.0,0.0,0.0,0.0,0.0,0.0,0.0,0.0,0.0,0.0
0.0,13.7306,0.0,4.0,19.0,33195.9389,3.0,0.0,1.0,1.0,0.0,1.0,1.0,0.0,1.0,0.0,1.0,1.0,1.0
0.0,6.0861,0.0,3.0,11.0,36834.8169,71.0,1.0,1.0,1.0,1.0,1.0,1.0,1.0,1.0,1.0,1.0,1.0,1.0
0.0,26.5823,0.0,3.0,8.0,32272.8278,22.0,1.0,1.0,1.0,1.0,1.0,1.0,1.0,1.0,1.0,1.0,1.0,1.0
1.0,48.2392,0.0,2.0,19.0,18152.5538,49.0,1.0,1.0,1.0,1.0,1.0,1.0,1.0,1.0,1.0,1.0,1.0,1.0
1.0,11.3678,0.0,3.0,11.0,6820.2715,78.0,1.0,1.0,1.0,1.0,1.0,1.0,1.0,1.0,1.0,1.0,1.0,1.0
1.0,36.8448,1.0,3.0,21.0,32978.7646,79.0,1.0,1.0,1.0,1.0,1.0,1.0,1.0,1.0,1.0,1.0,1.0,1.0
0.0,38.3665,0.0,1.0,9.0,32818.8886,92.0,1.0,1.0,1.0,1.0,1.0,1.0,1.0,1.0,1.0,1.0,1.0,1.0
1.0,46.0726,1.0,3.0,1.0,33192.5185,58.0,1.0,1.0,1.0,1.0,1.0,1.0,1.0,1.0,1.0,1.0,1.0,1.0
1.0,40.1237,0.0,1.0,11.0,34463.5503,39.0,0.0,1.0,1.0,0.0,1.0,1.0,0.0,1.0,0.0,1.0,1.0,1.0
0.0,5.8837,0.0,2.0,18.0,7096.7944,34.0,1.0,1.0,1.0,1.0,1.0,1.0,1.0,1.0,1.0,1.0,1.0,1.0
0.0,35.3476,0.0,2.0,6.0,36275.6425,4.0,1.0,1.0,1.0,1.0,1.0,1.0,1.0,1.0,1.0,1.0,1.0,1.0
0.0,43.5081,0.0,4.0,5.0,20641.0758,92.0,1.0,1.0,1.0,1.0,1.0,1.0,1.0,1.0,1.0,1.0,1.0,1.0
0.0,19.6034,1.0,3.0,4.0,32687.5435,92.0,1.0,1.0,1.0,1.0,1.0,1.0,1.0,1.0,1.0,1.0,1.0,1.0
1.0,29.496,0.0,4.0,8.0,22599.9695,45.0,0.0,1.0,1.0,0.0,1.0,1.0,0.0,1.0,0.0,1.0,1.0,1.0
1.0,12.1769,1.0,4.0,10.0,38205.0524,94.0,0.0,0.0,1.0,0.0,0.0,0.0,0.0,0.0,0.0,0.0,0.0,0.0
1.0,24.5187,1.0,1.0,12.0,14416.2322,67.0,1.0,1.0,1.0,1.0,1.0,1.0,1.0,1.0,1.0,1.0,1.0,1.0
0.0,16.2702,1.0,3.0,14.0,1546.8455,71.0,0.0,1.0,1.0,0.0,1.0,1.0,0.0,0.0,0.0,0.0,1.0,1.0
1.0,45.9417,1.0,1.0,13.0,9953.8772,7.0,0.0,0.0,1.0,0.0,0.0,0.0,0.0,0.0,0.0,0.0,0.0,1.0
1.0,41.8778,0.0,4.0,0.0,3999.0375,77.0,0.0,0.0,1.0,0.0,0.0,0.0,0.0,0.0,0.0,0.0,0.0,0.0
0.0,47.6881,1.0,2.0,2.0,2204.5374,49.0,1.0,1.0,1.0,1.0,1.0,1.0,1.0,1.0,1.0,1.0,1.0,1.0
0.0,17.1115,0.0,2.0,21.0,21391.4325,93.0,1.0,0.0,1.0,0.0,0.0,0.0,0.0,0.0,0.0,0.0,0.0,0.0
1.0,42.4985,1.0,1.0,6.0,30216.4924,27.0,1.0,1.0,1.0,1.0,1.0,1.0,1.0,1.0,1.0,1.0,1.0,1.0
1.0,36.2125,0.0,1.0,13.0,7591.3775,9.0,1.0,0.0,1.0,0.0,0.0,0.0,0.0,0.0,0.0,0.0,0.0,0.0
0.0,5.5001,1.0,2.0,10.0,34921.6582,1.0,0.0,1.0,1.0,0.0,1.0,1.0,0.0,0.0,0.0,0.0,0.0,0.0
0.0,20.6298,1.0,2.0,5.0,34944.4036,19.0,0.0,0.0,1.0,0.0,0.0,0.0,0.0,0.0,0.0,0.0,0.0,0.0
0.0,18.3199,0.0,1.0,13.0,15722.2371,33.0,1.0,0.0,1.0,0.0,0.0,0.0,0.0,0.0,0.0,0.0,1.0,1.0
1.0,42.7755,0.0,1.0,11.0,35448.2695,69.0,1.0,0.0,1.0,0.0,0.0,1.0,0.0,1.0,1.0,1.0,1.0,1.0
1.0,16.7087,1.0,4.0,7.0,38701.4751,23.0,0.0,1.0,1.0,0.0,1.0,1.0,0.0,1.0,0.0,1.0,1.0,1.0
1.0,49.2173,0.0,2.0,1.0,23647.3381,39.0,1.0,0.0,1.0,0.0,0.0,0.0,0.0,0.0,0.0,0.0,0.0,0.0
0.0,28.7581,0.0,3.0,1.0,16121.6952,100.0,1.0,1.0,1.0,1.0,1.0,1.0,1.0,1.0,1.0,1.0,1.0,1.0
1.0,30.874,1.0,2.0,18.0,15049.8788,18.0,0.0,0.0,1.0,0.0,0.0,0.0,0.0,0.0,0.0,0.0,0.0,0.0
1.0,34.7101,1.0,1.0,3.0,26232.35,53.0,0.0,1.0,1.0,0.0,1.0,1.0,0.0,1.0,0.0,1.0,1.0,1.0
0.0,15.4375,0.0,2.0,5.0,35105.1343,11.0,1.0,1.0,1.0,1.0,1.0,1.0,1.0,1.0,1.0,1.0,1.0,1.0
1.0,30.0478,1.0,2.0,13.0,34852.0744,60.0,0.0,0.0,1.0,0.0,0.0,0.0,0.0,0.0,0.0,0.0,0.0,1.0
0.0,7.2586,1.0,3.0,9.0,18961.1919,14.0,1.0,0.0,1.0,0.0,0.0,0.0,0.0,0.0,0.0,0.0,0.0,0.0
0.0,18.5468,1.0,3.0,16.0,24090.6815,68.0,0.0,1.0,1.0,0.0,1.0,1.0,0.0,1.0,0.0,1.0,1.0,1.0
1.0,29.9589,0.0,2.0,11.0,11915.4373,43.0,1.0,1.0,1.0,1.0,1.0,1.0,1.0,1.0,1.0,1.0,1.0,1.0
1.0,48.4183,0.0,3.0,16.0,33782.257,88.0,1.0,0.0,1.0,0.0,0.0,0.0,0.0,0.0,0.0,0.0,0.0,1.0
0.0,8.1465,1.0,3.0,3.0,23284.871,77.0,0.0,1.0,1.0,0.0,1.0,1.0,0.0,1.0,0.0,1.0,1.0,1.0
1.0,13.8167,1.0,1.0,9.0,17667.822,24.0,0.0,0.0,1.0,0.0,0.0,1.0,0.0,0.0,0.0,0.0,0.0,1.0
0.0,31.7457,0.0,2.0,14.0,34754.88,25.0,1.0,0.0,1.0,0.0,0.0,1.0,0.0,1.0,1.0,1.0,1.0,1.0
1.0,47.6523,0.0,1.0,10.0,35321.4187,73.0,0.0,1.0,1.0,0.0,1.0,1.0,0.0,1.0,0.0,1.0,1.0,1.0
1.0,33.3586,1.0,2.0,11.0,12923.5441,40.0,1.0,1.0,1.0,1.0,1.0,1.0,1.0,1.0,1.0,1.0,1.0,1.0
1.0,43.6137,1.0,2.0,14.0,37428.734,99.0,1.0,1.0,1.0,1.0,1.0,1.0,1.0,1.0,1.0,1.0,1.0,1.0
1.0,23.721,0.0,1.0,3.0,11807.1016,75.0,1.0,1.0,1.0,1.0,1.0,1.0,1.0,1.0,1.0,1.0,1.0,1.0
1.0,10.5079,0.0,4.0,15.0,2932.8795,12.0,1.0,1.0,1.0,1.0,1.0,1.0,1.0,1.0,1.0,1.0,1.0,1.0
1.0,23.7764,0.0,2.0,2.0,11701.0146,76.0,1.0,0.0,1.0,0.0,0.0,1.0,0.0,1.0,1.0,1.0,1.0,1.0
0.0,29.9821,0.0,1.0,2.0,9286.4268,77.0,1.0,1.0,1.0,1.0,1.0,1.0,1.0,1.0,1.0,1.0,1.0,1.0
1.0,29.1239,0.0,1.0,21.0,9281.3447,46.0,1.0,0.0,1.0,0.0,0.0,0.0,0.0,0.0,0.0,0.0,0.0,1.0
0.0,47.1501,1.0,1.0,5.0,1529.4925,40.0,0.0,0.0,1.0,0.0,0.0,0.0,0.0,0.0,0.0,0.0,0.0,0.0
1.0,18.9521,0.0,4.0,8.0,24294.6016,71.0,1.0,1.0,1.0,1.0,1.0,1.0,1.0,1.0,1.0,1.0,1.0,1.0
0.0,25.8829,0.0,4.0,17.0,20243.3745,82.0,0.0,1.0,1.0,0.0,1.0,1.0,0.0,1.0,0.0,1.0,1.0,1.0
1.0,9.0152,1.0,2.0,19.0,34569.2434,10.0,1.0,1.0,1.0,1.0,1.0,1.0,1.0,1.0,1.0,1.0,1.0,1.0
0.0,49.2487,1.0,3.0,23.0,15176.1532,96.0,1.0,1.0,1.0,1.0,1.0,1.0,1.0,1.0,1.0,1.0,1.0,1.0
1.0,8.8118,1.0,2.0,1.0,4353.9044,75.0,0.0,1.0,1.0,0.0,1.0,1.0,0.0,1.0,0.0,1.0,1.0,1.0
1.0,27.789,0.0,1.0,1.0,8709.5208,36.0,0.0,1.0,1.0,0.0,1.0,1.0,0.0,0.0,0.0,0.0,1.0,1.0
1.0,6.6157,0.0,3.0,6.0,30415.3107,100.0,1.0,0.0,1.0,0.0,0.0,0.0,0.0,0.0,0.0,0.0,0.0,1.0
1.0,12.1453,1.0,4.0,12.0,18810.3867,57.0,1.0,1.0,1.0,1.0,1.0,1.0,1.0,1.0,1.0,1.0,1.0,1.0
0.0,49.6675,0.0,1.0,8.0,2561.1082,5.0,0.0,0.0,1.0,0.0,0.0,1.0,0.0,1.0,0.0,1.0,1.0,1.0
1.0,38.364,0.0,1.0,13.0,17244.7658,72.0,1.0,1.0,1.0,1.0,1.0,1.0,1.0,1.0,1.0,1.0,1.0,1.0
1.0,19.4693,0.0,1.0,16.0,15348.5959,52.0,1.0,1.0,1.0,1.0,1.0,1.0,1.0,1.0,1.0,1.0,1.0,1.0
0.0,24.9663,0.0,4.0,21.0,13888.7444,54.0,1.0,1.0,1.0,1.0,1.0,1.0,1.0,1.0,1.0,1.0,1.0,1.0
0.0,48.6369,1.0,3.0,10.0,31094.2066,52.0,1.0,0.0,1.0,0.0,0.0,0.0,0.0,0.0,0.0,0.0,1.0,1.0
1.0,43.4039,0.0,4.0,22.0,33407.552,83.0,0.0,0.0,1.0,0.0,0.0,0.0,0.0,0.0,0.0,0.0,0.0,0.0
1.0,29.5501,1.0,4.0,23.0,17795.6657,86.0,0.0,0.0,1.0,0.0,0.0,1.0,0.0,0.0,0.0,0.0,1.0,1.0
0.0,35.1614,1.0,4.0,10.0,14700.4141,43.0,1.0,0.0,1.0,0.0,0.0,0.0,0.0,0.0,0.0,0.0,1.0,1.0
1.0,8.5512,1.0,4.0,21.0,22818.4405,73.0,0.0,0.0,1.0,0.0,0.0,0.0,0.0,0.0,0.0,0.0,0.0,0.0
1.0,36.9901,1.0,4.0,17.0,9162.6146,48.0,0.0,1.0,1.0,0.0,1.0,1.0,0.0,1.0,0.0,1.0,1.0,1.0
0.0,13.2962,0.0,1.0,1.0,7943.0597,94.0,1.0,1.0,1.0,1.0,1.0,1.0,1.0,1.0,1.0,1.0,1.0,1.0
0.0,12.8307,1.0,1.0,18.0,11268.282,53.0,1.0,0.0,1.0,0.0,0.0,0.0,0.0,0.0,0.0,0.0,0.0,0.0
0.0,15.9033,1.0,3.0,9.0,24615.3854,75.0,1.0,0.0,1.0,0.0,0.0,1.0,0.0,1.0,1.0,1.0,1.0,1.0
0.0,17.684,0.0,2.0,8.0,2395.3401,69.0,1.0,0.0,1.0,0.0,0.0,0.0,0.0,0.0,0.0,0.0,0.0,0.0
0.0,33.479,0.0,2.0,23.0,28393.0189,75.0,1.0,1.0,1.0,1.0,1.0,1.0,1.0,1.0,1.0,1.0,1.0,1.0
1.0,15.2071,0.0,3.0,16.0,38714.1138,6.0,1.0,1.0,1.0,1.0,1.0,1.0,1.0,1.0,1.0,1.0,1.0,1.0
0.0,47.8482,0.0,1.0,5.0,31024.1201,55.0,1.0,1.0,1.0,1.0,1.0,1.0,1.0,1.0,1.0,1.0,1.0,1.0
0.0,26.9466,0.0,1.0,3.0,23856.7782,48.0,1.0,1.0,1.0,1.0,1.0,1.0,1.0,1.0,1.0,1.0,1.0,1.0
0.0,25.6466,1.0,2.0,23.0,33419.561,51.0,1.0,1.0,1.0,1.0,1.0,1.0,1.0,1.0,1.0,1.0,1.0,1.0
0.0,43.4787,0.0,1.0,6.0,22332.7963,85.0,1.0,0.0,1.0,0.0,0.0,0.0,0.0,0.0,0.0,0.0,0.0,1.0
1.0,28.3262,1.0,4.0,16.0,9538.6614,14.0,0.0,1.0,1.0,0.0,1.0,1.0,0.0,1.0,0.0,1.0,1.0,1.0
0.0,44.8509,1.0,2.0,6.0,4855.3299,67.0,0.0,0.0,1.0,0.0,0.0,0.0,0.0,0.0,0.0,0.0,0.0,0.0
1.0,24.8233,0.0,2.0,6.0,23139.0068,71.0,1.0,1.0,1.0,1.0,1.0,1.0,1.0,1.0,1.0,1.0,1.0,1.0
1.0,37.5902,1.0,2.0,16.0,9261.7212,71.0,1.0,1.0,1.0,1.0,1.0,1.0,1.0,1.0,1.0,1.0,1.0,1.0
1.0,18.8973,0.0,3.0,8.0,17791.235,66.0,1.0,1.0,1.0,1.0,1.0,1.0,1.0,1.0,1.0,1.0,1.0,1.0
0.0,40.5291,0.0,4.0,11.0,17468.3977,7.0,0.0,1.0,1.0,0.0,1.0,1.0,0.0,0.0,0.0,0.0,0.0,0.0
1.0,20.5585,0.0,4.0,20.0,20456.1931,88.0,0.0,1.0,1.0,0.0,1.0,1.0,0.0,1.0,0.0,1.0,1.0,1.0
1.0,8.5664,0.0,4.0,9.0,21562.7836,70.0,1.0,1.0,1.0,1.0,1.0,1.0,1.0,1.0,1.0,1.0,1.0,1.0
1.0,9.5816,0.0,4.0,9.0,32183.4491,75.0,1.0,1.0,1.0,1.0,1.0,1.0,1.0,1.0,1.0,1.0,1.0,1.0
1.0,37.1568,1.0,4.0,12.0,7520.0547,19.0,0.0,0.0,1.0,0.0,0.0,0.0,0.0,0.0,0.0,0.0,0.0,0.0
1.0,49.62,1.0,4.0,7.0,19804.8607,77.0,0.0,1.0,1.0,0.0,1.0,1.0,0.0,0.0,0.0,0.0,1.0,1.0
0.0,7.1303,0.0,1.0,7.0,32190.9698,26.0,1.0,1.0,1.0,1.0,1.0,1.0,1.0,1.0,1.0,1.0,1.0,1.0
0.0,49.6799,0.0,3.0,5.0,29812.2109,81.0,1.0,1.0,1.0,1.0,1.0,1.0,1.0,1.0,1.0,1.0,1.0,1.0
1.0,38.4581,1.0,4.0,18.0,17348.376,45.0,0.0,1.0,1.0,0.0,1.0,1.0,0.0,1.0,0.0,1.0,1.0,1.0
0.0,42.4607,0.0,3.0,22.0,16383.1277,77.0,0.0,1.0,1.0,0.0,1.0,1.0,0.0,0.0,0.0,0.0,1.0,1.0
1.0,34.3038,1.0,3.0,7.0,35993.5781,31.0,1.0,1.0,1.0,1.0,1.0,1.0,1.0,1.0,1.0,1.0,1.0,1.0
1.0,9.7975,1.0,4.0,7.0,13587.2906,97.0,1.0,0.0,1.0,0.0,0.0,1.0,0.0,1.0,1.0,1.0,1.0,1.0
1.0,19.6592,1.0,4.0,6.0,10292.1458,31.0,0.0,1.0,1.0,0.0,1.0,1.0,0.0,0.0,0.0,0.0,1.0,1.0
0.0,39.002,0.0,2.0,14.0,34271.4458,45.0,0.0,1.0,1.0,0.0,1.0,1.0,0.0,1.0,0.0,1.0,1.0,1.0
1.0,24.783,1.0,1.0,21.0,4780.5007,22.0,1.0,0.0,1.0,0.0,0.0,0.0,0.0,0.0,0.0,0.0,0.0,0.0
0.0,23.9745,1.0,3.0,13.0,5233.8419,75.0,0.0,1.0,1.0,0.0,1.0,1.0,0.0,0.0,0.0,0.0,0.0,1.0
0.0,5.26,1.0,4.0,2.0,11457.9394,4.0,1.0,1.0,1.0,1.0,1.0,1.0,1.0,1.0,1.0,1.0,1.0,1.0
1.0,12.6083,1.0,2.0,8.0,34919.052,9.0,1.0,1.0,1.0,1.0,1.0,1.0,1.0,1.0,1.0,1.0,1.0,1.0
1.0,33.5718,1.0,4.0,22.0,8887.7062,99.0,1.0,1.0,1.0,1.0,1.0,1.0,1.0,1.0,1.0,1.0,1.0,1.0
1.0,14.7685,1.0,3.0,10.0,8700.2758,29.0,0.0,0.0,1.0,0.0,0.0,0.0,0.0,0.0,0.0,0.0,0.0,0.0
0.0,42.9929,1.0,1.0,4.0,13840.1932,94.0,1.0,1.0,1.0,1.0,1.0,1.0,1.0,1.0,1.0,1.0,1.0,1.0
1.0,24.6661,0.0,1.0,19.0,3006.6359,18.0,1.0,0.0,1.0,0.0,0.0,0.0,0.0,0.0,0.0,0.0,0.0,0.0
0.0,11.7306,1.0,3.0,6.0,2520.8307,90.0,0.0,1.0,1.0,0.0,1.0,1.0,0.0,0.0,0.0,0.0,0.0,0.0
0.0,10.8868,1.0,3.0,23.0,11638.7598,78.0,1.0,0.0,1.0,0.0,0.0,0.0,0.0,0.0,0.0,0.0,0.0,0.0
0.0,23.6791,0.0,2.0,13.0,6573.2127,6.0,1.0,1.0,1.0,1.0,1.0,1.0,1.0,1.0,1.0,1.0,1.0,1.0
1.0,24.7126,1.0,2.0,15.0,27864.3336,58.0,0.0,0.0,1.0,0.0,0.0,0.0,0.0,0.0,0.0,0.0,0.0,0.0
0.0,23.259,1.0,4.0,12.0,17864.4279,53.0,1.0,0.0,1.0,0.0,0.0,0.0,0.0,0.0,0.0,0.0,1.0,1.0
0.0,22.3916,0.0,3.0,2.0,20149.7125,12.0,1.0,1.0,1.0,1.0,1.0,1.0,1.0,1.0,1.0,1.0,1.0,1.0
0.0,34.248,1.0,1.0,19.0,5929.6356,23.0,1.0,1.0,1.0,1.0,1.0,1.0,1.0,1.0,1.0,1.0,1.0,1.0
0.0,15.9645,1.0,2.0,8.0,17471.454,17.0,0.0,1.0,1.0,0.0,1.0,1.0,0.0,1.0,0.0,1.0,1.0,1.0
0.0,10.4516,1.0,2.0,1.0,3468.3453,84.0,1.0,1.0,1.0,1.0,1.0,1.0,1.0,1.0,1.0,1.0,1.0,1.0
0.0,41.867,0.0,2.0,12.0,11153.2321,55.0,1.0,1.0,1.0,1.0,1.0,1.0,1.0,1.0,1.0,1.0,1.0,1.0
1.0,31.5316,1.0,3.0,0.0,17370.4226,50.0,1.0,1.0,1.0,1.0,1.0,1.0,1.0,1.0,1.0,1.0,1.0,1.0
0.0,12.7393,0.0,1.0,7.0,29299.9003,69.0,1.0,1.0,1.0,1.0,1.0,1.0,1.0,1.0,1.0,1.0,1.0,1.0
0.0,26.5513,1.0,3.0,12.0,22997.8444,54.0,0.0,1.0,0.0,0.0,0.0,1.0,0.0,0.0,0.0,1.0,1.0,1.0
0.0,26.9061,1.0,1.0,10.0,2126.0745,99.0,1.0,0.0,1.0,0.0,0.0,0.0,0.0,0.0,0.0,0.0,0.0,1.0
1.0,14.4309,1.0,1.0,4.0,8282.0437,62.0,1.0,0.0,1.0,0.0,0.0,0.0,0.0,0.0,0.0,0.0,0.0,1.0
0.0,26.5404,0.0,3.0,23.0,35341.3249,61.0,1.0,1.0,1.0,1.0,1.0,1.0,1.0,1.0,1.0,1.0,1.0,1.0
0.0,23.0475,0.0,4.0,14.0,7077.1265,65.0,1.0,0.0,1.0,0.0,0.0,0.0,0.0,0.0,0.0,0.0,0.0,0.0
1.0,8.5982,0.0,4.0,22.0,25772.223,96.0,1.0,1.0,1.0,1.0,1.0,1.0,1.0,1.0,1.0,1.0,1.0,1.0
1.0,39.9363,0.0,4.0,22.0,15871.516,36.0,1.0,1.0,1.0,1.0,1.0,1.0,1.0,1.0,1.0,1.0,1.0,1.0
0.0,14.5702,0.0,3.0,4.0,4601.4863,24.0,1.0,0.0,1.0,0.0,0.0,0.0,0.0,0.0,0.0,0.0,0.0,0.0
1.0,31.4329,0.0,4.0,2.0,32945.3799,36.0,0.0,1.0,1.0,0.0,1.0,1.0,0.0,1.0,0.0,1.0,1.0,1.0
0.0,13.0535,1.0,1.0,0.0,17644.689,57.0,1.0,1.0,1.0,1.0,1.0,1.0,1.0,1.0,1.0,1.0,1.0,1.0
1.0,17.3383,1.0,2.0,6.0,27322.6838,70.0,1.0,0.0,1.0,0.0,0.0,0.0,0.0,0.0,0.0,0.0,0.0,0.0
1.0,14.5214,0.0,2.0,3.0,36188.5958,33.0,1.0,1.0,1.0,1.0,1.0,1.0,1.0,1.0,1.0,1.0,1.0,1.0
0.0,36.1544,0.0,3.0,3.0,5822.7576,58.0,1.0,1.0,1.0,1.0,1.0,1.0,1.0,1.0,1.0,1.0,1.0,1.0
0.0,46.57,1.0,3.0,4.0,20692.4808,36.0,1.0,1.0,1.0,1.0,1.0,1.0,1.0,1.0,1.0,1.0,1.0,1.0
1.0,35.0679,1.0,4.0,1.0,18294.0545,33.0,0.0,1.0,1.0,0.0,1.0,1.0,0.0,0.0,0.0,0.0,1.0,1.0
1.0,12.0698,0.0,1.0,22.0,12336.8201,80.0,1.0,1.0,1.0,1.0,1.0,1.0,1.0,1.0,1.0,1.0,1.0,1.0
1.0,34.4188,1.0,1.0,8.0,35000.1594,31.0,0.0,1.0,1.0,0.0,1.0,1.0,0.0,1.0,0.0,1.0,1.0,1.0
0.0,7.0032,1.0,2.0,21.0,9896.7008,1.0,0.0,1.0,1.0,0.0,1.0,1.0,0.0,1.0,0.0,1.0,1.0,1.0
0.0,24.9997,0.0,3.0,15.0,10343.4767,42.0,0.0,0.0,1.0,0.0,0.0,0.0,0.0,0.0,0.0,0.0,0.0,0.0
0.0,28.1738,1.0,2.0,15.0,34702.5627,78.0,0.0,1.0,1.0,0.0,1.0,1.0,0.0,0.0,0.0,0.0,1.0,1.0
1.0,38.4352,0.0,2.0,8.0,26399.6002,14.0,0.0,1.0,1.0,0.0,1.0,1.0,0.0,0.0,0.0,0.0,0.0,0.0
0.0,13.1562,0.0,1.0,13.0,2360.2281,59.0,0.0,0.0,1.0,0.0,0.0,1.0,0.0,0.0,0.0,0.0,1.0,1.0
0.0,44.5503,0.0,2.0,16.0,23609.1406,94.0,1.0,1.0,1.0,1.0,1.0,1.0,1.0,1.0,1.0,1.0,1.0,1.0
1.0,29.8652,1.0,2.0,3.0,25490.8653,31.0,0.0,1.0,1.0,0.0,1.0,1.0,0.0,1.0,0.0,1.0,1.0,1.0
0.0,20.6519,0.0,3.0,20.0,31580.4036,13.0,1.0,0.0,1.0,0.0,0.0,1.0,0.0,1.0,1.0,1.0,1.0,1.0
1.0,45.9548,0.0,2.0,7.0,10153.7066,15.0,1.0,1.0,1.0,1.0,1.0,1.0,1.0,1.0,1.0,1.0,1.0,1.0
1.0,5.9852,1.0,4.0,14.0,37455.9244,82.0,1.0,0.0,1.0,0.0,0.0,0.0,0.0,0.0,0.0,0.0,0.0,1.0
0.0,44.2624,0.0,2.0,15.0,8142.8364,3.0,1.0,0.0,1.0,0.0,0.0,0.0,0.0,0.0,0.0,0.0,0.0,0.0
0.0,19.3256,0.0,1.0,5.0,9299.0607,37.0,0.0,1.0,1.0,0.0,1.0,1.0,0.0,1.0,0.0,1.0,1.0,1.0
1.0,23.6743,0.0,3.0,1.0,2191.8539,27.0,1.0,1.0,1.0,1.0,1.0,1.0,1.0,1.0,1.0,1.0,1.0,1.0
0.0,20.1557,1.0,3.0,23.0,12736.1225,46.0,0.0,0.0,1.0,0.0,0.0,0.0,0.0,0.0,0.0,0.0,0.0,0.0
1.0,8.7312,0.0,3.0,3.0,9364.7842,33.0,0.0,1.0,1.0,0.0,1.0,1.0,0.0,0.0,0.0,0.0,0.0,0.0
1.0,9.2106,1.0,2.0,19.0,1851.5539,52.0,0.0,1.0,1.0,0.0,1.0,1.0,0.0,1.0,0.0,1.0,1.0,1.0
1.0,25.7766,0.0,1.0,21.0,32538.7651,95.0,1.0,0.0,1.0,0.0,0.0,0.0,0.0,0.0,0.0,0.0,0.0,0.0
1.0,33.4119,1.0,3.0,10.0,7621.5804,74.0,0.0,1.0,1.0,0.0,1.0,1.0,0.0,1.0,0.0,1.0,1.0,1.0
0.0,40.9406,0.0,3.0,23.0,11855.2936,64.0,0.0,0.0,1.0,0.0,0.0,0.0,0.0,0.0,0.0,0.0,1.0,1.0
0.0,41.4681,1.0,1.0,22.0,19130.2318,97.0,1.0,1.0,1.0,1.0,1.0,1.0,1.0,1.0,1.0,1.0,1.0,1.0
1.0,24.7217,1.0,4.0,22.0,11391.6678,71.0,0.0,1.0,1.0,0.0,1.0,1.0,0.0,1.0,0.0,1.0,1.0,1.0
0.0,14.6497,1.0,2.0,19.0,14849.2315,90.0,0.0,1.0,1.0,0.0,1.0,1.0,0.0,1.0,0.0,1.0,1.0,1.0
0.0,27.4203,0.0,2.0,16.0,19145.2017,68.0,0.0,1.0,1.0,0.0,1.0,1.0,0.0,1.0,0.0,1.0,1.0,1.0
1.0,40.417,0.0,4.0,6.0,20399.8644,49.0,1.0,1.0,1.0,1.0,1.0,1.0,1.0,1.0,1.0,1.0,1.0,1.0
1.0,38.4989,0.0,1.0,16.0,1461.2811,53.0,1.0,0.0,1.0,0.0,0.0,1.0,0.0,1.0,1.0,1.0,1.0,1.0
0.0,13.8537,1.0,4.0,7.0,14561.5437,68.0,1.0,0.0,1.0,0.0,0.0,0.0,0.0,0.0,0.0,0.0,0.0,1.0
0.0,37.5734,1.0,3.0,22.0,17491.3083,17.0,1.0,1.0,1.0,1.0,1.0,1.0,1.0,1.0,1.0,1.0,1.0,1.0
0.0,21.2628,1.0,2.0,16.0,31059.2537,74.0,1.0,1.0,1.0,1.0,1.0,1.0,1.0,1.0,1.0,1.0,1.0,1.0
1.0,28.7706,0.0,2.0,8.0,23943.7301,40.0,1.0,1.0,1.0,1.0,1.0,1.0,1.0,1.0,1.0,1.0,1.0,1.0
0.0,43.9673,1.0,3.0,13.0,9404.0122,36.0,0.0,1.0,1.0,0.0,1.0,1.0,0.0,1.0,0.0,1.0,1.0,1.0
1.0,9.8559,0.0,4.0,22.0,35989.6489,18.0,1.0,1.0,1.0,1.0,1.0,1.0,1.0,1.0,1.0,1.0,1.0,1.0
0.0,20.0664,0.0,2.0,12.0,18293.5558,97.0,1.0,1.0,1.0,1.0,1.0,1.0,1.0,1.0,1.0,1.0,1.0,1.0
0.0,31.0689,0.0,1.0,16.0,25664.5203,65.0,0.0,1.0,1.0,0.0,1.0,1.0,0.0,0.0,0.0,0.0,0.0,1.0
0.0,42.6753,0.0,2.0,7.0,21362.9266,33.0,1.0,1.0,1.0,1.0,1.0,1.0,1.0,1.0,1.0,1.0,1.0,1.0
1.0,46.4191,0.0,4.0,6.0,12065.2408,16.0,1.0,1.0,1.0,1.0,1.0,1.0,1.0,1.0,1.0,1.0,1.0,1.0
0.0,7.8934,0.0,2.0,14.0,1748.0154,45.0,1.0,1.0,1.0,1.0,1.0,1.0,1.0,1.0,1.0,1.0,1.0,1.0
0.0,49.9358,1.0,3.0,21.0,36471.0612,76.0,0.0,0.0,1.0,0.0,0.0,0.0,0.0,0.0,0.0,0.0,0.0,1.0
0.0,37.4856,0.0,1.0,10.0,29457.8962,21.0,1.0,1.0,1.0,1.0,1.0,1.0,1.0,1.0,1.0,1.0,1.0,1.0
1.0,15.3846,0.0,1.0,21.0,16618.7398,20.0,1.0,1.0,1.0,1.0,1.0,1.0,1.0,1.0,1.0,1.0,1.0,1.0
0.0,9.432,0.0,3.0,20.0,34335.9075,76.0,0.0,1.0,1.0,0.0,1.0,1.0,0.0,1.0,0.0,1.0,1.0,1.0
1.0,37.0166,1.0,1.0,17.0,26339.6768,95.0,1.0,1.0,1.0,1.0,1.0,1.0,1.0,1.0,1.0,1.0,1.0,1.0
0.0,35.9772,0.0,4.0,5.0,34787.4618,22.0,1.0,1.0,1.0,1.0,1.0,1.0,1.0,1.0,1.0,1.0,1.0,1.0
0.0,44.7519,0.0,4.0,20.0,11548.0608,14.0,1.0,1.0,1.0,1.0,1.0,1.0,1.0,1.0,1.0,1.0,1.0,1.0
1.0,10.8755,0.0,1.0,9.0,9910.7973,15.0,1.0,1.0,1.0,1.0,1.0,1.0,1.0,1.0,1.0,1.0,1.0,1.0
1.0,16.9272,0.0,1.0,20.0,18420.2471,99.0,1.0,1.0,1.0,1.0,1.0,1.0,1.0,1.0,1.0,1.0,1.0,1.0
0.0,49.3928,1.0,3.0,7.0,35764.5913,46.0,0.0,1.0,1.0,0.0,1.0,1.0,0.0,0.0,0.0,0.0,1.0,1.0
0.0,42.9084,0.0,1.0,23.0,21908.3455,73.0,1.0,1.0,1.0,1.0,1.0,1.0,1.0,1.0,1.0,1.0,1.0,1.0
1.0,43.1692,1.0,4.0,16.0,30468.9887,65.0,0.0,1.0,1.0,0.0,1.0,1.0,0.0,1.0,0.0,1.0,1.0,1.0
0.0,22.7495,0.0,1.0,12.0,33633.126,81.0,0.0,0.0,1.0,0.0,0.0,0.0,0.0,0.0,0.0,0.0,0.0,0.0
1.0,30.6372,1.0,2.0,11.0,8804.2599,96.0,1.0,1.0,1.0,1.0,1.0,1.0,1.0,1.0,1.0,1.0,1.0,1.0
0.0,21.3914,1.0,2.0,13.0,6679.2657,29.0,1.0,0.0,1.0,0.0,0.0,0.0,0.0,0.0,0.0,0.0,1.0,1.0
1.0,11.7492,0.0,1.0,21.0,6449.8423,44.0,1.0,1.0,1.0,1.0,1.0,1.0,1.0,1.0,1.0,1.0,1.0,1.0
1.0,27.436,0.0,4.0,16.0,10701.9326,75.0,1.0,0.0,1.0,0.0,0.0,0.0,0.0,0.0,0.0,0.0,0.0,0.0
0.0,38.6454,0.0,2.0,22.0,38517.9829,89.0,0.0,1.0,1.0,0.0,1.0,1.0,0.0,1.0,0.0,1.0,1.0,1.0
0.0,21.0397,1.0,2.0,13.0,33543.8042,41.0,0.0,0.0,1.0,0.0,0.0,1.0,0.0,1.0,0.0,1.0,1.0,1.0
0.0,47.5949,1.0,3.0,3.0,39298.8704,11.0,1.0,1.0,1.0,1.0,1.0,1.0,1.0,1.0,1.0,1.0,1.0,1.0
1.0,44.4437,0.0,3.0,7.0,3977.873,89.0,1.0,0.0,1.0,0.0,0.0,0.0,0.0,0.0,0.0,0.0,0.0,0.0
1.0,33.519,0.0,2.0,14.0,26161.2968,48.0,0.0,1.0,1.0,0.0,1.0,1.0,0.0,1.0,0.0,1.0,1.0,1.0
0.0,10.1291,0.0,3.0,9.0,1720.4036,46.0,0.0,1.0,1.0,0.0,1.0,1.0,0.0,0.0,0.0,0.0,0.0,0.0
1.0,24.9561,1.0,3.0,14.0,18727.9217,22.0,0.0,1.0,1.0,0.0,1.0,1.0,0.0,0.0,0.0,0.0,0.0,0.0
0.0,12.3651,1.0,2.0,19.0,3169.7958,55.0,0.0,1.0,1.0,0.0,1.0,1.0,0.0,1.0,0.0,1.0,1.0,1.0
1.0,5.0476,0.0,2.0,5.0,24705.1664,67.0,1.0,1.0,1.0,1.0,1.0,1.0,1.0,1.0,1.0,1.0,1.0,1.0
0.0,38.4056,0.0,3.0,19.0,9818.075,65.0,1.0,1.0,1.0,1.0,1.0,1.0,1.0,1.0,1.0,1.0,1.0,1.0
1.0,40.278,0.0,4.0,17.0,8457.2732,6.0,1.0,0.0,1.0,0.0,0.0,0.0,0.0,0.0,0.0,0.0,0.0,0.0
1.0,24.6888,1.0,4.0,19.0,3900.4721,13.0,0.0,0.0,1.0,0.0,0.0,0.0,0.0,0.0,0.0,0.0,0.0,0.0
0.0,5.6223,0.0,1.0,22.0,28537.4112,50.0,1.0,1.0,1.0,1.0,1.0,1.0,1.0,1.0,1.0,1.0,1.0,1.0
0.0,47.1405,0.0,1.0,19.0,12897.3525,96.0,1.0,0.0,1.0,0.0,0.0,1.0,0.0,1.0,1.0,1.0,1.0,1.0
0.0,24.6871,1.0,1.0,19.0,15695.0886,75.0,0.0,1.0,1.0,0.0,1.0,1.0,0.0,1.0,0.0,1.0,1.0,1.0
1.0,23.9265,0.0,3.0,2.0,17945.049,69.0,0.0,1.0,1.0,0.0,1.0,1.0,0.0,1.0,0.0,1.0,1.0,1.0
0.0,35.9841,0.0,1.0,22.0,36367.3189,43.0,1.0,0.0,1.0,0.0,0.0,0.0,0.0,0.0,0.0,0.0,0.0,0.0
1.0,31.6855,0.0,2.0,14.0,36331.6771,65.0,0.0,1.0,1.0,0.0,1.0,1.0,0.0,1.0,0.0,1.0,1.0,1.0
0.0,41.8691,1.0,1.0,21.0,16997.7011,67.0,1.0,1.0,1.0,1.0,1.0,1.0,1.0,1.0,1.0,1.0,1.0,1.0
0.0,34.8452,0.0,2.0,22.0,15409.0774,34.0,1.0,1.0,1.0,1.0,1.0,1.0,1.0,1.0,1.0,1.0,1.0,1.0
0.0,19.0401,1.0,4.0,20.0,39139.334,13.0,0.0,1.0,1.0,0.0,1.0,1.0,0.0,0.0,0.0,0.0,1.0,1.0
1.0,42.0153,1.0,1.0,19.0,11014.4944,21.0,0.0,1.0,1.0,0.0,1.0,1.0,0.0,1.0,0.0,1.0,1.0,1.0
1.0,45.9434,0.0,2.0,4.0,19391.4468,68.0,1.0,1.0,1.0,1.0,1.0,1.0,1.0,1.0,1.0,1.0,1.0,1.0
1.0,43.0061,1.0,2.0,5.0,20416.8647,57.0,0.0,1.0,1.0,0.0,1.0,1.0,0.0,1.0,0.0,1.0,1.0,1.0
0.0,25.4898,1.0,1.0,11.0,37468.3182,15.0,0.0,1.0,1.0,0.0,1.0,1.0,0.0,1.0,0.0,1.0,1.0,1.0
1.0,5.3432,0.0,4.0,18.0,20302.2791,67.0,0.0,1.0,1.0,0.0,1.0,1.0,0.0,0.0,0.0,0.0,1.0,1.0
1.0,45.5129,1.0,4.0,2.0,28229.0772,96.0,1.0,0.0,1.0,0.0,0.0,1.0,0.0,1.0,1.0,1.0,1.0,1.0
1.0,47.2341,0.0,1.0,21.0,11515.5605,99.0,1.0,0.0,1.0,0.0,0.0,0.0,0.0,0.0,0.0,0.0,1.0,1.0
1.0,25.4367,0.0,3.0,16.0,23071.6373,15.0,1.0,1.0,1.0,1.0,1.0,1.0,1.0,1.0,1.0,1.0,1.0,1.0
1.0,24.8423,0.0,4.0,22.0,25881.8143,31.0,0.0,1.0,1.0,0.0,1.0,1.0,0.0,1.0,0.0,1.0,1.0,1.0
0.0,31.6963,0.0,3.0,18.0,11428.3983,71.0,1.0,1.0,1.0,1.0,1.0,1.0,1.0,1.0,1.0,1.0,1.0,1.0
0.0,11.698,0.0,1.0,5.0,24087.8247,38.0,1.0,1.0,1.0,1.0,1.0,1.0,1.0,1.0,1.0,1.0,1.0,1.0
1.0,36.8781,0.0,3.0,6.0,16851.7942,14.0,1.0,1.0,1.0,1.0,1.0,1.0,1.0,1.0,1.0,1.0,1.0,1.0
1.0,30.2559,1.0,1.0,18.0,18953.9137,81.0,1.0,1.0,1.0,1.0,1.0,1.0,1.0,1.0,1.0,1.0,1.0,1.0
1.0,23.7348,1.0,2.0,13.0,34258.7557,57.0,1.0,1.0,1.0,1.0,1.0,1.0,1.0,1.0,1.0,1.0,1.0,1.0
0.0,13.3055,0.0,1.0,18.0,34834.5972,77.0,1.0,1.0,1.0,1.0,1.0,1.0,1.0,1.0,1.0,1.0,1.0,1.0
1.0,11.6537,1.0,1.0,12.0,11863.3248,99.0,1.0,0.0,1.0,0.0,0.0,0.0,0.0,0.0,0.0,0.0,1.0,1.0
0.0,18.6576,0.0,4.0,9.0,35434.4805,96.0,1.0,1.0,1.0,1.0,1.0,1.0,1.0,1.0,1.0,1.0,1.0,1.0
1.0,28.0784,0.0,3.0,2.0,23803.2407,53.0,0.0,1.0,1.0,0.0,1.0,1.0,0.0,0.0,0.0,0.0,1.0,1.0
0.0,8.2977,1.0,3.0,14.0,39863.9632,93.0,1.0,1.0,1.0,1.0,1.0,1.0,1.0,1.0,1.0,1.0,1.0,1.0
1.0,45.323,1.0,3.0,17.0,38961.1295,53.0,0.0,1.0,1.0,0.0,1.0,1.0,0.0,0.0,0.0,0.0,1.0,1.0
0.0,49.7097,1.0,1.0,9.0,29615.6651,22.0,1.0,1.0,1.0,1.0,1.0,1.0,1.0,1.0,1.0,1.0,1.0,1.0
0.0,7.3417,1.0,2.0,11.0,16584.5428,21.0,0.0,0.0,1.0,0.0,0.0,0.0,0.0,0.0,0.0,0.0,0.0,1.0
1.0,42.8613,1.0,3.0,1.0,34575.0112,14.0,1.0,1.0,1.0,1.0,1.0,1.0,1.0,1.0,1.0,1.0,1.0,1.0
0.0,44.6854,1.0,1.0,19.0,2536.3356,42.0,1.0,1.0,1.0,1.0,1.0,1.0,1.0,1.0,1.0,1.0,1.0,1.0
0.0,15.9546,0.0,4.0,17.0,12764.9166,96.0,1.0,1.0,1.0,1.0,1.0,1.0,1.0,1.0,1.0,1.0,1.0,1.0
0.0,22.4866,1.0,4.0,20.0,14238.3025,3.0,0.0,0.0,1.0,0.0,0.0,1.0,0.0,1.0,0.0,1.0,1.0,1.0
0.0,23.3104,0.0,3.0,23.0,2932.2053,64.0,1.0,1.0,1.0,1.0,1.0,1.0,1.0,1.0,1.0,1.0,1.0,1.0
1.0,38.5822,0.0,2.0,13.0,31347.6343,84.0,1.0,1.0,1.0,1.0,1.0,1.0,1.0,1.0,1.0,1.0,1.0,1.0
1.0,12.1735,1.0,1.0,4.0,4479.6608,9.0,0.0,1.0,1.0,0.0,1.0,1.0,0.0,1.0,0.0,1.0,1.0,1.0
1.0,38.7279,1.0,1.0,15.0,19710.1234,62.0,1.0,1.0,1.0,1.0,1.0,1.0,1.0,1.0,1.0,1.0,1.0,1.0
1.0,18.4387,0.0,3.0,4.0,22701.6935,58.0,1.0,1.0,1.0,1.0,1.0,1.0,1.0,1.0,1.0,1.0,1.0,1.0
1.0,42.4699,1.0,2.0,8.0,21521.4535,36.0,1.0,0.0,1.0,0.0,0.0,0.0,0.0,0.0,0.0,0.0,0.0,0.0
1.0,15.2991,1.0,2.0,16.0,27806.9602,12.0,0.0,1.0,1.0,0.0,1.0,1.0,0.0,1.0,0.0,1.0,1.0,1.0
1.0,45.7261,1.0,1.0,16.0,23992.5892,77.0,1.0,1.0,1.0,1.0,1.0,1.0,1.0,1.0,1.0,1.0,1.0,1.0
1.0,13.3163,0.0,3.0,15.0,24044.3717,25.0,1.0,1.0,1.0,1.0,1.0,1.0,1.0,1.0,1.0,1.0,1.0,1.0
0.0,18.656,1.0,3.0,18.0,18808.4486,17.0,0.0,1.0,1.0,0.0,1.0,1.0,0.0,1.0,0.0,1.0,1.0,1.0
1.0,23.3273,0.0,2.0,23.0,31898.8813,50.0,1.0,0.0,1.0,0.0,0.0,0.0,0.0,0.0,0.0,0.0,0.0,1.0
1.0,18.4543,0.0,3.0,5.0,1464.3833,98.0,1.0,0.0,1.0,0.0,0.0,0.0,0.0,0.0,0.0,0.0,0.0,0.0
1.0,26.8775,0.0,4.0,11.0,35762.5818,13.0,1.0,1.0,1.0,1.0,1.0,1.0,1.0,1.0,1.0,1.0,1.0,1.0
1.0,25.5687,1.0,2.0,10.0,17714.2685,83.0,1.0,1.0,1.0,1.0,1.0,1.0,1.0,1.0,1.0,1.0,1.0,1.0
1.0,45.8618,1.0,1.0,17.0,3928.4465,92.0,1.0,1.0,1.0,1.0,1.0,1.0,1.0,1.0,1.0,1.0,1.0,1.0
1.0,49.0022,1.0,4.0,10.0,26401.0937,78.0,0.0,1.0,1.0,0.0,1.0,1.0,0.0,1.0,0.0,1.0,1.0,1.0
0.0,48.7196,1.0,1.0,16.0,14182.5711,58.0,1.0,1.0,1.0,1.0,1.0,1.0,1.0,1.0,1.0,1.0,1.0,1.0
0.0,5.342,0.0,2.0,20.0,25650.1393,41.0,0.0,1.0,1.0,0.0,1.0,1.0,0.0,0.0,0.0,0.0,0.0,1.0
1.0,5.4491,0.0,3.0,8.0,27460.4737,46.0,1.0,1.0,1.0,1.0,1.0,1.0,1.0,1.0,1.0,1.0,1.0,1.0
0.0,21.3562,1.0,4.0,15.0,27186.3872,93.0,0.0,1.0,1.0,0.0,1.0,1.0,0.0,0.0,0.0,0.0,0.0,1.0
1.0,21.878,0.0,3.0,9.0,24308.4814,44.0,1.0,1.0,1.0,1.0,1.0,1.0,1.0,1.0,1.0,1.0,1.0,1.0
1.0,8.8333,1.0,1.0,8.0,31014.5348,80.0,0.0,1.0,1.0,0.0,1.0,1.0,0.0,0.0,0.0,0.0,0.0,1.0
1.0,31.6325,1.0,4.0,19.0,9421.4381,36.0,1.0,0.0,1.0,0.0,0.0,1.0,0.0,1.0,1.0,1.0,1.0,1.0
1.0,47.7816,0.0,3.0,10.0,34506.5357,14.0,0.0,1.0,1.0,0.0,1.0,1.0,0.0,1.0,0.0,1.0,1.0,1.0
0.0,28.6084,1.0,1.0,7.0,29891.6626,21.0,1.0,1.0,1.0,1.0,1.0,1.0,1.0,1.0,1.0,1.0,1.0,1.0
0.0,17.87,1.0,1.0,0.0,28445.4008,57.0,0.0,1.0,1.0,0.0,1.0,1.0,0.0,1.0,0.0,1.0,1.0,1.0
0.0,47.1091,0.0,2.0,17.0,34731.9392,76.0,1.0,0.0,1.0,0.0,0.0,0.0,0.0,0.0,0.0,0.0,0.0,1.0
0.0,6.8499,0.0,4.0,18.0,24065.3181,44.0,1.0,1.0,1.0,1.0,1.0,1.0,1.0,1.0,1.0,1.0,1.0,1.0
0.0,17.0754,0.0,4.0,6.0,27992.8798,71.0,1.0,1.0,1.0,1.0,1.0,1.0,1.0,1.0,1.0,1.0,1.0,1.0
0.0,29.6495,0.0,3.0,10.0,33051.3147,55.0,1.0,1.0,1.0,1.0,1.0,1.0,1.0,1.0,1.0,1.0,1.0,1.0
1.0,11.6212,0.0,1.0,3.0,30350.2311,95.0,0.0,1.0,1.0,0.0,1.0,1.0,0.0,1.0,0.0,1.0,1.0,1.0
0.0,26.4468,0.0,2.0,9.0,25122.5093,73.0,1.0,1.0,1.0,1.0,1.0,1.0,1.0,1.0,1.0,1.0,1.0,1.0
1.0,22.3422,1.0,3.0,10.0,5284.5202,3.0,1.0,1.0,1.0,1.0,1.0,1.0,1.0,1.0,1.0,1.0,1.0,1.0
0.0,20.8679,1.0,1.0,22.0,4793.0878,4.0,1.0,0.0,1.0,0.0,0.0,0.0,0.0,0.0,0.0,0.0,0.0,0.0
1.0,11.5944,0.0,2.0,11.0,37017.9592,65.0,1.0,1.0,1.0,1.0,1.0,1.0,1.0,1.0,1.0,1.0,1.0,1.0
0.0,28.277,1.0,1.0,12.0,4307.4157,57.0,0.0,1.0,1.0,0.0,1.0,1.0,0.0,1.0,0.0,1.0,1.0,1.0
1.0,22.3097,0.0,4.0,14.0,20432.7766,47.0,1.0,0.0,1.0,0.0,0.0,0.0,0.0,0.0,0.0,0.0,0.0,0.0
0.0,38.4012,0.0,2.0,11.0,19249.8904,25.0,0.0,1.0,1.0,0.0,1.0,1.0,0.0,1.0,0.0,1.0,1.0,1.0
1.0,5.0546,0.0,4.0,22.0,18172.9862,14.0,1.0,1.0,1.0,1.0,1.0,1.0,1.0,1.0,1.0,1.0,1.0,1.0
0.0,20.3609,1.0,3.0,14.0,10649.7982,46.0,1.0,1.0,1.0,1.0,1.0,1.0,1.0,1.0,1.0,1.0,1.0,1.0
1.0,13.3488,1.0,1.0,6.0,37498.0076,87.0,0.0,1.0,1.0,0.0,1.0,1.0,0.0,1.0,0.0,1.0,1.0,1.0
1.0,19.8996,0.0,2.0,22.0,38547.4011,40.0,1.0,1.0,1.0,1.0,1.0,1.0,1.0,1.0,1.0,1.0,1.0,1.0
1.0,36.1895,1.0,4.0,12.0,33810.3378,93.0,1.0,1.0,1.0,1.0,1.0,1.0,1.0,1.0,1.0,1.0,1.0,1.0
0.0,13.0936,0.0,4.0,8.0,11148.805,43.0,1.0,1.0,1.0,1.0,1.0,1.0,1.0,1.0,1.0,1.0,1.0,1.0
0.0,28.8576,1.0,3.0,2.0,26677.0629,80.0,0.0,1.0,1.0,0.0,1.0,1.0,0.0,1.0,0.0,1.0,1.0,1.0
0.0,14.6737,1.0,2.0,7.0,25673.0006,51.0,0.0,1.0,1.0,0.0,1.0,1.0,0.0,1.0,0.0,1.0,1.0,1.0
1.0,46.5801,0.0,3.0,10.0,24766.491,10.0,1.0,1.0,1.0,1.0,1.0,1.0,1.0,1.0,1.0,1.0,1.0,1.0
0.0,5.9795,1.0,1.0,4.0,18757.5726,68.0,1.0,1.0,1.0,1.0,1.0,1.0,1.0,1.0,1.0,1.0,1.0,1.0
1.0,31.2526,0.0,4.0,23.0,22763.6047,60.0,1.0,1.0,1.0,1.0,1.0,1.0,1.0,1.0,1.0,1.0,1.0,1.0
0.0,21.5798,0.0,2.0,5.0,26905.5113,3.0,1.0,1.0,1.0,1.0,1.0,1.0,1.0,1.0,1.0,1.0,1.0,1.0
0.0,10.6514,0.0,1.0,12.0,18822.7259,53.0,1.0,1.0,1.0,1.0,1.0,1.0,1.0,1.0,1.0,1.0,1.0,1.0
0.0,32.8671,1.0,3.0,23.0,17208.9682,12.0,0.0,1.0,1.0,0.0,1.0,1.0,0.0,1.0,0.0,1.0,1.0,1.0
1.0,45.1019,1.0,2.0,7.0,23523.3918,75.0,0.0,1.0,1.0,0.0,1.0,1.0,0.0,1.0,0.0,1.0,1.0,1.0
0.0,16.1426,1.0,2.0,12.0,3812.7606,51.0,1.0,1.0,1.0,1.0,1.0,1.0,1.0,1.0,1.0,1.0,1.0,1.0
0.0,28.8261,0.0,1.0,8.0,18507.5347,79.0,1.0,1.0,1.0,1.0,1.0,1.0,1.0,1.0,1.0,1.0,1.0,1.0
0.0,20.1628,1.0,2.0,3.0,38762.2901,50.0,0.0,1.0,1.0,0.0,1.0,1.0,0.0,0.0,0.0,0.0,0.0,1.0
0.0,35.9357,0.0,1.0,1.0,22844.1386,9.0,0.0,1.0,1.0,0.0,1.0,1.0,0.0,1.0,0.0,1.0,1.0,1.0
0.0,21.6787,0.0,2.0,4.0,30206.2876,76.0,1.0,0.0,1.0,0.0,0.0,0.0,0.0,0.0,0.0,0.0,0.0,0.0
0.0,25.4082,0.0,3.0,6.0,29611.7177,25.0,1.0,1.0,1.0,1.0,1.0,1.0,1.0,1.0,1.0,1.0,1.0,1.0
0.0,35.1613,0.0,3.0,14.0,21920.7022,39.0,0.0,0.0,1.0,0.0,0.0,0.0,0.0,0.0,0.0,0.0,0.0,0.0
0.0,18.3162,0.0,3.0,16.0,20058.6187,78.0,1.0,1.0,1.0,1.0,1.0,1.0,1.0,1.0,1.0,1.0,1.0,1.0
0.0,23.865,0.0,4.0,8.0,19749.042,26.0,1.0,1.0,1.0,1.0,1.0,1.0,1.0,1.0,1.0,1.0,1.0,1.0
0.0,21.2861,0.0,2.0,15.0,37738.6364,87.0,1.0,1.0,1.0,1.0,1.0,1.0,1.0,1.0,1.0,1.0,1.0,1.0
0.0,28.3089,1.0,3.0,9.0,5524.4813,6.0,0.0,0.0,1.0,0.0,0.0,1.0,0.0,1.0,0.0,1.0,1.0,1.0
0.0,6.9492,1.0,2.0,2.0,17501.0412,86.0,1.0,1.0,1.0,1.0,1.0,1.0,1.0,1.0,1.0,1.0,1.0,1.0
1.0,23.682,0.0,2.0,6.0,10579.4612,97.0,1.0,0.0,1.0,0.0,0.0,0.0,0.0,0.0,0.0,0.0,0.0,0.0
0.0,41.0833,0.0,1.0,15.0,6834.802,83.0,0.0,1.0,1.0,0.0,1.0,1.0,0.0,1.0,0.0,1.0,1.0,1.0
1.0,31.0566,0.0,4.0,7.0,3466.3752,63.0,1.0,1.0,1.0,1.0,1.0,1.0,1.0,1.0,1.0,1.0,1.0,1.0
1.0,7.1095,1.0,2.0,19.0,1762.8973,1.0,1.0,1.0,1.0,1.0,1.0,1.0,1.0,1.0,1.0,1.0,1.0,1.0
0.0,6.6843,0.0,2.0,17.0,27172.7192,37.0,1.0,1.0,1.0,1.0,1.0,1.0,1.0,1.0,1.0,1.0,1.0,1.0
1.0,11.1412,0.0,2.0,11.0,19124.0148,23.0,1.0,0.0,1.0,0.0,0.0,0.0,0.0,0.0,0.0,0.0,0.0,0.0
0.0,13.6303,1.0,3.0,11.0,29424.8326,79.0,0.0,1.0,1.0,0.0,1.0,1.0,0.0,1.0,0.0,1.0,1.0,1.0
1.0,34.8334,1.0,2.0,23.0,23369.3622,21.0,0.0,1.0,1.0,0.0,1.0,1.0,0.0,1.0,0.0,1.0,1.0,1.0
0.0,25.7457,0.0,1.0,4.0,32526.7697,20.0,1.0,0.0,1.0,0.0,0.0,0.0,0.0,0.0,0.0,0.0,0.0,0.0
1.0,37.8047,1.0,1.0,0.0,11706.6631,64.0,1.0,1.0,1.0,1.0,1.0,1.0,1.0,1.0,1.0,1.0,1.0,1.0
0.0,33.2839,0.0,3.0,7.0,16213.1957,62.0,1.0,1.0,1.0,1.0,1.0,1.0,1.0,1.0,1.0,1.0,1.0,1.0
0.0,12.0288,1.0,1.0,15.0,34548.7745,13.0,1.0,1.0,1.0,1.0,1.0,1.0,1.0,1.0,1.0,1.0,1.0,1.0
1.0,47.774,1.0,4.0,13.0,32295.1556,22.0,0.0,1.0,1.0,0.0,1.0,1.0,0.0,1.0,0.0,1.0,1.0,1.0
0.0,33.7387,0.0,4.0,7.0,37135.2063,96.0,0.0,0.0,1.0,0.0,0.0,0.0,0.0,0.0,0.0,0.0,0.0,0.0
0.0,13.1335,1.0,2.0,1.0,6831.7632,41.0,0.0,1.0,1.0,0.0,1.0,1.0,0.0,1.0,0.0,1.0,1.0,1.0
1.0,19.9936,0.0,3.0,12.0,5595.0042,38.0,0.0,1.0,1.0,0.0,1.0,1.0,0.0,1.0,0.0,1.0,1.0,1.0
0.0,46.388,0.0,1.0,2.0,4862.9786,93.0,1.0,1.0,1.0,1.0,1.0,1.0,1.0,1.0,1.0,1.0,1.0,1.0
0.0,47.3729,0.0,4.0,0.0,3123.2453,28.0,0.0,1.0,1.0,0.0,1.0,1.0,0.0,1.0,0.0,1.0,1.0,1.0
0.0,19.1538,1.0,4.0,22.0,38448.8771,33.0,1.0,1.0,1.0,1.0,1.0,1.0,1.0,1.0,1.0,1.0,1.0,1.0
1.0,25.482,1.0,1.0,20.0,39009.1441,78.0,0.0,1.0,1.0,0.0,1.0,1.0,0.0,1.0,0.0,1.0,1.0,1.0
1.0,11.1067,0.0,4.0,11.0,3267.1183,37.0,1.0,1.0,1.0,1.0,1.0,1.0,1.0,1.0,1.0,1.0,1.0,1.0
1.0,19.808,0.0,4.0,12.0,1621.2199,26.0,1.0,1.0,1.0,1.0,1.0,1.0,1.0,1.0,1.0,1.0,1.0,1.0
0.0,16.4777,1.0,3.0,15.0,35298.9149,11.0,0.0,1.0,1.0,0.0,1.0,1.0,0.0,1.0,0.0,1.0,1.0,1.0
0.0,43.6632,0.0,1.0,10.0,33256.2462,92.0,1.0,1.0,1.0,1.0,1.0,1.0,1.0,1.0,1.0,1.0,1.0,1.0
1.0,24.9196,0.0,1.0,17.0,27089.3376,74.0,1.0,1.0,1.0,1.0,1.0,1.0,1.0,1.0,1.0,1.0,1.0,1.0
1.0,20.3489,0.0,1.0,5.0,22676.504,4.0,1.0,1.0,1.0,1.0,1.0,1.0,1.0,1.0,1.0,1.0,1.0,1.0
1.0,46.9556,1.0,4.0,23.0,16757.4498,20.0,1.0,1.0,1.0,1.0,1.0,1.0,1.0,1.0,1.0,1.0,1.0,1.0
1.0,13.3352,0.0,2.0,4.0,3348.7427,83.0,1.0,0.0,1.0,0.0,0.0,0.0,0.0,0.0,0.0,0.0,0.0,1.0
1.0,14.5331,1.0,3.0,0.0,25468.5064,45.0,0.0,1.0,1.0,0.0,1.0,1.0,0.0,1.0,0.0,1.0,1.0,1.0
1.0,47.7755,0.0,4.0,4.0,35012.8232,96.0,1.0,0.0,1.0,0.0,0.0,0.0,0.0,0.0,0.0,0.0,0.0,0.0
1.0,11.6474,0.0,3.0,23.0,27941.9349,31.0,1.0,1.0,1.0,1.0,1.0,1.0,1.0,1.0,1.0,1.0,1.0,1.0
1.0,20.049,1.0,4.0,0.0,38098.0543,88.0,0.0,0.0,1.0,0.0,0.0,0.0,0.0,0.0,0.0,0.0,0.0,0.0
1.0,9.4085,1.0,3.0,10.0,34525.7113,54.0,1.0,1.0,1.0,1.0,1.0,1.0,1.0,1.0,1.0,1.0,1.0,1.0
1.0,33.0938,0.0,3.0,4.0,34251.3211,87.0,1.0,1.0,1.0,1.0,1.0,1.0,1.0,1.0,1.0,1.0,1.0,1.0
0.0,28.0027,1.0,2.0,4.0,6435.3656,36.0,1.0,1.0,1.0,1.0,1.0,1.0,1.0,1.0,1.0,1.0,1.0,1.0
0.0,37.27,0.0,2.0,9.0,32294.8067,75.0,1.0,1.0,1.0,1.0,1.0,1.0,1.0,1.0,1.0,1.0,1.0,1.0
0.0,31.4264,0.0,3.0,22.0,38505.0921,92.0,1.0,1.0,1.0,1.0,1.0,1.0,1.0,1.0,1.0,1.0,1.0,1.0
0.0,31.2458,0.0,2.0,18.0,8519.3606,82.0,0.0,1.0,1.0,0.0,1.0,1.0,0.0,1.0,0.0,1.0,1.0,1.0
1.0,30.4022,0.0,4.0,3.0,6769.5589,16.0,1.0,1.0,1.0,1.0,1.0,1.0,1.0,1.0,1.0,1.0,1.0,1.0
0.0,14.4917,0.0,2.0,15.0,2355.4081,53.0,1.0,1.0,1.0,1.0,1.0,1.0,1.0,1.0,1.0,1.0,1.0,1.0
0.0,48.0146,0.0,2.0,13.0,33755.7244,83.0,0.0,1.0,1.0,0.0,1.0,1.0,0.0,0.0,0.0,0.0,1.0,1.0
0.0,29.6768,1.0,4.0,14.0,32422.1262,34.0,0.0,1.0,1.0,0.0,1.0,1.0,0.0,1.0,0.0,1.0,1.0,1.0
0.0,38.9448,0.0,1.0,2.0,20653.575,23.0,1.0,1.0,1.0,1.0,1.0,1.0,1.0,1.0,1.0,1.0,1.0,1.0
0.0,38.4681,1.0,4.0,6.0,14296.3553,67.0,1.0,0.0,1.0,0.0,0.0,1.0,0.0,1.0,1.0,1.0,1.0,1.0
1.0,36.1341,1.0,2.0,11.0,38680.7961,97.0,1.0,1.0,1.0,1.0,1.0,1.0,1.0,1.0,1.0,1.0,1.0,1.0
0.0,27.628,0.0,2.0,6.0,29642.7845,63.0,1.0,1.0,1.0,1.0,1.0,1.0,1.0,1.0,1.0,1.0,1.0,1.0
0.0,49.6592,0.0,1.0,1.0,18165.0007,18.0,1.0,0.0,1.0,0.0,0.0,0.0,0.0,0.0,0.0,0.0,1.0,1.0
0.0,24.114,0.0,2.0,20.0,26749.3379,6.0,1.0,1.0,1.0,1.0,1.0,1.0,1.0,1.0,1.0,1.0,1.0,1.0
0.0,45.502,1.0,4.0,11.0,20116.9398,26.0,1.0,1.0,1.0,1.0,1.0,1.0,1.0,1.0,1.0,1.0,1.0,1.0
1.0,10.0468,0.0,2.0,20.0,32933.5797,36.0,1.0,1.0,1.0,1.0,1.0,1.0,1.0,1.0,1.0,1.0,1.0,1.0
1.0,39.875,0.0,4.0,2.0,17985.7872,69.0,1.0,0.0,1.0,0.0,0.0,0.0,0.0,0.0,0.0,0.0,0.0,0.0
1.0,47.9443,1.0,4.0,15.0,34054.16,87.0,1.0,1.0,1.0,1.0,1.0,1.0,1.0,1.0,1.0,1.0,1.0,1.0
1.0,25.4002,0.0,1.0,1.0,17598.0414,54.0,1.0,1.0,1.0,1.0,1.0,1.0,1.0,1.0,1.0,1.0,1.0,1.0
0.0,25.7257,1.0,3.0,15.0,4448.633,43.0,0.0,1.0,1.0,0.0,1.0,1.0,0.0,1.0,0.0,1.0,1.0,1.0
0.0,29.6489,0.0,1.0,0.0,5270.5716,4.0,0.0,1.0,1.0,0.0,1.0,1.0,0.0,1.0,0.0,1.0,1.0,1.0
1.0,13.4501,0.0,1.0,6.0,6919.8215,37.0,1.0,1.0,1.0,1.0,1.0,1.0,1.0,1.0,1.0,1.0,1.0,1.0
0.0,40.6045,1.0,1.0,2.0,2437.5866,24.0,0.0,1.0,1.0,0.0,1.0,1.0,0.0,1.0,0.0,1.0,1.0,1.0
1.0,42.9967,0.0,1.0,9.0,23962.2743,23.0,1.0,0.0,1.0,0.0,0.0,0.0,0.0,0.0,0.0,0.0,0.0,1.0
0.0,35.6821,0.0,1.0,18.0,1784.0208,19.0,1.0,0.0,1.0,0.0,0.0,0.0,0.0,0.0,0.0,0.0,0.0,0.0
0.0,24.7711,0.0,2.0,5.0,39428.1536,3.0,1.0,0.0,1.0,0.0,0.0,1.0,0.0,1.0,1.0,1.0,1.0,1.0
1.0,46.9008,1.0,4.0,4.0,25053.617,28.0,0.0,1.0,1.0,0.0,1.0,1.0,0.0,1.0,0.0,1.0,1.0,1.0
0.0,8.8271,1.0,2.0,22.0,15221.9012,93.0,1.0,1.0,1.0,1.0,1.0,1.0,1.0,1.0,1.0,1.0,1.0,1.0
1.0,8.7826,0.0,2.0,3.0,5006.3755,70.0,1.0,1.0,1.0,1.0,1.0,1.0,1.0,1.0,1.0,1.0,1.0,1.0
1.0,36.6369,1.0,1.0,21.0,20179.6158,17.0,0.0,1.0,1.0,0.0,1.0,1.0,0.0,1.0,0.0,1.0,1.0,1.0
0.0,10.9542,0.0,1.0,5.0,11263.5242,77.0,1.0,1.0,1.0,1.0,1.0,1.0,1.0,1.0,1.0,1.0,1.0,1.0
0.0,5.6572,1.0,1.0,17.0,33852.2731,15.0,1.0,0.0,1.0,0.0,0.0,0.0,0.0,0.0,0.0,0.0,0.0,0.0
1.0,26.3062,1.0,2.0,3.0,17946.5149,41.0,1.0,1.0,1.0,1.0,1.0,1.0,1.0,1.0,1.0,1.0,1.0,1.0
0.0,45.9845,1.0,4.0,2.0,33777.7904,5.0,1.0,1.0,1.0,1.0,1.0,1.0,1.0,1.0,1.0,1.0,1.0,1.0
0.0,39.0057,0.0,1.0,0.0,11039.3571,15.0,1.0,1.0,1.0,1.0,1.0,1.0,1.0,1.0,1.0,1.0,1.0,1.0
1.0,11.5396,1.0,1.0,14.0,31948.6164,32.0,0.0,1.0,1.0,0.0,1.0,1.0,0.0,0.0,0.0,0.0,1.0,1.0
0.0,27.0857,0.0,4.0,22.0,15822.6233,25.0,1.0,0.0,1.0,0.0,0.0,1.0,0.0,1.0,1.0,1.0,1.0,1.0
1.0,19.9822,1.0,1.0,5.0,22278.202,52.0,0.0,1.0,1.0,0.0,1.0,1.0,0.0,1.0,0.0,1.0,1.0,1.0
0.0,37.1825,1.0,3.0,15.0,16172.7117,44.0,0.0,0.0,1.0,0.0,0.0,1.0,0.0,1.0,0.0,1.0,1.0,1.0
1.0,21.3246,1.0,1.0,14.0,32286.1868,25.0,0.0,1.0,1.0,0.0,1.0,1.0,0.0,1.0,0.0,1.0,1.0,1.0
0.0,12.6756,0.0,2.0,17.0,1308.6715,63.0,1.0,0.0,1.0,0.0,0.0,0.0,0.0,0.0,0.0,0.0,0.0,0.0
0.0,7.1286,1.0,4.0,15.0,6104.1313,80.0,0.0,1.0,1.0,0.0,1.0,1.0,0.0,1.0,0.0,1.0,1.0,1.0
1.0,16.0506,1.0,1.0,18.0,15130.358,19.0,0.0,1.0,1.0,0.0,1.0,1.0,0.0,1.0,0.0,1.0,1.0,1.0
1.0,11.4036,0.0,4.0,18.0,17522.995,57.0,0.0,1.0,1.0,0.0,1.0,1.0,0.0,1.0,0.0,1.0,1.0,1.0
0.0,33.5761,1.0,1.0,0.0,8976.8391,88.0,1.0,1.0,1.0,1.0,1.0,1.0,1.0,1.0,1.0,1.0,1.0,1.0
1.0,45.9041,0.0,1.0,6.0,20275.5203,88.0,1.0,1.0,1.0,1.0,1.0,1.0,1.0,1.0,1.0,1.0,1.0,1.0
1.0,44.3506,0.0,2.0,14.0,32312.9315,32.0,1.0,1.0,1.0,1.0,1.0,1.0,1.0,1.0,1.0,1.0,1.0,1.0
0.0,41.7297,1.0,1.0,20.0,28267.4997,15.0,0.0,1.0,1.0,0.0,1.0,1.0,0.0,1.0,0.0,1.0,1.0,1.0
1.0,18.5109,1.0,1.0,15.0,10819.7372,55.0,1.0,1.0,1.0,1.0,1.0,1.0,1.0,1.0,1.0,1.0,1.0,1.0
0.0,34.4307,1.0,3.0,9.0,1088.2835,55.0,0.0,1.0,1.0,0.0,1.0,1.0,0.0,1.0,0.0,1.0,1.0,1.0
1.0,26.367,0.0,3.0,18.0,32882.3274,74.0,1.0,0.0,1.0,0.0,0.0,0.0,0.0,0.0,0.0,0.0,0.0,0.0
1.0,24.1689,0.0,2.0,1.0,26821.0229,5.0,0.0,1.0,1.0,0.0,1.0,1.0,0.0,1.0,0.0,1.0,1.0,1.0
0.0,14.3089,1.0,3.0,0.0,35220.2632,11.0,1.0,1.0,1.0,1.0,1.0,1.0,1.0,1.0,1.0,1.0,1.0,1.0
0.0,11.128,0.0,4.0,10.0,38292.6489,61.0,1.0,0.0,1.0,0.0,0.0,1.0,0.0,1.0,1.0,1.0,1.0,1.0
1.0,10.2204,0.0,3.0,14.0,16259.2897,84.0,1.0,1.0,1.0,1.0,1.0,1.0,1.0,1.0,1.0,1.0,1.0,1.0
0.0,35.4372,0.0,4.0,2.0,6943.0665,67.0,0.0,1.0,1.0,0.0,1.0,1.0,0.0,1.0,0.0,1.0,1.0,1.0
1.0,29.814,0.0,1.0,4.0,22927.0728,17.0,1.0,1.0,1.0,1.0,1.0,1.0,1.0,1.0,1.0,1.0,1.0,1.0
1.0,11.8609,1.0,3.0,9.0,4013.3078,11.0,1.0,0.0,1.0,0.0,0.0,0.0,0.0,0.0,0.0,0.0,0.0,0.0
0.0,6.9374,0.0,4.0,8.0,2286.4908,72.0,1.0,1.0,1.0,1.0,1.0,1.0,1.0,1.0,1.0,1.0,1.0,1.0
1.0,38.8226,1.0,3.0,19.0,12458.118,59.0,1.0,1.0,1.0,1.0,1.0,1.0,1.0,1.0,1.0,1.0,1.0,1.0
0.0,49.9407,0.0,3.0,11.0,28871.6493,47.0,0.0,0.0,1.0,0.0,0.0,0.0,0.0,0.0,0.0,0.0,1.0,1.0
0.0,39.7179,1.0,2.0,18.0,5497.4344,14.0,1.0,0.0,1.0,0.0,0.0,1.0,0.0,1.0,1.0,1.0,1.0,1.0
1.0,12.1036,1.0,3.0,7.0,21059.1668,83.0,1.0,0.0,1.0,0.0,0.0,0.0,0.0,0.0,0.0,0.0,0.0,0.0
1.0,5.9727,0.0,3.0,5.0,6348.6582,19.0,1.0,0.0,1.0,0.0,0.0,0.0,0.0,0.0,0.0,0.0,0.0,0.0
1.0,6.086,0.0,1.0,17.0,29856.9375,89.0,1.0,1.0,1.0,1.0,1.0,1.0,1.0,1.0,1.0,1.0,1.0,1.0
1.0,5.8794,0.0,4.0,16.0,35670.4706,32.0,1.0,1.0,1.0,1.0,1.0,1.0,1.0,1.0,1.0,1.0,1.0,1.0
0.0,33.9312,1.0,3.0,3.0,37929.4464,18.0,1.0,1.0,1.0,1.0,1.0,1.0,1.0,1.0,1.0,1.0,1.0,1.0
0.0,16.1731,1.0,1.0,19.0,10565.5908,50.0,1.0,1.0,1.0,1.0,1.0,1.0,1.0,1.0,1.0,1.0,1.0,1.0
1.0,31.2796,0.0,3.0,17.0,11112.4902,61.0,1.0,1.0,1.0,1.0,1.0,1.0,1.0,1.0,1.0,1.0,1.0,1.0
0.0,20.0662,0.0,2.0,14.0,22182.053,34.0,1.0,1.0,1.0,1.0,1.0,1.0,1.0,1.0,1.0,1.0,1.0,1.0
1.0,28.4086,1.0,1.0,5.0,21124.3735,87.0,0.0,1.0,1.0,0.0,1.0,1.0,0.0,1.0,0.0,1.0,1.0,1.0
0.0,35.1331,0.0,2.0,10.0,25826.5719,23.0,1.0,1.0,1.0,1.0,1.0,1.0,1.0,1.0,1.0,1.0,1.0,1.0
1.0,44.4451,1.0,1.0,0.0,11377.8863,74.0,0.0,1.0,1.0,0.0,1.0,1.0,0.0,1.0,0.0,1.0,1.0,1.0
0.0,38.0076,0.0,4.0,6.0,31758.3763,77.0,1.0,1.0,1.0,1.0,1.0,1.0,1.0,1.0,1.0,1.0,1.0,1.0
0.0,41.3348,1.0,3.0,17.0,14343.0555,5.0,0.0,0.0,1.0,0.0,0.0,1.0,0.0,1.0,0.0,1.0,1.0,1.0
1.0,21.7459,0.0,1.0,6.0,16078.4157,80.0,1.0,1.0,1.0,1.0,1.0,1.0,1.0,1.0,1.0,1.0,1.0,1.0
1.0,14.8678,0.0,1.0,16.0,21499.1625,7.0,0.0,1.0,1.0,0.0,1.0,1.0,0.0,0.0,0.0,0.0,1.0,1.0
0.0,16.1202,1.0,3.0,10.0,31552.5575,86.0,0.0,0.0,1.0,0.0,0.0,0.0,0.0,0.0,0.0,0.0,0.0,0.0
1.0,23.9741,0.0,1.0,15.0,36997.9823,13.0,1.0,0.0,1.0,0.0,0.0,0.0,0.0,0.0,0.0,0.0,0.0,0.0
0.0,48.1065,1.0,3.0,0.0,7728.6351,37.0,1.0,1.0,1.0,1.0,1.0,1.0,1.0,1.0,1.0,1.0,1.0,1.0
1.0,27.5875,1.0,3.0,6.0,24701.1047,72.0,1.0,1.0,1.0,1.0,1.0,1.0,1.0,1.0,1.0,1.0,1.0,1.0
1.0,9.4371,0.0,4.0,23.0,30811.9949,88.0,1.0,1.0,1.0,1.0,1.0,1.0,1.0,1.0,1.0,1.0,1.0,1.0
1.0,28.4045,0.0,4.0,15.0,32950.4227,18.0,1.0,1.0,1.0,1.0,1.0,1.0,1.0,1.0,1.0,1.0,1.0,1.0
1.0,20.3363,0.0,3.0,19.0,39301.8059,86.0,1.0,0.0,1.0,0.0,0.0,0.0,0.0,0.0,0.0,0.0,1.0,1.0
1.0,48.725,0.0,1.0,11.0,20169.417,35.0,1.0,1.0,1.0,1.0,1.0,1.0,1.0,1.0,1.0,1.0,1.0,1.0
1.0,36.8309,0.0,1.0,4.0,13203.7533,92.0,1.0,1.0,1.0,1.0,1.0,1.0,1.0,1.0,1.0,1.0,1.0,1.0
1.0,33.8071,0.0,4.0,21.0,36980.0442,92.0,1.0,0.0,1.0,0.0,0.0,0.0,0.0,0.0,0.0,0.0,0.0,1.0
0.0,35.8509,0.0,3.0,7.0,32114.4822,13.0,1.0,1.0,1.0,1.0,1.0,1.0,1.0,1.0,1.0,1.0,1.0,1.0
1.0,10.7376,1.0,2.0,2.0,15398.0085,84.0,0.0,1.0,1.0,0.0,1.0,1.0,0.0,0.0,0.0,0.0,0.0,0.0
1.0,46.5188,1.0,3.0,7.0,25056.9334,28.0,1.0,0.0,1.0,0.0,0.0,0.0,0.0,0.0,0.0,0.0,0.0,0.0
0.0,40.1676,1.0,3.0,18.0,35560.9467,85.0,0.0,1.0,1.0,0.0,1.0,1.0,0.0,0.0,0.0,0.0,0.0,1.0
0.0,24.2465,1.0,2.0,6.0,15819.6356,13.0,0.0,0.0,1.0,0.0,0.0,0.0,0.0,0.0,0.0,0.0,0.0,0.0
0.0,48.4608,1.0,4.0,0.0,18692.8552,90.0,1.0,0.0,1.0,0.0,0.0,0.0,0.0,0.0,0.0,0.0,0.0,0.0
1.0,6.3249,0.0,1.0,21.0,36830.2554,81.0,1.0,1.0,1.0,1.0,1.0,1.0,1.0,1.0,1.0,1.0,1.0,1.0
0.0,37.3246,1.0,2.0,10.0,1735.6358,75.0,0.0,1.0,1.0,0.0,1.0,1.0,0.0,1.0,0.0,1.0,1.0,1.0
1.0,45.6957,0.0,1.0,10.0,6771.4979,82.0,1.0,1.0,1.0,1.0,1.0,1.0,1.0,1.0,1.0,1.0,1.0,1.0
1.0,47.9553,1.0,1.0,9.0,38642.974,43.0,0.0,1.0,1.0,0.0,1.0,1.0,0.0,1.0,0.0,1.0,1.0,1.0
0.0,26.028,0.0,4.0,4.0,17217.5195,55.0,1.0,1.0,1.0,1.0,1.0,1.0,1.0,1.0,1.0,1.0,1.0,1.0
0.0,20.5112,0.0,2.0,19.0,1491.341,87.0,1.0,1.0,1.0,1.0,1.0,1.0,1.0,1.0,1.0,1.0,1.0,1.0
0.0,47.9171,1.0,2.0,19.0,38290.1995,58.0,1.0,1.0,1.0,1.0,1.0,1.0,1.0,1.0,1.0,1.0,1.0,1.0
0.0,15.2001,0.0,1.0,5.0,2893.5762,20.0,1.0,1.0,1.0,1.0,1.0,1.0,1.0,1.0,1.0,1.0,1.0,1.0
0.0,22.1584,1.0,1.0,19.0,27336.5539,19.0,0.0,1.0,1.0,0.0,1.0,1.0,0.0,0.0,0.0,0.0,1.0,1.0
1.0,16.8654,0.0,3.0,13.0,21827.9776,55.0,1.0,0.0,1.0,0.0,0.0,0.0,0.0,0.0,0.0,0.0,0.0,0.0
1.0,43.4419,1.0,4.0,11.0,35580.7996,31.0,1.0,0.0,1.0,0.0,0.0,1.0,0.0,1.0,1.0,1.0,1.0,1.0
0.0,39.0549,1.0,4.0,5.0,18142.6364,38.0,0.0,1.0,1.0,0.0,1.0,1.0,0.0,0.0,0.0,0.0,1.0,1.0
0.0,8.8963,0.0,3.0,10.0,36415.7509,32.0,1.0,0.0,1.0,0.0,0.0,0.0,0.0,0.0,0.0,0.0,0.0,0.0
1.0,6.4499,1.0,4.0,14.0,3226.4585,66.0,1.0,1.0,1.0,1.0,1.0,1.0,1.0,1.0,1.0,1.0,1.0,1.0
1.0,43.5745,0.0,4.0,22.0,34652.7985,90.0,0.0,1.0,1.0,0.0,1.0,1.0,0.0,0.0,0.0,0.0,0.0,1.0
1.0,30.8961,1.0,4.0,21.0,35469.7719,46.0,1.0,0.0,1.0,0.0,0.0,0.0,0.0,0.0,0.0,0.0,1.0,1.0
0.0,45.6877,0.0,4.0,8.0,32659.6403,77.0,1.0,0.0,1.0,0.0,0.0,0.0,0.0,0.0,0.0,0.0,0.0,1.0
0.0,37.3462,1.0,1.0,17.0,36750.4605,83.0,1.0,1.0,1.0,1.0,1.0,1.0,1.0,1.0,1.0,1.0,1.0,1.0
0.0,46.5182,0.0,4.0,0.0,28461.6903,85.0,1.0,1.0,1.0,1.0,1.0,1.0,1.0,1.0,1.0,1.0,1.0,1.0
0.0,16.6876,1.0,3.0,5.0,3119.7288,47.0,0.0,1.0,1.0,0.0,1.0,1.0,0.0,1.0,0.0,1.0,1.0,1.0
1.0,49.7445,1.0,1.0,23.0,11142.576,88.0,1.0,0.0,1.0,0.0,0.0,0.0,0.0,0.0,0.0,0.0,0.0,0.0
1.0,43.7551,1.0,1.0,23.0,30291.1477,54.0,0.0,1.0,1.0,0.0,1.0,1.0,0.0,1.0,0.0,1.0,1.0,1.0
1.0,49.799,1.0,3.0,17.0,3638.2374,24.0,1.0,1.0,1.0,1.0,1.0,1.0,1.0,1.0,1.0,1.0,1.0,1.0
0.0,33.0226,1.0,1.0,17.0,15857.5631,10.0,0.0,0.0,1.0,0.0,0.0,0.0,0.0,0.0,0.0,0.0,0.0,1.0
0.0,31.5929,0.0,3.0,2.0,39237.2529,3.0,1.0,1.0,1.0,1.0,1.0,1.0,1.0,1.0,1.0,1.0,1.0,1.0
0.0,18.3883,1.0,2.0,16.0,21609.9011,15.0,0.0,1.0,1.0,0.0,1.0,1.0,0.0,0.0,0.0,0.0,0.0,0.0
0.0,40.0936,0.0,1.0,3.0,39937.4676,98.0,1.0,0.0,1.0,0.0,0.0,0.0,0.0,0.0,0.0,0.0,0.0,1.0
1.0,19.3497,0.0,3.0,7.0,1626.7307,15.0,1.0,1.0,1.0,1.0,1.0,1.0,1.0,1.0,1.0,1.0,1.0,1.0
0.0,12.7505,1.0,4.0,21.0,19149.2812,91.0,0.0,1.0,1.0,0.0,1.0,1.0,0.0,0.0,0.0,0.0,1.0,1.0
1.0,49.5465,0.0,3.0,5.0,1749.813,45.0,1.0,1.0,1.0,1.0,1.0,1.0,1.0,1.0,1.0,1.0,1.0,1.0
1.0,7.0934,1.0,3.0,4.0,28892.3129,78.0,0.0,1.0,1.0,0.0,1.0,1.0,0.0,0.0,0.0,0.0,0.0,0.0
0.0,8.2637,0.0,4.0,12.0,21343.1839,56.0,1.0,1.0,1.0,1.0,1.0,1.0,1.0,1.0,1.0,1.0,1.0,1.0
1.0,45.4012,1.0,1.0,16.0,36765.4757,27.0,0.0,1.0,1.0,0.0,1.0,1.0,0.0,1.0,0.0,1.0,1.0,1.0
0.0,27.4646,1.0,2.0,14.0,15189.9766,36.0,0.0,1.0,1.0,0.0,1.0,1.0,0.0,1.0,0.0,1.0,1.0,1.0
0.0,20.3324,0.0,4.0,20.0,27121.0165,98.0,1.0,0.0,1.0,0.0,0.0,0.0,0.0,0.0,0.0,0.0,0.0,1.0
1.0,15.2581,1.0,3.0,21.0,16383.7,10.0,0.0,0.0,1.0,0.0,0.0,0.0,0.0,0.0,0.0,0.0,0.0,0.0
1.0,28.1284,1.0,3.0,20.0,35152.5387,68.0,0.0,1.0,1.0,0.0,1.0,1.0,0.0,1.0,0.0,1.0,1.0,1.0
1.0,20.1707,0.0,2.0,5.0,9262.2318,60.0,0.0,1.0,1.0,0.0,1.0,1.0,0.0,1.0,0.0,1.0,1.0,1.0
0.0,23.1558,0.0,2.0,9.0,39437.1278,96.0,0.0,1.0,1.0,0.0,1.0,1.0,0.0,0.0,0.0,0.0,0.0,1.0
1.0,34.8345,1.0,3.0,5.0,5491.2362,91.0,1.0,1.0,1.0,1.0,1.0,1.0,1.0,1.0,1.0,1.0,1.0,1.0
1.0,35.2732,1.0,3.0,8.0,27250.2526,10.0,0.0,0.0,1.0,0.0,0.0,0.0,0.0,0.0,0.0,0.0,0.0,0.0
1.0,5.1665,0.0,1.0,7.0,2048.8814,50.0,1.0,1.0,1.0,1.0,1.0,1.0,1.0,1.0,1.0,1.0,1.0,1.0
1.0,18.4135,1.0,2.0,17.0,23638.3902,17.0,0.0,1.0,1.0,0.0,1.0,1.0,0.0,1.0,0.0,1.0,1.0,1.0
0.0,23.3436,1.0,4.0,11.0,15490.6483,98.0,1.0,1.0,1.0,1.0,1.0,1.0,1.0,1.0,1.0,1.0,1.0,1.0
0.0,46.1221,1.0,2.0,7.0,15445.5587,51.0,0.0,0.0,1.0,0.0,0.0,0.0,0.0,0.0,0.0,0.0,0.0,1.0
0.0,12.3426,1.0,2.0,9.0,38128.7484,8.0,0.0,1.0,1.0,0.0,1.0,1.0,0.0,1.0,0.0,1.0,1.0,1.0
0.0,22.5673,0.0,1.0,13.0,11078.8713,76.0,1.0,0.0,1.0,0.0,0.0,0.0,0.0,0.0,0.0,0.0,0.0,0.0
1.0,35.2353,1.0,1.0,1.0,34946.5097,77.0,0.0,1.0,1.0,0.0,1.0,1.0,0.0,0.0,0.0,0.0,0.0,0.0
0.0,46.7749,0.0,3.0,4.0,35476.6616,17.0,1.0,1.0,1.0,1.0,1.0,1.0,1.0,1.0,1.0,1.0,1.0,1.0
0.0,17.5854,0.0,3.0,14.0,36438.0172,34.0,1.0,1.0,1.0,1.0,1.0,1.0,1.0,1.0,1.0,1.0,1.0,1.0
1.0,26.1888,0.0,1.0,13.0,7249.8096,45.0,1.0,0.0,1.0,0.0,0.0,1.0,0.0,1.0,1.0,1.0,1.0,1.0
1.0,26.2864,1.0,4.0,1.0,6025.2345,61.0,0.0,1.0,1.0,0.0,1.0,1.0,0.0,1.0,0.0,1.0,1.0,1.0
0.0,46.7878,1.0,1.0,8.0,4011.0226,37.0,1.0,0.0,1.0,0.0,0.0,0.0,0.0,0.0,0.0,0.0,0.0,0.0
0.0,39.396,0.0,2.0,3.0,5654.0164,58.0,1.0,0.0,1.0,0.0,0.0,0.0,0.0,0.0,0.0,0.0,0.0,0.0
0.0,41.0512,0.0,4.0,20.0,17893.9753,100.0,0.0,1.0,1.0,0.0,1.0,1.0,0.0,0.0,0.0,0.0,0.0,0.0
0.0,11.7861,0.0,2.0,11.0,32612.8883,48.0,1.0,1.0,1.0,1.0,1.0,1.0,1.0,1.0,1.0,1.0,1.0,1.0
0.0,22.5783,1.0,1.0,8.0,2986.9372,100.0,1.0,0.0,1.0,0.0,0.0,0.0,0.0,0.0,0.0,0.0,0.0,0.0
1.0,18.4465,0.0,2.0,8.0,24096.0091,88.0,1.0,1.0,1.0,1.0,1.0,1.0,1.0,1.0,1.0,1.0,1.0,1.0
0.0,6.9112,0.0,2.0,7.0,1475.4105,94.0,1.0,1.0,1.0,1.0,1.0,1.0,1.0,1.0,1.0,1.0,1.0,1.0
0.0,17.4173,0.0,2.0,13.0,13174.4966,21.0,1.0,1.0,1.0,1.0,1.0,1.0,1.0,1.0,1.0,1.0,1.0,1.0
1.0,39.742,1.0,1.0,15.0,18282.8763,22.0,1.0,0.0,1.0,0.0,0.0,0.0,0.0,0.0,0.0,0.0,0.0,0.0
0.0,26.035,1.0,1.0,3.0,35882.836,78.0,0.0,1.0,1.0,0.0,1.0,1.0,0.0,1.0,0.0,1.0,1.0,1.0
0.0,41.2692,0.0,2.0,8.0,34695.5573,28.0,1.0,1.0,1.0,1.0,1.0,1.0,1.0,1.0,1.0,1.0,1.0,1.0
1.0,45.5583,1.0,4.0,21.0,30839.0443,27.0,0.0,1.0,1.0,0.0,1.0,1.0,0.0,1.0,0.0,1.0,1.0,1.0
0.0,30.558,0.0,2.0,17.0,23863.9695,9.0,1.0,1.0,1.0,1.0,1.0,1.0,1.0,1.0,1.0,1.0,1.0,1.0
0.0,41.079,1.0,2.0,3.0,35124.5254,28.0,0.0,1.0,1.0,0.0,1.0,1.0,0.0,1.0,0.0,1.0,1.0,1.0
1.0,21.8061,0.0,1.0,8.0,20611.0059,83.0,1.0,1.0,1.0,1.0,1.0,1.0,1.0,1.0,1.0,1.0,1.0,1.0
1.0,5.5612,0.0,3.0,23.0,14205.3376,55.0,1.0,0.0,1.0,0.0,0.0,0.0,0.0,0.0,0.0,0.0,0.0,0.0
0.0,42.1571,0.0,2.0,15.0,21062.6742,24.0,1.0,1.0,1.0,1.0,1.0,1.0,1.0,1.0,1.0,1.0,1.0,1.0
0.0,22.8301,1.0,3.0,4.0,19132.9237,70.0,0.0,0.0,1.0,0.0,0.0,0.0,0.0,0.0,0.0,0.0,1.0,1.0
0.0,13.0639,0.0,4.0,8.0,30400.3376,66.0,1.0,1.0,1.0,1.0,1.0,1.0,1.0,1.0,1.0,1.0,1.0,1.0
1.0,7.3831,0.0,3.0,21.0,18733.1557,34.0,1.0,1.0,1.0,1.0,1.0,1.0,1.0,1.0,1.0,1.0,1.0,1.0
0.0,35.1525,0.0,1.0,17.0,4384.9854,39.0,1.0,0.0,1.0,0.0,0.0,0.0,0.0,0.0,0.0,0.0,0.0,1.0
1.0,48.5998,1.0,1.0,9.0,5912.3647,12.0,0.0,0.0,1.0,0.0,0.0,0.0,0.0,0.0,0.0,0.0,1.0,1.0
1.0,9.8503,1.0,3.0,8.0,11117.8262,30.0,0.0,0.0,1.0,0.0,0.0,0.0,0.0,0.0,0.0,0.0,0.0,1.0
1.0,21.3642,0.0,1.0,10.0,11271.2044,31.0,1.0,1.0,1.0,1.0,1.0,1.0,1.0,1.0,1.0,1.0,1.0,1.0
0.0,5.5467,1.0,4.0,15.0,37967.4639,15.0,1.0,1.0,1.0,1.0,1.0,1.0,1.0,1.0,1.0,1.0,1.0,1.0
0.0,22.579,0.0,1.0,21.0,16411.5439,60.0,1.0,0.0,1.0,0.0,0.0,1.0,0.0,1.0,1.0,1.0,1.0,1.0
1.0,30.8859,0.0,2.0,14.0,23269.413,4.0,1.0,0.0,1.0,0.0,0.0,0.0,0.0,0.0,0.0,0.0,0.0,0.0
1.0,48.0026,1.0,3.0,4.0,20226.9651,38.0,0.0,0.0,1.0,0.0,0.0,0.0,0.0,0.0,0.0,0.0,0.0,1.0
1.0,10.6717,0.0,3.0,16.0,31331.7087,13.0,1.0,1.0,1.0,1.0,1.0,1.0,1.0,1.0,1.0,1.0,1.0,1.0
1.0,49.1663,0.0,2.0,23.0,25813.6782,63.0,1.0,0.0,1.0,0.0,0.0,0.0,0.0,0.0,0.0,0.0,0.0,0.0
0.0,10.1277,0.0,4.0,10.0,9919.3556,22.0,0.0,1.0,1.0,0.0,1.0,1.0,0.0,0.0,0.0,0.0,1.0,1.0
0.0,22.3993,0.0,2.0,20.0,16766.1431,31.0,0.0,1.0,1.0,0.0,1.0,1.0,0.0,1.0,0.0,1.0,1.0,1.0
0.0,48.2497,1.0,4.0,10.0,6171.2173,93.0,1.0,0.0,1.0,0.0,0.0,0.0,0.0,0.0,0.0,0.0,0.0,1.0
1.0,47.7521,1.0,4.0,12.0,22415.6005,70.0,0.0,1.0,1.0,0.0,1.0,1.0,0.0,1.0,0.0,1.0,1.0,1.0
0.0,34.4157,1.0,3.0,16.0,19303.9756,17.0,1.0,1.0,1.0,1.0,1.0,1.0,1.0,1.0,1.0,1.0,1.0,1.0
0.0,30.4461,0.0,2.0,0.0,16302.1922,59.0,1.0,1.0,1.0,1.0,1.0,1.0,1.0,1.0,1.0,1.0,1.0,1.0
1.0,45.9106,1.0,3.0,7.0,16659.6053,97.0,1.0,1.0,1.0,1.0,1.0,1.0,1.0,1.0,1.0,1.0,1.0,1.0
1.0,42.0252,0.0,1.0,8.0,8993.5432,18.0,1.0,0.0,1.0,0.0,0.0,1.0,0.0,1.0,1.0,1.0,1.0,1.0
0.0,11.8815,1.0,1.0,18.0,4602.3806,56.0,0.0,1.0,1.0,0.0,1.0,1.0,0.0,1.0,0.0,1.0,1.0,1.0
0.0,33.1591,0.0,1.0,16.0,8478.2776,70.0,1.0,0.0,1.0,0.0,0.0,0.0,0.0,0.0,0.0,0.0,0.0,0.0
1.0,27.2476,0.0,1.0,3.0,25185.0009,87.0,1.0,1.0,1.0,1.0,1.0,1.0,1.0,1.0,1.0,1.0,1.0,1.0
0.0,21.2386,1.0,4.0,15.0,4365.6969,34.0,1.0,1.0,1.0,1.0,1.0,1.0,1.0,1.0,1.0,1.0,1.0,1.0
0.0,9.028,0.0,2.0,13.0,32264.8454,38.0,1.0,1.0,1.0,1.0,1.0,1.0,1.0,1.0,1.0,1.0,1.0,1.0
0.0,29.6611,0.0,4.0,13.0,23469.337,24.0,0.0,1.0,1.0,0.0,1.0,1.0,0.0,1.0,0.0,1.0,1.0,1.0
0.0,29.9499,1.0,2.0,14.0,3861.1557,71.0,1.0,1.0,1.0,1.0,1.0,1.0,1.0,1.0,1.0,1.0,1.0,1.0
1.0,40.7051,1.0,1.0,20.0,7407.2318,38.0,0.0,0.0,1.0,0.0,0.0,0.0,0.0,0.0,0.0,0.0,0.0,0.0
1.0,9.7999,0.0,3.0,16.0,17190.7577,99.0,1.0,1.0,1.0,1.0,1.0,1.0,1.0,1.0,1.0,1.0,1.0,1.0
0.0,34.7816,0.0,2.0,15.0,17798.8766,58.0,1.0,1.0,1.0,1.0,1.0,1.0,1.0,1.0,1.0,1.0,1.0,1.0
0.0,49.1905,1.0,4.0,4.0,3278.1388,70.0,1.0,0.0,1.0,0.0,0.0,0.0,0.0,0.0,0.0,0.0,0.0,0.0
0.0,14.4626,0.0,3.0,17.0,18914.5502,87.0,1.0,0.0,1.0,0.0,0.0,0.0,0.0,0.0,0.0,0.0,0.0,0.0
0.0,37.2646,0.0,4.0,20.0,22710.1858,40.0,1.0,1.0,1.0,1.0,1.0,1.0,1.0,1.0,1.0,1.0,1.0,1.0
0.0,16.0605,1.0,1.0,14.0,24815.2411,36.0,1.0,1.0,1.0,1.0,1.0,1.0,1.0,1.0,1.0,1.0,1.0,1.0
0.0,38.43,0.0,2.0,21.0,32338.435,5.0,1.0,1.0,1.0,1.0,1.0,1.0,1.0,1.0,1.0,1.0,1.0,1.0
1.0,22.3207,0.0,4.0,10.0,22405.7354,99.0,1.0,1.0,1.0,1.0,1.0,1.0,1.0,1.0,1.0,1.0,1.0,1.0
1.0,9.6835,1.0,1.0,9.0,31396.3133,1.0,0.0,1.0,1.0,0.0,1.0,1.0,0.0,1.0,0.0,1.0,1.0,1.0
0.0,29.8667,0.0,3.0,20.0,28702.9358,52.0,1.0,0.0,1.0,0.0,0.0,0.0,0.0,0.0,0.0,0.0,0.0,1.0
1.0,23.8549,0.0,2.0,13.0,16923.925,22.0,1.0,1.0,1.0,1.0,1.0,1.0,1.0,1.0,1.0,1.0,1.0,1.0
1.0,39.7859,1.0,3.0,16.0,26005.9575,1.0,0.0,1.0,1.0,0.0,1.0,1.0,0.0,1.0,0.0,1.0,1.0,1.0
1.0,40.9876,1.0,3.0,21.0,27633.7624,90.0,1.0,1.0,1.0,1.0,1.0,1.0,1.0,1.0,1.0,1.0,1.0,1.0
0.0,43.0886,0.0,3.0,23.0,3906.7435,17.0,1.0,1.0,1.0,1.0,1.0,1.0,1.0,1.0,1.0,1.0,1.0,1.0
0.0,42.4319,1.0,2.0,8.0,17407.6756,19.0,0.0,1.0,1.0,0.0,1.0,1.0,0.0,1.0,0.0,1.0,1.0,1.0
1.0,12.0656,1.0,2.0,15.0,32483.7051,23.0,0.0,1.0,1.0,0.0,1.0,1.0,0.0,1.0,0.0,1.0,1.0,1.0
1.0,39.7469,1.0,2.0,21.0,10238.5517,36.0,0.0,1.0,1.0,0.0,1.0,1.0,0.0,1.0,0.0,1.0,1.0,1.0
0.0,16.5076,1.0,2.0,5.0,21534.8517,93.0,1.0,1.0,1.0,1.0,1.0,1.0,1.0,1.0,1.0,1.0,1.0,1.0
1.0,11.4074,1.0,1.0,14.0,6475.2648,89.0,1.0,1.0,1.0,1.0,1.0,1.0,1.0,1.0,1.0,1.0,1.0,1.0
1.0,19.454,1.0,3.0,17.0,23843.7483,90.0,0.0,1.0,1.0,0.0,1.0,1.0,0.0,1.0,0.0,1.0,1.0,1.0
0.0,34.7968,1.0,3.0,20.0,18093.9649,53.0,0.0,1.0,1.0,0.0,1.0,1.0,0.0,1.0,0.0,1.0,1.0,1.0
1.0,15.9497,1.0,4.0,1.0,9831.6267,33.0,0.0,0.0,1.0,0.0,0.0,0.0,0.0,0.0,0.0,0.0,0.0,1.0
1.0,24.0137,1.0,4.0,11.0,7617.2277,79.0,1.0,0.0,1.0,0.0,0.0,0.0,0.0,0.0,0.0,0.0,0.0,1.0
1.0,7.704,0.0,3.0,9.0,27522.89,53.0,1.0,1.0,1.0,1.0,1.0,1.0,1.0,1.0,1.0,1.0,1.0,1.0
1.0,12.4674,1.0,3.0,9.0,20017.761,6.0,1.0,1.0,1.0,1.0,1.0,1.0,1.0,1.0,1.0,1.0,1.0,1.0
1.0,30.4519,1.0,4.0,6.0,24130.7175,49.0,0.0,1.0,1.0,0.0,1.0,1.0,0.0,0.0,0.0,0.0,1.0,1.0
1.0,47.1015,1.0,3.0,2.0,35966.8153,23.0,0.0,0.0,1.0,0.0,0.0,0.0,0.0,0.0,0.0,0.0,0.0,0.0
1.0,43.1833,0.0,4.0,19.0,38300.0288,8.0,1.0,1.0,1.0,1.0,1.0,1.0,1.0,1.0,1.0,1.0,1.0,1.0
1.0,36.4892,1.0,4.0,10.0,25408.4557,59.0,0.0,1.0,1.0,0.0,1.0,1.0,0.0,1.0,0.0,1.0,1.0,1.0
0.0,9.6795,1.0,3.0,6.0,11152.5706,4.0,0.0,0.0,1.0,0.0,0.0,0.0,0.0,0.0,0.0,0.0,0.0,0.0
0.0,25.3937,0.0,4.0,3.0,25080.3024,46.0,1.0,1.0,1.0,1.0,1.0,1.0,1.0,1.0,1.0,1.0,1.0,1.0
1.0,18.0887,0.0,3.0,16.0,13413.4146,47.0,1.0,1.0,1.0,1.0,1.0,1.0,1.0,1.0,1.0,1.0,1.0,1.0
1.0,24.2065,0.0,2.0,22.0,16917.2754,21.0,1.0,0.0,1.0,0.0,0.0,0.0,0.0,0.0,0.0,0.0,1.0,1.0
0.0,37.4533,1.0,4.0,16.0,21737.5979,88.0,1.0,1.0,1.0,1.0,1.0,1.0,1.0,1.0,1.0,1.0,1.0,1.0
1.0,36.1588,1.0,2.0,18.0,6223.0544,45.0,0.0,0.0,1.0,0.0,0.0,0.0,0.0,0.0,0.0,0.0,1.0,1.0
1.0,26.1804,0.0,2.0,17.0,27290.3532,15.0,1.0,1.0,1.0,1.0,1.0,1.0,1.0,1.0,1.0,1.0,1.0,1.0
1.0,22.2204,1.0,4.0,10.0,5392.4039,76.0,0.0,1.0,1.0,0.0,1.0,1.0,0.0,1.0,0.0,1.0,1.0,1.0
1.0,45.8204,1.0,2.0,10.0,14857.6563,75.0,0.0,1.0,1.0,0.0,1.0,1.0,0.0,1.0,0.0,1.0,1.0,1.0
1.0,5.4464,0.0,4.0,17.0,35485.3213,70.0,1.0,1.0,1.0,1.0,1.0,1.0,1.0,1.0,1.0,1.0,1.0,1.0
0.0,24.5304,0.0,3.0,14.0,30214.28,75.0,1.0,1.0,1.0,1.0,1.0,1.0,1.0,1.0,1.0,1.0,1.0,1.0
1.0,7.8507,1.0,1.0,7.0,17358.2937,25.0,1.0,1.0,1.0,1.0,1.0,1.0,1.0,1.0,1.0,1.0,1.0,1.0
0.0,49.9705,0.0,1.0,16.0,4517.9226,56.0,1.0,1.0,1.0,1.0,1.0,1.0,1.0,1.0,1.0,1.0,1.0,1.0
0.0,39.2035,0.0,2.0,8.0,36149.6406,91.0,1.0,1.0,1.0,1.0,1.0,1.0,1.0,1.0,1.0,1.0,1.0,1.0
0.0,45.6098,0.0,2.0,15.0,8260.8923,89.0,1.0,0.0,1.0,0.0,0.0,1.0,0.0,1.0,1.0,1.0,1.0,1.0
1.0,48.825,0.0,4.0,20.0,29407.333,62.0,1.0,1.0,1.0,1.0,1.0,1.0,1.0,1.0,1.0,1.0,1.0,1.0
0.0,31.3001,0.0,2.0,18.0,37553.1575,38.0,1.0,1.0,1.0,1.0,1.0,1.0,1.0,1.0,1.0,1.0,1.0,1.0
0.0,33.9814,0.0,4.0,21.0,21078.1474,84.0,1.0,1.0,1.0,1.0,1.0,1.0,1.0,1.0,1.0,1.0,1.0,1.0
1.0,35.5699,1.0,1.0,18.0,6013.6809,33.0,0.0,1.0,1.0,0.0,1.0,1.0,0.0,1.0,0.0,1.0,1.0,1.0
1.0,34.5157,1.0,4.0,14.0,25664.5767,61.0,0.0,1.0,1.0,0.0,1.0,1.0,0.0,1.0,0.0,1.0,1.0,1.0
1.0,19.4005,0.0,3.0,7.0,32423.9004,63.0,1.0,1.0,1.0,1.0,1.0,1.0,1.0,1.0,1.0,1.0,1.0,1.0
1.0,30.4062,1.0,1.0,8.0,39812.3631,1.0,0.0,1.0,1.0,0.0,1.0,1.0,0.0,1.0,0.0,1.0,1.0,1.0
0.0,30.7057,1.0,2.0,1.0,7074.3016,65.0,1.0,0.0,1.0,0.0,0.0,0.0,0.0,0.0,0.0,0.0,0.0,1.0
0.0,32.2758,1.0,3.0,4.0,32205.2718,20.0,0.0,1.0,1.0,0.0,1.0,1.0,0.0,1.0,0.0,1.0,1.0,1.0
1.0,19.2463,1.0,2.0,5.0,31804.1607,65.0,1.0,1.0,1.0,1.0,1.0,1.0,1.0,1.0,1.0,1.0,1.0,1.0
1.0,28.6138,0.0,4.0,13.0,34776.2161,60.0,1.0,1.0,1.0,1.0,1.0,1.0,1.0,1.0,1.0,1.0,1.0,1.0
0.0,36.187,1.0,1.0,12.0,17538.7385,76.0,1.0,0.0,1.0,0.0,0.0,0.0,0.0,0.0,0.0,0.0,1.0,1.0
1.0,24.613,1.0,2.0,15.0,23932.9201,59.0,0.0,0.0,1.0,0.0,0.0,0.0,0.0,0.0,0.0,0.0,0.0,0.0
0.0,18.9619,0.0,1.0,15.0,16365.9278,53.0,1.0,1.0,1.0,1.0,1.0,1.0,1.0,1.0,1.0,1.0,1.0,1.0
1.0,34.4231,0.0,3.0,2.0,5445.9609,22.0,1.0,0.0,1.0,0.0,0.0,0.0,0.0,0.0,0.0,0.0,0.0,0.0
0.0,31.9053,1.0,3.0,18.0,24711.5798,8.0,1.0,1.0,1.0,1.0,1.0,1.0,1.0,1.0,1.0,1.0,1.0,1.0
1.0,29.8743,0.0,3.0,23.0,32141.4343,3.0,1.0,1.0,1.0,1.0,1.0,1.0,1.0,1.0,1.0,1.0,1.0,1.0
1.0,8.0728,0.0,3.0,3.0,20411.3927,57.0,1.0,1.0,1.0,1.0,1.0,1.0,1.0,1.0,1.0,1.0,1.0,1.0
1.0,45.1737,1.0,2.0,21.0,22583.6774,15.0,0.0,0.0,1.0,0.0,0.0,0.0,0.0,0.0,0.0,0.0,0.0,0.0
0.0,8.3001,0.0,1.0,21.0,7095.8578,77.0,1.0,1.0,1.0,1.0,1.0,1.0,1.0,1.0,1.0,1.0,1.0,1.0
1.0,45.3425,0.0,3.0,23.0,24354.5104,36.0,0.0,1.0,1.0,0.0,1.0,1.0,0.0,1.0,0.0,1.0,1.0,1.0
1.0,14.3735,1.0,1.0,3.0,8900.1099,57.0,0.0,1.0,1.0,0.0,1.0,1.0,0.0,1.0,0.0,1.0,1.0,1.0
0.0,21.4858,0.0,3.0,22.0,4205.8423,82.0,1.0,1.0,1.0,1.0,1.0,1.0,1.0,1.0,1.0,1.0,1.0,1.0
0.0,45.1245,0.0,3.0,5.0,27395.5599,22.0,1.0,0.0,1.0,0.0,0.0,0.0,0.0,0.0,0.0,0.0,1.0,1.0
0.0,27.4112,0.0,2.0,4.0,38152.8847,16.0,1.0,1.0,1.0,1.0,1.0,1.0,1.0,1.0,1.0,1.0,1.0,1.0
1.0,11.205,0.0,1.0,23.0,13908.4197,25.0,1.0,0.0,1.0,0.0,0.0,0.0,0.0,0.0,0.0,0.0,0.0,1.0
1.0,19.1811,0.0,3.0,20.0,38872.0255,91.0,1.0,0.0,1.0,0.0,0.0,0.0,0.0,0.0,0.0,0.0,0.0,1.0
1.0,24.9467,0.0,1.0,2.0,5014.5548,47.0,1.0,1.0,1.0,1.0,1.0,1.0,1.0,1.0,1.0,1.0,1.0,1.0
1.0,27.697,1.0,4.0,8.0,23890.3082,5.0,1.0,1.0,1.0,1.0,1.0,1.0,1.0,1.0,1.0,1.0,1.0,1.0
0.0,46.894,1.0,1.0,19.0,31029.4523,68.0,0.0,1.0,1.0,0.0,1.0,1.0,0.0,1.0,0.0,1.0,1.0,1.0
0.0,38.2545,1.0,4.0,2.0,23849.3482,24.0,0.0,1.0,1.0,0.0,1.0,1.0,0.0,1.0,0.0,1.0,1.0,1.0
0.0,31.9609,0.0,3.0,13.0,36375.5944,67.0,0.0,1.0,1.0,0.0,1.0,1.0,0.0,1.0,0.0,1.0,1.0,1.0
0.0,36.2652,0.0,2.0,8.0,36516.8629,68.0,0.0,1.0,1.0,0.0,1.0,1.0,0.0,1.0,0.0,1.0,1.0,1.0
0.0,13.1597,1.0,3.0,0.0,27558.3702,95.0,1.0,1.0,1.0,1.0,1.0,1.0,1.0,1.0,1.0,1.0,1.0,1.0
0.0,15.4393,1.0,3.0,13.0,6317.5912,57.0,1.0,0.0,1.0,0.0,0.0,0.0,0.0,0.0,0.0,0.0,0.0,0.0
0.0,44.2057,1.0,2.0,6.0,38263.4575,99.0,1.0,1.0,1.0,1.0,1.0,1.0,1.0,1.0,1.0,1.0,1.0,1.0
1.0,48.491,1.0,2.0,21.0,20804.289,33.0,0.0,0.0,1.0,0.0,0.0,1.0,0.0,0.0,0.0,0.0,1.0,1.0
0.0,35.4587,1.0,1.0,18.0,2445.5573,38.0,1.0,1.0,1.0,1.0,1.0,1.0,1.0,1.0,1.0,1.0,1.0,1.0
1.0,42.7185,0.0,3.0,8.0,3570.2283,67.0,1.0,1.0,1.0,1.0,1.0,1.0,1.0,1.0,1.0,1.0,1.0,1.0
1.0,15.8391,1.0,3.0,9.0,23941.1199,19.0,0.0,1.0,1.0,0.0,1.0,1.0,0.0,1.0,0.0,1.0,1.0,1.0
0.0,32.2457,1.0,4.0,22.0,20286.0311,1.0,0.0,1.0,1.0,0.0,1.0,1.0,0.0,1.0,0.0,1.0,1.0,1.0
0.0,13.8124,0.0,1.0,23.0,33514.0622,63.0,0.0,1.0,1.0,0.0,1.0,1.0,0.0,1.0,0.0,1.0,1.0,1.0
0.0,34.3497,1.0,3.0,8.0,30551.3469,52.0,1.0,0.0,1.0,0.0,0.0,0.0,0.0,0.0,0.0,0.0,0.0,0.0
0.0,11.342,0.0,3.0,10.0,5159.5643,79.0,1.0,1.0,1.0,1.0,1.0,1.0,1.0,1.0,1.0,1.0,1.0,1.0
0.0,24.3508,0.0,2.0,22.0,30728.4715,53.0,1.0,1.0,1.0,1.0,1.0,1.0,1.0,1.0,1.0,1.0,1.0,1.0
1.0,15.7021,0.0,2.0,21.0,29060.7515,85.0,1.0,1.0,1.0,1.0,1.0,1.0,1.0,1.0,1.0,1.0,1.0,1.0
0.0,15.095,1.0,1.0,2.0,15204.3379,4.0,0.0,0.0,1.0,0.0,0.0,0.0,0.0,0.0,0.0,0.0,0.0,1.0
0.0,11.9672,0.0,2.0,0.0,16558.0261,40.0,1.0,1.0,1.0,1.0,1.0,1.0,1.0,1.0,1.0,1.0,1.0,1.0
1.0,32.1687,0.0,2.0,23.0,1597.6443,83.0,1.0,1.0,1.0,1.0,1.0,1.0,1.0,1.0,1.0,1.0,1.0,1.0
0.0,27.1143,1.0,1.0,10.0,37015.5493,82.0,1.0,0.0,1.0,0.0,0.0,0.0,0.0,0.0,0.0,0.0,0.0,0.0
1.0,37.9919,1.0,2.0,20.0,12373.2049,44.0,1.0,1.0,1.0,1.0,1.0,1.0,1.0,1.0,1.0,1.0,1.0,1.0
0.0,49.6982,1.0,3.0,13.0,17284.1413,72.0,1.0,1.0,1.0,1.0,1.0,1.0,1.0,1.0,1.0,1.0,1.0,1.0
1.0,20.9146,1.0,3.0,18.0,1850.4178,18.0,0.0,0.0,1.0,0.0,0.0,0.0,0.0,0.0,0.0,0.0,0.0,1.0
0.0,42.8224,1.0,2.0,10.0,38551.1086,80.0,1.0,0.0,1.0,0.0,0.0,0.0,0.0,0.0,0.0,0.0,0.0,1.0
0.0,12.5992,1.0,3.0,21.0,13221.37,1.0,1.0,1.0,1.0,1.0,1.0,1.0,1.0,1.0,1.0,1.0,1.0,1.0
0.0,43.6794,1.0,2.0,8.0,12997.1939,66.0,0.0,0.0,1.0,0.0,0.0,0.0,0.0,0.0,0.0,0.0,0.0,1.0
0.0,48.381,1.0,3.0,12.0,1040.0486,91.0,0.0,0.0,1.0,0.0,0.0,0.0,0.0,0.0,0.0,0.0,0.0,0.0
0.0,11.6842,0.0,3.0,7.0,7398.7826,8.0,1.0,1.0,1.0,1.0,1.0,1.0,1.0,1.0,1.0,1.0,1.0,1.0
1.0,8.343,0.0,4.0,23.0,37077.7852,23.0,1.0,1.0,1.0,1.0,1.0,1.0,1.0,1.0,1.0,1.0,1.0,1.0
0.0,47.4026,1.0,1.0,18.0,16848.3612,74.0,0.0,1.0,1.0,0.0,1.0,1.0,0.0,1.0,0.0,1.0,1.0,1.0
1.0,20.3956,0.0,2.0,0.0,32735.5678,20.0,1.0,1.0,1.0,1.0,1.0,1.0,1.0,1.0,1.0,1.0,1.0,1.0
1.0,32.7626,1.0,1.0,0.0,34194.6072,75.0,1.0,0.0,1.0,0.0,0.0,0.0,0.0,0.0,0.0,0.0,0.0,1.0
1.0,6.8599,0.0,2.0,9.0,21353.8644,32.0,1.0,1.0,1.0,1.0,1.0,1.0,1.0,1.0,1.0,1.0,1.0,1.0
0.0,21.146,1.0,2.0,20.0,7047.3471,68.0,1.0,0.0,1.0,0.0,0.0,0.0,0.0,0.0,0.0,0.0,0.0,0.0
1.0,5.8619,0.0,1.0,21.0,25466.8052,62.0,1.0,1.0,1.0,1.0,1.0,1.0,1.0,1.0,1.0,1.0,1.0,1.0
0.0,12.6654,1.0,3.0,8.0,11103.0482,74.0,1.0,1.0,1.0,1.0,1.0,1.0,1.0,1.0,1.0,1.0,1.0,1.0
1.0,33.0875,1.0,2.0,13.0,27001.6274,81.0,1.0,0.0,1.0,0.0,0.0,0.0,0.0,0.0,0.0,0.0,1.0,1.0
1.0,12.5999,0.0,3.0,14.0,1819.4365,98.0,1.0,1.0,1.0,1.0,1.0,1.0,1.0,1.0,1.0,1.0,1.0,1.0
0.0,13.0197,1.0,4.0,12.0,2228.9036,65.0,0.0,0.0,1.0,0.0,0.0,0.0,0.0,0.0,0.0,0.0,0.0,1.0
0.0,26.6698,1.0,4.0,9.0,7126.2766,73.0,1.0,0.0,1.0,0.0,0.0,0.0,0.0,0.0,0.0,0.0,0.0,0.0
1.0,34.7537,0.0,2.0,16.0,3839.174,15.0,1.0,1.0,1.0,1.0,1.0,1.0,1.0,1.0,1.0,1.0,1.0,1.0
1.0,19.541,1.0,1.0,1.0,6120.6304,50.0,1.0,1.0,1.0,1.0,1.0,1.0,1.0,1.0,1.0,1.0,1.0,1.0
1.0,38.2192,1.0,1.0,1.0,30726.2613,70.0,1.0,1.0,1.0,1.0,1.0,1.0,1.0,1.0,1.0,1.0,1.0,1.0
0.0,39.9503,1.0,2.0,7.0,7167.9942,77.0,0.0,0.0,1.0,0.0,0.0,0.0,0.0,0.0,0.0,0.0,0.0,0.0
0.0,32.3197,0.0,4.0,17.0,30563.4269,92.0,1.0,0.0,1.0,0.0,0.0,0.0,0.0,0.0,0.0,0.0,0.0,0.0
0.0,45.392,1.0,1.0,15.0,8956.079,54.0,0.0,0.0,1.0,0.0,0.0,1.0,0.0,1.0,0.0,1.0,1.0,1.0
1.0,47.8271,1.0,3.0,11.0,33747.1406,86.0,0.0,1.0,1.0,0.0,1.0,1.0,0.0,1.0,0.0,1.0,1.0,1.0
1.0,35.4537,1.0,1.0,6.0,28984.5779,79.0,1.0,0.0,1.0,0.0,0.0,0.0,0.0,0.0,0.0,0.0,0.0,0.0
1.0,30.5039,1.0,3.0,12.0,16220.0042,41.0,0.0,1.0,1.0,0.0,1.0,1.0,0.0,0.0,0.0,0.0,1.0,1.0
1.0,29.5859,1.0,1.0,14.0,23578.8652,100.0,1.0,0.0,1.0,0.0,0.0,1.0,0.0,1.0,1.0,1.0,1.0,1.0
1.0,46.0507,1.0,4.0,4.0,33577.2208,25.0,1.0,1.0,1.0,1.0,1.0,1.0,1.0,1.0,1.0,1.0,1.0,1.0
1.0,9.2032,0.0,2.0,1.0,6725.6545,54.0,1.0,1.0,1.0,1.0,1.0,1.0,1.0,1.0,1.0,1.0,1.0,1.0
0.0,34.4051,0.0,2.0,9.0,38897.4266,81.0,1.0,1.0,1.0,1.0,1.0,1.0,1.0,1.0,1.0,1.0,1.0,1.0
0.0,5.4378,1.0,3.0,21.0,14017.9596,58.0,1.0,1.0,1.0,1.0,1.0,1.0,1.0,1.0,1.0,1.0,1.0,1.0
1.0,26.851,0.0,4.0,12.0,38732.3025,82.0,1.0,0.0,1.0,0.0,0.0,0.0,0.0,0.0,0.0,0.0,0.0,0.0
1.0,9.6851,0.0,1.0,4.0,4038.5279,62.0,1.0,1.0,1.0,1.0,1.0,1.0,1.0,1.0,1.0,1.0,1.0,1.0
1.0,10.565,0.0,1.0,8.0,30079.25,44.0,1.0,1.0,1.0,1.0,1.0,1.0,1.0,1.0,1.0,1.0,1.0,1.0
1.0,35.9557,1.0,2.0,15.0,15060.8269,73.0,1.0,0.0,1.0,0.0,0.0,0.0,0.0,0.0,0.0,0.0,0.0,1.0
0.0,45.4532,1.0,3.0,2.0,32780.2431,45.0,0.0,1.0,1.0,0.0,1.0,1.0,0.0,1.0,0.0,1.0,1.0,1.0
1.0,13.8354,1.0,4.0,22.0,29046.6011,44.0,0.0,1.0,1.0,0.0,1.0,1.0,0.0,1.0,0.0,1.0,1.0,1.0
1.0,48.9112,1.0,1.0,1.0,5730.637,9.0,1.0,1.0,1.0,1.0,1.0,1.0,1.0,1.0,1.0,1.0,1.0,1.0
0.0,12.3666,0.0,4.0,11.0,33458.7384,41.0,1.0,1.0,1.0,1.0,1.0,1.0,1.0,1.0,1.0,1.0,1.0,1.0
0.0,34.9412,1.0,2.0,22.0,34451.112,87.0,1.0,1.0,1.0,1.0,1.0,1.0,1.0,1.0,1.0,1.0,1.0,1.0
1.0,35.4022,1.0,2.0,16.0,6857.2036,73.0,1.0,1.0,1.0,1.0,1.0,1.0,1.0,1.0,1.0,1.0,1.0,1.0
0.0,26.7852,1.0,3.0,20.0,20512.9496,3.0,0.0,1.0,1.0,0.0,1.0,1.0,0.0,0.0,0.0,0.0,1.0,1.0
0.0,48.9803,0.0,4.0,2.0,33661.4588,73.0,1.0,0.0,1.0,0.0,0.0,0.0,0.0,0.0,0.0,0.0,0.0,1.0
1.0,31.3538,1.0,2.0,11.0,1530.0661,22.0,0.0,0.0,1.0,0.0,0.0,0.0,0.0,0.0,0.0,0.0,0.0,1.0
1.0,35.0772,0.0,4.0,4.0,36366.4696,59.0,0.0,1.0,1.0,0.0,1.0,1.0,0.0,1.0,0.0,1.0,1.0,1.0
0.0,40.868,0.0,1.0,8.0,23398.6792,21.0,1.0,1.0,1.0,1.0,1.0,1.0,1.0,1.0,1.0,1.0,1.0,1.0
1.0,40.9449,1.0,4.0,12.0,29636.0929,82.0,0.0,1.0,1.0,0.0,1.0,1.0,0.0,1.0,0.0,1.0,1.0,1.0
1.0,18.8724,0.0,3.0,8.0,38911.7277,98.0,1.0,0.0,1.0,0.0,0.0,0.0,0.0,0.0,0.0,0.0,1.0,1.0
1.0,15.1516,1.0,3.0,9.0,32031.2921,2.0,0.0,0.0,1.0,0.0,0.0,0.0,0.0,0.0,0.0,0.0,1.0,1.0
1.0,5.1616,0.0,2.0,7.0,35548.4633,40.0,1.0,1.0,1.0,1.0,1.0,1.0,1.0,1.0,1.0,1.0,1.0,1.0
0.0,8.0784,0.0,3.0,11.0,4193.8179,74.0,1.0,1.0,1.0,1.0,1.0,1.0,1.0,1.0,1.0,1.0,1.0,1.0
0.0,29.1839,0.0,4.0,13.0,14035.4606,67.0,0.0,1.0,1.0,0.0,1.0,1.0,0.0,1.0,0.0,1.0,1.0,1.0
0.0,18.7947,0.0,3.0,16.0,27553.5697,8.0,1.0,1.0,1.0,1.0,1.0,1.0,1.0,1.0,1.0,1.0,1.0,1.0
1.0,48.0484,1.0,1.0,6.0,2034.3962,38.0,0.0,1.0,1.0,0.0,1.0,1.0,0.0,1.0,0.0,1.0,1.0,1.0
0.0,9.6324,1.0,3.0,12.0,12805.7786,70.0,1.0,0.0,1.0,0.0,0.0,0.0,0.0,0.0,0.0,0.0,0.0,0.0
1.0,29.5358,0.0,2.0,13.0,24948.2932,41.0,1.0,1.0,1.0,1.0,1.0,1.0,1.0,1.0,1.0,1.0,1.0,1.0
0.0,36.1509,1.0,2.0,8.0,37323.2194,77.0,0.0,1.0,1.0,0.0,1.0,1.0,0.0,1.0,0.0,1.0,1.0,1.0
1.0,12.0329,0.0,3.0,16.0,21452.9626,71.0,1.0,1.0,1.0,1.0,1.0,1.0,1.0,1.0,1.0,1.0,1.0,1.0
0.0,20.0664,1.0,1.0,14.0,11180.6822,91.0,0.0,0.0,1.0,0.0,0.0,0.0,0.0,0.0,0.0,0.0,1.0,1.0
0.0,48.3154,0.0,2.0,2.0,16337.3562,59.0,1.0,0.0,1.0,0.0,0.0,1.0,0.0,1.0,1.0,1.0,1.0,1.0
1.0,20.9961,0.0,2.0,9.0,16749.0035,100.0,0.0,0.0,1.0,0.0,0.0,0.0,0.0,0.0,0.0,0.0,0.0,0.0
0.0,27.7524,0.0,2.0,10.0,3239.7031,51.0,1.0,1.0,1.0,1.0,1.0,1.0,1.0,1.0,1.0,1.0,1.0,1.0
0.0,41.8773,1.0,1.0,5.0,3979.621,39.0,1.0,1.0,1.0,1.0,1.0,1.0,1.0,1.0,1.0,1.0,1.0,1.0
1.0,14.6332,1.0,2.0,19.0,17464.2024,72.0,0.0,1.0,1.0,0.0,1.0,1.0,0.0,1.0,0.0,1.0,1.0,1.0
0.0,44.9937,1.0,1.0,4.0,23220.5129,99.0,1.0,0.0,1.0,0.0,0.0,0.0,0.0,0.0,0.0,0.0,0.0,0.0
0.0,35.2267,0.0,2.0,19.0,24376.3833,60.0,1.0,0.0,1.0,0.0,0.0,0.0,0.0,0.0,0.0,0.0,0.0,1.0
0.0,7.3883,0.0,2.0,14.0,4712.5885,56.0,1.0,1.0,1.0,1.0,1.0,1.0,1.0,1.0,1.0,1.0,1.0,1.0
1.0,15.6289,1.0,3.0,14.0,29854.5899,17.0,0.0,1.0,1.0,0.0,1.0,1.0,0.0,1.0,0.0,1.0,1.0,1.0
1.0,22.3922,0.0,3.0,3.0,8393.9612,57.0,1.0,0.0,1.0,0.0,0.0,0.0,0.0,0.0,0.0,0.0,0.0,0.0
0.0,37.1928,1.0,2.0,15.0,39349.5065,34.0,1.0,1.0,1.0,1.0,1.0,1.0,1.0,1.0,1.0,1.0,1.0,1.0
0.0,23.2257,1.0,2.0,21.0,9679.1724,97.0,1.0,0.0,1.0,0.0,0.0,0.0,0.0,0.0,0.0,0.0,0.0,0.0
1.0,44.223,0.0,3.0,19.0,10208.8828,76.0,1.0,1.0,1.0,1.0,1.0,1.0,1.0,1.0,1.0,1.0,1.0,1.0
1.0,24.4307,1.0,3.0,15.0,8641.5627,46.0,0.0,1.0,1.0,0.0,1.0,1.0,0.0,0.0,0.0,0.0,0.0,0.0
1.0,47.1505,1.0,2.0,22.0,27847.8971,83.0,0.0,1.0,1.0,0.0,1.0,1.0,0.0,1.0,0.0,1.0,1.0,1.0
1.0,13.0216,0.0,1.0,13.0,22074.6409,11.0,1.0,1.0,1.0,1.0,1.0,1.0,1.0,1.0,1.0,1.0,1.0,1.0
1.0,19.4263,0.0,4.0,16.0,28573.2776,55.0,0.0,1.0,1.0,0.0,1.0,1.0,0.0,0.0,0.0,0.0,1.0,1.0
0.0,17.6577,0.0,2.0,18.0,15033.145,52.0,0.0,1.0,1.0,0.0,1.0,1.0,0.0,1.0,0.0,1.0,1.0,1.0
1.0,26.2583,0.0,2.0,22.0,30610.6281,46.0,1.0,1.0,1.0,1.0,1.0,1.0,1.0,1.0,1.0,1.0,1.0,1.0
0.0,31.2022,1.0,2.0,12.0,18028.6253,5.0,0.0,1.0,1.0,0.0,1.0,1.0,0.0,1.0,0.0,1.0,1.0,1.0
0.0,33.7602,1.0,4.0,7.0,8672.3243,100.0,1.0,0.0,1.0,0.0,0.0,0.0,0.0,0.0,0.0,0.0,0.0,0.0
0.0,36.0029,1.0,3.0,18.0,12043.7261,53.0,1.0,0.0,1.0,0.0,0.0,0.0,0.0,0.0,0.0,0.0,0.0,0.0
0.0,33.5431,0.0,3.0,14.0,3409.0675,79.0,0.0,0.0,1.0,0.0,0.0,0.0,0.0,0.0,0.0,0.0,0.0,0.0
0.0,49.8454,1.0,3.0,8.0,9725.3307,11.0,0.0,1.0,1.0,0.0,1.0,1.0,0.0,1.0,0.0,1.0,1.0,1.0
0.0,12.4323,0.0,1.0,19.0,37674.2202,58.0,0.0,1.0,1.0,0.0,1.0,1.0,0.0,0.0,0.0,0.0,0.0,1.0
1.0,14.1618,1.0,1.0,16.0,22947.9798,68.0,1.0,0.0,1.0,0.0,0.0,0.0,0.0,0.0,0.0,0.0,0.0,0.0
0.0,11.0586,1.0,3.0,20.0,31622.5279,86.0,1.0,0.0,1.0,0.0,0.0,0.0,0.0,0.0,0.0,0.0,1.0,1.0
0.0,19.8091,1.0,2.0,5.0,7462.5258,49.0,0.0,1.0,1.0,0.0,1.0,1.0,0.0,1.0,0.0,1.0,1.0,1.0
1.0,20.5571,1.0,3.0,0.0,39716.0427,6.0,1.0,0.0,1.0,0.0,0.0,0.0,0.0,0.0,0.0,0.0,0.0,0.0
1.0,7.9582,0.0,1.0,3.0,12176.0295,5.0,1.0,0.0,1.0,0.0,0.0,1.0,0.0,1.0,1.0,1.0,1.0,1.0
1.0,25.7049,1.0,2.0,8.0,13877.079,74.0,1.0,1.0,1.0,1.0,1.0,1.0,1.0,1.0,1.0,1.0,1.0,1.0
1.0,37.804,0.0,1.0,22.0,34412.9485,95.0,0.0,1.0,1.0,0.0,1.0,1.0,0.0,0.0,0.0,0.0,0.0,0.0
0.0,42.1243,0.0,4.0,6.0,34925.3787,95.0,1.0,0.0,1.0,0.0,0.0,0.0,0.0,0.0,0.0,0.0,0.0,0.0
0.0,35.2117,0.0,4.0,7.0,2941.6972,56.0,0.0,1.0,1.0,0.0,1.0,1.0,0.0,1.0,0.0,1.0,1.0,1.0
1.0,31.3494,0.0,2.0,1.0,5787.1157,80.0,1.0,1.0,1.0,1.0,1.0,1.0,1.0,1.0,1.0,1.0,1.0,1.0
1.0,42.4624,0.0,3.0,7.0,30922.6112,30.0,1.0,1.0,1.0,1.0,1.0,1.0,1.0,1.0,1.0,1.0,1.0,1.0
0.0,34.0035,0.0,1.0,15.0,22563.1179,18.0,1.0,1.0,1.0,1.0,1.0,1.0,1.0,1.0,1.0,1.0,1.0,1.0
0.0,37.5848,1.0,4.0,4.0,14543.032,66.0,1.0,0.0,1.0,0.0,0.0,0.0,0.0,0.0,0.0,0.0,0.0,1.0
1.0,27.9813,0.0,1.0,3.0,17444.7016,69.0,0.0,1.0,1.0,0.0,1.0,1.0,0.0,0.0,0.0,0.0,0.0,1.0
0.0,27.0073,1.0,3.0,8.0,24989.2547,24.0,1.0,1.0,1.0,1.0,1.0,1.0,1.0,1.0,1.0,1.0,1.0,1.0
1.0,34.3409,1.0,1.0,1.0,36907.2526,56.0,0.0,1.0,1.0,0.0,1.0,1.0,0.0,1.0,0.0,1.0,1.0,1.0
1.0,47.6201,0.0,1.0,22.0,3286.3549,76.0,1.0,1.0,1.0,1.0,1.0,1.0,1.0,1.0,1.0,1.0,1.0,1.0
1.0,34.428,1.0,1.0,3.0,21113.6699,27.0,1.0,1.0,1.0,1.0,1.0,1.0,1.0,1.0,1.0,1.0,1.0,1.0
1.0,30.6318,1.0,2.0,22.0,16215.0745,15.0,1.0,1.0,1.0,1.0,1.0,1.0,1.0,1.0,1.0,1.0,1.0,1.0
0.0,28.3066,1.0,4.0,13.0,14844.0809,6.0,0.0,0.0,1.0,0.0,0.0,0.0,0.0,0.0,0.0,0.0,0.0,0.0
0.0,40.3951,0.0,1.0,6.0,13023.6401,96.0,1.0,0.0,1.0,0.0,0.0,0.0,0.0,0.0,0.0,0.0,0.0,0.0
1.0,44.9446,1.0,2.0,14.0,32058.9417,15.0,1.0,0.0,1.0,0.0,0.0,0.0,0.0,0.0,0.0,0.0,0.0,0.0
0.0,8.9283,1.0,1.0,13.0,28726.0744,41.0,0.0,1.0,1.0,0.0,1.0,1.0,0.0,1.0,0.0,1.0,1.0,1.0
1.0,24.2037,0.0,2.0,14.0,23343.5039,98.0,1.0,1.0,1.0,1.0,1.0,1.0,1.0,1.0,1.0,1.0,1.0,1.0
1.0,41.1105,0.0,1.0,21.0,16929.2584,75.0,1.0,1.0,1.0,1.0,1.0,1.0,1.0,1.0,1.0,1.0,1.0,1.0
0.0,34.4867,1.0,3.0,1.0,11059.8062,26.0,0.0,1.0,1.0,0.0,1.0,1.0,0.0,1.0,0.0,1.0,1.0,1.0
0.0,42.2595,1.0,4.0,12.0,22753.2244,43.0,0.0,0.0,1.0,0.0,0.0,0.0,0.0,0.0,0.0,0.0,0.0,0.0
1.0,28.7192,0.0,4.0,9.0,20080.3637,30.0,1.0,1.0,1.0,1.0,1.0,1.0,1.0,1.0,1.0,1.0,1.0,1.0
1.0,33.6429,0.0,4.0,7.0,38782.5833,66.0,1.0,1.0,1.0,1.0,1.0,1.0,1.0,1.0,1.0,1.0,1.0,1.0
1.0,19.6235,0.0,3.0,1.0,18312.0998,75.0,1.0,1.0,1.0,1.0,1.0,1.0,1.0,1.0,1.0,1.0,1.0,1.0
0.0,48.521,1.0,1.0,16.0,19492.9099,11.0,0.0,1.0,1.0,0.0,1.0,1.0,0.0,1.0,0.0,1.0,1.0,1.0
1.0,6.0683,0.0,2.0,19.0,21414.5052,97.0,1.0,1.0,1.0,1.0,1.0,1.0,1.0,1.0,1.0,1.0,1.0,1.0
0.0,22.5941,1.0,1.0,11.0,5945.1831,5.0,1.0,0.0,1.0,0.0,0.0,0.0,0.0,0.0,0.0,0.0,0.0,0.0
1.0,11.7425,1.0,4.0,14.0,14971.9284,14.0,0.0,0.0,1.0,0.0,0.0,1.0,0.0,1.0,0.0,1.0,1.0,1.0
1.0,37.4519,0.0,1.0,16.0,33995.3587,66.0,1.0,0.0,1.0,0.0,0.0,0.0,0.0,0.0,0.0,0.0,0.0,0.0
1.0,26.1303,1.0,2.0,4.0,37521.738,83.0,1.0,0.0,1.0,0.0,0.0,0.0,0.0,0.0,0.0,0.0,0.0,1.0
0.0,48.6102,0.0,3.0,6.0,14952.8809,25.0,1.0,1.0,1.0,1.0,1.0,1.0,1.0,1.0,1.0,1.0,1.0,1.0
0.0,48.6286,1.0,3.0,16.0,28694.1251,54.0,1.0,1.0,1.0,1.0,1.0,1.0,1.0,1.0,1.0,1.0,1.0,1.0
1.0,19.482,1.0,3.0,9.0,8240.1384,16.0,0.0,1.0,1.0,0.0,1.0,1.0,0.0,1.0,0.0,1.0,1.0,1.0
0.0,32.3423,0.0,2.0,4.0,21096.2837,2.0,1.0,0.0,1.0,0.0,0.0,0.0,0.0,0.0,0.0,0.0,0.0,1.0
1.0,33.5818,0.0,2.0,18.0,22121.9698,39.0,1.0,0.0,1.0,0.0,0.0,0.0,0.0,0.0,0.0,0.0,0.0,1.0
0.0,30.6407,1.0,1.0,3.0,8451.4606,25.0,0.0,0.0,1.0,0.0,0.0,0.0,0.0,0.0,0.0,0.0,0.0,0.0
1.0,7.9946,1.0,1.0,15.0,33789.045,86.0,1.0,0.0,1.0,0.0,0.0,0.0,0.0,0.0,0.0,0.0,0.0,1.0
0.0,23.7671,0.0,2.0,16.0,2985.9815,53.0,1.0,1.0,1.0,1.0,1.0,1.0,1.0,1.0,1.0,1.0,1.0,1.0
1.0,10.0327,0.0,2.0,19.0,14112.4358,35.0,1.0,1.0,1.0,1.0,1.0,1.0,1.0,1.0,1.0,1.0,1.0,1.0
1.0,21.9716,1.0,1.0,23.0,22953.2166,78.0,0.0,1.0,1.0,0.0,1.0,1.0,0.0,1.0,0.0,1.0,1.0,1.0
1.0,5.7638,1.0,3.0,4.0,15838.6053,41.0,1.0,1.0,1.0,1.0,1.0,1.0,1.0,1.0,1.0,1.0,1.0,1.0
1.0,32.8777,0.0,2.0,18.0,37501.2953,55.0,1.0,0.0,1.0,0.0,0.0,0.0,0.0,0.0,0.0,0.0,0.0,0.0
1.0,15.59,1.0,4.0,14.0,9213.7962,55.0,0.0,0.0,1.0,0.0,0.0,1.0,0.0,1.0,0.0,1.0,1.0,1.0
0.0,48.8756,0.0,2.0,0.0,31145.6374,84.0,1.0,1.0,1.0,1.0,1.0,1.0,1.0,1.0,1.0,1.0,1.0,1.0
1.0,12.2035,1.0,2.0,5.0,5602.5521,28.0,0.0,1.0,1.0,0.0,1.0,1.0,0.0,1.0,0.0,1.0,1.0,1.0
0.0,5.7343,0.0,2.0,0.0,17886.7821,15.0,1.0,1.0,1.0,1.0,1.0,1.0,1.0,1.0,1.0,1.0,1.0,1.0
0.0,26.9559,1.0,2.0,1.0,32771.7309,13.0,0.0,0.0,1.0,0.0,0.0,0.0,0.0,0.0,0.0,0.0,0.0,0.0
0.0,17.8518,1.0,4.0,9.0,11832.8233,93.0,1.0,0.0,1.0,0.0,0.0,0.0,0.0,0.0,0.0,0.0,0.0,1.0
1.0,30.991,0.0,4.0,23.0,31647.3728,55.0,1.0,1.0,1.0,1.0,1.0,1.0,1.0,1.0,1.0,1.0,1.0,1.0
1.0,41.5828,0.0,4.0,19.0,2456.1348,99.0,0.0,0.0,1.0,0.0,0.0,0.0,0.0,0.0,0.0,0.0,0.0,0.0
1.0,15.9069,0.0,4.0,23.0,37406.8512,49.0,1.0,1.0,1.0,1.0,1.0,1.0,1.0,1.0,1.0,1.0,1.0,1.0
0.0,26.9566,0.0,1.0,5.0,20283.9662,58.0,1.0,1.0,1.0,1.0,1.0,1.0,1.0,1.0,1.0,1.0,1.0,1.0
0.0,35.5397,0.0,4.0,19.0,11277.6123,30.0,1.0,0.0,1.0,0.0,0.0,0.0,0.0,0.0,0.0,0.0,0.0,1.0
1.0,35.9819,1.0,3.0,4.0,14436.9271,99.0,1.0,1.0,1.0,1.0,1.0,1.0,1.0,1.0,1.0,1.0,1.0,1.0
1.0,46.4391,1.0,2.0,8.0,12183.4371,89.0,0.0,1.0,1.0,0.0,1.0,1.0,0.0,1.0,0.0,1.0,1.0,1.0
0.0,28.6925,0.0,2.0,15.0,6008.4103,15.0,1.0,1.0,1.0,1.0,1.0,1.0,1.0,1.0,1.0,1.0,1.0,1.0
0.0,39.7047,1.0,4.0,16.0,36013.1749,31.0,0.0,1.0,1.0,0.0,1.0,1.0,0.0,0.0,0.0,0.0,0.0,1.0
1.0,33.1887,0.0,2.0,10.0,26332.3091,16.0,1.0,1.0,1.0,1.0,1.0,1.0,1.0,1.0,1.0,1.0,1.0,1.0
0.0,47.0676,0.0,1.0,8.0,14395.9904,72.0,1.0,0.0,1.0,0.0,0.0,0.0,0.0,0.0,0.0,0.0,0.0,0.0
1.0,48.0836,1.0,3.0,13.0,21346.9964,3.0,0.0,1.0,1.0,0.0,1.0,1.0,0.0,1.0,0.0,1.0,1.0,1.0
1.0,35.6872,1.0,4.0,18.0,9668.0346,83.0,1.0,0.0,1.0,0.0,0.0,0.0,0.0,0.0,0.0,0.0,0.0,0.0
1.0,21.9618,0.0,3.0,20.0,33356.5799,86.0,1.0,0.0,1.0,0.0,0.0,1.0,0.0,1.0,1.0,1.0,1.0,1.0
0.0,25.9528,0.0,4.0,1.0,2312.1333,43.0,1.0,0.0,1.0,0.0,0.0,0.0,0.0,0.0,0.0,0.0,0.0,1.0
0.0,46.6378,0.0,3.0,1.0,30869.5191,90.0,1.0,1.0,1.0,1.0,1.0,1.0,1.0,1.0,1.0,1.0,1.0,1.0
1.0,16.7054,0.0,3.0,1.0,20400.7775,35.0,1.0,0.0,1.0,0.0,0.0,0.0,0.0,0.0,0.0,0.0,0.0,0.0
1.0,45.7038,0.0,3.0,14.0,13437.1088,84.0,1.0,0.0,1.0,0.0,0.0,1.0,0.0,1.0,1.0,1.0,1.0,1.0
1.0,11.0743,0.0,3.0,10.0,31574.8905,44.0,0.0,1.0,1.0,0.0,1.0,1.0,0.0,1.0,0.0,1.0,1.0,1.0
1.0,28.6389,1.0,3.0,5.0,33168.6001,72.0,1.0,1.0,1.0,1.0,1.0,1.0,1.0,1.0,1.0,1.0,1.0,1.0
1.0,41.5807,0.0,1.0,21.0,25320.5915,66.0,1.0,1.0,1.0,1.0,1.0,1.0,1.0,1.0,1.0,1.0,1.0,1.0
1.0,36.8184,0.0,3.0,6.0,3981.262,3.0,0.0,1.0,1.0,0.0,1.0,1.0,0.0,1.0,0.0,1.0,1.0,1.0
1.0,38.8141,1.0,2.0,23.0,19263.3795,23.0,1.0,1.0,1.0,1.0,1.0,1.0,1.0,1.0,1.0,1.0,1.0,1.0
1.0,6.0207,1.0,1.0,15.0,25830.0943,85.0,1.0,0.0,1.0,0.0,0.0,0.0,0.0,0.0,0.0,0.0,0.0,1.0
0.0,45.6879,1.0,1.0,16.0,7333.5936,56.0,0.0,1.0,1.0,0.0,1.0,1.0,0.0,1.0,0.0,1.0,1.0,1.0
1.0,42.2825,0.0,3.0,20.0,26124.0351,90.0,1.0,0.0,1.0,0.0,0.0,1.0,0.0,1.0,1.0,1.0,1.0,1.0
1.0,21.6669,1.0,3.0,9.0,2369.7547,34.0,0.0,0.0,1.0,0.0,0.0,0.0,0.0,0.0,0.0,0.0,0.0,0.0
1.0,25.402,0.0,3.0,21.0,37025.6052,74.0,1.0,1.0,1.0,1.0,1.0,1.0,1.0,1.0,1.0,1.0,1.0,1.0
1.0,31.3173,1.0,1.0,2.0,9067.0302,72.0,0.0,1.0,1.0,0.0,1.0,1.0,0.0,0.0,0.0,0.0,1.0,1.0
0.0,47.6503,1.0,2.0,16.0,32215.5031,47.0,1.0,1.0,1.0,1.0,1.0,1.0,1.0,1.0,1.0,1.0,1.0,1.0
1.0,17.9833,1.0,1.0,15.0,28669.0334,15.0,0.0,1.0,1.0,0.0,1.0,1.0,0.0,1.0,0.0,1.0,1.0,1.0
0.0,44.9673,0.0,2.0,8.0,13195.8069,60.0,1.0,1.0,1.0,1.0,1.0,1.0,1.0,1.0,1.0,1.0,1.0,1.0
1.0,5.1737,1.0,3.0,3.0,35998.3312,15.0,1.0,1.0,1.0,1.0,1.0,1.0,1.0,1.0,1.0,1.0,1.0,1.0
1.0,35.5732,1.0,2.0,17.0,21995.4644,3.0,0.0,1.0,1.0,0.0,1.0,1.0,0.0,1.0,0.0,1.0,1.0,1.0
0.0,48.4157,1.0,3.0,17.0,37029.4098,15.0,0.0,1.0,1.0,0.0,1.0,1.0,0.0,1.0,0.0,1.0,1.0,1.0
1.0,44.3083,0.0,1.0,9.0,32260.0617,39.0,1.0,1.0,1.0,1.0,1.0,1.0,1.0,1.0,1.0,1.0,1.0,1.0
0.0,31.128,0.0,4.0,18.0,2939.7038,51.0,1.0,1.0,1.0,1.0,1.0,1.0,1.0,1.0,1.0,1.0,1.0,1.0
1.0,39.8498,0.0,1.0,22.0,19833.4449,8.0,1.0,0.0,1.0,0.0,0.0,0.0,0.0,0.0,0.0,0.0,0.0,0.0
1.0,15.3079,0.0,2.0,5.0,26525.3368,14.0,1.0,1.0,1.0,1.0,1.0,1.0,1.0,1.0,1.0,1.0,1.0,1.0
1.0,24.575,1.0,1.0,8.0,12334.4156,13.0,0.0,0.0,1.0,0.0,0.0,1.0,0.0,1.0,0.0,1.0,1.0,1.0
1.0,43.2966,1.0,2.0,1.0,16324.8873,14.0,0.0,0.0,1.0,0.0,0.0,0.0,0.0,0.0,0.0,0.0,0.0,1.0
0.0,48.9151,0.0,4.0,22.0,13959.3144,13.0,0.0,1.0,1.0,0.0,1.0,1.0,0.0,1.0,0.0,1.0,1.0,1.0
0.0,31.6332,1.0,1.0,22.0,24674.3383,66.0,0.0,1.0,1.0,0.0,1.0,1.0,0.0,1.0,0.0,1.0,1.0,1.0
0.0,14.3785,0.0,2.0,8.0,17981.3578,47.0,0.0,0.0,1.0,0.0,0.0,0.0,0.0,0.0,0.0,0.0,0.0,1.0
0.0,40.9173,1.0,3.0,16.0,4952.5749,90.0,1.0,0.0,1.0,0.0,0.0,0.0,0.0,0.0,0.0,0.0,0.0,0.0
1.0,6.9406,0.0,4.0,14.0,17762.0142,88.0,1.0,1.0,1.0,1.0,1.0,1.0,1.0,1.0,1.0,1.0,1.0,1.0
0.0,20.4162,0.0,1.0,10.0,39156.1823,85.0,1.0,1.0,1.0,1.0,1.0,1.0,1.0,1.0,1.0,1.0,1.0,1.0
0.0,35.2694,0.0,2.0,12.0,5644.3479,68.0,1.0,1.0,1.0,1.0,1.0,1.0,1.0,1.0,1.0,1.0,1.0,1.0
0.0,17.6127,0.0,3.0,8.0,28481.2893,30.0,0.0,1.0,1.0,0.0,1.0,1.0,0.0,1.0,0.0,1.0,1.0,1.0
0.0,36.2557,0.0,1.0,17.0,16764.8643,8.0,1.0,1.0,1.0,1.0,1.0,1.0,1.0,1.0,1.0,1.0,1.0,1.0
1.0,17.8019,0.0,1.0,23.0,25476.6527,94.0,1.0,0.0,1.0,0.0,0.0,1.0,0.0,1.0,1.0,1.0,1.0,1.0
0.0,8.5155,1.0,2.0,19.0,29756.2218,20.0,0.0,1.0,1.0,0.0,1.0,1.0,0.0,0.0,0.0,0.0,1.0,1.0
0.0,41.7928,1.0,2.0,17.0,24510.6238,28.0,1.0,0.0,1.0,0.0,0.0,1.0,0.0,1.0,1.0,1.0,1.0,1.0
0.0,22.5667,0.0,4.0,23.0,26717.5838,38.0,0.0,0.0,1.0,0.0,0.0,0.0,0.0,0.0,0.0,0.0,0.0,0.0
0.0,43.3481,0.0,4.0,13.0,7782.6672,70.0,1.0,1.0,1.0,1.0,1.0,1.0,1.0,1.0,1.0,1.0,1.0,1.0
1.0,26.3085,0.0,1.0,15.0,7756.6651,13.0,1.0,1.0,1.0,1.0,1.0,1.0,1.0,1.0,1.0,1.0,1.0,1.0
1.0,24.9737,0.0,2.0,1.0,24745.7039,52.0,1.0,0.0,1.0,0.0,0.0,0.0,0.0,0.0,0.0,0.0,0.0,0.0
0.0,32.6492,1.0,4.0,21.0,7809.3347,75.0,0.0,0.0,1.0,0.0,0.0,0.0,0.0,0.0,0.0,0.0,0.0,0.0
1.0,42.6009,1.0,4.0,11.0,5389.6065,53.0,1.0,0.0,1.0,0.0,0.0,0.0,0.0,0.0,0.0,0.0,0.0,1.0
1.0,5.6918,1.0,3.0,17.0,24656.1699,84.0,1.0,1.0,1.0,1.0,1.0,1.0,1.0,1.0,1.0,1.0,1.0,1.0
1.0,34.4453,1.0,4.0,7.0,16615.4158,55.0,0.0,1.0,1.0,0.0,1.0,1.0,0.0,1.0,0.0,1.0,1.0,1.0
0.0,33.9567,1.0,2.0,12.0,31400.0719,79.0,0.0,1.0,1.0,0.0,1.0,1.0,0.0,1.0,0.0,1.0,1.0,1.0
0.0,17.6277,1.0,2.0,17.0,18905.6384,100.0,1.0,0.0,1.0,0.0,0.0,0.0,0.0,0.0,0.0,0.0,0.0,0.0
1.0,41.8413,1.0,1.0,19.0,33046.2343,65.0,1.0,1.0,1.0,1.0,1.0,1.0,1.0,1.0,1.0,1.0,1.0,1.0
0.0,44.158,0.0,3.0,20.0,20802.7086,75.0,1.0,1.0,1.0,1.0,1.0,1.0,1.0,1.0,1.0,1.0,1.0,1.0
1.0,5.2613,1.0,2.0,13.0,17187.2438,25.0,0.0,1.0,1.0,0.0,1.0,1.0,0.0,1.0,0.0,1.0,1.0,1.0
1.0,8.154,1.0,4.0,22.0,4308.965,83.0,1.0,1.0,1.0,1.0,1.0,1.0,1.0,1.0,1.0,1.0,1.0,1.0
1.0,9.3804,1.0,4.0,6.0,28246.2656,38.0,1.0,1.0,1.0,1.0,1.0,1.0,1.0,1.0,1.0,1.0,1.0,1.0
1.0,16.1596,0.0,4.0,16.0,17752.5788,54.0,1.0,1.0,1.0,1.0,1.0,1.0,1.0,1.0,1.0,1.0,1.0,1.0
0.0,40.1347,0.0,3.0,2.0,9611.4922,43.0,1.0,1.0,1.0,1.0,1.0,1.0,1.0,1.0,1.0,1.0,1.0,1.0
1.0,25.4902,1.0,2.0,9.0,32303.9122,90.0,1.0,1.0,1.0,1.0,1.0,1.0,1.0,1.0,1.0,1.0,1.0,1.0
0.0,29.7743,1.0,4.0,17.0,8027.692,26.0,0.0,1.0,1.0,0.0,1.0,1.0,0.0,0.0,0.0,0.0,1.0,1.0
0.0,14.9104,0.0,3.0,15.0,1893.3453,61.0,1.0,1.0,1.0,1.0,1.0,1.0,1.0,1.0,1.0,1.0,1.0,1.0
0.0,48.2569,0.0,4.0,23.0,37491.8272,88.0,0.0,1.0,1.0,0.0,1.0,1.0,0.0,0.0,0.0,0.0,0.0,1.0
0.0,40.1172,1.0,1.0,11.0,31776.9756,23.0,1.0,0.0,1.0,0.0,0.0,0.0,0.0,0.0,0.0,0.0,0.0,0.0
1.0,5.7843,1.0,2.0,15.0,38396.7592,47.0,1.0,1.0,1.0,1.0,1.0,1.0,1.0,1.0,1.0,1.0,1.0,1.0
0.0,32.9481,1.0,2.0,22.0,7463.7011,69.0,0.0,0.0,1.0,0.0,0.0,0.0,0.0,0.0,0.0,0.0,0.0,0.0
0.0,35.0192,0.0,1.0,16.0,23466.6654,81.0,1.0,0.0,1.0,0.0,0.0,0.0,0.0,0.0,0.0,0.0,0.0,0.0
1.0,34.7152,0.0,2.0,4.0,4069.5253,44.0,1.0,1.0,1.0,1.0,1.0,1.0,1.0,1.0,1.0,1.0,1.0,1.0
1.0,46.719,0.0,3.0,4.0,29004.4063,38.0,1.0,1.0,1.0,1.0,1.0,1.0,1.0,1.0,1.0,1.0,1.0,1.0
1.0,29.9425,1.0,2.0,0.0,34640.4005,59.0,0.0,0.0,1.0,0.0,0.0,0.0,0.0,0.0,0.0,0.0,0.0,1.0
0.0,49.3942,1.0,4.0,5.0,29378.9503,31.0,0.0,1.0,1.0,0.0,1.0,1.0,0.0,1.0,0.0,1.0,1.0,1.0
0.0,30.3162,1.0,4.0,15.0,15433.1625,61.0,1.0,1.0,1.0,1.0,1.0,1.0,1.0,1.0,1.0,1.0,1.0,1.0
1.0,49.2286,1.0,1.0,17.0,13163.538,25.0,0.0,1.0,1.0,0.0,1.0,1.0,0.0,1.0,0.0,1.0,1.0,1.0
0.0,36.8782,1.0,4.0,12.0,32104.1004,11.0,0.0,0.0,1.0,0.0,0.0,1.0,0.0,1.0,0.0,1.0,1.0,1.0
1.0,45.6211,0.0,1.0,19.0,9440.1886,56.0,0.0,1.0,1.0,0.0,1.0,1.0,0.0,1.0,0.0,1.0,1.0,1.0
0.0,43.7723,0.0,3.0,5.0,31246.1119,60.0,1.0,1.0,1.0,1.0,1.0,1.0,1.0,1.0,1.0,1.0,1.0,1.0
1.0,11.6506,1.0,2.0,15.0,15244.2172,39.0,0.0,0.0,1.0,0.0,0.0,0.0,0.0,0.0,0.0,0.0,0.0,1.0
0.0,11.5127,0.0,2.0,1.0,26673.6013,33.0,1.0,1.0,1.0,1.0,1.0,1.0,1.0,1.0,1.0,1.0,1.0,1.0
1.0,27.2355,0.0,4.0,12.0,27809.1368,57.0,1.0,1.0,1.0,1.0,1.0,1.0,1.0,1.0,1.0,1.0,1.0,1.0
1.0,45.864,1.0,3.0,22.0,17948.4056,69.0,0.0,1.0,1.0,0.0,1.0,1.0,0.0,1.0,0.0,1.0,1.0,1.0
0.0,32.5753,0.0,1.0,1.0,15382.7208,75.0,1.0,1.0,1.0,1.0,1.0,1.0,1.0,1.0,1.0,1.0,1.0,1.0
0.0,23.6961,0.0,4.0,15.0,30955.897,79.0,0.0,1.0,1.0,0.0,1.0,1.0,0.0,1.0,0.0,1.0,1.0,1.0
0.0,49.057,0.0,1.0,10.0,14922.5392,75.0,1.0,1.0,1.0,1.0,1.0,1.0,1.0,1.0,1.0,1.0,1.0,1.0
1.0,41.033,0.0,3.0,8.0,18502.7558,1.0,1.0,0.0,1.0,0.0,0.0,0.0,0.0,0.0,0.0,0.0,0.0,0.0
1.0,14.6665,1.0,4.0,4.0,6852.3055,1.0,1.0,1.0,1.0,1.0,1.0,1.0,1.0,1.0,1.0,1.0,1.0,1.0
0.0,45.4619,0.0,4.0,20.0,22659.8251,88.0,1.0,1.0,1.0,1.0,1.0,1.0,1.0,1.0,1.0,1.0,1.0,1.0
1.0,30.4884,0.0,4.0,13.0,2921.5861,87.0,0.0,1.0,1.0,0.0,1.0,1.0,0.0,0.0,0.0,0.0,0.0,1.0
0.0,15.1853,1.0,4.0,3.0,20805.1119,47.0,0.0,0.0,1.0,0.0,0.0,1.0,0.0,1.0,0.0,1.0,1.0,1.0
1.0,11.0328,0.0,4.0,23.0,19301.9059,97.0,1.0,1.0,1.0,1.0,1.0,1.0,1.0,1.0,1.0,1.0,1.0,1.0
1.0,11.3559,1.0,3.0,20.0,26272.0036,24.0,1.0,1.0,1.0,1.0,1.0,1.0,1.0,1.0,1.0,1.0,1.0,1.0
1.0,32.2987,1.0,3.0,12.0,10158.2355,20.0,0.0,1.0,1.0,0.0,1.0,1.0,0.0,1.0,0.0,1.0,1.0,1.0
1.0,14.4535,0.0,4.0,18.0,19070.3251,14.0,0.0,1.0,1.0,0.0,1.0,1.0,0.0,1.0,0.0,1.0,1.0,1.0
0.0,43.0758,0.0,4.0,7.0,22332.8706,97.0,1.0,0.0,1.0,0.0,0.0,1.0,0.0,1.0,1.0,1.0,1.0,1.0
1.0,40.3604,0.0,2.0,5.0,16452.8657,74.0,1.0,1.0,1.0,1.0,1.0,1.0,1.0,1.0,1.0,1.0,1.0,1.0
0.0,18.2662,1.0,3.0,20.0,39961.9952,7.0,1.0,1.0,1.0,1.0,1.0,1.0,1.0,1.0,1.0,1.0,1.0,1.0
0.0,30.4226,0.0,3.0,11.0,16540.5533,41.0,0.0,1.0,1.0,0.0,1.0,1.0,0.0,1.0,0.0,1.0,1.0,1.0
1.0,8.2562,1.0,2.0,8.0,22612.4049,87.0,0.0,1.0,1.0,0.0,1.0,1.0,0.0,1.0,0.0,1.0,1.0,1.0
1.0,48.4236,0.0,3.0,14.0,27341.1269,69.0,0.0,1.0,1.0,0.0,1.0,1.0,0.0,1.0,0.0,1.0,1.0,1.0
0.0,34.4803,0.0,3.0,12.0,9059.8785,4.0,1.0,0.0,1.0,0.0,0.0,0.0,0.0,0.0,0.0,0.0,0.0,1.0
1.0,16.5611,0.0,1.0,7.0,13164.1739,36.0,1.0,1.0,1.0,1.0,1.0,1.0,1.0,1.0,1.0,1.0,1.0,1.0
0.0,8.7467,1.0,1.0,4.0,20873.8824,50.0,0.0,0.0,1.0,0.0,0.0,0.0,0.0,0.0,0.0,0.0,0.0,0.0
0.0,33.6556,1.0,1.0,19.0,2445.0548,61.0,0.0,0.0,1.0,0.0,0.0,0.0,0.0,0.0,0.0,0.0,0.0,0.0
1.0,48.9749,1.0,4.0,0.0,13181.3944,61.0,0.0,1.0,1.0,0.0,1.0,1.0,0.0,1.0,0.0,1.0,1.0,1.0
0.0,30.3667,0.0,2.0,0.0,26617.0715,89.0,1.0,1.0,1.0,1.0,1.0,1.0,1.0,1.0,1.0,1.0,1.0,1.0
1.0,24.0404,1.0,4.0,22.0,26071.8021,63.0,0.0,0.0,1.0,0.0,0.0,1.0,0.0,1.0,0.0,1.0,1.0,1.0
0.0,22.7683,0.0,2.0,0.0,31097.0904,84.0,1.0,1.0,1.0,1.0,1.0,1.0,1.0,1.0,1.0,1.0,1.0,1.0
1.0,49.9956,0.0,1.0,22.0,5327.8184,95.0,1.0,0.0,1.0,0.0,0.0,0.0,0.0,0.0,0.0,0.0,0.0,1.0
0.0,44.3803,0.0,3.0,12.0,33496.0703,67.0,1.0,1.0,1.0,1.0,1.0,1.0,1.0,1.0,1.0,1.0,1.0,1.0
1.0,37.5144,0.0,1.0,20.0,8195.9647,91.0,1.0,1.0,1.0,1.0,1.0,1.0,1.0,1.0,1.0,1.0,1.0,1.0
1.0,48.4099,1.0,4.0,19.0,8396.4473,25.0,0.0,1.0,1.0,0.0,1.0,1.0,0.0,1.0,0.0,1.0,1.0,1.0
1.0,44.0573,0.0,2.0,4.0,7141.1714,63.0,1.0,1.0,1.0,1.0,1.0,1.0,1.0,1.0,1.0,1.0,1.0,1.0
0.0,33.2351,1.0,2.0,15.0,35395.9513,73.0,0.0,1.0,1.0,0.0,1.0,1.0,0.0,1.0,0.0,1.0,1.0,1.0
1.0,25.4891,0.0,3.0,0.0,8810.8268,88.0,1.0,1.0,1.0,1.0,1.0,1.0,1.0,1.0,1.0,1.0,1.0,1.0
0.0,47.0843,1.0,2.0,14.0,34579.5532,42.0,0.0,0.0,1.0,0.0,0.0,0.0,0.0,0.0,0.0,0.0,0.0,1.0
0.0,11.786,0.0,1.0,7.0,35205.7134,81.0,0.0,1.0,1.0,0.0,1.0,1.0,0.0,1.0,0.0,1.0,1.0,1.0
1.0,14.9432,0.0,1.0,15.0,28129.1931,97.0,1.0,1.0,1.0,1.0,1.0,1.0,1.0,1.0,1.0,1.0,1.0,1.0
0.0,39.7205,1.0,1.0,10.0,38245.0979,9.0,0.0,0.0,1.0,0.0,0.0,0.0,0.0,0.0,0.0,0.0,0.0,0.0
0.0,40.3368,1.0,1.0,23.0,15768.3322,54.0,0.0,1.0,1.0,0.0,1.0,1.0,0.0,1.0,0.0,1.0,1.0,1.0
0.0,17.8238,0.0,2.0,23.0,18272.4051,10.0,1.0,1.0,1.0,1.0,1.0,1.0,1.0,1.0,1.0,1.0,1.0,1.0
1.0,36.1533,1.0,3.0,23.0,31140.4372,46.0,1.0,0.0,1.0,0.0,0.0,0.0,0.0,0.0,0.0,0.0,0.0,0.0
0.0,11.9273,1.0,4.0,10.0,1574.4288,44.0,1.0,0.0,1.0,0.0,0.0,0.0,0.0,0.0,0.0,0.0,1.0,1.0
1.0,33.9326,0.0,2.0,3.0,11409.8017,25.0,1.0,1.0,1.0,1.0,1.0,1.0,1.0,1.0,1.0,1.0,1.0,1.0
1.0,34.7746,1.0,1.0,7.0,1386.8214,74.0,0.0,1.0,1.0,0.0,1.0,1.0,0.0,1.0,0.0,1.0,1.0,1.0
1.0,21.8883,0.0,2.0,21.0,27509.6239,19.0,1.0,0.0,1.0,0.0,0.0,0.0,0.0,0.0,0.0,0.0,0.0,0.0
1.0,40.4633,1.0,1.0,8.0,5154.5895,12.0,1.0,0.0,1.0,0.0,0.0,0.0,0.0,0.0,0.0,0.0,0.0,1.0
0.0,17.3986,1.0,1.0,13.0,32036.4013,16.0,0.0,1.0,1.0,0.0,1.0,1.0,0.0,1.0,0.0,1.0,1.0,1.0
0.0,10.9978,1.0,1.0,1.0,39099.7004,58.0,0.0,1.0,1.0,0.0,1.0,1.0,0.0,1.0,0.0,1.0,1.0,1.0
0.0,5.6617,0.0,1.0,20.0,38204.4535,6.0,0.0,1.0,1.0,0.0,1.0,1.0,0.0,1.0,0.0,1.0,1.0,1.0
1.0,22.8498,0.0,4.0,6.0,37489.4268,99.0,1.0,0.0,1.0,0.0,0.0,0.0,0.0,0.0,0.0,0.0,0.0,0.0
1.0,39.6176,1.0,1.0,17.0,10301.8623,33.0,0.0,0.0,1.0,0.0,0.0,0.0,0.0,0.0,0.0,0.0,0.0,0.0
0.0,12.6617,1.0,1.0,3.0,13397.2968,50.0,0.0,1.0,1.0,0.0,1.0,1.0,0.0,1.0,0.0,1.0,1.0,1.0
1.0,42.4018,1.0,1.0,3.0,39853.7236,82.0,0.0,1.0,1.0,0.0,1.0,1.0,0.0,0.0,0.0,0.0,1.0,1.0
1.0,36.8468,1.0,3.0,13.0,32077.0041,10.0,0.0,1.0,1.0,0.0,1.0,1.0,0.0,0.0,0.0,0.0,0.0,0.0
1.0,13.7918,1.0,1.0,15.0,38810.5029,58.0,1.0,0.0,1.0,0.0,0.0,1.0,0.0,1.0,1.0,1.0,1.0,1.0
0.0,41.524,0.0,3.0,0.0,4555.0162,52.0,0.0,1.0,1.0,0.0,1.0,1.0,0.0,1.0,0.0,1.0,1.0,1.0
0.0,31.6976,0.0,4.0,19.0,10971.5888,73.0,1.0,1.0,1.0,1.0,1.0,1.0,1.0,1.0,1.0,1.0,1.0,1.0
1.0,28.587,1.0,3.0,7.0,24899.9294,65.0,0.0,1.0,1.0,0.0,1.0,1.0,0.0,0.0,0.0,0.0,1.0,1.0
1.0,18.5826,1.0,1.0,8.0,3851.4049,70.0,1.0,0.0,1.0,0.0,0.0,0.0,0.0,0.0,0.0,0.0,0.0,0.0
1.0,35.0696,1.0,3.0,9.0,36048.7051,4.0,0.0,1.0,1.0,0.0,1.0,1.0,0.0,0.0,0.0,0.0,0.0,1.0
0.0,17.9783,1.0,3.0,9.0,21096.5585,47.0,0.0,0.0,1.0,0.0,0.0,0.0,0.0,0.0,0.0,0.0,0.0,0.0
1.0,27.3652,0.0,4.0,8.0,15741.0996,71.0,1.0,0.0,1.0,0.0,0.0,0.0,0.0,0.0,0.0,0.0,0.0,0.0
0.0,14.4183,0.0,1.0,22.0,16055.4962,50.0,0.0,0.0,1.0,0.0,0.0,0.0,0.0,0.0,0.0,0.0,1.0,1.0
1.0,28.7684,1.0,3.0,20.0,33998.682,30.0,0.0,1.0,1.0,0.0,1.0,1.0,0.0,1.0,0.0,1.0,1.0,1.0
1.0,39.1031,0.0,4.0,5.0,17228.5158,8.0,1.0,1.0,1.0,1.0,1.0,1.0,1.0,1.0,1.0,1.0,1.0,1.0
0.0,44.0264,0.0,2.0,6.0,3236.4375,47.0,0.0,1.0,1.0,0.0,1.0,1.0,0.0,1.0,0.0,1.0,1.0,1.0
0.0,24.4926,1.0,4.0,13.0,9967.8525,52.0,1.0,1.0,1.0,1.0,1.0,1.0,1.0,1.0,1.0,1.0,1.0,1.0
0.0,17.0324,0.0,4.0,3.0,22075.2112,28.0,1.0,1.0,1.0,1.0,1.0,1.0,1.0,1.0,1.0,1.0,1.0,1.0
0.0,9.2198,0.0,4.0,20.0,33435.4165,87.0,1.0,0.0,1.0,0.0,0.0,1.0,0.0,1.0,1.0,1.0,1.0,1.0
0.0,32.5952,1.0,2.0,6.0,24328.3081,43.0,0.0,0.0,1.0,0.0,0.0,0.0,0.0,0.0,0.0,0.0,0.0,1.0
1.0,42.5938,0.0,1.0,10.0,16905.4651,28.0,1.0,1.0,1.0,1.0,1.0,1.0,1.0,1.0,1.0,1.0,1.0,1.0
0.0,18.3058,1.0,1.0,1.0,24264.0723,53.0,1.0,1.0,1.0,1.0,1.0,1.0,1.0,1.0,1.0,1.0,1.0,1.0
1.0,23.1173,1.0,4.0,20.0,31786.8817,70.0,0.0,0.0,1.0,0.0,0.0,0.0,0.0,0.0,0.0,0.0,0.0,1.0
0.0,7.5096,0.0,4.0,6.0,12479.5602,48.0,1.0,1.0,1.0,1.0,1.0,1.0,1.0,1.0,1.0,1.0,1.0,1.0
1.0,25.6271,0.0,2.0,19.0,36175.8542,71.0,1.0,0.0,1.0,0.0,0.0,1.0,0.0,1.0,1.0,1.0,1.0,1.0
0.0,45.9705,1.0,4.0,18.0,9443.7268,65.0,0.0,1.0,1.0,0.0,1.0,1.0,0.0,0.0,0.0,0.0,0.0,1.0
1.0,17.3327,0.0,2.0,20.0,33826.2562,96.0,1.0,1.0,1.0,1.0,1.0,1.0,1.0,1.0,1.0,1.0,1.0,1.0
0.0,40.7949,0.0,3.0,15.0,19794.6939,69.0,1.0,0.0,1.0,0.0,0.0,0.0,0.0,0.0,0.0,0.0,1.0,1.0
1.0,21.631,0.0,1.0,14.0,25849.8609,6.0,1.0,0.0,1.0,0.0,0.0,1.0,0.0,1.0,1.0,1.0,1.0,1.0
0.0,11.4142,0.0,4.0,19.0,30875.2022,45.0,1.0,1.0,1.0,1.0,1.0,1.0,1.0,1.0,1.0,1.0,1.0,1.0
0.0,27.2167,0.0,2.0,14.0,18879.2833,37.0,1.0,1.0,1.0,1.0,1.0,1.0,1.0,1.0,1.0,1.0,1.0,1.0
0.0,6.7216,1.0,1.0,13.0,18460.5712,17.0,0.0,1.0,1.0,0.0,1.0,1.0,0.0,1.0,0.0,1.0,1.0,1.0
0.0,47.1551,1.0,1.0,18.0,26806.8199,57.0,0.0,1.0,1.0,0.0,1.0,1.0,0.0,1.0,0.0,1.0,1.0,1.0
0.0,13.6674,1.0,3.0,15.0,38751.3155,5.0,0.0,1.0,1.0,0.0,1.0,1.0,0.0,1.0,0.0,1.0,1.0,1.0
1.0,27.0116,1.0,3.0,4.0,9879.1675,87.0,1.0,1.0,1.0,1.0,1.0,1.0,1.0,1.0,1.0,1.0,1.0,1.0
1.0,37.9362,1.0,3.0,11.0,16452.7576,2.0,1.0,1.0,1.0,1.0,1.0,1.0,1.0,1.0,1.0,1.0,1.0,1.0
1.0,25.8232,0.0,4.0,1.0,8528.6204,11.0,1.0,1.0,1.0,1.0,1.0,1.0,1.0,1.0,1.0,1.0,1.0,1.0
0.0,44.9392,1.0,1.0,17.0,31120.1529,46.0,0.0,0.0,1.0,0.0,0.0,1.0,0.0,1.0,0.0,1.0,1.0,1.0
0.0,13.4364,1.0,2.0,19.0,26025.5382,36.0,0.0,1.0,1.0,0.0,1.0,1.0,0.0,1.0,0.0,1.0,1.0,1.0
1.0,37.151,1.0,1.0,7.0,16753.9306,80.0,1.0,1.0,1.0,1.0,1.0,1.0,1.0,1.0,1.0,1.0,1.0,1.0
0.0,11.1998,0.0,2.0,7.0,37973.4044,9.0,1.0,1.0,1.0,1.0,1.0,1.0,1.0,1.0,1.0,1.0,1.0,1.0
0.0,17.7912,1.0,3.0,3.0,33872.6813,10.0,0.0,1.0,1.0,0.0,1.0,1.0,0.0,1.0,0.0,1.0,1.0,1.0
1.0,28.1006,0.0,4.0,14.0,3277.9894,33.0,1.0,1.0,1.0,1.0,1.0,1.0,1.0,1.0,1.0,1.0,1.0,1.0
1.0,44.6044,0.0,1.0,1.0,13057.8425,70.0,1.0,1.0,1.0,1.0,1.0,1.0,1.0,1.0,1.0,1.0,1.0,1.0
0.0,31.6181,1.0,1.0,19.0,19399.0166,68.0,1.0,1.0,1.0,1.0,1.0,1.0,1.0,1.0,1.0,1.0,1.0,1.0
0.0,6.5735,1.0,1.0,10.0,6452.9262,25.0,1.0,1.0,1.0,1.0,1.0,1.0,1.0,1.0,1.0,1.0,1.0,1.0
1.0,29.6504,0.0,3.0,0.0,24119.9778,62.0,1.0,1.0,1.0,1.0,1.0,1.0,1.0,1.0,1.0,1.0,1.0,1.0
0.0,20.8718,1.0,2.0,21.0,35032.1336,64.0,1.0,1.0,1.0,1.0,1.0,1.0,1.0,1.0,1.0,1.0,1.0,1.0
0.0,45.4514,1.0,3.0,10.0,6022.6791,41.0,1.0,0.0,1.0,0.0,0.0,0.0,0.0,0.0,0.0,0.0,0.0,0.0
1.0,41.5372,0.0,1.0,16.0,32901.0349,85.0,1.0,1.0,1.0,1.0,1.0,1.0,1.0,1.0,1.0,1.0,1.0,1.0
0.0,27.2564,1.0,4.0,14.0,3860.0548,86.0,1.0,1.0,1.0,1.0,1.0,1.0,1.0,1.0,1.0,1.0,1.0,1.0
0.0,20.1712,0.0,1.0,0.0,28074.6603,82.0,0.0,1.0,1.0,0.0,1.0,1.0,0.0,1.0,0.0,1.0,1.0,1.0
1.0,15.4576,1.0,2.0,1.0,8967.0209,45.0,0.0,1.0,1.0,0.0,1.0,1.0,0.0,1.0,0.0,1.0,1.0,1.0
0.0,27.4551,0.0,2.0,20.0,37693.4633,68.0,1.0,1.0,1.0,1.0,1.0,1.0,1.0,1.0,1.0,1.0,1.0,1.0
1.0,6.7046,0.0,2.0,18.0,20301.6644,44.0,1.0,1.0,1.0,1.0,1.0,1.0,1.0,1.0,1.0,1.0,1.0,1.0
0.0,36.9053,0.0,1.0,9.0,37318.6178,58.0,1.0,0.0,1.0,0.0,0.0,1.0,0.0,1.0,1.0,1.0,1.0,1.0
1.0,42.642,0.0,3.0,20.0,18413.1614,9.0,1.0,1.0,1.0,1.0,1.0,1.0,1.0,1.0,1.0,1.0,1.0,1.0
0.0,40.0035,1.0,3.0,10.0,37522.0592,9.0,0.0,0.0,1.0,0.0,0.0,1.0,0.0,1.0,0.0,1.0,1.0,1.0
0.0,5.6581,1.0,4.0,9.0,12580.4134,80.0,1.0,1.0,1.0,1.0,1.0,1.0,1.0,1.0,1.0,1.0,1.0,1.0
1.0,8.8601,1.0,1.0,12.0,14862.4967,44.0,0.0,0.0,1.0,0.0,0.0,0.0,0.0,0.0,0.0,0.0,0.0,0.0
0.0,17.7795,1.0,3.0,10.0,21671.5264,96.0,1.0,0.0,1.0,0.0,0.0,0.0,0.0,0.0,0.0,0.0,0.0,1.0
0.0,20.5557,0.0,4.0,16.0,7261.8171,4.0,1.0,0.0,1.0,0.0,0.0,0.0,0.0,0.0,0.0,0.0,0.0,1.0
1.0,49.2463,1.0,4.0,21.0,6078.3805,97.0,0.0,0.0,1.0,0.0,0.0,1.0,0.0,1.0,0.0,1.0,1.0,1.0
1.0,30.0631,1.0,2.0,6.0,1018.4808,83.0,1.0,1.0,1.0,1.0,1.0,1.0,1.0,1.0,1.0,1.0,1.0,1.0
1.0,42.5638,0.0,4.0,20.0,4819.0734,1.0,0.0,0.0,1.0,0.0,0.0,0.0,0.0,0.0,0.0,0.0,0.0,0.0
1.0,34.8017,1.0,4.0,13.0,21174.1298,36.0,1.0,1.0,1.0,1.0,1.0,1.0,1.0,1.0,1.0,1.0,1.0,1.0
0.0,47.7696,1.0,2.0,15.0,23678.9461,92.0,0.0,1.0,1.0,0.0,1.0,1.0,0.0,1.0,0.0,1.0,1.0,1.0
1.0,49.1181,1.0,1.0,20.0,1738.9444,57.0,0.0,0.0,1.0,0.0,0.0,1.0,0.0,0.0,0.0,0.0,1.0,1.0
0.0,30.4798,0.0,1.0,21.0,33509.8731,34.0,0.0,1.0,1.0,0.0,1.0,1.0,0.0,1.0,0.0,1.0,1.0,1.0
0.0,13.1806,1.0,3.0,10.0,32682.2353,41.0,0.0,1.0,1.0,0.0,1.0,1.0,0.0,1.0,0.0,1.0,1.0,1.0
0.0,43.6077,1.0,3.0,10.0,36129.5446,73.0,0.0,1.0,1.0,0.0,1.0,1.0,0.0,0.0,0.0,0.0,1.0,1.0
1.0,12.5388,0.0,2.0,14.0,25517.323,71.0,1.0,1.0,1.0,1.0,1.0,1.0,1.0,1.0,1.0,1.0,1.0,1.0
0.0,46.9353,1.0,3.0,20.0,25420.0698,40.0,0.0,1.0,1.0,0.0,1.0,1.0,0.0,1.0,0.0,1.0,1.0,1.0
1.0,48.3149,0.0,1.0,9.0,25362.8954,90.0,0.0,0.0,1.0,0.0,0.0,0.0,0.0,0.0,0.0,0.0,0.0,1.0
1.0,16.1287,1.0,1.0,12.0,20033.4468,47.0,0.0,1.0,1.0,0.0,1.0,1.0,0.0,1.0,0.0,1.0,1.0,1.0
1.0,24.5702,0.0,2.0,7.0,3713.2664,24.0,1.0,1.0,1.0,1.0,1.0,1.0,1.0,1.0,1.0,1.0,1.0,1.0
1.0,26.13,0.0,2.0,17.0,34063.9149,92.0,1.0,0.0,1.0,0.0,0.0,0.0,0.0,0.0,0.0,0.0,0.0,1.0
0.0,29.0853,0.0,4.0,4.0,2426.8014,62.0,1.0,0.0,1.0,0.0,0.0,0.0,0.0,0.0,0.0,0.0,1.0,1.0
0.0,12.7427,0.0,4.0,18.0,33042.5753,22.0,1.0,1.0,1.0,1.0,1.0,1.0,1.0,1.0,1.0,1.0,1.0,1.0
1.0,45.9256,0.0,1.0,17.0,38655.5773,22.0,1.0,1.0,1.0,1.0,1.0,1.0,1.0,1.0,1.0,1.0,1.0,1.0
1.0,34.3944,0.0,3.0,10.0,7815.414,47.0,1.0,1.0,1.0,1.0,1.0,1.0,1.0,1.0,1.0,1.0,1.0,1.0
0.0,29.9167,0.0,4.0,19.0,20759.7976,35.0,1.0,1.0,1.0,1.0,1.0,1.0,1.0,1.0,1.0,1.0,1.0,1.0
1.0,32.8816,1.0,1.0,9.0,29881.1925,74.0,0.0,0.0,1.0,0.0,0.0,0.0,0.0,0.0,0.0,0.0,0.0,0.0
0.0,23.4881,1.0,3.0,12.0,10953.0563,92.0,1.0,0.0,1.0,0.0,0.0,0.0,0.0,0.0,0.0,0.0,1.0,1.0
0.0,27.8288,1.0,1.0,8.0,31861.5921,65.0,1.0,0.0,1.0,0.0,0.0,0.0,0.0,0.0,0.0,0.0,0.0,1.0
0.0,37.0989,0.0,3.0,23.0,22336.5638,33.0,1.0,1.0,1.0,1.0,1.0,1.0,1.0,1.0,1.0,1.0,1.0,1.0
1.0,49.8355,0.0,3.0,2.0,19905.7677,45.0,1.0,1.0,1.0,1.0,1.0,1.0,1.0,1.0,1.0,1.0,1.0,1.0
1.0,36.5573,1.0,3.0,19.0,22169.3863,54.0,1.0,1.0,1.0,1.0,1.0,1.0,1.0,1.0,1.0,1.0,1.0,1.0
0.0,14.9055,1.0,4.0,8.0,33139.3851,88.0,0.0,0.0,1.0,0.0,0.0,0.0,0.0,0.0,0.0,0.0,0.0,0.0
0.0,9.106,1.0,1.0,21.0,33427.2294,42.0,0.0,1.0,1.0,0.0,1.0,1.0,0.0,1.0,0.0,1.0,1.0,1.0
0.0,14.861,0.0,1.0,20.0,37516.228,59.0,1.0,1.0,1.0,1.0,1.0,1.0,1.0,1.0,1.0,1.0,1.0,1.0
0.0,38.9899,1.0,3.0,20.0,27826.0739,22.0,1.0,1.0,1.0,1.0,1.0,1.0,1.0,1.0,1.0,1.0,1.0,1.0
0.0,41.5465,1.0,1.0,23.0,15030.5292,48.0,0.0,1.0,1.0,0.0,1.0,1.0,0.0,1.0,0.0,1.0,1.0,1.0
1.0,42.8921,0.0,4.0,16.0,36073.8748,17.0,1.0,1.0,1.0,1.0,1.0,1.0,1.0,1.0,1.0,1.0,1.0,1.0
0.0,35.3073,1.0,2.0,15.0,3336.4327,28.0,1.0,1.0,1.0,1.0,1.0,1.0,1.0,1.0,1.0,1.0,1.0,1.0
0.0,45.61,1.0,1.0,14.0,33919.7476,59.0,1.0,1.0,1.0,1.0,1.0,1.0,1.0,1.0,1.0,1.0,1.0,1.0
1.0,20.8002,1.0,3.0,6.0,17799.5655,65.0,1.0,1.0,1.0,1.0,1.0,1.0,1.0,1.0,1.0,1.0,1.0,1.0
1.0,18.4938,0.0,4.0,14.0,25762.556,95.0,1.0,1.0,1.0,1.0,1.0,1.0,1.0,1.0,1.0,1.0,1.0,1.0
0.0,11.4,0.0,2.0,7.0,35158.4785,25.0,0.0,1.0,1.0,0.0,1.0,1.0,0.0,1.0,0.0,1.0,1.0,1.0
1.0,35.684,1.0,3.0,7.0,22554.8827,73.0,1.0,1.0,1.0,1.0,1.0,1.0,1.0,1.0,1.0,1.0,1.0,1.0
1.0,32.631,0.0,3.0,11.0,34844.5612,26.0,1.0,1.0,1.0,1.0,1.0,1.0,1.0,1.0,1.0,1.0,1.0,1.0
1.0,27.2294,1.0,4.0,6.0,29217.0778,65.0,0.0,0.0,1.0,0.0,0.0,0.0,0.0,0.0,0.0,0.0,0.0,0.0
0.0,20.6381,0.0,4.0,9.0,7300.863,19.0,1.0,0.0,1.0,0.0,0.0,0.0,0.0,0.0,0.0,0.0,0.0,0.0
0.0,27.3977,1.0,1.0,15.0,36274.5346,64.0,0.0,0.0,1.0,0.0,0.0,0.0,0.0,0.0,0.0,0.0,1.0,1.0
0.0,39.4798,0.0,4.0,11.0,27577.7228,1.0,0.0,1.0,1.0,0.0,1.0,1.0,0.0,1.0,0.0,1.0,1.0,1.0
0.0,36.5142,0.0,4.0,12.0,36481.0144,75.0,1.0,0.0,1.0,0.0,0.0,0.0,0.0,0.0,0.0,0.0,0.0,0.0
1.0,12.9679,1.0,2.0,15.0,8628.7256,100.0,1.0,0.0,1.0,0.0,0.0,0.0,0.0,0.0,0.0,0.0,0.0,0.0
0.0,35.8812,0.0,2.0,4.0,31533.1174,45.0,0.0,0.0,1.0,0.0,0.0,0.0,0.0,0.0,0.0,0.0,0.0,0.0
1.0,46.076,1.0,2.0,23.0,22309.1051,60.0,0.0,1.0,1.0,0.0,1.0,1.0,0.0,1.0,0.0,1.0,1.0,1.0
1.0,17.4576,1.0,2.0,18.0,28229.2852,86.0,1.0,1.0,1.0,1.0,1.0,1.0,1.0,1.0,1.0,1.0,1.0,1.0
0.0,6.119,1.0,2.0,23.0,29439.2796,56.0,1.0,1.0,1.0,1.0,1.0,1.0,1.0,1.0,1.0,1.0,1.0,1.0
0.0,48.7839,0.0,3.0,14.0,24772.6323,93.0,0.0,0.0,1.0,0.0,0.0,0.0,0.0,0.0,0.0,0.0,0.0,1.0
0.0,10.3107,0.0,4.0,17.0,11435.1056,60.0,0.0,1.0,1.0,0.0,1.0,1.0,0.0,0.0,0.0,0.0,0.0,0.0
0.0,43.4558,0.0,1.0,4.0,25028.55,70.0,1.0,1.0,1.0,1.0,1.0,1.0,1.0,1.0,1.0,1.0,1.0,1.0
1.0,43.3347,1.0,1.0,11.0,28280.006,20.0,0.0,1.0,1.0,0.0,1.0,1.0,0.0,1.0,0.0,1.0,1.0,1.0
0.0,47.6684,0.0,4.0,10.0,34439.1226,38.0,0.0,0.0,1.0,0.0,0.0,0.0,0.0,0.0,0.0,0.0,0.0,0.0
1.0,13.3824,0.0,3.0,4.0,25437.4108,2.0,1.0,1.0,1.0,1.0,1.0,1.0,1.0,1.0,1.0,1.0,1.0,1.0
0.0,43.1369,1.0,3.0,7.0,2362.6158,82.0,1.0,1.0,1.0,1.0,1.0,1.0,1.0,1.0,1.0,1.0,1.0,1.0
1.0,16.5794,1.0,2.0,18.0,39612.7318,75.0,1.0,1.0,1.0,1.0,1.0,1.0,1.0,1.0,1.0,1.0,1.0,1.0
1.0,33.921,1.0,1.0,9.0,39048.6406,20.0,0.0,1.0,1.0,0.0,1.0,1.0,0.0,1.0,0.0,1.0,1.0,1.0
0.0,24.72,0.0,2.0,7.0,32985.3768,41.0,1.0,1.0,1.0,1.0,1.0,1.0,1.0,1.0,1.0,1.0,1.0,1.0
0.0,18.0235,0.0,1.0,17.0,21802.1435,12.0,1.0,1.0,1.0,1.0,1.0,1.0,1.0,1.0,1.0,1.0,1.0,1.0
0.0,6.7632,1.0,2.0,16.0,22687.5352,41.0,0.0,0.0,1.0,0.0,0.0,1.0,0.0,1.0,0.0,1.0,1.0,1.0
0.0,10.5641,0.0,1.0,20.0,22508.513,15.0,1.0,1.0,1.0,1.0,1.0,1.0,1.0,1.0,1.0,1.0,1.0,1.0
1.0,39.289,0.0,3.0,0.0,8370.4041,88.0,1.0,0.0,1.0,0.0,0.0,0.0,0.0,0.0,0.0,0.0,1.0,1.0
0.0,49.3652,0.0,1.0,12.0,26123.3792,56.0,1.0,0.0,1.0,0.0,0.0,0.0,0.0,0.0,0.0,0.0,0.0,1.0
0.0,30.0455,1.0,4.0,10.0,28676.5427,45.0,0.0,1.0,1.0,0.0,1.0,1.0,0.0,1.0,0.0,1.0,1.0,1.0
0.0,13.2238,0.0,3.0,7.0,11699.285,92.0,1.0,1.0,1.0,1.0,1.0,1.0,1.0,1.0,1.0,1.0,1.0,1.0
0.0,5.9359,0.0,1.0,8.0,39827.2788,25.0,1.0,0.0,1.0,0.0,0.0,0.0,0.0,0.0,0.0,0.0,0.0,1.0
1.0,25.9916,1.0,2.0,13.0,16157.723,97.0,0.0,1.0,1.0,0.0,1.0,1.0,0.0,0.0,0.0,0.0,1.0,1.0
0.0,27.3759,0.0,3.0,7.0,14200.2037,51.0,1.0,1.0,1.0,1.0,1.0,1.0,1.0,1.0,1.0,1.0,1.0,1.0
1.0,47.2433,1.0,3.0,1.0,7784.7187,89.0,1.0,1.0,1.0,1.0,1.0,1.0,1.0,1.0,1.0,1.0,1.0,1.0
1.0,46.168,0.0,4.0,19.0,10795.5902,99.0,1.0,1.0,1.0,1.0,1.0,1.0,1.0,1.0,1.0,1.0,1.0,1.0
0.0,30.3651,1.0,2.0,4.0,11661.71,42.0,0.0,1.0,1.0,0.0,1.0,1.0,0.0,1.0,0.0,1.0,1.0,1.0
0.0,17.6485,0.0,3.0,4.0,32462.7283,87.0,1.0,0.0,1.0,0.0,0.0,0.0,0.0,0.0,0.0,0.0,0.0,0.0
1.0,28.3452,0.0,3.0,4.0,33244.91,23.0,1.0,1.0,1.0,1.0,1.0,1.0,1.0,1.0,1.0,1.0,1.0,1.0
0.0,46.5068,0.0,1.0,22.0,19520.3438,87.0,1.0,1.0,1.0,1.0,1.0,1.0,1.0,1.0,1.0,1.0,1.0,1.0
1.0,46.2193,0.0,2.0,7.0,39437.5898,97.0,1.0,1.0,1.0,1.0,1.0,1.0,1.0,1.0,1.0,1.0,1.0,1.0
1.0,29.9891,1.0,4.0,17.0,24609.6807,49.0,0.0,1.0,1.0,0.0,1.0,1.0,0.0,1.0,0.0,1.0,1.0,1.0
0.0,46.0134,0.0,3.0,23.0,9681.7576,99.0,1.0,1.0,1.0,1.0,1.0,1.0,1.0,1.0,1.0,1.0,1.0,1.0
1.0,23.8164,1.0,3.0,22.0,1678.056,86.0,1.0,1.0,1.0,1.0,1.0,1.0,1.0,1.0,1.0,1.0,1.0,1.0
0.0,9.6924,0.0,1.0,22.0,10197.2528,27.0,1.0,1.0,1.0,1.0,1.0,1.0,1.0,1.0,1.0,1.0,1.0,1.0
1.0,36.0794,0.0,4.0,14.0,18961.9845,25.0,1.0,1.0,1.0,1.0,1.0,1.0,1.0,1.0,1.0,1.0,1.0,1.0
1.0,15.993,1.0,1.0,19.0,33851.1896,45.0,1.0,0.0,1.0,0.0,0.0,0.0,0.0,0.0,0.0,0.0,0.0,1.0
1.0,41.8447,1.0,4.0,8.0,31909.416,64.0,1.0,1.0,1.0,1.0,1.0,1.0,1.0,1.0,1.0,1.0,1.0,1.0
1.0,36.3017,0.0,2.0,12.0,28456.8055,12.0,0.0,1.0,1.0,0.0,1.0,1.0,0.0,1.0,0.0,1.0,1.0,1.0
0.0,36.4262,0.0,2.0,11.0,22120.1104,91.0,1.0,1.0,1.0,1.0,1.0,1.0,1.0,1.0,1.0,1.0,1.0,1.0
0.0,35.8719,0.0,1.0,22.0,26124.6509,39.0,1.0,1.0,1.0,1.0,1.0,1.0,1.0,1.0,1.0,1.0,1.0,1.0
0.0,34.4259,0.0,4.0,9.0,7753.7884,53.0,0.0,1.0,1.0,0.0,1.0,1.0,0.0,1.0,0.0,1.0,1.0,1.0
1.0,43.4965,1.0,4.0,6.0,1922.5754,39.0,0.0,0.0,1.0,0.0,0.0,0.0,0.0,0.0,0.0,0.0,0.0,0.0
1.0,44.9601,1.0,4.0,3.0,35616.7145,9.0,0.0,1.0,1.0,0.0,1.0,1.0,0.0,1.0,0.0,1.0,1.0,1.0
0.0,9.4683,0.0,3.0,5.0,14707.5656,16.0,1.0,1.0,1.0,1.0,1.0,1.0,1.0,1.0,1.0,1.0,1.0,1.0
1.0,33.8244,0.0,2.0,23.0,12052.5797,2.0,1.0,1.0,1.0,1.0,1.0,1.0,1.0,1.0,1.0,1.0,1.0,1.0
1.0,7.0871,1.0,3.0,4.0,12626.8442,90.0,1.0,1.0,1.0,1.0,1.0,1.0,1.0,1.0,1.0,1.0,1.0,1.0
0.0,15.2643,1.0,1.0,22.0,29957.5408,72.0,1.0,0.0,1.0,0.0,0.0,0.0,0.0,0.0,0.0,0.0,1.0,1.0
0.0,30.911,0.0,1.0,16.0,20598.2715,23.0,1.0,1.0,1.0,1.0,1.0,1.0,1.0,1.0,1.0,1.0,1.0,1.0
0.0,9.964,1.0,3.0,16.0,15642.6391,3.0,1.0,1.0,1.0,1.0,1.0,1.0,1.0,1.0,1.0,1.0,1.0,1.0
0.0,32.1812,0.0,1.0,13.0,22514.9544,100.0,1.0,0.0,1.0,0.0,0.0,0.0,0.0,0.0,0.0,0.0,0.0,1.0
0.0,36.6666,0.0,1.0,22.0,7283.2934,91.0,0.0,1.0,1.0,0.0,1.0,1.0,0.0,0.0,0.0,0.0,0.0,1.0
0.0,12.7811,1.0,1.0,16.0,25162.9122,64.0,1.0,1.0,1.0,1.0,1.0,1.0,1.0,1.0,1.0,1.0,1.0,1.0
1.0,49.8831,0.0,3.0,2.0,8336.0994,32.0,1.0,0.0,1.0,0.0,0.0,0.0,0.0,0.0,0.0,0.0,0.0,0.0
1.0,17.2506,1.0,1.0,10.0,39077.0735,36.0,1.0,1.0,1.0,1.0,1.0,1.0,1.0,1.0,1.0,1.0,1.0,1.0
1.0,22.9485,0.0,3.0,15.0,38773.5269,59.0,1.0,0.0,1.0,0.0,0.0,1.0,0.0,1.0,1.0,1.0,1.0,1.0
1.0,25.2301,0.0,4.0,2.0,27049.4278,35.0,1.0,1.0,1.0,1.0,1.0,1.0,1.0,1.0,1.0,1.0,1.0,1.0
1.0,16.4199,0.0,3.0,13.0,2498.4241,54.0,1.0,1.0,1.0,1.0,1.0,1.0,1.0,1.0,1.0,1.0,1.0,1.0
1.0,18.5258,0.0,2.0,15.0,32395.6823,49.0,1.0,1.0,1.0,1.0,1.0,1.0,1.0,1.0,1.0,1.0,1.0,1.0
1.0,45.0947,1.0,3.0,4.0,12990.152,39.0,0.0,1.0,1.0,0.0,1.0,1.0,0.0,1.0,0.0,1.0,1.0,1.0
1.0,30.1589,0.0,3.0,9.0,28162.3216,62.0,1.0,0.0,1.0,0.0,0.0,0.0,0.0,0.0,0.0,0.0,0.0,1.0
0.0,46.2601,0.0,4.0,13.0,5170.6382,18.0,1.0,1.0,1.0,1.0,1.0,1.0,1.0,1.0,1.0,1.0,1.0,1.0
1.0,29.3819,1.0,4.0,18.0,32180.184,29.0,0.0,0.0,1.0,0.0,0.0,0.0,0.0,0.0,0.0,0.0,1.0,1.0
0.0,28.5455,0.0,2.0,16.0,32811.9107,26.0,0.0,1.0,1.0,0.0,1.0,1.0,0.0,0.0,0.0,0.0,1.0,1.0
0.0,44.8422,1.0,1.0,13.0,38987.6542,65.0,0.0,1.0,1.0,0.0,1.0,1.0,0.0,1.0,0.0,1.0,1.0,1.0
1.0,48.8467,1.0,1.0,2.0,8174.0983,65.0,0.0,1.0,1.0,0.0,1.0,1.0,0.0,0.0,0.0,0.0,0.0,1.0
0.0,26.93,0.0,4.0,18.0,14529.0487,37.0,0.0,1.0,1.0,0.0,1.0,1.0,0.0,1.0,0.0,1.0,1.0,1.0
0.0,25.9113,0.0,2.0,3.0,39637.0971,30.0,1.0,1.0,1.0,1.0,1.0,1.0,1.0,1.0,1.0,1.0,1.0,1.0
1.0,27.1931,1.0,4.0,20.0,20633.4517,55.0,0.0,1.0,1.0,0.0,1.0,1.0,0.0,1.0,0.0,1.0,1.0,1.0
1.0,27.7658,0.0,4.0,19.0,23977.8089,58.0,1.0,0.0,1.0,0.0,0.0,0.0,0.0,0.0,0.0,0.0,0.0,1.0
1.0,8.0791,1.0,3.0,19.0,14765.0132,91.0,0.0,1.0,1.0,0.0,1.0,1.0,0.0,1.0,0.0,1.0,1.0,1.0
1.0,32.0981,0.0,2.0,6.0,27263.8,11.0,1.0,1.0,1.0,1.0,1.0,1.0,1.0,1.0,1.0,1.0,1.0,1.0
0.0,41.653,0.0,4.0,4.0,7579.5136,100.0,0.0,1.0,1.0,0.0,1.0,1.0,0.0,0.0,0.0,0.0,1.0,1.0
1.0,8.6173,0.0,4.0,11.0,18426.6307,58.0,1.0,1.0,1.0,1.0,1.0,1.0,1.0,1.0,1.0,1.0,1.0,1.0
0.0,12.5786,1.0,1.0,9.0,6743.3079,51.0,1.0,1.0,1.0,1.0,1.0,1.0,1.0,1.0,1.0,1.0,1.0,1.0
1.0,47.2773,0.0,1.0,11.0,36556.6618,2.0,1.0,0.0,1.0,0.0,0.0,1.0,0.0,1.0,1.0,1.0,1.0,1.0
0.0,7.6914,1.0,2.0,4.0,19637.42,4.0,0.0,1.0,1.0,0.0,1.0,1.0,0.0,0.0,0.0,0.0,1.0,1.0
0.0,12.3212,0.0,4.0,9.0,1697.4632,59.0,1.0,0.0,1.0,0.0,0.0,0.0,0.0,0.0,0.0,0.0,0.0,1.0
0.0,33.0786,1.0,4.0,23.0,18112.5019,59.0,0.0,1.0,1.0,0.0,1.0,1.0,0.0,1.0,0.0,1.0,1.0,1.0
0.0,6.6481,0.0,4.0,9.0,33604.5213,92.0,1.0,0.0,1.0,0.0,0.0,1.0,0.0,1.0,1.0,1.0,1.0,1.0
0.0,23.4107,0.0,1.0,22.0,9360.4845,65.0,0.0,1.0,1.0,0.0,1.0,1.0,0.0,1.0,0.0,1.0,1.0,1.0
0.0,37.9753,0.0,1.0,16.0,20640.6457,32.0,1.0,1.0,1.0,1.0,1.0,1.0,1.0,1.0,1.0,1.0,1.0,1.0
1.0,44.601,1.0,1.0,1.0,30465.7225,12.0,0.0,1.0,1.0,0.0,1.0,1.0,0.0,1.0,0.0,1.0,1.0,1.0
0.0,11.5731,0.0,1.0,13.0,37321.4451,86.0,1.0,1.0,1.0,1.0,1.0,1.0,1.0,1.0,1.0,1.0,1.0,1.0
1.0,6.2836,0.0,1.0,22.0,17150.8852,17.0,1.0,1.0,1.0,1.0,1.0,1.0,1.0,1.0,1.0,1.0,1.0,1.0
0.0,30.5772,1.0,1.0,4.0,8700.4792,95.0,0.0,1.0,1.0,0.0,1.0,1.0,0.0,1.0,0.0,1.0,1.0,1.0
1.0,41.3623,0.0,3.0,12.0,15578.8837,44.0,1.0,1.0,1.0,1.0,1.0,1.0,1.0,1.0,1.0,1.0,1.0,1.0
1.0,48.9619,1.0,2.0,22.0,15644.5246,7.0,1.0,1.0,1.0,1.0,1.0,1.0,1.0,1.0,1.0,1.0,1.0,1.0
0.0,40.9419,0.0,1.0,13.0,39033.3843,17.0,1.0,1.0,1.0,1.0,1.0,1.0,1.0,1.0,1.0,1.0,1.0,1.0
1.0,5.9821,1.0,4.0,0.0,2454.3243,18.0,1.0,1.0,1.0,1.0,1.0,1.0,1.0,1.0,1.0,1.0,1.0,1.0
0.0,31.4502,0.0,3.0,4.0,26856.4524,57.0,1.0,0.0,1.0,0.0,0.0,0.0,0.0,0.0,0.0,0.0,0.0,1.0
0.0,46.5398,0.0,1.0,6.0,31273.7282,6.0,1.0,0.0,1.0,0.0,0.0,0.0,0.0,0.0,0.0,0.0,0.0,0.0
1.0,43.688,1.0,3.0,23.0,14674.0442,94.0,1.0,0.0,1.0,0.0,0.0,0.0,0.0,0.0,0.0,0.0,0.0,0.0
0.0,47.304,0.0,4.0,14.0,18578.9652,4.0,1.0,1.0,1.0,1.0,1.0,1.0,1.0,1.0,1.0,1.0,1.0,1.0
0.0,46.3442,1.0,2.0,15.0,34857.2541,98.0,0.0,1.0,1.0,0.0,1.0,1.0,0.0,1.0,0.0,1.0,1.0,1.0
1.0,15.4861,1.0,1.0,0.0,8208.9962,13.0,1.0,0.0,1.0,0.0,0.0,1.0,0.0,1.0,1.0,1.0,1.0,1.0
0.0,29.0281,0.0,1.0,23.0,5901.1567,15.0,1.0,1.0,1.0,1.0,1.0,1.0,1.0,1.0,1.0,1.0,1.0,1.0
0.0,48.2537,0.0,4.0,19.0,20094.7011,92.0,1.0,1.0,1.0,1.0,1.0,1.0,1.0,1.0,1.0,1.0,1.0,1.0
1.0,36.7157,1.0,1.0,21.0,13690.459,42.0,1.0,1.0,1.0,1.0,1.0,1.0,1.0,1.0,1.0,1.0,1.0,1.0
0.0,26.7307,0.0,3.0,16.0,37454.6854,77.0,1.0,1.0,1.0,1.0,1.0,1.0,1.0,1.0,1.0,1.0,1.0,1.0
0.0,48.5422,1.0,2.0,21.0,14703.7259,37.0,1.0,0.0,1.0,0.0,0.0,0.0,0.0,0.0,0.0,0.0,0.0,1.0
1.0,32.8593,1.0,2.0,11.0,1340.2049,85.0,1.0,1.0,1.0,1.0,1.0,1.0,1.0,1.0,1.0,1.0,1.0,1.0
1.0,22.3142,1.0,1.0,10.0,31177.0993,27.0,0.0,1.0,1.0,0.0,1.0,1.0,0.0,1.0,0.0,1.0,1.0,1.0
0.0,29.9378,0.0,4.0,2.0,36549.442,43.0,1.0,0.0,1.0,0.0,0.0,0.0,0.0,0.0,0.0,0.0,1.0,1.0
1.0,41.9863,1.0,2.0,22.0,2680.7055,88.0,0.0,0.0,1.0,0.0,0.0,0.0,0.0,0.0,0.0,0.0,0.0,0.0
1.0,19.1384,0.0,4.0,2.0,21895.1364,66.0,1.0,1.0,1.0,1.0,1.0,1.0,1.0,1.0,1.0,1.0,1.0,1.0
0.0,36.4549,1.0,1.0,0.0,18051.2135,93.0,0.0,1.0,1.0,0.0,1.0,1.0,0.0,0.0,0.0,0.0,0.0,1.0
0.0,33.5195,1.0,2.0,5.0,29606.0754,99.0,1.0,0.0,1.0,0.0,0.0,1.0,0.0,1.0,1.0,1.0,1.0,1.0
0.0,5.2295,1.0,1.0,2.0,14897.4874,92.0,1.0,0.0,1.0,0.0,0.0,1.0,0.0,1.0,1.0,1.0,1.0,1.0
0.0,32.294,0.0,1.0,2.0,11684.9017,81.0,1.0,1.0,1.0,1.0,1.0,1.0,1.0,1.0,1.0,1.0,1.0,1.0
1.0,40.0282,1.0,3.0,12.0,13543.46,98.0,1.0,0.0,1.0,0.0,0.0,0.0,0.0,0.0,0.0,0.0,0.0,1.0
1.0,36.5711,1.0,2.0,2.0,5923.7053,16.0,0.0,1.0,1.0,0.0,1.0,1.0,0.0,1.0,0.0,1.0,1.0,1.0
0.0,35.8449,0.0,2.0,2.0,37960.5819,16.0,1.0,1.0,1.0,1.0,1.0,1.0,1.0,1.0,1.0,1.0,1.0,1.0
0.0,30.8744,0.0,4.0,17.0,19484.3169,25.0,1.0,0.0,1.0,0.0,0.0,0.0,0.0,0.0,0.0,0.0,0.0,0.0
0.0,33.7369,1.0,4.0,19.0,37866.6069,10.0,0.0,0.0,1.0,0.0,0.0,0.0,0.0,0.0,0.0,0.0,0.0,0.0
0.0,44.4045,0.0,4.0,15.0,38191.206,89.0,0.0,0.0,1.0,0.0,0.0,1.0,0.0,1.0,0.0,1.0,1.0,1.0
0.0,20.2085,1.0,4.0,18.0,8470.8224,60.0,0.0,1.0,1.0,0.0,1.0,1.0,0.0,1.0,0.0,1.0,1.0,1.0
1.0,7.7138,1.0,1.0,13.0,21632.0392,99.0,1.0,0.0,1.0,0.0,0.0,1.0,0.0,1.0,1.0,1.0,1.0,1.0
0.0,23.8587,0.0,2.0,0.0,23757.04,60.0,1.0,0.0,1.0,0.0,0.0,0.0,0.0,0.0,0.0,0.0,0.0,1.0
1.0,6.7415,1.0,3.0,10.0,20820.5506,62.0,0.0,1.0,1.0,0.0,1.0,1.0,0.0,1.0,0.0,1.0,1.0,1.0
0.0,20.3609,0.0,1.0,17.0,15591.9992,87.0,0.0,1.0,1.0,0.0,1.0,1.0,0.0,1.0,0.0,1.0,1.0,1.0
0.0,29.4496,1.0,2.0,12.0,9511.6397,19.0,1.0,1.0,1.0,1.0,1.0,1.0,1.0,1.0,1.0,1.0,1.0,1.0
0.0,17.9924,1.0,3.0,11.0,18107.2043,51.0,0.0,1.0,1.0,0.0,1.0,1.0,0.0,1.0,0.0,1.0,1.0,1.0
0.0,34.2996,1.0,2.0,3.0,11715.8937,33.0,1.0,1.0,1.0,1.0,1.0,1.0,1.0,1.0,1.0,1.0,1.0,1.0
0.0,26.5524,0.0,1.0,10.0,25505.38,46.0,1.0,0.0,1.0,0.0,0.0,0.0,0.0,0.0,0.0,0.0,0.0,0.0
0.0,47.7967,0.0,2.0,12.0,25659.2815,52.0,1.0,0.0,1.0,0.0,0.0,0.0,0.0,0.0,0.0,0.0,1.0,1.0
0.0,37.2787,0.0,3.0,15.0,16302.0739,71.0,1.0,1.0,1.0,1.0,1.0,1.0,1.0,1.0,1.0,1.0,1.0,1.0
1.0,14.3761,1.0,4.0,18.0,18934.1546,85.0,1.0,1.0,1.0,1.0,1.0,1.0,1.0,1.0,1.0,1.0,1.0,1.0
1.0,27.4564,0.0,3.0,20.0,18371.8092,14.0,1.0,0.0,1.0,0.0,0.0,0.0,0.0,0.0,0.0,0.0,0.0,1.0
1.0,38.6854,1.0,4.0,23.0,14228.264,23.0,0.0,0.0,1.0,0.0,0.0,0.0,0.0,0.0,0.0,0.0,0.0,1.0
0.0,21.1988,0.0,3.0,5.0,26292.8848,21.0,1.0,1.0,1.0,1.0,1.0,1.0,1.0,1.0,1.0,1.0,1.0,1.0
0.0,5.9696,1.0,2.0,6.0,12450.5616,63.0,1.0,1.0,1.0,1.0,1.0,1.0,1.0,1.0,1.0,1.0,1.0,1.0
0.0,37.5667,1.0,4.0,0.0,26831.3579,65.0,0.0,1.0,1.0,0.0,1.0,1.0,0.0,0.0,0.0,0.0,0.0,1.0
1.0,28.8531,1.0,1.0,20.0,30801.0129,26.0,0.0,1.0,1.0,0.0,1.0,1.0,0.0,1.0,0.0,1.0,1.0,1.0
1.0,42.6518,1.0,3.0,19.0,36767.5115,83.0,1.0,1.0,1.0,1.0,1.0,1.0,1.0,1.0,1.0,1.0,1.0,1.0
0.0,40.3856,1.0,1.0,21.0,32988.5147,16.0,1.0,0.0,1.0,0.0,0.0,0.0,0.0,0.0,0.0,0.0,0.0,0.0
1.0,16.2782,0.0,3.0,10.0,23675.783,42.0,1.0,1.0,1.0,1.0,1.0,1.0,1.0,1.0,1.0,1.0,1.0,1.0
0.0,34.9778,0.0,4.0,21.0,6722.9506,3.0,1.0,0.0,1.0,0.0,0.0,0.0,0.0,0.0,0.0,0.0,0.0,0.0
1.0,37.0229,1.0,1.0,2.0,17321.4346,87.0,1.0,1.0,1.0,1.0,1.0,1.0,1.0,1.0,1.0,1.0,1.0,1.0
1.0,19.1007,0.0,1.0,10.0,5109.3613,81.0,1.0,1.0,1.0,1.0,1.0,1.0,1.0,1.0,1.0,1.0,1.0,1.0
0.0,48.0238,1.0,2.0,8.0,14528.3836,27.0,1.0,0.0,1.0,0.0,0.0,0.0,0.0,0.0,0.0,0.0,0.0,0.0
1.0,38.5036,1.0,3.0,3.0,33305.4749,64.0,1.0,1.0,1.0,1.0,1.0,1.0,1.0,1.0,1.0,1.0,1.0,1.0
1.0,30.6557,0.0,2.0,1.0,9138.1122,53.0,1.0,1.0,1.0,1.0,1.0,1.0,1.0,1.0,1.0,1.0,1.0,1.0
1.0,38.6566,1.0,1.0,8.0,3862.0171,79.0,1.0,1.0,1.0,1.0,1.0,1.0,1.0,1.0,1.0,1.0,1.0,1.0
0.0,31.3536,1.0,3.0,17.0,1658.6765,23.0,0.0,0.0,1.0,0.0,0.0,0.0,0.0,0.0,0.0,0.0,0.0,0.0
0.0,30.1848,1.0,2.0,22.0,16728.4207,53.0,0.0,0.0,1.0,0.0,0.0,0.0,0.0,0.0,0.0,0.0,0.0,1.0
1.0,17.0943,0.0,3.0,8.0,1023.5695,42.0,1.0,1.0,1.0,1.0,1.0,1.0,1.0,1.0,1.0,1.0,1.0,1.0
0.0,22.8598,0.0,4.0,21.0,3608.1643,66.0,1.0,1.0,1.0,1.0,1.0,1.0,1.0,1.0,1.0,1.0,1.0,1.0
0.0,46.4001,0.0,2.0,20.0,25009.0963,42.0,1.0,1.0,1.0,1.0,1.0,1.0,1.0,1.0,1.0,1.0,1.0,1.0
0.0,35.7995,1.0,4.0,13.0,5927.8813,40.0,1.0,0.0,1.0,0.0,0.0,0.0,0.0,0.0,0.0,0.0,0.0,1.0
0.0,27.0722,0.0,3.0,5.0,19654.5568,55.0,1.0,1.0,1.0,1.0,1.0,1.0,1.0,1.0,1.0,1.0,1.0,1.0
0.0,6.6281,0.0,1.0,7.0,20897.5688,76.0,1.0,0.0,1.0,0.0,0.0,0.0,0.0,0.0,0.0,0.0,0.0,1.0
1.0,48.2915,1.0,1.0,6.0,38484.6773,50.0,0.0,0.0,1.0,0.0,0.0,0.0,0.0,0.0,0.0,0.0,0.0,1.0
0.0,33.2884,0.0,4.0,0.0,4848.1756,51.0,1.0,1.0,1.0,1.0,1.0,1.0,1.0,1.0,1.0,1.0,1.0,1.0
0.0,49.2479,0.0,3.0,15.0,20684.0874,98.0,1.0,1.0,1.0,1.0,1.0,1.0,1.0,1.0,1.0,1.0,1.0,1.0
1.0,13.547,1.0,2.0,2.0,38954.1796,14.0,0.0,0.0,1.0,0.0,0.0,0.0,0.0,0.0,0.0,0.0,1.0,1.0
1.0,45.5615,0.0,1.0,10.0,12304.5917,69.0,1.0,0.0,1.0,0.0,0.0,1.0,0.0,1.0,1.0,1.0,1.0,1.0
1.0,38.4322,1.0,3.0,10.0,31582.5965,25.0,0.0,1.0,1.0,0.0,1.0,1.0,0.0,1.0,0.0,1.0,1.0,1.0
0.0,45.6209,1.0,2.0,0.0,12984.6578,65.0,0.0,1.0,1.0,0.0,1.0,1.0,0.0,1.0,0.0,1.0,1.0,1.0
1.0,44.9584,1.0,1.0,16.0,2842.4526,46.0,1.0,0.0,1.0,0.0,0.0,0.0,0.0,0.0,0.0,0.0,0.0,0.0
1.0,8.4358,0.0,3.0,17.0,10107.8141,81.0,1.0,1.0,1.0,1.0,1.0,1.0,1.0,1.0,1.0,1.0,1.0,1.0
1.0,49.8399,0.0,1.0,4.0,27636.0874,24.0,1.0,1.0,1.0,1.0,1.0,1.0,1.0,1.0,1.0,1.0,1.0,1.0
1.0,23.4196,0.0,2.0,16.0,2115.3392,72.0,1.0,1.0,1.0,1.0,1.0,1.0,1.0,1.0,1.0,1.0,1.0,1.0
1.0,47.3442,1.0,1.0,9.0,29751.6106,81.0,0.0,1.0,1.0,0.0,1.0,1.0,0.0,0.0,0.0,0.0,0.0,0.0
0.0,11.4944,0.0,4.0,23.0,37901.1272,86.0,1.0,0.0,1.0,0.0,0.0,1.0,0.0,1.0,1.0,1.0,1.0,1.0
1.0,5.7474,0.0,3.0,15.0,27222.0418,7.0,1.0,1.0,1.0,1.0,1.0,1.0,1.0,1.0,1.0,1.0,1.0,1.0
1.0,6.8454,0.0,1.0,1.0,34598.6174,95.0,1.0,1.0,1.0,1.0,1.0,1.0,1.0,1.0,1.0,1.0,1.0,1.0
1.0,21.6679,0.0,3.0,16.0,5461.0632,69.0,1.0,1.0,1.0,1.0,1.0,1.0,1.0,1.0,1.0,1.0,1.0,1.0
1.0,27.1548,0.0,4.0,12.0,10693.7655,70.0,1.0,1.0,1.0,1.0,1.0,1.0,1.0,1.0,1.0,1.0,1.0,1.0
1.0,5.3998,1.0,3.0,1.0,1182.183,45.0,1.0,1.0,1.0,1.0,1.0,1.0,1.0,1.0,1.0,1.0,1.0,1.0
1.0,13.8662,1.0,2.0,23.0,37212.803,98.0,1.0,1.0,1.0,1.0,1.0,1.0,1.0,1.0,1.0,1.0,1.0,1.0
0.0,25.3297,0.0,3.0,12.0,21870.2292,57.0,1.0,1.0,1.0,1.0,1.0,1.0,1.0,1.0,1.0,1.0,1.0,1.0
1.0,28.6104,1.0,2.0,3.0,5079.8696,73.0,1.0,0.0,1.0,0.0,0.0,0.0,0.0,0.0,0.0,0.0,1.0,1.0
1.0,28.1534,1.0,2.0,4.0,22811.7194,5.0,0.0,1.0,1.0,0.0,1.0,1.0,0.0,1.0,0.0,1.0,1.0,1.0
0.0,9.4629,1.0,3.0,11.0,10225.8153,79.0,1.0,1.0,1.0,1.0,1.0,1.0,1.0,1.0,1.0,1.0,1.0,1.0
1.0,26.1418,1.0,1.0,1.0,11330.5073,59.0,1.0,0.0,1.0,0.0,0.0,0.0,0.0,0.0,0.0,0.0,0.0,0.0
1.0,8.1767,0.0,4.0,9.0,21295.9533,18.0,1.0,0.0,1.0,0.0,0.0,1.0,0.0,1.0,1.0,1.0,1.0,1.0
1.0,7.9787,0.0,3.0,15.0,14686.7634,42.0,1.0,1.0,1.0,1.0,1.0,1.0,1.0,1.0,1.0,1.0,1.0,1.0
0.0,35.9529,1.0,1.0,23.0,22937.2603,26.0,0.0,1.0,1.0,0.0,1.0,1.0,0.0,0.0,0.0,0.0,0.0,0.0
0.0,5.4548,0.0,3.0,11.0,18354.0745,88.0,1.0,1.0,1.0,1.0,1.0,1.0,1.0,1.0,1.0,1.0,1.0,1.0
0.0,19.1369,1.0,3.0,15.0,34231.8596,42.0,1.0,1.0,1.0,1.0,1.0,1.0,1.0,1.0,1.0,1.0,1.0,1.0
1.0,27.7986,1.0,4.0,16.0,4614.8657,92.0,1.0,1.0,1.0,1.0,1.0,1.0,1.0,1.0,1.0,1.0,1.0,1.0
0.0,39.3523,1.0,1.0,20.0,23472.4704,14.0,0.0,1.0,1.0,0.0,1.0,1.0,0.0,1.0,0.0,1.0,1.0,1.0
0.0,42.555,1.0,3.0,22.0,12770.6719,13.0,1.0,1.0,1.0,1.0,1.0,1.0,1.0,1.0,1.0,1.0,1.0,1.0
1.0,49.9843,0.0,2.0,2.0,23817.2128,80.0,1.0,1.0,1.0,1.0,1.0,1.0,1.0,1.0,1.0,1.0,1.0,1.0
0.0,38.7525,1.0,2.0,0.0,32848.1289,45.0,1.0,1.0,1.0,1.0,1.0,1.0,1.0,1.0,1.0,1.0,1.0,1.0
1.0,30.1789,1.0,3.0,3.0,3122.7093,91.0,0.0,1.0,1.0,0.0,1.0,1.0,0.0,0.0,0.0,0.0,0.0,1.0
0.0,49.1388,0.0,4.0,11.0,10343.7515,81.0,0.0,1.0,1.0,0.0,1.0,1.0,0.0,1.0,0.0,1.0,1.0,1.0
1.0,13.0932,1.0,1.0,3.0,18763.5098,34.0,0.0,1.0,1.0,0.0,1.0,1.0,0.0,1.0,0.0,1.0,1.0,1.0
0.0,8.2996,0.0,1.0,20.0,13158.167,14.0,1.0,1.0,1.0,1.0,1.0,1.0,1.0,1.0,1.0,1.0,1.0,1.0
0.0,8.6107,1.0,4.0,19.0,8513.1919,80.0,1.0,1.0,1.0,1.0,1.0,1.0,1.0,1.0,1.0,1.0,1.0,1.0
1.0,26.3714,0.0,1.0,16.0,17235.1787,90.0,1.0,0.0,1.0,0.0,0.0,0.0,0.0,0.0,0.0,0.0,1.0,1.0
0.0,8.029,0.0,2.0,18.0,32122.334,64.0,1.0,1.0,1.0,1.0,1.0,1.0,1.0,1.0,1.0,1.0,1.0,1.0
1.0,42.3276,1.0,3.0,4.0,2873.1096,42.0,0.0,1.0,1.0,0.0,1.0,1.0,0.0,1.0,0.0,1.0,1.0,1.0
1.0,20.1965,0.0,1.0,13.0,30565.9808,26.0,1.0,1.0,1.0,1.0,1.0,1.0,1.0,1.0,1.0,1.0,1.0,1.0
0.0,22.6743,0.0,3.0,0.0,36139.1728,65.0,1.0,1.0,1.0,1.0,1.0,1.0,1.0,1.0,1.0,1.0,1.0,1.0
0.0,13.5373,0.0,1.0,20.0,39674.3977,20.0,0.0,1.0,1.0,0.0,1.0,1.0,0.0,0.0,0.0,0.0,1.0,1.0
0.0,33.1185,0.0,4.0,23.0,33611.1117,65.0,1.0,1.0,1.0,1.0,1.0,1.0,1.0,1.0,1.0,1.0,1.0,1.0
0.0,38.252,0.0,1.0,20.0,20055.221,24.0,1.0,1.0,1.0,1.0,1.0,1.0,1.0,1.0,1.0,1.0,1.0,1.0
1.0,47.2665,0.0,3.0,5.0,38431.5955,52.0,1.0,1.0,1.0,1.0,1.0,1.0,1.0,1.0,1.0,1.0,1.0,1.0
1.0,33.7819,0.0,2.0,18.0,37329.1785,72.0,1.0,1.0,1.0,1.0,1.0,1.0,1.0,1.0,1.0,1.0,1.0,1.0
1.0,42.6377,1.0,1.0,19.0,23326.9847,60.0,0.0,1.0,1.0,0.0,1.0,1.0,0.0,0.0,0.0,0.0,0.0,0.0
0.0,8.3129,1.0,3.0,23.0,15920.9887,33.0,1.0,1.0,1.0,1.0,1.0,1.0,1.0,1.0,1.0,1.0,1.0,1.0
0.0,48.1962,0.0,3.0,8.0,26268.6724,21.0,1.0,1.0,1.0,1.0,1.0,1.0,1.0,1.0,1.0,1.0,1.0,1.0
0.0,9.9858,0.0,2.0,20.0,17891.9723,64.0,0.0,1.0,1.0,0.0,1.0,1.0,0.0,0.0,0.0,0.0,1.0,1.0
0.0,19.082,0.0,1.0,20.0,16406.0903,51.0,1.0,1.0,1.0,1.0,1.0,1.0,1.0,1.0,1.0,1.0,1.0,1.0
0.0,17.4876,1.0,2.0,17.0,30444.4565,63.0,0.0,1.0,1.0,0.0,1.0,1.0,0.0,1.0,0.0,1.0,1.0,1.0
0.0,29.4039,1.0,2.0,11.0,32700.5408,33.0,0.0,1.0,1.0,0.0,1.0,1.0,0.0,1.0,0.0,1.0,1.0,1.0
1.0,11.8717,1.0,3.0,20.0,7319.2467,62.0,0.0,1.0,1.0,0.0,1.0,1.0,0.0,1.0,0.0,1.0,1.0,1.0
0.0,5.1444,0.0,2.0,15.0,4355.6367,19.0,1.0,1.0,1.0,1.0,1.0,1.0,1.0,1.0,1.0,1.0,1.0,1.0
0.0,13.5072,1.0,3.0,19.0,13251.1565,55.0,0.0,1.0,1.0,0.0,1.0,1.0,0.0,1.0,0.0,1.0,1.0,1.0
0.0,41.8873,1.0,3.0,9.0,32673.686,91.0,0.0,1.0,1.0,0.0,1.0,1.0,0.0,1.0,0.0,1.0,1.0,1.0
0.0,30.2683,0.0,4.0,16.0,21796.0997,72.0,1.0,1.0,1.0,1.0,1.0,1.0,1.0,1.0,1.0,1.0,1.0,1.0
1.0,27.139,0.0,1.0,11.0,32050.6637,67.0,1.0,1.0,1.0,1.0,1.0,1.0,1.0,1.0,1.0,1.0,1.0,1.0
0.0,32.6111,1.0,2.0,13.0,16221.9647,6.0,0.0,0.0,1.0,0.0,0.0,0.0,0.0,0.0,0.0,0.0,1.0,1.0
1.0,6.5817,1.0,4.0,13.0,34028.2212,98.0,1.0,1.0,1.0,1.0,1.0,1.0,1.0,1.0,1.0,1.0,1.0,1.0
1.0,41.0546,1.0,2.0,23.0,21867.1168,96.0,0.0,0.0,1.0,0.0,0.0,0.0,0.0,0.0,0.0,0.0,0.0,0.0
1.0,7.0257,0.0,2.0,0.0,26643.3812,70.0,1.0,1.0,1.0,1.0,1.0,1.0,1.0,1.0,1.0,1.0,1.0,1.0
0.0,12.6471,0.0,1.0,9.0,18200.3506,96.0,1.0,0.0,1.0,0.0,0.0,1.0,0.0,1.0,1.0,1.0,1.0,1.0
0.0,7.7081,0.0,4.0,11.0,13550.7318,77.0,1.0,1.0,1.0,1.0,1.0,1.0,1.0,1.0,1.0,1.0,1.0,1.0
1.0,33.8818,1.0,4.0,0.0,4269.6154,47.0,0.0,1.0,1.0,0.0,1.0,1.0,0.0,1.0,0.0,1.0,1.0,1.0
0.0,19.8785,1.0,1.0,5.0,26281.5797,61.0,1.0,0.0,1.0,0.0,0.0,0.0,0.0,0.0,0.0,0.0,0.0,0.0
0.0,33.7202,0.0,2.0,14.0,22879.0949,7.0,0.0,1.0,1.0,0.0,1.0,1.0,0.0,1.0,0.0,1.0,1.0,1.0
0.0,9.7141,1.0,3.0,7.0,33260.2347,24.0,0.0,1.0,1.0,0.0,1.0,1.0,0.0,1.0,0.0,1.0,1.0,1.0
0.0,7.2589,1.0,3.0,6.0,34572.5097,5.0,0.0,1.0,1.0,0.0,1.0,1.0,0.0,1.0,0.0,1.0,1.0,1.0
0.0,14.2663,0.0,4.0,14.0,34704.462,99.0,0.0,1.0,1.0,0.0,1.0,1.0,0.0,1.0,0.0,1.0,1.0,1.0
1.0,20.3182,0.0,3.0,0.0,19189.4408,52.0,1.0,1.0,1.0,1.0,1.0,1.0,1.0,1.0,1.0,1.0,1.0,1.0
0.0,30.0577,1.0,1.0,15.0,21999.9329,22.0,0.0,1.0,1.0,0.0,1.0,1.0,0.0,0.0,0.0,0.0,0.0,1.0
1.0,42.4035,0.0,4.0,16.0,1537.3946,60.0,1.0,1.0,1.0,1.0,1.0,1.0,1.0,1.0,1.0,1.0,1.0,1.0
0.0,47.507,1.0,2.0,2.0,26645.8541,6.0,1.0,0.0,1.0,0.0,0.0,0.0,0.0,0.0,0.0,0.0,0.0,0.0
0.0,38.1115,1.0,1.0,23.0,3708.4784,48.0,1.0,1.0,1.0,1.0,1.0,1.0,1.0,1.0,1.0,1.0,1.0,1.0
1.0,39.8105,1.0,4.0,22.0,23637.9607,75.0,1.0,0.0,1.0,0.0,0.0,0.0,0.0,0.0,0.0,0.0,0.0,0.0
1.0,5.2273,1.0,3.0,19.0,30945.9842,42.0,1.0,1.0,1.0,1.0,1.0,1.0,1.0,1.0,1.0,1.0,1.0,1.0
0.0,5.1116,0.0,2.0,19.0,4758.6229,72.0,1.0,1.0,1.0,1.0,1.0,1.0,1.0,1.0,1.0,1.0,1.0,1.0
1.0,31.8061,0.0,1.0,23.0,6434.6862,84.0,1.0,0.0,1.0,0.0,0.0,1.0,0.0,1.0,1.0,1.0,1.0,1.0
1.0,16.1262,1.0,2.0,1.0,15163.1301,73.0,0.0,1.0,1.0,0.0,1.0,1.0,0.0,1.0,0.0,1.0,1.0,1.0
1.0,42.0126,1.0,2.0,23.0,17135.1266,55.0,0.0,1.0,1.0,0.0,1.0,1.0,0.0,0.0,0.0,0.0,0.0,0.0
1.0,47.0212,0.0,3.0,11.0,16685.1943,95.0,1.0,1.0,1.0,1.0,1.0,1.0,1.0,1.0,1.0,1.0,1.0,1.0
0.0,26.4504,0.0,1.0,19.0,26260.4607,92.0,1.0,0.0,1.0,0.0,0.0,0.0,0.0,0.0,0.0,0.0,0.0,0.0
0.0,15.5758,1.0,1.0,5.0,30860.2809,78.0,0.0,0.0,1.0,0.0,0.0,0.0,0.0,0.0,0.0,0.0,1.0,1.0
0.0,14.2836,0.0,3.0,10.0,34420.7926,54.0,1.0,0.0,1.0,0.0,0.0,0.0,0.0,0.0,0.0,0.0,0.0,0.0
0.0,38.3771,0.0,1.0,17.0,35985.6298,93.0,1.0,1.0,1.0,1.0,1.0,1.0,1.0,1.0,1.0,1.0,1.0,1.0
0.0,29.145,0.0,3.0,6.0,30189.7791,100.0,0.0,0.0,1.0,0.0,0.0,1.0,0.0,0.0,0.0,0.0,0.0,1.0
1.0,48.3785,0.0,1.0,20.0,13894.4005,30.0,1.0,1.0,1.0,1.0,1.0,1.0,1.0,1.0,1.0,1.0,1.0,1.0
0.0,36.762,0.0,3.0,19.0,3313.7218,69.0,1.0,1.0,1.0,1.0,1.0,1.0,1.0,1.0,1.0,1.0,1.0,1.0
0.0,42.4964,1.0,3.0,18.0,20446.6801,49.0,1.0,0.0,1.0,0.0,0.0,0.0,0.0,0.0,0.0,0.0,0.0,0.0
1.0,40.079,1.0,3.0,16.0,10862.7483,69.0,0.0,1.0,1.0,0.0,1.0,1.0,0.0,1.0,0.0,1.0,1.0,1.0
0.0,7.0135,1.0,3.0,1.0,4798.6407,10.0,1.0,1.0,1.0,1.0,1.0,1.0,1.0,1.0,1.0,1.0,1.0,1.0
0.0,46.4181,1.0,3.0,23.0,8906.8086,8.0,0.0,1.0,1.0,0.0,1.0,1.0,0.0,1.0,0.0,1.0,1.0,1.0
1.0,8.485,0.0,2.0,23.0,28430.6599,92.0,1.0,1.0,1.0,1.0,1.0,1.0,1.0,1.0,1.0,1.0,1.0,1.0
1.0,39.616,0.0,2.0,1.0,5375.8871,61.0,1.0,1.0,1.0,1.0,1.0,1.0,1.0,1.0,1.0,1.0,1.0,1.0
1.0,40.9618,1.0,2.0,0.0,6150.0572,2.0,1.0,1.0,1.0,1.0,1.0,1.0,1.0,1.0,1.0,1.0,1.0,1.0
0.0,29.0378,0.0,3.0,12.0,37968.3,39.0,1.0,1.0,1.0,1.0,1.0,1.0,1.0,1.0,1.0,1.0,1.0,1.0
0.0,11.6767,0.0,3.0,23.0,34285.2601,96.0,1.0,0.0,1.0,0.0,0.0,0.0,0.0,0.0,0.0,0.0,0.0,1.0
1.0,25.0693,0.0,4.0,13.0,20582.2923,95.0,1.0,1.0,1.0,1.0,1.0,1.0,1.0,1.0,1.0,1.0,1.0,1.0
1.0,18.6068,0.0,4.0,20.0,3269.2969,54.0,1.0,0.0,1.0,0.0,0.0,0.0,0.0,0.0,0.0,0.0,0.0,1.0
0.0,25.3589,0.0,1.0,3.0,33155.048,48.0,1.0,1.0,1.0,1.0,1.0,1.0,1.0,1.0,1.0,1.0,1.0,1.0
1.0,9.6725,1.0,4.0,4.0,15327.2787,36.0,0.0,0.0,1.0,0.0,0.0,0.0,0.0,0.0,0.0,0.0,0.0,1.0
0.0,37.1219,0.0,4.0,10.0,26033.4274,21.0,0.0,1.0,1.0,0.0,1.0,1.0,0.0,0.0,0.0,0.0,1.0,1.0
1.0,10.3067,0.0,4.0,2.0,10634.4826,74.0,1.0,1.0,1.0,1.0,1.0,1.0,1.0,1.0,1.0,1.0,1.0,1.0
0.0,9.0439,1.0,2.0,13.0,28413.6814,44.0,0.0,1.0,1.0,0.0,1.0,1.0,0.0,0.0,0.0,0.0,1.0,1.0
0.0,8.9722,0.0,4.0,16.0,22602.4671,74.0,1.0,1.0,1.0,1.0,1.0,1.0,1.0,1.0,1.0,1.0,1.0,1.0
0.0,47.7837,0.0,4.0,20.0,19907.0884,68.0,1.0,1.0,1.0,1.0,1.0,1.0,1.0,1.0,1.0,1.0,1.0,1.0
1.0,37.8164,0.0,3.0,2.0,20045.9643,80.0,0.0,0.0,1.0,0.0,0.0,0.0,0.0,0.0,0.0,0.0,0.0,1.0
1.0,34.0975,0.0,3.0,0.0,26245.1104,34.0,1.0,1.0,1.0,1.0,1.0,1.0,1.0,1.0,1.0,1.0,1.0,1.0
0.0,31.7704,0.0,3.0,13.0,25338.3692,73.0,1.0,1.0,1.0,1.0,1.0,1.0,1.0,1.0,1.0,1.0,1.0,1.0
1.0,23.1263,1.0,1.0,23.0,32281.4968,66.0,0.0,1.0,1.0,0.0,1.0,1.0,0.0,0.0,0.0,0.0,0.0,0.0
1.0,34.4932,0.0,3.0,3.0,29120.3111,27.0,1.0,1.0,1.0,1.0,1.0,1.0,1.0,1.0,1.0,1.0,1.0,1.0
0.0,17.3891,1.0,4.0,15.0,8026.6992,63.0,0.0,1.0,1.0,0.0,1.0,1.0,0.0,1.0,0.0,1.0,1.0,1.0
1.0,8.5738,1.0,4.0,7.0,8371.3214,39.0,0.0,1.0,1.0,0.0,1.0,1.0,0.0,0.0,0.0,0.0,1.0,1.0
1.0,13.6368,0.0,1.0,23.0,18400.5443,8.0,1.0,0.0,1.0,0.0,0.0,0.0,0.0,0.0,0.0,0.0,0.0,1.0
0.0,21.4624,1.0,3.0,6.0,9167.035,97.0,1.0,0.0,1.0,0.0,0.0,0.0,0.0,0.0,0.0,0.0,0.0,0.0
1.0,43.1133,1.0,4.0,19.0,20888.9826,96.0,1.0,0.0,1.0,0.0,0.0,0.0,0.0,0.0,0.0,0.0,0.0,1.0
0.0,35.4098,1.0,2.0,2.0,27091.6851,51.0,0.0,1.0,1.0,0.0,1.0,1.0,0.0,1.0,0.0,1.0,1.0,1.0
0.0,14.6498,0.0,2.0,10.0,4957.5784,53.0,1.0,1.0,1.0,1.0,1.0,1.0,1.0,1.0,1.0,1.0,1.0,1.0
1.0,47.5422,1.0,4.0,13.0,1670.9359,62.0,0.0,0.0,1.0,0.0,0.0,0.0,0.0,0.0,0.0,0.0,0.0,0.0
1.0,5.1861,0.0,3.0,15.0,29767.9866,28.0,1.0,1.0,1.0,1.0,1.0,1.0,1.0,1.0,1.0,1.0,1.0,1.0
0.0,49.0616,0.0,1.0,10.0,9270.0784,68.0,1.0,1.0,1.0,1.0,1.0,1.0,1.0,1.0,1.0,1.0,1.0,1.0
1.0,11.1116,1.0,3.0,23.0,4405.0529,71.0,0.0,1.0,1.0,0.0,1.0,1.0,0.0,1.0,0.0,1.0,1.0,1.0
0.0,32.1031,1.0,3.0,4.0,11369.29,59.0,0.0,1.0,1.0,0.0,1.0,1.0,0.0,1.0,0.0,1.0,1.0,1.0
1.0,12.5529,0.0,1.0,13.0,39843.8266,95.0,1.0,1.0,1.0,1.0,1.0,1.0,1.0,1.0,1.0,1.0,1.0,1.0
0.0,44.3948,1.0,4.0,13.0,6903.0962,50.0,1.0,0.0,1.0,0.0,0.0,0.0,0.0,0.0,0.0,0.0,1.0,1.0
0.0,13.8028,0.0,3.0,1.0,37485.9579,40.0,1.0,1.0,1.0,1.0,1.0,1.0,1.0,1.0,1.0,1.0,1.0,1.0
1.0,41.2418,1.0,2.0,3.0,27984.5481,64.0,1.0,0.0,1.0,0.0,0.0,1.0,0.0,1.0,1.0,1.0,1.0,1.0
1.0,8.5886,1.0,4.0,20.0,38629.6172,70.0,1.0,1.0,1.0,1.0,1.0,1.0,1.0,1.0,1.0,1.0,1.0,1.0
1.0,45.3701,0.0,4.0,17.0,12799.6796,26.0,1.0,1.0,1.0,1.0,1.0,1.0,1.0,1.0,1.0,1.0,1.0,1.0
0.0,41.8973,0.0,1.0,8.0,19581.8661,43.0,1.0,1.0,1.0,1.0,1.0,1.0,1.0,1.0,1.0,1.0,1.0,1.0
0.0,30.5437,1.0,4.0,16.0,28214.9378,71.0,0.0,0.0,1.0,0.0,0.0,1.0,0.0,0.0,0.0,0.0,0.0,1.0
0.0,31.6397,0.0,4.0,21.0,29038.9092,5.0,0.0,1.0,1.0,0.0,1.0,1.0,0.0,1.0,0.0,1.0,1.0,1.0
1.0,23.9818,0.0,4.0,2.0,39672.3783,15.0,1.0,1.0,1.0,1.0,1.0,1.0,1.0,1.0,1.0,1.0,1.0,1.0
1.0,17.8216,0.0,4.0,2.0,7233.8276,7.0,1.0,1.0,1.0,1.0,1.0,1.0,1.0,1.0,1.0,1.0,1.0,1.0
1.0,38.3043,1.0,2.0,18.0,4562.2971,92.0,1.0,1.0,1.0,1.0,1.0,1.0,1.0,1.0,1.0,1.0,1.0,1.0
0.0,23.4027,1.0,2.0,6.0,7681.1761,50.0,1.0,1.0,1.0,1.0,1.0,1.0,1.0,1.0,1.0,1.0,1.0,1.0
1.0,19.7591,1.0,1.0,12.0,31519.1569,55.0,0.0,0.0,1.0,0.0,0.0,0.0,0.0,0.0,0.0,0.0,0.0,0.0
0.0,38.7819,1.0,4.0,0.0,20128.1002,86.0,1.0,1.0,1.0,1.0,1.0,1.0,1.0,1.0,1.0,1.0,1.0,1.0
0.0,42.9475,0.0,1.0,8.0,16399.6191,10.0,1.0,1.0,1.0,1.0,1.0,1.0,1.0,1.0,1.0,1.0,1.0,1.0
1.0,40.3769,1.0,1.0,7.0,13964.349,37.0,1.0,1.0,1.0,1.0,1.0,1.0,1.0,1.0,1.0,1.0,1.0,1.0
1.0,6.0107,0.0,2.0,19.0,25977.3631,54.0,1.0,0.0,1.0,0.0,0.0,1.0,0.0,1.0,1.0,1.0,1.0,1.0
1.0,31.2674,0.0,3.0,18.0,10862.4009,67.0,1.0,0.0,1.0,0.0,0.0,0.0,0.0,0.0,0.0,0.0,0.0,0.0
0.0,11.8943,1.0,4.0,3.0,6757.5761,51.0,0.0,1.0,1.0,0.0,1.0,1.0,0.0,0.0,0.0,0.0,0.0,1.0
1.0,21.2856,1.0,4.0,7.0,18491.3465,18.0,0.0,1.0,1.0,0.0,1.0,1.0,0.0,0.0,0.0,0.0,1.0,1.0
1.0,44.3695,1.0,3.0,18.0,37200.9338,55.0,1.0,1.0,1.0,1.0,1.0,1.0,1.0,1.0,1.0,1.0,1.0,1.0
0.0,34.1775,1.0,3.0,10.0,35019.751,72.0,1.0,0.0,1.0,0.0,0.0,0.0,0.0,0.0,0.0,0.0,0.0,1.0
0.0,10.5029,1.0,2.0,14.0,15989.6352,9.0,1.0,1.0,1.0,1.0,1.0,1.0,1.0,1.0,1.0,1.0,1.0,1.0
0.0,12.597,1.0,3.0,16.0,6558.3923,45.0,0.0,1.0,1.0,0.0,1.0,1.0,0.0,1.0,0.0,1.0,1.0,1.0
1.0,20.3711,1.0,1.0,4.0,37892.2313,87.0,0.0,1.0,1.0,0.0,1.0,1.0,0.0,0.0,0.0,0.0,0.0,1.0
0.0,47.0981,1.0,4.0,8.0,24362.244,9.0,0.0,0.0,1.0,0.0,0.0,0.0,0.0,0.0,0.0,0.0,0.0,1.0
0.0,15.8301,1.0,3.0,1.0,20513.2148,55.0,1.0,1.0,1.0,1.0,1.0,1.0,1.0,1.0,1.0,1.0,1.0,1.0
1.0,42.2504,0.0,1.0,18.0,33157.0174,9.0,1.0,0.0,1.0,0.0,0.0,0.0,0.0,0.0,0.0,0.0,0.0,1.0
1.0,24.0399,1.0,2.0,3.0,16714.9659,52.0,0.0,1.0,1.0,0.0,1.0,1.0,0.0,1.0,0.0,1.0,1.0,1.0
1.0,25.6772,0.0,4.0,2.0,39098.9615,81.0,1.0,1.0,1.0,1.0,1.0,1.0,1.0,1.0,1.0,1.0,1.0,1.0
1.0,29.001,1.0,3.0,20.0,2722.0199,67.0,0.0,1.0,1.0,0.0,1.0,1.0,0.0,0.0,0.0,0.0,0.0,0.0
1.0,46.641,1.0,1.0,23.0,22662.6207,5.0,1.0,1.0,1.0,1.0,1.0,1.0,1.0,1.0,1.0,1.0,1.0,1.0
0.0,34.7907,1.0,2.0,3.0,6948.2053,63.0,0.0,1.0,1.0,0.0,1.0,1.0,0.0,1.0,0.0,1.0,1.0,1.0
1.0,38.0996,1.0,2.0,4.0,39243.8424,25.0,0.0,1.0,1.0,0.0,1.0,1.0,0.0,1.0,0.0,1.0,1.0,1.0
1.0,38.6602,0.0,2.0,5.0,15002.058,40.0,1.0,1.0,1.0,1.0,1.0,1.0,1.0,1.0,1.0,1.0,1.0,1.0
0.0,45.4453,1.0,2.0,6.0,1538.3195,31.0,0.0,1.0,1.0,0.0,1.0,1.0,0.0,1.0,0.0,1.0,1.0,1.0
0.0,48.3368,0.0,2.0,21.0,29309.3813,98.0,1.0,1.0,1.0,1.0,1.0,1.0,1.0,1.0,1.0,1.0,1.0,1.0
1.0,34.7001,1.0,2.0,15.0,18786.7449,93.0,1.0,1.0,1.0,1.0,1.0,1.0,1.0,1.0,1.0,1.0,1.0,1.0
1.0,30.477,1.0,3.0,21.0,13710.1046,42.0,1.0,1.0,1.0,1.0,1.0,1.0,1.0,1.0,1.0,1.0,1.0,1.0
1.0,32.1443,0.0,2.0,18.0,5296.1962,18.0,0.0,1.0,1.0,0.0,1.0,1.0,0.0,1.0,0.0,1.0,1.0,1.0
0.0,45.3723,0.0,3.0,14.0,24882.3786,27.0,1.0,1.0,1.0,1.0,1.0,1.0,1.0,1.0,1.0,1.0,1.0,1.0
0.0,7.5549,1.0,2.0,17.0,26143.0048,59.0,1.0,1.0,1.0,1.0,1.0,1.0,1.0,1.0,1.0,1.0,1.0,1.0
1.0,21.6415,1.0,4.0,5.0,8032.6406,96.0,1.0,0.0,1.0,0.0,0.0,0.0,0.0,0.0,0.0,0.0,0.0,1.0
0.0,19.9519,1.0,2.0,14.0,12509.6215,63.0,0.0,1.0,1.0,0.0,1.0,1.0,0.0,1.0,0.0,1.0,1.0,1.0
1.0,29.1121,0.0,2.0,20.0,12434.7708,27.0,1.0,1.0,1.0,1.0,1.0,1.0,1.0,1.0,1.0,1.0,1.0,1.0
0.0,20.9746,0.0,2.0,4.0,4172.676,24.0,0.0,1.0,1.0,0.0,1.0,1.0,0.0,1.0,0.0,1.0,1.0,1.0
1.0,26.0697,0.0,1.0,10.0,35175.199,48.0,1.0,1.0,1.0,1.0,1.0,1.0,1.0,1.0,1.0,1.0,1.0,1.0
1.0,36.7464,1.0,4.0,3.0,14343.5435,45.0,1.0,0.0,1.0,0.0,0.0,0.0,0.0,0.0,0.0,0.0,0.0,0.0
0.0,26.6279,0.0,1.0,20.0,28793.2462,85.0,0.0,1.0,1.0,0.0,1.0,1.0,0.0,1.0,0.0,1.0,1.0,1.0
1.0,34.265,0.0,2.0,3.0,36231.9308,82.0,1.0,1.0,1.0,1.0,1.0,1.0,1.0,1.0,1.0,1.0,1.0,1.0
1.0,40.5586,1.0,4.0,0.0,18966.5283,42.0,1.0,1.0,1.0,1.0,1.0,1.0,1.0,1.0,1.0,1.0,1.0,1.0
1.0,20.1464,1.0,4.0,19.0,30521.6584,4.0,1.0,0.0,1.0,0.0,0.0,1.0,0.0,1.0,1.0,1.0,1.0,1.0
0.0,29.5631,0.0,3.0,11.0,25207.4543,20.0,1.0,1.0,1.0,1.0,1.0,1.0,1.0,1.0,1.0,1.0,1.0,1.0
0.0,8.9119,0.0,1.0,5.0,4880.573,73.0,0.0,1.0,1.0,0.0,1.0,1.0,0.0,0.0,0.0,0.0,0.0,0.0
0.0,13.7102,0.0,1.0,5.0,31366.7614,60.0,1.0,0.0,1.0,0.0,0.0,0.0,0.0,0.0,0.0,0.0,0.0,0.0
0.0,36.9193,0.0,1.0,23.0,33555.3561,64.0,1.0,0.0,1.0,0.0,0.0,0.0,0.0,0.0,0.0,0.0,0.0,0.0
1.0,35.746,1.0,1.0,21.0,29235.1779,50.0,0.0,1.0,1.0,0.0,1.0,1.0,0.0,1.0,0.0,1.0,1.0,1.0
0.0,6.8219,0.0,2.0,12.0,18547.5599,36.0,1.0,1.0,1.0,1.0,1.0,1.0,1.0,1.0,1.0,1.0,1.0,1.0
1.0,27.0179,0.0,4.0,10.0,3915.1566,51.0,0.0,1.0,1.0,0.0,1.0,1.0,0.0,1.0,0.0,1.0,1.0,1.0
0.0,20.8992,0.0,4.0,10.0,30253.8857,61.0,1.0,1.0,1.0,1.0,1.0,1.0,1.0,1.0,1.0,1.0,1.0,1.0
0.0,25.6721,1.0,4.0,7.0,26656.8246,34.0,0.0,1.0,1.0,0.0,1.0,1.0,0.0,1.0,0.0,1.0,1.0,1.0
1.0,30.1501,0.0,1.0,13.0,22513.1867,79.0,1.0,1.0,1.0,1.0,1.0,1.0,1.0,1.0,1.0,1.0,1.0,1.0
0.0,31.1319,1.0,1.0,2.0,39973.6457,1.0,0.0,0.0,1.0,0.0,0.0,0.0,0.0,0.0,0.0,0.0,0.0,0.0
1.0,27.1296,1.0,1.0,8.0,5984.3434,87.0,0.0,1.0,1.0,0.0,1.0,1.0,0.0,1.0,0.0,1.0,1.0,1.0
0.0,14.8821,0.0,1.0,7.0,29079.9091,16.0,1.0,1.0,1.0,1.0,1.0,1.0,1.0,1.0,1.0,1.0,1.0,1.0
1.0,19.2959,0.0,1.0,19.0,34750.6534,14.0,1.0,1.0,1.0,1.0,1.0,1.0,1.0,1.0,1.0,1.0,1.0,1.0
0.0,41.6227,1.0,3.0,18.0,39390.4276,36.0,0.0,0.0,1.0,0.0,0.0,0.0,0.0,0.0,0.0,0.0,1.0,1.0
1.0,49.2944,1.0,2.0,3.0,38042.9176,98.0,1.0,1.0,1.0,1.0,1.0,1.0,1.0,1.0,1.0,1.0,1.0,1.0
0.0,12.8634,1.0,1.0,3.0,39834.1316,68.0,1.0,1.0,1.0,1.0,1.0,1.0,1.0,1.0,1.0,1.0,1.0,1.0
1.0,48.0782,0.0,1.0,20.0,18214.9925,56.0,1.0,1.0,1.0,1.0,1.0,1.0,1.0,1.0,1.0,1.0,1.0,1.0
1.0,11.1267,1.0,4.0,23.0,34704.5088,79.0,0.0,1.0,1.0,0.0,1.0,1.0,0.0,1.0,0.0,1.0,1.0,1.0
1.0,19.6717,0.0,3.0,18.0,26347.4758,8.0,0.0,1.0,1.0,0.0,1.0,1.0,0.0,1.0,0.0,1.0,1.0,1.0
0.0,44.7484,1.0,3.0,6.0,20729.9173,15.0,0.0,0.0,1.0,0.0,0.0,0.0,0.0,0.0,0.0,0.0,0.0,0.0
0.0,11.5473,0.0,2.0,18.0,13858.502,96.0,1.0,1.0,1.0,1.0,1.0,1.0,1.0,1.0,1.0,1.0,1.0,1.0
1.0,7.2111,0.0,2.0,14.0,4748.9968,44.0,1.0,1.0,1.0,1.0,1.0,1.0,1.0,1.0,1.0,1.0,1.0,1.0
1.0,27.7178,0.0,4.0,1.0,3249.7552,60.0,1.0,1.0,1.0,1.0,1.0,1.0,1.0,1.0,1.0,1.0,1.0,1.0
1.0,13.9136,0.0,1.0,20.0,11763.0101,59.0,1.0,1.0,1.0,1.0,1.0,1.0,1.0,1.0,1.0,1.0,1.0,1.0
0.0,14.2163,1.0,4.0,21.0,35317.2859,47.0,0.0,1.0,1.0,0.0,1.0,1.0,0.0,1.0,0.0,1.0,1.0,1.0
1.0,19.7159,0.0,1.0,20.0,2926.1321,62.0,0.0,0.0,1.0,0.0,0.0,0.0,0.0,0.0,0.0,0.0,0.0,1.0
0.0,49.7995,0.0,2.0,13.0,39544.1563,97.0,1.0,1.0,1.0,1.0,1.0,1.0,1.0,1.0,1.0,1.0,1.0,1.0
1.0,9.4656,1.0,2.0,12.0,19159.2638,19.0,1.0,1.0,1.0,1.0,1.0,1.0,1.0,1.0,1.0,1.0,1.0,1.0
1.0,21.0576,0.0,3.0,10.0,17029.8839,37.0,1.0,1.0,1.0,1.0,1.0,1.0,1.0,1.0,1.0,1.0,1.0,1.0
0.0,45.2891,0.0,3.0,7.0,32711.7525,76.0,1.0,1.0,1.0,1.0,1.0,1.0,1.0,1.0,1.0,1.0,1.0,1.0
0.0,34.0099,1.0,1.0,12.0,19501.7875,98.0,1.0,0.0,1.0,0.0,0.0,0.0,0.0,0.0,0.0,0.0,0.0,1.0
0.0,8.9013,1.0,1.0,14.0,31876.4416,98.0,1.0,1.0,1.0,1.0,1.0,1.0,1.0,1.0,1.0,1.0,1.0,1.0
0.0,48.5572,1.0,1.0,9.0,12436.5442,17.0,1.0,1.0,1.0,1.0,1.0,1.0,1.0,1.0,1.0,1.0,1.0,1.0
1.0,30.5715,0.0,1.0,15.0,11108.944,77.0,1.0,1.0,1.0,1.0,1.0,1.0,1.0,1.0,1.0,1.0,1.0,1.0
1.0,25.4453,1.0,3.0,20.0,28442.032,95.0,1.0,1.0,1.0,1.0,1.0,1.0,1.0,1.0,1.0,1.0,1.0,1.0
1.0,9.242,0.0,2.0,7.0,4899.5187,1.0,1.0,0.0,1.0,0.0,0.0,0.0,0.0,0.0,0.0,0.0,0.0,0.0
1.0,12.7503,1.0,1.0,2.0,12605.3669,57.0,0.0,1.0,1.0,0.0,1.0,1.0,0.0,0.0,0.0,0.0,0.0,0.0
1.0,17.2027,0.0,2.0,16.0,33522.8452,87.0,0.0,1.0,1.0,0.0,1.0,1.0,0.0,1.0,0.0,1.0,1.0,1.0
1.0,10.8313,0.0,2.0,7.0,27583.6015,26.0,1.0,1.0,1.0,1.0,1.0,1.0,1.0,1.0,1.0,1.0,1.0,1.0
1.0,5.2055,0.0,3.0,16.0,29853.2433,35.0,1.0,0.0,1.0,0.0,0.0,1.0,0.0,1.0,1.0,1.0,1.0,1.0
0.0,38.9171,1.0,4.0,3.0,10560.0533,68.0,1.0,0.0,1.0,0.0,0.0,0.0,0.0,0.0,0.0,0.0,0.0,0.0
0.0,24.8397,1.0,3.0,9.0,29217.7849,33.0,0.0,0.0,1.0,0.0,0.0,0.0,0.0,0.0,0.0,0.0,1.0,1.0
0.0,15.8559,1.0,3.0,11.0,26013.4623,76.0,1.0,0.0,1.0,0.0,0.0,0.0,0.0,0.0,0.0,0.0,0.0,1.0
0.0,28.128,0.0,3.0,21.0,15072.0036,38.0,1.0,1.0,1.0,1.0,1.0,1.0,1.0,1.0,1.0,1.0,1.0,1.0
1.0,7.3505,1.0,2.0,14.0,39838.779,68.0,1.0,0.0,1.0,0.0,0.0,0.0,0.0,0.0,0.0,0.0,0.0,1.0
1.0,26.5315,0.0,3.0,10.0,1082.5538,53.0,1.0,1.0,1.0,1.0,1.0,1.0,1.0,1.0,1.0,1.0,1.0,1.0
1.0,17.6321,1.0,2.0,6.0,38032.5666,25.0,1.0,0.0,1.0,0.0,0.0,0.0,0.0,0.0,0.0,0.0,1.0,1.0
1.0,35.8254,1.0,3.0,23.0,24072.1942,42.0,0.0,1.0,1.0,0.0,1.0,1.0,0.0,1.0,0.0,1.0,1.0,1.0
1.0,16.2069,1.0,3.0,2.0,25064.4722,66.0,1.0,0.0,1.0,0.0,0.0,0.0,0.0,0.0,0.0,0.0,0.0,0.0
1.0,27.2586,1.0,4.0,0.0,39626.8482,54.0,1.0,1.0,1.0,1.0,1.0,1.0,1.0,1.0,1.0,1.0,1.0,1.0
0.0,6.049,0.0,2.0,21.0,7010.108,76.0,1.0,1.0,1.0,1.0,1.0,1.0,1.0,1.0,1.0,1.0,1.0,1.0
0.0,7.0293,1.0,4.0,4.0,39213.1417,59.0,1.0,0.0,1.0,0.0,0.0,0.0,0.0,0.0,0.0,0.0,1.0,1.0
0.0,30.6964,1.0,3.0,13.0,28897.1868,73.0,0.0,1.0,1.0,0.0,1.0,1.0,0.0,1.0,0.0,1.0,1.0,1.0
0.0,38.4297,0.0,4.0,13.0,25906.9588,97.0,1.0,1.0,1.0,1.0,1.0,1.0,1.0,1.0,1.0,1.0,1.0,1.0
0.0,25.8509,1.0,4.0,18.0,30806.0359,66.0,1.0,1.0,1.0,1.0,1.0,1.0,1.0,1.0,1.0,1.0,1.0,1.0
0.0,19.8261,1.0,2.0,1.0,11537.6145,48.0,0.0,1.0,1.0,0.0,1.0,1.0,0.0,1.0,0.0,1.0,1.0,1.0
1.0,8.0016,1.0,1.0,21.0,28828.7117,77.0,0.0,1.0,1.0,0.0,1.0,1.0,0.0,1.0,0.0,1.0,1.0,1.0
0.0,38.8544,1.0,4.0,13.0,13728.5455,85.0,1.0,1.0,1.0,1.0,1.0,1.0,1.0,1.0,1.0,1.0,1.0,1.0
1.0,27.0684,1.0,3.0,22.0,32785.1785,80.0,0.0,1.0,1.0,0.0,1.0,1.0,0.0,1.0,0.0,1.0,1.0,1.0
1.0,30.3733,1.0,4.0,9.0,34418.8652,23.0,0.0,0.0,1.0,0.0,0.0,0.0,0.0,0.0,0.0,0.0,0.0,1.0
0.0,49.0583,1.0,3.0,14.0,11809.6931,100.0,1.0,0.0,1.0,0.0,0.0,0.0,0.0,0.0,0.0,0.0,0.0,0.0
1.0,12.4551,0.0,4.0,6.0,39772.8979,13.0,1.0,1.0,1.0,1.0,1.0,1.0,1.0,1.0,1.0,1.0,1.0,1.0
1.0,11.0475,1.0,3.0,11.0,32581.1792,77.0,0.0,1.0,1.0,0.0,1.0,1.0,0.0,1.0,0.0,1.0,1.0,1.0
1.0,30.7477,0.0,4.0,6.0,20010.6042,52.0,1.0,1.0,1.0,1.0,1.0,1.0,1.0,1.0,1.0,1.0,1.0,1.0
0.0,25.2728,1.0,2.0,11.0,1065.8013,51.0,0.0,1.0,1.0,0.0,1.0,1.0,0.0,0.0,0.0,0.0,0.0,0.0
1.0,41.3174,1.0,3.0,17.0,28828.057,59.0,0.0,0.0,1.0,0.0,0.0,0.0,0.0,0.0,0.0,0.0,0.0,1.0
0.0,22.9913,0.0,3.0,3.0,37660.0527,58.0,1.0,1.0,1.0,1.0,1.0,1.0,1.0,1.0,1.0,1.0,1.0,1.0
1.0,36.2613,1.0,3.0,9.0,28100.7682,10.0,0.0,0.0,1.0,0.0,0.0,0.0,0.0,0.0,0.0,0.0,0.0,0.0
1.0,17.141,0.0,3.0,17.0,14454.6482,11.0,1.0,1.0,1.0,1.0,1.0,1.0,1.0,1.0,1.0,1.0,1.0,1.0
0.0,23.9589,0.0,3.0,21.0,35790.3784,19.0,1.0,1.0,1.0,1.0,1.0,1.0,1.0,1.0,1.0,1.0,1.0,1.0
0.0,24.3857,0.0,2.0,6.0,20823.7597,67.0,1.0,1.0,1.0,1.0,1.0,1.0,1.0,1.0,1.0,1.0,1.0,1.0
1.0,41.1128,0.0,2.0,12.0,24211.0927,27.0,0.0,1.0,1.0,0.0,1.0,1.0,0.0,0.0,0.0,0.0,0.0,1.0
0.0,37.7679,0.0,4.0,3.0,15717.7385,97.0,1.0,1.0,1.0,1.0,1.0,1.0,1.0,1.0,1.0,1.0,1.0,1.0
0.0,12.2798,1.0,3.0,17.0,2954.1984,70.0,1.0,1.0,1.0,1.0,1.0,1.0,1.0,1.0,1.0,1.0,1.0,1.0
0.0,34.6022,0.0,3.0,17.0,7271.0737,42.0,0.0,1.0,1.0,0.0,1.0,1.0,0.0,1.0,0.0,1.0,1.0,1.0
1.0,7.0225,0.0,1.0,13.0,30443.7607,46.0,1.0,1.0,1.0,1.0,1.0,1.0,1.0,1.0,1.0,1.0,1.0,1.0
1.0,16.4794,1.0,3.0,20.0,22176.2732,14.0,1.0,0.0,1.0,0.0,0.0,0.0,0.0,0.0,0.0,0.0,0.0,1.0
0.0,19.5733,0.0,1.0,1.0,11708.7776,69.0,1.0,1.0,1.0,1.0,1.0,1.0,1.0,1.0,1.0,1.0,1.0,1.0
0.0,35.1656,1.0,3.0,23.0,19218.7653,99.0,1.0,0.0,1.0,0.0,0.0,0.0,0.0,0.0,0.0,0.0,0.0,1.0
0.0,19.2916,0.0,1.0,22.0,4329.1973,29.0,1.0,1.0,1.0,1.0,1.0,1.0,1.0,1.0,1.0,1.0,1.0,1.0
0.0,15.0323,0.0,2.0,22.0,18752.3693,12.0,1.0,0.0,1.0,0.0,0.0,0.0,0.0,0.0,0.0,0.0,0.0,1.0
0.0,42.2952,1.0,2.0,9.0,11434.7351,27.0,0.0,1.0,1.0,0.0,1.0,1.0,0.0,1.0,0.0,1.0,1.0,1.0
0.0,33.9607,0.0,2.0,23.0,10228.9474,61.0,1.0,1.0,1.0,1.0,1.0,1.0,1.0,1.0,1.0,1.0,1.0,1.0
0.0,19.0638,0.0,2.0,17.0,8643.6678,98.0,1.0,0.0,1.0,0.0,0.0,0.0,0.0,0.0,0.0,0.0,0.0,0.0
0.0,24.1007,0.0,4.0,17.0,9845.322,57.0,1.0,0.0,1.0,0.0,0.0,0.0,0.0,0.0,0.0,0.0,0.0,0.0
1.0,44.1823,0.0,4.0,12.0,24347.9741,45.0,1.0,1.0,1.0,1.0,1.0,1.0,1.0,1.0,1.0,1.0,1.0,1.0
0.0,18.9973,1.0,4.0,9.0,6725.1982,23.0,0.0,1.0,1.0,0.0,1.0,1.0,0.0,1.0,0.0,1.0,1.0,1.0
1.0,43.364,1.0,1.0,21.0,15247.2782,13.0,1.0,1.0,1.0,1.0,1.0,1.0,1.0,1.0,1.0,1.0,1.0,1.0
1.0,35.4053,0.0,2.0,1.0,20822.9932,29.0,0.0,1.0,1.0,0.0,1.0,1.0,0.0,1.0,0.0,1.0,1.0,1.0
1.0,26.2109,1.0,3.0,13.0,25346.4217,96.0,0.0,1.0,1.0,0.0,1.0,1.0,0.0,1.0,0.0,1.0,1.0,1.0
0.0,6.3633,0.0,2.0,10.0,17870.5932,53.0,1.0,1.0,1.0,1.0,1.0,1.0,1.0,1.0,1.0,1.0,1.0,1.0
1.0,43.7673,0.0,3.0,11.0,37724.6509,15.0,1.0,0.0,1.0,0.0,0.0,0.0,0.0,0.0,0.0,0.0,0.0,0.0
0.0,15.1168,0.0,2.0,23.0,36163.6102,84.0,0.0,0.0,1.0,0.0,0.0,0.0,0.0,0.0,0.0,0.0,0.0,0.0
0.0,42.3645,0.0,3.0,10.0,8265.001,43.0,1.0,1.0,1.0,1.0,1.0,1.0,1.0,1.0,1.0,1.0,1.0,1.0
1.0,43.7269,1.0,4.0,21.0,4431.6436,5.0,0.0,1.0,1.0,0.0,1.0,1.0,0.0,1.0,0.0,1.0,1.0,1.0
1.0,6.7021,0.0,4.0,19.0,29902.7162,19.0,1.0,0.0,1.0,0.0,0.0,0.0,0.0,0.0,0.0,0.0,1.0,1.0
0.0,40.4376,0.0,2.0,23.0,32585.3958,63.0,0.0,1.0,1.0,0.0,1.0,1.0,0.0,1.0,0.0,1.0,1.0,1.0
1.0,10.8869,1.0,3.0,12.0,24098.6553,57.0,1.0,1.0,1.0,1.0,1.0,1.0,1.0,1.0,1.0,1.0,1.0,1.0
0.0,24.0088,0.0,2.0,11.0,28594.3159,40.0,1.0,1.0,1.0,1.0,1.0,1.0,1.0,1.0,1.0,1.0,1.0,1.0
0.0,28.1398,0.0,4.0,9.0,28066.4686,100.0,1.0,0.0,1.0,0.0,0.0,0.0,0.0,0.0,0.0,0.0,0.0,0.0
0.0,32.0084,1.0,1.0,20.0,3845.9362,48.0,1.0,1.0,1.0,1.0,1.0,1.0,1.0,1.0,1.0,1.0,1.0,1.0
0.0,11.8267,1.0,1.0,3.0,20680.6233,32.0,0.0,0.0,1.0,0.0,0.0,1.0,0.0,1.0,0.0,1.0,1.0,1.0
0.0,11.304,0.0,1.0,2.0,11786.5509,58.0,1.0,1.0,1.0,1.0,1.0,1.0,1.0,1.0,1.0,1.0,1.0,1.0
0.0,31.1872,1.0,1.0,23.0,4838.9457,30.0,0.0,0.0,1.0,0.0,0.0,0.0,0.0,0.0,0.0,0.0,0.0,1.0
0.0,26.9527,0.0,3.0,9.0,34508.1832,53.0,1.0,1.0,1.0,1.0,1.0,1.0,1.0,1.0,1.0,1.0,1.0,1.0
1.0,41.8633,1.0,3.0,1.0,18254.3767,93.0,1.0,0.0,1.0,0.0,0.0,0.0,0.0,0.0,0.0,0.0,0.0,0.0
0.0,12.3788,0.0,1.0,10.0,37671.4388,34.0,0.0,1.0,1.0,0.0,1.0,1.0,0.0,0.0,0.0,0.0,0.0,0.0
1.0,45.4147,1.0,4.0,18.0,31043.0024,56.0,0.0,0.0,1.0,0.0,0.0,0.0,0.0,0.0,0.0,0.0,0.0,1.0
0.0,5.3665,0.0,3.0,18.0,31669.3042,11.0,1.0,1.0,1.0,1.0,1.0,1.0,1.0,1.0,1.0,1.0,1.0,1.0
1.0,40.8369,1.0,3.0,19.0,37835.5486,81.0,0.0,1.0,1.0,0.0,1.0,1.0,0.0,1.0,0.0,1.0,1.0,1.0
1.0,47.4702,1.0,4.0,22.0,15283.1899,15.0,1.0,0.0,1.0,0.0,0.0,1.0,0.0,1.0,1.0,1.0,1.0,1.0
1.0,8.0439,1.0,4.0,5.0,19578.9654,35.0,1.0,1.0,1.0,1.0,1.0,1.0,1.0,1.0,1.0,1.0,1.0,1.0
0.0,33.0451,0.0,3.0,22.0,18524.2869,3.0,1.0,1.0,1.0,1.0,1.0,1.0,1.0,1.0,1.0,1.0,1.0,1.0
1.0,30.5366,0.0,3.0,1.0,20064.1453,69.0,1.0,1.0,1.0,1.0,1.0,1.0,1.0,1.0,1.0,1.0,1.0,1.0
0.0,7.4389,1.0,1.0,18.0,1425.3948,15.0,1.0,0.0,1.0,0.0,0.0,0.0,0.0,0.0,0.0,0.0,0.0,0.0
0.0,39.5386,0.0,1.0,0.0,37298.6176,18.0,1.0,1.0,1.0,1.0,1.0,1.0,1.0,1.0,1.0,1.0,1.0,1.0
0.0,14.3981,1.0,2.0,22.0,29904.0034,76.0,0.0,1.0,1.0,0.0,1.0,1.0,0.0,0.0,0.0,0.0,1.0,1.0
0.0,43.1348,1.0,3.0,17.0,8722.973,19.0,1.0,1.0,1.0,1.0,1.0,1.0,1.0,1.0,1.0,1.0,1.0,1.0
1.0,12.4582,1.0,4.0,19.0,2124.9284,71.0,0.0,1.0,1.0,0.0,1.0,1.0,0.0,1.0,0.0,1.0,1.0,1.0
0.0,45.9595,0.0,2.0,18.0,23531.9629,73.0,1.0,1.0,1.0,1.0,1.0,1.0,1.0,1.0,1.0,1.0,1.0,1.0
0.0,15.7625,0.0,4.0,14.0,3715.7749,35.0,1.0,1.0,1.0,1.0,1.0,1.0,1.0,1.0,1.0,1.0,1.0,1.0
0.0,26.372,1.0,2.0,0.0,24886.8264,6.0,1.0,1.0,1.0,1.0,1.0,1.0,1.0,1.0,1.0,1.0,1.0,1.0
0.0,20.5245,1.0,4.0,10.0,10413.8604,83.0,0.0,1.0,1.0,0.0,1.0,1.0,0.0,0.0,0.0,0.0,1.0,1.0
0.0,35.5081,0.0,3.0,3.0,3882.2025,34.0,1.0,1.0,1.0,1.0,1.0,1.0,1.0,1.0,1.0,1.0,1.0,1.0
0.0,25.0527,1.0,4.0,20.0,21959.6292,94.0,1.0,0.0,1.0,0.0,0.0,0.0,0.0,0.0,0.0,0.0,0.0,1.0
0.0,42.3941,1.0,1.0,5.0,18964.2362,78.0,0.0,1.0,1.0,0.0,1.0,1.0,0.0,1.0,0.0,1.0,1.0,1.0
0.0,36.1453,0.0,4.0,21.0,24035.6332,80.0,1.0,1.0,1.0,1.0,1.0,1.0,1.0,1.0,1.0,1.0,1.0,1.0
1.0,48.0147,1.0,1.0,2.0,17143.3551,31.0,1.0,0.0,1.0,0.0,0.0,0.0,0.0,0.0,0.0,0.0,0.0,0.0
1.0,36.4505,1.0,4.0,4.0,12353.9694,1.0,0.0,1.0,1.0,0.0,1.0,1.0,0.0,1.0,0.0,1.0,1.0,1.0
1.0,14.3963,1.0,3.0,12.0,12637.6659,66.0,1.0,1.0,1.0,1.0,1.0,1.0,1.0,1.0,1.0,1.0,1.0,1.0
1.0,48.402,0.0,3.0,21.0,25250.5173,8.0,0.0,1.0,1.0,0.0,1.0,1.0,0.0,1.0,0.0,1.0,1.0,1.0
0.0,41.6707,0.0,2.0,17.0,19600.3857,31.0,1.0,1.0,1.0,1.0,1.0,1.0,1.0,1.0,1.0,1.0,1.0,1.0
1.0,49.0946,1.0,3.0,2.0,31610.9303,90.0,1.0,1.0,1.0,1.0,1.0,1.0,1.0,1.0,1.0,1.0,1.0,1.0
0.0,35.2904,1.0,1.0,22.0,1428.7795,19.0,0.0,0.0,1.0,0.0,0.0,0.0,0.0,0.0,0.0,0.0,0.0,0.0
0.0,18.5542,0.0,4.0,23.0,6944.2617,76.0,0.0,0.0,1.0,0.0,0.0,1.0,0.0,1.0,0.0,1.0,1.0,1.0
1.0,33.6286,0.0,3.0,3.0,26409.1069,63.0,1.0,1.0,1.0,1.0,1.0,1.0,1.0,1.0,1.0,1.0,1.0,1.0
1.0,31.9157,0.0,4.0,8.0,33469.9757,45.0,0.0,1.0,1.0,0.0,1.0,1.0,0.0,0.0,0.0,0.0,0.0,0.0
0.0,12.6876,0.0,4.0,18.0,26688.0936,23.0,0.0,0.0,1.0,0.0,0.0,0.0,0.0,0.0,0.0,0.0,1.0,1.0
0.0,42.3074,0.0,2.0,10.0,13123.7645,89.0,1.0,1.0,1.0,1.0,1.0,1.0,1.0,1.0,1.0,1.0,1.0,1.0
1.0,19.5755,0.0,4.0,17.0,12887.8227,71.0,0.0,1.0,1.0,0.0,1.0,1.0,0.0,0.0,0.0,0.0,0.0,1.0
0.0,22.8485,1.0,2.0,5.0,8718.206,84.0,1.0,1.0,1.0,1.0,1.0,1.0,1.0,1.0,1.0,1.0,1.0,1.0
0.0,29.4183,1.0,3.0,23.0,27153.6861,46.0,0.0,1.0,1.0,0.0,1.0,1.0,0.0,0.0,0.0,0.0,1.0,1.0
1.0,9.7554,1.0,4.0,17.0,3439.4212,57.0,0.0,1.0,1.0,0.0,1.0,1.0,0.0,1.0,0.0,1.0,1.0,1.0
1.0,37.1858,1.0,2.0,9.0,6090.1274,86.0,0.0,0.0,1.0,0.0,0.0,0.0,0.0,0.0,0.0,0.0,0.0,1.0
0.0,46.702,0.0,4.0,22.0,29823.6481,20.0,1.0,1.0,1.0,1.0,1.0,1.0,1.0,1.0,1.0,1.0,1.0,1.0
0.0,26.3904,1.0,1.0,10.0,19159.4156,1.0,0.0,0.0,1.0,0.0,0.0,0.0,0.0,0.0,0.0,0.0,0.0,0.0
0.0,22.0806,1.0,1.0,19.0,13035.6106,44.0,0.0,1.0,1.0,0.0,1.0,1.0,0.0,1.0,0.0,1.0,1.0,1.0
1.0,44.9557,1.0,4.0,10.0,1404.0636,26.0,0.0,0.0,1.0,0.0,0.0,0.0,0.0,0.0,0.0,0.0,0.0,0.0
0.0,32.4029,1.0,4.0,19.0,17661.9073,14.0,1.0,0.0,1.0,0.0,0.0,0.0,0.0,0.0,0.0,0.0,1.0,1.0
0.0,10.4746,0.0,2.0,13.0,18399.6644,53.0,1.0,1.0,1.0,1.0,1.0,1.0,1.0,1.0,1.0,1.0,1.0,1.0
1.0,42.7032,1.0,4.0,13.0,13641.3555,33.0,0.0,1.0,1.0,0.0,1.0,1.0,0.0,1.0,0.0,1.0,1.0,1.0
0.0,32.168,0.0,2.0,17.0,3862.2785,82.0,1.0,1.0,1.0,1.0,1.0,1.0,1.0,1.0,1.0,1.0,1.0,1.0
1.0,28.395,0.0,1.0,19.0,19126.0037,22.0,1.0,0.0,1.0,0.0,0.0,0.0,0.0,0.0,0.0,0.0,0.0,0.0
1.0,37.097,1.0,3.0,23.0,35431.0673,89.0,1.0,0.0,1.0,0.0,0.0,0.0,0.0,0.0,0.0,0.0,0.0,0.0
0.0,22.5455,1.0,4.0,11.0,17606.2366,26.0,0.0,0.0,1.0,0.0,0.0,0.0,0.0,0.0,0.0,0.0,0.0,1.0
0.0,17.0428,1.0,4.0,23.0,13169.6098,13.0,1.0,1.0,1.0,1.0,1.0,1.0,1.0,1.0,1.0,1.0,1.0,1.0
0.0,19.5007,1.0,4.0,21.0,17469.2345,98.0,1.0,0.0,1.0,0.0,0.0,0.0,0.0,0.0,0.0,0.0,0.0,0.0
1.0,29.2496,0.0,1.0,11.0,28296.6658,68.0,1.0,1.0,1.0,1.0,1.0,1.0,1.0,1.0,1.0,1.0,1.0,1.0
1.0,39.5155,1.0,1.0,18.0,32659.8774,82.0,1.0,1.0,1.0,1.0,1.0,1.0,1.0,1.0,1.0,1.0,1.0,1.0
1.0,44.8716,0.0,1.0,23.0,13313.2375,80.0,1.0,1.0,1.0,1.0,1.0,1.0,1.0,1.0,1.0,1.0,1.0,1.0
0.0,37.4692,1.0,3.0,21.0,31787.5457,96.0,0.0,0.0,1.0,0.0,0.0,0.0,0.0,0.0,0.0,0.0,1.0,1.0
1.0,44.9638,1.0,3.0,16.0,19645.6936,10.0,0.0,1.0,1.0,0.0,1.0,1.0,0.0,1.0,0.0,1.0,1.0,1.0
1.0,43.3702,0.0,4.0,21.0,4214.8847,89.0,1.0,1.0,1.0,1.0,1.0,1.0,1.0,1.0,1.0,1.0,1.0,1.0
0.0,25.069,0.0,1.0,22.0,5311.8799,34.0,1.0,1.0,1.0,1.0,1.0,1.0,1.0,1.0,1.0,1.0,1.0,1.0
1.0,21.4871,1.0,1.0,23.0,26150.5619,32.0,0.0,1.0,1.0,0.0,1.0,1.0,0.0,0.0,0.0,0.0,0.0,0.0
1.0,26.0116,0.0,2.0,14.0,29479.4918,65.0,1.0,0.0,1.0,0.0,0.0,0.0,0.0,0.0,0.0,0.0,0.0,1.0
0.0,26.0589,0.0,4.0,23.0,17040.1903,9.0,1.0,0.0,1.0,0.0,0.0,0.0,0.0,0.0,0.0,0.0,0.0,0.0
0.0,21.7873,1.0,4.0,5.0,22072.7155,33.0,0.0,0.0,1.0,0.0,0.0,0.0,0.0,0.0,0.0,0.0,1.0,1.0
1.0,19.9808,1.0,4.0,22.0,10158.2139,80.0,0.0,0.0,1.0,0.0,0.0,0.0,0.0,0.0,0.0,0.0,0.0,1.0
0.0,21.2079,1.0,4.0,8.0,1934.3041,23.0,1.0,1.0,1.0,1.0,1.0,1.0,1.0,1.0,1.0,1.0,1.0,1.0
0.0,23.4144,1.0,4.0,7.0,25200.9036,19.0,0.0,0.0,1.0,0.0,0.0,0.0,0.0,0.0,0.0,0.0,0.0,0.0
0.0,10.2866,0.0,4.0,5.0,31748.819,57.0,1.0,1.0,1.0,1.0,1.0,1.0,1.0,1.0,1.0,1.0,1.0,1.0
0.0,38.2855,0.0,2.0,22.0,14222.7841,28.0,0.0,1.0,1.0,0.0,1.0,1.0,0.0,1.0,0.0,1.0,1.0,1.0
0.0,21.4417,1.0,1.0,23.0,21678.0363,67.0,0.0,1.0,1.0,0.0,1.0,1.0,0.0,1.0,0.0,1.0,1.0,1.0
1.0,28.9772,1.0,2.0,2.0,6162.5892,55.0,0.0,1.0,1.0,0.0,1.0,1.0,0.0,1.0,0.0,1.0,1.0,1.0
1.0,23.3321,0.0,4.0,0.0,2930.74,29.0,1.0,1.0,1.0,1.0,1.0,1.0,1.0,1.0,1.0,1.0,1.0,1.0
1.0,24.9933,1.0,1.0,9.0,3382.6215,35.0,0.0,1.0,1.0,0.0,1.0,1.0,0.0,0.0,0.0,0.0,1.0,1.0
0.0,31.6622,0.0,1.0,7.0,36309.1595,67.0,1.0,1.0,1.0,1.0,1.0,1.0,1.0,1.0,1.0,1.0,1.0,1.0
0.0,17.7133,1.0,3.0,16.0,24334.8555,81.0,0.0,1.0,1.0,0.0,1.0,1.0,0.0,1.0,0.0,1.0,1.0,1.0
0.0,11.5971,0.0,1.0,21.0,13280.8287,28.0,0.0,1.0,1.0,0.0,1.0,1.0,0.0,1.0,0.0,1.0,1.0,1.0
1.0,8.2407,1.0,1.0,1.0,31595.6959,21.0,1.0,0.0,1.0,0.0,0.0,0.0,0.0,0.0,0.0,0.0,1.0,1.0
1.0,13.0529,0.0,3.0,11.0,8841.3418,97.0,1.0,1.0,1.0,1.0,1.0,1.0,1.0,1.0,1.0,1.0,1.0,1.0
0.0,40.5378,1.0,2.0,0.0,18019.9034,82.0,0.0,0.0,1.0,0.0,0.0,0.0,0.0,0.0,0.0,0.0,0.0,0.0
1.0,6.9363,0.0,3.0,20.0,21704.262,67.0,1.0,0.0,1.0,0.0,0.0,0.0,0.0,0.0,0.0,0.0,0.0,1.0
0.0,26.7395,0.0,2.0,14.0,14135.2924,35.0,1.0,1.0,1.0,1.0,1.0,1.0,1.0,1.0,1.0,1.0,1.0,1.0
1.0,15.6105,1.0,2.0,5.0,32788.7553,92.0,1.0,1.0,1.0,1.0,1.0,1.0,1.0,1.0,1.0,1.0,1.0,1.0
0.0,6.3024,0.0,1.0,3.0,12478.6653,54.0,1.0,1.0,1.0,1.0,1.0,1.0,1.0,1.0,1.0,1.0,1.0,1.0
0.0,36.621,0.0,4.0,21.0,11294.0879,42.0,1.0,0.0,1.0,0.0,0.0,0.0,0.0,0.0,0.0,0.0,1.0,1.0
1.0,41.9816,1.0,4.0,14.0,23769.7953,48.0,1.0,1.0,1.0,1.0,1.0,1.0,1.0,1.0,1.0,1.0,1.0,1.0
1.0,30.4145,1.0,2.0,11.0,21011.0711,38.0,1.0,0.0,1.0,0.0,0.0,0.0,0.0,0.0,0.0,0.0,0.0,0.0
1.0,5.1103,1.0,1.0,16.0,25008.6292,8.0,1.0,1.0,1.0,1.0,1.0,1.0,1.0,1.0,1.0,1.0,1.0,1.0
0.0,11.825,1.0,4.0,12.0,14886.32,72.0,0.0,0.0,1.0,0.0,0.0,0.0,0.0,0.0,0.0,0.0,0.0,1.0
1.0,28.925,0.0,4.0,22.0,27081.6847,80.0,1.0,1.0,1.0,1.0,1.0,1.0,1.0,1.0,1.0,1.0,1.0,1.0
1.0,35.0389,1.0,2.0,22.0,1535.9401,41.0,1.0,0.0,1.0,0.0,0.0,0.0,0.0,0.0,0.0,0.0,1.0,1.0
1.0,10.2209,0.0,3.0,2.0,8941.7327,98.0,0.0,1.0,1.0,0.0,1.0,1.0,0.0,0.0,0.0,0.0,0.0,0.0
1.0,28.5536,1.0,1.0,19.0,23338.5683,29.0,0.0,1.0,1.0,0.0,1.0,1.0,0.0,1.0,0.0,1.0,1.0,1.0
1.0,15.0054,0.0,3.0,2.0,6967.1716,58.0,1.0,1.0,1.0,1.0,1.0,1.0,1.0,1.0,1.0,1.0,1.0,1.0
1.0,28.4003,1.0,4.0,16.0,9094.5954,30.0,0.0,1.0,1.0,0.0,1.0,1.0,0.0,1.0,0.0,1.0,1.0,1.0
1.0,32.8091,1.0,2.0,14.0,39262.8853,50.0,0.0,1.0,1.0,0.0,1.0,1.0,0.0,1.0,0.0,1.0,1.0,1.0
0.0,34.0386,0.0,2.0,1.0,6651.3639,37.0,1.0,1.0,1.0,1.0,1.0,1.0,1.0,1.0,1.0,1.0,1.0,1.0
0.0,38.9577,1.0,2.0,21.0,5532.7379,69.0,0.0,0.0,1.0,0.0,0.0,0.0,0.0,0.0,0.0,0.0,1.0,1.0
1.0,14.8828,1.0,4.0,21.0,35667.8119,49.0,1.0,1.0,1.0,1.0,1.0,1.0,1.0,1.0,1.0,1.0,1.0,1.0
1.0,10.749,0.0,4.0,14.0,27757.5807,24.0,1.0,0.0,1.0,0.0,0.0,0.0,0.0,0.0,0.0,0.0,0.0,0.0
1.0,35.1301,1.0,3.0,7.0,27408.3085,93.0,0.0,1.0,1.0,0.0,1.0,1.0,0.0,1.0,0.0,1.0,1.0,1.0
1.0,39.8239,1.0,3.0,7.0,36906.8924,99.0,1.0,1.0,1.0,1.0,1.0,1.0,1.0,1.0,1.0,1.0,1.0,1.0
1.0,23.629,0.0,3.0,13.0,29405.1262,41.0,0.0,1.0,1.0,0.0,1.0,1.0,0.0,0.0,0.0,0.0,1.0,1.0
0.0,36.117,1.0,1.0,22.0,8095.9137,24.0,1.0,1.0,1.0,1.0,1.0,1.0,1.0,1.0,1.0,1.0,1.0,1.0
1.0,40.6403,0.0,2.0,8.0,9138.3932,12.0,1.0,1.0,1.0,1.0,1.0,1.0,1.0,1.0,1.0,1.0,1.0,1.0
1.0,8.0062,0.0,4.0,1.0,8603.1123,96.0,1.0,0.0,1.0,0.0,0.0,1.0,0.0,1.0,1.0,1.0,1.0,1.0
0.0,39.8972,0.0,2.0,12.0,14665.2628,95.0,1.0,1.0,1.0,1.0,1.0,1.0,1.0,1.0,1.0,1.0,1.0,1.0
1.0,34.6997,1.0,4.0,14.0,13550.9627,47.0,0.0,0.0,1.0,0.0,0.0,0.0,0.0,0.0,0.0,0.0,0.0,0.0
1.0,15.9265,0.0,3.0,14.0,31456.1976,15.0,1.0,0.0,1.0,0.0,0.0,0.0,0.0,0.0,0.0,0.0,0.0,0.0
0.0,7.4887,0.0,4.0,19.0,27998.0995,73.0,1.0,0.0,1.0,0.0,0.0,0.0,0.0,0.0,0.0,0.0,0.0,0.0
0.0,41.7981,1.0,2.0,16.0,23108.6783,77.0,0.0,1.0,1.0,0.0,1.0,1.0,0.0,0.0,0.0,0.0,1.0,1.0
1.0,27.6365,0.0,4.0,11.0,7442.1022,23.0,1.0,1.0,1.0,1.0,1.0,1.0,1.0,1.0,1.0,1.0,1.0,1.0
1.0,31.3942,1.0,2.0,10.0,4409.633,55.0,0.0,0.0,1.0,0.0,0.0,0.0,0.0,0.0,0.0,0.0,0.0,1.0
1.0,38.3931,1.0,1.0,1.0,15483.2079,69.0,1.0,1.0,1.0,1.0,1.0,1.0,1.0,1.0,1.0,1.0,1.0,1.0
0.0,49.6325,0.0,4.0,3.0,16711.8762,81.0,1.0,1.0,1.0,1.0,1.0,1.0,1.0,1.0,1.0,1.0,1.0,1.0
0.0,22.7312,1.0,2.0,20.0,27622.3106,96.0,1.0,1.0,1.0,1.0,1.0,1.0,1.0,1.0,1.0,1.0,1.0,1.0
1.0,48.0636,1.0,3.0,8.0,25034.7458,5.0,0.0,0.0,1.0,0.0,0.0,0.0,0.0,0.0,0.0,0.0,0.0,0.0
0.0,23.3593,1.0,1.0,16.0,3401.379,86.0,1.0,1.0,1.0,1.0,1.0,1.0,1.0,1.0,1.0,1.0,1.0,1.0
0.0,5.6976,1.0,2.0,10.0,39974.4438,53.0,1.0,1.0,1.0,1.0,1.0,1.0,1.0,1.0,1.0,1.0,1.0,1.0
0.0,48.0554,1.0,3.0,23.0,6537.2166,17.0,0.0,0.0,1.0,0.0,0.0,0.0,0.0,0.0,0.0,0.0,1.0,1.0
1.0,11.5977,0.0,4.0,15.0,12083.2343,13.0,1.0,1.0,1.0,1.0,1.0,1.0,1.0,1.0,1.0,1.0,1.0,1.0
1.0,47.8641,0.0,1.0,22.0,4517.5875,24.0,0.0,0.0,1.0,0.0,0.0,1.0,0.0,1.0,0.0,1.0,1.0,1.0
1.0,5.2098,0.0,1.0,6.0,19784.6204,84.0,1.0,0.0,1.0,0.0,0.0,0.0,0.0,0.0,0.0,0.0,1.0,1.0
1.0,42.3682,1.0,2.0,21.0,36277.2959,15.0,1.0,1.0,1.0,1.0,1.0,1.0,1.0,1.0,1.0,1.0,1.0,1.0
0.0,49.3852,0.0,2.0,3.0,16542.6807,4.0,1.0,0.0,1.0,0.0,0.0,0.0,0.0,0.0,0.0,0.0,0.0,0.0
0.0,20.3045,1.0,4.0,6.0,5741.1548,11.0,0.0,1.0,1.0,0.0,1.0,1.0,0.0,1.0,0.0,1.0,1.0,1.0
1.0,12.6762,1.0,2.0,23.0,22107.4596,59.0,1.0,0.0,1.0,0.0,0.0,0.0,0.0,0.0,0.0,0.0,1.0,1.0
0.0,45.2563,0.0,4.0,2.0,35740.2385,52.0,1.0,0.0,1.0,0.0,0.0,0.0,0.0,0.0,0.0,0.0,0.0,0.0
1.0,27.276,1.0,2.0,20.0,19240.2166,44.0,1.0,1.0,1.0,1.0,1.0,1.0,1.0,1.0,1.0,1.0,1.0,1.0
0.0,49.2428,0.0,1.0,12.0,10553.467,95.0,1.0,0.0,1.0,0.0,0.0,1.0,0.0,1.0,1.0,1.0,1.0,1.0
1.0,42.1659,0.0,3.0,18.0,27719.293,46.0,1.0,1.0,1.0,1.0,1.0,1.0,1.0,1.0,1.0,1.0,1.0,1.0
0.0,47.079,1.0,2.0,20.0,39097.3625,17.0,0.0,1.0,1.0,0.0,1.0,1.0,0.0,1.0,0.0,1.0,1.0,1.0
1.0,27.1722,0.0,2.0,0.0,18827.0769,56.0,1.0,1.0,1.0,1.0,1.0,1.0,1.0,1.0,1.0,1.0,1.0,1.0
0.0,11.1373,1.0,3.0,2.0,15001.9207,31.0,0.0,0.0,1.0,0.0,0.0,1.0,0.0,1.0,0.0,1.0,1.0,1.0
1.0,13.4017,1.0,1.0,6.0,3677.5611,77.0,1.0,1.0,1.0,1.0,1.0,1.0,1.0,1.0,1.0,1.0,1.0,1.0
0.0,6.7771,1.0,4.0,11.0,28376.9734,76.0,1.0,0.0,1.0,0.0,0.0,0.0,0.0,0.0,0.0,0.0,1.0,1.0
1.0,9.4799,0.0,4.0,17.0,3293.8388,49.0,1.0,1.0,1.0,1.0,1.0,1.0,1.0,1.0,1.0,1.0,1.0,1.0
1.0,18.5508,0.0,1.0,3.0,37945.5925,19.0,1.0,1.0,1.0,1.0,1.0,1.0,1.0,1.0,1.0,1.0,1.0,1.0
1.0,32.2409,0.0,3.0,3.0,39140.0966,7.0,1.0,0.0,1.0,0.0,0.0,0.0,0.0,0.0,0.0,0.0,0.0,1.0
1.0,11.1735,0.0,4.0,9.0,8540.9155,74.0,1.0,1.0,1.0,1.0,1.0,1.0,1.0,1.0,1.0,1.0,1.0,1.0
1.0,36.4905,0.0,2.0,1.0,36448.729,84.0,1.0,1.0,1.0,1.0,1.0,1.0,1.0,1.0,1.0,1.0,1.0,1.0
0.0,19.5643,1.0,1.0,1.0,15831.1839,19.0,1.0,1.0,1.0,1.0,1.0,1.0,1.0,1.0,1.0,1.0,1.0,1.0
0.0,5.3521,0.0,1.0,17.0,28364.8331,99.0,1.0,1.0,1.0,1.0,1.0,1.0,1.0,1.0,1.0,1.0,1.0,1.0
1.0,5.529,0.0,4.0,5.0,18517.8998,38.0,1.0,1.0,1.0,1.0,1.0,1.0,1.0,1.0,1.0,1.0,1.0,1.0
1.0,28.904,1.0,4.0,17.0,20823.5981,53.0,0.0,1.0,1.0,0.0,1.0,1.0,0.0,0.0,0.0,0.0,1.0,1.0
0.0,7.0393,0.0,3.0,7.0,31521.2714,20.0,1.0,1.0,1.0,1.0,1.0,1.0,1.0,1.0,1.0,1.0,1.0,1.0
1.0,5.3152,1.0,4.0,21.0,1652.3541,56.0,1.0,1.0,1.0,1.0,1.0,1.0,1.0,1.0,1.0,1.0,1.0,1.0
0.0,29.6493,0.0,3.0,1.0,7882.18,81.0,1.0,1.0,1.0,1.0,1.0,1.0,1.0,1.0,1.0,1.0,1.0,1.0
1.0,37.5886,1.0,3.0,3.0,1722.3025,85.0,1.0,1.0,1.0,1.0,1.0,1.0,1.0,1.0,1.0,1.0,1.0,1.0
0.0,25.0306,1.0,3.0,6.0,27643.0746,84.0,0.0,0.0,1.0,0.0,0.0,0.0,0.0,0.0,0.0,0.0,0.0,0.0
0.0,48.0741,0.0,4.0,20.0,6338.0355,21.0,1.0,1.0,1.0,1.0,1.0,1.0,1.0,1.0,1.0,1.0,1.0,1.0
1.0,46.1764,1.0,3.0,14.0,27252.0473,64.0,0.0,1.0,1.0,0.0,1.0,1.0,0.0,1.0,0.0,1.0,1.0,1.0
0.0,19.6868,1.0,1.0,21.0,1589.5807,88.0,1.0,0.0,1.0,0.0,0.0,0.0,0.0,0.0,0.0,0.0,0.0,0.0
1.0,40.6386,1.0,1.0,11.0,13494.7873,94.0,1.0,1.0,1.0,1.0,1.0,1.0,1.0,1.0,1.0,1.0,1.0,1.0
1.0,5.2728,0.0,1.0,19.0,2603.5293,39.0,1.0,1.0,1.0,1.0,1.0,1.0,1.0,1.0,1.0,1.0,1.0,1.0
0.0,8.2995,0.0,3.0,22.0,11806.9996,23.0,1.0,1.0,1.0,1.0,1.0,1.0,1.0,1.0,1.0,1.0,1.0,1.0
1.0,32.0681,1.0,4.0,9.0,35118.2448,34.0,1.0,1.0,1.0,1.0,1.0,1.0,1.0,1.0,1.0,1.0,1.0,1.0
0.0,21.5121,1.0,3.0,7.0,23470.0041,77.0,1.0,1.0,1.0,1.0,1.0,1.0,1.0,1.0,1.0,1.0,1.0,1.0
0.0,21.7985,0.0,1.0,16.0,1543.942,60.0,1.0,1.0,1.0,1.0,1.0,1.0,1.0,1.0,1.0,1.0,1.0,1.0
0.0,16.7549,1.0,3.0,16.0,5497.1128,44.0,0.0,1.0,1.0,0.0,1.0,1.0,0.0,1.0,0.0,1.0,1.0,1.0
1.0,5.8439,0.0,4.0,2.0,7269.3251,98.0,1.0,1.0,1.0,1.0,1.0,1.0,1.0,1.0,1.0,1.0,1.0,1.0
1.0,45.5817,1.0,3.0,12.0,14501.5895,20.0,1.0,0.0,1.0,0.0,0.0,0.0,0.0,0.0,0.0,0.0,1.0,1.0
0.0,31.9531,1.0,3.0,1.0,21708.8965,99.0,1.0,1.0,1.0,1.0,1.0,1.0,1.0,1.0,1.0,1.0,1.0,1.0
0.0,5.2783,1.0,2.0,14.0,38829.6942,41.0,1.0,0.0,1.0,0.0,0.0,0.0,0.0,0.0,0.0,0.0,0.0,0.0
1.0,24.9819,1.0,4.0,21.0,18793.5876,63.0,0.0,1.0,1.0,0.0,1.0,1.0,0.0,1.0,0.0,1.0,1.0,1.0
0.0,48.3457,0.0,4.0,11.0,11463.7385,82.0,1.0,0.0,1.0,0.0,0.0,0.0,0.0,0.0,0.0,0.0,0.0,0.0
0.0,42.9334,0.0,3.0,5.0,12501.6844,61.0,1.0,0.0,1.0,0.0,0.0,0.0,0.0,0.0,0.0,0.0,0.0,1.0
0.0,34.8908,0.0,1.0,18.0,10894.3328,55.0,1.0,0.0,1.0,0.0,0.0,0.0,0.0,0.0,0.0,0.0,1.0,1.0
1.0,41.8417,1.0,3.0,12.0,30199.3435,31.0,0.0,1.0,1.0,0.0,1.0,1.0,0.0,1.0,0.0,1.0,1.0,1.0
1.0,36.6506,0.0,4.0,16.0,18955.4169,21.0,1.0,1.0,1.0,1.0,1.0,1.0,1.0,1.0,1.0,1.0,1.0,1.0
0.0,25.0506,1.0,4.0,6.0,23686.3419,3.0,0.0,1.0,1.0,0.0,1.0,1.0,0.0,1.0,0.0,1.0,1.0,1.0
0.0,37.0895,1.0,4.0,12.0,6540.3297,55.0,0.0,1.0,1.0,0.0,1.0,1.0,0.0,1.0,0.0,1.0,1.0,1.0
0.0,36.8426,1.0,4.0,20.0,14510.1701,63.0,0.0,0.0,1.0,0.0,0.0,0.0,0.0,0.0,0.0,0.0,0.0,0.0
1.0,20.5329,1.0,4.0,20.0,15616.8636,94.0,1.0,1.0,1.0,1.0,1.0,1.0,1.0,1.0,1.0,1.0,1.0,1.0
1.0,35.1297,0.0,3.0,17.0,7042.9649,25.0,1.0,1.0,1.0,1.0,1.0,1.0,1.0,1.0,1.0,1.0,1.0,1.0
1.0,38.6894,1.0,3.0,13.0,38027.2817,61.0,0.0,0.0,1.0,0.0,0.0,0.0,0.0,0.0,0.0,0.0,0.0,0.0
1.0,11.8829,0.0,4.0,19.0,6411.7376,88.0,1.0,1.0,1.0,1.0,1.0,1.0,1.0,1.0,1.0,1.0,1.0,1.0
1.0,5.0272,1.0,1.0,6.0,15892.0769,50.0,1.0,1.0,1.0,1.0,1.0,1.0,1.0,1.0,1.0,1.0,1.0,1.0
0.0,7.4094,0.0,1.0,9.0,22997.5206,80.0,1.0,1.0,1.0,1.0,1.0,1.0,1.0,1.0,1.0,1.0,1.0,1.0
1.0,12.8829,1.0,4.0,17.0,27961.1119,23.0,1.0,0.0,1.0,0.0,0.0,0.0,0.0,0.0,0.0,0.0,0.0,0.0
1.0,39.5768,0.0,1.0,12.0,9125.377,6.0,1.0,0.0,1.0,0.0,0.0,0.0,0.0,0.0,0.0,0.0,0.0,0.0
0.0,15.8762,0.0,3.0,13.0,13060.1786,57.0,0.0,1.0,1.0,0.0,1.0,1.0,0.0,1.0,0.0,1.0,1.0,1.0
0.0,17.6438,0.0,3.0,12.0,6115.5405,77.0,1.0,0.0,1.0,0.0,0.0,0.0,0.0,0.0,0.0,0.0,0.0,1.0
0.0,24.9511,1.0,4.0,23.0,17447.3704,98.0,1.0,0.0,1.0,0.0,0.0,0.0,0.0,0.0,0.0,0.0,0.0,1.0
0.0,9.8374,0.0,3.0,4.0,13924.4835,56.0,1.0,1.0,1.0,1.0,1.0,1.0,1.0,1.0,1.0,1.0,1.0,1.0
1.0,38.6127,1.0,2.0,9.0,25419.5161,40.0,0.0,0.0,1.0,0.0,0.0,0.0,0.0,0.0,0.0,0.0,0.0,0.0
0.0,26.9652,0.0,2.0,2.0,19465.1438,54.0,0.0,1.0,1.0,0.0,1.0,1.0,0.0,0.0,0.0,0.0,1.0,1.0
1.0,49.1343,0.0,3.0,18.0,35750.7514,95.0,1.0,1.0,1.0,1.0,1.0,1.0,1.0,1.0,1.0,1.0,1.0,1.0
0.0,29.7401,1.0,1.0,11.0,14103.0215,28.0,1.0,1.0,1.0,1.0,1.0,1.0,1.0,1.0,1.0,1.0,1.0,1.0
0.0,23.144,0.0,4.0,19.0,20863.2227,96.0,1.0,1.0,1.0,1.0,1.0,1.0,1.0,1.0,1.0,1.0,1.0,1.0
1.0,10.9814,0.0,4.0,8.0,13057.3745,35.0,1.0,1.0,1.0,1.0,1.0,1.0,1.0,1.0,1.0,1.0,1.0,1.0
1.0,25.8625,1.0,3.0,15.0,24150.1581,67.0,0.0,1.0,1.0,0.0,1.0,1.0,0.0,1.0,0.0,1.0,1.0,1.0
1.0,20.2367,0.0,2.0,5.0,14960.5831,52.0,1.0,1.0,1.0,1.0,1.0,1.0,1.0,1.0,1.0,1.0,1.0,1.0
0.0,23.7148,0.0,2.0,20.0,11028.0023,39.0,1.0,1.0,1.0,1.0,1.0,1.0,1.0,1.0,1.0,1.0,1.0,1.0
0.0,18.516,1.0,1.0,19.0,19007.6045,18.0,0.0,1.0,1.0,0.0,1.0,1.0,0.0,1.0,0.0,1.0,1.0,1.0
0.0,48.9137,1.0,3.0,10.0,17700.0164,16.0,0.0,1.0,1.0,0.0,1.0,1.0,0.0,1.0,0.0,1.0,1.0,1.0
0.0,14.3875,1.0,2.0,17.0,21527.2961,78.0,0.0,1.0,1.0,0.0,1.0,1.0,0.0,1.0,0.0,1.0,1.0,1.0
0.0,10.0805,0.0,2.0,16.0,32216.2953,81.0,1.0,0.0,1.0,0.0,0.0,1.0,0.0,1.0,1.0,1.0,1.0,1.0
1.0,41.7828,0.0,4.0,20.0,38708.3277,80.0,1.0,1.0,1.0,1.0,1.0,1.0,1.0,1.0,1.0,1.0,1.0,1.0
1.0,23.9655,0.0,1.0,10.0,29494.1008,68.0,0.0,1.0,1.0,0.0,1.0,1.0,0.0,1.0,0.0,1.0,1.0,1.0
0.0,12.2478,1.0,4.0,23.0,4095.5355,30.0,0.0,0.0,1.0,0.0,0.0,0.0,0.0,0.0,0.0,0.0,0.0,1.0
0.0,41.3369,0.0,3.0,10.0,37705.483,42.0,1.0,1.0,1.0,1.0,1.0,1.0,1.0,1.0,1.0,1.0,1.0,1.0
1.0,34.9063,0.0,3.0,15.0,25848.1062,81.0,1.0,0.0,1.0,0.0,0.0,1.0,0.0,1.0,1.0,1.0,1.0,1.0
0.0,31.0383,1.0,2.0,5.0,9947.5255,53.0,0.0,0.0,1.0,0.0,0.0,1.0,0.0,1.0,0.0,1.0,1.0,1.0
1.0,39.1081,1.0,1.0,3.0,27335.6597,90.0,0.0,1.0,1.0,0.0,1.0,1.0,0.0,0.0,0.0,0.0,1.0,1.0
1.0,33.3737,1.0,1.0,19.0,39640.3049,2.0,0.0,1.0,1.0,0.0,1.0,1.0,0.0,1.0,0.0,1.0,1.0,1.0
1.0,42.6682,1.0,2.0,13.0,31578.6734,5.0,1.0,1.0,1.0,1.0,1.0,1.0,1.0,1.0,1.0,1.0,1.0,1.0
1.0,20.6907,1.0,2.0,9.0,12944.6025,25.0,1.0,1.0,1.0,1.0,1.0,1.0,1.0,1.0,1.0,1.0,1.0,1.0
1.0,14.0916,1.0,2.0,22.0,6814.0671,62.0,0.0,0.0,1.0,0.0,0.0,0.0,0.0,0.0,0.0,0.0,0.0,0.0
0.0,5.7253,1.0,4.0,22.0,31601.154,1.0,0.0,1.0,1.0,0.0,1.0,1.0,0.0,1.0,0.0,1.0,1.0,1.0
0.0,8.4848,1.0,3.0,3.0,10042.2064,19.0,0.0,1.0,1.0,0.0,1.0,1.0,0.0,0.0,0.0,0.0,0.0,1.0
1.0,10.288,0.0,2.0,9.0,13809.4543,97.0,1.0,1.0,1.0,1.0,1.0,1.0,1.0,1.0,1.0,1.0,1.0,1.0
0.0,13.2332,1.0,3.0,17.0,10408.9814,80.0,0.0,0.0,1.0,0.0,0.0,0.0,0.0,0.0,0.0,0.0,1.0,1.0
1.0,48.9375,0.0,2.0,12.0,27321.9068,92.0,1.0,1.0,1.0,1.0,1.0,1.0,1.0,1.0,1.0,1.0,1.0,1.0
0.0,27.7929,1.0,2.0,18.0,17532.5361,32.0,0.0,0.0,1.0,0.0,0.0,0.0,0.0,0.0,0.0,0.0,0.0,0.0
0.0,45.3663,1.0,3.0,16.0,20667.5443,88.0,1.0,0.0,1.0,0.0,0.0,0.0,0.0,0.0,0.0,0.0,1.0,1.0
1.0,49.5028,0.0,3.0,3.0,5483.5774,4.0,0.0,1.0,1.0,0.0,1.0,1.0,0.0,1.0,0.0,1.0,1.0,1.0
1.0,18.2275,0.0,3.0,18.0,26092.6808,23.0,1.0,1.0,1.0,1.0,1.0,1.0,1.0,1.0,1.0,1.0,1.0,1.0
0.0,25.3678,0.0,1.0,18.0,11365.5621,62.0,1.0,1.0,1.0,1.0,1.0,1.0,1.0,1.0,1.0,1.0,1.0,1.0
0.0,29.4637,0.0,1.0,14.0,21668.3518,84.0,0.0,0.0,1.0,0.0,0.0,0.0,0.0,0.0,0.0,0.0,1.0,1.0
1.0,11.1037,0.0,3.0,11.0,17533.6296,39.0,1.0,0.0,1.0,0.0,0.0,0.0,0.0,0.0,0.0,0.0,0.0,0.0
0.0,49.8742,1.0,4.0,2.0,34424.0679,96.0,0.0,1.0,1.0,0.0,1.0,1.0,0.0,0.0,0.0,0.0,0.0,1.0
0.0,10.8286,1.0,2.0,22.0,31409.812,87.0,0.0,1.0,1.0,0.0,1.0,1.0,0.0,1.0,0.0,1.0,1.0,1.0
1.0,47.2076,0.0,3.0,19.0,36158.7843,73.0,1.0,1.0,1.0,1.0,1.0,1.0,1.0,1.0,1.0,1.0,1.0,1.0
1.0,33.3654,1.0,3.0,14.0,13632.33,20.0,1.0,0.0,1.0,0.0,0.0,1.0,0.0,1.0,1.0,1.0,1.0,1.0
1.0,19.3882,0.0,3.0,12.0,5894.3173,22.0,1.0,1.0,1.0,1.0,1.0,1.0,1.0,1.0,1.0,1.0,1.0,1.0
0.0,37.3045,0.0,1.0,2.0,39649.0059,87.0,1.0,0.0,1.0,0.0,0.0,0.0,0.0,0.0,0.0,0.0,1.0,1.0
1.0,29.3575,1.0,1.0,1.0,19790.8965,58.0,1.0,1.0,1.0,1.0,1.0,1.0,1.0,1.0,1.0,1.0,1.0,1.0
0.0,24.2861,0.0,2.0,5.0,29660.365,95.0,1.0,0.0,1.0,0.0,0.0,0.0,0.0,0.0,0.0,0.0,0.0,0.0
0.0,32.2515,0.0,1.0,14.0,6531.9271,72.0,1.0,1.0,1.0,1.0,1.0,1.0,1.0,1.0,1.0,1.0,1.0,1.0
0.0,26.7935,0.0,2.0,22.0,17831.8353,87.0,1.0,1.0,1.0,1.0,1.0,1.0,1.0,1.0,1.0,1.0,1.0,1.0
1.0,35.8647,0.0,4.0,8.0,26039.7244,21.0,1.0,0.0,1.0,0.0,0.0,0.0,0.0,0.0,0.0,0.0,0.0,1.0
1.0,45.5731,1.0,1.0,6.0,24240.8636,86.0,0.0,1.0,1.0,0.0,1.0,1.0,0.0,1.0,0.0,1.0,1.0,1.0
1.0,17.9311,1.0,1.0,16.0,28826.1655,2.0,1.0,1.0,1.0,1.0,1.0,1.0,1.0,1.0,1.0,1.0,1.0,1.0
1.0,30.6861,1.0,4.0,9.0,20924.7158,77.0,0.0,0.0,1.0,0.0,0.0,0.0,0.0,0.0,0.0,0.0,0.0,1.0
1.0,17.1896,0.0,3.0,7.0,32211.4343,91.0,1.0,1.0,1.0,1.0,1.0,1.0,1.0,1.0,1.0,1.0,1.0,1.0
1.0,9.1075,0.0,3.0,22.0,5391.2252,30.0,1.0,1.0,1.0,1.0,1.0,1.0,1.0,1.0,1.0,1.0,1.0,1.0
0.0,41.3714,1.0,2.0,10.0,4060.5247,8.0,0.0,0.0,1.0,0.0,0.0,0.0,0.0,0.0,0.0,0.0,0.0,0.0
0.0,12.5766,1.0,3.0,17.0,34962.4662,78.0,0.0,1.0,1.0,0.0,1.0,1.0,0.0,1.0,0.0,1.0,1.0,1.0
0.0,27.8225,0.0,4.0,19.0,38375.5381,88.0,1.0,0.0,1.0,0.0,0.0,0.0,0.0,0.0,0.0,0.0,1.0,1.0
0.0,24.2661,1.0,1.0,15.0,21026.2762,53.0,1.0,0.0,1.0,0.0,0.0,1.0,0.0,1.0,1.0,1.0,1.0,1.0
0.0,32.811,0.0,2.0,16.0,36532.8304,81.0,1.0,1.0,1.0,1.0,1.0,1.0,1.0,1.0,1.0,1.0,1.0,1.0
1.0,19.4126,0.0,4.0,2.0,33489.159,97.0,1.0,1.0,1.0,1.0,1.0,1.0,1.0,1.0,1.0,1.0,1.0,1.0
1.0,6.3619,1.0,4.0,2.0,14076.5791,30.0,1.0,1.0,1.0,1.0,1.0,1.0,1.0,1.0,1.0,1.0,1.0,1.0
1.0,13.7253,0.0,3.0,2.0,36293.4417,56.0,1.0,1.0,1.0,1.0,1.0,1.0,1.0,1.0,1.0,1.0,1.0,1.0
1.0,32.0272,0.0,1.0,16.0,27055.3468,45.0,1.0,0.0,1.0,0.0,0.0,0.0,0.0,0.0,0.0,0.0,0.0,0.0
1.0,43.8671,1.0,3.0,17.0,25774.8191,12.0,0.0,1.0,1.0,0.0,1.0,1.0,0.0,1.0,0.0,1.0,1.0,1.0
0.0,44.4909,0.0,1.0,15.0,5790.6895,48.0,1.0,1.0,1.0,1.0,1.0,1.0,1.0,1.0,1.0,1.0,1.0,1.0
0.0,14.7664,1.0,1.0,20.0,5177.4305,93.0,1.0,1.0,1.0,1.0,1.0,1.0,1.0,1.0,1.0,1.0,1.0,1.0
0.0,36.6799,0.0,4.0,0.0,37877.0672,44.0,1.0,1.0,1.0,1.0,1.0,1.0,1.0,1.0,1.0,1.0,1.0,1.0
1.0,14.0254,1.0,2.0,3.0,15554.6865,73.0,0.0,1.0,1.0,0.0,1.0,1.0,0.0,1.0,0.0,1.0,1.0,1.0
1.0,43.5352,1.0,4.0,22.0,28473.7671,70.0,0.0,1.0,1.0,0.0,1.0,1.0,0.0,1.0,0.0,1.0,1.0,1.0
1.0,38.308,1.0,2.0,6.0,23584.886,59.0,0.0,1.0,1.0,0.0,1.0,1.0,0.0,0.0,0.0,0.0,1.0,1.0
0.0,49.4576,1.0,1.0,1.0,35536.9399,83.0,0.0,1.0,1.0,0.0,1.0,1.0,0.0,0.0,0.0,0.0,0.0,1.0
1.0,14.0432,1.0,2.0,5.0,14093.8264,70.0,0.0,0.0,1.0,0.0,0.0,0.0,0.0,0.0,0.0,0.0,0.0,0.0
0.0,43.3568,1.0,1.0,16.0,35233.2151,14.0,1.0,1.0,1.0,1.0,1.0,1.0,1.0,1.0,1.0,1.0,1.0,1.0
0.0,46.9972,0.0,2.0,2.0,19401.6938,56.0,1.0,0.0,1.0,0.0,0.0,0.0,0.0,0.0,0.0,0.0,1.0,1.0
0.0,40.3137,0.0,1.0,7.0,35134.0981,65.0,0.0,1.0,1.0,0.0,1.0,1.0,0.0,1.0,0.0,1.0,1.0,1.0
1.0,42.8508,1.0,4.0,6.0,32795.4689,41.0,0.0,1.0,1.0,0.0,1.0,1.0,0.0,0.0,0.0,0.0,0.0,1.0
0.0,7.7653,0.0,2.0,18.0,14143.3644,48.0,1.0,1.0,1.0,1.0,1.0,1.0,1.0,1.0,1.0,1.0,1.0,1.0
0.0,5.6622,1.0,4.0,20.0,34533.8686,71.0,1.0,1.0,1.0,1.0,1.0,1.0,1.0,1.0,1.0,1.0,1.0,1.0
1.0,8.787,1.0,3.0,3.0,13881.2842,95.0,1.0,1.0,1.0,1.0,1.0,1.0,1.0,1.0,1.0,1.0,1.0,1.0
1.0,45.0393,0.0,1.0,18.0,38437.2428,45.0,1.0,1.0,1.0,1.0,1.0,1.0,1.0,1.0,1.0,1.0,1.0,1.0
0.0,39.3566,1.0,4.0,14.0,22714.8201,9.0,0.0,1.0,1.0,0.0,1.0,1.0,0.0,1.0,0.0,1.0,1.0,1.0
1.0,20.7701,1.0,2.0,12.0,29345.0343,62.0,1.0,1.0,1.0,1.0,1.0,1.0,1.0,1.0,1.0,1.0,1.0,1.0
1.0,45.9938,0.0,3.0,10.0,36161.5003,57.0,1.0,1.0,1.0,1.0,1.0,1.0,1.0,1.0,1.0,1.0,1.0,1.0
1.0,45.7789,1.0,2.0,20.0,7240.7162,28.0,0.0,1.0,1.0,0.0,1.0,1.0,0.0,1.0,0.0,1.0,1.0,1.0
1.0,42.3022,1.0,3.0,22.0,21079.2286,2.0,0.0,1.0,1.0,0.0,1.0,1.0,0.0,1.0,0.0,1.0,1.0,1.0
0.0,34.5409,0.0,4.0,10.0,32758.3346,30.0,1.0,1.0,1.0,1.0,1.0,1.0,1.0,1.0,1.0,1.0,1.0,1.0
0.0,20.8749,0.0,4.0,3.0,30963.2325,29.0,1.0,1.0,1.0,1.0,1.0,1.0,1.0,1.0,1.0,1.0,1.0,1.0
0.0,30.392,1.0,1.0,22.0,16809.0471,22.0,1.0,1.0,1.0,1.0,1.0,1.0,1.0,1.0,1.0,1.0,1.0,1.0
1.0,42.183,0.0,2.0,15.0,24988.1438,16.0,1.0,1.0,1.0,1.0,1.0,1.0,1.0,1.0,1.0,1.0,1.0,1.0
0.0,26.8207,1.0,4.0,5.0,6237.641,76.0,1.0,0.0,1.0,0.0,0.0,0.0,0.0,0.0,0.0,0.0,0.0,1.0
1.0,13.5782,0.0,1.0,10.0,24829.565,85.0,1.0,1.0,1.0,1.0,1.0,1.0,1.0,1.0,1.0,1.0,1.0,1.0
1.0,44.3239,0.0,3.0,8.0,27278.6801,97.0,1.0,0.0,1.0,0.0,0.0,0.0,0.0,0.0,0.0,0.0,1.0,1.0
1.0,20.2248,1.0,2.0,22.0,14836.3336,71.0,0.0,1.0,1.0,0.0,1.0,1.0,0.0,1.0,0.0,1.0,1.0,1.0
0.0,45.8788,0.0,1.0,14.0,39343.244,69.0,1.0,0.0,1.0,0.0,0.0,0.0,0.0,0.0,0.0,0.0,0.0,0.0
0.0,10.6362,1.0,3.0,16.0,22018.5382,98.0,1.0,1.0,1.0,1.0,1.0,1.0,1.0,1.0,1.0,1.0,1.0,1.0
0.0,18.1562,0.0,4.0,14.0,27699.8641,49.0,1.0,1.0,1.0,1.0,1.0,1.0,1.0,1.0,1.0,1.0,1.0,1.0
1.0,5.9313,1.0,1.0,17.0,26279.1905,28.0,1.0,1.0,1.0,1.0,1.0,1.0,1.0,1.0,1.0,1.0,1.0,1.0
0.0,21.6184,0.0,4.0,12.0,24749.8602,95.0,1.0,1.0,1.0,1.0,1.0,1.0,1.0,1.0,1.0,1.0,1.0,1.0
0.0,47.212,0.0,1.0,4.0,18233.5231,69.0,0.0,1.0,1.0,0.0,1.0,1.0,0.0,1.0,0.0,1.0,1.0,1.0
0.0,6.1773,0.0,3.0,10.0,14404.2204,95.0,1.0,1.0,1.0,1.0,1.0,1.0,1.0,1.0,1.0,1.0,1.0,1.0
0.0,45.5286,1.0,3.0,1.0,9925.8618,32.0,0.0,0.0,1.0,0.0,0.0,0.0,0.0,0.0,0.0,0.0,0.0,1.0
0.0,10.2754,1.0,2.0,14.0,35847.6562,96.0,1.0,1.0,1.0,1.0,1.0,1.0,1.0,1.0,1.0,1.0,1.0,1.0
0.0,14.7335,0.0,2.0,9.0,13380.9061,72.0,1.0,1.0,1.0,1.0,1.0,1.0,1.0,1.0,1.0,1.0,1.0,1.0
1.0,46.8736,0.0,3.0,20.0,21941.0461,1.0,1.0,0.0,1.0,0.0,0.0,0.0,0.0,0.0,0.0,0.0,0.0,0.0
1.0,46.8453,0.0,2.0,3.0,35961.4912,13.0,1.0,1.0,1.0,1.0,1.0,1.0,1.0,1.0,1.0,1.0,1.0,1.0
0.0,49.4128,1.0,3.0,8.0,21133.4461,21.0,0.0,1.0,1.0,0.0,1.0,1.0,0.0,1.0,0.0,1.0,1.0,1.0
0.0,48.0889,0.0,2.0,17.0,3888.5875,54.0,1.0,0.0,1.0,0.0,0.0,0.0,0.0,0.0,0.0,0.0,0.0,0.0
1.0,14.1517,0.0,4.0,6.0,1130.2764,58.0,1.0,1.0,1.0,1.0,1.0,1.0,1.0,1.0,1.0,1.0,1.0,1.0
1.0,49.2162,0.0,2.0,7.0,37345.4874,13.0,0.0,1.0,1.0,0.0,1.0,1.0,0.0,0.0,0.0,0.0,1.0,1.0
1.0,41.3184,0.0,1.0,8.0,3371.3108,63.0,1.0,1.0,1.0,1.0,1.0,1.0,1.0,1.0,1.0,1.0,1.0,1.0
1.0,25.7827,0.0,4.0,18.0,18859.7621,27.0,0.0,1.0,1.0,0.0,1.0,1.0,0.0,1.0,0.0,1.0,1.0,1.0
1.0,37.3148,0.0,3.0,17.0,13941.1445,33.0,1.0,0.0,1.0,0.0,0.0,0.0,0.0,0.0,0.0,0.0,0.0,0.0
0.0,45.0032,0.0,3.0,3.0,26576.6178,69.0,1.0,1.0,1.0,1.0,1.0,1.0,1.0,1.0,1.0,1.0,1.0,1.0
0.0,9.6266,0.0,4.0,4.0,6605.1914,80.0,0.0,1.0,1.0,0.0,1.0,1.0,0.0,1.0,0.0,1.0,1.0,1.0
0.0,30.6838,0.0,2.0,3.0,2690.563,46.0,1.0,1.0,1.0,1.0,1.0,1.0,1.0,1.0,1.0,1.0,1.0,1.0
0.0,37.1575,0.0,3.0,20.0,28935.0172,57.0,1.0,0.0,1.0,0.0,0.0,0.0,0.0,0.0,0.0,0.0,0.0,1.0
0.0,16.9777,0.0,1.0,10.0,1085.1072,70.0,1.0,0.0,1.0,0.0,0.0,0.0,0.0,0.0,0.0,0.0,0.0,1.0
0.0,30.0028,0.0,4.0,7.0,18536.1681,21.0,0.0,0.0,1.0,0.0,0.0,0.0,0.0,0.0,0.0,0.0,0.0,0.0
1.0,49.7483,1.0,2.0,17.0,38245.7404,91.0,0.0,1.0,1.0,0.0,1.0,1.0,0.0,1.0,0.0,1.0,1.0,1.0
1.0,14.6009,0.0,4.0,10.0,38821.4281,36.0,0.0,1.0,1.0,0.0,1.0,1.0,0.0,1.0,0.0,1.0,1.0,1.0
1.0,10.789,0.0,1.0,13.0,12165.7357,2.0,1.0,1.0,1.0,1.0,1.0,1.0,1.0,1.0,1.0,1.0,1.0,1.0
1.0,21.0394,1.0,4.0,11.0,38106.548,99.0,1.0,1.0,1.0,1.0,1.0,1.0,1.0,1.0,1.0,1.0,1.0,1.0
1.0,44.2646,1.0,4.0,17.0,12728.1622,74.0,0.0,1.0,1.0,0.0,1.0,1.0,0.0,0.0,0.0,0.0,1.0,1.0
0.0,34.8595,1.0,2.0,17.0,19983.2287,43.0,0.0,0.0,1.0,0.0,0.0,0.0,0.0,0.0,0.0,0.0,1.0,1.0
0.0,30.7649,0.0,4.0,4.0,16720.8041,46.0,1.0,1.0,1.0,1.0,1.0,1.0,1.0,1.0,1.0,1.0,1.0,1.0
0.0,28.9207,0.0,4.0,6.0,9059.4815,65.0,1.0,1.0,1.0,1.0,1.0,1.0,1.0,1.0,1.0,1.0,1.0,1.0
0.0,37.7805,1.0,2.0,5.0,19183.2775,55.0,0.0,0.0,1.0,0.0,0.0,0.0,0.0,0.0,0.0,0.0,0.0,1.0
0.0,9.0976,1.0,3.0,20.0,25200.1416,17.0,1.0,0.0,1.0,0.0,0.0,0.0,0.0,0.0,0.0,0.0,0.0,0.0
1.0,12.3124,1.0,4.0,9.0,11303.3909,68.0,1.0,1.0,1.0,1.0,1.0,1.0,1.0,1.0,1.0,1.0,1.0,1.0
1.0,31.105,1.0,2.0,21.0,9912.5335,26.0,1.0,1.0,1.0,1.0,1.0,1.0,1.0,1.0,1.0,1.0,1.0,1.0
1.0,48.5007,1.0,3.0,3.0,22518.364,74.0,1.0,1.0,1.0,1.0,1.0,1.0,1.0,1.0,1.0,1.0,1.0,1.0
0.0,12.2331,0.0,1.0,9.0,36055.5316,26.0,1.0,1.0,1.0,1.0,1.0,1.0,1.0,1.0,1.0,1.0,1.0,1.0
1.0,7.9552,1.0,3.0,12.0,29163.5576,31.0,0.0,1.0,1.0,0.0,1.0,1.0,0.0,0.0,0.0,0.0,1.0,1.0
1.0,10.5666,0.0,2.0,4.0,27158.2443,4.0,0.0,1.0,1.0,0.0,1.0,1.0,0.0,1.0,0.0,1.0,1.0,1.0
0.0,33.4232,0.0,2.0,9.0,18962.7636,8.0,1.0,0.0,1.0,0.0,0.0,1.0,0.0,1.0,1.0,1.0,1.0,1.0
1.0,42.1798,1.0,1.0,4.0,16840.1837,45.0,0.0,1.0,1.0,0.0,1.0,1.0,0.0,0.0,0.0,0.0,1.0,1.0
1.0,17.6942,0.0,1.0,13.0,29019.1595,70.0,1.0,1.0,1.0,1.0,1.0,1.0,1.0,1.0,1.0,1.0,1.0,1.0
0.0,26.1259,1.0,1.0,10.0,2426.2091,59.0,0.0,1.0,1.0,0.0,1.0,1.0,0.0,1.0,0.0,1.0,1.0,1.0
0.0,40.6867,0.0,2.0,6.0,6939.8766,10.0,1.0,0.0,1.0,0.0,0.0,1.0,0.0,1.0,1.0,1.0,1.0,1.0
1.0,14.5007,1.0,4.0,21.0,32198.9151,51.0,1.0,1.0,1.0,1.0,1.0,1.0,1.0,1.0,1.0,1.0,1.0,1.0
1.0,14.4394,0.0,3.0,5.0,10353.5796,54.0,1.0,1.0,1.0,1.0,1.0,1.0,1.0,1.0,1.0,1.0,1.0,1.0
1.0,16.3551,1.0,4.0,10.0,17737.0013,10.0,1.0,1.0,1.0,1.0,1.0,1.0,1.0,1.0,1.0,1.0,1.0,1.0
1.0,28.9495,1.0,2.0,9.0,19591.3985,54.0,0.0,1.0,1.0,0.0,1.0,1.0,0.0,1.0,0.0,1.0,1.0,1.0
0.0,47.9884,0.0,2.0,11.0,16868.6911,10.0,0.0,1.0,1.0,0.0,1.0,1.0,0.0,1.0,0.0,1.0,1.0,1.0
1.0,48.1504,0.0,4.0,16.0,37155.2449,6.0,1.0,0.0,1.0,0.0,0.0,0.0,0.0,0.0,0.0,0.0,1.0,1.0
0.0,27.0113,1.0,3.0,23.0,12940.3151,46.0,1.0,1.0,1.0,1.0,1.0,1.0,1.0,1.0,1.0,1.0,1.0,1.0
1.0,30.4766,1.0,2.0,4.0,32877.502,64.0,0.0,0.0,1.0,0.0,0.0,0.0,0.0,0.0,0.0,0.0,0.0,0.0
0.0,40.9901,0.0,2.0,20.0,28471.7898,69.0,1.0,1.0,1.0,1.0,1.0,1.0,1.0,1.0,1.0,1.0,1.0,1.0
0.0,15.3763,1.0,1.0,0.0,9066.5692,17.0,1.0,1.0,1.0,1.0,1.0,1.0,1.0,1.0,1.0,1.0,1.0,1.0
0.0,27.7477,1.0,3.0,19.0,4154.2525,64.0,1.0,0.0,1.0,0.0,0.0,0.0,0.0,0.0,0.0,0.0,0.0,0.0
1.0,8.5562,1.0,4.0,17.0,9997.3501,51.0,1.0,1.0,1.0,1.0,1.0,1.0,1.0,1.0,1.0,1.0,1.0,1.0
1.0,28.1233,0.0,1.0,5.0,34403.3402,35.0,0.0,1.0,1.0,0.0,1.0,1.0,0.0,0.0,0.0,0.0,0.0,0.0
1.0,19.0628,1.0,1.0,12.0,20464.7766,43.0,0.0,1.0,1.0,0.0,1.0,1.0,0.0,1.0,0.0,1.0,1.0,1.0
0.0,38.2652,1.0,1.0,9.0,37673.2942,29.0,0.0,1.0,1.0,0.0,1.0,1.0,0.0,0.0,0.0,0.0,0.0,0.0
0.0,20.3561,0.0,2.0,14.0,19130.2327,69.0,1.0,1.0,1.0,1.0,1.0,1.0,1.0,1.0,1.0,1.0,1.0,1.0
1.0,5.3713,0.0,4.0,15.0,18800.479,54.0,1.0,1.0,1.0,1.0,1.0,1.0,1.0,1.0,1.0,1.0,1.0,1.0
0.0,39.2222,1.0,1.0,2.0,7006.4174,79.0,0.0,1.0,1.0,0.0,1.0,1.0,0.0,1.0,0.0,1.0,1.0,1.0
1.0,7.5798,0.0,3.0,6.0,15949.7051,92.0,1.0,0.0,1.0,0.0,0.0,0.0,0.0,0.0,0.0,0.0,1.0,1.0
0.0,19.5165,1.0,3.0,5.0,36009.8058,2.0,0.0,1.0,1.0,0.0,1.0,1.0,0.0,1.0,0.0,1.0,1.0,1.0
1.0,30.8257,1.0,2.0,23.0,5167.2319,60.0,1.0,1.0,1.0,1.0,1.0,1.0,1.0,1.0,1.0,1.0,1.0,1.0
0.0,28.751,0.0,4.0,14.0,6785.3573,53.0,1.0,1.0,1.0,1.0,1.0,1.0,1.0,1.0,1.0,1.0,1.0,1.0
1.0,34.5258,1.0,2.0,12.0,31128.6851,92.0,1.0,1.0,1.0,1.0,1.0,1.0,1.0,1.0,1.0,1.0,1.0,1.0
1.0,27.6947,0.0,3.0,17.0,12008.9897,100.0,0.0,0.0,1.0,0.0,0.0,0.0,0.0,0.0,0.0,0.0,0.0,0.0
1.0,28.6788,1.0,2.0,1.0,32785.8197,81.0,0.0,1.0,1.0,0.0,1.0,1.0,0.0,1.0,0.0,1.0,1.0,1.0
1.0,22.4836,1.0,4.0,13.0,5514.1531,45.0,1.0,1.0,1.0,1.0,1.0,1.0,1.0,1.0,1.0,1.0,1.0,1.0
1.0,16.1448,1.0,2.0,17.0,20082.4427,61.0,1.0,1.0,1.0,1.0,1.0,1.0,1.0,1.0,1.0,1.0,1.0,1.0
0.0,39.3244,1.0,4.0,23.0,12844.5052,69.0,0.0,0.0,1.0,0.0,0.0,0.0,0.0,0.0,0.0,0.0,0.0,0.0
1.0,27.0908,1.0,4.0,2.0,12113.3018,52.0,1.0,1.0,1.0,1.0,1.0,1.0,1.0,1.0,1.0,1.0,1.0,1.0
0.0,22.3806,1.0,2.0,9.0,4159.6398,24.0,1.0,1.0,1.0,1.0,1.0,1.0,1.0,1.0,1.0,1.0,1.0,1.0
1.0,19.6167,0.0,3.0,8.0,16218.8416,91.0,1.0,1.0,1.0,1.0,1.0,1.0,1.0,1.0,1.0,1.0,1.0,1.0
1.0,5.8191,1.0,2.0,9.0,5145.349,95.0,0.0,1.0,1.0,0.0,1.0,1.0,0.0,1.0,0.0,1.0,1.0,1.0
1.0,13.0188,1.0,4.0,8.0,2018.4186,17.0,0.0,0.0,1.0,0.0,0.0,0.0,0.0,0.0,0.0,0.0,0.0,1.0
0.0,20.7643,1.0,2.0,16.0,16372.5104,87.0,0.0,1.0,1.0,0.0,1.0,1.0,0.0,0.0,0.0,0.0,0.0,0.0
0.0,19.7699,0.0,3.0,11.0,2885.0628,69.0,1.0,1.0,1.0,1.0,1.0,1.0,1.0,1.0,1.0,1.0,1.0,1.0
0.0,10.9525,0.0,1.0,7.0,8155.5508,40.0,1.0,1.0,1.0,1.0,1.0,1.0,1.0,1.0,1.0,1.0,1.0,1.0
1.0,13.7553,1.0,2.0,23.0,34271.4045,21.0,0.0,1.0,1.0,0.0,1.0,1.0,0.0,0.0,0.0,0.0,1.0,1.0
0.0,32.8838,1.0,4.0,3.0,3691.7763,1.0,0.0,1.0,1.0,0.0,1.0,1.0,0.0,0.0,0.0,0.0,1.0,1.0
0.0,33.9899,0.0,4.0,20.0,13037.2239,17.0,0.0,1.0,1.0,0.0,1.0,1.0,0.0,1.0,0.0,1.0,1.0,1.0
0.0,21.8768,0.0,4.0,14.0,1793.0672,18.0,0.0,1.0,1.0,0.0,1.0,1.0,0.0,1.0,0.0,1.0,1.0,1.0
0.0,20.8482,0.0,2.0,19.0,12437.8461,35.0,1.0,1.0,1.0,1.0,1.0,1.0,1.0,1.0,1.0,1.0,1.0,1.0
0.0,29.1652,1.0,1.0,14.0,36976.2046,80.0,1.0,0.0,1.0,0.0,0.0,0.0,0.0,0.0,0.0,0.0,0.0,0.0
0.0,39.9735,0.0,3.0,4.0,25276.1227,63.0,1.0,0.0,1.0,0.0,0.0,0.0,0.0,0.0,0.0,0.0,0.0,1.0
0.0,18.1497,0.0,1.0,19.0,35183.232,53.0,1.0,0.0,1.0,0.0,0.0,0.0,0.0,0.0,0.0,0.0,1.0,1.0
1.0,16.8336,0.0,3.0,14.0,20006.0349,8.0,1.0,1.0,1.0,1.0,1.0,1.0,1.0,1.0,1.0,1.0,1.0,1.0
1.0,12.3855,0.0,2.0,1.0,7544.9478,26.0,1.0,1.0,1.0,1.0,1.0,1.0,1.0,1.0,1.0,1.0,1.0,1.0
0.0,20.1884,1.0,3.0,0.0,1874.1817,95.0,0.0,0.0,1.0,0.0,0.0,0.0,0.0,0.0,0.0,0.0,1.0,1.0
1.0,47.8098,1.0,1.0,21.0,7007.8541,15.0,1.0,0.0,1.0,0.0,0.0,0.0,0.0,0.0,0.0,0.0,0.0,1.0
1.0,38.074,0.0,2.0,5.0,20253.1264,21.0,1.0,1.0,1.0,1.0,1.0,1.0,1.0,1.0,1.0,1.0,1.0,1.0
1.0,12.1993,0.0,4.0,11.0,12562.0645,83.0,1.0,1.0,1.0,1.0,1.0,1.0,1.0,1.0,1.0,1.0,1.0,1.0
1.0,14.6009,1.0,4.0,1.0,20581.8025,13.0,1.0,0.0,1.0,0.0,0.0,0.0,0.0,0.0,0.0,0.0,0.0,0.0
1.0,48.8965,0.0,2.0,3.0,32440.7521,59.0,1.0,1.0,1.0,1.0,1.0,1.0,1.0,1.0,1.0,1.0,1.0,1.0
0.0,32.8996,0.0,3.0,17.0,31527.3763,55.0,0.0,1.0,1.0,0.0,1.0,1.0,0.0,0.0,0.0,0.0,0.0,1.0
1.0,33.0794,0.0,4.0,9.0,32596.0479,44.0,1.0,1.0,1.0,1.0,1.0,1.0,1.0,1.0,1.0,1.0,1.0,1.0
1.0,45.6372,1.0,1.0,5.0,33841.8788,29.0,0.0,1.0,1.0,0.0,1.0,1.0,0.0,0.0,0.0,0.0,0.0,1.0
0.0,39.1376,0.0,2.0,19.0,5467.0103,8.0,1.0,1.0,1.0,1.0,1.0,1.0,1.0,1.0,1.0,1.0,1.0,1.0
0.0,14.3213,0.0,1.0,10.0,36378.6536,98.0,1.0,1.0,1.0,1.0,1.0,1.0,1.0,1.0,1.0,1.0,1.0,1.0
0.0,42.3619,0.0,4.0,4.0,27194.0368,17.0,0.0,0.0,1.0,0.0,0.0,0.0,0.0,0.0,0.0,0.0,0.0,0.0
1.0,48.867,1.0,2.0,13.0,16056.114,13.0,0.0,0.0,1.0,0.0,0.0,0.0,0.0,0.0,0.0,0.0,1.0,1.0
0.0,5.4767,1.0,1.0,8.0,7447.034,41.0,1.0,1.0,1.0,1.0,1.0,1.0,1.0,1.0,1.0,1.0,1.0,1.0
0.0,48.0599,0.0,3.0,5.0,3663.3151,86.0,1.0,0.0,1.0,0.0,0.0,0.0,0.0,0.0,0.0,0.0,0.0,0.0
1.0,47.6276,1.0,3.0,18.0,11157.1965,74.0,1.0,1.0,1.0,1.0,1.0,1.0,1.0,1.0,1.0,1.0,1.0,1.0
0.0,29.4122,1.0,4.0,19.0,20514.1363,75.0,0.0,0.0,1.0,0.0,0.0,0.0,0.0,0.0,0.0,0.0,0.0,0.0
0.0,35.5955,0.0,1.0,4.0,17921.4807,58.0,1.0,1.0,1.0,1.0,1.0,1.0,1.0,1.0,1.0,1.0,1.0,1.0
0.0,9.3259,1.0,3.0,13.0,6544.6409,93.0,0.0,1.0,1.0,0.0,1.0,1.0,0.0,1.0,0.0,1.0,1.0,1.0
1.0,37.6831,1.0,1.0,7.0,27004.9915,99.0,1.0,0.0,1.0,0.0,0.0,0.0,0.0,0.0,0.0,0.0,0.0,0.0
0.0,49.5541,0.0,3.0,9.0,4228.3712,80.0,1.0,0.0,1.0,0.0,0.0,0.0,0.0,0.0,0.0,0.0,0.0,0.0
0.0,37.5688,1.0,2.0,15.0,36754.7748,90.0,1.0,0.0,1.0,0.0,0.0,1.0,0.0,1.0,1.0,1.0,1.0,1.0
0.0,37.8565,0.0,2.0,11.0,25687.907,72.0,1.0,1.0,1.0,1.0,1.0,1.0,1.0,1.0,1.0,1.0,1.0,1.0
0.0,33.2746,0.0,3.0,8.0,22739.825,51.0,1.0,0.0,1.0,0.0,0.0,1.0,0.0,1.0,1.0,1.0,1.0,1.0
0.0,6.1137,1.0,4.0,2.0,37960.3087,1.0,1.0,1.0,1.0,1.0,1.0,1.0,1.0,1.0,1.0,1.0,1.0,1.0
0.0,7.4047,1.0,2.0,9.0,3279.4609,100.0,1.0,1.0,1.0,1.0,1.0,1.0,1.0,1.0,1.0,1.0,1.0,1.0
1.0,47.8569,0.0,3.0,1.0,15741.6292,82.0,1.0,1.0,1.0,1.0,1.0,1.0,1.0,1.0,1.0,1.0,1.0,1.0
1.0,44.0118,1.0,3.0,16.0,17958.592,82.0,0.0,1.0,1.0,0.0,1.0,1.0,0.0,0.0,0.0,0.0,0.0,0.0
1.0,36.0466,1.0,4.0,22.0,11195.4601,62.0,0.0,0.0,1.0,0.0,0.0,0.0,0.0,0.0,0.0,0.0,1.0,1.0
0.0,19.5273,0.0,4.0,7.0,11009.2743,45.0,0.0,1.0,1.0,0.0,1.0,1.0,0.0,1.0,0.0,1.0,1.0,1.0
1.0,7.247,0.0,1.0,12.0,35655.264,7.0,1.0,0.0,1.0,0.0,0.0,0.0,0.0,0.0,0.0,0.0,0.0,0.0
0.0,7.0775,0.0,3.0,17.0,29616.4671,32.0,1.0,1.0,1.0,1.0,1.0,1.0,1.0,1.0,1.0,1.0,1.0,1.0
1.0,43.8928,1.0,4.0,5.0,5122.8904,42.0,1.0,1.0,1.0,1.0,1.0,1.0,1.0,1.0,1.0,1.0,1.0,1.0
1.0,19.0575,0.0,2.0,8.0,28901.3942,90.0,1.0,1.0,1.0,1.0,1.0,1.0,1.0,1.0,1.0,1.0,1.0,1.0
1.0,11.6404,1.0,4.0,15.0,10912.9504,61.0,0.0,0.0,1.0,0.0,0.0,0.0,0.0,0.0,0.0,0.0,0.0,0.0
0.0,38.8202,1.0,1.0,0.0,36853.4997,53.0,0.0,1.0,1.0,0.0,1.0,1.0,0.0,1.0,0.0,1.0,1.0,1.0
0.0,32.8001,1.0,4.0,15.0,14356.1126,30.0,1.0,1.0,1.0,1.0,1.0,1.0,1.0,1.0,1.0,1.0,1.0,1.0
0.0,22.4529,0.0,4.0,23.0,29424.0587,8.0,1.0,1.0,1.0,1.0,1.0,1.0,1.0,1.0,1.0,1.0,1.0,1.0
0.0,15.7394,0.0,1.0,7.0,10831.3989,63.0,1.0,1.0,1.0,1.0,1.0,1.0,1.0,1.0,1.0,1.0,1.0,1.0
0.0,46.1683,0.0,1.0,6.0,10043.0974,76.0,1.0,1.0,1.0,1.0,1.0,1.0,1.0,1.0,1.0,1.0,1.0,1.0
0.0,46.6469,1.0,2.0,12.0,4975.5601,9.0,0.0,0.0,1.0,0.0,0.0,0.0,0.0,0.0,0.0,0.0,0.0,0.0
0.0,32.4154,1.0,2.0,16.0,12696.4225,10.0,0.0,0.0,1.0,0.0,0.0,1.0,0.0,0.0,0.0,0.0,1.0,1.0
1.0,35.8505,1.0,2.0,14.0,17864.0837,84.0,0.0,1.0,1.0,0.0,1.0,1.0,0.0,1.0,0.0,1.0,1.0,1.0
1.0,23.0352,0.0,2.0,4.0,33748.0862,97.0,1.0,1.0,1.0,1.0,1.0,1.0,1.0,1.0,1.0,1.0,1.0,1.0
0.0,46.1617,1.0,1.0,12.0,8831.5648,43.0,1.0,1.0,1.0,1.0,1.0,1.0,1.0,1.0,1.0,1.0,1.0,1.0
0.0,5.3622,1.0,4.0,5.0,29270.7184,50.0,1.0,0.0,1.0,0.0,0.0,0.0,0.0,0.0,0.0,0.0,1.0,1.0
1.0,5.8285,0.0,3.0,15.0,26930.7025,8.0,1.0,1.0,1.0,1.0,1.0,1.0,1.0,1.0,1.0,1.0,1.0,1.0
1.0,21.528,0.0,3.0,22.0,2627.2637,65.0,0.0,1.0,1.0,0.0,1.0,1.0,0.0,0.0,0.0,0.0,0.0,1.0
1.0,41.3369,1.0,2.0,5.0,13062.9806,21.0,1.0,1.0,1.0,1.0,1.0,1.0,1.0,1.0,1.0,1.0,1.0,1.0
1.0,7.1193,1.0,1.0,12.0,6023.0359,48.0,0.0,1.0,1.0,0.0,1.0,1.0,0.0,1.0,0.0,1.0,1.0,1.0
0.0,7.3302,1.0,4.0,16.0,29112.5497,57.0,0.0,1.0,1.0,0.0,1.0,1.0,0.0,1.0,0.0,1.0,1.0,1.0
1.0,48.1083,1.0,4.0,4.0,6249.0538,6.0,0.0,1.0,1.0,0.0,1.0,1.0,0.0,1.0,0.0,1.0,1.0,1.0
1.0,6.4337,1.0,1.0,23.0,17417.0895,53.0,1.0,1.0,1.0,1.0,1.0,1.0,1.0,1.0,1.0,1.0,1.0,1.0
0.0,25.0456,0.0,1.0,16.0,5358.8334,97.0,1.0,1.0,1.0,1.0,1.0,1.0,1.0,1.0,1.0,1.0,1.0,1.0
0.0,12.9132,1.0,3.0,22.0,7665.8967,81.0,1.0,0.0,1.0,0.0,0.0,0.0,0.0,0.0,0.0,0.0,1.0,1.0
1.0,36.7193,1.0,2.0,2.0,34376.6958,18.0,0.0,1.0,1.0,0.0,1.0,1.0,0.0,1.0,0.0,1.0,1.0,1.0
1.0,33.4914,0.0,4.0,12.0,29023.6205,97.0,1.0,1.0,1.0,1.0,1.0,1.0,1.0,1.0,1.0,1.0,1.0,1.0
0.0,17.9333,0.0,1.0,4.0,36506.8548,7.0,1.0,1.0,1.0,1.0,1.0,1.0,1.0,1.0,1.0,1.0,1.0,1.0
0.0,47.236,1.0,4.0,16.0,30605.4057,63.0,1.0,0.0,1.0,0.0,0.0,0.0,0.0,0.0,0.0,0.0,0.0,0.0
1.0,8.0628,0.0,3.0,9.0,33390.3165,37.0,1.0,1.0,1.0,1.0,1.0,1.0,1.0,1.0,1.0,1.0,1.0,1.0
1.0,22.9713,0.0,4.0,21.0,29902.0121,29.0,1.0,1.0,1.0,1.0,1.0,1.0,1.0,1.0,1.0,1.0,1.0,1.0
1.0,15.6022,0.0,2.0,23.0,13009.0964,37.0,1.0,1.0,1.0,1.0,1.0,1.0,1.0,1.0,1.0,1.0,1.0,1.0
0.0,19.8922,0.0,4.0,16.0,2930.7615,15.0,1.0,1.0,1.0,1.0,1.0,1.0,1.0,1.0,1.0,1.0,1.0,1.0
0.0,40.4949,1.0,4.0,5.0,14406.4349,89.0,1.0,1.0,1.0,1.0,1.0,1.0,1.0,1.0,1.0,1.0,1.0,1.0
0.0,32.6655,0.0,3.0,12.0,38291.5384,56.0,1.0,1.0,1.0,1.0,1.0,1.0,1.0,1.0,1.0,1.0,1.0,1.0
0.0,12.5546,0.0,1.0,0.0,22442.367,38.0,1.0,0.0,1.0,0.0,0.0,1.0,0.0,1.0,1.0,1.0,1.0,1.0
1.0,21.3735,0.0,2.0,6.0,26786.6041,2.0,1.0,1.0,1.0,1.0,1.0,1.0,1.0,1.0,1.0,1.0,1.0,1.0
0.0,9.8399,1.0,2.0,4.0,33578.8967,76.0,1.0,1.0,1.0,1.0,1.0,1.0,1.0,1.0,1.0,1.0,1.0,1.0
0.0,7.6688,1.0,3.0,9.0,18312.6669,55.0,0.0,1.0,1.0,0.0,1.0,1.0,0.0,1.0,0.0,1.0,1.0,1.0
0.0,25.3481,0.0,4.0,22.0,3386.8935,59.0,1.0,1.0,1.0,1.0,1.0,1.0,1.0,1.0,1.0,1.0,1.0,1.0
1.0,16.648,1.0,1.0,9.0,36652.3431,97.0,1.0,1.0,1.0,1.0,1.0,1.0,1.0,1.0,1.0,1.0,1.0,1.0
1.0,34.4138,1.0,2.0,13.0,1477.6214,34.0,0.0,1.0,1.0,0.0,1.0,1.0,0.0,1.0,0.0,1.0,1.0,1.0
1.0,26.1515,1.0,4.0,11.0,12973.5949,40.0,0.0,1.0,1.0,0.0,1.0,1.0,0.0,0.0,0.0,0.0,0.0,0.0
1.0,13.2934,1.0,4.0,16.0,10913.811,62.0,0.0,1.0,1.0,0.0,1.0,1.0,0.0,1.0,0.0,1.0,1.0,1.0
0.0,17.17,1.0,3.0,1.0,20611.6479,51.0,1.0,1.0,1.0,1.0,1.0,1.0,1.0,1.0,1.0,1.0,1.0,1.0
1.0,41.771,0.0,1.0,9.0,14853.4367,19.0,1.0,0.0,1.0,0.0,0.0,1.0,0.0,1.0,1.0,1.0,1.0,1.0
0.0,42.4803,1.0,4.0,16.0,25856.1914,14.0,0.0,0.0,1.0,0.0,0.0,0.0,0.0,0.0,0.0,0.0,0.0,0.0
1.0,43.1749,1.0,1.0,7.0,25484.176,46.0,1.0,1.0,1.0,1.0,1.0,1.0,1.0,1.0,1.0,1.0,1.0,1.0
1.0,24.7038,1.0,2.0,14.0,24805.7581,51.0,0.0,1.0,1.0,0.0,1.0,1.0,0.0,0.0,0.0,0.0,1.0,1.0
1.0,27.8576,1.0,4.0,10.0,14631.2423,38.0,1.0,1.0,1.0,1.0,1.0,1.0,1.0,1.0,1.0,1.0,1.0,1.0
0.0,39.7015,0.0,1.0,15.0,6648.386,17.0,1.0,1.0,1.0,1.0,1.0,1.0,1.0,1.0,1.0,1.0,1.0,1.0
1.0,25.9979,0.0,1.0,23.0,38156.5962,61.0,1.0,1.0,1.0,1.0,1.0,1.0,1.0,1.0,1.0,1.0,1.0,1.0
0.0,35.886,0.0,2.0,14.0,14872.0566,5.0,1.0,0.0,1.0,0.0,0.0,0.0,0.0,0.0,0.0,0.0,0.0,1.0
1.0,19.3881,0.0,1.0,18.0,18022.0217,96.0,1.0,1.0,1.0,1.0,1.0,1.0,1.0,1.0,1.0,1.0,1.0,1.0
1.0,21.8502,1.0,2.0,6.0,31270.2955,67.0,1.0,0.0,1.0,0.0,0.0,0.0,0.0,0.0,0.0,0.0,1.0,1.0
0.0,21.6067,1.0,3.0,2.0,34125.973,87.0,0.0,1.0,1.0,0.0,1.0,1.0,0.0,1.0,0.0,1.0,1.0,1.0
0.0,48.8155,0.0,1.0,22.0,18826.0051,14.0,1.0,1.0,1.0,1.0,1.0,1.0,1.0,1.0,1.0,1.0,1.0,1.0
0.0,35.8802,1.0,2.0,15.0,24141.47,51.0,0.0,1.0,1.0,0.0,1.0,1.0,0.0,1.0,0.0,1.0,1.0,1.0
1.0,22.6288,1.0,3.0,2.0,22291.9836,12.0,1.0,1.0,1.0,1.0,1.0,1.0,1.0,1.0,1.0,1.0,1.0,1.0
0.0,31.2227,0.0,2.0,16.0,1436.867,9.0,1.0,1.0,1.0,1.0,1.0,1.0,1.0,1.0,1.0,1.0,1.0,1.0
1.0,45.2238,0.0,3.0,3.0,7275.4953,33.0,1.0,1.0,1.0,1.0,1.0,1.0,1.0,1.0,1.0,1.0,1.0,1.0
0.0,32.0132,1.0,1.0,1.0,11757.502,31.0,0.0,1.0,1.0,0.0,1.0,1.0,0.0,1.0,0.0,1.0,1.0,1.0
0.0,7.4845,1.0,4.0,10.0,36089.6276,71.0,0.0,1.0,1.0,0.0,1.0,1.0,0.0,1.0,0.0,1.0,1.0,1.0
0.0,28.2001,0.0,3.0,12.0,33154.3846,46.0,1.0,0.0,1.0,0.0,0.0,0.0,0.0,0.0,0.0,0.0,0.0,1.0
1.0,8.5012,1.0,1.0,10.0,17854.2472,47.0,1.0,1.0,1.0,1.0,1.0,1.0,1.0,1.0,1.0,1.0,1.0,1.0
1.0,48.1068,0.0,1.0,0.0,16231.6096,48.0,1.0,1.0,1.0,1.0,1.0,1.0,1.0,1.0,1.0,1.0,1.0,1.0
0.0,21.2222,1.0,3.0,20.0,4782.9411,10.0,0.0,1.0,1.0,0.0,1.0,1.0,0.0,1.0,0.0,1.0,1.0,1.0
0.0,13.0219,1.0,3.0,1.0,30015.4438,12.0,0.0,0.0,1.0,0.0,0.0,0.0,0.0,0.0,0.0,0.0,0.0,1.0
1.0,34.0073,0.0,4.0,22.0,2940.0383,60.0,1.0,1.0,1.0,1.0,1.0,1.0,1.0,1.0,1.0,1.0,1.0,1.0
1.0,49.1165,0.0,3.0,2.0,4799.4961,65.0,1.0,1.0,1.0,1.0,1.0,1.0,1.0,1.0,1.0,1.0,1.0,1.0
1.0,48.2065,0.0,1.0,22.0,15183.4104,99.0,0.0,0.0,1.0,0.0,0.0,1.0,0.0,0.0,0.0,0.0,0.0,0.0
0.0,19.1582,0.0,2.0,16.0,3980.7449,17.0,1.0,1.0,1.0,1.0,1.0,1.0,1.0,1.0,1.0,1.0,1.0,1.0
1.0,11.3275,0.0,4.0,19.0,28969.2697,41.0,1.0,1.0,1.0,1.0,1.0,1.0,1.0,1.0,1.0,1.0,1.0,1.0
1.0,29.419,0.0,4.0,7.0,30714.7498,19.0,1.0,1.0,1.0,1.0,1.0,1.0,1.0,1.0,1.0,1.0,1.0,1.0
1.0,19.7353,0.0,2.0,12.0,35401.4214,15.0,1.0,1.0,1.0,1.0,1.0,1.0,1.0,1.0,1.0,1.0,1.0,1.0
0.0,33.5947,1.0,3.0,13.0,20435.5603,90.0,0.0,1.0,1.0,0.0,1.0,1.0,0.0,0.0,0.0,0.0,0.0,1.0
1.0,13.7793,1.0,4.0,7.0,37524.8991,8.0,0.0,1.0,1.0,0.0,1.0,1.0,0.0,1.0,0.0,1.0,1.0,1.0
1.0,36.3324,1.0,4.0,2.0,24124.0711,39.0,0.0,1.0,1.0,0.0,1.0,1.0,0.0,1.0,0.0,1.0,1.0,1.0
1.0,24.0481,1.0,4.0,7.0,16429.5992,41.0,0.0,1.0,1.0,0.0,1.0,1.0,0.0,1.0,0.0,1.0,1.0,1.0
1.0,8.049,0.0,3.0,17.0,32868.4285,1.0,1.0,1.0,1.0,1.0,1.0,1.0,1.0,1.0,1.0,1.0,1.0,1.0
0.0,21.9863,0.0,1.0,2.0,36561.4667,44.0,1.0,1.0,1.0,1.0,1.0,1.0,1.0,1.0,1.0,1.0,1.0,1.0
0.0,20.0163,1.0,2.0,19.0,38284.1466,47.0,0.0,0.0,1.0,0.0,0.0,0.0,0.0,0.0,0.0,0.0,1.0,1.0
0.0,26.8763,1.0,2.0,4.0,29814.0888,9.0,1.0,0.0,1.0,0.0,0.0,0.0,0.0,0.0,0.0,0.0,0.0,1.0
0.0,8.4409,0.0,4.0,8.0,3515.1185,26.0,0.0,1.0,1.0,0.0,1.0,1.0,0.0,0.0,0.0,0.0,0.0,0.0
1.0,48.7891,0.0,1.0,14.0,30279.1024,12.0,0.0,0.0,1.0,0.0,0.0,1.0,0.0,1.0,0.0,1.0,1.0,1.0
0.0,34.9872,0.0,4.0,10.0,13504.5452,1.0,1.0,1.0,1.0,1.0,1.0,1.0,1.0,1.0,1.0,1.0,1.0,1.0
1.0,12.7441,1.0,4.0,22.0,13229.1311,30.0,1.0,1.0,1.0,1.0,1.0,1.0,1.0,1.0,1.0,1.0,1.0,1.0
0.0,10.6447,0.0,2.0,23.0,24991.5872,45.0,1.0,1.0,1.0,1.0,1.0,1.0,1.0,1.0,1.0,1.0,1.0,1.0
1.0,21.0071,0.0,3.0,7.0,13708.105,9.0,1.0,1.0,1.0,1.0,1.0,1.0,1.0,1.0,1.0,1.0,1.0,1.0
1.0,27.508,1.0,2.0,15.0,16796.5118,24.0,0.0,1.0,1.0,0.0,1.0,1.0,0.0,1.0,0.0,1.0,1.0,1.0
1.0,13.3979,0.0,4.0,22.0,8883.3137,45.0,1.0,0.0,1.0,0.0,0.0,0.0,0.0,0.0,0.0,0.0,0.0,0.0
1.0,14.0324,0.0,4.0,13.0,6177.7316,36.0,1.0,1.0,1.0,1.0,1.0,1.0,1.0,1.0,1.0,1.0,1.0,1.0
1.0,20.2924,0.0,4.0,20.0,37445.7954,92.0,0.0,1.0,1.0,0.0,1.0,1.0,0.0,1.0,0.0,1.0,1.0,1.0
1.0,29.4722,0.0,3.0,16.0,7586.5368,100.0,1.0,0.0,1.0,0.0,0.0,0.0,0.0,0.0,0.0,0.0,0.0,0.0
1.0,14.0024,1.0,4.0,9.0,18114.2807,72.0,1.0,1.0,1.0,1.0,1.0,1.0,1.0,1.0,1.0,1.0,1.0,1.0
1.0,10.6432,1.0,2.0,7.0,30793.0256,86.0,1.0,0.0,1.0,0.0,0.0,0.0,0.0,0.0,0.0,0.0,0.0,0.0
0.0,31.829,1.0,1.0,7.0,15039.8172,70.0,1.0,1.0,1.0,1.0,1.0,1.0,1.0,1.0,1.0,1.0,1.0,1.0
0.0,14.0382,1.0,3.0,7.0,11354.879,78.0,0.0,1.0,1.0,0.0,1.0,1.0,0.0,1.0,0.0,1.0,1.0,1.0
0.0,25.5896,0.0,3.0,18.0,1529.698,55.0,0.0,0.0,1.0,0.0,0.0,1.0,0.0,0.0,0.0,0.0,1.0,1.0
0.0,14.5776,1.0,1.0,22.0,13888.2085,17.0,1.0,0.0,1.0,0.0,0.0,0.0,0.0,0.0,0.0,0.0,0.0,0.0
1.0,32.5824,0.0,1.0,23.0,12470.6951,67.0,1.0,1.0,1.0,1.0,1.0,1.0,1.0,1.0,1.0,1.0,1.0,1.0
1.0,46.2195,0.0,2.0,10.0,37045.9423,25.0,0.0,1.0,1.0,0.0,1.0,1.0,0.0,1.0,0.0,1.0,1.0,1.0
1.0,6.3258,0.0,3.0,15.0,26029.8726,18.0,1.0,1.0,1.0,1.0,1.0,1.0,1.0,1.0,1.0,1.0,1.0,1.0
1.0,37.0342,0.0,3.0,22.0,32055.297,14.0,1.0,1.0,1.0,1.0,1.0,1.0,1.0,1.0,1.0,1.0,1.0,1.0
0.0,49.8736,1.0,1.0,5.0,35720.0099,54.0,1.0,0.0,1.0,0.0,0.0,1.0,0.0,1.0,1.0,1.0,1.0,1.0
0.0,15.3041,1.0,2.0,9.0,18826.9885,55.0,1.0,1.0,1.0,1.0,1.0,1.0,1.0,1.0,1.0,1.0,1.0,1.0
1.0,17.1241,0.0,2.0,4.0,36412.1638,60.0,1.0,0.0,1.0,0.0,0.0,1.0,0.0,1.0,1.0,1.0,1.0,1.0
0.0,39.4392,0.0,2.0,21.0,21577.8152,56.0,1.0,1.0,1.0,1.0,1.0,1.0,1.0,1.0,1.0,1.0,1.0,1.0
1.0,40.7875,1.0,4.0,19.0,36383.566,98.0,0.0,0.0,1.0,0.0,0.0,0.0,0.0,0.0,0.0,0.0,0.0,1.0
1.0,46.9732,0.0,2.0,20.0,23289.6593,94.0,1.0,1.0,1.0,1.0,1.0,1.0,1.0,1.0,1.0,1.0,1.0,1.0
1.0,42.4719,1.0,2.0,2.0,3552.6888,99.0,0.0,1.0,1.0,0.0,1.0,1.0,0.0,0.0,0.0,0.0,0.0,1.0
1.0,49.2158,0.0,2.0,10.0,34373.4206,36.0,1.0,0.0,1.0,0.0,0.0,0.0,0.0,0.0,0.0,0.0,0.0,0.0
0.0,42.0983,0.0,4.0,11.0,4889.5367,100.0,1.0,0.0,1.0,0.0,0.0,0.0,0.0,0.0,0.0,0.0,0.0,0.0
0.0,42.3439,0.0,2.0,8.0,11474.8159,62.0,1.0,1.0,1.0,1.0,1.0,1.0,1.0,1.0,1.0,1.0,1.0,1.0
1.0,45.5361,1.0,2.0,3.0,21347.4653,55.0,1.0,0.0,1.0,0.0,0.0,1.0,0.0,1.0,1.0,1.0,1.0,1.0
1.0,18.5172,0.0,4.0,10.0,22768.81,10.0,1.0,1.0,1.0,1.0,1.0,1.0,1.0,1.0,1.0,1.0,1.0,1.0
0.0,22.5657,0.0,4.0,14.0,25604.2086,92.0,1.0,0.0,1.0,0.0,0.0,0.0,0.0,0.0,0.0,0.0,0.0,0.0
1.0,15.5727,1.0,3.0,22.0,14499.9621,28.0,1.0,0.0,1.0,0.0,0.0,1.0,0.0,1.0,1.0,1.0,1.0,1.0
0.0,27.8202,1.0,2.0,0.0,39824.4278,88.0,1.0,1.0,1.0,1.0,1.0,1.0,1.0,1.0,1.0,1.0,1.0,1.0
0.0,45.7414,0.0,4.0,15.0,28867.1892,11.0,1.0,0.0,1.0,0.0,0.0,0.0,0.0,0.0,0.0,0.0,0.0,0.0
0.0,42.3623,1.0,4.0,3.0,19598.8007,84.0,1.0,1.0,1.0,1.0,1.0,1.0,1.0,1.0,1.0,1.0,1.0,1.0
0.0,7.9294,1.0,2.0,1.0,13890.8293,82.0,0.0,1.0,1.0,0.0,1.0,1.0,0.0,1.0,0.0,1.0,1.0,1.0
1.0,44.3651,1.0,1.0,13.0,36767.7821,76.0,1.0,1.0,1.0,1.0,1.0,1.0,1.0,1.0,1.0,1.0,1.0,1.0
0.0,14.8744,0.0,4.0,23.0,14787.2814,31.0,1.0,1.0,1.0,1.0,1.0,1.0,1.0,1.0,1.0,1.0,1.0,1.0
1.0,8.0937,0.0,4.0,7.0,15988.2996,30.0,1.0,1.0,1.0,1.0,1.0,1.0,1.0,1.0,1.0,1.0,1.0,1.0
0.0,17.8294,1.0,3.0,2.0,27024.3804,72.0,1.0,0.0,1.0,0.0,0.0,0.0,0.0,0.0,0.0,0.0,0.0,0.0
1.0,31.8015,0.0,4.0,22.0,11549.1144,54.0,0.0,0.0,1.0,0.0,0.0,0.0,0.0,0.0,0.0,0.0,0.0,0.0
0.0,42.4638,0.0,3.0,4.0,28838.9606,98.0,0.0,0.0,1.0,0.0,0.0,0.0,0.0,0.0,0.0,0.0,0.0,1.0
1.0,21.0531,1.0,2.0,6.0,22961.3812,7.0,0.0,0.0,1.0,0.0,0.0,0.0,0.0,0.0,0.0,0.0,0.0,0.0
1.0,49.2813,0.0,1.0,18.0,39615.9026,24.0,1.0,1.0,1.0,1.0,1.0,1.0,1.0,1.0,1.0,1.0,1.0,1.0
0.0,21.332,1.0,2.0,13.0,33046.3798,60.0,0.0,1.0,1.0,0.0,1.0,1.0,0.0,1.0,0.0,1.0,1.0,1.0
1.0,38.609,1.0,1.0,22.0,38697.129,91.0,1.0,1.0,1.0,1.0,1.0,1.0,1.0,1.0,1.0,1.0,1.0,1.0
1.0,36.762,0.0,2.0,14.0,7946.4126,30.0,1.0,0.0,1.0,0.0,0.0,0.0,0.0,0.0,0.0,0.0,1.0,1.0
0.0,37.1417,0.0,2.0,0.0,35120.0908,97.0,0.0,1.0,1.0,0.0,1.0,1.0,0.0,0.0,0.0,0.0,0.0,0.0
0.0,47.42,0.0,2.0,21.0,11908.2549,68.0,1.0,1.0,1.0,1.0,1.0,1.0,1.0,1.0,1.0,1.0,1.0,1.0
1.0,28.7613,1.0,3.0,23.0,17732.547,49.0,0.0,1.0,1.0,0.0,1.0,1.0,0.0,1.0,0.0,1.0,1.0,1.0
0.0,24.9439,1.0,1.0,11.0,15493.865,77.0,1.0,1.0,1.0,1.0,1.0,1.0,1.0,1.0,1.0,1.0,1.0,1.0
1.0,9.8649,0.0,1.0,13.0,25201.3252,19.0,1.0,1.0,1.0,1.0,1.0,1.0,1.0,1.0,1.0,1.0,1.0,1.0
0.0,26.0255,0.0,2.0,21.0,28046.6323,45.0,0.0,1.0,1.0,0.0,1.0,1.0,0.0,1.0,0.0,1.0,1.0,1.0
1.0,41.1592,1.0,1.0,16.0,36037.6634,49.0,0.0,1.0,1.0,0.0,1.0,1.0,0.0,1.0,0.0,1.0,1.0,1.0
0.0,17.3861,1.0,3.0,18.0,11410.0809,45.0,0.0,1.0,1.0,0.0,1.0,1.0,0.0,1.0,0.0,1.0,1.0,1.0
0.0,49.0016,1.0,3.0,16.0,36316.7041,98.0,1.0,0.0,1.0,0.0,0.0,0.0,0.0,0.0,0.0,0.0,0.0,0.0
0.0,33.3397,0.0,1.0,9.0,4028.9347,32.0,0.0,1.0,1.0,0.0,1.0,1.0,0.0,1.0,0.0,1.0,1.0,1.0
1.0,49.1832,1.0,3.0,10.0,33703.6702,57.0,0.0,1.0,1.0,0.0,1.0,1.0,0.0,1.0,0.0,1.0,1.0,1.0
0.0,9.0976,1.0,1.0,7.0,11937.0535,33.0,1.0,1.0,1.0,1.0,1.0,1.0,1.0,1.0,1.0,1.0,1.0,1.0
1.0,28.849,1.0,3.0,22.0,30723.0287,99.0,1.0,0.0,1.0,0.0,0.0,1.0,0.0,1.0,1.0,1.0,1.0,1.0
1.0,13.3175,0.0,4.0,5.0,16616.3141,70.0,1.0,1.0,1.0,1.0,1.0,1.0,1.0,1.0,1.0,1.0,1.0,1.0
1.0,15.5847,1.0,2.0,3.0,22440.3292,30.0,1.0,1.0,1.0,1.0,1.0,1.0,1.0,1.0,1.0,1.0,1.0,1.0
0.0,16.0664,0.0,1.0,23.0,28523.1377,56.0,1.0,1.0,1.0,1.0,1.0,1.0,1.0,1.0,1.0,1.0,1.0,1.0
0.0,42.3671,1.0,1.0,4.0,8236.3499,44.0,0.0,1.0,1.0,0.0,1.0,1.0,0.0,0.0,0.0,0.0,0.0,1.0
1.0,30.6878,0.0,3.0,23.0,1391.7667,32.0,1.0,1.0,1.0,1.0,1.0,1.0,1.0,1.0,1.0,1.0,1.0,1.0
1.0,38.9571,0.0,1.0,21.0,30162.7989,39.0,1.0,1.0,1.0,1.0,1.0,1.0,1.0,1.0,1.0,1.0,1.0,1.0
0.0,36.7676,1.0,4.0,23.0,14067.667,28.0,0.0,0.0,1.0,0.0,0.0,1.0,0.0,0.0,0.0,0.0,0.0,1.0
1.0,35.6876,1.0,2.0,12.0,7000.2594,49.0,1.0,0.0,1.0,0.0,0.0,0.0,0.0,0.0,0.0,0.0,0.0,0.0
0.0,44.3018,1.0,4.0,3.0,33146.1326,75.0,0.0,0.0,1.0,0.0,0.0,0.0,0.0,0.0,0.0,0.0,0.0,0.0
1.0,18.7471,0.0,3.0,19.0,28485.671,99.0,1.0,0.0,1.0,0.0,0.0,1.0,0.0,1.0,1.0,1.0,1.0,1.0
0.0,37.5949,1.0,4.0,19.0,31443.2245,72.0,0.0,1.0,1.0,0.0,1.0,1.0,0.0,1.0,0.0,1.0,1.0,1.0
1.0,26.8913,0.0,1.0,3.0,22566.776,3.0,1.0,0.0,1.0,0.0,0.0,1.0,0.0,1.0,1.0,1.0,1.0,1.0
1.0,12.687,1.0,4.0,9.0,7554.7112,39.0,1.0,1.0,1.0,1.0,1.0,1.0,1.0,1.0,1.0,1.0,1.0,1.0
0.0,10.0014,0.0,1.0,13.0,33856.9479,23.0,0.0,1.0,1.0,0.0,1.0,1.0,0.0,1.0,0.0,1.0,1.0,1.0
1.0,33.7993,1.0,3.0,10.0,9217.806,8.0,0.0,1.0,1.0,0.0,1.0,1.0,0.0,1.0,0.0,1.0,1.0,1.0
1.0,7.1602,0.0,3.0,11.0,29319.2862,79.0,1.0,1.0,1.0,1.0,1.0,1.0,1.0,1.0,1.0,1.0,1.0,1.0
1.0,9.8732,0.0,4.0,9.0,2425.0879,4.0,1.0,1.0,1.0,1.0,1.0,1.0,1.0,1.0,1.0,1.0,1.0,1.0
0.0,31.2951,0.0,4.0,17.0,15284.2458,17.0,1.0,1.0,1.0,1.0,1.0,1.0,1.0,1.0,1.0,1.0,1.0,1.0
0.0,48.2828,0.0,1.0,16.0,7052.2317,36.0,0.0,0.0,1.0,0.0,0.0,0.0,0.0,0.0,0.0,0.0,1.0,1.0
0.0,9.8694,0.0,1.0,19.0,2660.6315,52.0,1.0,1.0,1.0,1.0,1.0,1.0,1.0,1.0,1.0,1.0,1.0,1.0
1.0,16.0643,0.0,2.0,17.0,23025.0482,37.0,1.0,1.0,1.0,1.0,1.0,1.0,1.0,1.0,1.0,1.0,1.0,1.0
1.0,40.849,1.0,3.0,2.0,28426.5521,94.0,1.0,1.0,1.0,1.0,1.0,1.0,1.0,1.0,1.0,1.0,1.0,1.0
1.0,38.1471,0.0,4.0,3.0,22786.3781,39.0,0.0,0.0,1.0,0.0,0.0,1.0,0.0,0.0,0.0,0.0,0.0,1.0
0.0,6.4902,1.0,1.0,13.0,5336.5708,39.0,0.0,1.0,1.0,0.0,1.0,1.0,0.0,1.0,0.0,1.0,1.0,1.0
1.0,5.0677,0.0,4.0,6.0,31589.4285,54.0,1.0,1.0,1.0,1.0,1.0,1.0,1.0,1.0,1.0,1.0,1.0,1.0
0.0,48.2894,0.0,1.0,9.0,4686.025,66.0,1.0,0.0,1.0,0.0,0.0,0.0,0.0,0.0,0.0,0.0,0.0,0.0
0.0,8.537,1.0,2.0,15.0,9067.5512,27.0,0.0,1.0,1.0,0.0,1.0,1.0,0.0,1.0,0.0,1.0,1.0,1.0
0.0,35.7821,1.0,3.0,1.0,37185.4391,16.0,0.0,1.0,1.0,0.0,1.0,1.0,0.0,1.0,0.0,1.0,1.0,1.0
1.0,10.5067,1.0,4.0,13.0,16113.2764,20.0,0.0,1.0,1.0,0.0,1.0,1.0,0.0,1.0,0.0,1.0,1.0,1.0
0.0,10.22,1.0,2.0,15.0,25779.2574,90.0,0.0,1.0,1.0,0.0,1.0,1.0,0.0,1.0,0.0,1.0,1.0,1.0
1.0,5.103,1.0,3.0,2.0,20958.4275,7.0,1.0,1.0,1.0,1.0,1.0,1.0,1.0,1.0,1.0,1.0,1.0,1.0
0.0,33.1375,0.0,4.0,11.0,26009.0505,39.0,1.0,1.0,1.0,1.0,1.0,1.0,1.0,1.0,1.0,1.0,1.0,1.0
1.0,23.2545,1.0,3.0,4.0,5986.5275,97.0,1.0,1.0,1.0,1.0,1.0,1.0,1.0,1.0,1.0,1.0,1.0,1.0
1.0,17.1651,1.0,3.0,12.0,10343.0849,8.0,1.0,1.0,1.0,1.0,1.0,1.0,1.0,1.0,1.0,1.0,1.0,1.0
1.0,28.0458,1.0,2.0,11.0,30456.2179,64.0,1.0,0.0,1.0,0.0,0.0,0.0,0.0,0.0,0.0,0.0,0.0,0.0
0.0,36.6587,1.0,1.0,18.0,21196.5462,89.0,0.0,1.0,1.0,0.0,1.0,1.0,0.0,1.0,0.0,1.0,1.0,1.0
0.0,9.4257,0.0,1.0,19.0,4856.7503,96.0,1.0,1.0,1.0,1.0,1.0,1.0,1.0,1.0,1.0,1.0,1.0,1.0
0.0,42.2919,1.0,1.0,10.0,12622.8075,55.0,0.0,1.0,1.0,0.0,1.0,1.0,0.0,1.0,0.0,1.0,1.0,1.0
1.0,7.7595,1.0,2.0,4.0,3642.8362,69.0,0.0,1.0,1.0,0.0,1.0,1.0,0.0,1.0,0.0,1.0,1.0,1.0
0.0,46.1122,1.0,3.0,1.0,6541.1714,34.0,0.0,1.0,1.0,0.0,1.0,1.0,0.0,1.0,0.0,1.0,1.0,1.0
0.0,49.3966,0.0,3.0,11.0,5006.2467,70.0,1.0,1.0,1.0,1.0,1.0,1.0,1.0,1.0,1.0,1.0,1.0,1.0
0.0,38.7864,1.0,4.0,2.0,22697.9057,59.0,0.0,1.0,1.0,0.0,1.0,1.0,0.0,1.0,0.0,1.0,1.0,1.0
0.0,24.1261,0.0,1.0,12.0,34519.5455,99.0,1.0,1.0,1.0,1.0,1.0,1.0,1.0,1.0,1.0,1.0,1.0,1.0
1.0,38.936,1.0,3.0,13.0,29646.8484,55.0,0.0,1.0,1.0,0.0,1.0,1.0,0.0,0.0,0.0,0.0,1.0,1.0
1.0,42.8953,0.0,2.0,3.0,28888.8585,13.0,1.0,1.0,1.0,1.0,1.0,1.0,1.0,1.0,1.0,1.0,1.0,1.0
0.0,28.9261,1.0,4.0,2.0,3546.9703,42.0,1.0,0.0,1.0,0.0,0.0,0.0,0.0,0.0,0.0,0.0,1.0,1.0
0.0,47.5268,0.0,2.0,17.0,2116.4822,96.0,1.0,1.0,1.0,1.0,1.0,1.0,1.0,1.0,1.0,1.0,1.0,1.0
0.0,11.4288,1.0,3.0,3.0,20123.5945,65.0,0.0,1.0,1.0,0.0,1.0,1.0,0.0,1.0,0.0,1.0,1.0,1.0
0.0,36.3794,0.0,4.0,15.0,19677.7092,10.0,1.0,0.0,1.0,0.0,0.0,0.0,0.0,0.0,0.0,0.0,1.0,1.0
1.0,7.0235,1.0,2.0,13.0,14096.3594,5.0,0.0,1.0,1.0,0.0,1.0,1.0,0.0,1.0,0.0,1.0,1.0,1.0
0.0,15.7295,0.0,2.0,21.0,14404.4824,61.0,1.0,1.0,1.0,1.0,1.0,1.0,1.0,1.0,1.0,1.0,1.0,1.0
1.0,40.8183,0.0,3.0,19.0,35936.1216,55.0,1.0,1.0,1.0,1.0,1.0,1.0,1.0,1.0,1.0,1.0,1.0,1.0
1.0,21.7169,1.0,4.0,21.0,27949.5937,58.0,1.0,1.0,1.0,1.0,1.0,1.0,1.0,1.0,1.0,1.0,1.0,1.0
1.0,35.7155,1.0,4.0,9.0,35599.672,64.0,1.0,0.0,1.0,0.0,0.0,1.0,0.0,1.0,1.0,1.0,1.0,1.0
1.0,48.0601,1.0,3.0,4.0,8203.3849,10.0,1.0,0.0,1.0,0.0,0.0,0.0,0.0,0.0,0.0,0.0,0.0,0.0
1.0,23.898,0.0,3.0,20.0,12243.5711,18.0,0.0,1.0,1.0,0.0,1.0,1.0,0.0,1.0,0.0,1.0,1.0,1.0
1.0,5.1767,0.0,1.0,17.0,6362.747,91.0,1.0,0.0,1.0,0.0,0.0,0.0,0.0,0.0,0.0,0.0,0.0,0.0
0.0,26.1859,0.0,2.0,20.0,18786.6719,15.0,1.0,1.0,1.0,1.0,1.0,1.0,1.0,1.0,1.0,1.0,1.0,1.0
0.0,27.5997,1.0,3.0,5.0,3702.1613,11.0,1.0,1.0,1.0,1.0,1.0,1.0,1.0,1.0,1.0,1.0,1.0,1.0
0.0,32.6407,0.0,4.0,21.0,2776.3593,66.0,1.0,1.0,1.0,1.0,1.0,1.0,1.0,1.0,1.0,1.0,1.0,1.0
1.0,10.6393,0.0,4.0,1.0,26192.2456,91.0,1.0,1.0,1.0,1.0,1.0,1.0,1.0,1.0,1.0,1.0,1.0,1.0
1.0,41.7327,0.0,1.0,12.0,16519.797,39.0,1.0,1.0,1.0,1.0,1.0,1.0,1.0,1.0,1.0,1.0,1.0,1.0
1.0,22.7462,0.0,2.0,10.0,23286.0428,27.0,1.0,0.0,1.0,0.0,0.0,1.0,0.0,1.0,1.0,1.0,1.0,1.0
0.0,21.4778,1.0,3.0,18.0,29623.5466,14.0,1.0,1.0,1.0,1.0,1.0,1.0,1.0,1.0,1.0,1.0,1.0,1.0
0.0,44.4288,0.0,4.0,21.0,23831.5923,74.0,1.0,0.0,1.0,0.0,0.0,0.0,0.0,0.0,0.0,0.0,0.0,0.0
0.0,33.3467,0.0,4.0,10.0,16542.1238,93.0,1.0,0.0,1.0,0.0,0.0,0.0,0.0,0.0,0.0,0.0,1.0,1.0
1.0,14.1382,1.0,2.0,17.0,24451.3723,60.0,0.0,0.0,1.0,0.0,0.0,0.0,0.0,0.0,0.0,0.0,0.0,0.0
0.0,11.0567,0.0,3.0,14.0,25349.1316,22.0,1.0,1.0,1.0,1.0,1.0,1.0,1.0,1.0,1.0,1.0,1.0,1.0
0.0,49.4957,0.0,2.0,15.0,4621.6936,34.0,1.0,0.0,1.0,0.0,0.0,0.0,0.0,0.0,0.0,0.0,0.0,0.0
1.0,36.3867,1.0,2.0,19.0,12339.7494,93.0,1.0,0.0,1.0,0.0,0.0,0.0,0.0,0.0,0.0,0.0,0.0,1.0
0.0,32.6233,0.0,3.0,11.0,26442.5721,76.0,0.0,1.0,1.0,0.0,1.0,1.0,0.0,0.0,0.0,0.0,0.0,0.0
1.0,15.1186,1.0,4.0,10.0,29783.4429,57.0,1.0,0.0,1.0,0.0,0.0,0.0,0.0,0.0,0.0,0.0,0.0,1.0
0.0,17.4496,0.0,3.0,9.0,23838.6064,60.0,1.0,1.0,1.0,1.0,1.0,1.0,1.0,1.0,1.0,1.0,1.0,1.0
1.0,10.5466,1.0,4.0,4.0,15467.7334,34.0,0.0,1.0,1.0,0.0,1.0,1.0,0.0,1.0,0.0,1.0,1.0,1.0
0.0,46.3581,1.0,2.0,8.0,25633.1923,27.0,0.0,1.0,1.0,0.0,1.0,1.0,0.0,0.0,0.0,0.0,1.0,1.0
1.0,15.7583,0.0,4.0,14.0,12902.6724,76.0,1.0,0.0,1.0,0.0,0.0,1.0,0.0,1.0,1.0,1.0,1.0,1.0
1.0,41.7065,0.0,4.0,8.0,37740.7811,29.0,1.0,0.0,1.0,0.0,0.0,0.0,0.0,0.0,0.0,0.0,0.0,1.0
0.0,12.6487,0.0,4.0,20.0,39804.2414,59.0,1.0,0.0,1.0,0.0,0.0,0.0,0.0,0.0,0.0,0.0,0.0,0.0
1.0,22.9028,1.0,1.0,9.0,33495.1944,59.0,1.0,1.0,1.0,1.0,1.0,1.0,1.0,1.0,1.0,1.0,1.0,1.0
1.0,41.7501,0.0,4.0,12.0,25243.2248,62.0,1.0,1.0,1.0,1.0,1.0,1.0,1.0,1.0,1.0,1.0,1.0,1.0
0.0,27.7112,0.0,2.0,18.0,39162.5626,19.0,1.0,1.0,1.0,1.0,1.0,1.0,1.0,1.0,1.0,1.0,1.0,1.0
1.0,31.8305,1.0,2.0,6.0,39381.632,69.0,0.0,0.0,1.0,0.0,0.0,0.0,0.0,0.0,0.0,0.0,0.0,0.0
0.0,24.5339,1.0,2.0,17.0,17545.403,45.0,0.0,1.0,1.0,0.0,1.0,1.0,0.0,1.0,0.0,1.0,1.0,1.0
1.0,44.2889,1.0,4.0,13.0,26318.0878,46.0,0.0,1.0,1.0,0.0,1.0,1.0,0.0,1.0,0.0,1.0,1.0,1.0
0.0,18.1747,0.0,4.0,1.0,39529.9248,59.0,1.0,1.0,1.0,1.0,1.0,1.0,1.0,1.0,1.0,1.0,1.0,1.0
0.0,25.3962,0.0,2.0,22.0,17307.8887,98.0,1.0,1.0,1.0,1.0,1.0,1.0,1.0,1.0,1.0,1.0,1.0,1.0
1.0,23.5258,0.0,2.0,13.0,23458.2424,27.0,0.0,0.0,1.0,0.0,0.0,0.0,0.0,0.0,0.0,0.0,0.0,0.0
0.0,22.7216,1.0,2.0,3.0,36421.1792,25.0,0.0,1.0,1.0,0.0,1.0,1.0,0.0,1.0,0.0,1.0,1.0,1.0
0.0,38.241,1.0,3.0,18.0,1763.1213,32.0,0.0,1.0,1.0,0.0,1.0,1.0,0.0,1.0,0.0,1.0,1.0,1.0
1.0,43.2853,1.0,2.0,14.0,36907.8096,99.0,1.0,0.0,1.0,0.0,0.0,0.0,0.0,0.0,0.0,0.0,0.0,0.0
0.0,13.8732,0.0,1.0,0.0,33228.1649,88.0,1.0,1.0,1.0,1.0,1.0,1.0,1.0,1.0,1.0,1.0,1.0,1.0
1.0,36.3861,0.0,1.0,5.0,23401.1744,64.0,1.0,1.0,1.0,1.0,1.0,1.0,1.0,1.0,1.0,1.0,1.0,1.0
0.0,11.5209,1.0,3.0,16.0,37698.6062,68.0,0.0,0.0,1.0,0.0,0.0,0.0,0.0,0.0,0.0,0.0,0.0,0.0
1.0,9.1884,0.0,2.0,10.0,28166.9821,1.0,1.0,0.0,1.0,0.0,0.0,0.0,0.0,0.0,0.0,0.0,0.0,1.0
