cruise speed,image resolution,illuminance,controls responsiveness,power,smoke intensity,obstacle size,obstacle distance,firm obstacle,req_0,req_1,req_2,req_3
25.5899,84.4417,11.9756,20.8096,81.0,27.0925,62.0472,25.6558,0.0,True,False,False,False
75.1705,72.4055,80.7784,95.9624,67.0,50.5352,76.9351,5.4622,1.0,True,False,True,False
43.1081,69.5271,27.7697,78.7833,24.0,57.9363,95.7025,37.6868,1.0,True,False,False,True
20.134,40.4649,16.5636,58.7764,99.0,4.7882,16.0098,46.4248,1.0,True,False,True,True
86.2336,91.1734,77.1083,77.3821,35.0,32.5119,74.6892,96.2222,1.0,False,False,False,True
11.4995,78.7284,40.5712,51.9918,15.0,12.163,56.005,61.0359,0.0,True,True,False,False
81.5375,32.4729,44.9946,32.9795,84.0,29.8551,67.308,19.9987,1.0,True,False,False,True
28.0353,83.5255,59.0214,86.2949,58.0,85.8615,30.1243,89.0665,0.0,False,False,True,False
79.4999,59.0941,87.2583,60.9852,23.0,0.4091,85.1506,72.6365,1.0,True,False,True,True
77.8702,25.7306,57.3368,9.7162,7.0,26.3965,34.6516,9.8162,1.0,True,False,False,False
50.3463,51.8198,51.8939,61.083,53.0,58.957,55.8312,97.6872,0.0,False,False,False,True
4.9353,73.4019,45.6804,91.8963,11.0,35.3691,14.7586,90.484,0.0,False,True,True,True
24.6005,21.1251,18.34,61.4884,27.0,99.6893,41.4918,51.6719,0.0,False,False,True,True
11.9691,54.3897,58.2175,86.5923,13.0,73.5122,27.3372,78.8791,0.0,False,True,True,True
87.9059,16.7501,80.371,84.0623,63.0,75.2107,0.4031,64.997,1.0,False,False,True,False
69.1739,74.9195,45.0388,89.0212,71.0,63.9587,52.4036,24.7606,0.0,True,True,False,False
68.617,54.9426,75.7263,88.5168,67.0,33.9299,8.1328,13.1854,0.0,False,True,False,False
79.815,23.9125,31.7788,81.0365,99.0,93.6382,79.5019,45.9747,1.0,False,False,False,False
89.3199,44.042,62.6186,35.3375,76.0,8.2254,65.2413,82.7825,1.0,True,False,False,False
24.2402,24.1728,84.685,40.6126,49.0,90.435,57.8777,56.5959,1.0,True,True,True,True
75.6486,14.9367,23.0507,85.9657,35.0,95.353,16.5195,0.716,1.0,False,False,False,False
52.1607,68.9762,78.5872,29.0191,91.0,34.1249,36.8029,31.3371,0.0,True,True,True,False
19.9085,60.0776,18.1889,38.2468,80.0,68.8999,64.459,7.8299,1.0,True,False,False,True
75.8331,12.534,80.4038,16.6938,62.0,84.3551,59.7556,15.3853,1.0,True,False,False,False
15.368,63.2866,60.2786,62.6245,57.0,39.0371,78.2358,12.1221,0.0,True,True,False,False
5.9451,68.8325,88.3617,16.9375,76.0,20.3423,68.5333,19.8826,0.0,True,False,False,True
24.8226,66.0019,25.6864,56.968,69.0,50.2061,78.605,65.4216,0.0,False,True,False,False
9.731,49.452,78.5821,77.3394,7.0,53.5704,49.8194,18.293,0.0,True,False,False,False
76.6658,86.5326,56.9845,81.1896,99.0,19.1177,4.7406,87.4515,1.0,False,True,True,True
34.1726,36.7539,10.2901,38.539,24.0,25.5777,65.5991,66.9246,0.0,False,True,False,False
34.3026,52.1779,70.9671,88.5006,95.0,81.752,30.3017,15.0761,0.0,True,True,True,False
69.5353,87.0425,51.5765,50.5477,85.0,44.0296,45.7309,15.7798,1.0,True,False,True,True
47.0879,57.2736,75.9341,44.1028,22.0,72.4988,2.7799,99.0706,1.0,False,False,True,True
37.9006,87.5872,28.5576,46.0087,25.0,62.2693,61.5348,45.8146,0.0,True,True,False,False
61.782,20.9439,88.2258,56.6526,25.0,13.7058,84.7546,22.0229,0.0,False,True,False,False
65.52,72.1006,45.517,72.702,54.0,64.1437,46.5061,25.3391,0.0,False,True,False,True
69.0244,51.5547,47.9153,61.6227,60.0,54.6271,45.8854,9.2108,1.0,True,True,False,True
11.2023,46.6341,87.947,35.7006,0.0,63.5598,63.7068,40.7807,1.0,False,False,True,True
27.1763,25.9714,22.5604,45.3258,53.0,53.3248,71.3152,92.5302,1.0,True,False,True,False
40.579,98.6151,44.0068,85.3794,23.0,80.7767,82.9386,56.3395,0.0,False,True,True,False
32.9974,87.1207,22.9912,40.1196,12.0,30.8435,67.3489,69.2148,1.0,True,False,True,True
33.6097,10.0353,99.6556,69.7786,27.0,40.6977,20.9055,24.737,0.0,False,True,False,False
8.1079,58.2995,26.3547,95.6195,60.0,28.2301,80.153,8.6693,0.0,False,False,False,False
55.6143,25.7786,51.53,80.3283,80.0,4.3462,91.584,97.6008,1.0,False,False,False,True
98.5788,2.113,24.9896,33.3693,56.0,10.979,14.1026,94.1385,1.0,False,False,False,False
39.0013,88.2682,25.3843,99.3464,83.0,56.4241,36.4735,20.425,0.0,True,True,False,True
62.9265,68.9457,20.5555,43.0586,83.0,55.1668,33.6955,54.3743,1.0,True,False,True,True
6.9801,12.1762,98.4246,38.5783,67.0,52.4452,17.0837,92.6295,1.0,True,False,False,True
14.9078,63.7973,31.2792,58.1534,34.0,54.4683,39.1255,98.0827,0.0,False,False,True,False
1.2245,65.4631,32.2456,49.6003,82.0,58.563,62.5003,45.4905,1.0,True,True,False,True
5.0778,75.0811,38.7994,32.4452,41.0,35.7685,32.7398,38.607,0.0,True,True,False,True
3.3484,99.3412,51.1562,57.5707,32.0,70.067,43.971,79.3428,0.0,True,True,False,False
85.8341,29.4566,90.3449,30.0367,26.0,52.76,18.7689,96.662,1.0,False,False,False,True
35.0321,39.1771,17.3208,55.421,20.0,34.3615,46.7333,76.577,0.0,False,False,False,False
51.6897,90.8773,82.5221,54.4592,46.0,12.7199,70.6452,32.3741,1.0,True,True,True,True
47.7267,55.079,50.4329,31.3976,60.0,44.6921,30.7359,12.9838,0.0,True,True,False,False
72.6772,80.802,66.3604,59.2346,31.0,77.5366,80.2404,71.9837,1.0,True,True,True,True
34.7838,35.5099,83.9389,77.3376,80.0,69.1972,96.7528,12.9862,1.0,True,False,False,True
64.6854,93.9462,56.2195,67.8541,65.0,71.5749,16.7207,90.6924,1.0,True,False,True,True
43.0118,9.9326,85.2832,16.5395,87.0,43.4863,86.3021,53.4963,1.0,False,False,False,True
33.6896,91.1553,18.9555,78.0683,51.0,19.4961,27.772,94.3799,1.0,True,False,True,True
76.4064,33.2719,91.355,27.4681,48.0,25.1546,16.6284,46.8414,1.0,True,False,False,True
14.0648,92.8376,33.0136,85.0192,84.0,81.8645,49.6909,53.854,0.0,True,True,False,True
78.3266,32.9338,79.6977,53.6935,54.0,31.0044,20.1123,60.7999,0.0,False,False,False,True
17.1552,44.4987,92.36,13.0936,21.0,22.7342,3.6821,8.9668,1.0,True,False,False,True
71.6445,53.2948,30.3567,95.9187,88.0,49.7131,67.2932,94.5175,1.0,True,False,True,True
89.6614,59.2126,69.8427,59.2369,66.0,46.3455,13.0392,91.8717,0.0,False,False,False,False
8.9868,79.1739,46.3701,68.44,76.0,14.7732,29.5136,21.9202,1.0,True,True,True,True
85.5571,21.4818,56.3126,59.1769,76.0,55.7196,76.0446,79.184,1.0,False,False,False,True
89.9407,30.7772,69.3504,67.3289,83.0,84.4001,5.2508,73.8576,1.0,False,False,True,False
7.1742,94.7747,89.0009,54.0476,49.0,84.1291,64.7841,5.703,1.0,True,False,True,True
85.8748,32.7086,58.2219,34.1747,35.0,48.3047,59.3234,27.5983,0.0,False,False,False,True
1.1317,88.6005,70.9674,60.3758,46.0,73.4505,82.9409,9.6558,1.0,True,True,True,True
63.7751,42.6613,44.9802,32.9166,30.0,16.8914,78.0713,64.3379,0.0,False,True,False,False
46.213,30.1809,94.8329,57.5514,73.0,29.5537,17.6515,57.9269,1.0,True,False,True,True
64.6561,68.9781,82.9255,42.6201,85.0,40.3172,47.8115,19.412,1.0,True,True,True,True
77.5923,72.9124,85.4654,8.2603,51.0,59.1087,92.5267,90.2461,1.0,True,False,False,False
2.5505,76.6584,92.0996,15.1039,31.0,34.849,36.8396,23.3911,0.0,True,False,False,False
6.8913,53.5865,37.2428,45.9972,59.0,26.5403,26.498,54.0864,0.0,True,True,False,False
3.8123,86.4524,86.2598,77.1327,45.0,31.4196,75.5068,20.9573,1.0,True,True,True,True
82.8905,42.8331,97.8392,63.4259,15.0,45.1167,75.7811,44.3708,1.0,True,False,False,True
67.9696,75.8774,39.8189,26.0421,57.0,58.1118,33.1356,76.3667,1.0,True,True,False,True
50.3761,97.5722,32.8698,84.0545,41.0,9.9975,7.0489,58.5678,0.0,False,True,False,False
47.6912,66.7682,89.7461,15.5613,25.0,59.9059,65.9835,66.2006,1.0,True,False,True,True
15.1847,47.8082,60.842,72.9447,10.0,84.8854,3.7153,69.0962,1.0,False,False,True,True
73.6508,77.6781,44.9011,97.7381,64.0,34.236,83.2641,54.4083,1.0,True,True,False,True
64.889,99.7331,82.5719,67.6984,71.0,94.118,80.4623,29.2232,1.0,False,False,True,False
12.138,63.8907,91.6251,83.6274,81.0,67.3113,82.3444,44.9777,0.0,True,True,False,True
41.6355,5.4497,12.7719,25.6364,12.0,46.0944,6.9833,90.1323,1.0,False,False,False,False
35.2964,53.7831,32.8179,53.8349,72.0,94.7544,51.1915,43.1613,0.0,False,True,False,False
31.9005,34.0673,78.3942,21.4825,94.0,75.6751,29.8989,81.0106,1.0,True,False,False,True
33.9864,91.1673,63.3102,93.4972,90.0,94.3365,82.09,28.5142,1.0,False,False,True,True
91.6022,45.1474,65.855,56.0392,36.0,84.9083,21.6894,79.7016,0.0,False,False,False,False
77.9895,30.1406,14.7401,59.323,67.0,33.4449,39.3117,69.464,1.0,True,False,False,True
20.6779,32.069,89.9465,92.4107,67.0,64.3948,89.4133,34.5285,0.0,True,False,False,False
8.1538,76.9892,14.8818,75.2322,23.0,2.5332,72.6739,7.2905,0.0,False,False,False,True
11.5231,97.3351,54.5597,57.1098,95.0,55.764,10.2629,27.3348,0.0,False,False,True,False
22.9995,27.2166,17.7714,39.5491,33.0,62.1476,61.457,74.9462,0.0,False,True,False,False
10.7813,69.914,10.9627,14.0044,79.0,64.4788,49.7968,57.503,1.0,True,False,True,True
7.178,25.6102,95.8703,49.9316,46.0,30.4916,50.6817,13.71,0.0,True,True,False,False
16.0189,97.4246,23.0213,93.3528,54.0,68.899,5.3681,57.8561,1.0,False,False,True,True
27.8786,51.6248,17.2419,53.1009,85.0,85.4562,12.4957,70.3953,1.0,False,False,True,False
73.2132,62.4344,32.5804,57.7431,62.0,73.7715,15.6153,18.0227,1.0,True,False,False,True
31.4432,79.3182,65.77,16.8945,95.0,23.7921,68.4129,52.6736,1.0,True,True,True,True
26.9649,53.1939,74.3161,25.2618,20.0,56.4754,77.5957,86.7252,0.0,True,False,False,True
51.7177,90.4753,97.2046,42.1691,76.0,14.3367,61.563,60.6466,1.0,True,True,True,True
21.7037,32.1866,62.5943,65.7713,94.0,32.8778,66.6337,51.1391,0.0,True,True,True,True
20.5063,77.0443,43.5507,36.9165,96.0,6.0835,79.8003,42.2211,0.0,True,True,False,False
54.8829,49.4885,98.8474,99.4037,7.0,70.5353,53.8568,49.9606,0.0,False,True,True,True
85.0625,52.5772,67.1959,28.5735,28.0,22.8538,52.8106,36.5219,1.0,True,False,False,True
27.6334,51.7597,94.0617,30.6108,84.0,94.2928,75.2803,16.2898,1.0,False,False,False,True
11.8424,80.7377,62.4811,75.3266,79.0,21.3788,70.8748,56.7934,0.0,True,False,False,True
37.2356,90.9536,46.3761,87.9029,65.0,74.2759,6.0055,91.2793,1.0,False,True,True,True
80.7585,23.0431,48.3582,69.2729,72.0,82.2158,43.156,76.6803,0.0,False,True,False,False
19.3295,70.5222,90.2858,35.8536,81.0,56.513,63.7438,38.5923,0.0,False,True,True,True
4.4998,42.8669,90.1444,96.5711,16.0,20.3634,46.3978,90.8966,1.0,True,True,True,True
68.7555,74.76,11.01,30.2121,98.0,84.5586,26.054,80.9919,1.0,False,False,False,False
15.324,18.8121,81.9126,76.8132,38.0,60.5472,35.8833,45.9849,1.0,True,False,True,True
24.9857,58.9784,68.252,42.1144,68.0,39.9672,0.4581,30.6165,1.0,False,True,True,True
35.8401,32.3326,81.8884,87.8054,97.0,71.857,11.9124,63.2976,0.0,False,True,False,True
63.8872,22.1087,64.8587,66.1879,20.0,41.4245,58.2705,36.4055,1.0,True,False,True,False
43.8443,85.5432,57.6313,8.2144,38.0,23.0321,17.0318,57.9137,1.0,True,False,False,True
36.6135,87.3687,91.6509,61.0621,42.0,50.8365,13.8974,8.1444,0.0,True,True,False,False
55.8472,23.8632,29.5521,54.1224,69.0,79.1696,13.8032,87.4703,0.0,False,True,False,False
44.6885,74.3057,37.9213,48.6811,0.0,71.2044,25.9652,20.6515,0.0,False,False,True,True
88.0604,84.3266,14.582,28.4451,47.0,95.2326,45.7026,62.3654,0.0,False,False,False,False
0.1911,84.2407,54.2798,31.6441,81.0,16.2368,66.3429,78.9247,0.0,True,True,True,False
65.6792,74.4099,68.5462,20.3113,43.0,8.3369,72.9273,14.5464,1.0,True,True,False,True
17.5395,44.1663,90.4225,24.9054,33.0,66.3611,90.418,31.9874,1.0,True,False,False,True
20.262,58.4501,59.2705,38.065,55.0,28.6626,50.1349,44.4499,0.0,True,True,False,True
97.5616,27.9086,43.5122,29.7702,0.0,15.3805,74.4648,15.0683,1.0,False,False,True,True
58.2505,89.6836,44.9584,94.7535,24.0,58.5087,37.1432,13.809,0.0,False,True,False,True
9.1587,26.528,58.3296,10.1024,91.0,4.29,53.4713,85.3395,1.0,True,False,False,False
30.1174,58.8043,68.5984,65.9162,33.0,32.1766,83.5174,72.4934,0.0,True,False,False,True
7.8421,87.5085,96.1481,46.2028,57.0,75.2546,64.6829,50.5485,0.0,True,True,False,True
45.1331,87.7995,94.262,74.3797,86.0,34.0579,51.5869,78.8073,0.0,True,True,False,True
19.3132,66.4428,18.9639,19.2678,78.0,50.8331,96.4122,16.5598,0.0,True,True,False,False
71.9996,99.8804,68.7445,55.082,17.0,16.9844,35.9386,42.2894,1.0,True,True,True,True
49.6247,53.8794,74.2317,76.6668,66.0,82.5112,78.7644,20.8089,0.0,False,True,False,True
2.2611,90.3891,12.2307,99.5166,55.0,88.5633,0.9524,58.3873,1.0,False,False,True,False
48.7987,21.4091,77.3025,96.286,61.0,2.4807,61.81,15.7604,1.0,True,False,True,True
41.3012,37.8628,90.243,13.1308,97.0,31.275,12.8385,79.8926,1.0,True,False,False,True
60.7073,29.9481,55.8803,22.756,37.0,76.4571,44.7316,93.8648,1.0,False,True,True,True
88.2339,12.3145,37.236,6.6769,32.0,12.9904,68.9864,9.844,1.0,False,False,False,False
93.0319,98.9812,63.3036,9.9953,2.0,99.3578,43.168,0.9267,0.0,False,False,True,False
58.5036,58.7791,98.715,81.1782,0.0,40.0156,48.0908,57.9879,1.0,False,False,True,True
76.5866,57.0833,61.1622,39.8069,36.0,47.9847,93.2861,6.1007,1.0,True,False,False,True
30.5719,88.1973,37.4863,98.0828,68.0,80.5761,70.6203,10.3074,0.0,True,True,False,False
17.6755,52.256,48.7573,69.3425,34.0,19.35,28.5611,74.4422,1.0,True,False,True,True
27.5013,45.6164,41.0038,53.0278,42.0,68.4399,35.0283,81.6655,0.0,True,True,True,False
42.6052,28.9733,81.1443,40.4167,50.0,17.596,36.1547,26.4943,1.0,True,False,True,True
22.3114,39.4574,87.5174,61.5948,79.0,30.1311,63.224,95.8019,0.0,False,False,True,False
74.1813,60.8268,63.0635,42.9216,10.0,49.9724,17.8391,82.4142,1.0,False,False,True,True
74.9261,55.3856,24.1358,39.8776,100.0,71.1231,13.3031,46.6899,1.0,True,False,True,True
36.2452,21.9281,54.7876,18.9289,96.0,47.5044,90.4812,46.9917,1.0,True,True,True,True
84.9692,55.5921,23.9628,58.4228,100.0,90.9678,12.5933,67.1108,1.0,False,False,False,True
79.4648,97.3857,99.5932,15.2872,18.0,1.7741,59.9407,79.6542,0.0,True,False,False,True
4.9122,30.6425,73.0488,69.5975,82.0,10.3746,24.4837,17.9074,1.0,True,False,True,True
29.9931,69.8218,74.1267,27.3573,71.0,86.57,78.9701,80.0363,1.0,True,False,True,True
40.3152,68.5145,35.8549,67.0253,73.0,20.1273,71.2716,84.3447,1.0,True,False,True,True
63.6262,63.6431,69.7518,28.9466,79.0,32.806,27.1176,14.3002,1.0,True,False,False,True
47.5972,43.109,95.1382,42.9037,12.0,30.072,82.5993,54.7431,1.0,True,True,True,True
30.1863,57.1032,56.1124,70.2482,61.0,39.6968,87.1481,31.8088,0.0,True,True,False,False
46.232,21.5065,77.605,89.214,74.0,44.0196,16.1405,9.5225,1.0,True,True,False,False
74.6367,86.5751,78.4191,9.4647,66.0,16.5105,68.0845,55.2142,0.0,True,False,False,False
6.0315,68.6021,64.7844,86.2702,26.0,25.0392,87.8182,57.3263,0.0,True,True,True,False
6.4945,35.6165,76.1411,68.169,25.0,3.9034,46.359,43.8534,1.0,True,False,True,True
0.507,24.7132,29.3243,21.7765,64.0,66.5019,42.3197,19.8992,1.0,True,False,False,False
13.3494,33.2462,86.8056,40.2925,67.0,61.186,28.4294,29.5343,0.0,False,False,False,True
0.6764,44.0813,59.7729,4.6277,40.0,60.8856,90.1323,62.9834,0.0,True,False,False,False
12.3688,90.5243,89.7841,52.6404,13.0,82.7598,5.2861,81.1095,0.0,False,True,False,False
1.5758,76.7283,70.0458,69.988,65.0,88.507,70.9711,72.9489,0.0,False,True,False,False
65.9813,65.834,50.303,83.9344,55.0,66.9514,6.0391,64.6324,0.0,False,True,False,True
9.1403,19.9975,52.7032,95.7915,96.0,38.8773,93.8877,1.1815,1.0,True,False,False,False
9.9867,71.8258,91.0651,9.8622,90.0,90.8809,54.0059,77.2964,0.0,False,False,False,False
24.1243,24.4203,34.2471,13.8067,51.0,14.2012,36.0206,35.2466,1.0,True,False,False,False
29.8482,41.7934,95.4636,57.7995,21.0,73.051,48.3033,61.5432,1.0,True,False,True,True
9.178,85.0681,65.8262,80.9441,21.0,14.1981,71.5276,80.3365,0.0,True,True,False,True
15.4853,90.588,10.3837,88.6536,50.0,72.7958,8.0917,74.1831,1.0,False,False,True,True
48.0225,66.4129,31.8672,94.5603,52.0,45.1629,86.3782,19.7105,0.0,True,True,False,False
48.6988,95.9211,65.0176,89.8707,10.0,31.4689,39.9046,34.0557,0.0,True,False,False,False
35.1243,74.1086,27.8935,99.3026,0.0,0.9695,68.002,15.6008,0.0,False,False,True,True
71.5261,74.2671,82.2163,31.6603,23.0,27.0619,99.8837,52.984,1.0,True,False,False,False
30.6052,65.2674,82.8456,87.284,47.0,55.1254,14.3999,57.2291,0.0,False,True,True,True
10.5981,71.1642,96.3659,87.806,87.0,79.0243,94.2124,21.8956,0.0,True,True,False,False
59.1358,78.2245,64.5082,1.833,0.0,17.0231,64.7478,0.765,0.0,False,False,True,True
96.9187,67.079,43.6199,32.8658,99.0,2.4322,12.8356,94.2017,1.0,False,False,False,False
3.9504,95.3147,74.7662,26.0989,54.0,83.2729,45.2415,94.8602,1.0,True,False,True,True
82.3918,93.4472,66.0071,87.058,21.0,15.9745,35.5606,58.8003,1.0,True,False,True,True
83.847,48.2622,51.797,79.7075,6.0,5.7301,52.6042,33.9475,1.0,True,False,False,True
28.8023,56.9602,24.6751,4.0091,72.0,88.9405,63.8348,85.0045,1.0,True,False,False,False
71.1289,81.4701,34.6148,1.0212,8.0,26.5626,28.5561,74.172,1.0,True,False,False,False
88.9589,64.4972,69.9348,32.0922,26.0,3.4167,58.2379,36.5018,1.0,True,False,False,False
82.8314,43.3744,86.5526,46.5835,93.0,34.6557,15.3496,31.7089,0.0,True,False,False,False
8.5292,89.1708,50.0895,80.5253,64.0,81.205,36.1167,40.1561,0.0,True,True,True,True
44.9222,64.9792,99.3152,71.5747,79.0,34.8402,1.2401,42.8426,0.0,False,True,True,True
44.2736,7.2919,41.9158,79.5008,52.0,48.2834,61.2118,1.0784,1.0,True,False,False,False
12.1091,46.0937,77.2329,82.7737,40.0,4.9312,85.8261,94.155,0.0,False,True,False,True
89.3037,79.0922,5.2329,99.1016,60.0,11.8702,5.0206,14.1654,0.0,False,False,False,False
61.3473,22.4739,87.809,64.7813,65.0,57.2819,26.8927,62.1516,0.0,False,True,False,True
73.1982,55.0379,62.801,85.1125,18.0,67.289,59.115,93.3123,1.0,True,False,True,True
10.0305,75.7428,23.125,74.9334,66.0,80.5263,94.8665,97.7684,1.0,False,False,True,True
13.9447,30.1107,18.1958,87.9429,13.0,82.4189,55.375,31.8922,1.0,False,False,False,True
73.8393,19.481,73.756,96.8312,53.0,83.2011,81.3163,64.3793,1.0,False,False,False,True
6.2251,60.2875,45.2503,75.9837,7.0,81.3262,89.4836,77.8549,1.0,True,True,False,True
30.5694,29.8281,30.5893,49.8899,91.0,3.8693,96.0207,47.1748,0.0,True,True,False,False
0.714,38.1354,10.6481,16.2604,52.0,61.9088,66.4991,16.0425,1.0,True,False,False,False
59.8524,26.0395,20.8956,90.2425,69.0,46.2387,70.3918,64.066,0.0,False,True,False,False
63.549,48.6868,17.7593,76.0412,70.0,6.5267,0.0253,9.9466,0.0,False,False,True,True
70.8944,93.646,59.0468,48.5229,69.0,17.0658,37.4233,87.6441,1.0,True,False,True,True
32.8554,67.1843,13.0494,8.3866,83.0,70.0373,46.0257,90.8405,1.0,False,False,False,True
89.4142,54.038,0.1279,55.7269,74.0,82.9732,33.0939,73.4222,0.0,False,False,True,True
20.0201,82.9284,79.6514,90.5009,54.0,20.2179,27.0097,26.9309,1.0,True,True,True,True
15.5313,63.4403,68.8642,82.7645,79.0,67.8014,27.5337,49.3292,0.0,False,False,True,True
71.2179,50.254,63.6087,46.4259,43.0,23.7626,20.8502,70.55,0.0,True,True,False,True
51.0078,43.2019,64.9206,62.0125,54.0,1.3646,40.9205,77.0119,1.0,True,True,True,True
24.3525,85.7559,36.6218,38.0782,38.0,32.0238,30.8308,88.8497,0.0,False,True,False,True
83.5841,86.4037,37.2127,80.0981,25.0,89.2153,29.2694,97.3994,1.0,False,False,False,True
78.5078,25.3357,99.9039,68.6155,98.0,32.2277,5.348,90.6736,0.0,False,False,False,False
18.5012,27.0419,22.0591,35.0604,60.0,84.0436,93.2563,83.192,1.0,True,True,False,False
83.695,41.8456,70.3359,98.499,89.0,18.2221,71.6613,15.0093,1.0,True,False,True,False
39.7304,33.864,59.6976,46.4944,51.0,59.8832,83.1995,19.3763,1.0,True,False,False,True
57.0966,34.0199,54.5303,57.8307,77.0,13.1794,32.5974,5.3822,1.0,True,False,False,True
47.2773,40.8056,53.2767,75.5001,26.0,8.679,14.5738,59.4117,0.0,False,True,False,True
60.0546,47.2871,83.3143,85.3151,45.0,10.851,87.8271,34.5465,0.0,True,True,False,False
33.428,90.8234,57.7836,79.2612,99.0,21.1221,77.3301,30.8162,0.0,True,True,False,True
28.3708,17.3954,36.5965,77.4518,15.0,80.8269,98.5949,82.8558,1.0,False,False,False,False
13.392,20.0156,37.4949,98.3996,43.0,57.9768,67.1123,31.1338,0.0,True,True,False,False
50.0495,91.1528,81.3698,76.9036,18.0,48.5361,45.6421,86.054,1.0,True,True,True,True
62.0682,4.7712,59.2849,17.9949,56.0,19.7106,55.7544,99.9436,1.0,False,False,False,False
5.901,19.2721,85.7193,22.5323,45.0,15.3539,66.1691,66.2742,0.0,False,True,False,False
99.487,29.1662,81.5318,93.412,82.0,12.7362,13.264,67.9356,0.0,False,False,True,False
18.2806,22.1068,13.7378,38.5278,45.0,34.7622,70.5592,66.2633,1.0,False,False,False,True
45.2684,94.3731,81.8874,86.7941,30.0,23.6341,30.2148,40.6917,0.0,True,True,True,True
27.4875,37.927,21.7592,67.879,64.0,73.7205,69.8288,21.3581,1.0,True,False,True,True
24.6656,94.1947,57.559,79.7274,21.0,94.8766,71.2743,47.2309,1.0,False,False,True,False
17.1859,93.9623,67.8187,52.9279,22.0,19.1529,18.3516,45.3542,0.0,False,True,False,True
18.1397,32.2214,64.3028,68.6683,58.0,34.897,0.8058,52.9819,0.0,False,True,False,True
32.1259,62.9964,35.5188,19.8343,40.0,17.1182,94.981,90.5476,1.0,True,True,False,False
6.3768,81.3741,24.3909,84.9494,15.0,73.5058,33.565,65.2312,0.0,True,False,False,False
14.2671,33.1392,92.4305,30.3374,95.0,75.8507,20.1458,46.839,0.0,True,True,False,False
65.3304,43.9395,7.1646,79.9565,91.0,16.445,73.8237,65.5067,0.0,False,True,False,False
97.2998,50.9922,77.5662,35.2402,27.0,81.9941,67.6221,62.3565,0.0,False,False,False,False
63.8098,30.435,75.9563,67.1192,82.0,55.4291,64.8788,30.5481,0.0,True,True,False,True
14.4731,90.6909,97.5764,95.1235,32.0,36.9203,55.5914,58.5227,0.0,True,True,True,True
27.7057,17.9711,62.9074,52.9958,33.0,43.9558,89.9413,73.3288,0.0,False,True,False,False
9.1487,53.9314,78.1372,61.9468,33.0,23.2609,1.754,78.7672,1.0,False,False,True,True
31.1671,35.7471,75.9918,23.5104,22.0,62.4704,49.1341,34.8064,1.0,True,False,True,True
5.6954,9.6094,93.2426,56.2486,85.0,51.2863,35.9777,14.3395,0.0,True,True,False,False
84.7684,98.5154,62.572,3.1862,56.0,83.3855,59.5926,10.5524,0.0,True,False,False,False
1.0253,58.5404,70.5815,96.4038,33.0,71.3758,96.7137,11.2213,0.0,True,True,False,False
15.6195,98.2563,14.1536,51.8034,100.0,18.3867,84.9558,77.6607,1.0,True,False,False,True
33.1557,75.8966,33.5262,39.2525,96.0,83.5143,22.2202,19.6738,0.0,False,True,False,False
80.0988,85.538,85.3983,47.8858,23.0,4.0037,61.823,78.2922,1.0,True,False,True,True
6.9934,10.9597,51.4523,34.7006,22.0,67.7201,5.432,51.3725,1.0,False,False,False,True
10.1458,89.6897,97.3592,54.141,35.0,40.4405,29.8348,75.7033,1.0,True,True,True,True
54.4189,49.4429,81.2162,79.4445,34.0,24.1347,9.3152,88.6046,0.0,False,True,True,False
75.8838,72.5528,61.6066,63.7798,67.0,48.5466,70.4066,69.916,0.0,False,False,False,True
66.6249,58.983,86.845,84.2872,63.0,53.5657,11.9654,71.3083,0.0,False,True,True,False
67.1143,76.9998,41.1439,8.9299,78.0,40.6539,53.1817,61.5763,1.0,True,False,False,False
73.3357,44.009,42.6329,40.7856,93.0,18.1664,62.7271,11.4897,1.0,True,False,False,False
4.9747,73.2206,52.998,52.9751,92.0,18.4869,72.5401,88.2602,0.0,False,True,True,False
0.9106,60.4499,73.7151,92.0057,34.0,5.1044,36.0754,28.7565,0.0,True,False,True,False
82.5714,60.2097,33.7208,10.9147,84.0,44.9283,37.3838,66.2366,1.0,True,False,False,True
12.779,97.6152,56.1533,28.7303,11.0,58.9543,42.9305,36.7959,1.0,True,False,True,True
26.1451,86.3097,83.5611,91.0689,43.0,48.1449,92.8219,81.8222,1.0,True,False,False,True
6.7578,31.3319,69.8635,14.6165,87.0,3.909,37.6427,92.1499,0.0,False,False,False,False
2.3627,39.9355,20.5915,46.7772,97.0,31.3749,85.2044,34.9979,1.0,True,False,False,True
48.9285,77.9978,61.5477,33.3971,30.0,55.666,62.8434,48.1508,1.0,True,False,True,True
8.7907,13.1905,91.4598,72.3338,14.0,40.2458,18.6825,44.8623,0.0,True,True,False,False
50.2371,66.9897,35.5144,14.3524,40.0,83.9333,53.7855,11.6008,1.0,True,False,True,False
44.8553,86.1779,64.0325,61.0353,92.0,48.9546,42.2621,63.8554,1.0,True,True,True,True
48.54,11.2734,92.6202,65.8729,84.0,18.0384,67.667,40.6974,0.0,False,True,False,False
46.3609,66.4977,28.1985,95.652,7.0,79.0798,30.1031,59.8393,0.0,False,True,False,True
50.5841,93.9143,91.3481,80.1538,74.0,20.2915,31.0549,38.7752,0.0,True,True,True,True
30.2815,73.0842,52.1752,37.6791,18.0,58.403,40.9389,63.3949,0.0,False,True,False,True
50.2714,65.7555,89.0307,84.4733,78.0,91.5996,96.1025,12.3268,0.0,False,True,False,False
8.2715,46.9163,0.1208,71.1918,44.0,79.4019,9.306,33.7506,0.0,False,False,True,True
29.4832,95.6321,92.6315,55.1606,71.0,25.0767,0.8884,70.1827,0.0,False,True,True,True
33.4071,81.4465,98.2512,86.679,17.0,68.8945,6.6164,8.7705,0.0,False,True,False,False
41.672,78.5584,59.4599,15.149,36.0,36.8354,98.6937,17.7151,0.0,True,False,False,False
56.2353,33.3466,86.5167,74.3951,89.0,82.7161,90.3624,22.7652,0.0,False,True,False,False
79.2574,76.0102,67.7997,31.019,18.0,78.5724,54.5372,94.8363,1.0,False,False,False,True
73.5657,56.0803,13.705,94.2327,92.0,87.3395,16.4861,83.8212,1.0,False,False,False,True
72.0479,65.6865,79.4024,87.7762,80.0,20.3943,81.4037,24.5932,0.0,True,True,False,True
27.2684,75.9309,63.6207,94.7659,94.0,82.2049,12.6846,89.0788,0.0,False,True,True,False
52.5525,14.1211,30.3963,30.7155,59.0,95.7658,63.8701,52.1814,0.0,False,True,False,False
12.7725,21.3366,53.4895,26.5875,19.0,23.3453,72.6607,74.5635,1.0,True,True,True,False
59.0803,95.0271,39.9878,44.9574,46.0,99.1653,51.1285,36.3486,1.0,False,False,False,False
76.4372,32.2082,29.4779,54.3605,83.0,17.2417,83.0768,45.9908,1.0,True,True,False,True
6.1944,22.9439,90.7264,92.0115,25.0,42.3527,86.6929,55.818,0.0,True,True,False,True
74.923,31.8083,7.3788,21.0163,86.0,40.823,86.9416,70.3026,1.0,False,False,False,False
92.2127,0.9645,19.5106,65.6697,77.0,38.7231,1.3298,99.9863,1.0,False,False,True,True
19.2782,18.2486,49.1669,46.1189,85.0,22.4326,88.9669,40.6258,1.0,True,False,False,True
33.504,59.2866,56.119,82.6432,29.0,2.7111,74.289,24.1096,0.0,True,True,False,True
17.0334,93.8484,68.1632,94.0785,24.0,42.4287,8.5385,5.0022,1.0,True,True,True,True
80.6929,31.0931,13.4137,60.2435,0.0,5.3744,21.8718,89.8589,0.0,False,False,True,True
72.8752,38.4555,67.1812,9.3374,16.0,55.3745,12.9136,50.2306,1.0,True,False,False,False
4.333,46.5592,50.3315,74.0035,69.0,63.5162,6.1719,35.3497,0.0,False,True,True,False
67.0436,41.1515,54.7507,29.2873,59.0,45.3315,70.6026,15.824,0.0,True,False,False,False
18.5273,37.7783,55.2984,21.9809,80.0,89.8361,0.5707,63.069,0.0,False,False,True,False
28.6913,88.8869,27.7131,68.592,20.0,30.5299,88.347,72.1533,1.0,True,True,True,True
56.2972,34.3159,52.9478,23.4032,66.0,66.2201,76.4959,48.3296,1.0,True,False,True,False
10.4951,76.7771,83.47,84.0967,85.0,29.9042,84.8763,81.6216,0.0,True,True,True,False
14.2829,57.6596,9.3111,22.8064,92.0,28.6814,75.7804,39.9835,1.0,False,False,False,True
23.0902,35.0986,60.505,85.7154,66.0,43.7043,32.9969,46.513,0.0,True,True,False,True
54.628,29.5469,39.1847,53.4551,55.0,26.3403,68.6528,48.7872,0.0,True,True,False,False
23.3126,88.0357,73.2714,51.2224,18.0,1.3917,67.8113,43.7903,0.0,True,True,False,True
8.6241,38.6095,30.114,66.1737,81.0,92.384,1.4025,43.805,1.0,False,False,False,True
79.818,97.5092,27.837,86.9847,64.0,13.3284,3.7925,29.6657,1.0,False,True,True,True
23.5395,0.0925,44.1794,63.8456,37.0,33.1351,29.1068,8.9141,0.0,False,False,True,True
77.9394,54.4956,73.7381,42.3573,57.0,39.8691,21.3871,56.9019,0.0,True,True,False,False
81.8817,67.5921,45.2354,34.0403,66.0,12.7352,5.3455,7.6016,1.0,True,False,False,True
68.5089,11.5782,92.19,21.9789,97.0,93.581,50.9556,22.0441,0.0,False,True,False,False
39.1542,1.168,37.3709,8.7867,0.0,87.2317,44.6006,58.4326,1.0,False,False,True,True
76.4286,52.5337,28.4872,88.6595,89.0,24.081,64.1073,89.9312,0.0,False,True,False,True
34.1909,42.0499,98.6793,2.6858,19.0,26.0986,91.6783,37.8344,1.0,True,False,False,False
81.5892,17.2321,38.6999,58.5093,32.0,42.334,42.9675,53.6247,1.0,True,False,True,False
84.6681,41.9787,15.907,6.2796,71.0,77.3665,91.7726,14.3987,1.0,False,False,False,False
28.8465,60.6658,70.5256,43.3638,19.0,47.4282,50.8405,59.1552,0.0,True,True,False,False
13.594,51.5369,60.6074,29.2301,69.0,46.7197,74.3135,38.1321,0.0,True,True,False,False
23.8897,91.2887,28.0327,46.8124,70.0,7.3362,34.2569,93.5561,0.0,False,True,False,True
53.5586,65.2399,36.722,14.4865,53.0,30.2726,48.6027,5.0784,1.0,True,False,False,True
11.8402,20.6681,11.6903,68.1279,50.0,54.9324,0.4118,79.9233,1.0,False,False,False,True
50.364,70.5196,91.932,93.0221,74.0,37.7902,82.1871,94.5061,1.0,True,True,True,True
0.8478,11.4968,69.1039,63.9637,55.0,62.8686,18.4072,59.5819,1.0,True,False,True,False
38.3961,24.3739,57.6282,39.3014,34.0,72.03,82.6737,59.0477,0.0,False,True,False,True
74.6133,46.0983,83.0565,62.1957,18.0,25.4386,97.3054,6.3233,1.0,True,True,False,False
90.607,69.5153,86.9169,68.9511,27.0,34.6181,6.311,98.8453,1.0,False,False,True,False
6.6831,86.686,69.476,94.4561,56.0,49.7075,49.095,60.8612,0.0,True,True,False,True
31.29,56.7319,76.7032,9.5495,41.0,49.4565,14.5132,2.8794,1.0,True,False,False,False
88.0186,20.9412,57.5943,53.2126,9.0,58.1026,58.8948,91.5788,1.0,False,False,False,False
25.1812,20.0601,67.2887,85.295,4.0,29.4871,11.613,44.812,1.0,False,False,False,False
47.9575,61.4722,94.8954,57.7573,67.0,31.6438,40.9982,23.201,1.0,True,False,True,True
32.5325,80.991,81.1486,76.8143,43.0,53.1502,83.7762,92.6091,0.0,False,True,True,True
76.2032,19.8042,23.0594,87.4537,61.0,56.8362,79.1405,76.982,0.0,False,True,False,False
52.6789,95.7358,18.0478,47.2907,20.0,61.7412,48.5737,7.9125,1.0,True,False,False,False
51.6332,12.9466,19.8046,34.2998,64.0,33.3784,48.8471,74.7002,1.0,True,False,False,True
30.3249,54.8723,60.5621,21.4968,0.0,3.2909,81.5975,89.7146,1.0,False,False,True,True
5.4626,99.3592,68.9297,84.4047,77.0,30.2094,26.6016,65.7026,0.0,True,True,True,True
90.9559,34.6114,70.6348,81.8288,74.0,86.8121,35.7456,97.7004,1.0,False,False,False,True
75.1474,10.6792,68.3356,99.5891,4.0,58.3935,95.6688,58.3178,0.0,False,False,False,False
30.3097,24.7896,70.1833,99.2468,38.0,2.0255,10.2481,22.5727,0.0,False,True,False,False
57.8221,66.1009,71.1784,81.5428,43.0,22.7088,45.3974,21.957,1.0,True,False,True,True
21.0515,18.3469,40.6655,76.736,55.0,7.8742,72.1068,69.8321,0.0,False,False,False,False
22.9885,54.2732,30.8669,80.4623,26.0,46.4058,10.5675,28.318,0.0,False,True,False,True
99.6609,49.0262,50.9383,70.71,16.0,4.4676,91.9374,15.5754,0.0,False,False,True,False
43.0518,82.024,86.1849,91.3788,29.0,35.0765,11.0238,56.3307,1.0,True,False,True,True
76.037,54.2419,55.8966,16.7573,67.0,51.2544,34.6835,16.8578,1.0,True,False,False,True
29.7202,19.3938,17.9071,54.1339,44.0,31.2259,78.8737,54.5841,1.0,True,False,False,True
37.9439,64.0476,69.2597,73.3195,55.0,48.8745,88.5859,85.9494,0.0,False,True,False,False
9.8249,88.9219,22.511,98.5921,100.0,91.3001,58.9502,30.9401,1.0,False,True,True,True
34.2147,31.795,27.9282,43.8436,15.0,86.126,71.4271,75.2979,0.0,False,True,False,False
30.9703,56.0618,87.9624,77.7387,91.0,5.4009,88.7659,29.2244,0.0,True,True,False,False
43.1884,98.3112,77.1775,98.7324,73.0,22.3484,90.8495,9.1094,0.0,True,True,False,False
5.2869,14.9914,89.9376,70.5555,44.0,20.1282,27.3018,2.3637,1.0,True,False,False,False
61.8196,46.1765,21.8966,45.5091,24.0,61.6388,38.6455,51.4232,1.0,True,False,True,True
94.1409,42.5661,1.2599,95.5429,9.0,15.7437,39.0662,52.6642,0.0,False,False,False,False
38.7519,98.8787,64.1989,54.2456,24.0,3.7523,80.1613,28.1597,0.0,True,True,True,False
19.7048,89.8653,83.0898,2.0193,31.0,37.2871,20.8591,64.8918,0.0,True,False,False,False
11.2724,69.9797,32.8664,65.064,39.0,17.0824,20.5674,60.6324,1.0,True,False,True,True
23.2787,48.9727,63.8456,47.2886,94.0,25.1374,74.6635,95.3977,0.0,False,False,True,False
63.8335,21.6263,36.853,27.7344,15.0,55.4913,53.3652,88.8179,0.0,False,True,False,False
40.3463,90.0946,89.9242,87.5407,54.0,72.7263,40.0717,7.9811,0.0,True,True,False,True
93.7554,31.4257,9.761,29.8778,46.0,67.4493,29.0401,35.4813,0.0,False,False,False,False
1.4627,89.6868,39.1452,68.2108,42.0,17.8785,65.3239,88.6479,1.0,True,True,True,True
42.6737,84.9525,34.0334,59.1799,7.0,17.0008,78.4258,79.1542,0.0,False,True,False,True
2.4621,82.0289,67.2463,81.6594,58.0,54.1262,24.0572,50.9568,0.0,True,True,False,True
58.4409,55.4634,86.9151,40.1609,82.0,10.2609,6.7913,39.4441,0.0,True,True,False,False
26.534,11.3733,55.6814,37.4084,91.0,83.8557,20.6449,45.9886,0.0,False,False,False,True
42.0996,77.4321,51.9819,68.9201,41.0,56.3995,8.6987,89.2235,0.0,False,True,False,True
90.7362,11.623,44.6218,76.6708,96.0,2.7677,3.4775,14.3773,1.0,False,False,False,False
65.4793,42.7927,4.6702,97.6143,42.0,26.4142,99.8393,91.8955,1.0,False,False,False,False
77.5491,61.2572,44.1924,13.7202,72.0,52.5892,68.0254,74.698,1.0,True,False,True,False
30.5162,45.4684,85.2946,47.6886,35.0,93.182,51.8617,54.7441,1.0,False,False,True,False
88.529,76.5773,86.5279,52.3711,64.0,17.4363,29.2391,60.2085,1.0,True,False,False,True
51.691,95.1196,80.2318,58.7028,66.0,73.7208,36.6835,90.427,0.0,True,True,True,True
68.6465,42.2615,65.4517,99.1174,57.0,2.1888,41.9265,95.8657,1.0,False,False,False,True
51.0104,23.216,68.6413,33.4394,67.0,92.6425,29.8264,36.3484,1.0,False,False,True,False
47.2022,96.2628,37.9054,50.6281,96.0,44.6575,85.2866,26.7103,0.0,True,True,False,True
7.1632,66.3964,69.2517,81.0093,19.0,24.2609,59.2026,35.2858,0.0,True,True,True,False
72.3991,50.4476,16.9186,65.338,18.0,79.5173,11.3422,24.311,1.0,False,False,False,True
59.3176,16.3978,44.5314,89.6119,33.0,1.0965,62.5843,30.9067,1.0,True,False,True,False
50.0296,84.3355,69.7184,22.4024,81.0,62.4687,60.2778,96.1708,1.0,False,False,True,True
14.1615,79.1686,72.9109,45.3269,37.0,85.7755,44.8208,95.7423,1.0,False,False,True,True
46.5333,14.8883,78.1103,72.3025,37.0,3.7305,70.8437,12.7956,0.0,False,True,False,False
28.367,39.7489,78.8525,90.0864,72.0,40.8427,65.1892,77.9039,0.0,True,True,True,False
92.7012,86.6763,31.5525,85.736,69.0,38.747,68.1525,24.6762,1.0,True,False,False,False
23.8008,26.1795,35.5673,74.1162,67.0,45.5494,79.4206,54.1585,0.0,False,True,False,False
69.7184,53.5364,97.2975,46.0048,6.0,86.4626,51.8969,13.6138,1.0,True,False,False,False
89.5304,52.3247,39.8815,89.0326,33.0,32.5479,49.1301,97.4801,1.0,False,False,False,True
5.4598,72.8963,43.5303,75.7372,64.0,78.9903,35.1349,21.9954,1.0,True,True,True,True
74.0082,97.6494,89.1001,75.6439,18.0,68.5458,23.6883,85.3016,1.0,True,False,True,True
66.5641,14.2386,30.3674,51.4123,32.0,2.4188,42.7385,86.4823,1.0,True,False,False,False
40.2494,65.5509,4.3815,19.6208,1.0,83.7923,90.3913,87.7362,0.0,False,False,False,False
35.5156,73.7546,29.3912,86.5585,74.0,43.8622,13.7698,89.5659,0.0,False,True,False,True
13.9883,72.4807,60.0305,56.4421,58.0,83.8727,61.6679,14.7409,0.0,False,True,True,False
70.0315,20.6368,48.8806,4.8355,86.0,99.8251,71.2805,15.7691,0.0,False,False,True,False
98.2449,55.6611,0.4392,0.9094,81.0,76.6419,78.2785,25.1937,0.0,False,False,True,False
28.8477,81.4656,12.6648,93.3509,56.0,24.2756,49.3112,17.2997,1.0,True,False,True,False
27.8017,75.1119,44.3469,82.1977,100.0,16.62,95.1276,55.9313,0.0,True,True,False,False
20.924,53.8758,28.6542,21.7271,78.0,24.7279,61.3616,63.3094,0.0,True,False,False,True
2.7912,71.343,91.8515,32.3347,62.0,13.8927,44.6867,20.3527,1.0,True,True,True,True
67.9739,34.6909,70.9795,46.745,45.0,18.578,93.938,43.8208,1.0,True,False,True,False
84.9246,54.4393,2.2934,14.8475,36.0,25.8786,55.7351,16.7967,0.0,False,False,False,False
0.3396,99.827,86.9862,92.686,28.0,94.0161,80.7624,63.5628,1.0,False,True,True,True
36.5267,13.9983,41.0126,96.4295,94.0,66.0786,11.6539,30.9247,1.0,True,True,False,True
8.7823,63.2818,15.0791,69.7157,91.0,54.1829,73.6791,26.143,0.0,False,False,False,True
78.0974,51.5636,94.4481,21.9465,72.0,59.1854,76.5511,56.6608,1.0,True,False,True,False
26.7261,94.0327,20.6591,34.7118,37.0,76.3168,44.2758,91.5473,0.0,False,True,False,False
10.6504,78.4167,17.5863,67.5048,77.0,66.0665,3.6316,56.4333,0.0,False,True,False,True
2.904,40.8453,0.5437,81.0278,71.0,32.7446,67.1523,66.6813,0.0,False,False,True,True
61.5924,8.2575,93.7158,19.8737,66.0,24.3147,2.6372,79.4851,1.0,False,False,False,False
37.4472,63.2481,78.7205,18.1188,36.0,43.2038,89.9898,98.4006,1.0,False,False,False,True
73.8899,27.1518,89.4145,82.1067,51.0,20.8983,30.9094,64.0413,0.0,False,True,False,False
48.2972,64.3655,44.6403,78.0015,94.0,37.2437,38.1744,75.2161,0.0,True,False,False,True
42.2908,98.8765,37.9864,83.2638,93.0,63.7922,35.8349,25.5043,1.0,True,True,True,True
47.1619,58.8717,56.336,75.7178,48.0,57.1323,69.5805,81.4366,0.0,False,True,False,True
42.0427,97.085,28.3542,45.1175,62.0,48.5734,20.5396,46.1916,0.0,False,True,False,False
48.7562,58.8042,21.0181,52.9899,74.0,67.4411,70.7773,70.0687,0.0,True,True,False,False
33.2276,55.3213,32.774,26.2765,80.0,80.0186,50.1289,21.8018,1.0,True,False,False,True
39.0154,24.6166,83.2643,20.6611,24.0,36.5553,8.3433,6.4982,1.0,True,False,False,False
38.5239,56.4867,71.4825,77.5773,68.0,35.6232,64.9119,71.6365,0.0,True,True,False,True
1.2268,68.4064,15.5646,46.0958,51.0,69.04,48.0668,63.0609,1.0,True,False,False,True
65.3666,97.4359,98.0898,13.0626,74.0,15.6863,78.0955,53.2867,1.0,True,False,True,False
48.8845,55.7632,52.9869,41.223,62.0,16.087,39.6255,30.4871,0.0,True,True,False,False
37.4516,78.3496,53.8234,49.4168,44.0,50.5459,82.2361,49.3252,1.0,True,True,True,True
83.194,86.1829,50.4609,12.4361,57.0,36.8875,58.619,10.06,1.0,True,False,False,False
24.1474,99.2065,78.726,87.1705,52.0,85.1452,69.5996,38.676,0.0,True,True,False,True
83.6128,21.0164,40.5725,91.8314,44.0,7.7663,13.9687,59.6584,1.0,True,False,True,False
54.3004,47.1153,98.8606,99.8142,92.0,33.0658,81.2532,99.4152,0.0,False,False,True,False
48.9217,61.8688,48.1309,57.3994,70.0,32.4183,86.0838,98.65,0.0,False,False,False,True
62.491,94.986,88.3432,31.1599,26.0,77.9701,89.991,72.0758,0.0,False,True,False,False
36.5426,82.0731,43.2116,9.9817,28.0,32.8466,69.5506,89.2898,1.0,True,False,False,True
23.6146,66.9504,27.6783,14.9524,55.0,29.8723,18.5045,78.4208,1.0,True,False,True,False
16.4203,10.2163,97.5123,40.7033,48.0,31.7509,13.4498,80.2759,1.0,False,False,False,True
82.3058,38.1078,24.2485,66.5438,30.0,61.4188,4.7527,74.6487,1.0,False,False,True,False
13.7488,84.7084,61.5792,54.7004,61.0,94.7295,53.1807,63.8138,1.0,True,True,True,True
27.5804,59.5146,77.8413,32.1432,79.0,20.402,76.6832,0.4963,0.0,True,False,False,False
36.6146,0.7588,50.7578,64.4529,3.0,77.809,71.4911,36.4285,0.0,False,False,False,False
27.1023,43.27,60.6466,84.9218,60.0,76.6197,67.7592,85.0276,0.0,True,True,False,True
1.6391,23.812,8.1261,69.1126,24.0,81.9696,40.5246,54.1873,0.0,False,False,False,False
51.8566,28.7549,80.9415,68.6174,24.0,53.3938,58.8639,61.1723,0.0,False,True,False,True
26.8305,34.368,85.2025,38.4785,13.0,5.5869,84.7073,47.468,0.0,True,True,False,False
7.1269,55.9629,49.4393,70.469,9.0,60.2573,31.1553,47.7711,0.0,False,True,True,False
44.8997,63.5811,53.9938,24.1814,65.0,85.6247,4.3571,25.2262,1.0,False,False,True,False
99.5434,73.6134,23.5008,63.7682,24.0,74.3126,66.9986,51.0761,0.0,False,False,True,False
10.0094,94.2318,20.92,31.2792,13.0,19.2192,65.5017,65.135,0.0,True,True,False,False
71.9542,21.2207,53.6255,70.2665,25.0,37.5393,15.3549,98.9499,0.0,False,False,False,True
4.3735,82.9681,17.4405,64.1286,67.0,74.4927,73.6317,4.8981,1.0,True,False,False,False
53.311,30.0311,19.2717,38.7217,14.0,8.3973,66.8012,80.8085,1.0,True,False,True,False
8.5651,67.9204,86.2885,89.1943,23.0,16.2121,95.1509,96.1753,1.0,True,False,True,True
60.1263,74.3351,53.2962,87.4672,74.0,7.6794,71.1908,67.1314,1.0,True,True,True,True
41.8196,58.1836,64.444,53.5143,62.0,24.2833,49.5006,81.4286,1.0,True,False,True,True
56.7254,24.9346,25.9396,77.3962,54.0,83.5358,96.1132,21.6533,0.0,False,True,False,False
15.3927,65.4245,43.455,35.4871,86.0,9.7096,28.5554,37.8478,0.0,True,False,True,False
86.4343,99.7836,51.2828,36.4312,45.0,64.8565,73.7458,48.4392,0.0,False,False,False,True
30.8636,33.5696,35.5466,29.2881,0.0,58.1398,76.2009,33.4288,0.0,False,False,True,True
37.5629,85.4729,69.5605,85.5542,49.0,5.7987,79.9983,87.3653,0.0,True,True,True,True
62.3632,84.6032,29.8061,60.2397,96.0,14.0259,9.5255,11.8974,0.0,True,True,False,False
91.7561,89.5011,97.1664,22.6792,76.0,49.7551,0.5823,99.2818,0.0,False,False,True,True
76.7452,60.7305,22.7085,90.4446,28.0,24.879,36.4923,34.2091,1.0,True,False,True,True
2.051,68.9069,16.5605,33.9837,2.0,40.0496,48.8073,16.5239,0.0,False,False,False,False
60.3943,14.8885,55.8638,44.6789,17.0,69.0105,16.0906,12.8785,1.0,True,False,False,False
3.1661,36.7377,37.9593,85.1987,95.0,36.5969,58.5856,90.7136,0.0,False,True,True,False
7.1394,63.1162,53.7188,1.4561,66.0,67.1112,15.8889,1.2635,1.0,True,False,False,False
17.3284,75.1145,75.923,19.7474,91.0,10.4809,85.2177,60.3346,0.0,True,True,False,False
99.5943,65.5778,71.6677,70.7961,70.0,45.6816,27.4695,83.1987,0.0,False,False,True,False
3.6077,17.8143,77.6934,47.3598,69.0,78.9803,53.0428,67.7583,0.0,False,True,False,True
12.0935,78.7822,21.4401,74.6765,45.0,28.4257,88.3113,38.1681,1.0,True,True,False,True
30.271,67.6417,76.2363,90.7122,22.0,42.4079,46.4676,39.2614,1.0,True,True,True,True
7.8873,14.6641,40.3421,99.1878,100.0,61.9243,67.5871,46.5821,0.0,True,True,False,False
33.3876,3.5118,65.3094,79.7795,68.0,53.6763,79.7056,39.447,1.0,False,False,False,False
38.5097,45.0915,98.8898,59.7645,36.0,33.1665,97.1106,10.825,1.0,True,True,False,False
14.1145,89.0302,44.3566,34.1812,75.0,25.3646,6.6001,99.7138,1.0,False,False,True,True
27.5404,59.4914,16.5104,83.8106,81.0,53.4866,25.5871,96.7233,1.0,False,False,True,True
69.1179,40.3192,27.9333,59.7849,17.0,72.601,62.4975,77.326,0.0,False,True,False,True
76.7905,90.6719,56.5615,56.036,37.0,4.5192,93.8355,54.5186,1.0,True,False,True,False
0.4571,23.6608,15.7487,65.4426,78.0,42.486,31.4072,58.5753,1.0,True,False,True,False
46.5814,42.3262,53.0048,69.5893,30.0,63.9781,8.332,63.46,1.0,False,False,True,True
78.0219,47.2847,41.3072,34.1255,71.0,82.4148,69.6582,45.6492,0.0,False,True,False,False
49.7439,21.2578,36.1002,81.9546,30.0,8.4798,14.3845,21.4263,0.0,False,True,False,False
2.0082,83.474,74.2441,2.3526,43.0,99.9019,13.9518,22.0461,0.0,False,False,True,False
66.2592,38.5894,97.4879,17.1705,82.0,10.1557,81.1918,33.284,0.0,True,False,False,False
83.011,83.414,49.6131,22.1661,31.0,32.9315,42.6739,72.4315,1.0,True,False,True,False
45.7323,44.7467,22.3936,55.3566,98.0,9.6734,34.4425,62.5798,0.0,False,True,False,True
83.6411,52.2814,96.9722,81.7413,31.0,23.3226,39.8653,51.2649,0.0,True,False,False,False
31.6358,2.1953,77.5288,53.606,71.0,32.8607,9.7995,9.17,0.0,False,False,False,False
28.044,55.8901,33.3284,47.8605,32.0,99.785,55.1231,27.3054,0.0,False,False,True,True
40.9449,16.1228,87.7932,47.4643,88.0,70.8117,37.3387,10.3825,0.0,False,True,False,False
23.408,25.8835,89.7594,42.3197,11.0,54.1331,93.1967,87.4824,0.0,False,True,False,False
38.5135,61.8071,16.1706,24.5893,91.0,31.8854,49.6623,37.279,1.0,True,False,True,False
44.7405,44.2407,78.0097,88.4325,60.0,42.0159,74.2314,56.8388,0.0,False,True,True,True
1.7876,67.4079,59.8778,84.979,94.0,46.49,81.622,68.9104,0.0,True,True,False,False
24.5299,94.2097,77.0443,77.8609,17.0,81.2762,38.3729,26.5618,0.0,False,True,False,True
72.7068,23.2555,75.6335,36.4773,89.0,46.1014,52.371,5.8404,1.0,True,False,False,True
12.6792,74.7477,93.204,51.8184,88.0,68.4537,39.8001,24.0394,0.0,True,False,False,True
20.0672,61.8598,67.3846,46.3128,57.0,30.605,27.2076,79.4738,0.0,True,True,False,True
58.0098,50.3022,94.0955,74.5501,20.0,41.8606,28.6029,86.3416,0.0,False,True,False,True
9.4332,79.5777,61.913,29.6833,80.0,32.7326,36.1397,18.4852,0.0,True,True,False,True
41.4591,79.7561,95.2726,26.5819,78.0,99.5672,7.9477,9.9856,0.0,False,False,True,True
15.4728,19.7636,73.8083,79.0269,60.0,55.5523,61.3876,47.9487,0.0,True,True,False,False
87.1846,83.635,21.3601,22.696,23.0,41.9296,5.3579,22.4669,1.0,False,False,False,True
19.4025,97.2,93.3388,70.3163,99.0,89.1768,69.7587,60.0352,0.0,True,True,False,False
25.2241,88.4067,32.9844,14.6872,69.0,68.6807,6.4176,68.7052,1.0,True,True,True,True
64.7703,62.7887,56.3734,76.0271,23.0,19.5127,91.4322,40.4602,1.0,True,True,False,True
3.8225,80.6108,33.7754,60.2138,82.0,45.3075,21.6801,36.8884,1.0,True,True,True,True
48.0665,62.742,40.6292,18.6575,70.0,40.0544,42.7417,20.4492,0.0,True,False,False,False
50.8083,48.1788,67.2931,30.2874,23.0,43.3995,44.405,24.3635,1.0,True,True,True,True
70.5426,34.0469,64.9376,89.9705,81.0,20.7938,43.3538,51.7304,1.0,True,True,True,True
41.9856,77.8899,88.9611,73.6959,68.0,10.4597,4.3393,63.2422,0.0,False,True,False,True
25.0644,97.8977,97.7622,17.7043,90.0,44.508,14.4429,5.3168,1.0,True,False,False,True
19.9687,60.7851,49.0346,81.178,57.0,58.681,18.8761,57.6562,0.0,False,True,False,True
1.698,3.9459,45.0717,73.1337,6.0,25.2618,0.4235,47.9756,0.0,False,False,True,True
5.29,51.3223,53.0337,74.6121,65.0,52.7507,70.8411,46.5782,1.0,True,True,True,True
47.128,87.1628,32.2794,43.6125,38.0,8.0709,88.9393,17.2195,1.0,True,False,True,True
24.5348,23.4419,96.4276,49.0672,9.0,53.0416,66.319,16.4357,1.0,True,False,True,False
72.3501,85.0959,30.1426,39.2136,8.0,75.4948,24.7958,11.0157,1.0,False,False,True,False
63.835,37.4727,64.4262,93.0717,73.0,86.4156,75.0604,91.5437,1.0,True,True,True,True
78.5502,93.8356,95.0548,30.9857,79.0,7.7522,12.8471,78.1357,0.0,False,True,False,False
0.2093,28.9284,23.2692,75.8058,58.0,12.281,44.6038,37.7657,0.0,False,True,False,False
64.2909,16.3241,65.5295,55.7508,25.0,28.5735,6.1418,89.258,0.0,False,True,False,False
83.1174,43.7898,59.3103,18.8636,10.0,74.8231,0.5124,74.5727,1.0,False,False,True,False
90.2429,87.5711,80.3456,36.8605,37.0,40.5672,71.6623,92.5929,1.0,True,False,True,False
48.5302,47.3736,71.7063,76.8496,91.0,36.4352,61.1621,49.4664,0.0,True,False,False,True
60.651,98.6958,47.8818,76.1327,0.0,18.2496,37.2125,30.9586,0.0,False,False,True,True
60.131,86.8137,33.6703,60.4336,78.0,66.0383,14.0603,25.6361,1.0,True,True,True,True
50.0814,73.9043,36.7243,81.2836,25.0,49.5578,3.9943,22.9827,0.0,False,True,False,False
79.4344,50.2862,51.6499,96.6595,50.0,83.2366,39.7836,30.4805,1.0,False,False,True,False
36.2098,84.1511,38.2483,58.5405,77.0,17.976,24.9596,0.8334,0.0,True,False,False,False
49.4706,18.0702,90.563,53.5264,58.0,31.5023,40.8016,13.6269,1.0,True,False,True,False
55.8221,37.6077,3.5432,60.1428,71.0,4.8795,16.7682,93.7689,0.0,False,False,False,False
63.6769,74.4946,97.044,30.6819,25.0,63.0894,74.9118,19.8798,1.0,True,False,False,True
73.0221,56.0991,59.6673,49.9475,75.0,54.8352,81.7719,94.3803,1.0,False,False,True,True
71.8643,31.804,8.4735,67.2754,68.0,99.5352,38.2285,38.829,0.0,False,False,True,True
46.0041,52.5192,44.1485,87.1379,15.0,18.796,3.3004,12.8753,0.0,False,False,False,True
73.4637,99.6543,24.6581,12.3912,63.0,59.0881,73.7603,50.809,1.0,True,False,False,True
66.2143,55.7031,43.908,62.3165,23.0,18.6143,31.021,39.2123,0.0,True,False,False,False
69.0991,27.5672,86.8696,51.0969,32.0,5.406,19.9071,11.5631,0.0,False,False,False,True
42.1754,70.4661,77.416,47.5988,73.0,23.5035,90.7806,71.6273,0.0,True,False,False,True
20.5024,46.7358,81.4345,74.3312,4.0,4.2809,92.0566,80.7052,1.0,True,False,False,False
22.9276,12.3861,48.9393,65.364,39.0,44.9899,29.718,49.3579,1.0,True,True,False,True
62.6409,24.8737,57.292,87.2049,9.0,27.9196,26.2781,76.8837,1.0,True,False,True,True
85.826,95.8378,57.9848,46.2108,26.0,38.1373,32.9483,49.4031,1.0,True,False,False,True
1.3463,65.3892,98.7492,32.5524,60.0,87.019,88.4108,82.0353,0.0,False,True,False,False
48.7296,26.5526,54.0285,68.6235,68.0,73.4419,61.5696,32.4202,1.0,True,True,True,True
60.1525,66.9483,85.0252,53.2333,18.0,49.8057,51.964,87.1452,1.0,True,False,True,True
35.3542,41.5853,63.6345,25.0812,47.0,24.1744,10.005,27.5515,0.0,False,False,False,True
66.2089,94.7112,79.4534,54.2075,88.0,99.7215,5.9335,62.2603,0.0,False,False,True,True
37.4059,68.847,31.1148,44.2852,52.0,63.3723,99.4748,22.3665,1.0,True,True,False,False
34.0214,29.4432,70.0019,81.0857,77.0,19.32,53.7702,17.1964,0.0,False,True,True,False
75.6477,98.3539,32.4816,49.3359,66.0,79.0386,72.8427,71.9818,0.0,False,False,False,True
6.7042,98.4822,95.2254,71.1003,47.0,46.5347,92.2202,16.3082,1.0,True,True,True,True
48.384,15.752,86.0268,68.9018,60.0,17.7105,13.4548,79.7601,1.0,False,False,True,True
38.6122,74.624,51.2182,91.0919,43.0,58.5785,86.1872,76.2742,0.0,True,True,False,False
59.8673,42.8399,1.1209,64.7319,1.0,77.9912,83.2358,7.6276,0.0,False,False,True,True
59.0344,16.513,76.6072,72.1284,81.0,59.3812,11.3222,32.1379,1.0,True,False,True,True
2.5914,93.6968,23.1312,23.3339,99.0,57.7323,78.6376,13.7626,1.0,True,False,True,True
39.3697,67.0655,9.8289,96.4623,42.0,20.2577,1.7903,7.4133,1.0,False,False,True,False
53.9769,92.3994,36.5295,70.9752,74.0,47.8006,4.6134,86.6923,1.0,False,False,True,True
52.6322,12.674,53.3797,3.7721,56.0,64.4485,42.158,24.2801,0.0,False,False,False,False
33.1089,69.7234,62.2349,27.5796,6.0,34.8598,57.4509,35.5382,1.0,True,True,False,False
0.1813,41.8974,65.478,3.2003,26.0,29.0323,72.1478,66.613,1.0,True,False,False,False
55.2768,64.7553,34.3249,96.1737,29.0,2.5991,52.2931,32.9987,1.0,True,False,True,True
48.1362,84.7581,89.0846,86.4385,68.0,23.7013,46.9996,53.9792,0.0,True,True,True,True
9.9954,76.0681,43.3171,70.0309,81.0,49.7494,28.6124,73.357,0.0,False,True,True,True
8.4287,57.5256,95.1355,59.1287,35.0,49.3971,91.0126,97.0854,0.0,False,False,False,False
35.5437,92.2298,92.9512,28.9168,74.0,60.3754,22.6832,87.0046,0.0,False,True,True,True
21.2103,48.5372,51.6945,34.4093,79.0,55.9561,84.1354,48.666,0.0,True,True,False,True
85.8185,48.9184,87.3746,78.9679,53.0,65.3263,3.3341,71.6346,1.0,False,False,False,True
40.8394,45.6149,41.353,30.3569,5.0,51.5029,42.5917,95.1387,1.0,False,False,False,True
89.1145,52.0659,65.2545,19.9446,16.0,39.9649,64.8332,82.482,0.0,False,False,False,False
72.9093,54.5084,19.7035,80.4726,23.0,47.7724,63.5341,69.2137,1.0,True,False,True,False
31.0641,96.6099,16.153,41.7175,97.0,46.3333,57.5174,59.6904,0.0,False,True,False,False
32.7189,35.9837,22.7523,43.8922,86.0,5.1479,3.7382,76.665,1.0,False,False,True,True
25.5012,96.9349,25.995,99.4311,90.0,68.282,8.8832,50.1641,0.0,False,True,False,True
13.9362,50.6002,86.8684,26.1502,11.0,37.8177,34.4125,16.5311,0.0,False,True,False,True
45.5713,20.718,61.4638,90.9416,61.0,0.4742,29.7548,45.6891,0.0,False,True,False,False
16.0921,33.2443,65.2983,90.243,33.0,18.4951,33.5449,41.7694,0.0,True,True,False,True
79.8943,23.7981,84.0456,14.8236,27.0,64.2693,28.8721,86.4924,1.0,True,False,False,False
33.7158,52.7346,49.8763,94.4924,90.0,58.8696,56.9081,21.5357,0.0,True,True,True,True
31.4443,71.8775,33.7471,27.7487,94.0,77.64,68.7982,22.479,1.0,True,False,True,True
59.5483,34.7806,48.6573,26.9823,64.0,88.4623,23.2984,40.4772,1.0,True,False,True,False
70.2853,79.7131,54.84,60.8495,45.0,42.0295,48.453,6.6547,1.0,True,False,False,True
4.5816,14.1873,47.3115,88.6279,41.0,39.5392,74.4652,23.6269,1.0,False,True,True,False
35.5841,0.2691,16.9842,28.744,75.0,32.1001,85.4867,74.2185,0.0,False,False,True,True
32.6401,18.632,34.5542,22.4269,51.0,81.269,48.7301,0.156,0.0,False,False,False,False
25.752,97.1608,77.0709,59.8939,57.0,78.3245,33.5536,59.7986,0.0,True,True,False,True
99.6876,84.8988,48.8343,78.1993,39.0,79.2914,18.9995,17.6074,0.0,False,False,True,False
22.3536,66.792,42.0123,43.1068,18.0,66.9823,6.4306,39.2555,0.0,True,True,False,False
0.4791,48.8058,39.7387,57.184,32.0,19.8077,69.7015,92.1785,0.0,False,True,False,True
56.2689,71.8846,76.9386,61.8553,56.0,85.6302,19.2846,94.3171,0.0,False,True,True,True
84.502,66.3455,39.9353,77.7237,66.0,86.9792,93.748,10.3668,0.0,False,False,False,True
18.9159,33.5085,94.6815,64.1876,84.0,60.5655,3.4207,11.6036,0.0,False,True,False,False
81.7038,53.4554,25.6569,83.5233,26.0,42.0051,38.8975,21.2415,1.0,False,True,False,True
40.3309,99.9275,29.476,79.8501,97.0,7.9924,59.2328,63.9811,0.0,True,False,False,False
15.0348,37.156,26.9123,53.3346,0.0,54.5033,52.4564,95.0017,0.0,False,False,True,True
34.0421,77.0473,66.2946,76.418,34.0,9.0609,80.4231,54.1832,1.0,True,True,True,True
66.9879,90.5266,28.5455,60.9311,30.0,14.8273,40.002,25.4824,0.0,True,True,False,False
13.5093,83.5438,36.1558,10.596,7.0,13.2851,74.4053,16.8365,1.0,True,False,False,False
7.5312,39.7931,61.9905,38.4769,76.0,23.8831,6.05,58.7092,0.0,False,True,True,False
65.7331,81.1441,39.7077,95.7313,77.0,61.949,15.3274,37.5408,0.0,False,True,False,False
53.2551,37.3436,13.8039,38.1527,18.0,86.0313,77.5541,41.5767,1.0,False,False,False,True
6.7744,72.0755,65.427,9.3038,32.0,89.3575,88.4641,85.8697,1.0,True,False,False,False
57.4832,90.2936,19.5913,76.528,52.0,53.0217,32.7319,61.1572,1.0,True,False,True,True
17.1849,25.3963,63.5634,29.5622,12.0,80.0978,84.7997,54.0224,0.0,False,True,False,False
81.0349,53.0751,91.8216,47.0723,88.0,0.8848,80.7876,16.2657,1.0,True,False,True,False
99.4245,15.7108,88.8657,8.0695,50.0,45.5863,90.8853,38.5734,0.0,False,False,True,False
65.0436,97.6546,77.9732,42.5842,82.0,2.9701,29.8189,73.5506,0.0,False,True,True,False
35.6961,79.9489,43.2191,58.4583,9.0,5.9089,10.2869,65.5647,0.0,True,True,False,True
80.7965,81.7177,80.8946,11.8031,81.0,26.1387,92.9239,49.4129,0.0,True,False,False,False
38.5874,58.1816,31.9914,75.8248,61.0,74.8436,65.9283,14.2289,0.0,False,True,False,False
6.6205,72.1712,88.844,37.9499,86.0,90.362,93.4995,95.5005,1.0,False,False,False,True
5.2991,63.751,97.1266,80.0799,91.0,2.7216,73.0261,17.5105,1.0,True,True,True,True
20.1456,68.3363,47.9284,44.2202,72.0,65.9791,58.3588,4.0959,1.0,True,False,False,False
59.0029,93.2697,37.1332,99.9314,46.0,87.1771,92.4956,66.3112,0.0,False,True,False,False
48.6407,22.3716,14.6481,54.1462,88.0,39.4703,4.9566,29.95,1.0,False,False,True,True
18.7957,49.4986,77.4546,98.2599,0.0,51.2764,76.4991,44.9478,0.0,False,False,True,True
43.7022,73.593,25.9331,24.4216,65.0,32.724,94.0432,60.8219,1.0,True,False,False,True
70.1545,68.8075,81.3902,41.2056,0.0,57.5964,23.7094,16.8511,0.0,False,False,True,True
4.6497,32.6111,67.4411,68.0931,98.0,27.3779,68.4576,60.1216,1.0,True,True,True,True
44.4078,82.2168,21.5538,24.6914,25.0,35.1644,41.5003,13.6371,1.0,True,False,False,True
28.7144,68.6583,54.4382,82.5855,85.0,16.7505,77.0015,7.1923,1.0,True,False,True,True
61.4539,24.6982,73.5738,65.3785,33.0,24.8753,93.0686,72.5129,0.0,True,True,False,True
31.0509,69.2545,31.3517,94.2727,63.0,8.6983,50.7185,93.2861,0.0,False,True,False,True
28.6911,68.9002,35.8165,18.0827,56.0,19.164,72.8485,69.4662,1.0,True,False,False,True
79.5601,4.8983,71.1758,78.4084,52.0,21.3478,11.5213,49.3358,1.0,False,False,False,False
80.0866,30.2441,48.0297,75.0371,19.0,69.4327,81.7387,17.8938,0.0,False,False,False,False
31.3631,37.1693,88.5423,52.0219,52.0,10.5912,37.4801,31.1274,1.0,True,True,True,True
92.4886,80.9143,88.2577,52.4404,61.0,37.3583,77.9778,92.1576,1.0,False,False,False,True
1.5916,90.6398,98.5741,57.4412,9.0,93.4897,87.4249,17.6808,1.0,False,False,True,True
65.1394,18.1286,88.4523,97.8625,27.0,12.028,87.4138,71.6339,0.0,True,True,False,False
45.3582,21.256,85.9692,15.3576,89.0,59.7715,13.5439,1.4576,1.0,True,False,False,False
64.0016,79.8981,79.4663,31.9524,94.0,15.6855,84.1445,67.2461,1.0,True,True,True,True
66.0605,91.4443,10.4917,70.3303,80.0,33.5802,15.1651,86.0796,1.0,False,False,False,True
74.9649,55.9432,52.1026,68.2135,54.0,28.9988,10.2391,90.2692,1.0,True,False,True,True
33.9711,48.2418,53.7073,39.9305,24.0,28.0601,93.5575,44.6392,0.0,True,False,False,False
23.4931,87.5,63.3606,34.8597,39.0,17.561,1.242,82.1766,0.0,False,True,True,False
75.3532,65.6888,49.6178,26.5237,74.0,30.2266,41.3911,87.2105,0.0,False,False,False,False
36.8513,22.7167,79.954,30.0009,81.0,78.2979,75.0883,31.9323,0.0,False,True,False,False
72.6109,56.2346,42.0967,73.6362,69.0,84.2706,90.8255,42.8041,1.0,False,False,False,True
80.2891,28.2058,52.1544,55.7203,14.0,48.9593,67.042,9.5952,1.0,True,False,False,False
38.0162,40.627,54.3731,54.9902,18.0,73.3908,94.305,94.8491,1.0,False,False,False,True
52.0168,97.3517,16.5447,61.8304,85.0,8.6511,48.0788,13.4191,1.0,True,False,True,False
71.8059,32.3199,92.8515,40.9215,35.0,34.8726,88.141,89.2749,1.0,True,False,False,True
6.6829,78.4102,62.9913,93.7224,16.0,39.6094,83.6719,35.7782,0.0,True,True,False,False
14.1697,44.7663,67.0718,52.9189,35.0,45.5224,41.6153,52.9126,0.0,True,True,False,True
86.8685,45.5401,0.5361,46.8735,42.0,26.825,62.9968,65.5902,0.0,False,False,True,False
38.627,13.3638,76.0667,48.4792,30.0,84.8403,87.1644,98.8678,1.0,False,False,True,True
61.6043,61.5955,56.8123,48.8413,70.0,29.7473,81.6515,33.1525,0.0,True,True,False,True
29.6447,67.9689,89.7845,99.6571,82.0,1.6518,74.8855,83.4785,1.0,True,True,True,True
20.93,31.0047,85.5107,32.4423,50.0,86.8391,42.3636,45.6084,1.0,True,False,True,True
23.9299,87.5104,95.273,73.8872,53.0,64.131,14.1025,50.0906,1.0,True,True,True,True
73.4941,79.5921,92.5791,68.8726,67.0,17.9182,33.388,94.029,1.0,False,False,True,True
99.7416,73.1862,77.3028,89.9058,60.0,27.1731,79.178,89.2196,1.0,False,False,False,False
34.0764,21.5107,19.2541,33.1595,64.0,46.1467,25.7675,35.5388,1.0,True,False,False,True
38.3355,94.1635,50.6798,31.8329,46.0,63.3089,34.1198,20.0654,0.0,True,True,False,True
72.278,46.0532,18.5889,92.0333,20.0,55.8606,86.2306,46.0902,0.0,False,True,False,False
38.1373,10.1955,84.7629,4.6019,43.0,81.8163,82.1335,25.5502,1.0,False,False,False,False
60.5903,27.9562,19.9845,97.5545,25.0,80.5313,83.5635,66.8773,1.0,True,False,False,True
59.5101,56.0374,83.9788,85.0415,68.0,39.3406,15.6165,21.7529,0.0,True,False,False,False
23.8446,27.1444,62.7144,60.2289,65.0,62.7183,42.6459,39.865,0.0,False,True,False,False
46.4545,78.0926,10.1428,71.5707,79.0,20.8021,71.2965,35.4975,1.0,True,False,False,True
99.9156,39.4939,91.2007,90.4572,69.0,38.7005,44.0078,77.2755,0.0,False,False,True,False
62.9434,55.3786,58.5972,32.8544,76.0,75.6132,92.3538,7.4874,1.0,True,False,False,True
0.9342,26.8946,77.8644,36.4247,33.0,29.1303,65.2249,73.777,0.0,True,True,False,False
1.6864,24.7933,60.5827,69.9637,78.0,75.9445,85.3606,58.0561,0.0,True,True,False,False
50.4411,57.396,89.9648,28.087,69.0,34.9071,93.9881,22.5837,1.0,True,True,False,True
1.1971,92.9404,66.9044,86.1983,16.0,36.5277,26.3772,18.753,0.0,True,True,False,False
60.0355,99.4025,11.5308,67.1146,90.0,26.517,67.6542,91.7951,1.0,False,False,False,True
52.5467,63.1936,64.8718,40.7344,92.0,33.0059,22.1284,55.623,0.0,True,False,True,False
46.0871,18.7853,63.0557,76.8638,71.0,28.6194,80.3802,14.1559,1.0,True,False,False,True
10.7386,81.9864,98.9895,22.1634,71.0,51.3718,24.1046,87.9403,0.0,True,True,False,True
62.0429,77.6583,86.6599,92.3352,60.0,10.1116,95.4018,58.4062,1.0,True,True,False,True
28.4031,36.6572,86.8656,84.3048,76.0,74.5767,48.5402,81.3491,0.0,True,True,False,True
52.9846,69.2847,7.2199,94.5304,6.0,72.8081,75.2622,3.7573,0.0,False,False,False,False
55.7027,97.5808,70.4899,23.0427,66.0,85.4431,31.0423,14.9451,1.0,True,False,False,True
82.0254,57.5603,11.2809,41.1928,72.0,48.6956,55.3361,52.6828,1.0,False,False,False,True
27.6169,9.2266,14.6003,90.5608,54.0,71.2307,78.4788,7.9194,1.0,False,False,False,False
11.2575,75.7166,22.2622,16.9224,75.0,82.2335,25.2726,42.5602,1.0,False,False,False,True
68.4899,74.0572,36.6055,71.0499,96.0,55.2683,71.9988,65.7048,1.0,True,True,True,True
64.1296,74.7133,90.6247,67.4781,31.0,63.9046,0.0086,91.753,0.0,False,False,True,True
80.2339,62.8273,11.2667,94.1046,20.0,39.3548,57.7377,60.1224,1.0,False,False,False,True
51.0114,60.0801,32.1417,47.7929,20.0,14.4988,35.1922,21.6727,1.0,True,False,True,True
21.1153,93.7493,60.3123,83.3142,59.0,83.3393,72.4768,91.346,1.0,False,False,True,True
8.3415,42.5909,45.3589,10.0812,50.0,27.232,9.6313,66.1985,1.0,True,False,True,False
61.3994,85.4851,82.0812,60.724,56.0,87.0551,79.548,69.7157,0.0,False,True,False,True
43.8259,73.8462,44.5934,90.2575,30.0,88.5451,80.5033,81.773,1.0,True,False,True,True
32.8327,45.5092,78.2459,49.0347,96.0,36.0344,10.4844,28.2974,1.0,True,False,True,True
61.4703,64.6578,43.3782,10.9396,49.0,74.0287,87.5904,91.0876,1.0,True,False,False,False
16.4869,56.1111,88.7468,69.3721,88.0,87.9846,53.3331,63.3123,0.0,False,True,False,True
63.7166,59.9649,89.7111,93.4061,30.0,87.336,13.7362,44.8299,1.0,False,True,True,True
87.2181,18.3064,66.0276,68.2398,45.0,8.6309,55.6299,64.7005,1.0,False,False,False,True
29.558,56.0606,28.923,32.9573,61.0,12.0698,30.5915,37.6648,0.0,True,False,False,True
76.5623,71.9045,47.5076,96.1979,93.0,4.8884,7.9506,55.0639,0.0,False,True,False,True
7.2607,37.4266,83.5035,89.8187,59.0,4.1656,64.7751,92.3663,0.0,False,True,False,False
50.0667,99.1258,56.4769,56.6401,77.0,7.5391,1.6253,80.0753,0.0,False,True,False,True
20.8496,1.2254,56.6944,63.697,32.0,50.4735,56.2235,4.5263,1.0,False,False,False,False
8.3738,45.4866,43.9508,24.2796,17.0,52.3146,14.773,95.9591,1.0,False,False,True,False
44.5467,84.6626,42.5127,84.8871,100.0,59.4324,54.6303,95.6558,1.0,False,False,True,True
48.9047,86.2524,15.6903,28.408,10.0,45.8693,6.5465,33.6569,1.0,False,False,False,True
71.4287,88.5904,98.4553,19.8839,72.0,14.6848,22.7133,37.5218,1.0,True,False,True,True
77.0896,12.8983,65.6923,56.7251,92.0,50.7246,9.2811,53.1103,1.0,False,False,True,False
37.6754,99.2522,1.8859,32.4761,99.0,98.6808,80.676,95.6808,1.0,False,False,False,False
71.0517,58.3037,51.0232,73.8936,37.0,87.5028,79.8491,33.9833,0.0,False,True,False,False
49.2749,32.4978,55.57,70.0194,81.0,38.5176,40.8788,38.2214,0.0,True,True,False,False
4.252,37.8565,15.4866,70.5539,44.0,78.6777,0.4549,15.2053,0.0,False,False,True,True
6.1662,59.1998,55.1516,68.1505,27.0,71.1167,90.9012,74.2244,1.0,True,False,True,True
6.0336,86.0891,27.3272,61.8577,7.0,70.8154,82.5812,74.4422,0.0,False,True,False,False
73.1985,44.1917,84.4538,52.8261,51.0,6.303,92.9365,16.963,1.0,True,False,False,True
51.336,71.3999,51.3841,16.2967,71.0,44.0375,61.1585,25.9099,0.0,True,False,False,False
76.8429,62.4075,13.6274,56.4825,48.0,64.1632,75.7122,98.1757,1.0,False,False,True,False
44.9335,9.6096,85.7081,91.124,67.0,89.0111,41.6569,16.3326,1.0,False,False,True,False
0.9195,93.7575,88.4026,15.0553,12.0,13.0941,14.6194,88.5277,0.0,False,True,False,False
93.3978,57.4627,0.8141,25.881,15.0,99.1346,43.6394,72.1146,0.0,False,False,True,False
56.2158,81.1251,80.6108,98.9384,82.0,25.5709,5.3782,99.3201,0.0,False,False,False,True
73.3915,85.4162,27.0835,67.6694,0.0,41.7047,97.9452,96.8903,0.0,False,False,True,True
71.8652,81.8986,73.1051,50.9059,44.0,33.6496,50.3691,59.9478,1.0,True,False,True,True
70.9002,55.322,68.5236,51.7028,16.0,62.8958,74.4583,14.7949,0.0,False,False,False,False
39.6973,83.284,57.906,15.9846,19.0,31.1194,50.5467,53.8038,0.0,True,False,False,False
66.2589,84.4994,41.9877,86.9466,65.0,39.531,89.8887,96.4276,1.0,False,False,True,True
62.3406,23.3024,87.9125,26.128,62.0,26.683,81.3876,76.7875,1.0,True,False,False,True
31.0622,91.3356,19.0643,59.0691,72.0,15.002,9.0861,73.9828,1.0,True,True,True,True
30.7846,94.4988,96.9754,32.4927,59.0,53.1908,1.0534,21.3766,1.0,False,False,True,True
92.9656,23.8524,24.2818,17.7536,9.0,1.2547,78.3236,63.3364,0.0,False,False,False,False
42.1915,87.6269,66.0267,42.1459,76.0,32.5152,65.2568,25.2949,1.0,True,True,True,True
81.283,77.0442,24.2259,26.1367,34.0,65.1769,35.5972,91.4251,1.0,True,False,False,True
36.0123,51.6044,75.8391,44.3194,90.0,23.3452,35.3935,72.4125,0.0,True,True,True,False
67.1627,75.8449,94.4167,45.1841,75.0,17.6838,86.4554,52.4458,1.0,True,True,True,True
28.7015,17.5674,77.3391,78.8289,69.0,31.4263,73.1564,6.587,1.0,True,False,False,True
71.7018,91.4763,46.0627,50.5941,65.0,52.5658,28.658,74.6444,0.0,False,False,True,False
27.1476,27.0673,52.5761,73.9351,42.0,45.3347,71.6132,66.1141,0.0,False,True,False,True
46.8828,59.7212,97.616,75.651,63.0,3.9878,96.5523,15.8663,1.0,True,True,False,True
51.5329,79.5556,71.4516,74.8267,26.0,6.8799,33.0171,78.1159,0.0,True,True,True,False
47.5256,48.9063,31.6189,39.6252,24.0,24.0007,31.8472,95.2602,0.0,False,True,False,False
76.9699,44.0698,35.6816,24.2297,30.0,27.6024,71.156,46.4736,0.0,True,False,False,False
9.3889,79.7452,40.3998,48.7343,56.0,52.324,51.706,65.7206,0.0,True,True,False,False
99.9148,50.0109,16.7616,59.5182,83.0,63.2019,24.8447,79.4768,0.0,False,False,True,False
56.3714,94.966,37.2917,38.5213,48.0,43.8032,89.3164,35.364,0.0,True,True,False,False
21.3039,76.2845,86.2589,55.7841,88.0,82.7384,55.612,7.5809,0.0,True,True,False,False
32.0367,76.2148,38.713,29.4576,96.0,7.3931,93.9896,53.0519,1.0,True,True,False,True
59.8375,14.2581,59.8268,54.1217,71.0,70.7851,64.0756,41.4886,1.0,True,False,False,True
98.9285,79.0248,5.5029,55.6882,71.0,21.5081,37.7674,77.3599,0.0,False,False,False,False
51.0826,31.5304,86.6936,78.9245,12.0,18.5171,23.8111,47.7756,0.0,False,True,False,False
8.3301,46.0475,8.5158,81.1217,96.0,88.0253,35.3231,59.6762,0.0,False,False,False,False
32.3272,94.7846,29.0638,52.0881,17.0,75.6586,38.8792,98.6321,1.0,False,False,True,True
14.8044,53.5003,22.1974,78.4868,74.0,18.7851,34.9335,46.9508,0.0,False,False,False,True
11.1416,1.4992,67.3349,44.3749,56.0,50.5886,0.4364,94.5858,0.0,False,False,True,True
50.9571,52.2311,18.5852,75.5273,30.0,77.5869,60.6529,68.4417,0.0,False,True,False,False
96.2725,82.1435,39.9485,51.0415,51.0,97.2961,75.3532,49.7187,1.0,False,False,False,False
1.575,17.8044,49.3833,54.3266,37.0,16.3306,76.7561,84.2535,0.0,False,True,False,False
19.4961,44.6348,60.9246,51.1188,52.0,9.3163,65.3159,22.8112,0.0,True,False,False,True
62.68,26.2348,78.6317,47.3235,58.0,16.0411,6.3209,23.1372,1.0,True,True,True,True
20.5116,26.2996,69.7017,95.1452,64.0,32.995,31.1099,97.2308,1.0,False,False,False,True
73.7454,29.5343,29.3258,4.2076,34.0,3.1742,9.0474,19.9666,1.0,True,False,False,False
43.8763,52.6221,36.8436,49.6398,15.0,30.2254,19.7133,96.1732,1.0,False,False,True,True
93.7248,93.0746,62.3959,35.702,92.0,65.5588,60.4785,46.4457,1.0,False,False,False,True
44.6883,50.1075,78.6156,71.5516,70.0,7.7813,59.3826,78.2962,0.0,False,False,False,True
39.2099,90.1452,80.9885,39.8069,95.0,0.2817,67.5843,20.2119,0.0,True,True,False,False
54.9161,1.6231,65.8778,21.0436,66.0,95.6863,19.6283,71.1563,0.0,False,False,False,False
38.2069,42.1527,45.1465,28.9605,82.0,7.4218,87.7695,73.371,1.0,True,True,True,False
31.9574,17.4273,39.8101,70.1271,75.0,28.1536,75.4065,74.1995,1.0,True,False,False,True
0.9431,45.3199,29.1324,31.8915,5.0,82.6593,77.2044,94.7466,1.0,False,False,True,False
75.9731,43.4123,16.7421,28.325,9.0,33.1683,26.3756,72.9631,1.0,False,False,False,True
22.3017,41.9866,47.4877,32.8577,84.0,45.7371,37.0021,76.7609,1.0,True,True,True,True
26.1268,80.7607,89.0792,85.9038,62.0,55.5084,34.79,31.2737,0.0,True,True,False,True
22.3367,45.1809,92.3117,30.4683,88.0,5.0312,83.9365,24.8861,0.0,True,True,False,False
29.1917,90.1027,93.3849,99.8044,6.0,92.0959,86.6729,42.3272,0.0,False,True,False,False
35.8568,66.0402,89.5151,82.6129,15.0,42.5958,80.6741,39.8669,0.0,True,True,False,False
52.6604,83.7995,39.4953,45.7732,61.0,7.1303,65.7898,71.2913,1.0,True,False,True,True
22.6279,48.2744,29.7185,41.2818,39.0,78.0784,86.7393,98.9337,1.0,False,False,True,True
21.075,30.6223,35.4356,1.5911,30.0,68.3217,20.2915,14.75,0.0,True,False,False,False
49.1885,43.8653,68.725,65.3922,23.0,14.442,21.09,54.9375,1.0,True,False,True,True
72.3152,94.7252,47.6548,47.9708,53.0,71.8886,17.4374,90.5877,0.0,False,True,False,False
81.9206,65.0025,30.8411,79.9792,38.0,61.5439,55.7626,2.4434,0.0,False,False,False,False
53.7911,27.4925,23.8134,40.6917,67.0,20.9346,49.1579,70.4599,0.0,False,False,False,False
3.0533,90.273,65.9345,44.1537,58.0,27.3454,59.1005,36.7738,0.0,True,True,False,True
57.5952,22.5778,33.5777,45.263,79.0,32.241,19.1697,21.1232,1.0,True,True,True,True
3.8645,98.7267,42.4742,19.9038,12.0,85.1962,64.5243,11.3852,1.0,True,False,False,False
12.018,67.3469,81.0441,57.1265,35.0,93.8638,25.2695,21.2474,0.0,False,True,False,False
57.1564,61.7193,22.9311,72.2512,28.0,53.379,49.2508,80.0849,1.0,True,False,True,True
47.2064,94.5865,36.7234,90.2757,71.0,9.8141,17.603,22.0917,0.0,False,True,False,False
31.3437,75.9014,88.0329,28.0723,63.0,47.6654,38.2464,46.0798,1.0,True,True,True,True
30.3418,27.4822,68.8625,50.5416,33.0,93.408,8.4156,61.9226,1.0,False,False,True,False
34.0384,93.0154,45.5419,18.2139,60.0,41.8149,15.1005,53.6829,0.0,True,False,False,False
12.4919,43.544,63.1162,31.8678,38.0,65.8357,86.6404,36.0771,0.0,True,True,False,False
52.0055,44.5693,8.95,64.0846,46.0,91.8254,4.0106,29.0044,0.0,False,True,False,False
60.8475,71.1287,70.7676,43.0274,6.0,70.3375,60.7144,78.2682,0.0,True,True,False,False
74.1766,45.1672,13.159,54.7787,56.0,6.7223,28.2095,80.2854,0.0,False,True,False,False
55.7997,75.6308,28.1992,47.0591,96.0,62.3095,30.8211,40.3624,1.0,True,False,True,True
0.6188,49.0217,94.2955,33.3398,86.0,18.7601,36.5613,59.5314,1.0,True,True,True,True
52.6572,64.7837,38.7781,20.4367,69.0,58.9357,16.354,0.561,1.0,True,False,False,False
64.8987,11.3888,29.0098,22.5012,22.0,21.3035,21.454,22.523,1.0,False,False,False,True
59.7197,68.2149,11.8544,89.9625,81.0,5.6391,50.3229,48.1092,1.0,False,False,True,False
58.6373,91.1892,27.7863,87.2847,78.0,11.0922,46.0305,30.4952,1.0,True,False,True,True
76.5993,76.7505,70.4816,53.0428,84.0,62.3595,76.5875,30.8006,0.0,True,True,False,True
4.3349,67.8216,80.6046,38.6097,34.0,23.4219,55.6327,75.5008,1.0,True,False,True,True
51.3213,90.5602,21.5973,27.9028,39.0,41.7403,1.5332,30.108,1.0,False,False,True,True
69.3063,96.1047,43.3352,28.3477,4.0,48.2434,0.1159,8.0195,1.0,False,False,True,False
39.0079,89.912,77.4015,20.4527,18.0,36.3068,22.6304,74.3026,1.0,True,True,True,True
27.5011,22.43,54.545,29.1443,62.0,24.508,75.5819,97.3879,1.0,False,False,False,True
63.5781,65.3662,38.3095,40.5246,6.0,15.135,28.5426,13.9218,0.0,False,True,False,False
8.8359,58.3468,3.8171,2.3435,0.0,43.9348,89.4713,83.448,0.0,False,False,True,True
99.5598,25.3807,13.5733,46.3883,20.0,14.675,88.4567,9.8487,0.0,False,False,True,False
91.6167,8.7755,67.9041,49.2077,24.0,36.6185,58.9385,2.5597,1.0,False,False,False,False
38.1123,98.724,52.3525,62.0028,24.0,3.7939,40.2496,87.451,1.0,True,True,True,True
78.47,22.5492,97.1032,51.0397,49.0,37.4535,50.7095,89.2817,1.0,True,False,False,True
91.3763,84.3963,48.4006,32.5043,18.0,62.3331,36.3805,39.4636,1.0,False,False,False,True
20.1161,27.4629,57.8024,85.2814,56.0,0.9705,31.2136,41.4692,0.0,True,True,False,False
3.287,31.8627,46.4804,70.0194,67.0,84.6223,64.6357,61.8915,1.0,True,True,True,True
92.4692,68.448,47.7352,87.0005,31.0,4.0384,55.4527,86.501,0.0,False,False,False,False
53.3808,82.6797,79.1714,89.2606,31.0,56.0502,94.58,34.6565,0.0,False,True,False,False
28.5405,48.7427,70.6913,27.8703,62.0,63.2784,45.4193,52.8715,1.0,True,True,True,True
54.0149,14.0052,71.9077,49.8903,92.0,36.3148,66.6554,44.7031,1.0,True,False,False,True
44.3483,14.5001,48.5889,95.3961,69.0,32.3723,97.1148,55.3118,0.0,False,True,False,False
15.0502,75.2163,80.4418,59.9659,91.0,6.5466,42.9558,41.2781,0.0,True,True,True,True
71.4493,73.7202,27.2932,24.1887,17.0,39.62,83.0763,32.3372,0.0,False,False,False,False
48.0581,27.3937,32.4669,62.6176,4.0,17.1113,44.937,45.3079,1.0,False,False,False,True
56.7313,33.7559,82.4546,45.6668,75.0,85.0915,87.2894,93.661,0.0,False,True,False,False
18.4342,83.2511,58.5028,68.4475,35.0,31.6809,4.1179,16.702,1.0,True,False,True,True
1.896,79.0219,61.3112,95.1634,52.0,91.0167,54.3421,5.6211,1.0,True,False,False,True
21.8177,35.4687,59.8545,46.8454,42.0,52.841,44.2287,72.9138,1.0,True,True,False,True
12.7912,51.1405,37.9149,6.8057,50.0,46.2878,55.7105,2.5091,0.0,True,False,False,False
82.2368,0.5066,73.7973,94.574,82.0,7.31,69.8751,49.6013,0.0,False,False,True,True
30.7552,67.1987,13.6188,61.4431,73.0,8.8611,6.5172,65.8377,0.0,False,False,False,True
81.8084,19.0307,67.9594,60.242,18.0,50.1566,22.9628,13.4706,1.0,True,False,False,True
25.3153,75.1417,47.7447,15.8919,34.0,40.6524,37.1309,99.6557,1.0,False,False,True,True
36.6586,38.3844,28.6516,39.2396,98.0,81.7859,88.6585,76.8148,1.0,True,False,True,False
77.1101,36.0313,56.6191,30.9904,58.0,52.9654,58.5465,59.2744,0.0,False,False,False,True
74.3895,59.8426,64.2852,14.2519,62.0,0.9451,35.4527,60.6358,1.0,True,False,False,False
39.2614,27.383,54.0508,67.5414,37.0,86.0902,77.1192,37.6758,0.0,True,True,False,False
44.2558,58.386,10.8889,78.8688,100.0,74.2147,71.828,61.2901,0.0,False,True,False,False
9.6572,18.1024,84.9663,4.505,21.0,14.607,67.0232,62.5989,1.0,True,False,False,False
33.174,82.4339,84.6072,85.3388,85.0,2.0071,18.8259,76.9839,0.0,True,True,True,True
82.6461,28.8038,60.741,49.4613,93.0,47.9221,73.3301,70.5552,1.0,True,False,False,True
9.2675,55.6232,25.7317,31.2593,10.0,4.1477,49.5291,29.2151,0.0,False,True,False,False
42.4713,86.0441,43.0678,91.393,76.0,28.9417,58.2501,48.6912,0.0,True,False,True,True
11.2079,85.4444,56.7088,40.6015,39.0,20.0447,5.4351,57.4934,0.0,False,True,True,False
61.8445,21.6093,74.8111,15.301,90.0,37.6777,61.8624,56.7956,1.0,True,False,True,False
57.1186,88.208,47.3616,40.1192,50.0,19.038,24.5074,76.8077,0.0,True,False,False,True
5.4204,35.2355,56.0891,95.2492,73.0,47.2181,62.3738,49.2697,0.0,True,True,False,True
30.7765,55.7661,28.3119,57.4395,78.0,78.2325,34.6952,77.4925,0.0,True,True,False,False
65.924,37.107,79.2608,85.9428,48.0,18.0602,49.4795,99.1144,0.0,False,False,True,True
12.2841,0.3364,64.1323,40.4987,12.0,38.0161,18.7661,74.5431,0.0,False,False,True,True
11.0223,20.0069,29.8484,67.4132,63.0,44.9258,79.2903,0.0131,1.0,True,False,False,False
76.1069,63.5897,15.0566,73.8288,13.0,46.7506,6.8969,15.7409,1.0,False,False,False,True
71.8296,93.9543,91.5198,54.5739,28.0,94.9589,49.6092,41.7017,1.0,False,False,True,True
70.1139,16.7805,44.7016,61.8195,15.0,92.2496,7.8128,83.7169,1.0,False,False,False,False
47.4242,19.5287,95.3238,83.097,75.0,33.4627,0.6769,49.7053,1.0,False,False,True,True
51.713,81.5652,42.1777,94.695,93.0,80.0571,91.3016,99.8767,1.0,False,False,True,True
82.3932,4.8579,65.6112,23.5666,57.0,86.0532,42.1058,46.5311,1.0,False,False,False,False
70.4343,52.7748,34.4185,26.0328,55.0,90.7972,93.0801,81.7668,1.0,False,False,False,False
66.5662,77.8854,95.7027,82.9406,45.0,45.057,0.5375,3.4818,1.0,False,False,True,False
9.9628,55.3198,99.005,75.3379,98.0,24.2985,53.3762,13.7706,0.0,True,True,False,True
43.5737,66.5139,55.6877,60.8499,48.0,82.8412,42.8877,68.2177,0.0,False,True,True,True
21.0608,92.5786,47.149,41.1079,70.0,58.8832,17.8414,59.3028,0.0,True,True,False,False
97.3372,33.9405,75.6515,33.5527,19.0,61.7587,26.7059,82.561,0.0,False,False,False,False
66.8911,22.2545,53.1776,61.6672,63.0,63.2892,68.0311,84.5546,1.0,True,False,False,True
8.0245,19.695,23.4239,36.3163,89.0,7.4301,33.9002,74.4896,1.0,True,False,False,True
43.1542,99.1229,86.3384,67.0385,39.0,41.9755,72.6605,81.2862,0.0,False,True,True,False
83.9255,4.7088,31.6532,23.21,11.0,86.064,49.4159,75.8779,0.0,False,False,False,False
41.9524,80.4778,30.4302,91.68,64.0,80.2978,23.5169,73.6641,0.0,False,True,False,False
66.9504,60.2259,43.4256,75.3356,43.0,99.8044,40.1354,70.3749,0.0,False,False,True,True
11.8083,80.3407,11.2479,62.9271,34.0,39.4963,6.525,5.5361,1.0,True,False,False,True
20.3139,80.3958,36.7281,53.4374,54.0,18.8958,98.6492,36.066,1.0,True,True,False,False
52.1019,34.2875,69.633,69.7497,99.0,99.6318,60.2461,84.7623,0.0,False,False,True,True
83.1762,98.6891,71.3306,38.1441,76.0,84.286,52.6625,21.2529,0.0,False,False,False,True
2.1214,37.477,27.1759,31.2066,19.0,48.8306,6.1004,60.0187,1.0,True,True,True,True
10.6233,99.5134,89.5957,77.5664,15.0,72.9405,46.2554,45.2859,0.0,True,True,False,False
71.3274,63.3447,54.017,59.7341,47.0,51.8631,2.3723,34.908,0.0,False,True,False,False
29.3678,72.6949,20.869,13.5876,21.0,87.8434,26.3395,34.8587,1.0,False,False,False,True
35.5759,58.3171,45.9281,99.2918,84.0,87.8107,84.3662,35.7453,0.0,False,True,False,False
68.4775,57.9581,37.3068,78.1899,68.0,33.138,94.9724,90.4185,0.0,True,True,False,False
76.5446,35.1062,72.0552,58.5907,78.0,83.9593,10.4339,60.1878,1.0,False,False,True,True
72.0718,12.9142,2.8553,15.6654,34.0,15.7992,53.575,2.4535,0.0,False,False,False,False
33.1144,65.2025,39.6421,30.6758,32.0,36.072,47.852,57.4392,0.0,True,True,False,False
34.5657,49.6985,6.0499,50.5477,39.0,87.5604,83.0324,87.068,1.0,False,False,False,True
29.2753,66.7453,54.3727,32.0319,89.0,40.3287,54.4669,24.8998,0.0,True,True,False,False
1.2286,52.0498,32.3407,87.7428,99.0,12.9862,84.4761,50.5445,1.0,True,True,True,True
26.6716,35.7045,89.4429,21.716,10.0,3.1358,73.5706,87.4303,1.0,True,True,True,True
34.7708,57.0747,33.75,72.7566,45.0,43.3096,76.4745,33.7868,1.0,True,True,True,True
33.8612,42.3787,73.7351,32.6521,87.0,7.3665,30.7849,41.7634,0.0,False,True,False,False
10.9462,78.2935,60.578,77.0223,35.0,37.2683,55.0924,95.0114,0.0,False,False,True,True
59.6429,71.5467,87.9551,65.1428,27.0,59.3105,50.3303,55.0936,0.0,False,True,True,False
30.0096,85.5587,65.7881,78.4769,89.0,35.0855,16.0368,24.0376,1.0,True,True,True,True
54.9177,52.5337,20.6791,84.7163,71.0,9.4507,82.7071,97.1036,1.0,False,False,True,True
57.7494,77.6705,34.3357,43.3539,58.0,56.3735,68.5554,0.865,1.0,True,False,False,False
6.5826,49.3747,32.8599,14.412,56.0,74.8571,60.5842,39.5008,1.0,True,False,True,False
12.5501,26.8548,30.0506,76.1583,90.0,39.6866,59.6601,9.05,1.0,True,False,False,True
84.1469,16.8851,34.5856,81.6294,27.0,65.5322,80.4424,25.6736,1.0,True,False,False,False
27.1099,82.1942,81.7123,94.7282,68.0,85.1671,60.1289,25.9852,0.0,True,True,False,False
83.6332,94.8056,80.8016,31.5159,49.0,81.1789,17.1515,34.9275,1.0,False,False,False,True
22.9534,97.4496,98.9064,70.6659,75.0,41.2243,11.64,33.5876,1.0,True,True,True,True
3.1052,33.4005,44.5516,65.548,87.0,18.7732,36.6531,7.547,1.0,True,True,True,True
50.1707,96.6665,68.3465,60.0242,7.0,68.5479,79.3281,7.8383,1.0,True,False,False,True
47.5606,21.367,61.8601,49.8541,83.0,48.9021,28.2094,68.1088,1.0,True,False,True,True
44.0328,94.2385,53.9055,73.5661,94.0,0.2999,31.0673,97.6008,0.0,False,False,False,True
53.78,89.3439,98.4074,48.0331,45.0,19.574,28.8687,76.5667,0.0,True,True,False,True
26.4142,24.4458,73.8347,88.69,72.0,39.8977,69.4495,85.1105,0.0,True,False,False,True
16.1087,21.2826,99.1136,75.7366,48.0,94.2947,7.9983,74.4859,1.0,False,False,True,True
18.0509,66.6533,57.9517,69.2263,40.0,55.3186,97.9826,38.4171,0.0,True,True,False,False
10.151,94.9518,63.6069,51.8899,33.0,1.9359,5.1841,77.2967,0.0,False,True,False,False
11.7436,20.727,39.4486,29.5816,11.0,62.5021,0.6475,43.7586,0.0,False,True,True,False
13.7681,78.5895,89.095,13.9303,24.0,38.117,41.2265,61.679,1.0,True,False,True,False
3.2023,83.2942,31.2113,33.6663,15.0,43.4757,77.8526,14.1465,1.0,True,True,False,True
29.6275,90.9941,60.4164,27.6884,43.0,58.4607,1.089,41.6911,0.0,False,False,True,False
59.6705,27.1541,37.4081,57.0253,75.0,7.2397,9.7995,3.138,1.0,True,False,False,False
73.3861,13.1953,57.8438,44.0554,70.0,63.1765,31.7404,77.0547,1.0,False,False,True,False
59.9489,41.4456,64.7245,77.0408,36.0,65.3547,23.377,98.9352,1.0,False,False,True,True
42.8038,73.1059,19.8283,69.7818,88.0,90.1738,21.1504,7.2195,1.0,False,False,True,False
82.3078,85.491,96.7102,75.4604,100.0,49.5467,79.1494,49.9981,1.0,True,False,True,True
64.0144,25.8627,18.3432,33.3801,44.0,77.203,52.5095,91.6647,1.0,True,False,True,False
88.6349,68.2185,82.5832,53.6042,42.0,6.5117,24.6419,83.9472,1.0,True,False,True,False
20.8727,58.9517,28.4989,66.8025,41.0,68.2547,15.6286,59.2911,0.0,True,True,False,False
15.3799,30.339,45.5989,54.917,36.0,64.9412,95.088,75.2596,0.0,True,True,False,False
51.7509,2.656,26.8752,32.8503,9.0,99.9827,75.8447,52.9282,0.0,False,False,True,True
70.5875,49.5597,41.7611,89.0852,74.0,1.576,9.8534,4.5998,1.0,True,False,False,False
7.522,53.3818,83.2696,56.5422,83.0,4.6316,54.3393,40.883,1.0,True,True,True,True
6.4849,43.425,80.1597,91.9279,83.0,6.7932,20.414,57.9333,1.0,True,True,True,True
25.7538,99.8132,58.2933,91.3494,68.0,25.3285,38.6866,25.4166,0.0,True,True,False,True
66.0344,29.3914,13.8996,64.8223,48.0,62.5873,66.1578,99.4135,1.0,False,False,False,True
66.3128,43.7776,72.134,53.4366,22.0,9.0955,1.2675,13.3857,1.0,False,False,True,False
2.4987,79.8853,90.3335,74.4765,96.0,44.4671,64.6771,92.6061,0.0,True,True,True,True
26.377,48.5157,57.105,64.2564,84.0,60.714,84.3814,88.6915,1.0,True,True,True,True
35.5589,39.5888,41.696,92.7806,85.0,10.3031,74.3828,62.7225,0.0,True,True,False,False
37.1152,94.9668,95.3338,14.4887,52.0,41.1536,72.8864,89.4525,1.0,True,False,True,True
14.2042,65.0756,58.221,96.9399,26.0,68.6358,2.5559,16.2389,1.0,False,False,True,True
37.6353,99.8969,80.8871,54.292,60.0,16.5727,61.169,48.3547,0.0,True,False,False,True
62.5712,62.3131,40.8018,84.32,5.0,40.1624,46.4149,6.3581,1.0,True,False,False,False
75.6124,26.5482,70.9651,57.872,39.0,20.0098,11.3107,53.5396,1.0,True,True,True,True
43.7426,87.4486,51.0871,18.4533,97.0,28.5861,30.0159,49.2483,1.0,True,False,True,False
68.7982,68.3419,19.8912,61.5499,42.0,45.0679,18.636,10.5637,0.0,False,True,False,False
3.4083,78.6406,90.1114,52.3927,60.0,80.2538,43.0772,66.6491,0.0,False,True,False,False
39.7981,64.4759,22.2665,54.049,89.0,68.3103,4.5086,23.9268,0.0,False,False,False,True
22.085,81.0054,69.346,40.2956,84.0,2.2736,94.7503,25.1809,0.0,True,True,False,False
74.2227,20.3793,98.7936,57.0623,31.0,37.5863,73.2898,45.4726,0.0,False,True,False,False
37.0575,72.2476,71.2734,62.6491,9.0,48.5428,86.6963,80.3153,1.0,True,False,True,True
30.9949,61.0028,92.2451,30.5388,26.0,79.1775,81.988,6.5217,1.0,True,False,True,False
3.0645,76.0884,4.6016,83.1151,11.0,16.4629,66.6425,75.4515,0.0,False,False,False,False
14.703,38.6891,50.7254,16.1794,83.0,54.5228,75.6999,47.8234,0.0,True,False,False,False
46.4319,11.2538,18.2023,12.7433,0.0,51.1906,37.1528,11.8234,0.0,False,False,True,True
47.64,86.4154,32.0293,39.8577,79.0,41.0337,9.7518,86.6774,0.0,False,True,False,True
42.6003,88.7722,86.3938,73.3026,31.0,51.2587,23.7691,2.2337,0.0,True,False,False,False
3.4201,33.3891,49.19,35.1944,81.0,8.8059,32.4424,18.4904,0.0,True,True,False,False
4.2678,36.6337,15.5987,43.712,40.0,43.9533,79.5754,48.1504,1.0,True,False,False,False
38.7031,20.014,48.8628,59.1856,54.0,41.2867,2.9162,69.616,0.0,False,True,False,False
69.5466,11.593,76.6538,52.1482,35.0,9.3549,20.233,14.0321,0.0,False,True,False,True
74.0643,93.789,27.5259,33.1935,90.0,81.3033,69.8106,66.7924,1.0,True,False,False,True
61.202,13.9112,73.4414,51.46,26.0,16.885,40.2978,98.1735,0.0,False,False,False,False
9.8026,36.2964,49.537,64.261,95.0,1.2837,85.4021,75.8757,1.0,True,False,True,True
79.4391,18.6122,40.181,59.685,15.0,63.3167,94.2467,26.1998,1.0,True,True,False,False
42.5236,1.6919,42.9053,53.6013,18.0,69.9592,89.6615,37.3051,0.0,False,False,False,False
49.2981,58.931,72.7568,26.7482,44.0,72.2829,25.6251,59.1994,0.0,False,True,False,True
9.3925,61.311,69.407,28.545,17.0,61.8069,96.4563,23.5114,1.0,True,False,False,False
19.3294,60.2386,15.5559,93.8705,12.0,43.1862,46.7939,94.1065,0.0,False,False,False,True
38.6499,44.7794,66.9589,69.2315,92.0,24.2289,94.973,17.7507,1.0,True,True,True,False
26.4532,53.1828,85.5458,91.2411,0.0,0.6414,52.1412,56.9786,0.0,False,False,True,True
62.9301,47.7958,84.0833,45.5463,56.0,43.5782,18.1527,99.8453,0.0,False,False,True,True
73.7565,24.131,83.7746,24.8536,51.0,5.7854,59.8695,93.8961,1.0,False,False,False,True
41.7337,95.9467,84.9517,52.7465,14.0,79.2906,16.851,34.0996,0.0,False,False,False,True
37.174,48.781,92.0842,98.1232,74.0,60.3592,70.5651,87.6407,1.0,True,True,True,True
64.3131,30.8776,82.1805,12.3667,27.0,47.464,14.386,69.8631,1.0,True,False,True,False
71.4772,66.6203,58.3003,51.7771,11.0,74.2526,66.0631,42.1076,1.0,True,False,True,True
26.4951,92.1211,34.6254,43.7232,4.0,24.2457,19.3398,76.8323,1.0,False,False,True,True
83.992,90.1034,65.5833,50.0993,54.0,22.0529,53.9399,92.5616,0.0,False,False,False,False
28.4855,76.1527,22.0436,51.8699,93.0,23.6097,75.0392,54.4788,0.0,True,True,False,False
4.7396,46.934,87.0892,33.5858,86.0,50.7355,39.0115,80.0006,0.0,True,True,False,False
92.3225,87.2231,74.8071,40.4569,86.0,66.407,75.8498,58.7144,1.0,False,False,False,False
41.6588,49.2602,78.8291,57.6814,98.0,83.3696,17.863,3.7184,1.0,True,False,False,True
17.9987,99.5259,69.0918,35.581,4.0,47.0912,52.3103,36.6586,1.0,True,False,False,False
72.158,99.7324,47.9876,45.0113,8.0,29.1105,53.5018,97.2065,0.0,False,False,False,True
41.272,7.8343,9.2509,67.2459,31.0,88.2687,99.6748,81.9822,0.0,False,False,False,False
58.8658,21.8122,50.3179,35.0011,13.0,54.2489,9.6223,78.6029,1.0,True,False,True,True
36.5638,47.9008,17.0062,40.4936,63.0,22.3517,24.7943,63.1552,0.0,False,True,False,False
22.6259,68.049,78.2407,49.367,81.0,76.1479,37.7592,55.6801,0.0,False,True,True,True
24.6648,80.8222,58.9981,96.3263,26.0,99.1606,1.4441,46.6171,0.0,False,False,True,True
62.5693,55.3825,29.7109,94.9113,66.0,53.1831,1.1969,52.6429,0.0,False,True,True,True
20.0859,84.1119,73.4489,51.8777,99.0,16.0717,84.941,56.8353,0.0,True,True,False,False
13.5877,64.9419,55.7447,93.1522,24.0,31.2284,21.1499,78.7784,1.0,True,True,True,True
25.0857,98.9917,70.2494,31.39,38.0,33.997,97.5868,53.8269,1.0,True,True,False,False
99.5889,33.2322,12.0155,61.9889,34.0,54.0818,1.9771,18.8391,0.0,False,False,True,False
75.9735,74.6189,31.0182,71.5645,7.0,76.0313,46.3143,60.0097,1.0,False,False,True,False
80.8105,36.4985,7.3206,86.3711,27.0,2.5579,98.344,36.165,0.0,False,False,False,False
56.6951,81.9067,63.1641,39.3542,24.0,71.9159,76.5454,44.9613,1.0,True,True,True,True
71.5211,49.8501,84.8655,34.6016,71.0,3.2382,39.0486,24.4481,1.0,True,False,False,True
89.3597,83.8702,57.9012,76.6963,88.0,40.4043,91.4587,37.8334,1.0,True,False,False,False
21.5707,9.53,68.4047,84.0026,57.0,82.1136,11.0868,85.8186,1.0,False,False,True,False
13.9113,64.977,50.4717,86.3466,91.0,5.5556,80.6662,38.3397,1.0,True,False,True,True
74.6424,37.3257,42.2685,66.7746,43.0,74.0049,78.7313,92.1437,1.0,True,False,False,True
32.8045,72.0442,48.2473,87.9517,59.0,61.2073,77.6436,24.6226,0.0,True,True,False,False
53.3015,76.4642,63.1449,17.0266,18.0,59.3238,48.9509,94.6918,1.0,False,False,True,True
94.6107,82.8218,29.7984,58.1697,80.0,44.7988,18.4656,14.2892,1.0,False,False,False,False
97.8869,40.4789,37.934,9.3704,25.0,51.9865,77.3242,64.7233,0.0,False,False,False,False
28.3626,11.7218,60.2687,36.6341,64.0,25.792,78.2277,75.5369,0.0,False,True,False,False
39.4344,99.6256,81.4343,27.4293,56.0,52.4125,94.12,68.5863,1.0,True,True,False,False
12.0077,61.0348,96.6321,89.0926,44.0,12.6811,50.1976,86.7586,1.0,True,True,True,True
29.8624,91.6486,25.7826,92.3475,89.0,72.4925,92.4766,37.1405,1.0,True,False,False,True
36.7653,69.516,46.6433,38.4747,34.0,61.2668,37.6578,59.7652,0.0,True,True,False,False
38.7291,29.6223,60.9564,10.7876,55.0,18.7218,67.9732,98.4157,1.0,False,False,False,True
50.4214,64.9519,55.6207,59.3728,39.0,73.1028,58.723,4.8828,1.0,True,False,True,False
16.0621,23.3789,94.6449,92.8302,23.0,93.8373,0.4907,75.6161,0.0,False,True,True,True
90.1628,36.5273,62.3892,75.8219,61.0,81.8717,19.5876,63.6918,0.0,False,False,False,False
22.5146,19.9155,94.6465,9.4489,55.0,16.0242,40.3038,38.7405,0.0,False,False,False,False
1.1769,76.6376,79.4164,2.1721,91.0,38.853,48.784,46.4748,0.0,True,False,False,False
37.5012,68.5692,84.2464,15.8142,40.0,86.4577,15.0419,95.6605,1.0,True,False,True,True
26.8712,55.0279,92.3589,74.9589,6.0,57.3996,39.5872,46.777,0.0,False,True,False,False
31.7493,98.9067,79.7509,79.821,42.0,32.6131,54.1138,38.1489,0.0,True,True,True,True
60.737,64.4381,77.6911,79.7364,75.0,20.5882,97.7831,55.2339,0.0,True,True,False,False
64.7826,72.8283,44.0772,82.6508,14.0,52.9477,61.4129,65.4661,0.0,True,False,False,True
99.8665,47.2997,2.3156,83.3356,33.0,49.3392,41.0541,49.5043,0.0,False,False,True,False
52.4555,22.6607,83.4688,33.0313,16.0,32.7735,0.357,64.8932,0.0,False,True,True,True
45.7267,69.6296,81.8555,58.5058,18.0,69.8148,47.724,21.3857,1.0,True,False,True,True
73.9377,83.0822,90.6402,71.9733,49.0,24.0902,72.6508,10.3691,1.0,True,True,False,True
37.5132,24.5213,27.5957,42.037,14.0,73.4821,12.6949,86.636,0.0,False,True,False,False
72.6564,38.0986,41.3547,90.2506,8.0,65.5798,73.3407,42.2888,1.0,True,False,False,True
86.2685,75.6575,78.5209,28.0264,52.0,20.9573,48.5934,38.1768,1.0,True,False,True,False
9.6388,28.5756,31.0569,52.158,33.0,35.6886,80.9023,82.0687,0.0,True,True,False,False
8.938,53.0193,97.7657,82.6979,74.0,64.4762,82.3463,57.1651,1.0,True,False,True,True
61.4217,10.8565,48.7004,27.3756,42.0,58.1716,25.3606,74.4588,0.0,True,True,False,False
5.0624,46.7403,76.6485,37.3756,87.0,23.7585,70.0525,44.0567,0.0,True,False,True,False
53.1434,28.7531,77.1754,27.9999,59.0,92.1019,38.1353,69.9523,1.0,True,False,True,False
38.8915,78.3183,70.3613,58.462,58.0,8.4215,68.7932,42.9045,0.0,True,True,False,True
79.7909,95.7432,86.0666,94.4813,94.0,55.2022,89.2047,65.1112,1.0,True,True,True,True
43.6576,86.7545,69.882,36.1752,12.0,35.6307,91.6058,62.9882,1.0,True,True,False,True
5.1559,67.8751,74.9836,30.0172,67.0,91.4137,44.8735,94.4498,1.0,False,False,False,True
40.5541,78.2926,21.1007,17.7918,71.0,89.0417,56.6109,31.5105,1.0,True,False,False,True
22.9754,51.3733,58.0491,82.2642,81.0,93.2744,89.7753,35.9198,1.0,False,False,True,False
44.605,53.0836,34.1557,38.3856,76.0,64.9355,49.3225,22.1389,1.0,True,False,True,True
62.9043,43.6708,25.5963,53.4922,73.0,72.0919,46.9808,83.134,0.0,True,True,False,False
62.6327,40.1811,82.3733,44.995,76.0,8.3187,53.5028,91.7715,1.0,True,True,True,True
77.1845,82.741,77.536,10.6514,96.0,36.704,1.4053,98.8113,1.0,False,False,True,False
74.3997,57.8345,63.2139,33.9544,20.0,31.5186,53.4697,8.2084,1.0,True,False,False,True
9.7733,26.6714,70.122,67.697,25.0,84.6002,50.5814,39.9581,0.0,False,False,False,False
48.371,77.8569,45.9167,98.0465,87.0,40.7092,70.5001,53.1471,0.0,True,False,True,False
63.8815,21.9959,69.2246,20.756,34.0,65.2996,56.5233,32.6262,1.0,True,False,True,False
77.7475,66.0549,34.4729,91.8024,65.0,91.4025,50.543,94.4783,1.0,False,False,True,True
4.2219,44.0275,66.244,83.1887,60.0,38.4742,4.6847,53.4449,0.0,False,True,True,False
62.7444,63.5167,77.392,79.4636,38.0,50.4151,10.8115,85.154,1.0,True,False,True,True
86.0682,83.9692,35.1404,37.4445,22.0,44.9145,28.291,32.9705,1.0,True,False,True,False
44.5584,56.8223,34.9533,19.0641,16.0,43.3532,63.8497,29.8298,1.0,True,True,False,True
61.0783,52.26,24.5438,68.1736,0.0,83.7284,69.1305,52.4741,0.0,False,False,True,True
49.1741,25.4474,93.4305,44.0325,20.0,78.9107,7.8964,54.9581,0.0,False,False,True,False
94.5653,74.0369,83.1149,23.9853,77.0,75.1159,5.5359,17.8671,1.0,False,False,False,False
26.7528,89.5698,49.6136,99.3258,43.0,58.2085,76.2638,50.3121,1.0,True,True,True,True
26.6534,27.1479,44.2154,50.7925,20.0,66.7718,49.8328,77.429,0.0,False,True,False,False
31.0124,22.2832,0.5202,21.5166,40.0,53.6624,23.7851,51.8301,0.0,False,False,True,True
70.0661,33.9315,20.1743,33.4213,81.0,29.0238,43.9174,97.8932,1.0,False,False,True,False
39.6211,27.5651,34.1101,11.5852,69.0,53.6882,91.8816,29.7438,0.0,False,False,False,False
8.8328,7.2188,71.8928,70.4276,45.0,85.0519,12.1777,57.6221,0.0,False,True,False,False
53.814,22.2986,87.3942,88.7337,23.0,22.5799,77.6611,7.8216,0.0,False,True,False,False
39.3638,9.6078,71.3044,30.8853,6.0,14.2789,43.0613,53.0702,1.0,True,False,False,False
32.4172,36.418,62.631,16.0461,56.0,7.7192,24.2718,87.8379,1.0,True,False,False,True
30.4373,30.1983,37.1084,65.0715,75.0,41.1585,77.2306,19.4294,1.0,True,True,True,True
69.1153,67.4393,19.4366,31.9618,68.0,33.5185,10.0236,16.7413,1.0,True,False,False,True
65.9218,48.8405,48.6748,35.4807,22.0,13.4039,39.5551,4.433,1.0,True,False,False,False
98.5674,69.7446,99.6716,1.8724,37.0,47.3434,0.1594,62.2323,0.0,False,False,True,False
78.2439,33.7231,55.2012,55.7593,29.0,2.9777,38.6937,60.8284,0.0,False,False,False,True
34.2335,52.3602,47.0367,83.1695,92.0,88.504,4.2035,59.2399,1.0,True,False,True,True
49.9496,49.2033,66.8329,96.3723,22.0,11.6405,17.6829,49.2686,0.0,True,True,False,False
76.2565,74.0034,61.817,75.6718,32.0,86.5997,15.9815,41.4503,0.0,False,False,False,True
73.8786,64.1401,38.5754,57.7609,62.0,91.5501,78.4329,50.8415,1.0,False,False,False,True
16.3439,50.3629,49.2996,27.6669,98.0,35.0461,95.9395,33.3524,1.0,True,True,False,False
67.2833,96.2165,43.6052,66.618,80.0,15.813,64.3596,0.3424,1.0,True,False,False,False
0.2506,76.5083,92.9881,39.1324,98.0,6.1249,46.4021,9.9904,1.0,True,True,True,True
71.4923,90.9465,65.5198,72.3883,61.0,91.5098,18.3222,88.3966,1.0,False,False,True,True
41.3978,37.7939,36.1669,29.2179,67.0,18.6505,66.3017,39.4964,1.0,True,True,True,True
8.9597,81.8156,30.5736,73.2186,68.0,40.6789,71.0864,91.557,0.0,False,True,False,False
47.4588,93.1263,83.885,0.0997,56.0,76.6987,6.8233,73.2212,0.0,False,False,False,False
74.2173,83.9091,15.3477,18.9188,31.0,26.2362,43.2335,73.8078,0.0,False,False,False,False
12.676,95.5423,57.898,45.9267,97.0,79.271,56.5856,37.663,0.0,True,True,False,True
34.7212,79.7398,16.0275,98.1764,42.0,56.2494,82.4726,21.9472,1.0,True,False,True,True
29.876,31.6105,16.6072,41.0562,51.0,44.1042,13.3582,70.5154,1.0,True,False,True,True
47.4379,81.2933,73.4918,43.0408,74.0,21.6488,90.514,38.2952,0.0,True,True,False,False
81.0577,53.5413,79.2426,58.0201,35.0,76.3332,89.6187,90.0253,1.0,False,False,True,True
88.995,91.6615,66.3506,4.9577,57.0,34.3383,53.2773,69.7784,1.0,True,False,False,False
6.3829,80.5127,29.2689,33.1926,10.0,94.2722,10.3317,85.6352,1.0,False,False,True,False
84.2466,40.9132,78.7448,43.5753,18.0,76.0078,77.0985,73.9719,1.0,True,False,False,False
73.3124,62.6479,55.4848,38.4707,53.0,59.9477,51.3314,30.094,1.0,True,False,True,True
43.0871,50.2755,90.8467,26.3671,19.0,77.9039,65.0602,24.1575,0.0,False,True,False,False
64.423,96.5666,72.645,2.74,58.0,86.5321,53.2996,31.8873,1.0,True,False,False,False
73.0097,35.842,52.7094,3.5054,0.0,12.1692,31.2984,9.7006,1.0,False,False,True,True
87.558,31.3252,70.2209,84.5767,80.0,49.3364,66.5463,67.1948,0.0,False,False,False,True
69.0157,76.3624,95.5907,89.2177,86.0,31.3884,42.2214,30.8914,0.0,True,True,True,False
79.0686,82.5823,34.5889,89.2781,31.0,12.2006,93.3113,51.4381,1.0,True,False,True,False
64.4657,13.8935,75.5073,73.5082,79.0,42.3957,0.145,17.3417,0.0,False,True,True,True
79.7812,91.8077,24.1901,82.7484,13.0,24.1106,26.0339,81.6809,1.0,True,False,True,True
87.4208,56.7681,10.8627,25.0807,88.0,17.256,63.5738,53.0371,0.0,False,False,False,False
96.5647,13.3397,0.8704,92.3916,47.0,26.8735,44.9659,63.0112,0.0,False,False,True,False
9.215,59.8782,99.3754,72.5395,93.0,74.5399,98.1006,28.8737,0.0,True,True,False,False
87.8176,97.2302,74.6437,50.1873,78.0,45.7795,2.8305,46.6727,1.0,False,False,False,True
58.7247,90.7048,18.486,15.3863,92.0,7.093,67.9949,46.3623,1.0,True,False,False,True
12.9114,74.0923,23.6231,59.6783,58.0,7.0874,2.2318,57.9947,0.0,False,True,True,False
19.9075,41.4138,83.4046,41.4115,9.0,55.7738,7.9468,58.175,0.0,False,True,False,True
33.2022,99.6329,16.6489,49.5058,44.0,18.3478,25.3021,63.9908,0.0,False,False,False,True
44.1588,61.4506,27.4077,93.8033,38.0,25.8249,33.3249,63.0646,0.0,True,True,False,False
52.8018,65.9369,23.6483,63.5783,38.0,42.4698,30.0592,14.5049,1.0,True,False,True,False
71.7022,17.9271,84.6301,99.0757,33.0,37.3686,95.3374,72.9517,1.0,True,True,True,False
78.2399,88.2051,87.3724,44.2697,6.0,48.4001,1.5565,31.7157,1.0,False,False,False,True
2.2966,57.2579,81.4501,46.1012,33.0,53.5503,25.3216,54.169,1.0,True,True,True,True
29.8222,97.0451,79.5585,52.0596,15.0,17.1578,39.3917,58.9452,0.0,True,True,True,False
23.4959,92.6116,58.7895,63.7435,26.0,33.074,9.9026,98.6608,0.0,False,False,True,False
12.4665,22.067,33.8285,69.5864,87.0,11.15,11.9409,38.3258,1.0,True,True,True,True
85.2201,91.023,35.9285,85.3827,27.0,25.6482,52.8556,10.7937,1.0,True,False,True,False
8.7259,32.6548,21.355,20.8884,58.0,5.1465,32.3762,91.6376,1.0,True,False,False,True
97.9659,7.2591,96.02,83.9188,42.0,23.8131,27.2805,99.4429,0.0,False,False,True,False
56.472,77.342,22.5234,17.2012,13.0,11.4811,60.2912,33.0164,1.0,True,False,False,True
81.5914,54.3641,47.15,91.1344,79.0,75.5938,53.4414,69.897,1.0,True,False,True,True
3.8356,62.4028,22.8721,62.7152,98.0,21.2059,33.3338,56.5333,1.0,True,False,True,True
1.6235,85.2927,72.4249,99.8937,51.0,14.4024,44.3709,18.7283,1.0,True,True,True,True
60.6576,32.891,27.0728,86.4228,69.0,66.1585,91.0334,26.2436,1.0,True,False,False,True
22.3979,61.3426,76.6266,57.433,37.0,31.6095,58.5211,22.4846,0.0,True,True,False,True
34.0834,82.4402,21.6202,81.0511,96.0,85.8397,18.9958,45.5245,0.0,True,True,False,True
51.1226,61.9277,64.8208,88.6911,24.0,88.3061,50.9294,85.5861,0.0,False,True,False,False
24.18,12.0413,70.8064,61.6446,57.0,47.0253,47.0384,5.8771,1.0,False,False,False,True
99.97,75.5519,46.2973,96.8769,18.0,60.4137,33.626,94.1866,0.0,False,False,True,False
8.4452,24.2447,7.3882,90.5921,64.0,6.1977,4.8773,63.2899,0.0,False,False,False,False
42.3307,80.198,67.7661,87.3228,63.0,83.7548,88.8175,10.3186,0.0,False,False,False,True
11.5596,16.7352,40.2711,79.091,82.0,69.7629,28.8559,98.7584,1.0,False,False,True,True
68.2334,17.3313,71.6776,89.7129,22.0,2.925,84.7942,26.3627,0.0,False,False,False,False
38.0029,60.1461,32.8242,88.3241,15.0,32.8876,54.9949,7.4995,1.0,True,True,True,True
40.83,31.1118,51.2473,99.7328,32.0,2.1012,14.5317,12.9998,0.0,True,False,False,True
17.2925,29.7064,65.1798,85.0655,72.0,53.4115,47.4573,65.0505,1.0,True,True,True,True
76.0274,83.9766,41.2682,33.6696,83.0,10.7916,90.4214,35.22,0.0,False,False,False,False
81.2947,61.1163,88.42,82.8182,80.0,28.044,11.1622,99.4862,0.0,False,False,True,False
1.3106,50.2893,56.0767,76.7871,86.0,54.0544,75.5906,35.5889,0.0,True,True,False,True
28.9537,50.954,80.742,36.1071,83.0,81.6138,69.6554,22.9012,0.0,False,True,False,False
14.3409,92.996,95.6598,18.764,31.0,36.7144,3.3477,78.2047,0.0,False,False,True,False
72.6955,87.169,21.6092,22.6279,53.0,49.9436,48.7162,15.0379,0.0,False,False,False,False
51.4426,87.6809,56.3328,86.4615,96.0,93.8496,45.2259,68.9727,0.0,False,True,False,False
43.4592,44.6332,17.1476,53.3122,10.0,50.7114,68.5606,73.6939,1.0,True,False,True,False
16.6169,38.8986,58.2703,98.2011,84.0,13.2516,35.7032,7.9538,1.0,True,False,True,True
62.1138,89.0415,49.8082,7.0757,0.0,50.0503,44.8966,84.11,1.0,False,False,True,True
45.1433,99.3971,63.3617,93.0228,38.0,6.9659,96.5784,85.4532,0.0,True,True,False,False
74.48,15.3648,73.4381,17.5712,56.0,49.4684,43.2559,16.3292,1.0,True,False,True,False
98.3401,42.9022,1.0619,37.3252,26.0,60.7665,26.2476,98.2916,0.0,False,False,True,False
33.8085,39.6967,13.1904,96.7413,91.0,88.8232,11.9065,58.846,1.0,False,False,False,True
57.1621,72.7061,98.1852,96.433,10.0,57.9062,78.6345,31.577,1.0,True,False,True,True
71.8144,19.1066,95.4899,41.8966,9.0,63.3191,60.3738,63.8722,0.0,False,False,False,False
83.0517,44.5668,82.6089,85.4735,52.0,51.635,37.5037,18.3384,1.0,True,False,True,True
7.5244,73.0154,60.432,88.8464,84.0,14.3217,91.5879,34.0137,0.0,True,True,False,True
72.9728,49.4154,17.974,87.6838,66.0,40.6989,5.5898,92.4532,1.0,False,False,True,True
6.2856,58.7381,61.2289,41.5861,94.0,12.9134,51.8348,89.0055,0.0,True,True,True,True
44.4024,33.3246,16.9427,57.9705,56.0,81.7405,10.4588,78.8029,0.0,False,True,False,False
85.0025,45.4061,18.4857,72.6621,46.0,11.6807,84.5765,19.8651,0.0,False,False,False,False
17.5834,64.3264,42.3128,79.272,92.0,52.2366,7.6216,47.2763,0.0,True,True,True,False
12.0964,60.6516,60.8029,58.4574,58.0,30.6401,83.2482,63.8293,1.0,True,False,True,True
19.6172,58.5461,24.5006,44.1735,51.0,39.4244,3.5261,80.2597,0.0,False,True,False,False
63.7491,65.0377,63.7761,72.0385,92.0,41.6869,56.0709,71.0299,0.0,True,True,False,True
15.6165,67.8877,34.4036,11.4806,74.0,15.9499,94.503,4.9163,1.0,True,False,False,False
50.6785,88.0662,99.3193,96.489,3.0,52.5967,62.9172,83.5346,1.0,False,False,False,True
14.4942,60.5777,22.6044,39.9457,29.0,22.7009,14.7884,83.9686,0.0,True,True,False,True
28.8755,54.9496,26.901,96.4158,14.0,20.5036,16.2295,66.0921,1.0,True,False,True,True
54.654,45.9235,72.0307,18.233,68.0,5.6732,81.9983,8.6961,0.0,True,False,False,True
69.9059,32.8953,18.5641,89.0215,45.0,71.978,20.1295,60.7722,1.0,True,False,True,True
37.7387,66.6432,82.4226,33.2035,8.0,35.9106,87.6613,21.6324,1.0,True,False,False,False
78.4006,58.3439,11.3438,80.3595,94.0,25.3156,25.7573,27.7322,0.0,True,False,False,False
42.4026,43.2526,24.2568,23.5033,52.0,23.3705,12.3912,93.2288,0.0,False,True,False,True
80.2766,56.3449,82.6677,74.9565,84.0,0.8712,12.1337,39.8415,0.0,False,True,False,True
5.8769,28.757,28.8075,98.4644,2.0,72.9336,99.2482,89.2504,0.0,False,False,False,False
46.5394,60.4317,28.2508,53.5471,79.0,12.7649,89.5717,76.772,1.0,True,False,True,True
23.7333,37.1392,23.4601,15.8952,26.0,36.565,76.2629,75.8408,1.0,True,False,True,False
67.5657,16.1714,86.5714,12.3405,97.0,84.7058,79.4841,86.4193,1.0,True,False,False,True
30.4198,3.7979,54.1613,11.0627,61.0,54.6372,43.7288,12.8478,1.0,False,False,False,False
39.9164,52.6588,92.4546,18.1281,86.0,10.317,48.3053,29.6122,1.0,True,False,True,True
45.4807,87.3118,33.285,60.3731,81.0,93.0925,6.2515,87.4483,1.0,False,False,True,True
71.864,39.9757,66.3977,94.8189,72.0,42.9296,32.0756,57.7139,0.0,False,True,False,False
49.5338,87.998,97.5915,60.8578,86.0,64.1643,39.1738,88.3406,0.0,True,True,False,True
47.2248,51.3153,55.5489,27.8829,49.0,50.3106,94.8317,78.9867,1.0,True,True,True,False
74.309,86.9039,8.0781,56.1412,50.0,6.2565,51.0737,50.863,1.0,False,False,False,True
48.8053,49.5074,61.5833,67.5549,5.0,9.289,3.2268,30.9798,1.0,False,False,False,True
93.5253,86.8887,35.6171,37.3115,69.0,46.6159,80.6187,84.1753,1.0,False,False,False,False
18.3937,35.4449,18.9296,94.1199,63.0,71.8391,15.7651,51.7842,1.0,True,False,False,True
71.9499,2.1279,61.5743,75.1908,44.0,87.8103,21.2805,40.1394,0.0,False,False,False,False
61.2938,20.0923,83.797,40.1568,63.0,52.9937,0.2057,36.1445,1.0,False,True,True,True
13.8527,38.5597,25.7161,59.4675,94.0,16.5487,7.7455,37.8633,0.0,False,True,True,False
77.4651,94.9787,34.7292,59.6098,74.0,58.8625,49.1313,68.0081,0.0,False,False,False,False
14.0191,56.4413,96.0116,58.4119,20.0,23.1197,36.1386,90.466,1.0,True,False,True,True
99.6258,73.3883,23.1558,56.8564,73.0,8.4428,0.9966,27.1888,0.0,False,False,True,False
38.7294,91.8285,82.2266,11.5046,71.0,52.5517,66.3247,85.7052,1.0,True,False,True,False
70.8525,87.4656,25.4603,94.957,40.0,70.609,40.057,58.3621,1.0,True,False,True,True
27.2203,97.9099,98.2216,16.6609,69.0,50.4987,55.923,60.5172,1.0,True,False,True,True
53.6155,61.1591,56.5507,37.0917,61.0,46.2218,50.375,84.6178,1.0,True,False,True,True
19.3425,3.0036,74.2004,37.7925,79.0,61.4619,74.3999,59.4494,1.0,False,False,False,False
65.3813,86.9538,86.9923,65.6116,87.0,39.5036,83.7005,93.1541,1.0,True,False,True,True
47.5221,41.4753,78.7609,3.564,4.0,44.7838,95.0085,47.4652,1.0,True,False,False,False
17.7537,49.7487,43.6406,40.5124,47.0,32.687,70.3875,5.4836,1.0,True,False,False,True
44.9485,27.1891,41.8689,60.6628,84.0,86.0244,18.3722,35.8078,1.0,False,False,True,True
40.7122,25.7641,47.4801,14.1064,94.0,36.3196,47.4128,30.174,1.0,True,False,False,True
14.3378,54.7768,80.4485,7.1925,17.0,27.0134,40.7045,55.6993,1.0,True,False,False,False
59.4695,63.6939,97.4379,21.0554,75.0,77.4902,38.0254,82.3993,1.0,True,False,True,True
94.1166,25.3387,34.5318,19.8834,13.0,69.9564,66.3298,77.7377,0.0,False,False,False,False
45.5164,81.593,25.9425,31.9124,82.0,89.7169,33.9208,34.5185,1.0,False,False,True,False
69.9168,66.5775,6.8327,43.6446,39.0,87.9004,50.4273,99.7239,0.0,False,False,True,True
61.4705,64.6607,16.43,78.684,29.0,54.9535,20.9291,86.5462,1.0,True,False,True,False
68.2255,25.4784,59.0833,28.3612,1.0,0.8985,45.5972,10.9163,1.0,False,False,False,False
56.4566,89.4225,63.3136,83.0392,9.0,85.2682,64.3004,12.4421,1.0,True,True,False,True
75.6987,57.8501,21.3508,76.6618,8.0,33.4118,3.7101,84.1358,1.0,False,False,False,True
5.8505,14.8237,94.6957,51.9782,53.0,86.8523,85.6556,68.7047,1.0,False,False,False,True
42.0647,12.6948,20.6686,82.166,49.0,74.6024,46.1735,45.8333,1.0,True,False,True,False
28.6905,90.7486,59.1906,37.2688,41.0,44.7896,69.7311,62.623,0.0,True,True,False,False
24.1487,74.7252,29.5558,93.049,86.0,84.7047,60.229,58.5975,0.0,False,True,False,False
99.6802,22.5318,95.8444,64.4323,74.0,19.0509,9.9617,95.3327,0.0,False,False,True,False
4.8672,65.4481,43.6056,82.195,87.0,28.5563,22.2467,77.8293,0.0,True,True,True,True
99.5567,11.8282,66.2933,30.8764,58.0,5.7286,17.4452,51.6076,0.0,False,False,True,False
36.7055,83.1143,62.886,10.6277,39.0,6.6596,35.0659,46.0772,1.0,True,True,False,True
61.9217,39.6397,79.6856,91.1859,34.0,46.2626,23.5439,93.7424,0.0,False,True,False,True
70.5689,18.2116,68.7517,19.451,77.0,63.8919,63.8415,67.398,0.0,True,False,False,False
60.9152,82.1014,53.5919,84.0451,13.0,61.8473,14.3291,24.1188,1.0,True,False,True,True
53.9587,85.7065,75.0317,12.8125,57.0,85.5123,59.9941,96.3702,1.0,False,False,False,True
49.0372,11.3539,77.1543,43.5964,18.0,43.3644,37.8997,27.6246,1.0,True,False,False,True
70.8007,42.456,85.2425,77.9142,11.0,22.2103,21.6273,7.5005,0.0,False,False,False,False
41.1146,17.9824,32.8086,91.7659,9.0,55.5946,43.1302,60.16,1.0,False,False,True,False
44.5893,9.6968,98.6419,49.9348,46.0,59.9735,78.962,78.4998,1.0,True,False,False,False
34.2413,16.7368,78.6434,84.6654,22.0,28.0164,57.6202,75.9547,0.0,True,True,False,False
56.3511,39.527,94.9087,40.0004,87.0,67.4178,94.5164,43.4381,1.0,True,True,False,False
24.2702,35.5654,90.3995,71.8468,13.0,17.1218,23.7902,48.4727,0.0,True,False,False,False
29.1008,33.3324,43.9678,94.9121,28.0,29.9929,34.7502,52.9873,0.0,False,True,False,False
4.6116,73.8682,29.8795,38.5776,24.0,81.8777,16.2516,24.798,0.0,False,True,False,False
60.2034,83.731,96.9394,98.1196,76.0,34.515,60.5153,45.0155,0.0,True,False,False,False
85.2203,91.7066,20.0845,93.9531,41.0,22.8819,66.8795,35.1455,1.0,True,False,False,True
64.1042,80.8818,79.6366,44.6335,78.0,50.179,26.5678,59.4307,0.0,False,True,False,True
8.8391,68.4117,90.5453,66.2382,37.0,6.4688,44.3232,68.1946,1.0,True,True,True,True
74.9718,49.8214,74.9776,67.4015,82.0,61.3039,56.2746,16.6359,1.0,True,False,True,True
83.3511,69.3281,30.6175,60.9444,38.0,43.1398,72.091,16.8792,1.0,True,False,True,False
24.7073,33.9279,88.1579,46.8956,0.0,18.5864,64.8651,38.7551,0.0,False,False,True,True
30.6748,23.7152,92.8672,62.3828,28.0,99.6602,33.8576,21.0713,0.0,False,False,True,True
6.9272,45.1392,53.904,66.5352,97.0,42.4065,20.8538,73.3152,0.0,True,True,True,False
31.0395,90.1785,71.8679,3.6513,34.0,63.0674,37.7904,93.4244,0.0,False,False,False,False
67.0331,11.9524,87.6963,35.8959,59.0,42.2763,45.0907,13.6488,1.0,True,False,False,False
14.7078,84.7222,63.6574,44.1712,88.0,74.4587,29.0046,65.4896,0.0,False,True,True,False
33.0884,70.9089,41.8072,58.1057,95.0,58.1165,19.9492,75.1534,1.0,True,False,True,True
29.3891,24.8313,44.6751,0.2096,43.0,96.455,0.3288,27.4824,0.0,False,False,True,False
30.4994,74.3351,71.9779,87.7783,44.0,86.8261,30.1413,13.2004,1.0,True,True,True,True
66.7266,61.1272,82.2174,92.2598,35.0,79.7039,36.5479,30.5247,1.0,True,False,True,True
50.8385,34.7366,66.1093,5.6369,21.0,20.7043,59.1027,49.871,1.0,True,False,False,False
36.7649,30.8458,81.5023,80.793,92.0,7.5712,19.2984,83.9684,1.0,True,True,True,True
6.9199,67.7912,45.2202,63.3216,86.0,29.6485,64.3971,30.5185,0.0,True,True,False,False
57.8527,73.0202,94.374,31.6779,63.0,65.509,54.1144,33.0372,0.0,True,True,False,True
91.5109,85.7176,0.1081,76.1077,89.0,98.4856,51.3931,37.5141,1.0,False,False,False,False
8.2626,16.3007,70.8802,56.1225,100.0,17.2802,68.3931,80.7975,0.0,False,True,False,True
76.0446,69.889,91.5357,92.5715,22.0,47.6625,64.3403,98.2187,1.0,False,False,True,True
54.2334,20.7933,99.5405,27.4732,97.0,62.3018,81.3949,86.0821,1.0,True,True,True,True
6.4149,24.4742,56.5467,13.5102,84.0,61.5331,0.4282,55.3207,1.0,False,False,False,True
70.5904,60.8331,33.1487,34.6672,39.0,0.5966,87.5436,55.7342,0.0,False,True,False,False
41.8902,81.7535,27.7086,83.0753,46.0,17.3042,90.1164,65.202,0.0,True,True,False,False
52.1296,87.8918,91.196,97.0402,96.0,60.3675,43.774,2.0609,1.0,True,False,False,False
66.7428,51.857,41.7681,28.9308,71.0,40.6508,20.7629,66.6344,0.0,False,False,False,True
52.4706,93.5339,94.6707,26.001,15.0,14.532,87.5669,46.3139,0.0,True,True,False,False
87.6731,36.6888,68.895,44.3899,87.0,63.0259,83.164,37.5672,1.0,True,False,False,True
2.8213,60.0564,89.7495,63.2481,46.0,56.84,33.9816,34.0083,1.0,True,False,True,True
97.9202,69.7657,53.8424,29.2516,85.0,50.5482,73.1106,66.2633,0.0,False,False,False,False
46.0169,86.3814,73.3337,59.7983,14.0,69.2068,99.4542,62.7118,0.0,False,True,False,False
43.0862,24.4369,30.1374,42.4123,14.0,59.4722,81.3704,77.6951,1.0,True,True,False,True
21.6385,47.3265,90.2345,75.81,62.0,93.37,32.0156,74.4787,0.0,False,False,False,False
15.3136,51.4678,81.2942,56.1542,95.0,13.5719,15.9381,7.3835,1.0,True,False,True,True
67.9095,18.451,75.8219,27.0808,20.0,55.2207,26.157,88.6055,1.0,False,False,False,True
42.5739,31.9956,45.5792,15.8217,0.0,57.2934,17.3815,10.9295,0.0,False,False,True,True
99.6252,91.3139,90.9712,23.9878,56.0,87.0734,64.2024,67.5076,0.0,False,False,True,False
48.4845,61.5967,59.4841,66.2532,18.0,42.7423,41.0539,74.062,0.0,True,True,False,False
62.8202,39.4574,50.9449,25.4377,25.0,5.2868,83.9225,20.7277,0.0,True,True,False,False
14.4163,40.5707,62.1669,31.4805,93.0,69.317,80.9058,73.5474,0.0,True,False,False,True
90.7813,79.0502,84.2072,18.073,5.0,83.2577,28.2599,19.2222,0.0,False,False,False,False
34.9404,46.6588,67.9912,33.043,73.0,2.2796,89.1663,63.9227,1.0,True,True,True,True
40.7536,85.0118,80.9008,18.0363,45.0,65.1998,2.4387,65.8921,1.0,False,False,True,True
17.0208,46.7292,68.213,9.0449,81.0,59.2225,44.505,49.9226,0.0,True,False,False,False
2.5293,34.9705,46.8863,63.968,82.0,39.4008,82.332,77.4036,1.0,True,True,True,True
19.5254,76.6962,81.4703,73.978,38.0,1.0086,11.1187,37.5102,0.0,True,True,True,False
53.4219,26.8702,52.3187,78.0636,9.0,6.5877,94.0706,0.064,1.0,True,False,False,False
65.5497,69.1426,68.5037,81.783,76.0,12.0275,1.5153,20.005,1.0,False,True,True,True
51.2479,32.0078,64.8528,75.6684,70.0,51.7392,14.0874,54.3983,0.0,False,True,False,False
22.6286,16.4749,75.2917,45.2487,32.0,43.748,63.145,16.7308,1.0,True,True,True,False
71.1093,17.8052,52.3266,67.1147,84.0,57.5137,8.0152,52.809,1.0,False,False,True,True
9.6877,35.542,61.8449,36.1712,88.0,47.4947,76.9171,18.3241,1.0,True,False,True,True
50.5058,8.9861,67.694,65.3348,86.0,37.6264,81.3653,25.7574,1.0,True,False,False,True
24.199,44.4649,79.3331,19.2559,22.0,66.086,91.9618,37.1388,0.0,True,True,False,False
25.7456,84.4986,77.8289,58.0343,43.0,56.8097,35.7619,43.4874,1.0,True,False,True,True
54.2267,39.2832,19.9019,3.1508,78.0,99.7248,74.1023,29.7543,0.0,False,False,True,False
6.5118,84.2821,63.9158,98.2729,64.0,60.0479,1.3472,98.9522,0.0,False,False,True,True
45.61,7.6973,70.2584,71.3177,16.0,18.0228,14.5362,26.6324,0.0,False,True,False,False
83.1207,99.4437,78.8383,13.0869,90.0,86.8093,31.812,47.5479,1.0,True,False,False,False
52.3667,86.2403,65.0234,89.0712,82.0,25.4637,6.8354,22.7518,1.0,True,True,True,True
18.0804,99.8174,79.5902,75.8515,7.0,65.8652,99.0263,70.7156,1.0,True,False,False,False
8.0279,74.9856,84.3927,24.9455,88.0,31.7363,94.5213,46.2852,1.0,True,True,True,False
62.5549,90.4414,60.6011,32.3749,93.0,75.2571,6.6107,96.2545,1.0,False,False,True,True
10.7807,78.6643,35.7598,90.0228,53.0,74.907,42.3177,35.2155,0.0,False,True,True,False
6.3967,16.4793,61.4854,52.5799,92.0,79.9714,7.8521,86.6442,0.0,False,True,False,False
69.0097,62.3512,80.7196,71.2194,23.0,27.7584,12.442,11.216,0.0,False,False,False,True
25.5167,96.546,99.9967,25.3941,17.0,39.7499,44.6794,88.9032,0.0,True,True,False,True
11.2898,52.5133,70.4818,33.664,41.0,75.7318,31.4177,72.2395,0.0,False,False,False,False
11.786,68.4461,83.344,95.7312,33.0,45.6652,87.0159,39.1615,0.0,True,True,True,False
