,nsga3_adaptation,custom_adaptation,anchors_adaptation,wip_adaptation,nsga3_confidence,custom_confidence,anchors_confidence,wip_confidence,nsga3_score,custom_score,anchors_score,wip_score,score_diff_custom_NSGA,score_diff_anchors_custom,score_diff_anchors_nsga,score_diff_anchors_wip,score_improvement_NSGA_custom[%],score_improvement_anchors_custom[%],score_improvement_anchors_NSGA[%],score_improvement_anchors_WIP[%],nsga3_time,custom_time,anchors_time,wip_time,speed-up_custom_NSGA,speed-up_anchors_NSGA,speed-up_anchors_custom,speed-up_WIP_anchors,iterations_anchors,iterations_wip
0,"[59.93806492 22.33858258 99.09281403 85.0655     72.         53.4115
 47.4573     65.0505      1.        ]","[65.3964     35.97263636 99.6556     85.0655     72.         53.4115
 47.4573     65.0505      1.        ]","[  0.9895 100.     100.      85.0655  72.      53.4115  47.4573  65.0505
   1.    ]",[37.516  59.604  99.263  85.0655 72.     53.4115 47.4573 65.0505  1.    ],[0.90500792 0.80294365 0.8        0.91185408],[0.94690539 0.82037319 0.8        0.91541654],[[0.95409637 0.81230394 0.86       0.94223147]],[0.95643547 0.89044927 0.97       0.93916602],153.44116830867824,144.70266363636364,15.924000000000035,93.58350000000002,-8.738504672314605,-128.7786636363636,-137.5171683086782,-77.65949999999998,-0.05695019640840663,-0.8899536497820324,-0.896220811040974,-0.8298417990350859,25.672072887420654,16.512763023376465,1.7621772289276123,1.4497535228729248,1.5546806340693993,14.568383058180595,9.370659631906289,0.8227058544816088,156,90
1,"[25.77400134 99.88681189 99.56251181 14.1064     94.         36.3196
 47.4128     30.174       1.        ]","[25.38046667 98.93050909 99.6556     14.1064     94.         36.3196
 47.4128     30.174       1.        ]",[36.4032 86.519  88.315  14.1064 94.     36.3196 47.4128 30.174   1.    ],[37.8472 87.8865 84.398  14.1064 94.     36.3196 47.4128 30.174   1.    ],[0.97929796 0.83672282 0.58       0.89715998],[0.97929796 0.78060123 0.58       0.87972126],[[0.97750805 0.40406656 0.55       0.82986832]],[0.97750805 0.39757704 0.57       0.82463099],112.21827763754686,112.6879575757576,147.46280000000002,151.4563,0.4696799382107315,34.77484242424242,35.244522362453154,-3.993499999999983,0.0041854138924476095,0.30859413172755457,0.3140711397860625,-0.026367341602825257,2.8699705600738525,0.06067061424255371,0.9795782566070557,1.164442539215088,47.30412895772013,2.929802229394626,0.06193544398657563,1.1887182380388297,78,90
2,"[ 7.9248538  85.04458375 99.45957978 33.9837      2.         40.0496
 48.8073     16.5239      0.        ]","[ 7.2291     84.97263636 99.6556     33.9837      2.         40.0496
 48.8073     16.5239      0.        ]",[ 2.051  80.0165 58.151  33.9837  2.     40.0496 48.8073 16.5239  0.    ],[ 2.051  80.033  55.302  33.9837  2.     40.0496 48.8073 16.5239  0.    ],[0.24460139 0.67273074 0.69       0.67051342],[0.24460139 0.67273074 0.69       0.50063438],[0.28154726 0.41487447 0.77       0.33779432],[0.28154726 0.41487447 0.77       0.33779432],89.4369902689827,88.61716363636361,129.89979999999997,132.7323,-0.8198266326190833,41.28263636363636,40.46280973101727,-2.8325000000000387,-0.009166527520139554,0.4658537315980652,0.45241694302687224,-0.021339945137694733,2.5833587646484375,0.2013390064239502,0.41667699813842773,0.2402935028076172,12.830890598559819,6.199907305154864,0.4832016341757883,0.5766901074001385,48,11
3,"[65.99298853 98.69594286 98.7982982  26.0421     57.         58.1118
 33.1356     76.3667      1.        ]","[12.19723333 84.97263636 99.6556     26.0421     57.         58.1118
 33.1356     76.3667      1.        ]",[29.987  98.6484 79.263  26.0421 57.     58.1118 33.1356 76.3667  1.    ],[39.056  85.4264 79.263  26.0421 57.     58.1118 33.1356 76.3667  1.    ],[0.92880416 0.80191667 0.8        0.84873264],[0.95748345 0.8588263  0.94       0.86098966],[0.95529042 0.64106251 0.87       0.83766086],[0.95529042 0.56753713 0.91       0.77979406],142.45664746871643,101.52689696969696,126.0335,148.3245,-40.92975049901946,24.50660303030304,-16.423147468716422,-22.290999999999997,-0.2873137282555218,0.24138040028562677,-0.11528523070376871,-0.15028535407164695,24.339788913726807,0.4181404113769531,0.7205588817596436,1.2881841659545898,58.20960675284866,33.779042254378616,0.5803001280836783,1.787756973876687,72,90
4,"[ 2.31761694 85.0155646  49.94710944 53.6935     54.         31.0044
 20.1123     60.7999      0.        ]","[ 7.21316667 84.97263636 99.6556     53.6935     54.         31.0044
 20.1123     60.7999      0.        ]",[ 4.368  92.554  87.6182 53.6935 54.     31.0044 20.1123 60.7999  0.    ],[20.671  40.506  78.6977 53.6935 54.     31.0044 20.1123 60.7999  0.    ],[0.70784753 0.89038853 0.51       0.75512013],[0.69437644 0.95417088 0.29       0.80704477],[0.70784753 0.91706117 0.31       0.64542186],[0.6278324  0.79574931 0.2        0.60169548],113.66144289160309,68.89143030303035,70.50229999999999,147.7738,-44.77001258857274,1.6108696969696439,-43.159142891603096,-77.2715,-0.39388918044326704,0.023382729751494014,-0.3797166549501154,-0.5229039247823363,2.4413182735443115,0.3382408618927002,0.9296698570251465,0.1638956069946289,7.2176917356566115,2.626005624573323,0.3638290080470482,0.17629441866500759,78,6
5,"[7.00095008e-02 8.47864616e+01 5.22163712e+01 5.41224000e+01
 6.90000000e+01 7.91696000e+01 1.38032000e+01 8.74703000e+01
 0.00000000e+00]","[ 8.24503333 79.98768182 52.39567576 54.1224     69.         79.1696
 13.8032     87.4703      0.        ]",[23.     66.53   80.3945 54.1224 69.     79.1696 13.8032 87.4703  0.    ],[20.671  40.506  79.263  54.1224 69.     79.1696 13.8032 87.4703  0.    ],[0.20168837 0.89675832 0.68       0.80067885],[0.18324566 0.85774281 0.62       0.85717564],[0.14400586 0.83921047 0.47       0.76300033],[0.14400586 0.82386895 0.32       0.75418277],108.94477673476638,121.7392757575758,121.95309999999995,146.7796,12.794499022809418,0.21382424242415254,13.008323265233571,-24.82650000000004,0.11744022436209599,0.0017564113232441858,0.1194029090252141,-0.16914135206799882,2.4401731491088867,0.1591930389404297,0.7746968269348145,0.11541223526000977,15.32839102356733,3.149842705260249,0.20549075897250926,0.1489772918222123,72,3
6,"[ 1.05225092 99.84181541 99.24824825 89.1943     23.         16.2121
 95.1509     96.1753      1.        ]","[ 1.1813     79.98467273 99.6556     89.1943     23.         16.2121
 95.1509     96.1753      1.        ]",[ 5.0716 89.0054 99.8665 89.1943 23.     16.2121 95.1509 96.1753  1.    ],[ 4.0076 80.     84.2345 89.1943 23.     16.2121 95.1509 96.1753  1.    ],[0.47206001 0.64723399 0.51       0.91347893],[0.47206001 0.45454174 0.54       0.88747442],[0.47206001 0.45454174 0.54       0.85901447],[0.2661296  0.24861314 0.52       0.81462746],12.767887261394094,32.346727272727264,27.005399999999952,50.5788,19.57884001133317,-5.3413272727273124,14.237512738605858,-23.57340000000005,1.5334439919855154,-0.16512728560427767,1.115103262358482,-0.46607274193931153,2.38981032371521,0.19293928146362305,1.7600314617156982,13.835094451904297,12.386333698282105,1.3578225024373123,0.10962263212928233,7.860708602571054,114,1002
7,"[ 7.1151501  91.76713139 99.82305871 23.9853     77.         75.1159
  5.5359     17.8671      1.        ]","[ 6.2291     98.93050909 99.6556     23.9853     77.         75.1159
  5.5359     17.8671      1.        ]",[23.6095 88.7964 91.0354 23.9853 77.     75.1159  5.5359 17.8671  1.    ],[24.366  84.9625 98.9249 23.9853 77.     75.1159  5.5359 17.8671  1.    ],[0.14739383 0.86778518 0.77       0.84506155],[0.1269654  0.92970915 0.72       0.84506155],[0.12207462 0.58204044 0.73       0.7841109 ],[0.12207462 0.79453467 0.74       0.79089693],91.53966000652838,83.65769090909095,119.79239999999999,116.49330000000003,-7.881969097437434,36.13470909090904,28.252739993471607,3.299099999999953,-0.08610441743912214,0.4319352912833307,0.3086393372168598,0.028320083644295013,2.458200454711914,0.36533403396606445,0.8973698616027832,1.1946296691894531,6.728637975569104,2.739339217746122,0.40711645175328826,1.3312567318181794,66,72
8,"[ 4.28758318 99.85886071 88.14246407 32.4927     59.         53.1908
  1.0534     21.3766      1.        ]","[ 6.2052     98.93050909 99.6556     32.4927     59.         53.1908
  1.0534     21.3766      1.        ]","[ 41.5571  98.5648 100.      32.4927  59.      53.1908   1.0534  21.3766
   1.    ]","[ 25.2691  96.5503 100.      32.4927  59.      53.1908   1.0534  21.3766
   1.    ]",[0.15122177 0.87965115 0.8        0.90486432],[0.12443095 0.94141821 0.83       0.90187806],[0.13051946 0.84693196 0.85       0.86964841],[0.14643111 0.87018707 0.87       0.87585238],83.79355839763912,75.1263909090909,110.49959999999999,96.22609999999997,-8.667167488548216,35.373209090909086,26.70604160236087,14.273500000000013,-0.10343477057530491,0.4708493069195028,0.3187123463074378,0.14833293669804778,2.3497707843780518,0.12961721420288086,7.109096050262451,9.814880847930908,18.12853947547521,0.3305301782061734,0.01823258727782918,1.3806088395118203,1002,1002
9,"[ 5.28545022 41.94199944 98.8024025  33.3693     56.         10.979
 14.1026     94.1385      1.        ]","[ 5.22113333 44.98467273 99.6556     33.3693     56.         10.979
 14.1026     94.1385      1.        ]",[16.013  76.289  83.789  33.3693 56.     10.979  14.1026 94.1385  1.    ],[26.671  40.506  79.263  33.3693 56.     10.979  14.1026 94.1385  1.    ],[0.85974141 0.84049094 0.8        0.83383418],[0.85851777 0.83970549 0.81       0.83100724],[0.44284899 0.57748429 0.91       0.84782904],[0.46540982 0.38311127 0.74       0.88156908],131.1717482850886,127.21156060606057,122.56569999999999,173.53269999999998,-3.9601876790280244,-4.64586060606058,-8.606048285088605,-50.966999999999985,-0.03019085840360193,-0.03652074217096935,-0.06560900801889309,-0.2937025701784159,25.27477526664734,13.305265426635742,0.688652753829956,0.36322927474975586,1.8996069943895968,36.70177041488787,19.320717665961897,0.5274490993169619,72,17
10,"[22.87941726 79.17439652 99.09119797 54.1217     71.         70.7851
 64.0756     41.4886      1.        ]","[ 6.2291     79.98768182 99.6556     54.1217     71.         70.7851
 64.0756     41.4886      1.        ]",[36.5365 75.9765 86.4548 54.1217 71.     70.7851 64.0756 41.4886  1.    ],"[ 36.      42.119  100.      54.1217  71.      70.7851  64.0756  41.4886
   1.    ]",[0.9366591  0.84905031 0.8        0.95059801],[0.94290185 0.89871243 0.76       0.96217669],[0.93346656 0.62727519 0.79       0.93066797],[0.93346656 0.81198519 0.74       0.91780448],90.4921227720194,72.46411818181821,119.98349999999999,139.75930000000005,-18.028004590201192,47.519381818181785,29.491377227980593,-19.77580000000006,-0.19922181111409995,0.6557643011531845,0.325899938299375,-0.14149899148035266,26.658061504364014,0.12324666976928711,1.0593092441558838,1.6417884826660156,216.29843268192846,25.165513896375586,0.1163462609707488,1.5498670399825345,84,108
11,"[13.94045019 41.94199959 99.09130692 53.2126      9.         58.1026
 58.8948     91.5788      1.        ]","[ 6.2291     98.93050909 99.6556     53.2126      9.         58.1026
 58.8948     91.5788      1.        ]",[ 6.179  81.033  89.4465 53.2126  9.     58.1026 58.8948 91.5788  1.    ],"[  9.7965  60.518  100.      53.2126   9.      58.1026  58.8948  91.5788
   1.    ]",[0.82047822 0.80454719 0.82       0.86870242],[0.82107723 0.83754124 0.74       0.94385078],[0.65048924 0.70112402 0.85       0.8614013 ],[0.82047822 0.82253735 0.82       0.90670212],119.69454368164008,54.43039090909093,82.48689999999999,96.0659,-65.26415277254915,28.05650909090906,-37.20764368164009,-13.579000000000008,-0.5452558718644416,0.5154566892192406,-0.31085496913379657,-0.14135088517361527,23.616541385650635,0.39700841903686523,0.7857229709625244,1.5408971309661865,59.486248283963114,30.057084059436313,0.5052778570932233,1.961120124919551,72,108
12,"[ 8.22516327 84.89640716 52.69343335 60.2289     65.         62.7183
 42.6459     39.865       0.        ]","[ 6.2052     84.97263636 99.6556     60.2289     65.         62.7183
 42.6459     39.865       0.        ]",[30.3081 67.5425 79.263  60.2289 65.     62.7183 42.6459 39.865   0.    ],[29.5746 67.583  79.263  60.2289 65.     62.7183 42.6459 39.865   0.    ],[0.87727642 0.85270052 0.51       0.73942462],[0.86524454 0.95530606 0.3        0.74587011],[0.78152345 0.83771161 0.4        0.54856801],[0.78152345 0.83771161 0.4        0.54856801],110.4064227667767,61.348063636363634,123.27370000000002,122.49970000000002,-49.058359130413066,61.925636363636386,12.86727723322332,0.7740000000000009,-0.4443433443545607,1.00941468553427,0.11654464396880466,0.006318382820529363,2.5295934677124023,0.15548014640808105,0.6551368236541748,0.7239558696746826,16.269559337004374,3.8611681962906905,0.23732469431477707,1.1050453028066014,54,42
13,"[ 8.25795398 84.9093457  50.16099089 45.9972     59.         26.5403
 26.498      54.0864      0.        ]","[10.24503333 79.98768182 52.40120606 45.9972     59.         26.5403
 26.498      54.0864      0.        ]",[15.0428 76.3575 78.1315 45.9972 59.     26.5403 26.498  54.0864  0.    ],[15.4863 75.8675 81.317  45.9972 59.     26.5403 26.498  54.0864  0.    ],[0.64626212 0.84937019 0.56       0.68792712],[0.64626212 0.84937019 0.55       0.63765025],[0.64626212 0.86472136 0.47       0.48559212],[0.64626212 0.86158647 0.45       0.48559212],127.1904173858058,131.85894545454545,114.55659999999995,112.3046,4.668528068739647,-17.302345454545502,-12.633817385805855,2.2519999999999527,0.036705029865407496,-0.13121859419473353,-0.09932994674814051,0.02005260692794376,2.6763360500335693,0.14472484588623047,0.6150116920471191,0.7457594871520996,18.492581793021646,4.351683203168309,0.23532047887496482,1.2125939990990662,66,72
14,"[25.16191511 80.52412579 99.31319994  1.8724     37.         47.3434
  0.1594     62.2323      0.        ]","[25.38046667 80.98467273 99.6556      1.8724     37.         47.3434
  0.1594     62.2323      0.        ]","[ 38.691   80.0165 100.       1.8724  37.      47.3434   0.1594  62.2323
   0.    ]",[38.691  81.033  99.6716  1.8724 37.     47.3434  0.1594 62.2323  0.    ],[0.12779374 0.35664827 0.8        0.53191258],[0.12779374 0.35664827 0.8        0.40191939],[0.10991905 0.30732815 0.78       0.40439829],[0.10991905 0.30732815 0.79       0.25819251],143.45218937939688,142.8677939393939,156.8021,156.114,-0.5843954400029929,13.934306060606104,13.349910620603112,0.6880999999999915,-0.004073799378951312,0.09753287060985341,0.09306174188318435,0.004407676441574692,2.557654619216919,0.07175326347351074,0.5668776035308838,0.11954641342163086,35.64513299330465,4.511828661577343,0.12657628917880082,0.21088575854296898,48,3
15,"[13.42405071 80.00822172 50.03334256 60.9311     30.         14.8273
 40.002      25.4824      0.        ]","[15.3008     80.98467273 99.6556     60.9311     30.         14.8273
 40.002      25.4824      0.        ]",[19.5065 89.5101 58.151  60.9311 30.     14.8273 40.002  25.4824  0.    ],[14.941  87.3436 58.1415 60.9311 30.     14.8273 40.002  25.4824  0.    ],[0.9021638  0.80767106 0.4        0.67602522],[0.9021638  0.94181898 0.28       0.72150979],[0.9021638  0.80767106 0.22       0.62094486],[0.9021638  0.80767106 0.3        0.62094486],122.45138643263857,73.72942727272726,110.91429999999997,108.52479999999997,-48.72195915991131,37.184872727272705,-11.537086432638603,2.389499999999998,-0.39788817896899537,0.5043423515243757,-0.09421768726959445,0.02201800878693164,2.5037944316864014,0.14039063453674316,0.44933009147644043,0.779973030090332,17.834483332512512,5.572283003480265,0.31244431922072646,1.7358575463473673,42,60
16,"[ 5.27684552 80.3400944  99.00328571 84.979      94.         46.49
 81.622      68.9104      0.        ]","[ 5.22113333 79.98467273 99.6556     84.979      94.         46.49
 81.622      68.9104      0.        ]",[ 5.2221 70.6609 84.9205 84.979  94.     46.49   81.622  68.9104  0.    ],[ 1.7876 67.4079 79.263  84.979  94.     46.49   81.622  68.9104  0.    ],[0.90569835 0.964402   0.48       0.88275363],[0.90569835 0.964402   0.48       0.81659862],[0.91125242 0.91661967 0.46       0.68961529],[0.91125242 0.91661967 0.29       0.6408344 ],40.954465412355205,40.6018606060606,64.6617,70.1377,-0.35260480629460744,24.0598393939394,23.70723458764479,-5.475999999999999,-0.008609679133749187,0.5925797250372317,0.5788681246097467,-0.07807498677601346,2.5468266010284424,0.18329262733459473,0.8837552070617676,0.11313796043395996,13.894866575180316,2.881823587207944,0.207402033809781,0.12801956868815653,66,3
17,"[13.44340589 79.86809275 49.91218148 85.0415     68.         39.3406
 15.6165     21.7529      0.        ]","[ 3.2052     84.97263636 99.6556     85.0415     68.         39.3406
 15.6165     21.7529      0.        ]",[14.8485 80.0165 75.3748 85.0415 68.     39.3406 15.6165 21.7529  0.    ],[20.671  80.033  82.9788 85.0415 68.     39.3406 15.6165 21.7529  0.    ],[0.71351239 0.87382939 0.48       0.72671028],[0.67933659 0.95974502 0.3        0.77503919],[0.71351239 0.88108571 0.43       0.67225354],[0.71351239 0.87827666 0.27       0.67225354],98.62163166094132,33.53546363636366,74.41570000000002,72.61769999999996,-65.08616802457766,40.88023636363636,-24.205931660941303,1.7980000000000587,-0.659958337014158,1.2190150941974307,-0.24544241717842072,0.02475980373930956,3.3329362869262695,0.18617510795593262,0.9112114906311035,0.24671220779418945,17.902158476068514,3.657697824484065,0.20431602308591176,0.27075186203294804,66,8
18,"[35.15484309 76.17679939 99.11338797 74.4765     96.         44.4671
 64.6771     92.6061      0.        ]","[ 0.1813     84.97263636 99.6556     74.4765     96.         44.4671
 64.6771     92.6061      0.        ]",[ 0.3442 76.7635 91.465  74.4765 96.     44.4671 64.6771 92.6061  0.    ],[ 4.4987 74.527  90.3335 74.4765 96.     44.4671 64.6771 92.6061  0.    ],[0.61244188 0.94162701 0.6        0.89861265],[0.61097662 0.9511914  0.56       0.91609498],[0.66317867 0.89866299 0.56       0.76529591],[0.49878118 0.8941993  0.55       0.68349355],85.38815573326002,41.07656363636363,57.63919999999996,65.1617,-44.31159209689639,16.56263636363633,-27.74895573326006,-7.522500000000036,-0.5189430749074762,0.40321377684510135,-0.3249742952634285,-0.11544358112204005,2.633118152618408,0.06068778038024902,0.5011591911315918,0.14958524703979492,43.38794624091018,5.254055396396028,0.1210948166853313,0.29847850680347515,42,7
19,"[ 7.33649775 39.57631985 99.09119797 69.5893     30.         63.9781
  8.332      63.46        1.        ]","[27.3964     72.99971818 99.6556     69.5893     30.         63.9781
  8.332      63.46        1.        ]",[ 4.219  80.0165 90.578  69.5893 30.     63.9781  8.332  63.46    1.    ],[22.5575 93.765  74.942  69.5893 30.     63.9781  8.332  63.46    1.    ],[0.80764012 0.80481146 0.83       0.84271877],[0.81989901 0.80357227 0.94       0.9201835 ],[0.82541637 0.70745397 0.91       0.93499132],[0.80764012 0.5132116  0.93       0.9299672 ],99.07967993903145,85.15178181818186,64.03520000000003,84.26120000000003,-13.92789812084959,-21.116581818181828,-35.04447993903142,-20.226,-0.14057269996653304,-0.24798755078631782,-0.35369997118073043,-0.24003930634740536,26.974010705947876,1.126222848892212,1.0861599445343018,12.148580312728882,23.950864371540995,24.834289684207754,1.0368849031484837,11.184890746397084,96,1002
20,"[34.03154119 20.68759913 98.99832085 80.4726     23.         47.7724
 63.5341     69.2137      1.        ]","[38.46013333 37.98467273 99.6556     80.4726     23.         47.7724
 63.5341     69.2137      1.        ]",[ 0.     71.8845 84.9205 80.4726 23.     47.7724 63.5341 69.2137  1.    ],"[ 19.823   83.0845 100.      80.4726  23.      47.7724  63.5341  69.2137
   1.    ]",[0.93775664 0.80919891 0.8        0.81544599],[0.95452209 0.83584749 0.81       0.8594505 ],[0.96140627 0.7428811  0.84       0.87798493],[0.95675111 0.86509807 0.91       0.89662978],133.87302120656045,120.34726060606062,62.72239999999999,56.26589999999999,-13.525760600499837,-57.62486060606062,-71.15062120656046,6.4565000000000055,-0.10103425229815464,-0.4788215395669643,-0.5314784156307195,0.11474978628263312,27.19622230529785,3.4027233123779297,0.9683001041412354,1.6092355251312256,7.9924871371020405,28.0865634414215,3.514120568432379,1.6619181576546687,84,108
21,"[69.00273711 99.60943508 98.98231494 39.9305     24.         28.0601
 93.5575     44.6392      0.        ]","[ 2.19723333 98.93050909 99.6556     39.9305     24.         28.0601
 93.5575     44.6392      0.        ]","[ 36.1256  92.8445 100.      39.9305  24.      28.0601  93.5575  44.6392
   0.    ]",[33.9711 59.217  52.7073 39.9305 24.     28.0601 93.5575 44.6392  0.    ],[0.81413666 0.93017756 0.29       0.52976723],[0.89150116 0.96119247 0.27       0.32631279],[0.90261728 0.96153424 0.21       0.31877717],[0.84340344 0.83754997 0.1        0.25442187],130.4804870927245,63.680624242424244,103.35059999999999,182.11630000000002,-66.79986285030026,39.66997575757574,-27.129887092724516,-78.76570000000004,-0.5119528930239943,0.6229520553466477,-0.20792294462730634,-0.43250219777142423,2.900874614715576,0.1030128002166748,0.9381194114685059,0.20003795623779297,28.1603316152356,3.0922232066114357,0.10980776962649291,0.2132329357993554,90,8
22,"[14.64778818 76.06665674 99.19393666 93.8033     38.         25.8249
 33.3249     63.0646      0.        ]","[12.26096667 80.98467273 99.6556     93.8033     38.         25.8249
 33.3249     63.0646      0.        ]",[17.146  76.2101 65.1755 93.8033 38.     25.8249 33.3249 63.0646  0.    ],[12.906  77.3656 71.002  93.8033 38.     25.8249 33.3249 63.0646  0.    ],[0.84957326 0.95861142 0.55       0.82144588],[0.84957326 0.96081354 0.5        0.79642582],[0.84957326 0.89437563 0.36       0.60741618],[0.84957326 0.89740323 0.45       0.62726925],45.58389477736648,37.81739393939398,81.95710000000003,70.73510000000005,-7.766500837972501,44.139706060606045,36.373205222633544,11.22199999999998,-0.17037817579880776,1.167180005352674,0.797939829413035,0.1586482524234782,2.879490613937378,0.12868881225585938,0.9031021595001221,1.0968656539916992,22.375609530161555,3.188443946951927,0.14249640630589366,1.2145532401326862,78,84
23,"[63.90561209 84.80072278 98.98805863 24.8536     51.          5.7854
 59.8695     93.8961      1.        ]","[ 5.19723333 84.97263636 99.6556     24.8536     51.          5.7854
 59.8695     93.8961      1.        ]",[34.645  76.289  91.6951 24.8536 51.      5.7854 59.8695 93.8961  1.    ],"[ 37.2175  90.824  100.      24.8536  51.       5.7854  59.8695  93.8961
   1.    ]",[0.80717289 0.80198595 0.76       0.77453459],[0.89194774 0.8879962  0.7        0.78965214],[0.76903268 0.64203134 0.75       0.5549664 ],[0.76903268 0.86296633 0.79       0.73076573],155.26323067828162,95.71539696969694,141.80729999999994,121.53989999999999,-59.547833708584676,46.091903030303,-13.455930678281675,20.267399999999952,-0.38352824070737496,0.4815516049616917,-0.0866652756064537,0.16675511498692985,2.755997896194458,0.18621516227722168,0.9397382736206055,1.5730741024017334,14.80007246720091,2.9327292221228816,0.19815640961368478,1.6739491692096609,72,102
24,"[ 7.82874349 99.63255979 99.00158143 29.2516     85.         50.5482
 73.1106     66.2633      0.        ]","[27.38046667 98.93050909 99.6556     29.2516     85.         50.5482
 73.1106     66.2633      0.        ]",[ 2.0645 94.5895 80.4704 29.2516 85.     50.5482 73.1106 66.2633  0.    ],[38.691  51.217  49.8424 29.2516 85.     50.5482 73.1106 66.2633  0.    ],[0.89260557 0.95955803 0.34       0.77900774],[0.90011935 0.95225547 0.36       0.57292292],[0.89760002 0.90385892 0.28       0.51093187],[0.86434328 0.85616395 0.12       0.45516124],79.94300227020051,99.5427575757576,97.75300000000004,208.38,19.599755305557096,-1.7897575757575623,17.809997729799534,-110.62699999999995,0.2451716191407423,-0.01797978697139726,0.22278369868576195,-0.5308906804875706,2.771512746810913,0.12874460220336914,0.9808526039123535,0.3056623935699463,21.527215117205007,2.8256159342964526,0.13125784821271008,0.3116292828817932,66,13
25,"[ 7.75714946 84.81096012 52.8518942  41.4115      9.         55.7738
  7.9468     58.175       0.        ]","[ 7.2291     96.93050909 99.6556     41.4115      9.         55.7738
  7.9468     58.175       0.        ]",[ 9.135  75.9505 80.0101 41.4115  9.     55.7738  7.9468 58.175   0.    ],[19.9075 81.033  78.4046 41.4115  9.     55.7738  7.9468 58.175   0.    ],[0.07660097 0.88294507 0.72       0.69441198],[0.06811735 0.89951785 0.51       0.67794078],[0.07660097 0.85239404 0.55       0.47551397],[0.07660097 0.74778523 0.5        0.40058995],128.68279513517723,69.23149090909095,111.7629,119.0584,-59.45130422608628,42.53140909090905,-16.919895135177228,-7.295500000000004,-0.4619988566741541,0.6143361717683903,-0.13148529387633684,-0.06127665078650481,2.6368560791015625,0.8628101348876953,0.5516233444213867,0.3004183769226074,3.056125528062764,4.78017492509755,1.5641291174736653,0.5446078016109429,60,11
26,"[69.45088023 99.83470281 99.44432415 26.001      15.         14.532
 87.5669     46.3139      0.        ]","[ 6.2291     79.98768182 99.6556     26.001      15.         14.532
 87.5669     46.3139      0.        ]","[ 36.5365  99.8594 100.      26.001   15.      14.532   87.5669  46.3139
   0.    ]",[38.691  91.5339 92.6707 26.001  15.     14.532  87.5669 46.3139  0.    ],[0.81413666 0.93347212 0.26       0.44832251],[0.89150116 0.94686279 0.23       0.24068088],[0.90261728 0.91886402 0.22       0.28704252],[0.90261728 0.86983952 0.17       0.17398741],144.17085327697598,100.5848181818182,110.67610000000002,128.48540000000003,-43.58603509515777,10.091281818181812,-33.494753276975956,-17.809300000000007,-0.302322099817373,0.1003260929491437,-0.23232680195508737,-0.13860952294968926,2.3956120014190674,0.2626206874847412,0.541285514831543,0.24309873580932617,9.121947034573418,4.425782578284257,0.48517959614432526,0.449113691662306,54,11
27,"[ 8.6460844  84.89057421 52.51011448 86.4615     96.         93.8496
 45.2259     68.9727      0.        ]",[26.671  76.816  99.6556 86.4615 96.     93.8496 45.2259 68.9727  0.    ],[24.1645 77.908  53.0043 86.4615 96.     93.8496 45.2259 68.9727  0.    ],[24.671  76.816  55.3328 86.4615 96.     93.8496 45.2259 68.9727  0.    ],[0.45614682 0.79329126 0.57       0.76732684],[0.39755279 0.95501658 0.54       0.71296492],[0.40284998 0.80262446 0.56       0.66570885],[0.40284998 0.80262446 0.56       0.64885227],84.78389571514157,63.73789999999997,106.79070000000002,106.0607,-21.0459957151416,43.05280000000005,22.006804284858447,0.7300000000000182,-0.2482310530510689,0.6754662453579435,0.2595634949212206,0.006882851046617816,2.907813549041748,0.34924745559692383,0.8545784950256348,0.3326718807220459,8.325940539987029,3.402628975533163,0.408678029730256,0.3892818303508407,66,14
28,"[  5.56084089  98.52022859  80.37938874  98.5921     100.
  91.3001      58.9502      30.9401       1.        ]","[  6.2291      98.93050909  99.6556      98.5921     100.
  91.3001      58.9502      30.9401       1.        ]","[ 26.96    88.9219  48.379   98.5921 100.      91.3001  58.9502  30.9401
   1.    ]","[ 18.      85.7389  80.027   98.5921 100.      91.3001  58.9502  30.9401
   1.    ]",[0.5431469 0.791869  0.65      0.95911  ],[0.46106953 0.93467881 0.62       0.96116262],[0.38058273 0.38015603 0.73       0.94004091],[0.36865616 0.58240287 0.74       0.94285103],28.069123555101157,9.050890909090924,91.06700000000001,53.641999999999996,-19.018232646010233,82.01610909090908,62.99787644489885,37.42500000000001,-0.6775499280793876,9.061661433630826,2.2443834529151125,0.6976809216658592,2.732835531234741,0.1428835391998291,0.7905561923980713,0.7021427154541016,19.126314665349568,3.456851717200474,0.18073799253460593,0.8881629442737315,66,60
29,"[ 5.20346814 98.63972733 99.05988709 70.3163     99.         89.1768
 69.7587     60.0352      0.        ]","[ 0.1813     98.93050909 50.39567576 70.3163     99.         89.1768
 69.7587     60.0352      0.        ]","[  2.1665  71.4575 100.      70.3163  99.      89.1768  69.7587  60.0352
   0.    ]",[24.4025 51.217  90.3388 70.3163 99.     89.1768 69.7587 60.0352  0.    ],[0.55251686 0.9570013  0.34       0.83069013],[0.63178932 0.82492179 0.33       0.65133365],[0.37430956 0.95152309 0.31       0.64671274],[0.3488325  0.87870165 0.14       0.58437864],37.18755371645835,80.53881515151517,60.39269999999999,112.53039999999999,43.35126143505681,-20.146115151515176,23.205146283541637,-52.137699999999995,1.165746522763893,-0.2501416877516129,0.624003032317546,-0.4633210225858968,3.036597728729248,0.12567663192749023,0.8045251369476318,0.41666388511657715,24.161991630084646,3.7743975784897152,0.15621218797998948,0.5179003936376678,72,20
30,"[39.3124026  39.97508578 98.80251325 60.2138     82.         45.3075
 21.6801     36.8884      1.        ]",[ 5.8225 75.6108 86.6556 60.2138 82.     45.3075 21.6801 36.8884  1.    ],[ 5.977  87.7263 87.1835 60.2138 82.     45.3075 21.6801 36.8884  1.    ],[ 5.661  83.5883 88.749  60.2138 82.     45.3075 21.6801 36.8884  1.    ],[0.95415844 0.80264031 0.82       0.83409807],[0.95900786 0.80227754 0.97       0.92476622],[[0.95900786 0.81251405 0.98       0.95117929]],[0.95900786 0.81251405 0.97       0.90566559],140.321003571618,83.34230000000002,70.85340000000002,73.10989999999998,-56.978703571617984,-12.488900000000001,-69.46760357161799,-2.25649999999996,-0.40605969257151725,-0.14985067606725513,-0.49506204918326874,-0.03086449304403317,25.113764762878418,2.1203389167785645,1.4912676811218262,0.5843451023101807,11.844221961003203,16.84054786461023,1.4218365647027977,0.391844542537527,78,30
31,"[35.50712143 80.95382718 99.17511045 76.736      55.          7.8742
 72.1068     69.8321      0.        ]","[ 5.22113333 80.98467273 99.6556     76.736      55.          7.8742
 72.1068     69.8321      0.        ]",[38.224  92.8445 83.936  76.736  55.      7.8742 72.1068 69.8321  0.    ],[11.0515 59.1655 58.1605 76.736  55.      7.8742 72.1068 69.8321  0.    ],[0.82135328 0.97268179 0.41       0.83259468],[0.80298569 0.97185567 0.38       0.71015942],[0.82135328 0.91291371 0.32       0.63657402],[0.76260185 0.86284791 0.16       0.6384031 ],78.64218379948977,47.84486060606059,84.70749999999998,116.98950000000002,-30.79732319342918,36.86263939393939,6.06531620051021,-32.28200000000004,-0.39161327554117326,0.7704618411882244,0.07712548033984735,-0.2759392936972979,2.3916378021240234,0.06453299522399902,1.143235206604004,0.7453877925872803,37.0606973041072,2.091991034135851,0.056447697596451026,0.6519986335982996,96,60
32,"[19.43679793 80.25375423 99.33692042 74.9565     84.          0.8712
 12.1337     39.8415      0.        ]","[15.3008     79.98768182 99.6556     74.9565     84.          0.8712
 12.1337     39.8415      0.        ]",[19.5065 77.748  84.9307 74.9565 84.      0.8712 12.1337 39.8415  0.    ],[26.671  59.184  79.6677 74.9565 84.      0.8712 12.1337 39.8415  0.    ],[0.80981278 0.96330525 0.71       0.74079705],[0.80981278 0.96330525 0.7        0.62827351],[[0.80981278 0.8861211  0.75       0.44266502]],[0.81041327 0.84491968 0.58       0.42203903],64.88962328409366,60.7010181818182,81.87130000000002,112.8628,-4.18860510227546,21.17028181818182,16.98167671590636,-30.991499999999974,-0.06454969054046288,0.3487632078060095,0.26170096012976957,-0.2745944633661399,2.561627149581909,0.07403922080993652,1.0394861698150635,0.42459654808044434,34.59824565358099,2.464320569111229,0.07122674929201699,0.40846772223625155,84,22
33,"[ 7.77273606 95.84702302 99.45869955 92.8302     23.         93.8373
  0.4907     75.6161      0.        ]","[ 7.22113333 79.98467273 99.6556     92.8302     23.         93.8373
  0.4907     75.6161      0.        ]","[ 23.0491  96.2805 100.      92.8302  23.      93.8373   0.4907  75.6161
   0.    ]",[26.0621 80.033  87.6449 92.8302 23.     93.8373  0.4907 75.6161  0.    ],[0.01494604 0.94747872 0.81       0.80725449],[0.01275913 0.94747872 0.82       0.65179019],[0.01205688 0.94041583 0.83       0.65530209],[0.01114572 0.8717907  0.84       0.5897837 ],19.636813483296464,34.75066060606059,33.9384,65.55399999999997,15.113847122764128,-0.8122606060605904,14.301586516703537,-31.615599999999972,0.7696690267807617,-0.0233739615850333,0.7283048509305649,-0.4822833084174876,2.721705436706543,0.3425934314727783,1.1389150619506836,0.462510347366333,7.944418038040532,2.389735220504438,0.3008068317983251,0.406097313854262,96,25
34,"[37.48617428 22.71440426 98.80240407 49.8541     83.         48.9021
 28.2094     68.1088      1.        ]","[38.46013333 35.98467273 99.6556     49.8541     83.         48.9021
 28.2094     68.1088      1.        ]","[  0.      86.048  100.      49.8541  83.      48.9021  28.2094  68.1088
   1.    ]","[ 27.115   82.618  100.      49.8541  83.      48.9021  28.2094  68.1088
   1.    ]",[0.92824021 0.80927328 0.8        0.90373836],[0.94057847 0.80927328 0.8        0.91606366],[[0.93744365 0.89842557 0.86       0.9494749 ]],[0.94761564 0.84864648 0.98       0.9352205 ],166.11526594738353,152.9657606060606,64.09789999999998,94.64289999999994,-13.149505341322936,-88.86786060606062,-102.01736594738355,-30.54499999999996,-0.07915892176633542,-0.5809657027426282,-0.6141360058966358,-0.3227394764953312,25.357728719711304,5.2970569133758545,1.6003057956695557,1.772895336151123,4.7871354101707455,15.845552011577778,3.310027950726509,1.107847850672413,144,156
35,"[69.07617387 75.1238616  99.04236918 53.4551     55.         26.3403
 68.6528     48.7872      0.        ]","[ 5.22113333 79.98768182 99.6556     53.4551     55.         26.3403
 68.6528     48.7872      0.        ]",[ 4.219  99.17   79.1267 53.4551 55.     26.3403 68.6528 48.7872  0.    ],[38.691  59.217  39.1847 53.4551 55.     26.3403 68.6528 48.7872  0.    ],[0.80700584 0.89822244 0.4        0.81188869],[0.88692626 0.9448276  0.3        0.75789066],[0.90769367 0.88050927 0.25       0.66242457],[0.78833593 0.81405755 0.05       0.51206406],141.45484309117137,72.12275151515149,72.46719999999993,186.8342,-69.33209157601988,0.34444848484844215,-68.98764309117144,-114.36700000000008,-0.4901358628727439,0.004775864447934723,-0.4877008208669609,-0.6121309695976437,2.4852309226989746,0.15076088905334473,0.871234655380249,0.22336888313293457,16.484586541670026,2.8525391033880525,0.1730428055430662,0.256381999675444,78,9
36,"[ 2.35416571 99.85450234 99.9040901  57.0253     75.          7.2397
  9.7995      3.138       1.        ]","[ 2.19723333 98.93050909 99.6556     57.0253     75.          7.2397
  9.7995      3.138       1.        ]",[ 2.0645 96.2805 96.869  57.0253 75.      7.2397  9.7995  3.138   1.    ],[20.7345 96.033  82.081  57.0253 75.      7.2397  9.7995  3.138   1.    ],[0.928694   0.96626374 0.53       0.35273766],[0.928694   0.95212001 0.54       0.32871804],[[0.928694   0.77692067 0.54       0.29816681]],[0.93869209 0.43527428 0.44       0.26266339],45.570273274407896,46.58582424242422,51.88969999999995,85.59519999999998,1.0155509680163277,5.3038757575757245,6.319426725592052,-33.70550000000003,0.022285382444407188,0.11385171012485068,0.13867432147133996,-0.39377792212647483,2.9006035327911377,0.06704497337341309,0.5588207244873047,0.8522129058837891,43.26354962714299,5.190579743534608,0.11997581770955994,1.5250202230163525,72,72
37,"[ 2.61278167 75.08458169 82.71154712 34.0403     66.         12.7352
  5.3455      7.6016      1.        ]","[ 2.19723333 67.5921     79.263      34.0403     66.         12.7352
  5.3455      7.6016      1.        ]",[28.8225 78.1346 81.526  34.0403 66.     12.7352  5.3455  7.6016  1.    ],[ 0.     51.1801 88.749  34.0403 66.     12.7352  5.3455  7.6016  1.    ],[0.69853119 0.84662937 0.59       0.84969017],[0.69853119 0.7762599  0.57       0.84969017],[[0.68399245 0.48015169 0.54       0.86011296]],[0.69853119 0.75813393 0.54       0.75213238],110.7763528653245,121.30183333333332,135.12159999999994,126.03059999999999,10.525480468008823,13.819766666666624,24.345247134675446,9.090999999999951,0.09501558948059154,0.11392875348132929,0.21976935063273834,0.07213327556958352,3.175069808959961,0.07790136337280273,11.908228158950806,1.5374629497528076,40.75756407195892,0.2666282310499252,0.006541809774970449,0.12910929562574558,1002,108
38,"[ 5.28545022 50.70685005 98.8024025  95.9187     88.         49.7131
 67.2932     94.5175      1.        ]","[ 5.18926667 66.01476364 99.6556     95.9187     88.         49.7131
 67.2932     94.5175      1.        ]",[ 4.219  53.2948 96.2355 95.9187 88.     49.7131 67.2932 94.5175  1.    ],"[ 23.1305  93.895  100.      95.9187  88.      49.7131  67.2932  94.5175
   1.    ]",[0.86567364 0.8202068  0.8        0.97085839],[0.86567364 0.87378582 0.8        0.96168827],[[0.88985964 0.60128748 0.83       0.95609715]],[0.72517193 0.81395005 0.82       0.97086736],59.85749767188997,43.60020303030302,58.76999999999998,33.3168,-16.257294641586952,15.16979696969696,-1.0874976718899916,25.45319999999998,-0.27159997116320544,0.34792950296937025,-0.018168111167144525,0.7639749315660562,25.541919708251953,1.2633345127105713,1.9181451797485352,11.0277419090271,20.217859522772002,13.315947081544914,0.6586229895675528,5.749169575617219,150,1002
39,"[ 7.71012056 99.83901545 99.3975786  26.3671     19.         77.9039
 65.0602     24.1575      0.        ]","[ 3.2052     98.93050909 99.6556     26.3671     19.         77.9039
 65.0602     24.1575      0.        ]","[ 30.073   86.519  100.      26.3671  19.      77.9039  65.0602  24.1575
   0.    ]",[38.691  59.217  90.8467 26.3671 19.     77.9039 65.0602 24.1575  0.    ],[0.7401619  0.88318431 0.17       0.71481294],[0.7055647  0.84588887 0.18       0.50865879],[0.62313615 0.82187139 0.18       0.48819443],[0.47517169 0.6116709  0.16       0.27556316],82.10642650139147,78.25199090909092,117.18690000000004,162.2602,-3.854435592300547,38.934909090909116,35.08047349860857,-45.07329999999996,-0.0469443837290279,0.4975580638726708,0.42725612346573205,-0.27778407767277474,2.3794033527374268,0.06644654273986816,0.7902648448944092,0.17673349380493164,35.80928750578585,3.0108935860045114,0.08408135977343947,0.22363830929179926,78,7
40,"[ 5.60806068 99.87467563 99.4030377   9.3374     16.         55.3745
 12.9136     50.2306      1.        ]","[ 6.19723333 98.93050909 99.6556      9.3374     16.         55.3745
 12.9136     50.2306      1.        ]",[ 4.219  96.2805 88.315   9.3374 16.     55.3745 12.9136 50.2306  1.    ],"[ 31.365   90.582  100.       9.3374  16.      55.3745  12.9136  50.2306
   1.    ]",[0.93872531 0.69775343 0.57       0.54788484],[0.93872531 0.61579847 0.57       0.50396538],[0.95051002 0.23608797 0.56       0.46849382],[0.9452897  0.46743677 0.53       0.48175487],96.9929473441951,98.27372424242424,110.28609999999998,131.4456,1.280776898229135,12.01237575757574,13.293152655804874,-21.159500000000037,0.01320484564392184,0.12223385091159557,0.1370527756892672,-0.16097533884740178,2.3142151832580566,0.19100522994995117,0.7689096927642822,0.8415255546569824,12.115978101041772,3.0097360002555007,0.24841048532406254,1.0944400396770149,72,78
41,"[13.9778964  68.69148587 99.39789517 91.3494     68.         25.3285
 38.6866     25.4166      0.        ]",[20.671  76.816  99.6556 91.3494 68.     25.3285 38.6866 25.4166  0.    ],[17.1775 80.092  58.2933 91.3494 68.     25.3285 38.6866 25.4166  0.    ],[17.806  79.999  82.081  91.3494 68.     25.3285 38.6866 25.4166  0.    ],[0.82868259 0.94544989 0.51       0.78196864],[0.9021638  0.95460796 0.39       0.69760798],[0.9021638  0.87694744 0.43       0.69505607],[0.9021638  0.8855064  0.41       0.65455145],54.53911536054278,52.849999999999966,87.44279999999998,64.3766,-1.6891153605428144,34.59280000000001,32.9036846394572,23.06619999999998,-0.030970714309840688,0.6545468306527915,0.6033043334483916,0.35830099756743883,2.5246479511260986,0.06281352043151855,1.1667778491973877,0.5783545970916748,40.19274725858673,2.1637777515769376,0.05383502992855685,0.49568527332732437,84,42
42,"[ 7.81595507 85.06755106 53.37441277 75.81       62.         93.37
 32.0156     74.4787      0.        ]","[ 0.1813     79.98768182 99.6556     75.81       62.         93.37
 32.0156     74.4787      0.        ]","[ 20.474   96.2805 100.      75.81    62.      93.37    32.0156  74.4787
   0.    ]",[24.6385 80.033  90.2345 75.81   62.     93.37   32.0156 74.4787  0.    ],[0.21636364 0.8263558  0.66       0.72088302],[0.18282786 0.95718748 0.42       0.57879207],[0.190419   0.95136318 0.43       0.68512065],[0.16690719 0.8987687  0.43       0.62200066],93.56399124420125,44.728018181818186,48.38349999999997,78.56100000000004,-48.83597306238306,3.6554818181817836,-45.18049124420128,-30.177500000000066,-0.5219526488018406,0.08172688991768759,-0.4828833255550265,-0.3841282570232056,2.547252655029297,0.062285661697387695,0.5207240581512451,0.2599928379058838,40.89629275201439,4.891751427950047,0.11961356638393827,0.4992910042008631,54,12
43,"[ 8.60953406 85.02116437 99.93952448 92.686      28.         94.0161
 80.7624     63.5628      1.        ]","[ 6.2291     80.98467273 99.6556     92.686      28.         94.0161
 80.7624     63.5628      1.        ]",[ 4.6486 99.827  86.9862 92.686  28.     94.0161 80.7624 63.5628  1.    ],[ 5.3396 99.827  86.9862 92.686  28.     94.0161 80.7624 63.5628  1.    ],[0.56581932 0.85317856 0.79       0.83449961],[0.53928808 0.89270067 0.75       0.80100581],[0.63273471 0.7964133  0.67       0.81074845],[0.63273471 0.7964133  0.68       0.81074845],30.962845205109375,32.90282727272722,25.149400000000014,25.840400000000045,1.9399820676178479,-7.753427272727208,-5.81344520510936,-0.6910000000000309,0.06265516152558613,-0.23564623211434282,-0.1877555233247766,-0.02674107211962778,2.5533108711242676,0.13463664054870605,0.5180583000183105,0.2503831386566162,18.964457674510854,4.928616858438562,0.2598870446510506,0.4833107367409547,48,13
44,"[ 5.72117759 98.84065464 79.29932443 91.124      67.         89.0111
 41.6569     16.3326      1.        ]","[ 6.2291     98.93050909 99.6556     91.124      67.         89.0111
 41.6569     16.3326      1.        ]","[  6.697   77.748  100.      91.124   67.      89.0111  41.6569  16.3326
   1.    ]","[ 26.1865  75.099  100.      91.124   67.      89.0111  41.6569  16.3326
   1.    ]",[0.77999933 0.791869   0.81       0.9030336 ],[0.71841375 0.93508929 0.77       0.90763006],[[0.68485831 0.87727941 0.8        0.86070431]],[0.62306685 0.86214983 0.79       0.85031791],36.457198522780345,16.518990909090917,37.825000000000045,59.96350000000001,-19.93820761368943,21.30600909090913,1.3678014772197002,-22.138499999999965,-0.5468935744262139,1.289788777544745,0.03751800831226862,-0.3691995964211556,2.6861019134521484,0.161146879196167,0.9555380344390869,1.0392329692840576,16.668656115780614,2.8110884304348227,0.168645175166431,1.087589328554672,90,84
45,"[ 1.74136947 99.88124946 99.24290833  8.2603     51.         59.1087
 92.5267     90.2461      1.        ]","[ 1.18926667 98.93050909 99.6556      8.2603     51.         59.1087
 92.5267     90.2461      1.        ]","[ 38.691   83.0235 100.       8.2603  51.      59.1087  92.5267  90.2461
   1.    ]",[38.691  51.217  85.4654  8.2603 51.     59.1087 92.5267 90.2461  1.    ],[0.96357711 0.78688911 0.43       0.27680292],[0.96357711 0.71820142 0.43       0.24293737],[0.96757109 0.62625981 0.41       0.0814359 ],[0.93809648 0.1734776  0.33       0.08964863],94.35691168165374,94.34285757575753,147.40720000000002,193.7483,-0.014054105896207147,53.06434242424248,53.050288318346276,-46.34109999999998,-0.00014894622604461261,0.5624627426790808,0.5622300197502235,-0.23918196959663637,2.378466844558716,0.06911540031433105,0.7783529758453369,0.10951924324035645,34.41297936120818,3.0557689356497435,0.08879698858897235,0.14070639753308856,90,3
46,"[36.70512681 84.82976165 99.448663   36.1752     12.         35.6307
 91.6058     62.9882      1.        ]","[ 6.22113333 84.97263636 99.6556     36.1752     12.         35.6307
 91.6058     62.9882      1.        ]",[36.5365 80.429  86.5245 36.1752 12.     35.6307 91.6058 62.9882  1.    ],[38.691  84.7545 62.882  36.1752 12.     35.6307 91.6058 62.9882  1.    ],[0.97235045 0.85827048 0.54       0.72450478],[0.96777218 0.94092908 0.48       0.76568028],[0.97235045 0.66857241 0.5        0.68855746],[0.97235045 0.64504631 0.51       0.68744764],116.25150216149694,85.41769696969692,133.4078,154.87930000000003,-30.833805191800025,47.99010303030309,17.156297838503065,-21.47150000000002,-0.26523360660721274,0.5618285757262717,0.1475791496841863,-0.13863376190362442,2.8766276836395264,0.3616788387298584,0.7368793487548828,0.45609331130981445,7.953541583305372,3.903797397091141,0.49082504393832327,0.6189524948425856,60,22
47,"[ 6.05110087 99.88708543 87.03583054 53.1009     85.         85.4562
 12.4957     70.3953      1.        ]","[ 6.2291     79.98467273 99.6556     53.1009     85.         85.4562
 12.4957     70.3953      1.        ]","[ 26.4935  61.3838 100.      53.1009  85.      85.4562  12.4957  70.3953
   1.    ]",[ 0.     69.0825 76.101  53.1009 85.     85.4562 12.4957 70.3953  1.    ],[0.62919734 0.8494023  0.83       0.96552271],[0.53551138 0.88824424 0.89       0.95744393],[0.52816951 0.81372881 0.9        0.93992563],[0.59106207 0.55458978 0.84       0.91304779],66.0272849005782,73.48792727272723,112.00880000000001,101.7156,7.460642372149039,38.520872727272774,45.98151509942181,10.293200000000013,0.11299332364465749,0.5241796055060135,0.6964017249635409,0.10119588342397837,2.6930832862854004,0.41531825065612793,7.4226274490356445,1.1163251399993896,6.484384642453864,0.362820753806698,0.05595299690139864,0.15039487670156795,1002,102
48,"[ 9.26944257 99.83804981 99.39841795 52.1482     35.          9.3549
 20.233      14.0321      0.        ]","[15.3008     79.98467273 99.6556     52.1482     35.          9.3549
 20.233      14.0321      0.        ]","[ 19.5065  96.2805 100.      52.1482  35.       9.3549  20.233   14.0321
   0.    ]",[24.671  80.033  71.6538 52.1482 35.      9.3549 20.233  14.0321  0.    ],[0.77381541 0.96281975 0.22       0.71573303],[0.77381541 0.94214287 0.24       0.53107212],[0.77381541 0.94214287 0.23       0.48932332],[0.77381541 0.82642876 0.2        0.41300669],57.88477481430948,83.51232727272725,71.07780000000002,120.83600000000001,25.627552458417767,-12.434527272727223,13.193025185690544,-49.75819999999999,0.4427339061200334,-0.14889451268816437,0.22791874422959912,-0.411782912377106,2.310335636138916,0.25722599029541016,0.5639564990997314,0.28891992568969727,8.981734829694387,4.096655752397581,0.45610963027473095,0.512308885793342,54,16
49,"[ 7.70414085 84.9931499  96.50849178 91.0689     43.         48.1449
 92.8219     81.8222      1.        ]",[27.1451 86.3097 99.6556 91.0689 43.     48.1449 92.8219 81.8222  1.    ],[36.4486 89.5627 84.6926 91.0689 43.     48.1449 92.8219 81.8222  1.    ],[21.646  92.2647 87.6691 91.0689 43.     48.1449 92.8219 81.8222  1.    ],[0.962307   0.82851175 0.62       0.79795705],[0.96513464 0.89062621 0.61       0.7545818 ],[0.96035246 0.77373443 0.61       0.7532199 ],[0.962307   0.77047601 0.61       0.74430727],35.13359916965726,50.110900000000015,71.12439999999998,50.643299999999954,14.977300830342756,21.013499999999965,35.99080083034272,20.481100000000026,0.4262956595485308,0.41933990409272154,1.0243983446314766,0.40441874838330133,3.7105872631073,0.09685778617858887,1.027801513671875,1.4522852897644043,38.30964354549281,3.6102177451082276,0.09423783180913922,1.4130017035838356,54,84
50,"[25.97811663 99.8510339  99.98174131 16.6938     62.         84.3551
 59.7556     15.3853      1.        ]","[ 6.22113333 98.93050909 99.6556     16.6938     62.         84.3551
 59.7556     15.3853      1.        ]",[30.073  94.953  88.3243 16.6938 62.     84.3551 59.7556 15.3853  1.    ],"[ 35.826   88.9325 100.      16.6938  62.      84.3551  59.7556  15.3853
   1.    ]",[0.85244341 0.73885167 0.37       0.78384641],[0.84785153 0.61141657 0.38       0.79842825],[0.7996724  0.17740402 0.39       0.72510032],[0.7996724  0.50847857 0.39       0.75249388],109.45154142915374,90.94122424242425,130.1019,130.1997,-18.51031718672948,39.160675757575746,20.650358570846265,-0.09780000000000655,-0.16911883510302975,0.430615225205064,0.188671244837725,-0.000751153804501904,3.682013988494873,0.5303702354431152,2.068040370941162,1.1704943180084229,6.942346576856097,1.7804362236986668,0.2564602910540593,0.5659920059857113,96,72
51,"[35.45189771 63.47867757 99.26454392 54.2075     88.         99.7215
  5.9335     62.2603      0.        ]","[ 0.1813     79.98768182 99.6556     54.2075     88.         99.7215
  5.9335     62.2603      0.        ]",[ 0.     79.4637 86.2424 54.2075 88.     99.7215  5.9335 62.2603  0.    ],[38.691  82.7112 79.4534 54.2075 88.     99.7215  5.9335 62.2603  0.    ],[0.02002823 0.80720313 0.76       0.90382334],[0.02988971 0.79762957 0.68       0.84843684],[0.03718976 0.62821546 0.64       0.73040977],[0.02525659 0.56462393 0.63       0.70129012],118.5011762145412,66.3305181818182,80.08640000000003,122.31890000000004,-52.170658032723,13.75588181818182,-38.41477621454118,-42.232500000000016,-0.44025434767221466,0.207383904049651,-0.3241721090176599,-0.34526553132835563,2.6946537494659424,0.07563614845275879,1.5365190505981445,0.5831184387207031,35.62653314042006,1.7537392383237635,0.049225649641841236,0.3795061561350011,96,32
52,"[2.11358089e+00 8.48007793e+01 9.98192107e+01 7.80636000e+01
 9.00000000e+00 6.58770000e+00 9.40706000e+01 6.40000000e-02
 1.00000000e+00]","[6.22910000e+00 8.49726364e+01 9.96556000e+01 7.80636000e+01
 9.00000000e+00 6.58770000e+00 9.40706000e+01 6.40000000e-02
 1.00000000e+00]","[0.00000e+00 7.18845e+01 8.94465e+01 7.80636e+01 9.00000e+00 6.58770e+00
 9.40706e+01 6.40000e-02 1.00000e+00]","[2.52920e+01 9.29430e+01 8.13170e+01 7.80636e+01 9.00000e+00 6.58770e+00
 9.40706e+01 6.40000e-02 1.00000e+00]",[0.94929334 0.8491993  0.3        0.16582075],[0.94929334 0.70043892 0.3        0.16582075],[0.95913403 0.48308512 0.34       0.06941266],[0.96150471 0.223409   0.3        0.11859809],39.429990800387316,43.537263636363605,60.605399999999975,72.96839999999997,4.107272835976289,17.06813636363637,21.17540919961266,-12.363,0.10416621339754266,0.39203511975843514,0.5370381471000661,-0.16942950647129448,2.73964524269104,0.18146419525146484,0.9892573356628418,1.3805952072143555,15.097442439785787,2.769395933622639,0.1834347734504052,1.395587535663106,90,78
53,"[ 2.1259361  84.78270026 49.84015079 57.5707     32.         70.067
 43.971      79.3428      0.        ]",[ 7.3484 98.3412 99.6556 57.5707 32.     70.067  43.971  79.3428  0.    ],[ 2.1839 98.3247 78.1315 57.5707 32.     70.067  43.971  79.3428  0.    ],[ 6.3484 98.3412 79.263  57.5707 32.     70.067  43.971  79.3428  0.    ],[0.73909684 0.86712206 0.53       0.74098669],[0.71556021 0.94629791 0.36       0.77347343],[0.73909684 0.87470882 0.36       0.66007243],[0.73909684 0.87800559 0.34       0.66007243],109.93238505220683,51.78090000000003,68.15699999999998,71.17349999999999,-58.151485052206795,16.37609999999995,-41.77538505220684,-3.0165000000000077,-0.5289750151840215,0.3162575389767258,-0.3800098126895704,-0.042382347362431357,2.290853261947632,0.82332444190979,0.4440028667449951,0.23172259330749512,2.7824429171976846,5.159546105505984,1.8543223559469748,0.5218943629942387,42,10
54,"[ 6.29392523 28.13391607 98.80240555 57.7573     67.         31.6438
 40.9982     23.201       1.        ]","[ 6.2291     74.97263636 86.6556     57.7573     67.         31.6438
 40.9982     23.201       1.        ]","[ 35.8095  73.4842 100.      57.7573  67.      31.6438  40.9982  23.201
   1.    ]",[21.646  71.7297 99.8954 57.7573 67.     31.6438 40.9982 23.201   1.    ],[0.95414558 0.80602561 0.81       0.82130657],[0.97224988 0.80004619 0.95       0.90894083],[[0.97035131 0.8492484  0.95       0.92003512]],[0.97046158 0.80752977 0.94       0.92003512],121.60030361019267,86.84356363636363,104.56799999999998,92.2636,-34.75673997382904,17.724436363636357,-17.032303610192685,12.304399999999987,-0.2858277400790609,0.2040961427821311,-0.1400679365471997,0.13336136894723366,21.31085991859436,5.233651876449585,1.2080769538879395,0.48717832565307617,4.071890989633659,17.640316579179725,4.332217297587034,0.4032676263587316,102,36
55,"[ 0.57107435 99.87730976 99.0427598  80.3283     80.          4.3462
 91.584      97.6008      1.        ]","[ 1.1813     84.97263636 99.6556     80.3283     80.          4.3462
 91.584      97.6008      1.        ]",[ 0.     36.2365 88.315  80.3283 80.      4.3462 91.584  97.6008  1.    ],[50.814  76.944  79.     80.3283 80.      4.3462 91.584  97.6008  1.    ],[0.53083517 0.62017039 0.52       0.97903655],[0.53083517 0.4258098  0.59       0.97762937],[0.31672477 0.12254511 0.52       0.93251456],[0.12864609 0.11056435 0.6        0.93670118],21.32270478869657,36.224763636363605,95.12020000000001,114.54169999999999,14.902058847667035,58.895436363636406,73.79749521130344,-19.42149999999998,0.6988822007031117,1.625833558359377,3.460981894305661,-0.16955833552321978,2.381608247756958,0.11170411109924316,0.7631139755249023,1.0374784469604492,21.320685732336436,3.1209076548739474,0.1463793282286677,1.3595327568818634,84,108
56,"[35.68043575 80.89190267 99.45533317 73.9351     42.         45.3347
 71.6132     66.1141      0.        ]","[27.3964     80.98467273 99.6556     73.9351     42.         45.3347
 71.6132     66.1141      0.        ]",[40.8856 96.2805 84.9205 73.9351 42.     45.3347 71.6132 66.1141  0.    ],[27.1476 81.033  79.263  73.9351 42.     45.3347 71.6132 66.1141  0.    ],[0.80219547 0.96684908 0.41       0.83259468],[0.8279308  0.96046135 0.38       0.74627268],[0.80219547 0.83914733 0.42       0.63657402],[0.8279308  0.89933087 0.33       0.51966401],81.39809990506251,72.82102727272729,85.74950000000001,92.91649999999998,-8.577072632335216,12.92847272727272,4.351400094937503,-7.166999999999973,-0.10537190232129448,0.17753763180040516,0.053458251482684425,-0.07713377064353451,2.5095901489257812,0.07555770874023438,0.9872205257415771,0.12502312660217285,33.214217195940826,2.5420765507692775,0.07653579597474149,0.1266415388884448,84,3
57,"[ 7.85628655 84.79015933 96.70097512 27.4293     56.         52.4125
 94.12       68.5863      1.        ]",[51.4344 99.6256 99.6556 27.4293 56.     52.4125 94.12   68.5863  1.    ],[37.2799 93.3001 91.4198 27.4293 56.     52.4125 94.12   68.5863  1.    ],[49.4344 99.6256 71.4343 27.4293 56.     52.4125 94.12   68.5863  1.    ],[0.97031192 0.87245452 0.66       0.70845479],[0.968759   0.94875213 0.58       0.74817232],[0.968759   0.85088501 0.65       0.65252944],[0.968759   0.81207118 0.55       0.72047813],98.93585209318064,124.72389999999996,125.13069999999999,150.9452,25.788047906819315,0.40680000000003247,26.194847906819348,-25.81450000000001,0.26065422555345646,0.003261604231426636,0.2647659807098875,-0.17101901882272513,2.7909913063049316,0.41834235191345215,0.6697399616241455,0.4317312240600586,6.671548538031693,4.1672760567200875,0.6246340010814879,0.6446251512498874,60,24
58,"[57.00074959 79.78834915 98.79829797 26.128      62.         26.683
 81.3876     76.7875      1.        ]","[38.46013333 79.98768182 99.6556     26.128      62.         26.683
 81.3876     76.7875      1.        ]","[ 36.5365  76.289  100.      26.128   62.      26.683   81.3876  76.7875
   1.    ]","[ 35.826   78.121  100.      26.128   62.      26.683   81.3876  76.7875
   1.    ]",[0.97185329 0.81191796 0.8        0.81212906],[0.97185329 0.88301538 0.8        0.83345296],[0.97185329 0.88301538 0.76       0.78308281],[0.97185329 0.88301538 0.78       0.80770561],152.28610246283836,132.68885151515155,134.11950000000002,131.577,-19.597250947686803,1.4306484848484615,-18.16660246283834,2.542500000000018,-0.12868706093826932,0.010781979559790657,-0.1192925826391246,0.01932328598463271,16.88387155532837,0.22456860542297363,0.865548849105835,0.6423215866088867,75.18357930543183,19.50654959887064,0.25945226044141445,0.7420974417243398,84,72
59,"[68.37662771 99.83571038 99.22765691 70.71       16.          4.4676
 91.9374     15.5754      0.        ]","[ 6.2291     84.97263636 99.6556     70.71       16.          4.4676
 91.9374     15.5754      0.        ]",[ 0.8745 96.2805 99.63   70.71   16.      4.4676 91.9374 15.5754  0.    ],[20.671  81.033  79.263  70.71   16.      4.4676 91.9374 15.5754  0.    ],[0.81413666 0.91897619 0.28       0.67912464],[0.89150116 0.92129389 0.22       0.52568314],[0.89150116 0.92129389 0.26       0.40857974],[0.9061874  0.79615954 0.14       0.34808846],98.60326041547597,50.89086363636363,34.25400000000002,89.66499999999996,-47.71239677911234,-16.636863636363614,-64.34926041547595,-55.410999999999945,-0.48388254686580107,-0.3269125820941244,-0.6526078361337453,-0.6179780293313999,2.3546488285064697,0.14651226997375488,0.6418030261993408,0.11895060539245605,16.071342208596345,3.6688029385750007,0.2282822984512524,0.18533818093202725,84,3
60,"[ 7.84540566 87.45075596 38.61654127 98.9384     82.         25.5709
  5.3782     99.3201      0.        ]","[27.3964     84.97263636 99.6556     98.9384     82.         25.5709
  5.3782     99.3201      0.        ]",[38.691  96.3726 99.8463 98.9384 82.     25.5709  5.3782 99.3201  0.    ],[38.691  80.1251 79.6108 98.9384 82.     25.5709  5.3782 99.3201  0.    ],[0.01424924 0.72358897 0.7        0.81302407],[0.05937652 0.53988173 0.73       0.89356766],[0.05290728 0.58484709 0.74       0.86597512],[0.01775103 0.32326641 0.75       0.81284156],82.83970843133102,43.82976363636362,43.53370000000001,80.01670000000001,-39.009944794967396,-0.29606363636361266,-39.30600843133101,-36.483000000000004,-0.4709087650556402,-0.006754853592639083,-0.47448269888483796,-0.4559423220402741,2.465543270111084,0.2574305534362793,0.6825957298278809,0.18998026847839355,9.577508330693814,3.6120109786399928,0.37713472585184704,0.27832032955479785,84,8
61,"[ 7.93164244 99.88486542 99.80623291 44.2852     52.         63.3723
 99.4748     22.3665      1.        ]","[ 6.2291     79.98768182 99.6556     44.2852     52.         63.3723
 99.4748     22.3665      1.        ]",[37.4059 85.715  52.971  44.2852 52.     63.3723 99.4748 22.3665  1.    ],"[ 37.4059  79.7995 100.      44.2852  52.      63.3723  99.4748  22.3665
   1.    ]",[0.96923791 0.91258801 0.42       0.45078055],[0.96587124 0.86347432 0.43       0.36389572],[0.96763068 0.45703784 0.43       0.30569384],[0.96763068 0.82799177 0.44       0.37493262],63.95534411511028,82.30061818181821,154.4347,113.32119999999998,18.34527406670793,72.13408181818178,90.47935588488971,41.113500000000016,0.2868450529120618,0.8764707168884619,1.4147270589622674,0.3628050179489806,2.417814016342163,0.5689153671264648,0.762753963470459,1.0917065143585205,4.249865895790972,3.1698478567601747,0.7458700896655499,1.4312695399068898,66,108
62,"[ 1.12025184 71.19644998 98.82410829 84.7163     71.          9.4507
 82.7071     97.1036      1.        ]","[ 1.18926667 71.01476364 99.6556     84.7163     71.          9.4507
 82.7071     97.1036      1.        ]",[ 4.368  75.9765 88.315  84.7163 71.      9.4507 82.7071 97.1036  1.    ],[37.861  90.9175 92.226  84.7163 71.      9.4507 82.7071 97.1036  1.    ],[0.52863421 0.47566698 0.76       0.98250432],[0.52863421 0.47420888 0.75       0.98478594],[0.31263904 0.1954254  0.78       0.97587634],[0.31146632 0.15978394 0.81       0.97975702],46.38339356223463,45.80260303030303,55.36020000000002,70.00120000000004,-0.5807905319315978,9.557596969696988,8.97680643776539,-14.64100000000002,-0.012521518744684467,0.2086692968819627,0.1935349216249306,-0.20915355736758814,2.4638290405273438,0.0604090690612793,1.1059520244598389,1.251122236251831,40.78574755105102,2.2277901627158823,0.05462178080535081,1.1312626665364578,90,96
63,"[ 7.87062179 99.83853948 99.01638376 69.7497     99.         99.6318
 60.2461     84.7623      0.        ]","[24.3008     83.97263636 99.6556     69.7497     99.         99.6318
 60.2461     84.7623      0.        ]",[ 8.528  79.0175 87.1835 69.7497 99.     99.6318 60.2461 84.7623  0.    ],[38.691  34.2875 79.263  69.7497 99.     99.6318 60.2461 84.7623  0.    ],[0.38902273 0.86329249 0.63       0.86017537],[0.30373414 0.79950228 0.65       0.84046874],[0.35163976 0.57116548 0.63       0.82438927],[0.1597905  0.51311474 0.55       0.46613774],39.26599854867851,70.92286363636362,72.57729999999998,155.3908,31.656865087685105,1.6544363636363641,33.31130145132147,-82.81350000000003,0.8062157148108617,0.02332726399936424,0.8483497856300551,-0.5329369563706476,2.323880434036255,0.4375038146972656,0.9942810535430908,0.11784648895263672,5.311680392191056,2.3372470246266652,0.4400202670444477,0.11852432321092138,84,3
64,"[ 7.92130803 90.80954462 99.84503648 92.3475     89.         72.4925
 92.4766     37.1405      1.        ]","[ 6.2291     98.93050909 99.6556     92.3475     89.         72.4925
 92.4766     37.1405      1.        ]",[34.1714 89.5401 36.3285 92.3475 89.     72.4925 92.4766 37.1405  1.    ],[33.5394 89.5971 80.027  92.3475 89.     72.4925 92.4766 37.1405  1.    ],[0.95788358 0.90507342 0.63       0.83808297],[0.95333409 0.95052873 0.59       0.83808297],[0.94116039 0.58390112 0.55       0.7739354 ],[0.94552309 0.65945872 0.56       0.79015347],24.919226940107023,15.295490909090972,115.95530000000002,71.56780000000003,-9.623736031016051,100.65980909090905,91.036073059893,44.38749999999999,-0.38619721447003763,6.58101199165051,3.653246277611131,0.6202160748269469,2.301255941390991,0.1421802043914795,0.6775119304656982,0.7531437873840332,16.18548764393885,3.3966279233034133,0.20985638480749666,1.1116317713643038,60,60
65,"[64.08516296 50.70807802 98.80240262 76.418      34.          9.0609
 80.4231     54.1832      1.        ]",[39.0421 75.0473 86.6556 76.418  34.      9.0609 80.4231 54.1832  1.    ],[36.1966 81.2643 72.9516 76.418  34.      9.0609 80.4231 54.1832  1.    ],[34.0421 77.0473 63.2946 76.418  34.      9.0609 80.4231 54.1832  1.    ],[0.96212104 0.83983281 0.8        0.92689959],[0.96936128 0.80279365 0.86       0.89275726],[0.96936128 0.75691628 0.84       0.82550393],[0.96936128 0.7151537  0.87       0.89957795],138.15668231680917,100.9212,105.56269999999995,117.28219999999999,-37.23548231680917,4.641499999999951,-32.59398231680922,-11.719500000000039,-0.2695163324161471,0.045991327887499864,-0.23592041854383464,-0.09992564941653584,22.697016716003418,3.4921915531158447,16.2915358543396,0.22756552696228027,6.499361896615441,1.393178452844124,0.21435618988529093,0.013968328646047409,1002,12
66,"[1.71913104e+01 7.53821981e+01 9.91618001e+01 7.60412000e+01
 7.00000000e+01 6.52670000e+00 2.53000000e-02 9.94660000e+00
 0.00000000e+00]","[6.22910000e+00 9.19305091e+01 9.96556000e+01 7.60412000e+01
 7.00000000e+01 6.52670000e+00 2.53000000e-02 9.94660000e+00
 0.00000000e+00]","[3.69740e+01 8.65190e+01 8.15260e+01 7.60412e+01 7.00000e+01 6.52670e+00
 2.53000e-02 9.94660e+00 0.00000e+00]","[2.66710e+01 6.02170e+01 7.92630e+01 7.60412e+01 7.00000e+01 6.52670e+00
 2.53000e-02 9.94660e+00 0.00000e+00]",[0.19103499 0.84629659 0.76       0.80963403],[0.16727297 0.86506834 0.72       0.75434387],[0.18473419 0.67113506 0.76       0.6454567 ],[0.16512446 0.55034937 0.75       0.66115686],66.60611233832401,38.60179090909094,92.88779999999997,111.14980000000003,-28.004321429233073,54.28600909090903,26.28168766167596,-18.262000000000057,-0.4204467194690159,1.4063080445867182,0.39458372120833013,-0.16430079046476065,2.3318657875061035,0.8119685649871826,0.8791894912719727,0.34819507598876953,2.8718670747344923,2.6522903317832687,0.9235421636039601,0.3960409893946938,90,18
67,"[14.95200423 80.11797465 99.12181925 87.5407     54.         72.7263
 40.0717      7.9811      0.        ]","[ 3.2052     84.97263636 99.6556     87.5407     54.         72.7263
 40.0717      7.9811      0.        ]",[17.1775 80.092  99.9097 87.5407 54.     72.7263 40.0717  7.9811  0.    ],[20.671  76.816  86.9242 87.5407 54.     72.7263 40.0717  7.9811  0.    ],[0.80584107 0.943762   0.32       0.75334828],[0.82253417 0.98004517 0.27       0.623035  ],[0.80584107 0.943762   0.29       0.64365242],[0.80584107 0.79215925 0.2        0.40324096],48.171510320420055,31.03626363636363,49.635099999999966,69.39009999999996,-17.135246684056426,18.598836363636337,1.4635896795799113,-19.754999999999995,-0.3557132954744153,0.5992614504616147,0.030382889592720348,-0.2846947907554537,2.5090346336364746,0.1384110450744629,0.6070024967193604,0.19875693321228027,18.12741629316255,4.133483218268365,0.2280238480443276,0.3274400587913445,54,9
68,"[ 3.48389125 84.82931414 50.12822452 84.9494     15.         73.5058
 33.565      65.2312      0.        ]","[ 3.2052     79.98768182 50.39567576 84.9494     15.         73.5058
 33.565      65.2312      0.        ]",[ 6.3768 80.3576 80.3945 84.9494 15.     73.5058 33.565  65.2312  0.    ],[ 6.3768 80.3741 79.263  84.9494 15.     73.5058 33.565  65.2312  0.    ],[0.75872111 0.88737031 0.63       0.75186471],[0.75872111 0.88737031 0.64       0.70750894],[0.75872111 0.89679278 0.46       0.65106321],[0.75872111 0.89679278 0.47       0.65106321],83.57695258704729,87.87244242424242,60.67529999999999,61.7903,4.295489837195134,-27.19714242424243,-22.901652587047295,-1.115000000000009,0.05139562647634567,-0.30950707268311034,-0.274018756106173,-0.01804490348808808,2.8656320571899414,0.2877218723297119,0.45119166374206543,0.1624612808227539,9.959729630516584,6.351252222665508,0.63769323649161,0.3600715480320328,48,6
69,"[41.33447183 92.13710097 99.17609407 73.1337      6.         25.2618
  0.4235     47.9756      0.        ]","[ 0.1813     75.00272727 99.6556     73.1337      6.         25.2618
  0.4235     47.9756      0.        ]",[13.343  80.0165 80.3945 73.1337  6.     25.2618  0.4235 47.9756  0.    ],[ 5.698  80.033  79.263  73.1337  6.     25.2618  0.4235 47.9756  0.    ],[0.05927027 0.84067062 0.86       0.87438687],[0.04194156 0.95648587 0.84       0.67397037],[0.05518341 0.85823132 0.88       0.7382688 ],[0.05863299 0.89704299 0.85       0.70147204],76.88757678170231,52.38927272727267,79.79830000000004,73.26830000000001,-24.49830405442964,27.40902727272737,2.9107232182977327,6.53000000000003,-0.3186249987300906,0.5231801444431744,0.03785687285426878,0.08912449176519761,2.3294293880462646,0.07146143913269043,1.1089770793914795,0.2862520217895508,32.597011987415385,2.100520769396311,0.06443905871517464,0.258122577201166,96,13
70,"[ 4.08321167 84.81559854 50.02272898 93.049      86.         84.7047
 60.229      58.5975      0.        ]","[ 0.1813     96.93050909 50.39567576 93.049      86.         84.7047
 60.229      58.5975      0.        ]",[ 9.0672 85.9077 83.789  93.049  86.     84.7047 60.229  58.5975  0.    ],[24.1487 74.7252 78.263  93.049  86.     84.7047 60.229  58.5975  0.    ],[0.69664969 0.90606079 0.51       0.74981347],[0.72944561 0.90606079 0.47       0.67106316],[0.62126463 0.88072791 0.36       0.70946848],[0.62126463 0.88358368 0.38       0.60639806],76.19588415028102,59.806115151515144,46.321500000000015,78.11149999999998,-16.389768998765874,-13.48461515151513,-29.874384150281003,-31.789999999999964,-0.215100450392312,-0.2254721798490452,-0.3920734628048912,-0.4069823265460268,2.6404354572296143,0.20946621894836426,0.8605051040649414,0.14765357971191406,12.605543129990382,3.0684715811172496,0.24342240151611705,0.1715894292949723,72,5
71,"[ 9.41213034 84.92290756 52.84053306 78.0015     94.         37.2437
 38.1744     75.2161      0.        ]","[ 9.24503333 84.97263636 99.6556     78.0015     94.         37.2437
 38.1744     75.2161      0.        ]",[ 4.219  80.0165 51.7053 78.0015 94.     37.2437 38.1744 75.2161  0.    ],[32.961  74.667  81.054  78.0015 94.     37.2437 38.1744 75.2161  0.    ],[0.9037581  0.86976081 0.66       0.79958446],[0.9037581  0.95470708 0.54       0.84402826],[[0.90920693 0.90584208 0.64       0.72626623]],[0.90010571 0.87540526 0.7        0.63078959],93.64718971938942,46.61529696969694,94.4957,99.23849999999999,-47.031892749692474,47.88040303030306,0.8485102806105829,-4.742799999999988,-0.5022242834047869,1.0271392899508613,0.009060712693601536,-0.047791935589514035,2.5046167373657227,0.1059410572052002,0.782233476638794,0.6149663925170898,23.641606034895993,3.201878738465524,0.13543406204043068,0.7861673156198328,72,48
72,"[25.19403964 80.96959723 99.7106804  47.3235     58.         16.0411
  6.3209     23.1372      1.        ]","[ 6.2291     98.93050909 99.6556     47.3235     58.         16.0411
  6.3209     23.1372      1.        ]",[26.4935 84.4105 83.1577 47.3235 58.     16.0411  6.3209 23.1372  1.    ],[24.3805 96.217  84.135  47.3235 58.     16.0411  6.3209 23.1372  1.    ],[0.38955297 0.85561891 0.92       0.93232636],[0.3336136  0.93937094 0.87       0.94309037],[[0.38955297 0.64582082 0.91       0.87642494]],[0.37049205 0.64582082 0.87       0.92340353],97.19026200864067,60.319490909090916,111.60179999999997,96.70499999999998,-36.870771099549756,51.28230909090905,14.411537991359296,14.896799999999985,-0.3793669276894404,0.850178082043132,0.14828170738008756,0.1540437412750115,2.156724452972412,0.41124653816223145,1.0011870861053467,9.583153247833252,5.244358925452188,2.1541672709364907,0.41075893194147667,9.571790708080403,84,1002
73,"[ 9.40790507 84.86231657 55.59575665 55.3566     98.          9.6734
 34.4425     62.5798      0.        ]","[15.3008     79.98768182 99.6556     55.3566     98.          9.6734
 34.4425     62.5798      0.        ]",[19.5065 67.5425 80.3945 55.3566 98.      9.6734 34.4425 62.5798  0.    ],[14.941  67.583  81.317  55.3566 98.      9.6734 34.4425 62.5798  0.    ],[0.91714053 0.86669723 0.65       0.80588167],[0.91714053 0.96159402 0.53       0.82890077],[0.8790034  0.83774924 0.65       0.65705945],[0.8790034  0.83774924 0.64       0.65705945],113.59323185597947,80.30091818181819,116.21289999999999,110.68439999999998,-33.29231367416128,35.9119818181818,2.6196681440205225,5.528500000000008,-0.2930836030475067,0.44721757398675704,0.0230618330090467,0.04994832153401933,2.760378837585449,0.07227516174316406,0.8844180107116699,0.6096227169036865,38.19263452352677,3.121124631286329,0.081720590114403,0.6892925172488716,66,48
74,"[3.35348756e-03 8.48214956e+01 9.92493134e+01 7.81899000e+01
 6.80000000e+01 3.31380000e+01 9.49724000e+01 9.04185000e+01
 0.00000000e+00]","[ 1.18926667 96.93050909 99.6556     78.1899     68.         33.138
 94.9724     90.4185      0.        ]",[30.2205 80.7291 92.841  78.1899 68.     33.138  94.9724 90.4185  0.    ],[62.131  48.9581 79.263  78.1899 68.     33.138  94.9724 90.4185  0.    ],[0.61601145 0.98110183 0.5        0.59674866],[0.61601145 0.98099312 0.46       0.43505691],[0.6289161  0.9444957  0.45       0.27377901],[0.33789923 0.90523169 0.2        0.27320111],37.742644455764434,26.413257575757598,78.46050000000002,155.72,-11.329386880006837,52.04724242424243,40.71785554423559,-77.25949999999997,-0.30017469743767516,1.9704969095524214,1.0788288984879741,-0.4961437194965321,2.9571590423583984,0.1587824821472168,1.3692855834960938,0.5531191825866699,18.623962809805672,2.159636439615545,0.11596009193480986,0.40394727677949577,108,31
75,"[ 5.37943313 84.75640498 50.15225167 87.806      87.         79.0243
 94.2124     21.8956      0.        ]","[ 5.21316667 79.98768182 99.6556     87.806      87.         79.0243
 94.2124     21.8956      0.        ]",[ 8.4436 73.2727 99.6944 87.806  87.     79.0243 94.2124 21.8956  0.    ],[11.5981 71.1642 95.3659 87.806  87.     79.0243 94.2124 21.8956  0.    ],[0.8758616  0.95202149 0.3        0.47940061],[0.84912292 0.97844558 0.31       0.35635465],[0.81422551 0.97339987 0.27       0.31609499],[0.7526013  0.94124622 0.26       0.2717415 ],82.66477647941167,37.76388484848485,47.670500000000004,57.262,-44.90089163092682,9.906615151515155,-34.99427647941167,-9.591499999999996,-0.5431683667844883,0.26233040353931236,-0.42332754009354,-0.167502008312668,2.3090126514434814,0.09552717208862305,0.45304274559020996,0.16123628616333008,24.171265630069634,5.096677242751944,0.2108568628864661,0.3558964087445578,42,6
76,"[ 8.26622564 84.79881372 52.16316243 30.3374     95.         75.8507
 20.1458     46.839       0.        ]","[ 8.24503333 79.98768182 52.39567576 30.3374     95.         75.8507
 20.1458     46.839       0.        ]",[18.5761 73.868  99.2195 30.3374 95.     75.8507 20.1458 46.839   0.    ],[15.2671 61.217  90.4305 30.3374 95.     75.8507 20.1458 46.839   0.    ],[0.60678645 0.84688189 0.52       0.60995609],[0.60678645 0.84688189 0.49       0.55523898],[0.54970756 0.94097924 0.39       0.66568751],[0.54536973 0.85526107 0.31       0.36804489],140.96684948879755,145.52427575757577,115.15120000000002,133.2822,4.557426268778215,-30.373075757575748,-25.815649488797533,-18.130999999999972,0.032329773172240665,-0.20871483880925326,-0.18313276903339654,-0.1360346692956747,3.1668894290924072,0.18201637268066406,0.883991003036499,0.22270965576171875,17.39892616500225,3.582490566322709,0.2059029696630847,0.251936563830077,72,10
77,"[ 2.7849563  99.83403056 99.16162369 44.1028     22.         72.4988
  2.7799     99.0706      1.        ]","[ 5.22113333 98.93050909 99.6556     44.1028     22.         72.4988
  2.7799     99.0706      1.        ]",[45.1255 99.33   78.1315 44.1028 22.     72.4988  2.7799 99.0706  1.    ],"[  0.      78.9815 100.      44.1028  22.      72.4988   2.7799  99.0706
   1.    ]",[0.05276111 0.52528961 0.84       0.97068709],[0.05276111 0.43303663 0.85       0.9652333 ],[0.00559861 0.08306067 0.84       0.94589686],[0.05276111 0.33447933 0.82       0.96321577],59.68650205301759,62.53222424242426,123.56119999999999,76.91570000000002,2.845722189406672,61.02897575757572,63.874697946982394,46.64549999999997,0.04767781812509148,0.9759604187591223,1.0701699002270992,0.6064496585222517,2.4451024532318115,0.06713485717773438,0.8792123794555664,1.0991871356964111,36.42075899198818,2.7810145880178454,0.07635795257945095,1.2501952444949187,108,96
78,"[ 5.3818711  84.91247282 96.23670301 60.9444     38.         43.1398
 72.091      16.8792      1.        ]","[ 6.22113333 84.97263636 99.6556     60.9444     38.         43.1398
 72.091      16.8792      1.        ]",[38.691  79.8706 62.9565 60.9444 38.     43.1398 72.091  16.8792  1.    ],[24.3805 87.7916 64.657  60.9444 38.     43.1398 72.091  16.8792  1.    ],[0.97010319 0.8323016  0.78       0.86525843],[0.96280147 0.91527177 0.75       0.8809779 ],[0.96652053 0.71549238 0.8        0.84116802],[0.96818107 0.67685893 0.79       0.82572899],63.28829528001825,60.64849696969691,134.91949999999997,110.98749999999995,-2.639798310321339,74.27100303030306,71.63120471998172,23.932000000000016,-0.041710687555125095,1.2246140752245296,1.1318238926021056,0.21562788602320104,2.562187671661377,0.1229248046875,1.2033429145812988,0.9168615341186523,20.843536649702084,2.1292248789721637,0.10215276393618147,0.7619287262248706,84,78
79,"[39.01164787 41.94341842 98.94795623 38.6097     34.         23.4219
 55.6327     75.5008      1.        ]",[ 7.3349 47.8216 99.6556 38.6097 34.     23.4219 55.6327 75.5008  1.    ],[ 4.3349 80.8336 87.3936 38.6097 34.     23.4219 55.6327 75.5008  1.    ],[ 6.1579 76.0276 95.6046 38.6097 34.     23.4219 55.6327 75.5008  1.    ],[0.96476666 0.80486943 0.84       0.80169955],[0.96758467 0.8034203  0.84       0.86410998],[0.96954168 0.80920091 0.88       0.85552672],[0.96954168 0.80920091 0.87       0.80461555],159.51057322114073,121.24800000000005,97.49800000000005,95.916,-38.262573221140684,-23.75,-62.012573221140684,1.5820000000000505,-0.23987483994615572,-0.19587951966217992,-0.38876779118064037,0.016493598565411927,21.695730686187744,1.084714412689209,1.018739938735962,0.6569204330444336,20.00132978080377,21.29663308685777,1.0647608594153157,0.6448362413861296,60,36
80,"[60.71047577 74.96652897 98.82689909 48.7343     56.         52.324
 51.706      65.7206      0.        ]",[12.3889 79.7452 99.6556 48.7343 56.     52.324  51.706  65.7206  0.    ],[16.3759 79.7452 79.263  48.7343 56.     52.324  51.706  65.7206  0.    ],[12.3889 79.7452 79.263  48.7343 56.     52.324  51.706  65.7206  0.    ],[0.75596922 0.9437975  0.46       0.79370104],[0.82600378 0.95194922 0.27       0.80032508],[0.82600378 0.86938449 0.31       0.6950668 ],[0.82600378 0.87571852 0.28       0.6950668 ],138.18274770077466,84.25380000000001,108.6334,104.64640000000003,-53.92894770077464,24.379599999999982,-29.54934770077466,3.9869999999999663,-0.39027265413446627,0.28935905561529546,-0.21384252515199484,0.038099733961225284,2.504750967025757,0.19222092628479004,0.7723979949951172,0.18456649780273438,13.030584210767856,3.242824273568435,0.24886253917063209,0.2389525853234525,66,8
81,"[ 7.72173903 99.58633104 49.88127403 77.8609     17.         81.2762
 38.3729     26.5618      0.        ]","[ 6.22113333 98.93050909 99.6556     77.8609     17.         81.2762
 38.3729     26.5618      0.        ]",[ 9.4484 79.4502 61.9873 77.8609 17.     81.2762 38.3729 26.5618  0.    ],[26.5299 86.2097 76.0443 77.8609 17.     81.2762 38.3729 26.5618  0.    ],[0.58425024 0.85903233 0.36       0.71101131],[0.55796539 0.94204916 0.24       0.63865332],[0.4905234  0.81415982 0.3        0.53921598],[0.51074932 0.82744559 0.23       0.56689565],80.39323396591999,29.77412424242425,90.14999999999998,86.41499999999996,-50.61910972349574,60.37587575757573,9.756766034079988,3.7350000000000136,-0.6296439044230265,2.0277968636789647,0.12136302463234705,0.04322166290574571,2.3445422649383545,0.09471702575683594,0.5979681015014648,0.45433497428894043,24.753123804345638,3.920848384807381,0.15839812444678358,0.759798011211853,66,24
82,"[ 2.72368006 72.43804101 96.45439762 98.499      89.         18.2221
 71.6613     15.0093      1.        ]","[ 4.19723333 88.94856364 99.6556     98.499      89.         18.2221
 71.6613     15.0093      1.        ]",[36.5365 79.     66.0339 98.499  89.     18.2221 71.6613 15.0093  1.    ],"[  8.4225  83.018  100.      98.499   89.      18.2221  71.6613  15.0093
   1.    ]",[0.97224988 0.83095136 0.78       0.88524733],[0.96545378 0.933605   0.69       0.93895065],[[0.97035131 0.75362982 0.71       0.88187626]],[0.97046158 0.90232317 0.7        0.87413503],35.33224142866288,17.094069696969655,93.0036,26.90549999999996,-18.238171731693228,75.90953030303035,57.67135857133712,66.09810000000004,-0.5161906234711087,4.440693857501189,1.6322587030822189,2.4566761442827727,2.380852699279785,0.5877213478088379,13.690458059310913,0.7064070701599121,4.050988973186287,0.17390599269690335,0.0429292683460746,0.0515984978077109,1002,66
83,"[16.31989667 99.7438767  99.0459696  51.0969     32.          5.406
 19.9071     11.5631      0.        ]","[15.3008     79.98467273 99.6556     51.0969     32.          5.406
 19.9071     11.5631      0.        ]",[19.5065 80.0165 84.7186 51.0969 32.      5.406  19.9071 11.5631  0.    ],[20.671  80.033  86.8696 51.0969 32.      5.406  19.9071 11.5631  0.    ],[0.77381541 0.94181898 0.35       0.62888948],[0.77381541 0.94181898 0.31       0.53107212],[0.77381541 0.81395378 0.3        0.41300669],[0.77381541 0.87088119 0.27       0.35902219],66.43315036582203,84.56362727272727,103.67450000000002,102.67149999999998,18.130476906905244,19.11087272727275,37.24134963417799,1.0030000000000427,0.27291309846165085,0.22599400408449866,0.560583826434605,0.009769020614289681,2.329028367996216,0.10940384864807129,0.4465765953063965,0.1541767120361328,21.288358652611944,5.215294291001229,0.24498339097464175,0.34524136207888834,42,6
84,"[62.45389859 79.81269826 99.19328114 58.0201     35.         76.3332
 89.6187     90.0253      1.        ]","[ 1.18926667 98.93050909 99.6556     58.0201     35.         76.3332
 89.6187     90.0253      1.        ]","[ 38.691   78.1428 100.      58.0201  35.      76.3332  89.6187  90.0253
   1.    ]",[ 4.311  84.6695 87.4586 58.0201 35.     76.3332 89.6187 90.0253  1.    ],[0.8811698  0.81438949 0.62       0.93718543],[0.90306664 0.9340837  0.49       0.96523625],[0.8620757  0.87649695 0.59       0.91892753],[0.83479032 0.75279109 0.56       0.87478072],125.42781919670153,44.58305757575755,102.5281,74.1628,-80.84476162094398,57.945042424242445,-22.89971919670154,28.36529999999999,-0.6445520789463748,1.2997099251387056,-0.18257288808305894,0.38247342333353096,2.3304481506347656,0.0603334903717041,1.7877135276794434,1.1902189254760742,38.62611190364226,1.3035914952547367,0.03374897008807697,0.6657772104130397,132,96
85,"[39.17748486 32.09976695 98.80240613 94.1046     20.         39.3548
 57.7377     60.1224      1.        ]",[38.691  35.8273 99.6556 94.1046 20.     39.3548 57.7377 60.1224  1.    ],[38.691  98.6718 73.3315 94.1046 20.     39.3548 57.7377 60.1224  1.    ],[28.0265 97.8403 84.135  94.1046 20.     39.3548 57.7377 60.1224  1.    ],[0.95971622 0.80904355 0.8        0.85446937],[0.96320511 0.81999168 0.81       0.87126025],[0.96601782 0.80251941 0.82       0.92623975],[0.96601782 0.68443208 0.86       0.9299672 ],114.17071176789972,109.1035,72.58309999999994,51.946600000000046,-5.067211767899721,-36.52040000000005,-41.58761176789977,20.6364999999999,-0.044382764103292734,-0.3347316997163249,-0.36425814575321375,0.39726372852120984,22.36901044845581,6.865016222000122,2.6047446727752686,9.687580585479736,3.2584060583528527,8.58779391402781,2.6355812505360365,3.719205451011804,156,1002
86,"[ 9.89257052 63.55222054 52.46482897 68.6155     98.         32.2277
  5.348      90.6736      0.        ]","[27.3964     79.98467273 99.6556     68.6155     98.         32.2277
  5.348      90.6736      0.        ]",[36.5365 79.     99.9039 68.6155 98.     32.2277  5.348  90.6736  0.    ],[38.691  80.033  99.9039 68.6155 98.     32.2277  5.348  90.6736  0.    ],[0.06401983 0.80946579 0.8        0.80046354],[0.10984241 0.9530006  0.59       0.88667646],[0.09845025 0.96054415 0.61       0.82504798],[0.09845025 0.96054415 0.61       0.86177384],125.26002100426928,79.14062727272727,89.01710000000003,90.1386,-46.119393731542004,9.876472727272755,-36.24292100426925,-1.121499999999969,-0.3681892543349494,0.12479649287132068,-0.2893414891175371,-0.01244195050732948,2.4531307220458984,0.40383124351501465,10.824992656707764,0.14867377281188965,6.074643211588679,0.22661731050004943,0.03730545195933953,0.01373430703620507,1002,6
87,"[10.81740507 88.43390266 99.47077882 46.4944     51.         59.8832
 83.1995     19.3763      1.        ]","[ 6.22113333 84.97263636 99.6556     46.4944     51.         59.8832
 83.1995     19.3763      1.        ]",[ 3.1039 92.8445 92.9826 46.4944 51.     59.8832 83.1995 19.3763  1.    ],[34.7304 76.5505 85.162  46.4944 51.     59.8832 83.1995 19.3763  1.    ],[0.96729289 0.85620733 0.78       0.94125372],[0.96372131 0.89871243 0.75       0.9560216 ],[0.97084794 0.74074687 0.76       0.94767183],[0.96558765 0.54813078 0.75       0.91960175],76.41832359236236,75.09849696969695,70.7824,126.52350000000001,-1.3198266226654027,-4.316096969696957,-5.63592359236236,-55.74110000000002,-0.01727107532096285,-0.05747248139251773,-0.07375094515846778,-0.4405592636940964,2.4570019245147705,0.1905994415283203,0.7049515247344971,0.6942465305328369,12.890918802349669,3.4853487627254096,0.27037240837248344,0.9848145669226094,72,60
88,"[39.20993173 75.34313961 68.81344952 12.7433      0.         51.1906
 37.1528     11.8234      0.        ]","[38.691      90.95157273 78.263      12.7433      0.         51.1906
 37.1528     11.8234      0.        ]",[38.691  80.0165 78.1315 12.7433  0.     51.1906 37.1528 11.8234  0.    ],[38.691  80.033  78.263  12.7433  0.     51.1906 37.1528 11.8234  0.    ],[0.20138163 0.01943139 0.79       0.82940267],[0.20138163 0.01787181 0.75       0.85538357],[0.20138163 0.01787181 0.73       0.8748596 ],[0.20138163 0.01787181 0.73       0.8748596 ],182.31004260316692,156.73312727272727,167.7997,167.6517,-25.576915330439647,11.066572727272728,-14.510342603166919,0.14799999999999613,-0.1402935075064008,0.07060774527912067,-0.07959157046960648,0.000882782578405087,2.418525457382202,0.1401965618133545,0.5078070163726807,0.19089412689208984,17.250961265384074,4.762686176843293,0.2760823645462668,0.3759186477092554,48,8
89,"[ 5.59526549 99.83543613 79.13999077 47.6886     35.         93.182
 51.8617     54.7441      1.        ]","[ 6.2291     80.98467273 99.6556     47.6886     35.         93.182
 51.8617     54.7441      1.        ]",[ 4.368  80.0165 94.3466 47.6886 35.     93.182  51.8617 54.7441  1.    ],"[ 26.1865  52.386  100.      47.6886  35.      93.182   51.8617  54.7441
   1.    ]",[0.55404059 0.82750916 0.72       0.85444527],[0.43968054 0.89361923 0.76       0.85960634],[0.49590357 0.73009597 0.76       0.84157188],[0.43242935 0.82104474 0.8        0.80981321],78.93123858865795,77.90022727272725,82.31630000000001,126.11189999999999,-1.031011315930698,4.416072727272763,3.3850614113420647,-43.79559999999998,-0.01306214541119401,0.05668882982603085,0.042886206676458795,-0.347275713077037,2.6985130310058594,0.14236044883728027,0.918081521987915,0.9492120742797852,18.955496790336007,2.93929565771326,0.15506297145489678,1.0339082658198624,84,72
90,"[ 5.59272243 84.94962334 99.25427269 66.1737     81.         92.384
  1.4025     43.805       1.        ]","[ 6.2291     98.93050909 99.6556     66.1737     81.         92.384
  1.4025     43.805       1.        ]",[ 4.3151 79.     79.263  66.1737 81.     92.384   1.4025 43.805   1.    ],"[  8.6241  87.399  100.      66.1737  81.      92.384    1.4025  43.805
   1.    ]",[0.01136386 0.89370029 0.8        0.92647368],[0.01292637 0.92741414 0.76       0.91727278],[0.01572223 0.68832057 0.8        0.84729408],[0.00992556 0.85448636 0.81       0.91727278],55.21512639941966,41.469290909090944,79.87839999999994,55.0514,-13.745835490328716,38.409109090909,24.663273600580283,24.82699999999994,-0.2489505392216795,0.9262060731906296,0.4466760326177485,0.4509785400552927,2.1633493900299072,0.13795018196105957,0.5348997116088867,1.5443527698516846,15.68210610001642,4.044401862777085,0.25789915187302875,2.887181907813216,48,120
91,"[26.87659015 84.95982586 99.96323835 34.7006     22.         67.7201
  5.432      51.3725      1.        ]","[ 6.2291     79.98467273 99.6556     34.7006     22.         67.7201
  5.432      51.3725      1.        ]",[ 4.8389 79.     79.263  34.7006 22.     67.7201  5.432  51.3725  1.    ],[ 4.1284 80.0405 76.101  34.7006 22.     67.7201  5.432  51.3725  1.    ],[0.20179419 0.83165517 0.9        0.88058354],[0.17316359 0.88627369 0.89       0.88465231],[0.20795483 0.65181701 0.92       0.83424525],[0.20795483 0.64488    0.92       0.86934616],107.25292594472569,91.88822727272725,111.87529999999998,113.28629999999998,-15.36469867199844,19.987072727272732,4.6223740552742925,-1.4110000000000014,-0.14325668541590048,0.21751505410971148,0.04309788301399347,-0.012455168895091477,2.2313003540039062,0.9817843437194824,13.460344791412354,0.4589040279388428,2.272699058889697,0.16576843970798333,0.07293901894295136,0.034093036623521096,1002,42
92,"[ 8.58853429 84.97702091 99.0096353  43.1068     18.         66.9823
  6.4306     39.2555      0.        ]","[ 7.2291     90.93050909 99.6556     43.1068     18.         66.9823
  6.4306     39.2555      0.        ]",[24.5081 80.0165 78.1315 43.1068 18.     66.9823  6.4306 39.2555  0.    ],[24.3536 80.033  79.263  43.1068 18.     66.9823  6.4306 39.2555  0.    ],[0.17652034 0.93378041 0.43       0.78709991],[0.17652034 0.94063959 0.42       0.61578027],[0.17652034 0.81609157 0.36       0.49813898],[0.17652034 0.81207466 0.36       0.49813898],81.49507807672398,73.53619090909092,123.25329999999997,121.95080000000002,-7.9588871676330655,49.71710909090905,41.75822192327598,1.3024999999999523,-0.09766095518235013,0.6760903505645512,0.5124017659564971,0.010680536741045996,2.5835602283477783,2.1218326091766357,0.6273350715637207,0.21065473556518555,1.2176079381447122,4.118309888060127,3.382295531298243,0.3357930157485043,54,8
93,"[58.52325032 20.40158309 99.09120922 79.4636     38.         50.4151
 10.8115     85.154       1.        ]",[65.7444 39.033  99.6556 79.4636 38.     50.4151 10.8115 85.154   1.    ],[ 0.     90.1815 89.8385 79.4636 38.     50.4151 10.8115 85.154   1.    ],"[  8.4225  66.6725 100.      79.4636  38.      50.4151  10.8115  85.154
   1.    ]",[0.90409599 0.80342263 0.8        0.8147962 ],[0.86045939 0.8199577  0.8        0.83711072],[0.92299815 0.81172075 0.9        0.92546376],[0.91412404 0.87725112 0.96       0.92000602],159.56685800862078,147.5922,40.51640000000003,62.286400000000015,-11.974658008620793,-107.07579999999996,-119.05045800862075,-21.769999999999982,-0.07504476905833321,-0.7254841380506556,-0.7460851175134934,-0.34951450075778945,22.048574924468994,6.519502878189087,0.6520776748657227,1.9373595714569092,3.3819411290134127,33.81280447764032,9.99804644367191,2.9710564341216785,48,144
94,"[ 6.05637581 75.29351878 99.46515118 67.2754     68.         99.5352
 38.2285     38.829       0.        ]","[ 6.21316667 79.98768182 99.6556     67.2754     68.         99.5352
 38.2285     38.829       0.        ]",[35.8095 73.38   52.971  67.2754 68.     99.5352 38.2285 38.829   0.    ],[26.671  57.184  37.657  67.2754 68.     99.5352 38.2285 38.829   0.    ],[0.39878792 0.79208845 0.67       0.82604431],[0.39878792 0.79208845 0.64       0.80151291],[0.19375644 0.45230587 0.71       0.74468565],[0.1414217  0.40166027 0.69       0.6341638 ],64.02230585635226,59.29448484848484,142.18310000000002,164.5546,-4.727821007867419,82.88861515151518,78.16079414364776,-22.37149999999997,-0.07384646561270844,1.3979144158739283,1.2208369114198765,-0.13595183604712338,2.369493007659912,0.27558088302612305,1.0393331050872803,0.44067955017089844,8.598176265496985,2.279820585009585,0.2651516454899996,0.4240022260561896,96,23
95,"[ 1.13351023 99.8582737  99.15461456  9.9817     28.         32.8466
 69.5506     89.2898      1.        ]","[25.38046667 98.93050909 99.6556      9.9817     28.         32.8466
 69.5506     89.2898      1.        ]","[  0.8745  88.5791 100.       9.9817  28.      32.8466  69.5506  89.2898
   1.    ]",[26.1865 88.2276 77.1025  9.9817 28.     32.8466 69.5506 89.2898  1.    ],[0.94239589 0.72700578 0.47       0.56078563],[0.95129119 0.69648908 0.47       0.38613879],[0.94239589 0.54741816 0.5        0.51701462],[0.9084203  0.36662169 0.44       0.35305767],92.13892197469795,116.81265757575761,102.31370000000004,150.87470000000002,24.67373560105966,-14.498957575757572,10.17477802530209,-48.56099999999998,0.2677884120223944,-0.12412145975152074,0.11042866366611236,-0.3218631089241601,2.439591884613037,0.06236076354980469,0.8553931713104248,0.6987783908843994,39.120622419330175,2.8520123452420005,0.07290304112934493,0.8169090125116402,96,54
96,"[ 7.86026908 70.37014257 99.22161638 98.2729     64.         60.0479
  1.3472     98.9522      0.        ]","[26.38843333 74.99971818 99.6556     98.2729     64.         60.0479
  1.3472     98.9522      0.        ]",[ 3.0773 88.3481 83.789  98.2729 64.     60.0479  1.3472 98.9522  0.    ],[ 6.5118 84.2821 79.263  98.2729 64.     60.0479  1.3472 98.9522  0.    ],[0.04601807 0.67424504 0.87       0.93109697],[0.05031456 0.55119243 0.91       0.88878254],[0.01748863 0.37976997 0.83       0.8571586 ],[0.01748863 0.37976997 0.85       0.7472812 ],39.995610135078266,53.46021515151517,32.66730000000001,44.69379999999995,13.464605016436906,-20.79291515151516,-7.3283101350782545,-12.026499999999942,0.3366520718389475,-0.38894185316285335,-0.1832278620160601,-0.26908653996751125,2.68113374710083,0.37268710136413574,14.832163333892822,0.11813640594482422,7.1940610160296785,0.18076484776662344,0.02512695504859445,0.007964880326989924,1002,3
97,"[38.87499809 79.17439651 98.94795609 32.0922     26.          3.4167
 58.2379     36.5018      1.        ]",[38.691  59.4972 99.6556 32.0922 26.      3.4167 58.2379 36.5018  1.    ],[36.5365 79.2567 79.9203 32.0922 26.      3.4167 58.2379 36.5018  1.    ],[36.     80.9092 76.4163 32.0922 26.      3.4167 58.2379 36.5018  1.    ],[0.96902934 0.87982141 0.8        0.81128563],[0.96902934 0.80004883 0.75       0.79807885],[0.96902934 0.62666708 0.79       0.79461681],[0.96902934 0.63285534 0.77       0.83646456],128.66044549246783,147.446,145.2673,146.58229999999998,18.78555450753217,-2.178699999999992,16.606854507532177,-1.3149999999999693,0.14600877865475703,-0.014776257070385037,0.12907505833643637,-0.008971069494747793,21.484203815460205,0.32236433029174805,1.1202139854431152,1.3009161949157715,66.64572285654695,19.17866059042447,0.2877703139585716,1.1613104387383426,60,96
98,"[ 1.19494431 99.85763032 99.24629066  8.3866     83.         70.0373
 46.0257     90.8405      1.        ]","[ 1.18926667 98.93050909 99.6556      8.3866     83.         70.0373
 46.0257     90.8405      1.        ]",[19.5065 99.7143 86.052   8.3866 83.     70.0373 46.0257 90.8405  1.    ],"[  0.4475  91.8023 100.       8.3866  83.      70.0373  46.0257  90.8405
   1.    ]",[0.94582896 0.71454204 0.48       0.68163448],[0.94582896 0.63339978 0.48       0.64222331],[0.91335643 0.22318685 0.49       0.51601696],[0.94582896 0.53203297 0.45       0.64222331],93.70442333526131,94.21655757575758,125.35359999999997,100.2586,0.5121342404962661,31.137042424242395,31.64917666473866,25.09499999999997,0.005465422252948738,0.3304837623599838,0.337755417921973,0.2503027171733893,2.3742730617523193,0.0656428337097168,1.2316501140594482,1.509615421295166,36.16956989169203,1.9277171614321955,0.053296657029780786,1.2256852851818119,90,114
99,"[35.58199613 84.94021802 98.97278265 21.716      10.          3.1358
 73.5706     87.4303      1.        ]","[ 6.18926667 84.97263636 99.6556     21.716      10.          3.1358
 73.5706     87.4303      1.        ]",[37.4441 92.8445 95.1004 21.716  10.      3.1358 73.5706 87.4303  1.    ],[33.6716 57.217  87.4429 21.716  10.      3.1358 73.5706 87.4303  1.    ],[0.93588716 0.83149788 0.76       0.81954375],[0.92986622 0.90618534 0.68       0.8554252 ],[0.93588716 0.60420876 0.78       0.77568106],[0.92886877 0.36958413 0.72       0.64679324],129.9529954590392,99.84503030303028,127.78320000000002,167.2957,-30.107965156008902,27.938169696969737,-2.1697954590391646,-39.51249999999999,-0.23168350255919146,0.2798153259323696,-0.016696771408575017,-0.23618359587245807,2.2065110206604004,0.23454856872558594,1.2419445514678955,0.42995309829711914,9.407480218913403,1.776658239735785,0.18885591023235715,0.3461934736047139,102,21
100,"[14.3368189  69.06191166 99.20257829 28.9168     74.         60.3754
 22.6832     87.0046      0.        ]","[27.38046667 98.93050909 99.6556     28.9168     74.         60.3754
 22.6832     87.0046      0.        ]","[ 25.329   98.7358 100.      28.9168  74.      60.3754  22.6832  87.0046
   0.    ]",[23.671  91.2298 91.9512 28.9168 74.     60.3754 22.6832 87.0046  0.    ],[0.55800369 0.85512545 0.41       0.81232183],[0.52566357 0.86934632 0.32       0.75693254],[0.52566357 0.86934632 0.33       0.75693254],[0.50545721 0.69793515 0.32       0.60632145],117.15552894314067,99.87755757575758,97.6764,111.57319999999999,-17.27797136738309,-2.201157575757577,-19.479128943140665,-13.896799999999985,-0.14747892415533065,-0.022038560305081438,-0.16626726129668631,-0.12455320811807842,2.422090768814087,0.12801265716552734,0.7468681335449219,0.24334049224853516,18.920713173559015,3.242996534499226,0.1713992757435376,0.3258145331406069,90,12
101,"[ 9.65219424 84.86770902 99.0941004  17.7536      9.          1.2547
 78.3236     63.3364      0.        ]","[ 6.22113333 80.98467273 99.6556     17.7536      9.          1.2547
 78.3236     63.3364      0.        ]",[38.691  82.302  66.285  17.7536  9.      1.2547 78.3236 63.3364  0.    ],[38.691  59.217  37.657  17.7536  9.      1.2547 78.3236 63.3364  0.    ],[0.82144934 0.46290467 0.24       0.54096386],[0.79647682 0.37512744 0.29       0.3015833 ],[0.85702457 0.19058168 0.16       0.20950002],[0.66898087 0.08566164 0.11       0.17321844],107.93678482161323,107.82726060606058,172.3504,224.0634,-0.10952421555265346,64.52313939393943,64.41361517838678,-51.712999999999994,-0.0010147070411043258,0.5983935697826012,0.5967716685728869,-0.23079628355188753,2.38505220413208,0.20264530181884766,1.0322837829589844,0.27668190002441406,11.769590425857338,2.3104617581954643,0.19630774518027988,0.2680289127775704,78,13
102,"[39.3124665  29.7852164  99.11167919 67.8541     65.         71.5749
 16.7207     90.6924      1.        ]","[ 7.18926667 35.98768182 99.6556     67.8541     65.         71.5749
 16.7207     90.6924      1.        ]",[ 6.2989 76.6657 90.578  67.8541 65.     71.5749 16.7207 90.6924  1.    ],"[  6.584   46.2012 100.      67.8541  65.      71.5749  16.7207  90.6924
   1.    ]",[0.82575596 0.80389979 0.81       0.91711168],[0.85889272 0.81601049 0.82       0.92919451],[0.84469362 0.74341192 0.94       0.94578293],[0.84537617 0.83529559 0.9        0.93659581],142.56147091725495,103.69188484848485,71.2011,92.52870000000001,-38.869586068770104,-32.49078484848485,-71.36037091725495,-21.327600000000018,-0.27265141008071286,-0.3133397073065126,-0.500558604355827,-0.23049713224113183,21.805171966552734,3.728860378265381,1.1334285736083984,1.2197620868682861,5.847677240384159,19.238240921643165,3.289894453952339,1.0761702283409313,102,90
103,"[39.31260107 68.01514816 98.79829788 94.4813     94.         55.2022
 89.2047     65.1112      1.        ]","[ 6.21316667 79.98768182 99.6556     94.4813     94.         55.2022
 89.2047     65.1112      1.        ]",[37.0895 72.9722 92.8556 94.4813 94.     55.2022 89.2047 65.1112  1.    ],"[ 18.9115  91.6402 100.      94.4813  94.      55.2022  89.2047  65.1112
   1.    ]",[0.96448815 0.82817123 0.8        0.83619259],[0.96256449 0.92697334 0.7        0.90976207],[0.96448815 0.6993123  0.8        0.84115115],[0.96624597 0.88735548 0.71       0.90299044],78.01785502959626,32.08858484848486,76.78039999999999,32.789999999999964,-45.929270181111406,44.69181515151513,-1.2374550295962763,43.99040000000002,-0.5887020370361121,1.3927636685300993,-0.015861177279570742,1.3415797499237594,19.020758152008057,0.13122224807739258,0.6911056041717529,8.861908912658691,144.9507109555839,27.52221662969041,0.18987293300081726,12.822799958740225,60,1002
104,"[ 2.34314418 73.17477309 95.5299242  76.6708     96.          2.7677
  3.4775     14.3773      1.        ]","[ 6.22113333 98.93050909 99.6556     76.6708     96.          2.7677
  3.4775     14.3773      1.        ]",[ 2.0645 82.0495 94.718  76.6708 96.      2.7677  3.4775 14.3773  1.    ],[17.0885 76.033  82.081  76.6708 96.      2.7677  3.4775 14.3773  1.    ],[0.29982334 0.80247569 0.63       0.88899222],[0.25460294 0.95183296 0.57       0.94105965],[[0.29982334 0.83621039 0.59       0.8866943 ]],[0.28650242 0.68349815 0.58       0.89742192],56.96764689182589,30.96422424242428,48.62620000000004,82.30369999999999,-26.003422649401614,17.66197575757576,-8.341446891825854,-33.67749999999995,-0.4564594830251408,0.5703994267480138,-0.146424283728362,-0.4091857352707102,2.360278367996216,0.10397076606750488,0.7674820423126221,0.694373607635498,22.701365559466616,3.0753532172350067,0.13546996585641802,0.9047424817174492,84,54
105,"[ 4.70141359 99.85042531 99.69895689  2.6858     19.         26.0986
 91.6783     37.8344      1.        ]","[ 6.2291     84.97263636 99.6556      2.6858     19.         26.0986
 91.6783     37.8344      1.        ]","[ 25.5729  99.17   100.       2.6858  19.      26.0986  91.6783  37.8344
   1.    ]",[38.1909 61.217  96.6793  2.6858 19.     26.0986 91.6783 37.8344  1.    ],[0.97772327 0.79161851 0.39       0.28507084],[0.97772327 0.63444103 0.38       0.25823598],[0.98243936 0.7670462  0.37       0.23422847],[0.98091577 0.18635395 0.29       0.13773625],102.46623139558994,118.91506363636364,123.71710000000007,177.6088,16.448832240773697,4.802036363636432,21.25086860441013,-53.89169999999993,0.16052929845023695,0.04038206949391055,0.20739387322997369,-0.3034292219754873,2.4681756496429443,0.43347835540771484,0.6460633277893066,0.2156832218170166,5.693884409341415,3.820330830552671,0.6709533520359172,0.3338422296077993,66,11
106,"[ 3.82174071 99.8588891  99.24903591 15.8142     40.         86.4577
 15.0419     95.6605      1.        ]","[ 1.18926667 98.93050909 99.6556     15.8142     40.         86.4577
 15.0419     95.6605      1.        ]",[ 2.039  96.2805 93.2984 15.8142 40.     86.4577 15.0419 95.6605  1.    ],[20.671  81.033  81.2464 15.8142 40.     86.4577 15.0419 95.6605  1.    ],[0.37495575 0.17395927 0.68       0.87597175],[0.37495575 0.12691225 0.67       0.898798  ],[0.42924263 0.02355286 0.66       0.83705873],[0.0549323  0.01435679 0.69       0.60158071],88.89961570091964,86.78895757575754,96.64589999999998,142.5774,-2.1106581251621037,9.856942424242447,7.746284299080344,-45.93150000000003,-0.023742038798715184,0.11357369300856487,0.08713518318392698,-0.32215133674761937,2.65104079246521,0.07619190216064453,0.7716357707977295,0.18092060089111328,34.794259196675554,3.4356115835901715,0.0987407596227377,0.23446372982952132,72,8
107,"[64.98965068 41.49324781 99.09121419 89.0215     45.         71.978
 20.1295     60.7722      1.        ]",[38.671  38.033  99.6556 89.0215 45.     71.978  20.1295 60.7722  1.    ],[38.1385 93.231  87.1835 89.0215 45.     71.978  20.1295 60.7722  1.    ],[37.861  81.033  79.263  89.0215 45.     71.978  20.1295 60.7722  1.    ],[0.86103112 0.81031931 0.8        0.89638317],[0.88132643 0.85003244 0.8        0.88524409],[0.88132643 0.70227327 0.93       0.9310483 ],[0.88132643 0.65649664 0.98       0.88231352],135.38368868841076,111.96089999999998,68.70250000000004,88.5435,-23.422788688410776,-43.25839999999994,-66.68118868841071,-19.84099999999995,-0.17301041887194374,-0.38637059902162224,-0.4925348787170313,-0.22408194842083215,21.515991687774658,14.942421913146973,1.4089369773864746,0.8551194667816162,1.4399266606736612,15.271081697128865,10.605457982133883,0.6069252780687401,162,72
108,"[ 8.89888457 84.84727142 50.08379234 93.412      82.         12.7362
 13.264      67.9356      0.        ]","[27.3964     84.97263636 99.6556     93.412      82.         12.7362
 13.264      67.9356      0.        ]",[19.5065 67.5425 80.4003 93.412  82.     12.7362 13.264  67.9356  0.    ],[26.671  61.217  79.5318 93.412  82.     12.7362 13.264  67.9356  0.    ],[0.58336869 0.89895753 0.7        0.81367783],[0.60289266 0.97070407 0.65       0.81970601],[0.62362091 0.88670513 0.65       0.65158047],[0.64241482 0.88369109 0.59       0.65158047],80.55582080790077,49.35616363636359,78.1517,92.5102,-31.199657171537183,28.795536363636415,-2.4041208079007674,-14.358499999999992,-0.387304813713439,0.583423310121718,-0.02984416003449096,-0.1552099119880834,2.3046603202819824,0.293917179107666,0.9475884437561035,0.33484721183776855,7.841189573467404,2.432132151323672,0.31017387458063633,0.3533677664012898,84,17
109,"[ 5.42780094 85.02659312 57.8474785  18.8636     10.         74.8231
  0.5124     74.5727      1.        ]","[ 6.2291     98.93050909 99.6556     18.8636     10.         74.8231
  0.5124     74.5727      1.        ]",[ 2.0645 80.0165 90.578  18.8636 10.     74.8231  0.5124 74.5727  1.    ],[38.691  81.033  76.263  18.8636 10.     74.8231  0.5124 74.5727  1.    ],[0.08898112 0.81164272 0.79       0.80451073],[0.06423987 0.932039   0.73       0.79705935],[0.07924406 0.85966928 0.73       0.66144171],[0.06932655 0.68847168 0.78       0.4864135 ],143.69012931827194,88.77939090909092,112.60640000000001,162.53140000000002,-54.91073840918102,23.827009090909087,-31.083729318271935,-49.92500000000001,-0.38214690646950694,0.26838446228255464,-0.21632473619271259,-0.3071714142621057,2.4637978076934814,0.8097436428070068,0.6954128742218018,0.20691347122192383,3.042688670148287,3.5429280921072706,1.1644070347606756,0.29754046681041,66,9
110,"[37.53461297 28.80880496 98.80554717 83.5233     26.         42.0051
 38.8975     21.2415      1.        ]",[38.691  40.217  99.6556 83.5233 26.     42.0051 38.8975 21.2415  1.    ],[36.5365 67.5425 66.755  83.5233 26.     42.0051 38.8975 21.2415  1.    ],[33.4955 96.0925 85.162  83.5233 26.     42.0051 38.8975 21.2415  1.    ],[0.94473865 0.823299   0.85       0.80345291],[0.95484085 0.83629494 0.91       0.89330378],[0.95484085 0.66764767 0.97       0.89071921],[0.95484085 0.69008173 0.89       0.91688272],126.39696084306922,115.29509999999999,118.71569999999997,68.71769999999992,-11.101860843069232,3.420599999999979,-7.6812608430692535,49.99800000000005,-0.08783328941629363,0.029668216602439994,-0.060770929869161036,0.7275854692459163,20.857617378234863,3.9432172775268555,16.05303406715393,9.660074472427368,5.289492287707905,1.2992944069627048,0.24563688465565905,0.6017600431181306,1002,1002
111,"[35.86212778 41.94233975 99.09119797 49.6003     82.         58.563
 62.5003     45.4905      1.        ]","[39.3008     45.98768182 99.6556     49.6003     82.         58.563
 62.5003     45.4905      1.        ]",[ 5.5335 76.0056 46.314  49.6003 82.     58.563  62.5003 45.4905  1.    ],[ 4.9015 93.895  99.657  49.6003 82.     58.563  62.5003 45.4905  1.    ],[0.96026125 0.82860665 0.8        0.91278354],[0.96026125 0.81806623 0.8        0.91127246],[0.96630733 0.64084729 0.78       0.9308061 ],[0.95811857 0.89809698 0.83       0.96855143],145.228290068044,144.0572181818182,133.61360000000002,61.74919999999992,-1.1710718862258034,-10.44361818181818,-11.614690068043984,71.8644000000001,-0.008063662291121926,-0.07249631995973316,-0.07997539640935067,1.163811029130745,20.387261867523193,2.3903276920318604,0.7735602855682373,1.3648078441619873,8.52906567391742,26.355104117770523,3.0900341403591933,1.7643199497495337,66,84
112,"[ 2.89355496 99.8661291  99.94525177 43.3539     58.         56.3735
 68.5554      0.865       1.        ]","[ 3.2052     98.93050909 99.6556     43.3539     58.         56.3735
 68.5554      0.865       1.        ]",[ 2.0645 96.2805 99.02   43.3539 58.     56.3735 68.5554  0.865   1.    ],"[  6.584   95.9205 100.      43.3539  58.      56.3735  68.5554   0.865
   1.    ]",[0.95811857 0.94296704 0.31       0.34055437],[0.95811857 0.91986631 0.3        0.30214779],[0.95811857 0.84112315 0.3        0.30214779],[0.95811857 0.70284281 0.28       0.30214779],59.72827409744747,61.265190909090904,63.4101,67.30959999999999,1.5369168116434366,2.1449090909090955,3.681825902552532,-3.899499999999989,0.025731813531660677,0.0350102408738405,0.061642931395365363,-0.057933786562392134,2.5989065170288086,0.06450414657592773,0.6692090034484863,0.7021090984344482,40.29053409720939,3.883549838146887,0.0963886412817712,1.0491626604191293,84,66
113,"[25.26148759 99.84180219 99.19917366 11.5046     71.         52.5517
 66.3247     85.7052      1.        ]","[ 6.18926667 98.93050909 99.6556     11.5046     71.         52.5517
 66.3247     85.7052      1.        ]","[ 36.5749  94.5895 100.      11.5046  71.      52.5517  66.3247  85.7052
   1.    ]",[33.4955 80.239  90.4426 11.5046 71.     52.5517 66.3247 85.7052  1.    ],[0.97197404 0.80375132 0.51       0.83643727],[0.96416758 0.69366762 0.49       0.82412713],[0.96809896 0.59819963 0.52       0.79432848],[0.96809896 0.22910192 0.48       0.73535047],114.71591174145453,96.09855757575758,130.48080000000004,151.30929999999998,-18.617354165696952,34.38224242424246,15.764888258545511,-20.828499999999934,-0.16229094885857281,0.3577810457471002,0.137425471490618,-0.13765512100049326,2.479398488998413,0.5857830047607422,0.7249844074249268,1.314960241317749,4.232622778141372,3.4199335373363304,0.8079939358163382,1.8137772727945396,96,120
114,"[15.77556844 80.13865496 99.0552286  30.9904     58.         52.9654
 58.5465     59.2744      0.        ]","[ 7.22113333 84.97263636 99.6556     30.9904     58.         52.9654
 58.5465     59.2744      0.        ]",[19.5065 97.8383 90.578  30.9904 58.     52.9654 58.5465 59.2744  0.    ],[20.671  36.0313 79.263  30.9904 58.     52.9654 58.5465 59.2744  0.    ],[0.82600378 0.94846683 0.3        0.7439513 ],[0.82600378 0.95632229 0.25       0.64196509],[0.82600378 0.8869907  0.32       0.41826208],[0.72217774 0.81715563 0.06       0.30107509],105.59128487840286,91.60249696969692,100.09979999999996,174.38629999999998,-13.988787908705945,8.497303030303044,-5.4914848784029004,-74.28650000000002,-0.13248051602757932,0.09276278825798867,-0.05200698982616607,-0.4259881653547327,2.9755475521087646,0.10021114349365234,0.8992393016815186,0.1109006404876709,29.69278114561425,3.3089607477616756,0.11143990626995959,0.1233271725115817,78,3
115,"[ 2.24105797 99.86963847 79.51085747 67.6984     71.         94.118
 80.4623     29.2232      1.        ]","[ 6.2291     98.93050909 99.6556     67.6984     71.         94.118
 80.4623     29.2232      1.        ]","[ 21.455   82.8651 100.      67.6984  71.      94.118   80.4623  29.2232
   1.    ]",[ 0.     80.     88.7339 67.6984 71.     94.118  80.4623 29.2232  1.    ],[0.53796997 0.78404301 0.63       0.93007838],[0.45589425 0.9061992  0.61       0.93751399],[0.34033217 0.80747997 0.7        0.88085639],[0.47970535 0.67181777 0.63       0.86808133],55.16216204176936,39.94459090909095,70.89150000000001,63.5677,-15.217571132678415,30.94690909090906,15.729337958230644,7.323800000000006,-0.2758697369612799,0.7747459264594918,0.2851472345540087,0.11521260010980428,2.3415892124176025,0.13728642463684082,0.6239948272705078,0.8207485675811768,17.056232752886746,3.7525779222565587,0.22001211971157225,1.3153130950961782,72,66
116,"[ 8.02797863 99.83754555 99.37633128 26.7482     44.         72.2829
 25.6251     59.1994      0.        ]","[ 2.19723333 84.97263636 99.6556     26.7482     44.         72.2829
 25.6251     59.1994      0.        ]",[ 0.8745 96.2805 96.2355 26.7482 44.     72.2829 25.6251 59.1994  0.    ],[24.671  80.033  78.263  26.7482 44.     72.2829 25.6251 59.1994  0.    ],[0.52018349 0.89473344 0.22       0.80115517],[0.47699297 0.87233281 0.21       0.65411549],[0.53344484 0.76880926 0.26       0.37190082],[0.465813   0.65782118 0.18       0.50754275],82.0659018053002,90.82079696969697,81.6103,139.62679999999995,8.754895164396771,-9.210496969696976,-0.4556018053002049,-58.01649999999995,0.10668127653270167,-0.10141396328827776,-0.005551657817410105,-0.415511205585174,2.407087802886963,0.06864738464355469,0.5698292255401611,0.22821712493896484,35.064523075213245,4.224226654231713,0.12047010150888877,0.40050091274737587,72,10
117,"[ 4.16208011 85.00559242 49.84807274 87.1705     52.         85.1452
 69.5996     38.676       0.        ]","[ 5.22113333 95.93050909 99.6556     87.1705     52.         85.1452
 69.5996     38.676       0.        ]",[26.3019 99.2065 78.726  87.1705 52.     85.1452 69.5996 38.676   0.    ],[27.1474 98.2065 77.726  87.1705 52.     85.1452 69.5996 38.676   0.    ],[0.67822383 0.89995677 0.42       0.64485656],[0.66373108 0.95794375 0.29       0.6052712 ],[0.65711823 0.87331117 0.27       0.53174481],[0.65711823 0.87621866 0.28       0.53174481],82.13791494497048,22.46452424242426,61.19889999999998,64.0444,-59.673390702546214,38.73437575757572,-20.939014944970495,-2.8455000000000155,-0.7265023800826366,1.7242464313767143,-0.2549250849500977,-0.04443011410833759,2.4483063220977783,0.21216416358947754,0.4342207908630371,0.2093508243560791,11.539678900886749,5.638390361805657,0.4886089474614744,0.4821298951162221,42,11
118,"[13.93963247 80.04310483 99.19094316 99.1016     60.         11.8702
  5.0206     14.1654      0.        ]",[24.671  77.0922 99.6556 99.1016 60.     11.8702  5.0206 14.1654  0.    ],[19.5065 76.9837 80.3945 99.1016 60.     11.8702  5.0206 14.1654  0.    ],[24.671  77.0922 78.263  99.1016 60.     11.8702  5.0206 14.1654  0.    ],[0.33237575 0.96541781 0.44       0.76015643],[0.33237575 0.96541781 0.41       0.5863914 ],[0.33237575 0.89152953 0.4        0.46830976],[0.33237575 0.89406963 0.38       0.46830976],35.60398448568628,48.82159999999999,63.026700000000005,70.2142,13.217615514313707,14.205100000000016,27.422715514313722,-7.1875,0.3712397841210027,0.29095932947711706,0.7702147922611965,-0.10236533350803682,2.4451112747192383,0.263751745223999,0.5129697322845459,0.2667524814605713,9.27050273219104,4.766580015997762,0.5141662921306537,0.520016025648474,42,12
119,"[35.48694014 76.21638417 99.41758452 77.5773     68.         35.6232
 64.9119     71.6365      0.        ]","[ 9.24503333 84.97263636 99.6556     77.5773     68.         35.6232
 64.9119     71.6365      0.        ]",[34.2149 78.8517 86.052  77.5773 68.     35.6232 64.9119 71.6365  0.    ],[38.5239 52.4867 79.263  77.5773 68.     35.6232 64.9119 71.6365  0.    ],[0.82135328 0.96112183 0.48       0.83035789],[0.82733269 0.95613572 0.4        0.83907493],[0.82135328 0.88334635 0.44       0.60894117],[0.75504451 0.86235768 0.21       0.5901196 ],82.275671456353,47.039496969696984,91.7339,129.19690000000003,-35.23617448665601,44.69440303030302,9.45822854364701,-37.46300000000002,-0.42826966784888165,0.9501462793935769,0.1149577800609573,-0.2899682577523146,2.5566487312316895,0.09607744216918945,0.9830687046051025,0.29483652114868164,26.610291380670905,2.6006816403118966,0.09773217448498031,0.2999144614893596,72,15
120,"[ 5.65460533 99.83670058 89.23651456 84.0026     57.         82.1136
 11.0868     85.8186      1.        ]","[ 6.2291     98.93050909 99.6556     84.0026     57.         82.1136
 11.0868     85.8186      1.        ]",[ 7.5967 99.33   90.578  84.0026 57.     82.1136 11.0868 85.8186  1.    ],[ 4.3807 55.569  87.479  84.0026 57.     82.1136 11.0868 85.8186  1.    ],[0.58094524 0.87478494 0.87       0.94863278],[0.52512441 0.93914256 0.86       0.95031608],[0.5517934  0.78531002 0.86       0.94316343],[0.54146397 0.64602938 0.88       0.9056055 ],32.578790192534484,23.64039090909091,33.68610000000001,77.33009999999996,-8.938399283443573,10.0457090909091,1.1073098074655263,-43.64399999999995,-0.2743625294438291,0.42493836627067033,0.03398867179909183,-0.5643856661248333,2.117135524749756,0.1469419002532959,0.9655172824859619,0.7180800437927246,14.407977037865132,2.192747414420868,0.15218981878289925,0.7437257279785306,108,66
121,"[43.53640257 76.2973156  99.24950686 72.0385     92.         41.6869
 56.0709     71.0299      0.        ]","[ 0.1813     79.98768182 99.6556     72.0385     92.         41.6869
 56.0709     71.0299      0.        ]",[34.382  79.7972 83.1351 72.0385 92.     41.6869 56.0709 71.0299  0.    ],[38.691  65.0377 63.7761 72.0385 92.     41.6869 56.0709 71.0299  0.    ],[0.85647907 0.95148735 0.56       0.81684009],[0.87573137 0.96615357 0.5        0.75004348],[0.8833299  0.89687818 0.45       0.72588399],[0.85884056 0.89576151 0.28       0.59997804],95.95108012149535,48.49951818181819,99.41120000000001,137.83870000000002,-47.45156193967716,50.91168181818182,3.4601198785046563,-38.42750000000001,-0.4945391118014822,1.0497358268039025,0.03606129158862388,-0.27878600131893294,2.8816006183624268,0.06066155433654785,1.3621671199798584,0.09549427032470703,47.50291432322065,2.1154530718705318,0.0445331218517775,0.0701046655171937,96,3
122,"[ 4.36422371 84.78337525 49.91537029 59.5182     83.         63.2019
 24.8447     79.4768      0.        ]","[10.26096667 84.97263636 50.38461515 59.5182     83.         63.2019
 24.8447     79.4768      0.        ]",[13.684  59.184  52.971  59.5182 83.     63.2019 24.8447 79.4768  0.    ],[26.671  59.184  39.657  59.5182 83.     63.2019 24.8447 79.4768  0.    ],[0.41871359 0.89675832 0.7        0.77567412],[0.39012377 0.85774281 0.68       0.76110787],[0.44138139 0.84386729 0.6        0.69737138],[0.45963953 0.84184058 0.32       0.55767039],110.14727816890888,115.38551515151516,142.01080000000002,168.31179999999998,5.238236982606281,26.625284848484853,31.863521831091134,-26.30099999999996,0.047556662948797866,0.23075066929781116,0.2892810640516145,-0.15626355371399964,2.535412073135376,0.1918339729309082,0.9721617698669434,0.2755715847015381,13.216700016156896,2.6080145832955246,0.19732721330644787,0.2834626841366686,72,13
123,"[27.19708766 84.79996273 99.24251302 85.1987     95.         36.5969
 58.5856     90.7136      0.        ]","[ 0.1813     84.97263636 99.6556     85.1987     95.         36.5969
 58.5856     90.7136      0.        ]",[24.7111 85.9407 86.052  85.1987 95.     36.5969 58.5856 90.7136  0.    ],[ 4.1661 36.7377 79.263  85.1987 95.     36.5969 58.5856 90.7136  0.    ],[0.70575563 0.96044781 0.61       0.93326292],[0.66768419 0.96703638 0.58       0.92309104],[0.5290873  0.88256401 0.6        0.78256593],[0.35712843 0.88578459 0.27       0.60440778],57.95591191253493,30.354363636363587,67.51969999999994,102.9667,-27.601548276171343,37.16533636363636,9.563788087465014,-35.44700000000006,-0.47625078038331364,1.2243819968972578,0.16501833500434526,-0.3442569296675533,2.5492849349975586,0.06717681884765625,1.143568754196167,0.14085888862609863,37.94887847813742,2.2292362620466073,0.05874313949306522,0.12317483151689522,96,5
124,"[ 2.71096786 99.87958424 63.14834708 96.4623     42.         20.2577
  1.7903      7.4133      1.        ]","[ 3.2052     91.94555455 99.6556     96.4623     42.         20.2577
  1.7903      7.4133      1.        ]",[24.1645 82.0495 75.359  96.4623 42.     20.2577  1.7903  7.4133  1.    ],[33.5405 93.765  66.626  96.4623 42.     20.2577  1.7903  7.4133  1.    ],[0.56425989 0.80844157 0.69       0.90587233],[0.27978475 0.89871897 0.7        0.90122627],[[0.54839207 0.22501144 0.74       0.81662173]],[0.54744097 0.54556725 0.71       0.86906789],43.22073654178644,15.141745454545458,70.29370000000006,76.68719999999996,-28.07899108724098,55.1519545454546,27.07296345821362,-6.393499999999904,-0.6496647982871324,3.6423776050797585,0.6263882947029162,-0.08337114929218835,2.7010769844055176,0.6967885494232178,13.579442501068115,1.0897166728973389,3.8764658039248694,0.19890926922758864,0.05131201441947345,0.08024752656904915,1002,78
125,"[36.99232312 39.5108487  98.80240328 53.5143     62.         24.2833
 49.5006     81.4286      1.        ]","[ 7.1813     40.02078182 99.6556     53.5143     62.         24.2833
 49.5006     81.4286      1.        ]",[38.3851 76.7476 83.803  53.5143 62.     24.2833 49.5006 81.4286  1.    ],"[ 28.938   82.8016 100.      53.5143  62.      24.2833  49.5006  81.4286
   1.    ]",[0.9581081  0.80277769 0.81       0.82412361],[0.95826195 0.80131686 0.83       0.86063675],[0.95770041 0.6940778  0.93       0.90886648],[0.95770041 0.85997303 0.96       0.90732491],145.16477114568067,113.9906181818182,124.3202,92.62209999999993,-31.17415296386247,10.329581818181794,-20.844571145680675,31.698100000000068,-0.21475012647922356,0.090617824369597,-0.14359249135426957,0.34223041801038945,23.923956871032715,6.897271633148193,0.7378487586975098,1.7642359733581543,3.468611669004669,32.4239304993405,9.347812206560635,2.3910536577610815,66,156
126,"[48.6493403  79.56665421 98.79829795 29.2179     67.         18.6505
 66.3017     39.4964      1.        ]","[ 6.2291     79.98768182 99.6556     29.2179     67.         18.6505
 66.3017     39.4964      1.        ]",[37.0888 78.085  71.057  29.2179 67.     18.6505 66.3017 39.4964  1.    ],[19.823  86.217  82.081  29.2179 67.     18.6505 66.3017 39.4964  1.    ],[0.97035131 0.80329411 0.8        0.80934282],[0.96545378 0.91945914 0.78       0.85355844],[0.97035131 0.70703372 0.8        0.76986802],[0.97046158 0.66187091 0.8        0.81054752],141.06648814814992,97.3679181818182,158.7289,122.30709999999999,-43.69856996633172,61.36098181818181,17.662411851850095,36.42180000000002,-0.3097728634205375,0.6301971220500012,0.12520629161265284,0.2977897440132259,21.05013132095337,0.404796838760376,0.976555347442627,0.8630316257476807,52.0017186532779,21.555492349797483,0.414514998889152,0.8837508575502262,72,72
127,"[ 7.24578782 71.3418605  99.17285978 63.7435     26.         33.074
  9.9026     98.6608      0.        ]","[ 1.1813     79.98768182 99.6556     63.7435     26.         33.074
  9.9026     98.6608      0.        ]",[ 0.     70.264  67.3935 63.7435 26.     33.074   9.9026 98.6608  0.    ],[27.4959 76.816  57.7895 63.7435 26.     33.074   9.9026 98.6608  0.    ],[0.08966901 0.56477606 0.67       0.91757973],[0.07988256 0.49539888 0.62       0.93420911],[0.03501386 0.28283014 0.7        0.84884612],[0.03244079 0.21775475 0.57       0.85466697],72.98756754570036,57.794518181818205,98.59899999999999,129.14690000000002,-15.193049363882153,40.804481818181785,25.61143245429963,-30.547900000000027,-0.20815941501775892,0.7060268534433188,0.3509013016259696,-0.2365360686164362,2.3723647594451904,0.10886716842651367,1.1773979663848877,0.3531365394592285,21.791370104813172,2.0149217402925865,0.0924642062706989,0.29992963258082384,72,14
128,"[ 7.41835292 84.76876786 99.93197844 24.9054     33.         66.3611
 90.418      31.9874      1.        ]","[ 6.19723333 98.93050909 99.6556     24.9054     33.         66.3611
 90.418      31.9874      1.        ]",[ 4.6125 84.4105 93.751  24.9054 33.     66.3611 90.418  31.9874  1.    ],[ 2.8315 95.88   81.135  24.9054 33.     66.3611 90.418  31.9874  1.    ],[0.97295355 0.86588874 0.54       0.64761764],[0.9680128  0.92862787 0.5        0.63830822],[0.97431887 0.73295552 0.49       0.40876334],[0.97431887 0.69959102 0.51       0.60491216],97.81220661944775,82.70572424242425,101.54560000000004,100.91110000000003,-15.106482377023497,18.839875757575783,3.733393380552286,0.6345000000000027,-0.15444373354950888,0.2277940968433209,0.03816899249679114,0.006287712650045461,2.872581958770752,0.20923185348510742,1.3033783435821533,1.2149333953857422,13.729180862870933,2.203950965516169,0.160530405093323,0.9321417694010992,120,108
129,"[ 7.83129254 99.83785011 99.15072346 77.9142     11.         22.2103
 21.6273      7.5005      0.        ]","[ 3.2052     91.94856364 99.6556     77.9142     11.         22.2103
 21.6273      7.5005      0.        ]",[ 0.     80.0165 78.7895 77.9142 11.     22.2103 21.6273  7.5005  0.    ],[24.671  80.033  76.2425 77.9142 11.     22.2103 21.6273  7.5005  0.    ],[0.48909807 0.82864718 0.29       0.75740594],[0.44883116 0.96508866 0.29       0.58019584],[0.53673405 0.82190858 0.34       0.3639276 ],[0.52071528 0.34436203 0.25       0.51606119],30.92851896744145,33.68683636363636,63.279799999999966,90.48129999999998,2.7583173961949115,29.592963636363606,32.35128103255852,-27.20150000000001,0.08918362366780644,0.878472627020211,1.0460016228586573,-0.3006311801444057,2.8102774620056152,0.37487292289733887,0.8832776546478271,0.4182920455932617,7.496613626520116,3.181646730467901,0.4244111927033917,0.4735680149862271,78,22
130,"[ 0.18727136 98.65999961 89.94164378 52.9751     92.         18.4869
 72.5401     88.2602      0.        ]","[ 0.1813     84.97263636 99.6556     52.9751     92.         18.4869
 72.5401     88.2602      0.        ]",[ 0.     71.1121 58.151  52.9751 92.     18.4869 72.5401 88.2602  0.    ],[ 4.9747 73.2206 60.302  52.9751 92.     18.4869 72.5401 88.2602  0.    ],[0.82036038 0.9345628  0.49       0.80711307],[0.82112724 0.96948393 0.44       0.88399468],[0.71030464 0.89225026 0.46       0.78501891],[0.73133134 0.8882601  0.43       0.68619532],58.61052797151257,62.57796363636362,117.7618,118.47699999999998,3.9674356648510525,55.183836363636374,59.151272028487426,-0.7151999999999816,0.06769151894996425,0.8818413568761357,1.009226056745943,-0.0060366147015874965,2.5575451850891113,0.07327461242675781,0.5777242183685303,0.11073923110961914,34.903564828070905,4.426930884620893,0.1268332018929072,0.19168182255253594,54,3
131,"[36.2129339  79.94869303 99.80845237 81.6294     27.         65.5322
 80.4424     25.6736      1.        ]","[ 6.22113333 79.98467273 99.6556     81.6294     27.         65.5322
 80.4424     25.6736      1.        ]",[38.691  75.9765 47.8996 81.6294 27.     65.5322 80.4424 25.6736  1.    ],[25.292  88.9325 80.027  81.6294 27.     65.5322 80.4424 25.6736  1.    ],[0.96090698 0.87395663 0.75       0.91369187],[0.95879763 0.90296915 0.73       0.90988139],[0.96090698 0.54493401 0.7        0.85417566],[0.96562467 0.55003241 0.75       0.89832191],74.82638849699595,44.95146060606055,133.1855,74.70309999999995,-29.874927890935396,88.23403939393944,58.359111503004044,58.48240000000004,-0.3992565790093529,1.9628736909617426,0.7799268770715425,0.782864432667454,2.3763768672943115,0.23188114166259766,0.8702647686004639,0.7541027069091797,10.24825412819511,2.7306366441973013,0.2664489590168089,0.8665210107515983,78,84
132,"[ 2.15248053 90.13713631 99.6867656  28.087      69.         34.9071
 93.9881     22.5837      1.        ]","[ 2.19723333 84.97263636 99.6556     28.087      69.         34.9071
 93.9881     22.5837      1.        ]",[68.854  89.0235 99.9503 28.087  69.     34.9071 93.9881 22.5837  1.    ],[38.691  57.396  87.9648 28.087  69.     34.9071 93.9881 22.5837  1.    ],[0.97188847 0.94637314 0.6        0.78740355],[0.97188847 0.94637314 0.59       0.79411326],[0.97485754 0.83340347 0.49       0.71837568],[0.97589654 0.68495625 0.48       0.62605046],84.24157861996275,89.48199696969698,151.79319999999998,165.2432,5.240418349734227,62.311203030303005,67.55162138003723,-13.450000000000017,0.06220702930289585,0.6963546315512454,0.8018798138242569,-0.0813951799529422,2.6105258464813232,0.061840057373046875,0.9846105575561523,0.14229464530944824,42.21415628277096,2.6513283109220014,0.06280661617780808,0.144518707642776,114,5
133,"[ 9.42989324 84.82656685 52.70766101 50.5941     65.         52.5658
 28.658      74.6444      0.        ]","[10.26096667 84.97263636 52.39567576 50.5941     65.         52.5658
 28.658      74.6444      0.        ]",[18.342  84.9703 81.526  50.5941 65.     52.5658 28.658  74.6444  0.    ],[24.671  87.4763 78.263  50.5941 65.     52.5658 28.658  74.6444  0.    ],[0.56018982 0.85774281 0.56       0.79389242],[0.56018982 0.85774281 0.58       0.74725162],[0.56018982 0.86938449 0.44       0.69517109],[0.56018982 0.87236892 0.39       0.66741604],121.30156536569194,122.29855454545452,101.2516,108.33760000000001,0.9969891797625792,-21.046954545454525,-20.049965365691946,-7.086000000000013,0.008219095745029523,-0.17209487572178978,-0.16529024423754662,-0.06540665475328983,2.3587331771850586,0.1431736946105957,0.5821490287780762,0.35604214668273926,16.474626736429126,4.05176863755319,0.24593993553698024,0.611599657616998,48,18
134,"[59.94776269 76.16408911 99.0037047  81.7413     31.         23.3226
 39.8653     51.2649      0.        ]","[ 2.19723333 84.97263636 99.6556     81.7413     31.         23.3226
 39.8653     51.2649      0.        ]",[30.073  73.868  80.0585 81.7413 31.     23.3226 39.8653 51.2649  0.    ],[35.826  70.766  79.282  81.7413 31.     23.3226 39.8653 51.2649  0.    ],[0.83643854 0.93567904 0.63       0.79415116],[0.87694503 0.95489785 0.5        0.78442101],[0.83012924 0.83863933 0.58       0.57966186],[0.80831734 0.86187792 0.55       0.57966186],103.03866888533253,35.827696969696945,94.40520000000004,104.0367,-67.21097191563558,58.57750303030309,-8.63346888533249,-9.63149999999996,-0.6522888216891845,1.6349781868437685,-0.08378862982925683,-0.09257790760375868,2.471906900405884,0.06511092185974121,0.8599097728729248,0.7285223007202148,37.96455079734159,2.8746119399798653,0.07571831826286632,0.8472078393599952,72,48
135,"[ 3.34332792 79.93109071 99.6739999  96.489       3.         52.5967
 62.9172     83.5346      1.        ]",[ 6.2291 88.0662 99.3193 96.489   3.     52.5967 62.9172 83.5346  1.    ],"[  6.03    79.9342 100.      96.489    3.      52.5967  62.9172  83.5346
   1.    ]",[36.     88.0662 99.3193 96.489   3.     52.5967 62.9172 83.5346  1.    ],[0.60451623 0.70503175 0.78       0.89676888],[0.60451623 0.70503175 0.76       0.91265875],[0.60451623 0.70503175 0.78       0.89676888],[0.62986923 0.47077855 0.8        0.88723213],27.24923730536443,22.354600000000005,29.60680000000002,52.12549999999999,-4.8946373053644265,7.252200000000016,2.3575626946355897,-22.518699999999967,-0.17962474510803433,0.3244164512002011,0.08651848373647754,-0.43200928528263466,2.1897075176239014,0.06172680854797363,1.1578524112701416,0.5053362846374512,35.47417352578785,1.8911801679644427,0.0533114652153814,0.43644274496358915,78,48
136,"[2.27658503e+00 9.34218669e+01 8.11242567e+01 6.74132000e+01
 6.30000000e+01 4.49258000e+01 7.92903000e+01 1.31000000e-02
 1.00000000e+00]","[6.22910000e+00 8.49726364e+01 9.96556000e+01 6.74132000e+01
 6.30000000e+01 4.49258000e+01 7.92903000e+01 1.31000000e-02
 1.00000000e+00]","[2.87080e+00 8.81485e+01 8.49205e+01 6.74132e+01 6.30000e+01 4.49258e+01
 7.92903e+01 1.31000e-02 1.00000e+00]","[9.95800e-01 9.39355e+01 8.54250e+01 6.74132e+01 6.30000e+01 4.49258e+01
 7.92903e+01 1.31000e-02 1.00000e+00]",[0.97010319 0.80704347 0.38       0.25504715],[0.96280147 0.74347596 0.33       0.26562413],[0.97010319 0.65242102 0.38       0.24765961],[0.97010319 0.80704347 0.38       0.15500297],60.3172613917165,54.187663636363595,62.38859999999994,54.22210000000001,-6.129597755352904,8.200936363636345,2.0713386082834404,8.166499999999928,-0.10162261372487802,0.15134323595625482,0.03434072702392125,0.15061201982217448,2.323970079421997,0.14223885536193848,0.7063353061676025,0.7533793449401855,16.338503804100952,3.290179691046839,0.2013758255037408,1.0666029835430881,66,66
137,"[61.57066704 99.83415321 99.02367799 38.539      24.         25.5777
 65.5991     66.9246      0.        ]","[ 0.1813     84.97263636 99.6556     38.539      24.         25.5777
 65.5991     66.9246      0.        ]",[ 0.     73.868  66.285  38.539  24.     25.5777 65.5991 66.9246  0.    ],[34.1726 59.217  37.657  38.539  24.     25.5777 65.5991 66.9246  0.    ],[0.74794349 0.9512196  0.37       0.74200766],[0.79577182 0.94941373 0.37       0.5286925 ],[0.79145765 0.84800742 0.42       0.26153428],[0.70278937 0.78655889 0.1        0.31835533],124.17383583446122,77.01406363636363,121.30799999999999,198.75960000000003,-47.159772198097585,44.29393636363636,-2.8658358344612225,-77.45160000000004,-0.3797883175725302,0.5751408804082655,-0.02307922450170364,-0.389674762879378,2.308926582336426,0.06014585494995117,1.200798511505127,0.21567106246948242,38.388789788718434,1.9228259863866157,0.05008821577781775,0.17960637059680565,96,10
138,"[ 2.40371955 65.7191624  99.00231774 85.3827     27.         25.6482
 52.8556     10.7937      1.        ]","[ 6.2052     98.93050909 99.6556     85.3827     27.         25.6482
 52.8556     10.7937      1.        ]",[38.691  93.1315 99.02   85.3827 27.     25.6482 52.8556 10.7937  1.    ],[ 0.6815 94.206  90.297  85.3827 27.     25.6482 52.8556 10.7937  1.    ],[0.96392156 0.85767349 0.54       0.84835922],[0.96392156 0.94107057 0.47       0.89457348],[0.96902934 0.8867435  0.48       0.85075581],[0.97101003 0.82265376 0.47       0.82582571],52.299539410101545,22.236390909090915,61.156799999999976,30.795799999999986,-30.06314850101063,38.92040909090906,8.85726058989843,30.36099999999999,-0.5748262573647828,1.7503024321719947,0.16935637846530766,0.9858811915910612,2.6727211475372314,0.34288859367370605,0.9263520240783691,0.9129714965820312,7.794721658430557,2.885211105568999,0.3701493436200424,0.9855556773790717,96,78
139,"[ 9.37611762 84.78311663 54.4680248  84.4047     77.         30.2094
 26.6016     65.7026      0.        ]","[ 5.4626     84.97263636 50.645      84.4047     77.         30.2094
 26.6016     65.7026      0.        ]",[ 7.6171 96.3097 50.1125 84.4047 77.     30.2094 26.6016 65.7026  0.    ],[ 8.3276 96.1762 82.081  84.4047 77.     30.2094 26.6016 65.7026  0.    ],[0.69437644 0.87192397 0.71       0.82594443],[0.70784753 0.90746972 0.66       0.80989413],[[0.69437644 0.90746972 0.61       0.78942058]],[0.69437644 0.88246751 0.58       0.77634784],85.72027619525761,85.44026363636362,76.79019999999997,45.665700000000015,-0.28001255889398635,-8.650063636363654,-8.93007619525764,31.124499999999955,-0.0032665848889259384,-0.10124106911910513,-0.1041769414615079,0.681572821614471,2.394028425216675,0.1387467384338379,1.0737941265106201,0.630939245223999,17.254664522137794,2.229504116395441,0.12921167569123004,0.587579340999272,78,54
140,"[ 3.14312082 78.09028765 96.04494831 50.5477     85.         44.0296
 45.7309     15.7798      1.        ]","[ 6.2291     98.93050909 99.6556     50.5477     85.         44.0296
 45.7309     15.7798      1.        ]",[38.691  85.0095 68.906  50.5477 85.     44.0296 45.7309 15.7798  1.    ],"[  7.062   68.579  100.      50.5477  85.      44.0296  45.7309  15.7798
   1.    ]",[0.97010319 0.81251405 0.79       0.81631355],[0.96280147 0.93437696 0.68       0.89066047],[[0.96652053 0.68710349 0.77       0.82891954]],[0.96818107 0.84036078 0.74       0.82485113],78.46018485866335,57.09529090909092,134.22779999999995,87.93529999999998,-21.364893949572433,77.13250909090902,55.76761514133659,46.29249999999996,-0.2723023656910666,1.3509434466972425,0.7107759845556735,0.5264381880769153,2.3089640140533447,0.41413235664367676,0.9573259353637695,11.003932237625122,5.575425288587142,2.4118891265344993,0.4325928519698076,11.49444701238956,72,1002
141,"[25.77635832 80.18974815 99.1400003  86.9847     64.         13.3284
  3.7925     29.6657      1.        ]","[ 6.2291     98.93050909 99.6556     86.9847     64.         13.3284
  3.7925     29.6657      1.        ]",[ 5.5325 83.2782 96.2355 86.9847 64.     13.3284  3.7925 29.6657  1.    ],"[ 18.9115  97.5092 100.      86.9847  64.      13.3284   3.7925  29.6657
   1.    ]",[0.28784028 0.90257871 0.93       0.94083545],[0.24074653 0.96115448 0.9        0.95031815],[[0.28444502 0.88333996 0.94       0.88226417]],[0.27154237 0.90257871 0.91       0.93623218],59.461909866972405,20.658290909090965,39.03409999999997,34.41759999999999,-38.80361895788144,18.375809090909,-20.42780986697244,4.616499999999974,-0.6525794251259758,0.8895125531813706,-0.343544462542043,0.1341319557435723,2.5636420249938965,0.15903234481811523,0.8264262676239014,7.995945453643799,16.12025546077388,3.1020819708027303,0.1924337972404446,9.675328298353019,96,1002
142,"[25.36590612 99.85444798 99.55114796 14.3524     40.         83.9333
 53.7855     11.6008      1.        ]","[ 2.19723333 98.93050909 99.6556     14.3524     40.         83.9333
 53.7855     11.6008      1.        ]",[36.5365 94.4002 86.052  14.3524 40.     83.9333 53.7855 11.6008  1.    ],"[ 35.826   88.9325 100.      14.3524  40.      83.9333  53.7855  11.6008
   1.    ]",[0.88648051 0.73885167 0.27       0.72568396],[0.88280223 0.61141657 0.29       0.70794871],[0.84364961 0.20264744 0.24       0.66034135],[0.84364961 0.50847857 0.26       0.68923974],111.60791018467864,89.25872424242425,141.7319,132.54109999999997,-22.349185942254394,52.473175757575746,30.12398981532135,9.190800000000024,-0.20024732929120337,0.5878772770161944,0.26990909305151317,0.06934301888244497,2.3908016681671143,0.06400418281555176,0.8678891658782959,0.6336548328399658,37.35383474947197,2.7547315511741006,0.07374695448672886,0.7301103156400309,72,72
143,"[ 8.4561112  84.97746216 50.10730931 86.7941     30.         23.6341
 30.2148     40.6917      0.        ]","[ 6.2052     84.97263636 99.6556     86.7941     30.         23.6341
 30.2148     40.6917      0.        ]",[30.073  85.9391 79.039  86.7941 30.     23.6341 30.2148 40.6917  0.    ],[38.691  86.3731 73.961  86.7941 30.     23.6341 30.2148 40.6917  0.    ],[0.78367705 0.82641462 0.67       0.77973967],[0.75499728 0.94817467 0.48       0.7999992 ],[0.77659408 0.84014224 0.5        0.6484246 ],[0.77659408 0.86630372 0.31       0.64403019],86.57723972728286,34.78286363636363,78.30080000000004,91.56279999999998,-51.79437609091923,43.51793636363641,-8.27643972728282,-13.261999999999944,-0.5982447148242519,1.2511315002293464,-0.09559602215724934,-0.14484048106873038,2.6822054386138916,0.4119753837585449,0.7086672782897949,0.53310227394104,6.510596371422785,3.784858594130063,0.5813382335822708,0.7522603205661752,60,29
144,"[39.01165199 57.01745033 98.8024025  36.8605     37.         40.5672
 71.6623     92.5929      1.        ]","[38.3964     72.98467273 99.6556     36.8605     37.         40.5672
 71.6623     92.5929      1.        ]",[37.0895 80.4556 90.5291 36.8605 37.     40.5672 71.6623 92.5929  1.    ],[36.     93.7256 99.7901 36.8605 37.     40.5672 71.6623 92.5929  1.    ],[0.88080101 0.80739006 0.81       0.88413696],[0.88080101 0.81296164 0.8        0.89791383],[0.78879385 0.63455293 0.84       0.91924116],[0.88080101 0.83233872 0.81       0.92374155],146.33129915879098,128.89562727272727,129.2443,105.62379999999996,-17.435671886063716,0.3486727272727421,-17.086999158790974,23.62050000000005,-0.11915203368175832,0.0027050780127319107,-0.11676927121551123,0.2236285761353034,23.274266481399536,0.7005360126495361,0.6597185134887695,1.7521209716796875,33.22351179830519,35.27908646722514,1.0618710833881448,2.655861455841218,60,126
145,"[ 5.85660091 98.91519306 99.36906583 54.0476     49.         84.1291
 64.7841      5.703       1.        ]",[ 7.1742 76.816  99.6556 54.0476 49.     84.1291 64.7841  5.703   1.    ],[ 3.6807 80.092  98.9864 54.0476 49.     84.1291 64.7841  5.703   1.    ],"[  3.4972  76.816  100.      54.0476  49.      84.1291  64.7841   5.703
   1.    ]",[0.83116543 0.80608646 0.31       0.82194575],[0.82358525 0.64030667 0.26       0.76800821],[0.80744486 0.79938132 0.26       0.81400857],[0.80744486 0.85041162 0.25       0.76800821],53.52474201985251,76.65500000000003,70.55470000000003,72.6336,23.13025798014752,-6.100300000000004,17.029957980147515,-2.078899999999976,0.4321414192256812,-0.07958124062357318,0.31816982833529667,-0.02862173980086318,2.5105292797088623,0.06766271591186523,0.6101915836334229,0.7624044418334961,37.10358423949429,4.114329576228769,0.1108876584448502,1.2494509303024348,54,72
146,"[61.10540553 74.92838973 99.18814389 98.0465     87.         40.7092
 70.5001     53.1471      0.        ]","[ 9.253      84.97263636 99.6556     98.0465     87.         40.7092
 70.5001     53.1471      0.        ]",[34.382  80.0165 52.9817 98.0465 87.     40.7092 70.5001 53.1471  0.    ],[38.691  80.033  45.9167 98.0465 87.     40.7092 70.5001 53.1471  0.    ],[0.91717362 0.96555119 0.56       0.80870524],[0.93542334 0.96722651 0.47       0.84740533],[[0.92976605 0.90832092 0.2        0.76572293]],[0.91692231 0.92937656 0.17       0.62751488],88.9423719113617,26.57826363636366,103.33730000000003,114.69480000000004,-62.364108274998046,76.75903636363637,14.394928088638324,-11.357500000000016,-0.7011743327145462,2.888038037918201,0.1618455611121327,-0.09902366977404391,2.5670676231384277,0.1448814868927002,1.0003836154937744,0.1584029197692871,17.718396450746038,2.5660832338516073,0.14482592942227354,0.15834217725677344,90,6
147,"[39.31259637 44.85124762 98.80240263 88.6279     41.         39.5392
 74.4652     23.6269      1.        ]","[ 5.5816     83.97263636 63.263      88.6279     41.         39.5392
 74.4652     23.6269      1.        ]",[ 4.5816 81.033  79.263  88.6279 41.     39.5392 74.4652 23.6269  1.    ],[ 4.5816 81.033  79.263  88.6279 41.     39.5392 74.4652 23.6269  1.    ],[0.97035131 0.81940054 0.8        0.84565454],[0.97224988 0.81210525 0.8        0.87547799],[[0.97224988 0.82151377 0.82       0.86903108]],[0.97224988 0.82151377 0.82       0.86903108],107.03104613006593,69.71806363636364,55.65769999999998,55.65769999999998,-37.31298249370229,-14.060363636363661,-51.373346130065954,0.0,-0.3486183106942534,-0.2016746149132868,-0.47998546204655607,0.0,21.40080165863037,3.863042116165161,0.0805521011352539,0.08595585823059082,5.539883080507269,265.6765169004913,47.95706209672645,1.0670839992896466,0,0
148,"[38.93323182 39.51969964 98.80281184 51.0397     49.         37.4535
 50.7095     89.2817      1.        ]",[65.131  75.033  99.6556 51.0397 49.     37.4535 50.7095 89.2817  1.    ],[64.5655 83.066  99.3662 51.0397 49.     37.4535 50.7095 89.2817  1.    ],"[ 15.2655  83.0845 100.      51.0397  49.      37.4535  50.7095  89.2817
   1.    ]",[0.93637686 0.81367881 0.8        0.8289543 ],[0.93251113 0.8124722  0.88       0.91138336],[0.93095061 0.8124722  0.92       0.8892918 ],[0.93600225 0.86756131 0.89       0.89854323],149.57102034170484,139.40269999999998,131.09360000000004,81.1413,-10.168320341704856,-8.309099999999944,-18.4774203417048,49.95230000000004,-0.06798322508247025,-0.05960501482395926,-0.12353609876760831,0.6156211448423926,21.25633192062378,5.908700466156006,0.32793092727661133,0.16467642784118652,3.597463104176003,64.81954019144392,18.01812508270069,0.5021680303495167,18,6
149,"[27.0977537  80.98244058 98.99633013 85.5542     49.          5.7987
 79.9983     87.3653      0.        ]",[26.671  85.4729 99.6556 85.5542 49.      5.7987 79.9983 87.3653  0.    ],[26.4935 91.7984 84.9205 85.5542 49.      5.7987 79.9983 87.3653  0.    ],[26.671  85.4729 79.263  85.5542 49.      5.7987 79.9983 87.3653  0.    ],[0.762244   0.96882769 0.45       0.81259447],[0.762244   0.96865062 0.42       0.68449291],[0.762244   0.88437559 0.49       0.60887248],[0.762244   0.88437559 0.4        0.60887248],61.56478299568221,55.98830000000004,64.22039999999998,76.3809,-5.57648299568217,8.232099999999946,2.655617004317776,-12.160500000000013,-0.09057910585136428,0.14703250500550902,0.04313532631965949,-0.15920865033012196,2.5256521701812744,0.262662410736084,0.8822686672210693,0.29488134384155273,9.615582843024237,2.862679208745406,0.29771250016551803,0.33423077889681485,78,15
150,"[25.23790428 99.87859309 99.65300574  4.9577     57.         34.3383
 53.2773     69.7784      1.        ]","[25.38046667 98.93050909 99.6556      4.9577     57.         34.3383
 53.2773     69.7784      1.        ]",[38.691  89.553  78.1315  4.9577 57.     34.3383 53.2773 69.7784  1.    ],[18.     91.6615 79.263   4.9577 57.     34.3383 53.2773 69.7784  1.    ],[0.97726151 0.76137597 0.49       0.48247716],[0.97726151 0.68898276 0.49       0.43871312],[0.97529997 0.29802071 0.44       0.44001561],[0.9753923  0.22507336 0.47       0.36259758],120.74860545811993,121.83665757575761,166.04880000000003,142.1178,1.0880521176376874,44.212142424242415,45.3001945418801,23.93100000000004,0.00901088764967198,0.3628804606425735,0.37516122335335694,0.16838847772763188,2.3727478981018066,0.08030939102172852,0.5440495014190674,0.5000994205474854,29.545086420339505,4.361272075266805,0.14761412484021055,0.9192167610540123,48,48
151,"[ 4.24910274 99.87184322 99.96305874 23.5104     22.         62.4704
 49.1341     34.8064      1.        ]","[ 6.2291     84.97263636 99.6556     23.5104     22.         62.4704
 49.1341     34.8064      1.        ]",[36.974  74.7831 81.526  23.5104 22.     62.4704 49.1341 34.8064  1.    ],[37.861  92.8755 84.398  23.5104 22.     62.4704 49.1341 34.8064  1.    ],[0.95899385 0.94366856 0.79       0.78408345],[0.95899385 0.88443642 0.85       0.76022471],[0.96347136 0.50513079 0.81       0.50815376],[0.96347136 0.53067109 0.83       0.65721069],80.90380077048036,98.09046363636361,157.15449999999998,137.07709999999997,17.18666286588325,59.064036363636376,76.25069922951963,20.07740000000001,0.21243331836338405,0.6021384156424809,0.9424859957548678,0.1464679366575454,2.2887539863586426,0.15999817848205566,0.7433135509490967,1.2787108421325684,14.304875268410221,3.079123182183692,0.21524991476041663,1.720284583134334,84,102
152,"[ 2.82945322 99.87585611 99.11895721 10.596       7.         13.2851
 74.4053     16.8365      1.        ]","[ 6.19723333 88.9606     99.6556     10.596       7.         13.2851
 74.4053     16.8365      1.        ]",[ 2.7368 89.8693 46.1413 10.596   7.     13.2851 74.4053 16.8365  1.    ],[ 4.9143 86.5213 45.6418 10.596   7.     13.2851 74.4053 16.8365  1.    ],[0.9525971  0.68723617 0.35       0.76732901],[0.9525971  0.69026979 0.35       0.73439249],[0.96620635 0.36281029 0.32       0.6762635 ],[0.96620635 0.36281029 0.3        0.65685757],93.23863990017082,106.98503333333332,156.13019999999997,162.15519999999998,13.746393433162496,49.145166666666654,62.89156009982915,-6.025000000000006,0.14743236760940043,0.4593648768939954,0.6745224959004783,-0.03715576188737707,2.4160685539245605,0.2583961486816406,0.8671565055847168,0.660597562789917,9.350249863442432,2.7861966535042306,0.29798098384490135,0.7617973901314172,66,54
153,"[ 3.48340254 84.76621252 79.46718689 28.408      10.         45.8693
  6.5465     33.6569      1.        ]","[ 6.2291     79.98467273 99.6556     28.408      10.         45.8693
  6.5465     33.6569      1.        ]",[36.5365 88.2854 81.526  28.408  10.     45.8693  6.5465 33.6569  1.    ],[36.927  89.4354 72.939  28.408  10.     45.8693  6.5465 33.6569  1.    ],[0.50004858 0.77710703 0.84       0.87555601],[0.41280019 0.91478567 0.82       0.85778757],[0.48675129 0.52280337 0.81       0.82576829],[0.48675129 0.52942044 0.82       0.82576829],110.84200312821429,98.18082727272724,138.31709999999998,146.14460000000003,-12.661175855487045,40.13627272727274,27.475096871785695,-7.827500000000043,-0.11422723785351913,0.408799496217138,0.24787622107482504,-0.053559967320038114,2.164893865585327,1.0722498893737793,16.07906150817871,12.204173564910889,2.019019901088243,0.13464056123450618,0.06668609911271084,0.7590103165351512,1002,1002
154,"[ 2.7542638  98.67622474 94.27963325 60.242      18.         50.1566
 22.9628     13.4706      1.        ]","[ 3.2052     98.93050909 99.6556     60.242      18.         50.1566
 22.9628     13.4706      1.        ]",[ 3.2035 96.2805 87.3184 60.242  18.     50.1566 22.9628 13.4706  1.    ],[ 1.593  95.9205 93.2554 60.242  18.     50.1566 22.9628 13.4706  1.    ],[0.9518499  0.81594643 0.68       0.84020623],[0.94036422 0.93550006 0.62       0.85836998],[0.9518499  0.74471093 0.64       0.84020623],[0.9518499  0.74471093 0.65       0.77203038],49.55640581125749,44.377090909090896,59.362599999999986,52.175099999999986,-5.179314902166595,14.98550909090909,9.806194188742495,7.1875,-0.10451352993380394,0.33768570187729957,0.19787944723212492,0.13775728268848553,2.5615806579589844,0.15149188041687012,0.688767671585083,0.7759175300598145,16.90902938764847,3.7190779469424533,0.21994627022525176,1.1265301233929443,72,78
155,"[39.27870717 71.20473077 98.85551235 58.1534     34.         54.4683
 39.1255     98.0827      0.        ]","[ 7.2291     98.93050909 99.6556     58.1534     34.         54.4683
 39.1255     98.0827      0.        ]","[ 14.9078  83.066  100.      58.1534  34.      54.4683  39.1255  98.0827
   0.    ]",[14.9078 81.033  79.263  58.1534 34.     54.4683 39.1255 98.0827  0.    ],[0.23473675 0.58340511 0.63       0.92441454],[0.32414809 0.51214582 0.51       0.9181753 ],[0.32414809 0.46877991 0.54       0.86906965],[0.13431671 0.22326763 0.63       0.78082441],111.06506405378866,50.489590909090964,73.68840000000006,96.45839999999998,-60.575473144697696,23.198809090909094,-37.3766640537886,-22.769999999999925,-0.5454052870789421,0.4594770659298807,-0.336529442198738,-0.2360603120101508,2.714235305786133,0.525738000869751,0.6852974891662598,0.11828279495239258,5.162714700660513,3.9606672265621468,0.7671675574200183,0.1726006542009904,84,3
156,"[ 7.9040623  84.75505298 52.51442333 69.2729     72.         82.2158
 43.156      76.6803      0.        ]","[19.3008     84.97263636 99.6556     69.2729     72.         82.2158
 43.156      76.6803      0.        ]",[18.342  79.542  81.526  69.2729 72.     82.2158 43.156  76.6803  0.    ],[20.671  40.506  79.263  69.2729 72.     82.2158 43.156  76.6803  0.    ],[0.51702667 0.89675832 0.63       0.78068961],[0.46266798 0.94824152 0.48       0.74123906],[0.46266798 0.86938449 0.49       0.62378651],[0.38497901 0.82386895 0.28       0.59229059],101.36168599269604,65.39966363636364,88.00110000000001,131.6291,-35.9620223563324,22.601436363636367,-13.36058599269603,-43.627999999999986,-0.3547891099495303,0.345589489409384,-0.13181100789561426,-0.33144646586507076,2.6702463626861572,0.17139196395874023,0.7860434055328369,0.1084897518157959,15.579764074171964,3.3970724057866395,0.2180438926811661,0.13802005213980992,78,3
157,"[  5.9850563   99.83455652  79.38577153  58.4228     100.
  90.9678      12.5933      67.1108       1.        ]","[  6.22113333  98.93050909  99.6556      58.4228     100.
  90.9678      12.5933      67.1108       1.        ]","[ 35.8095  94.6281  79.263   58.4228 100.      90.9678  12.5933  67.1108
   1.    ]","[  0.      70.075   79.263   58.4228 100.      90.9678  12.5933  67.1108
   1.    ]",[0.49320016 0.8342979  0.8        0.96200416],[0.41186603 0.9301085  0.78       0.96894206],[0.34244707 0.60606057 0.84       0.94206737],[0.45323254 0.61879871 0.78       0.91051239],68.34192825178246,49.21222424242427,103.49559999999997,92.23919999999998,-19.129704009358193,54.2833757575757,35.153671748217505,11.256399999999985,-0.2799116808481221,1.1030465822916362,0.5143792785404858,0.12203488321667998,2.2539734840393066,0.08998608589172363,0.9847190380096436,1.030656337738037,25.048022277037536,2.288950855053168,0.09138249837599097,1.0466501590354584,96,90
158,"[ 2.87784696 84.79202166 96.44254789 82.2642     81.         93.2744
 89.7753     35.9198      1.        ]","[ 6.2291     98.93050909 99.6556     82.2642     81.         93.2744
 89.7753     35.9198      1.        ]",[ 1.4304 86.519  84.6771 82.2642 81.     93.2744 89.7753 35.9198  1.    ],[26.6524 85.835  87.216  82.2642 81.     93.2744 89.7753 35.9198  1.    ],[0.45507678 0.76075087 0.67       0.78125429],[0.43147437 0.93344902 0.56       0.78366585],[0.45507678 0.72957786 0.66       0.69568643],[0.33629367 0.63916451 0.65       0.70693878],39.37907741487567,25.378790909090924,47.970099999999945,71.3372,-14.000286505784743,22.59130909090902,8.591022585124279,-23.36710000000005,-0.35552601596745526,0.8901649086370226,0.2181621091478129,-0.3275584127215541,2.457164764404297,0.1460559368133545,1.3232622146606445,1.2515709400177002,16.82345009737138,1.8568993636944782,0.11037565736796245,0.9458223216467117,96,90
159,"[ 7.78055283 99.8341409  99.21206835 34.7118     37.         76.3168
 44.2758     91.5473      0.        ]","[ 1.18926667 98.93050909 99.6556     34.7118     37.         76.3168
 44.2758     91.5473      0.        ]",[26.4935 99.1152 99.63   34.7118 37.     76.3168 44.2758 91.5473  0.    ],[26.671  85.0327 71.263  34.7118 37.     76.3168 44.2758 91.5473  0.    ],[0.50201412 0.96754983 0.3        0.87020324],[0.47520023 0.9555954  0.29       0.80594935],[0.46785236 0.94761637 0.31       0.71842254],[0.19501761 0.86720624 0.32       0.62248854],74.0225435810209,67.89135757575758,93.03650000000005,135.6635,-6.1311860052633165,25.145142424242465,19.01395641897915,-42.62699999999995,-0.08282863177421708,0.37037324516870773,0.2568671042513899,-0.31421126537351574,2.4987213611602783,0.06685376167297363,0.8642787933349609,0.6871480941772461,37.375927676040014,2.8911057177725645,0.07735207920005473,0.7950537482538163,102,38
160,"[5.77620189e-02 9.98357896e+01 9.92625446e+01 2.35033000e+01
 5.20000000e+01 2.33705000e+01 1.23912000e+01 9.32288000e+01
 0.00000000e+00]","[ 2.19723333 79.98768182 99.6556     23.5033     52.         23.3705
 12.3912     93.2288      0.        ]",[ 0.     80.0165 99.63   23.5033 52.     23.3705 12.3912 93.2288  0.    ],[42.4026 81.033  78.263  23.5033 52.     23.3705 12.3912 93.2288  0.    ],[0.23158041 0.78435365 0.35       0.69371573],[0.23158041 0.72415186 0.35       0.40449327],[0.23158041 0.72415186 0.38       0.50465089],[0.08243177 0.35172688 0.25       0.18908733],77.45612777096392,99.05065151515151,96.85019999999997,159.6033,21.594523744187597,-2.200451515151542,19.394072229036055,-62.75310000000002,0.27879684107165975,-0.02221541687502121,0.25038783614879256,-0.39318171992684375,2.619873523712158,0.06317591667175293,0.8638110160827637,0.11837077140808105,41.469497582827316,3.0329244185757664,0.07313627112356703,0.13703318110583076,96,4
161,"[66.0078471  70.20430374 99.08369159 44.995      76.          8.3187
 53.5028     91.7715      1.        ]","[ 1.1813     84.97263636 99.6556     44.995      76.          8.3187
 53.5028     91.7715      1.        ]",[ 7.6807 75.564  99.5813 44.995  76.      8.3187 53.5028 91.7715  1.    ],"[ 34.1615  86.9475 100.      44.995   76.       8.3187  53.5028  91.7715
   1.    ]",[0.91051463 0.8247099  0.8        0.9331968 ],[0.89758901 0.88833447 0.82       0.97653166],[0.90610111 0.85712928 0.81       0.94528009],[0.90577391 0.84033431 0.88       0.95458   ],151.72485177469747,71.55806363636361,87.54040000000003,102.219,-80.16678813833386,15.98233636363642,-64.18445177469744,-14.67859999999996,-0.5283695268154016,0.22334780388767658,-0.4230318963831159,-0.14359952650681343,21.536434650421143,0.07684159278869629,0.8877315521240234,0.4677135944366455,280.2705392851935,24.26007569393267,0.08655949268091452,0.5268637724068436,60,30
162,"[ 7.85917895 99.0360447  99.19626368 73.3195     55.         48.8745
 88.5859     85.9494      0.        ]","[ 6.2291     79.98768182 99.6556     73.3195     55.         48.8745
 88.5859     85.9494      0.        ]",[34.5094 80.3126 84.9205 73.3195 55.     48.8745 88.5859 85.9494  0.    ],[38.9439 64.0476 79.263  73.3195 55.     48.8745 88.5859 85.9494  0.    ],[0.81308898 0.97036305 0.48       0.68458987],[0.79622588 0.97019443 0.43       0.49239945],[0.79901714 0.90104669 0.48       0.45520692],[0.73879573 0.90050189 0.18       0.37859895],36.30737056015329,53.26631818181818,95.95679999999999,122.31380000000001,16.95894762166489,42.69048181818181,59.6494294398467,-26.357000000000028,0.4670937983120442,0.8014535878463193,1.6429013866763162,-0.2154867234931792,2.461627244949341,0.30688929557800293,0.8257269859313965,0.16563105583190918,8.02122224665103,2.9811636132646138,0.3716595204065428,0.2005881588635281,60,6
163,"[ 5.67778955 99.26177787 90.86574776 89.0712     82.         25.4637
  6.8354     22.7518      1.        ]","[ 6.2291     98.93050909 99.6556     89.0712     82.         25.4637
  6.8354     22.7518      1.        ]",[36.5365 91.3228 75.7784 89.0712 82.     25.4637  6.8354 22.7518  1.    ],[35.826  96.2403 77.9864 89.0712 82.     25.4637  6.8354 22.7518  1.    ],[0.72479762 0.89366938 0.9        0.95781096],[0.67750147 0.94723074 0.91       0.96319221],[[0.71100154 0.7432454  0.96       0.93941007]],[0.71100154 0.7432454  0.94       0.9466027 ],26.47906391443439,18.571790909090964,80.36410000000001,72.5281,-7.907273005343427,61.79230909090904,53.885036085565616,7.836000000000013,-0.29862358544453593,3.3272132662586387,2.0350053257053227,0.10804088346447809,2.353376865386963,0.14271306991577148,16.600759983062744,15.155110597610474,16.49026866828605,0.14176320046721008,0.008596779307777315,0.912916674481938,1002,1002
164,"[69.46702423 99.73660089 99.37664474 46.3883     20.         14.675
 88.4567      9.8487      0.        ]","[37.46013333 98.93050909 99.6556     46.3883     20.         14.675
 88.4567      9.8487      0.        ]",[38.691  94.953  56.2995 46.3883 20.     14.675  88.4567  9.8487  0.    ],[38.691  59.217  37.657  46.3883 20.     14.675  88.4567  9.8487  0.    ],[0.81413666 0.92213409 0.25       0.63686865],[0.90261728 0.95517978 0.22       0.42145381],[0.90261728 0.82158377 0.07       0.40719861],[0.78061975 0.76441657 0.03       0.30283009],123.96547859770544,92.48572424242423,141.05020000000002,195.4287,-31.479754355281216,48.56447575757579,17.084721402294576,-54.378499999999974,-0.25393968313904364,0.525102399915021,0.1378183797260055,-0.27825237541875875,2.5929133892059326,0.12503600120544434,1.0359039306640625,0.28093814849853516,20.737334561312185,2.50304426158877,0.1207023137032509,0.27120096775619024,84,13
165,"[25.49433845 99.8349317  99.14024737  0.9094     81.         76.6419
 78.2785     25.1937      0.        ]","[25.38046667 98.93050909 99.6556      0.9094     81.         76.6419
 78.2785     25.1937      0.        ]",[25.764  49.8781 56.2995  0.9094 81.     76.6419 78.2785 25.1937  0.    ],[38.691  50.6611 37.657   0.9094 81.     76.6419 78.2785 25.1937  0.    ],[0.86180839 0.46621796 0.23       0.37281152],[0.86180839 0.38804038 0.23       0.22763064],[0.77710699 0.12446759 0.11       0.2188189 ],[0.61249855 0.10000417 0.1        0.15030576],125.60975937195877,125.8849575757576,218.67700000000002,249.4635,0.27519820379882276,92.79204242424242,93.06724062804125,-30.78649999999999,0.002190898264392808,0.7371177955745837,0.7409236439379538,-0.12341083966191442,3.2026212215423584,0.06371164321899414,0.8243134021759033,0.3559446334838867,50.26744029398337,3.8851985338204402,0.07729055848275347,0.43180740789160477,60,18
166,"[ 5.20188849 99.83803088 99.47653704 36.9165     96.          6.0835
 79.8003     42.2211      0.        ]","[ 5.22113333 97.93050909 99.6556     36.9165     96.          6.0835
 79.8003     42.2211      0.        ]",[14.0428 68.6103 50.2077 36.9165 96.      6.0835 79.8003 42.2211  0.    ],[23.5063 77.0443 43.5507 36.9165 96.      6.0835 79.8003 42.2211  0.    ],[0.94705306 0.97370962 0.3        0.67994363],[0.94705306 0.96414254 0.32       0.51298416],[0.93243796 0.82768794 0.22       0.42597108],[0.94350471 0.84339685 0.07       0.33810272],68.97082056976569,70.71852424242428,158.30830000000003,165.9948,1.747703672658588,87.58977575757575,89.33747943023434,-7.686499999999967,0.025339754670465932,1.2385690552211828,1.2952938458933843,-0.046305667406448675,2.546337842941284,0.11126542091369629,0.8761320114135742,0.2608499526977539,22.885257809938693,2.9063403799536514,0.12699618261199902,0.2977290514438478,60,12
167,"[ 2.54959888 84.87807264 53.7393162  42.037      14.         73.4821
 12.6949     86.636       0.        ]","[ 7.2291     98.93050909 99.6556     42.037      14.         73.4821
 12.6949     86.636       0.        ]",[23.     80.0165 99.63   42.037  14.     73.4821 12.6949 86.636   0.    ],[24.671  80.033  71.263  42.037  14.     73.4821 12.6949 86.636   0.    ],[0.28681041 0.88294507 0.65       0.74293865],[0.26314976 0.91292459 0.45       0.76268705],[0.22315038 0.91492092 0.42       0.77777735],[0.22315038 0.74778523 0.45       0.66559942],121.89521004521015,66.60599090909096,101.31650000000002,131.33799999999997,-55.289219136119186,34.710509090909056,-20.57871004521013,-30.021499999999946,-0.4535799160246967,0.5211319374901975,-0.16882295897909047,-0.2285819793205314,2.695328712463379,0.5240781307220459,0.956632137298584,0.33785462379455566,5.14299024221809,2.817518466476224,0.5478366346775476,0.35317089048316647,108,17
168,"[23.34669733 89.08972659 99.99243483 20.756      34.         65.2996
 56.5233     32.6262      1.        ]","[ 6.2291     98.93050909 99.6556     20.756      34.         65.2996
 56.5233     32.6262      1.        ]",[36.5365 92.8445 88.315  20.756  34.     65.2996 56.5233 32.6262  1.    ],[36.     94.041  90.0655 20.756  34.     65.2996 56.5233 32.6262  1.    ],[0.97475673 0.81399085 0.65       0.80397854],[0.97013527 0.91297421 0.56       0.84235962],[0.97342994 0.57010148 0.59       0.77731247],[0.97342994 0.57010148 0.59       0.77731247],113.50853590056488,86.88699090909097,134.62099999999998,131.13750000000005,-26.62154499147391,47.73400909090901,21.1124640994351,3.4834999999999354,-0.23453341883287765,0.5493803916037633,0.18599891128830986,0.026563721284910375,2.479978084564209,0.38755297660827637,1.0811240673065186,1.028252124786377,6.399068602873551,2.293888518033601,0.3584722496963875,0.9510953977263079,84,78
169,"[37.61435074 76.72786608 68.19256288 15.8217      0.         57.2934
 17.3815     10.9295      0.        ]","[42.5739     75.00272727 78.263      15.8217      0.         57.2934
 17.3815     10.9295      0.        ]",[40.4194 80.0165 78.1315 15.8217  0.     57.2934 17.3815 10.9295  0.    ],[42.5739 80.033  78.263  15.8217  0.     57.2934 17.3815 10.9295  0.    ],[0.06976765 0.01943139 0.8        0.84157722],[0.05663996 0.00877501 0.79       0.83004625],[0.06976765 0.00877314 0.75       0.87535746],[0.05663996 0.01019336 0.75       0.87535746],176.87222178232864,173.48647272727274,166.44969999999998,168.4562,-3.3857490550558964,-7.036772727272762,-10.422521782328658,-2.006500000000017,-0.01914234480088477,-0.040560930294172466,-0.058926843781921534,-0.011911108050638783,2.5026965141296387,0.09830451011657715,0.387099027633667,0.19347000122070312,25.45861335519343,6.465261691378045,0.25395183944922767,0.49979459365574636,42,8
170,"[ 5.42639912 75.39509674 99.18475322 62.3828     28.         99.6602
 33.8576     21.0713      0.        ]","[ 6.2291     79.98467273 99.6556     62.3828     28.         99.6602
 33.8576     21.0713      0.        ]",[39.2928 65.434  99.3202 62.3828 28.     99.6602 33.8576 21.0713  0.    ],[34.6748 59.217  86.8672 62.3828 28.     99.6602 33.8576 21.0713  0.    ],[0.25234275 0.69951726 0.6        0.81312157],[0.25234275 0.69951726 0.57       0.78723718],[0.09038615 0.7013544  0.67       0.83502828],[0.09038615 0.38997126 0.62       0.66402387],68.46374916331558,64.20602727272728,112.1558,126.20780000000002,-4.2577218905883,47.949772727272716,43.692050836684416,-14.052000000000021,-0.06218943517731984,0.7468110824486455,0.6381778878696815,-0.11134018658117817,2.338578462600708,0.3505527973175049,0.9195306301116943,0.3654367923736572,6.6711162498087155,2.5432306287792104,0.3812301470315607,0.39741666063833897,78,19
171,"[27.75755024 85.86055378 99.09119797 21.0554     75.         77.4902
 38.0254     82.3993      1.        ]","[23.671      98.93050909 95.4379     21.0554     75.         77.4902
 38.0254     82.3993      1.        ]","[ 28.8225  86.4649 100.      21.0554  75.      77.4902  38.0254  82.3993
   1.    ]",[23.671  63.6939 95.4379 21.0554 75.     77.4902 38.0254 82.3993  1.    ],[0.89458568 0.82709871 0.8        0.82684658],[0.91887763 0.64725625 0.74       0.81887124],[0.89458568 0.82709871 0.79       0.82684658],[0.90608789 0.39202224 0.69       0.70136311],121.75039849336264,108.24719090909088,121.30219999999997,143.48379999999997,-13.503207584271763,13.055009090909095,-0.4481984933626677,-22.181600000000003,-0.11090893953014787,0.12060367554362746,-0.0036812897445021647,-0.15459306207390666,23.491084337234497,0.19325661659240723,5.940824270248413,0.2657644748687744,121.55384250971838,3.954179297118349,0.03253026984154949,0.04473528634733739,1002,13
172,"[38.93822743 45.77270872 99.0920035  27.0808     20.         55.2207
 26.157      88.6055      1.        ]","[39.2291     63.95759091 99.6556     27.0808     20.         55.2207
 26.157      88.6055      1.        ]",[39.303  89.301  78.1315 27.0808 20.     55.2207 26.157  88.6055  1.    ],[39.056  75.519  87.905  27.0808 20.     55.2207 26.157  88.6055  1.    ],[0.90699955 0.82270975 0.8        0.8553425 ],[0.90699955 0.82113208 0.8        0.83139147],[0.83202883 0.52937189 0.87       0.89171585],[0.83202883 0.57481107 0.82       0.81053149],166.99271520835617,148.5351090909091,144.78969999999998,148.5512,-18.457606117447085,-3.7454090909091065,-22.20301520835619,-3.7615000000000123,-0.11052940898899452,-0.025215648433777195,-0.13295798670411205,-0.02532123604521547,22.708107948303223,15.06498098373413,1.0900399684906006,1.7211453914642334,1.5073439503721566,20.832362669918957,13.820576693710509,1.5789745708568252,108,114
173,"[17.43065281 73.2522498  99.01662456 67.1192     82.         55.4291
 64.8788     30.5481      0.        ]","[17.3008     79.98768182 99.6556     67.1192     82.         55.4291
 64.8788     30.5481      0.        ]",[17.146  78.085  99.2558 67.1192 82.     55.4291 64.8788 30.5481  0.    ],[38.691  59.217  75.9563 67.1192 82.     55.4291 64.8788 30.5481  0.    ],[0.83893469 0.94057046 0.42       0.78569169],[0.87727642 0.94721773 0.36       0.75714275],[0.87727642 0.94721773 0.36       0.79950512],[0.81088242 0.84000867 0.17       0.52313705],78.04257845198231,70.53831818181823,72.68600000000004,136.3985,-7.504260270164082,2.147681818181809,-5.356578451982273,-63.71249999999998,-0.09615597560992004,0.030447023313569587,-0.0686366155274847,-0.4671055766742301,2.4394047260284424,0.13027381896972656,0.7922847270965576,0.1987912654876709,18.725210831466597,3.0789495778468368,0.16442803264318104,0.2509088698657241,72,9
174,"[ 1.09381623 70.95351418 98.86738854 53.3346      0.         54.5033
 52.4564     95.0017      0.        ]","[ 1.1813     79.98768182 99.6556     53.3346      0.         54.5033
 52.4564     95.0017      0.        ]",[ 4.7313 77.9835 78.1315 53.3346  0.     54.5033 52.4564 95.0017  0.    ],[28.0348 80.033  78.263  53.3346  0.     54.5033 52.4564 95.0017  0.    ],[0.01192189 0.22637217 0.75       0.98672628],[0.01694906 0.17422584 0.74       0.98646154],[0.00787311 0.07177561 0.79       0.96201782],[0.00699783 0.03165307 0.84       0.97572563],77.93831350745074,68.20341818181817,95.28169999999994,116.4042,-9.734895325632579,27.07828181818178,17.3433864925492,-21.12250000000006,-0.12490513186049301,0.3970223566507459,0.22252709498122777,-0.18145822917042562,2.8711907863616943,0.11228013038635254,0.5098919868469238,0.4450976848602295,25.571673068796887,5.630978443329926,0.22020375546725446,0.8729254358607004,54,23
175,"[64.21088738 72.28204228 98.79829834 80.0799     91.          2.7216
 73.0261     17.5105      1.        ]","[44.52386667 82.97263636 99.6556     80.0799     91.          2.7216
 73.0261     17.5105      1.        ]",[ 5.2991 81.033  97.1266 80.0799 91.      2.7216 73.0261 17.5105  1.    ],[ 5.2991 81.033  97.1266 80.0799 91.      2.7216 73.0261 17.5105  1.    ],[0.967223   0.82926958 0.8        0.89322049],[0.97035131 0.82343181 0.8        0.90442476],[[0.96545378 0.82123396 0.82       0.90799129]],[0.96545378 0.82123396 0.82       0.90799129],113.05064675757183,81.8157303030303,47.05959999999999,47.05959999999999,-31.23491645454152,-34.75613030303032,-65.99104675757184,0.0,-0.276291355692306,-0.4248098767107505,-0.5837299356551618,0.0,21.1021945476532,2.5424327850341797,0.04995608329772949,0.0558774471282959,8.300000956512802,422.4149123518716,50.89335706888241,1.1185313867637725,0,0
176,"[ 3.87784281 99.83628468 99.35537911 32.1432     79.         20.402
 76.6832      0.4963      0.        ]","[ 0.1813     96.93050909 99.6556     32.1432     79.         20.402
 76.6832      0.4963      0.        ]","[  0.      80.0165 100.      32.1432  79.      20.402   76.6832   0.4963
   0.    ]",[28.5804 80.033  76.8413 32.1432 79.     20.402  76.6832  0.4963  0.    ],[0.90125151 0.90985009 0.22       0.54166556],[0.90125151 0.94637022 0.29       0.24614671],[0.90125151 0.93837951 0.26       0.25907624],[0.91444426 0.52314925 0.11       0.32193323],72.54297901379431,71.45199090909091,87.84030000000001,139.5629,-1.0909881047033991,16.388309090909104,15.297320986205705,-51.7226,-0.015039196343121555,0.22936112601481062,0.2108725226640729,-0.37060422218225614,2.247642993927002,0.14081048965454102,0.9394629001617432,0.18926787376403809,15.962184347496283,2.392476587995157,0.14988403440976572,0.20146391489376822,90,8
177,"[60.72050701 76.48123414 99.38582912 81.0278     71.         32.7446
 67.1523     66.6813      0.        ]","[27.3964     84.97263636 99.6556     81.0278     71.         32.7446
 67.1523     66.6813      0.        ]",[39.5305 76.6293 97.367  81.0278 71.     32.7446 67.1523 66.6813  0.    ],[ 4.904  40.8453 79.263  81.0278 71.     32.7446 67.1523 66.6813  0.    ],[0.78150853 0.94958466 0.53       0.80997201],[0.83858741 0.95452555 0.41       0.80008393],[0.82135328 0.84764546 0.46       0.55596757],[0.75930113 0.88846832 0.37       0.56651095],103.825643749179,61.74036363636361,84.50639999999999,103.7679,-42.08528011281538,22.766036363636374,-19.31924374917901,-19.261500000000012,-0.40534571800474073,0.3687382940878521,-0.18607391248977231,-0.18562098683696993,2.6103851795196533,0.0648813247680664,0.608830451965332,0.20351481437683105,40.233228727235314,4.287540432797362,0.10656714781369193,0.33427173972634927,72,9
178,"[65.04929603 43.05091823 98.79841228 91.9279     83.          6.7932
 20.414      57.9333      1.        ]","[38.4849     98.93050909 62.1597     91.9279     83.          6.7932
 20.414      57.9333      1.        ]",[ 5.3204 75.9765 84.6857 91.9279 83.      6.7932 20.414  57.9333  1.    ],[ 5.5734 70.766  86.6412 91.9279 83.      6.7932 20.414  57.9333  1.    ],[0.92878489 0.82185762 0.8        0.90531771],[0.95867065 0.82268867 0.84       0.94506221],[[0.96128736 0.81217267 0.91       0.94286689]],[0.96128736 0.82331922 0.91       0.94286689],131.2720655238702,85.46679090909095,52.73029999999994,56.23829999999998,-45.80527461477925,-32.736490909091,-78.54176552387025,-3.508000000000038,-0.34893390632640064,-0.38303170811586984,-0.5983128642825264,-0.06237741894758624,21.109260082244873,4.962043762207031,0.728492021560669,0.34717464447021484,4.254146294118099,28.976652396304782,6.8113906746386945,0.47656615885298625,42,18
179,"[14.8427449  99.61014858 99.24275142 40.2925     67.         61.186
 28.4294     29.5343      0.        ]","[ 3.2052     98.93050909 99.6556     40.2925     67.         61.186
 28.4294     29.5343      0.        ]",[15.5039 65.434  82.2796 40.2925 67.     61.186  28.4294 29.5343  0.    ],[19.0794 70.766  84.6451 40.2925 67.     61.186  28.4294 29.5343  0.    ],[0.71024899 0.94923262 0.29       0.76069218],[0.68767167 0.95697664 0.23       0.63106383],[0.66402899 0.82635336 0.32       0.42419797],[0.66402899 0.83771161 0.28       0.42419797],75.69734489436746,64.3265909090909,127.49779999999998,123.37579999999997,-11.370753985276565,63.17120909090909,51.80045510563252,4.122000000000014,-0.15021337936150847,0.9820388147132708,0.6843100663295117,0.03341011770541723,2.3570826053619385,0.06943821907043457,1.0224370956420898,1.1337430477142334,33.94503253274734,2.3053570878917418,0.06791441680510175,1.1088633741347613,84,78
180,"[ 7.64865716 84.95434481 99.27519258 98.2599      0.         51.2764
 76.4991     44.9478      0.        ]","[ 6.22113333 79.98467273 99.6556     98.2599      0.         51.2764
 76.4991     44.9478      0.        ]","[ 38.1862  90.736  100.      98.2599   0.      51.2764  76.4991  44.9478
   0.    ]",[33.7957 59.217  76.4546 98.2599  0.     51.2764 76.4991 44.9478  0.    ],[0.28491576 0.70317058 0.8        0.98333671],[0.26356055 0.70317058 0.81       0.96290321],[0.31386012 0.53898056 0.81       0.96277041],[0.19588692 0.20689651 0.82       0.94832206],25.15921976588811,28.320960606060567,49.19029999999992,99.86419999999998,3.161740840172456,20.869339393939356,24.031080234111812,-50.67390000000006,0.12566927232215971,0.7368867067832934,0.9551599953307822,-0.5074280873426119,2.411102056503296,0.1487412452697754,11.303467035293579,0.48348522186279297,16.21004350293172,0.21330641731204675,0.013158904679896048,0.04277317926908394,1002,26
181,"[ 2.16938033 88.15360212 99.58455236 19.9038     12.         85.1962
 64.5243     11.3852      1.        ]","[ 2.19723333 88.9606     99.6556     19.9038     12.         85.1962
 64.5243     11.3852      1.        ]",[ 6.019  90.2927 59.1167 19.9038 12.     85.1962 64.5243 11.3852  1.    ],[ 3.8645 91.7792 70.9322 19.9038 12.     85.1962 64.5243 11.3852  1.    ],[0.84130457 0.88750743 0.24       0.79678808],[0.84130457 0.88750743 0.24       0.79678808],[0.86921543 0.59786719 0.21       0.77281686],[0.86921543 0.744505   0.21       0.77281686],94.52742585451153,93.67723333333333,136.7058,121.2493,-0.8501925211782009,43.02856666666668,42.178374145488476,15.456500000000005,-0.008994135971572356,0.4593278978848295,0.44620250434414443,0.12747702460962665,2.3653266429901123,0.0799710750579834,0.9702262878417969,0.7696187496185303,29.57727705017247,2.437912343368496,0.08242517860021467,0.7932363400815448,72,72
182,"[37.9171762  39.51576047 98.89433023 63.968      82.         39.4008
 82.332      77.4036      1.        ]","[ 6.1813     74.97263636 86.6556     63.968      82.         39.4008
 82.332      77.4036      1.        ]",[39.1558 95.692  86.8283 63.968  82.     39.4008 82.332  77.4036  1.    ],[ 6.1753 57.4985 86.6163 63.968  82.     39.4008 82.332  77.4036  1.    ],[0.96950835 0.80593441 0.8        0.90171884],[0.9736583  0.81063061 0.87       0.9545164 ],[0.97185329 0.72790082 0.89       0.95898607],[0.9736583  0.65379965 0.85       0.9545164 ],135.5390855044189,80.5850636363636,92.66750000000002,98.09250000000003,-54.95402186805529,12.082436363636418,-42.871585504418874,-5.425000000000011,-0.40544778403616766,0.14993394331929621,-0.31630422578748446,-0.05530494176415128,21.82743811607361,0.7262320518493652,0.8578662872314453,1.714883804321289,30.055735023660244,25.443869797607217,0.8465562321991956,1.9990106032207644,84,126
183,"[ 2.93070935 84.94337757 79.62498953 76.6618      8.         33.4118
  3.7101     84.1358      1.        ]","[ 6.1813     79.98768182 99.6556     76.6618      8.         33.4118
  3.7101     84.1358      1.        ]",[ 6.179  80.0165 88.315  76.6618  8.     33.4118  3.7101 84.1358  1.    ],[37.8385 93.342  74.942  76.6618  8.     33.4118  3.7101 84.1358  1.    ],[0.13888343 0.80231635 0.81       0.95838434],[0.10181755 0.92660119 0.81       0.95179117],[0.12443148 0.83358636 0.81       0.94483855],[0.12406856 0.56703556 0.82       0.93732376],61.700542251270804,49.87621818181822,61.1857,92.89269999999999,-11.824324069452587,11.30948181818178,-0.5148422512708066,-31.706999999999994,-0.19164052110431898,0.22675098935838156,-0.008344209507497525,-0.3413292971352969,2.358903408050537,0.3274095058441162,0.7298500537872314,14.038352251052856,7.204749300020754,3.2320384109175024,0.4485983170723501,19.234570413754287,72,1002
184,"[64.67200795 45.47548561 98.80240287 68.2108     42.         17.8785
 65.3239     88.6479      1.        ]","[ 6.1813     79.98467273 63.57264545 68.2108     42.         17.8785
 65.3239     88.6479      1.        ]",[ 1.4627 89.6868 79.263  68.2108 42.     17.8785 65.3239 88.6479  1.    ],[ 1.4627 89.6868 79.263  68.2108 42.     17.8785 65.3239 88.6479  1.    ],[0.92138776 0.80129757 0.8        0.90373543],[0.88028534 0.80043793 0.8        0.95602203],[0.88028534 0.82326699 0.86       0.97602755],[0.88028534 0.82326699 0.86       0.97602755],152.18331947097641,94.41318181818178,64.30209999999994,64.30209999999994,-57.77013765279463,-30.111081818181844,-87.88121947097648,0.0,-0.37960886813099276,-0.31892878979726486,-0.5774694610189306,0.0,22.86528778076172,4.622467994689941,0.100250244140625,0.05681109428405762,4.946554050136899,228.08211567732116,46.10929414003044,0.5666928272450533,0,0
185,"[25.50750357 99.88432515 99.85135539 12.3912     63.         59.0881
 73.7603     50.809       1.        ]","[ 6.2291     98.93050909 99.6556     12.3912     63.         59.0881
 73.7603     50.809       1.        ]",[ 2.0645 94.5895 89.5845 12.3912 63.     59.0881 73.7603 50.809   1.    ],[22.5575 86.217  84.135  12.3912 63.     59.0881 73.7603 50.809   1.    ],[0.97438516 0.77290511 0.48       0.81280339],[0.96722766 0.65431259 0.46       0.79914164],[0.9736843  0.27553524 0.47       0.77536978],[0.97228621 0.17681026 0.48       0.70827297],113.380623025371,95.25179090909091,105.4993,139.8143,-18.12883211628008,10.247509090909091,-7.881323025370989,-34.315,-0.1598935658716871,0.10758337447628043,-0.0695120807689282,-0.24543269179189822,2.2907392978668213,0.5823001861572266,0.6226062774658203,0.865811824798584,3.9339491079061752,3.6792743356054225,0.9352623114038446,1.3906249521329554,72,72
186,"[25.76961589 99.83766434 99.20999505  9.8622     90.         90.8809
 54.0059     77.2964      0.        ]","[ 0.1813     97.93050909 99.6556      9.8622     90.         90.8809
 54.0059     77.2964      0.        ]","[  7.8322  94.5895 100.       9.8622  90.      90.8809  54.0059  77.2964
   0.    ]",[11.9867 51.217  90.0651  9.8622 90.     90.8809 54.0059 77.2964  0.    ],[0.63206832 0.45630783 0.34       0.32502748],[0.62364628 0.25716731 0.31       0.14395052],[0.62656479 0.25716731 0.22       0.20694297],[0.50595303 0.0931579  0.18       0.09529961],116.85975650717688,92.73299090909092,103.38050000000004,160.8424,-24.126765598085967,10.647509090909125,-13.479256507176842,-57.46189999999996,-0.2064591465805787,0.11481899792650077,-0.1153455809772205,-0.3572559225676809,2.5541863441467285,0.10494327545166016,0.7996912002563477,0.22643494606018066,24.338732835942967,3.193965799958738,0.1312297489556215,0.2831529795345942,102,10
187,"[ 5.68583237 99.83474707 94.55668428 50.1873     78.         45.7795
  2.8305     46.6727      1.        ]","[ 6.2291     98.93050909 99.6556     50.1873     78.         45.7795
  2.8305     46.6727      1.        ]",[ 4.219  96.2137 88.315  50.1873 78.     45.7795  2.8305 46.6727  1.    ],"[ 23.1305  99.2152 100.      50.1873  78.      45.7795   2.8305  46.6727
   1.    ]",[0.15122177 0.90463515 0.82       0.972819  ],[0.12443095 0.93437696 0.84       0.97189956],[0.15122177 0.81251405 0.85       0.96774868],[0.13660414 0.90026078 0.84       0.9636987 ],61.10710101479907,57.45569090909095,69.50299999999999,73.72800000000001,-3.6514101057081234,12.047309090909039,8.395898985200915,-4.225000000000023,-0.05975426824492649,0.20967999688613698,0.13739645386168092,-0.05730523003472252,2.2612199783325195,0.5568704605102539,0.8218121528625488,7.317712068557739,4.060585250402023,2.7515046722735885,0.6776128322884422,8.90436098209131,72,1002
188,"[25.17866654 80.85658572 99.40134035  2.3526     43.         99.9019
 13.9518     22.0461      0.        ]","[ 6.19723333 79.98768182 99.6556      2.3526     43.         99.9019
 13.9518     22.0461      0.        ]",[23.5532 75.04   99.63    2.3526 43.     99.9019 13.9518 22.0461  0.    ],[ 6.0082 82.474  79.263   2.3526 43.     99.9019 13.9518 22.0461  0.    ],[0.16525988 0.13613877 0.63       0.44969978],[0.19599261 0.08218347 0.57       0.25246249],[0.15439788 0.07078078 0.66       0.21992961],[0.25303777 0.03505216 0.55       0.10188499],142.56814046766004,124.20135151515154,146.5306,141.91859999999997,-18.3667889525085,22.32924848484845,3.962459532339949,4.612000000000023,-0.12882814415801963,0.17978265302631963,0.02779344332711408,0.032497502089225964,2.4969840049743652,0.18830585479736328,1.2215261459350586,0.24242353439331055,13.260256871255438,2.044151091881021,0.15415622123521408,0.1984595542224266,132,11
189,"[39.01143867 40.34810445 99.96456494 58.0343     43.         56.8097
 35.7619     43.4874      1.        ]",[38.7456 40.4986 99.6556 58.0343 43.     56.8097 35.7619 43.4874  1.    ],[ 4.2006 76.3666 86.8809 58.0343 43.     56.8097 35.7619 43.4874  1.    ],"[ 17.0885  82.4471 100.      58.0343  43.      56.8097  35.7619  43.4874
   1.    ]",[0.96026125 0.80125049 0.87       0.92886126],[0.96026125 0.80125049 0.88       0.92886126],[[0.96630733 0.73556652 0.97       0.91796301]],[0.9622201  0.84558293 0.97       0.90969562],140.66446927188565,140.5571,82.91880000000003,76.60709999999995,-0.10736927188565915,-57.63829999999996,-57.74566927188562,6.311700000000087,-0.0007633005864340104,-0.4100703557486599,-0.4105206493920717,0.08239053560309803,23.677810668945312,5.468203783035278,1.2436962127685547,0.9235279560089111,4.330089295941032,19.03825904256543,4.396735896511798,0.7425671530775778,108,78
190,"[ 2.2971331  67.99344911 99.75532979 39.1324     98.          6.1249
 46.4021      9.9904      1.        ]","[ 2.19723333 98.93050909 99.6556     39.1324     98.          6.1249
 46.4021      9.9904      1.        ]",[ 2.4051 81.033  92.9881 39.1324 98.      6.1249 46.4021  9.9904  1.    ],"[  2.9851  68.724  100.      39.1324  98.       6.1249  46.4021   9.9904
   1.    ]",[0.96545378 0.89492243 0.58       0.88788562],[0.96545378 0.95123433 0.52       0.92314505],[[0.97224988 0.78404616 0.57       0.86369487]],[0.96545378 0.89492243 0.58       0.88788562],95.41595420797069,64.47872424242422,89.2516,95.12869999999998,-30.937229965546464,24.772875757575775,-6.164354207970689,-5.8770999999999844,-0.3242353988109264,0.38420232485425465,-0.06460506797987607,-0.06178051418762146,2.2976114749908447,0.06727385520935059,0.5285933017730713,1.5770385265350342,34.15311145527294,4.346652648234323,0.12726959457051862,2.983462940686425,42,108
191,"[39.01305089 51.22818537 98.80240291 54.4592     46.         12.7199
 70.6452     32.3741      1.        ]",[45.691  86.8773 99.6556 54.4592 46.     12.7199 70.6452 32.3741  1.    ],[38.691  92.9858 99.1646 54.4592 46.     12.7199 70.6452 32.3741  1.    ],"[ 17.0885  92.9288 100.      54.4592  46.      12.7199  70.6452  32.3741
   1.    ]",[0.97035131 0.81264221 0.8        0.89019394],[0.97035131 0.82392149 0.8        0.91914918],[0.97035131 0.90127275 0.81       0.9254061 ],[0.97046158 0.88376836 0.8        0.92917246],134.52326260068514,104.69889999999998,92.08139999999997,69.70049999999998,-29.824362600685163,-12.617500000000007,-42.44186260068517,22.380899999999997,-0.22170412777762397,-0.12051224988992253,-0.31549831441918214,0.32110099640605166,22.55238175392151,0.4911777973175049,1.0274324417114258,0.6642611026763916,45.91490469864073,21.95023325947866,0.4780633522719362,0.6465253341328326,48,42
192,"[ 2.50754772 99.84623705 96.46316201 79.5008     52.         48.2834
 61.2118      1.0784      1.        ]","[ 1.1813     68.02078182 99.6556     79.5008     52.         48.2834
 61.2118      1.0784      1.        ]",[38.691  69.651  64.604  79.5008 52.     48.2834 61.2118  1.0784  1.    ],[30.761  91.9895 65.302  79.5008 52.     48.2834 61.2118  1.0784  1.    ],[0.96630733 0.83894827 0.4        0.24911179],[0.95811857 0.84650335 0.41       0.12371524],[0.96026125 0.21446009 0.42       0.16826756],[0.96026125 0.4129138  0.37       0.20633108],26.697348667872006,54.00411818181817,124.93520000000001,93.96870000000001,27.306769513946165,70.93108181818184,98.237851332128,30.966499999999996,1.0228270175310534,1.3134383859278078,3.6796856704482015,0.3295405810658229,2.5398292541503906,0.14232444763183594,0.8154582977294922,0.9055383205413818,17.845347699647544,3.114603482755798,0.17453307916310945,1.1104655174430165,66,78
193,"[35.62140745 80.91837707 99.0867757  84.0967     85.         29.9042
 84.8763     81.6216      0.        ]","[27.3964     84.97263636 99.6556     84.0967     85.         29.9042
 84.8763     81.6216      0.        ]",[17.3641 80.0301 84.6015 84.0967 85.     29.9042 84.8763 81.6216  0.    ],[11.4951 76.7771 82.47   84.0967 85.     29.9042 84.8763 81.6216  0.    ],[0.91479232 0.96241413 0.55       0.81013053],[0.92384809 0.95521143 0.52       0.72262628],[0.91795667 0.89670553 0.52       0.66035589],[0.91795667 0.89661929 0.43       0.59524923],71.51955468813668,58.671463636363626,68.63580000000002,68.15129999999999,-12.848091051773054,9.964336363636392,-2.883754688136662,0.48450000000002547,-0.17964444979834632,0.16983275592703395,-0.040321205867561216,0.007109182069894859,3.405817747116089,0.06855154037475586,0.7987146377563477,0.15984272956848145,49.682585227075116,4.264123362861233,0.08582732447138133,0.20012495328430724,42,5
194,"[39.08449719 99.83200925 70.93646777 27.8703     62.         63.2784
 45.4193     52.8715      1.        ]","[61.38046667 98.93050909 99.6556     27.8703     62.         63.2784
 45.4193     52.8715      1.        ]",[37.1585 78.085  83.789  27.8703 62.     63.2784 45.4193 52.8715  1.    ],"[  6.4785  48.485  100.      27.8703  62.      63.2784  45.4193  52.8715
   1.    ]",[0.96163626 0.80591855 0.8        0.86391341],[0.96377024 0.85242112 0.81       0.87583983],[[0.96163626 0.58523308 0.91       0.75725702]],[0.95694387 0.83128498 0.8        0.83508436],140.4457201695704,134.92405757575762,147.4142,130.1232,-5.521662593812778,12.490142424242379,6.968479830429601,17.290999999999997,-0.039315278437435264,0.09257164844178638,0.04961688987044992,0.13288176128469018,21.965956926345825,3.345010280609131,1.0664668083190918,1.4755017757415771,6.566783083950879,20.596943810157015,3.1365348218209976,1.3835421451767302,78,90
195,"[43.27270317 78.01385117 99.09119797 59.2346     31.         77.5366
 80.2404     71.9837      1.        ]",[38.691  78.802  99.6556 59.2346 31.     77.5366 80.2404 71.9837  1.    ],[36.5365 87.1275 76.3459 59.2346 31.     77.5366 80.2404 71.9837  1.    ],[38.691  78.7505 82.081  59.2346 31.     77.5366 80.2404 71.9837  1.    ],[0.86256498 0.80002482 0.8        0.90989415],[0.86256498 0.86082484 0.8        0.90989415],[0.86256498 0.56525037 0.82       0.91043435],[0.86256498 0.55871718 0.8        0.89754959],106.93305403640477,100.99880000000002,113.82849999999996,118.62489999999997,-5.934254036404752,12.829699999999946,6.8954459635951935,-4.7964000000000055,-0.055495039301734224,0.1270282419197054,0.06448376534020694,-0.04043333229364161,20.610088348388672,0.16195368766784668,18.15556812286377,0.612086296081543,127.2591482489625,1.135193798889381,0.008920331579373398,0.03371342014413348,1002,48
196,"[25.43600233 99.83525885 99.47829594 16.1794     83.         54.5228
 75.6999     47.8234      0.        ]","[25.38046667 98.93050909 99.6556     16.1794     83.         54.5228
 75.6999     47.8234      0.        ]",[25.4755 50.2551 50.7254 16.1794 83.     54.5228 75.6999 47.8234  0.    ],[15.703  37.6891 50.7254 16.1794 83.     54.5228 75.6999 47.8234  0.    ],[0.88667398 0.46350223 0.26       0.57049706],[0.88667398 0.3854512  0.26       0.39707084],[0.83700633 0.13020486 0.05       0.43513292],[0.82566428 0.07467929 0.09       0.229638  ],109.94304753781967,110.61495757575761,208.31559999999996,211.1091,0.6719100379379483,97.70064242424235,98.3725524621803,-2.7935000000000514,0.0061114372667068,0.8832498295479565,0.894759192738775,-0.013232494477973955,2.7176058292388916,0.08162951469421387,1.060943841934204,0.19034624099731445,33.29195131710765,2.561498282778503,0.07694046703301025,0.17941217383409727,66,8
197,"[ 7.7048904  99.70846325 99.17631517 37.6791     18.         58.403
 40.9389     63.3949      0.        ]","[ 7.2291     84.97263636 99.6556     37.6791     18.         58.403
 40.9389     63.3949      0.        ]",[19.5065 79.5902 81.526  37.6791 18.     58.403  40.9389 63.3949  0.    ],[23.671  73.0842 79.263  37.6791 18.     58.403  40.9389 63.3949  0.    ],[0.81944322 0.94600511 0.3        0.78829936],[0.81944322 0.94600511 0.26       0.63607155],[0.81944322 0.82692278 0.3        0.48783942],[0.73396384 0.79420679 0.34       0.3984616 ],71.14101198002083,84.92176363636361,120.71120000000002,133.6447,13.780751656342773,35.78943636363641,49.570188019979184,-12.933499999999981,0.19371036864379923,0.4214400976984813,0.696787783028732,-0.0967752555843964,2.4548044204711914,0.20284438133239746,0.6813983917236328,0.20303058624267578,12.101909869756497,3.602597907901772,0.29768837701435136,0.2979616457988686,54,6
198,"[38.87499802 79.56665421 98.91520838 28.5735     28.         22.8538
 52.8106     36.5219      1.        ]","[ 6.19723333 88.94856364 99.6556     28.5735     28.         22.8538
 52.8106     36.5219      1.        ]",[32.316  75.3482 89.4465 28.5735 28.     22.8538 52.8106 36.5219  1.    ],[37.2175 80.5665 85.7445 28.5735 28.     22.8538 52.8106 36.5219  1.    ],[0.96902934 0.8698373  0.8        0.804537  ],[0.96392156 0.89775374 0.75       0.85784843],[0.96902934 0.6579399  0.76       0.75167042],[0.96902934 0.65170411 0.78       0.81023634],131.81963543680382,89.01956969696965,138.94779999999997,142.33299999999997,-42.80006573983417,49.92823030303032,7.128164563196151,-3.3851999999999975,-0.3246865734229186,0.5608680256823342,0.054075134858141014,-0.02378366225682026,24.439475297927856,0.6495804786682129,0.877354621887207,1.4170019626617432,37.62347561311312,27.85586886789069,0.740385315656003,1.6150846274836326,78,96
199,"[ 2.77173203 99.8567513  99.30469951 35.4807     22.         13.4039
 39.5551      4.433       1.        ]","[ 2.1813     75.00272727 99.6556     35.4807     22.         13.4039
 39.5551      4.433       1.        ]",[ 4.368  96.2805 99.02   35.4807 22.     13.4039 39.5551  4.433   1.    ],[ 0.616  74.8785 81.054  35.4807 22.     13.4039 39.5551  4.433   1.    ],[0.96392156 0.95734653 0.5        0.36043965],[0.96392156 0.898466   0.5        0.24383152],[0.96392156 0.80980113 0.5        0.32088171],[0.97101003 0.63940622 0.52       0.15782099],68.12958122255594,92.04227272727269,73.58679999999998,109.20280000000002,23.912691504716747,-18.455472727272706,5.457218777444041,-35.61600000000004,0.3509883823680377,-0.20051083247322116,0.08010057715777207,-0.3261454834491426,2.3626623153686523,0.12968778610229492,0.8930895328521729,0.8665716648101807,18.21807886754297,2.6454932327145837,0.14521252498405585,0.9703077160054663,102,72
