,nsga3_adaptation,custom_adaptation,anchors_adaptation,wip_adaptation,nsga3_confidence,custom_confidence,anchors_confidence,wip_confidence,nsga3_score,custom_score,anchors_score,wip_score,score_diff_custom_NSGA,score_diff_anchors_custom,score_diff_anchors_nsga,score_diff_anchors_wip,score_improvement_NSGA_custom[%],score_improvement_anchors_custom[%],score_improvement_anchors_NSGA[%],score_improvement_anchors_WIP[%],nsga3_time,custom_time,anchors_time,wip_time,speed-up_custom_NSGA,speed-up_anchors_NSGA,speed-up_anchors_custom,speed-up_WIP_anchors,iterations_anchors,iterations_wip
0,"[15.30998703 95.50244243 98.38861112 47.5789     78.         40.0711
 77.4101     53.2349      0.        ]","[ 5.14887475 94.96598788 96.96117273 47.5789     78.         40.0711
 77.4101     53.2349      0.        ]",[15.249  69.1321 98.4759 47.5789 78.     40.0711 77.4101 53.2349  0.    ],[15.249  61.9446 92.4999 47.5789 78.     40.0711 77.4101 53.2349  0.    ],[0.79039308 0.99       0.43803954 0.29443553],[0.80025088 0.98       0.2593603  0.29443553],[0.79039308 0.99       0.37457972 0.29443553],[0.79039308 0.98       0.23307889 0.24982146],73.84003347645842,65.64281414141414,100.06209999999999,113.22559999999999,-8.19721933504428,34.41928585858585,26.22206652354157,-13.163499999999999,-0.11101321260448382,0.5243420214196862,0.355119916513874,-0.11625904389113417,5.453455448150635,0.23929071426391602,1.8237900733947754,0.552849292755127,22.790083873191865,2.99017717428391,0.1312051851551664,0.30313208785376355,60,10
1,"[ 0.52035005 99.9772294  99.41016476 31.4483     82.          4.1353
 29.0124     75.2349      0.        ]","[15.22282424 96.96598788 97.96868182 31.4483     82.          4.1353
 29.0124     75.2349      0.        ]",[15.249  99.25   82.744  31.4483 82.      4.1353 29.0124 75.2349  0.    ],[15.249  62.125  59.124  31.4483 82.      4.1353 29.0124 75.2349  0.    ],[0.75462562 0.86       0.37128818 0.55088027],[0.74323862 0.93       0.34337787 0.30239556],[0.74323862 0.91       0.15614339 0.43252827],[0.64087144 0.96       0.10738051 0.28483516],69.68465589018581,88.8398545454545,101.80669999999998,162.5517,19.15519865526869,12.966845454545478,32.12204410981417,-60.74500000000003,0.27488402447527127,0.14595752684298974,0.46096294369931945,-0.37369649163927554,5.75070858001709,0.1700284481048584,1.6451947689056396,0.5522477626800537,33.822037689072864,3.495457613108252,0.10334852220443111,0.33567318175184885,72,10
2,"[47.2501903  43.33479213 60.25514365 55.5832     70.         52.7543
 59.0778     14.5384      1.        ]","[ 0.1119     66.76269091 98.97619091 55.5832     70.         52.7543
 59.0778     14.5384      1.        ]",[45.9487 42.1041 82.976  55.5832 70.     52.7543 59.0778 14.5384  1.    ],[50.708  91.91   91.984  55.5832 70.     52.7543 59.0778 14.5384  1.    ],[0.96006719 0.8        0.93836827 0.86816615],[0.97578643 0.79       0.97067579 0.91468347],[[0.95694299 0.8        0.90515168 0.86816615]],[0.96648986 0.79       0.94194906 0.91884516],188.07705451715125,78.78981818181819,165.2854,111.23080000000004,-109.28723633533306,86.49558181818182,-22.791654517151244,54.054599999999965,-0.5810769241144558,1.0978015156549992,-0.12118253646445112,0.485967915361572,64.9336428642273,0.4001641273498535,0.356309175491333,1.4236371517181396,162.26752581312076,182.23960349796482,1.123081174651331,3.995510780083093,6,72
3,"[56.6934618  69.14018144 42.56451568 54.3073     47.         41.8471
 27.4295     63.7486      1.        ]","[18.14887475 84.5334     65.984      54.3073     47.         41.8471
 27.4295     63.7486      1.        ]",[16.1245 94.5959 82.976  54.3073 47.     41.8471 27.4295 63.7486  1.    ],[16.1605 94.5849 86.984  54.3073 47.     41.8471 27.4295 63.7486  1.    ],[0.96345642 0.8        0.85631727 0.9398902 ],[0.96345642 0.8        0.94721333 0.95048094],[[0.96345642 0.82       0.95058292 0.95048094]],[0.96345642 0.8        0.95058292 0.95048094],190.6814646688474,113.32417474747479,84.24529999999999,80.28430000000003,-77.35728992137263,-29.0788747474748,-106.43616466884743,3.960999999999956,-0.4056885657749559,-0.25659904263386457,-0.5581883108234612,0.049337168039080545,62.44563961029053,10.697219133377075,0.3220806121826172,0.3825662136077881,5.837558231881958,193.882019743816,33.21286264605035,1.187796468142814,6,6
4,"[14.76553354 98.22854219 99.42943084 71.0079     86.         71.6081
  6.0699     47.5072      0.        ]","[15.22282424 97.97445859 98.97619091 71.0079     86.         71.6081
  6.0699     47.5072      0.        ]","[  4.743  100.     100.      71.0079  86.      71.6081   6.0699  47.5072
   0.    ]",[15.249  78.915  83.2797 71.0079 86.     71.6081  6.0699 47.5072  0.    ],[0.24249031 0.91       0.42117389 0.40556133],[0.24249031 0.92       0.42117389 0.40556133],[0.18709692 0.89       0.32925656 0.40556133],[0.08696315 0.98       0.22995712 0.39053636],46.09966051399664,47.26427474747476,33.73509999999999,82.0464,1.1646142334781189,-13.52917474747477,-12.36456051399665,-48.31130000000002,0.025262967676834024,-0.28624526282819157,-0.268213699973833,-0.5888290040757427,5.616472244262695,0.18566226959228516,2.5498180389404297,0.5854654312133789,30.251015764250234,2.2026953133473812,0.0728139289772366,0.22961067114289754,114,9
5,"[49.39657534 69.32419616 33.45998461 70.1467     85.         63.797
 56.6518     41.608       1.        ]","[51.22282424 41.85586869 94.97619091 70.1467     85.         63.797
 56.6518     41.608       1.        ]",[ 7.4975 37.4702 84.0923 70.1467 85.     63.797  56.6518 41.608   1.    ],[12.4975 81.985  83.1003 70.1467 85.     63.797  56.6518 41.608   1.    ],[0.96648986 0.8        0.82274455 0.92975427],[0.95284732 0.8        0.85640715 0.91152402],[[0.93785554 0.85       0.83270953 0.89548493]],[0.96648986 0.89       0.9293159  0.9420207 ],176.46569456997213,144.2440646464646,115.78829999999999,77.26549999999997,-32.22162992350752,-28.455764646464615,-60.67739456997214,38.52280000000002,-0.1825942997137668,-0.19727511642304557,-0.34384810440259456,0.49857698455326155,68.40588760375977,28.450000762939453,0.3107719421386719,0.18604612350463867,2.404424807357793,220.11603471344225,91.54623344421668,0.5986580455890115,6,0
6,"[ 4.45889559 41.0378588  35.19825173 35.5858     89.         31.4358
 88.8059     15.01        1.        ]","[19.14887475 83.93210505 95.97619091 35.5858     89.         31.4358
 88.8059     15.01        1.        ]",[18.476  98.1925 63.6009 35.5858 89.     31.4358 88.8059 15.01    1.    ],[33.164  79.915  58.6009 35.5858 89.     31.4358 88.8059 15.01    1.    ],[0.96847796 0.8        0.85063487 0.82978375],[0.97074839 0.8        0.80491216 0.8564019 ],[0.97074839 0.8        0.81190513 0.86006132],[0.97074839 0.77       0.75267302 0.8366322 ],192.63698506315018,103.6547787878788,121.09680000000003,159.0623,-88.98220627527138,17.442021212121233,-71.54018506315015,-37.96549999999996,-0.46191652265581956,0.16827030471807702,-0.3713730519593518,-0.2386832077745636,62.969024658203125,4.697252988815308,1.8488917350769043,1.039027452468872,13.405499939675279,34.05771331201496,2.5405776334545225,0.5619731176015311,66,23
7,"[ 0.33315052 98.05729856 98.42984878 85.2057     47.         38.8494
 86.7224     22.8551      0.        ]","[16.0224     53.743      98.97619091 85.2057     47.         38.8494
 86.7224     22.8551      0.        ]",[11.0224 63.6425 97.856  85.2057 47.     38.8494 86.7224 22.8551  0.    ],[16.0224 53.743  81.984  85.2057 47.     38.8494 86.7224 22.8551  0.    ],[0.8322667  0.87       0.31548733 0.11921916],[0.87519323 0.95       0.12916957 0.07842378],[0.82364071 0.97       0.11682385 0.11129559],[0.84207343 0.98       0.04471127 0.07842378],18.640303178069075,78.09750909090911,64.31819999999999,95.08970000000005,59.45720591284004,-13.779309090909123,45.677896821930915,-30.77150000000006,3.1897123853003304,-0.17643724174185083,2.4504910883462694,-0.32360497509194,6.985582590103149,0.4126412868499756,3.708879232406616,0.7212512493133545,16.92894727871209,1.883475344536993,0.11125767677860492,0.19446609180783414,180,16
8,"[ 3.97473711 94.57520897 69.68181615 61.2271     66.         92.9079
 10.657      41.414       1.        ]","[15.22282424 83.85586869 98.97619091 61.2271     66.         92.9079
 10.657      41.414       1.        ]",[29.5877 89.5484 67.7409 61.2271 66.     92.9079 10.657  41.414   1.    ],[35.5982 94.2814 55.0389 61.2271 66.     92.9079 10.657  41.414   1.    ],[0.10655926 0.67       0.88739693 0.83874756],[0.1286437  0.62       0.91854742 0.84705037],[[0.10092894 0.63       0.85296509 0.83874756]],[0.09633754 0.64       0.84461967 0.85140017],78.49061199158837,71.16366464646461,111.07130000000001,125.05080000000004,-7.326947345123756,39.9076353535354,32.58068800841164,-13.97950000000003,-0.09334807258107461,0.5607866816835998,0.41509025323822457,-0.11179056831303778,5.988145112991333,0.16283226013183594,5.713061571121216,3.35992693901062,36.774930889880636,1.0481499347496321,0.02850175131227919,0.5881132029093847,252,102
9,"[  4.3433476   98.42903224  96.10637505  26.5669     100.
  83.1226      18.4308      88.1734       1.        ]","[  0.1119      99.9914      98.97619091  26.5669     100.
  83.1226      18.4308      88.1734       1.        ]","[ 13.4966  85.745   95.3312  26.5669 100.      83.1226  18.4308  88.1734
   1.    ]","[ 12.6211  78.915   82.9592  26.5669 100.      83.1226  18.4308  88.1734
   1.    ]",[0.8383828  0.78       0.89877792 0.96516107],[0.8383828  0.69       0.95649834 0.96516107],[0.81663116 0.76       0.86462768 0.93389753],[0.81663116 0.53       0.85777034 0.92991913],83.24104031555134,74.5774090909091,105.85350000000005,124.18,-8.663631224642245,31.276090909090954,22.61245968444871,-18.326499999999953,-0.10407884370257779,0.4193775473074657,0.27165037340630377,-0.14758012562409367,5.583572864532471,0.16444897651672363,35.755908250808716,0.48104429244995117,33.953223563934124,0.15615804877243422,0.0045992112789640625,0.013453560991254391,1002,9
10,"[47.24943814 43.17196758 54.66617347 25.5557     48.          5.025
 66.393      19.4015      1.        ]","[28.14887475 39.915      48.86       25.5557     48.          5.025
 66.393      19.4015      1.        ]",[33.164  77.882  77.86   25.5557 48.      5.025  66.393  19.4015  1.    ],[33.164  77.882  77.86   25.5557 48.      5.025  66.393  19.4015  1.    ],[0.96057699 0.8        0.83005573 0.87909814],[0.94370674 0.8        0.8067602  0.87338313],[0.97074839 0.88       0.86895827 0.91783772],[0.97074839 0.89       0.86895827 0.91783772],223.85559708884773,213.81817474747476,147.8333,151.86629999999997,-10.037422341372974,-65.98487474747475,-76.02229708884772,-4.032999999999959,-0.044838826778984424,-0.3086027407417762,-0.33960418268512027,-0.026556253757416617,67.06050515174866,31.72551965713501,0.10502028465270996,0.2543671131134033,2.1137716852706263,638.5481183326636,302.08944645358434,2.4220760204046883,0,0
11,"[11.54757003 24.38362481 33.34706004 68.7607     94.         35.1072
 46.7054     57.0139      1.        ]","[49.249      91.97445859 39.984      68.7607     94.         35.1072
 46.7054     57.0139      1.        ]",[14.3735 60.0625 82.976  68.7607 94.     35.1072 46.7054 57.0139  1.    ],[17.0875 65.308  86.984  68.7607 94.     35.1072 46.7054 57.0139  1.    ],[0.9270702  0.8        0.80660344 0.8610598 ],[0.96968277 0.8        0.90251254 0.93286914],[[0.96913213 0.8        0.95782858 0.9388997 ]],[0.96968277 0.8        0.95642086 0.94338136],185.05618517833688,148.52984141414146,102.5743,96.03480000000002,-36.52634376419542,-45.955541414141464,-82.48188517833688,6.539499999999975,-0.19737975106854888,-0.30940275015850155,-0.445712663420841,0.06809510719030991,65.45616865158081,24.57049822807312,0.44417524337768555,0.3997459411621094,2.664014707556626,147.36563918742075,55.31712672959722,0.8999734837139548,6,6
12,"[ 0.46803174 98.09515232 98.34604482 93.4924     39.         16.5651
 49.3659     41.1829      0.        ]","[15.22282424 83.85586869 98.97619091 93.4924     39.         16.5651
 49.3659     41.1829      0.        ]",[12.6265 88.9759 99.6911 93.4924 39.     16.5651 49.3659 41.1829  0.    ],[ 4.659  70.0209 92.6376 93.4924 39.     16.5651 49.3659 41.1829  0.    ],[0.7528091  0.97       0.60829209 0.44591271],[0.79034812 0.98       0.41997149 0.34745217],[0.79034812 0.99       0.30184859 0.34745217],[0.7528091  1.         0.26440384 0.34745217],10.534434599562474,38.89836464646464,30.46709999999996,48.50810000000001,28.36393004690217,-8.431264646464683,19.932665400437486,-18.041000000000054,2.6924966668909036,-0.2167511339639564,1.8921438271841708,-0.3719172674254413,5.844883441925049,0.1668229103088379,1.1897714138031006,0.8619017601013184,35.03645531123072,4.912610417527092,0.14021425323675327,0.7244263478698417,60,20
13,"[ 0.33828253 98.76466467 98.98036315 33.8933     60.         92.4483
 48.2574     44.1308      0.        ]","[15.22282424 83.85586869 98.97619091 33.8933     60.         92.4483
 48.2574     44.1308      0.        ]","[ 27.098  100.      52.124   33.8933  60.      92.4483  48.2574  44.1308
   0.    ]",[25.836  66.9246 48.124  33.8933 60.     92.4483 48.2574 44.1308  0.    ],[0.10327763 0.82       0.23010124 0.16519071],[0.09780172 0.88       0.15184833 0.12637374],[0.06295952 0.9        0.0343319  0.16992923],[0.05768122 0.97       0.0332698  0.14089863],68.69995471086969,98.4974646464646,141.08069999999998,176.8941,29.797509935594917,42.58323535353537,72.38074528913029,-35.81340000000003,0.43373405500775913,0.432328238156979,1.053577772994925,-0.20245672410781382,5.910151720046997,0.1769094467163086,29.636325359344482,1.8099074363708496,33.40777911947516,0.19942255486756885,0.005969344868881599,0.06107057519532113,1002,44
14,"[15.26230568 97.88034649 98.27491994 67.6385     86.         60.9346
 23.8036     48.4106      0.        ]","[15.22282424 97.97445859 98.97619091 67.6385     86.         60.9346
 23.8036     48.4106      0.        ]","[ 40.6622 100.      98.848   67.6385  86.      60.9346  23.8036  48.4106
   0.    ]",[47.6622 78.8053 81.984  67.6385 86.     60.9346 23.8036 48.4106  0.    ],[0.59311267 0.99       0.43591045 0.28756593],[0.65718825 0.94       0.35284565 0.28756593],[0.60157083 0.92       0.26427574 0.28756593],[0.57933031 0.99       0.07459331 0.26146907],51.4685392468067,50.63367474747474,74.17569999999989,119.23440000000005,-0.8348644993319567,23.54202525252515,22.707160753193193,-45.05870000000016,-0.016220870293764067,0.4649479890593811,0.44118525774173845,-0.3779001697496707,5.48570990562439,0.17339324951171875,5.798310279846191,0.8136975765228271,31.637390273683284,0.9460876774207236,0.029904099839982736,0.14033356913497422,198,18
15,"[27.96096835 32.62271242 32.78281614 84.0419     37.         48.3194
 15.8531     47.8819      1.        ]","[63.22282424 41.85586869 92.97619091 84.0419     37.         48.3194
 15.8531     47.8819      1.        ]",[33.6268 37.6637 94.9129 84.0419 37.     48.3194 15.8531 47.8819  1.    ],[33.6268 37.6637 94.9129 84.0419 37.     48.3194 15.8531 47.8819  1.    ],[0.91126149 0.8        0.8012681  0.8619671 ],[0.90364324 0.8        0.89157474 0.85412488],[[0.90658856 0.87       0.88197574 0.89101445]],[0.90658856 0.87       0.88197574 0.89101445],178.51353979231664,144.34886464646462,117.00830000000002,117.00830000000002,-34.164675145852016,-27.3405646464646,-61.505239792316615,0.0,-0.19138422321130003,-0.1894061634182325,-0.34454103517230156,0.0,67.40394282341003,17.38122844696045,0.10933256149291992,0.20748662948608398,3.877973471731069,616.5038292620166,158.97577272152367,1.897756959618295,0,0
16,"[18.49113362 35.4605148  35.19912312 65.4357     56.          8.6406
 87.8614     44.8167      1.        ]","[43.40769798 68.92363434 46.67582727 65.4357     56.          8.6406
 87.8614     44.8167      1.        ]",[33.164  81.915  60.14   65.4357 56.      8.6406 87.8614 44.8167  1.    ],[33.164  81.915  60.14   65.4357 56.      8.6406 87.8614 44.8167  1.    ],[0.94515094 0.8        0.92750215 0.9172565 ],[0.97074839 0.8        0.80729881 0.91726226],[[0.97074839 0.8        0.82052563 0.92769385]],[0.97074839 0.8        0.82052563 0.92769385],182.3957956922704,162.37253636363636,125.67329999999998,125.67329999999998,-20.023259328634055,-36.69923636363637,-56.72249569227043,0.0,-0.10977917145862481,-0.2260187417498224,-0.31098576300503084,0.0,66.74935913085938,26.330986499786377,0.14587926864624023,0.20357012748718262,2.535011710685466,457.5657648293243,180.49848168377838,1.3954698935380854,0,0
17,"[15.22472704 83.19104332 98.461703   73.1689     70.         46.0867
 41.6846     38.9561      0.        ]","[47.2834     66.915      98.97619091 73.1689     70.         46.0867
 41.6846     38.9561      0.        ]",[42.4259 98.1925 98.848  73.1689 70.     46.0867 41.6846 38.9561  0.    ],"[ 42.4184 100.      99.268   73.1689  70.      46.0867  41.6846  38.9561
   0.    ]",[0.70482531 1.         0.47932517 0.30210674],[0.73054206 0.98       0.25074714 0.28788368],[0.71208851 0.98       0.29359214 0.30210674],[0.73054206 0.9        0.29359214 0.30210674],60.40308072017467,108.22330909090908,72.2165,69.98149999999998,47.82022837073441,-36.00680909090909,11.813419279825325,2.2350000000000136,0.7916852551323996,-0.332708446945222,0.19557643648264508,0.03193701192458027,6.205960035324097,1.2640860080718994,7.271068096160889,2.6267950534820557,4.909444448950115,0.8535142228417353,0.1738514880281942,0.3612667380833634,198,90
18,"[33.36636419 25.30749783 35.19887295 62.0463     46.         10.8123
 44.6007     34.8029      1.        ]","[21.22282424 41.8854     30.8852     62.0463     46.         10.8123
 44.6007     34.8029      1.        ]",[47.5559 49.3524 49.0457 62.0463 46.     10.8123 44.6007 34.8029  1.    ],[30.4845 41.7024 44.8852 62.0463 46.     10.8123 44.6007 34.8029  1.    ],[0.92815896 0.8        0.89019531 0.92040391],[0.91745504 0.8        0.80004113 0.94571903],[[0.96522051 0.8        0.89516223 0.95178717]],[0.95694401 0.8        0.86117833 0.94571903],210.8136934045574,186.40592424242425,187.1115,181.85060000000001,-24.40776916213315,0.7055757575757582,-23.70219340455739,5.260899999999992,-0.1157788603195427,0.0037851573679500887,-0.11243194415778399,0.028929791818118784,66.6355152130127,15.930401802062988,1.9230051040649414,0.4372279644012451,4.182914909552588,34.65176201152837,8.284118314812858,0.2273670327119837,54,6
19,"[15.02272519 83.42130563 98.24000752 83.5925     93.         48.5624
 45.6136     59.732       0.        ]","[15.22282424 83.85586869 98.97619091 83.5925     93.         48.5624
 45.6136     59.732       0.        ]","[ 13.478  100.     100.      83.5925  93.      48.5624  45.6136  59.732
   0.    ]",[25.683  90.772  99.268  83.5925 93.     48.5624 45.6136 59.732   0.    ],[0.67845308 1.         0.51212109 0.32050799],[0.73509195 0.96       0.42548804 0.32050799],[0.65252021 0.94       0.32672263 0.32050799],[0.74188314 0.94       0.35229241 0.32050799],49.76891204731601,48.798264646464645,29.88549999999998,52.050500000000056,-0.9706474008513624,-18.912764646464666,-19.88341204731603,-22.165000000000077,-0.01950308658402165,-0.38757043479895276,-0.3995147016356835,-0.42583644729637665,6.270381689071655,0.17607951164245605,6.437637090682983,3.366586446762085,35.61108064522681,0.9740191316696941,0.027351574679052835,0.5229537482991164,246,96
20,"[2.22616089e-02 3.22269565e-02 2.38816571e+01 1.03298000e+01
 7.90000000e+01 6.97088000e+01 6.04312000e+01 9.81691000e+01
 0.00000000e+00]","[ 0.1119     98.98292929 98.97619091 10.3298     79.         69.7088
 60.4312     98.1691      0.        ]","[  0.     100.      68.2007  10.3298  79.      69.7088  60.4312  98.1691
   0.    ]",[14.9026 48.7776 59.0162 10.3298 79.     69.7088 60.4312 98.1691  0.    ],[0.0070089  0.2        0.02764264 0.82445385],[0.13291896 0.21       0.32535555 0.20205146],[0.09759346 0.2        0.12515836 0.19212914],[0.08059827 0.07       0.0239997  0.14091893],265.77857750974965,91.82297979797983,121.46950000000004,196.779,-173.95559771176983,29.646520202020213,-144.3090775097496,-75.30949999999996,-0.6545132393350572,0.3228660218525435,-0.5429673033164453,-0.38271106164783825,7.5721354484558105,0.3616938591003418,4.180787801742554,0.9079177379608154,20.935205997940745,1.81117430674184,0.08651332625625908,0.21716427166726687,138,19
21,"[37.53894419 98.05061431 99.42811649 96.0808     17.         53.5539
 14.6023     75.7435      0.        ]","[ 5.14887475 97.97445859 98.97619091 96.0808     17.         53.5539
 14.6023     75.7435      0.        ]","[ 15.249  100.      93.888   96.0808  17.      53.5539  14.6023  75.7435
   0.    ]",[15.249  62.125  81.984  96.0808 17.     53.5539 14.6023 75.7435  0.    ],[0.34398239 0.85       0.60583706 0.27386197],[0.34973664 0.84       0.41627262 0.27386197],[0.26039306 0.89       0.41984036 0.27386197],[0.23235605 0.95       0.12841788 0.23901974],43.97941338780987,12.117425252525265,25.28019999999998,75.05919999999998,-31.861988135284605,13.162774747474714,-18.69921338780989,-49.778999999999996,-0.7244750595995,1.086268284983363,-0.42518105512050564,-0.6631965168826741,5.967607259750366,0.33333563804626465,2.202803134918213,0.2575380802154541,17.90269799751236,2.7090969524936397,0.1513233900761817,0.11691379775751778,84,3
22,"[ 0.43807654 98.06165561 98.97411187 71.3723     26.         21.3701
 54.0402     70.6991      0.        ]","[15.22282424 83.85586869 98.97619091 71.3723     26.         21.3701
 54.0402     70.6991      0.        ]","[ 15.249  100.      98.5549  71.3723  26.      21.3701  54.0402  70.6991
   0.    ]",[15.249  42.382  88.6349 71.3723 26.     21.3701 54.0402 70.6991  0.    ],[0.76422428 0.9        0.54567661 0.46637278],[0.753137   0.93       0.44249705 0.36638179],[0.72830777 0.9        0.43902785 0.36638179],[0.65512073 1.         0.12832664 0.26771396],32.030009059784106,61.01846464646462,45.321799999999996,112.8598,28.988455586680516,-15.696664646464626,13.29179094021589,-67.53800000000001,0.9050405053764886,-0.2572445035680537,0.4149793062938797,-0.5984238852097913,5.718498229980469,0.17661142349243164,3.5834968090057373,0.325634241104126,32.37898272319585,1.595787169562766,0.04928466046030429,0.09087052632104203,132,3
23,"[ 0.22890811 99.83242169 98.2906803   7.8811     90.         60.9449
 40.3172     29.6776      1.        ]","[ 4.1414798  97.97445859 98.97619091  7.8811     90.         60.9449
 40.3172     29.6776      1.        ]","[ 15.249  100.      88.1346   7.8811  90.      60.9449  40.3172  29.6776
   1.    ]","[  0.     100.      88.1186   7.8811  90.      60.9449  40.3172  29.6776
   1.    ]",[0.96707117 0.19       0.6379115  0.26722871],[0.97476254 0.19       0.38046189 0.21047991],[0.96508693 0.1        0.39207235 0.26722871],[0.96707117 0.18       0.52572644 0.26722871],94.22470611864225,99.30973030303028,119.23329999999999,104.00029999999998,5.085024184388033,19.923569696969707,25.00859388135774,15.233000000000004,0.05396699436754164,0.20062051962255475,0.2654144004425801,0.14647073133442892,5.268002271652222,0.16199898719787598,1.197920322418213,1.8098869323730469,32.518735843808365,4.3976232584633275,0.13523352443913175,1.5108575240792907,48,66
24,"[47.7638619  25.14462198 35.19825614 31.5709     24.         12.1378
 19.2008     32.6802      1.        ]","[43.14887475 43.94904646 43.67582727 31.5709     24.         12.1378
 19.2008     32.6802      1.        ]",[47.7416 56.8715 82.976  31.5709 24.     12.1378 19.2008 32.6802  1.    ],[33.219  58.926  85.146  31.5709 24.     12.1378 19.2008 32.6802  1.    ],[0.9162629  0.8        0.83690299 0.82291997],[0.95302887 0.88       0.82370819 0.8931892 ],[0.95982717 0.86       0.81872488 0.9184746 ],[0.95982717 0.81       0.84573744 0.92753169],255.85008378107216,223.95310101010102,176.32319999999999,157.5761,-31.896982770971135,-47.62990101010104,-79.52688378107217,18.74709999999999,-0.12467059732630378,-0.21267801515261345,-0.31083391729166826,0.11897172223452661,63.57062602043152,43.02692627906799,0.29923129081726074,0.4469137191772461,1.4774614762885758,212.44645186272925,143.79153383843254,1.4935393887338286,6,6
25,"[ 0.52783075 98.53717568 98.69741501 43.2349     70.         16.4163
 46.4928     89.4698      0.        ]","[15.22282424 94.96598788 97.96868182 43.2349     70.         16.4163
 46.4928     89.4698      0.        ]",[15.249  99.25   80.682  43.2349 70.     16.4163 46.4928 89.4698  0.    ],"[ 15.249  100.      93.378   43.2349  70.      16.4163  46.4928  89.4698
   0.    ]",[0.53932864 0.94       0.47100329 0.60915481],[0.52424935 0.99       0.50141721 0.37378647],[0.52424935 0.88       0.26245223 0.4919981 ],[0.52424935 0.9        0.44783928 0.50767501],60.05834006196045,79.05325454545454,92.08210000000003,78.6361,18.994914483494085,13.02884545454549,32.023759938039575,13.446000000000026,0.3162743836059668,0.1648109939237743,0.5332108730444696,0.17099016863755992,5.75984787940979,0.3058137893676758,2.0527029037475586,2.310197114944458,18.834493667925493,2.805982233909353,0.1489810282868313,1.1254415389225592,72,84
26,"[8.54733001e-02 9.81134807e+01 9.81689740e+01 8.13137000e+01
 4.10000000e+01 1.62426000e+01 9.60676000e+01 3.23835000e+01
 1.00000000e+00]","[ 0.1119     83.85586869 98.97619091 81.3137     41.         16.2426
 96.0676     32.3835      1.        ]","[ 17.1758 100.      98.2101  81.3137  41.      16.2426  96.0676  32.3835
   1.    ]",[17.1758 83.97   73.5711 81.3137 41.     16.2426 96.0676 32.3835  1.    ],[0.97242006 0.84       0.37869542 0.27648063],[0.97888933 0.86       0.20102436 0.27648063],[[0.97074839 0.83       0.32872073 0.19923527]],[0.97074839 0.8        0.18325615 0.18941842],22.489318601404932,35.9661404040404,37.652000000000044,78.32100000000003,13.47682180263547,1.6858595959596414,15.162681398595112,-40.66899999999998,0.5992543412050536,0.0468735198445217,0.6742170213039662,-0.5192604793095079,6.711993217468262,0.18250775337219238,4.329519271850586,1.483828067779541,36.77648260663389,1.5502860239260061,0.042154276701991046,0.3427235160787959,186,48
27,"[ 4.8903536  98.04537109 31.41845499 69.5933     55.         46.8921
  6.5136     31.9197      1.        ]","[15.22282424 83.85586869 98.97619091 69.5933     55.         46.8921
  6.5136     31.9197      1.        ]",[38.4036 86.7025 86.944  69.5933 55.     46.8921  6.5136 31.9197  1.    ],[44.4346 97.83   84.1445 69.5933 55.     46.8921  6.5136 31.9197  1.    ],[0.66258342 0.84       0.90528725 0.95070879],[0.51523146 0.92       0.97633663 0.96462023],[[0.44695134 0.8        0.9550286  0.96241647]],[0.58955282 0.88       0.9333552  0.95986263],105.83322751521195,62.79746464646462,95.16379999999998,92.86680000000001,-43.03576286874733,32.36633535353536,-10.669427515211964,2.2969999999999686,-0.4066375360475667,0.5154083136277943,-0.10081358913181017,0.024734350704449473,6.595161199569702,0.16750741004943848,38.53616166114807,1.6025023460388184,39.37235491625829,0.17114214066158293,0.0043467590654810455,0.04158437885251171,1002,72
28,"[15.5180284  98.07006047 98.13872134 70.0709     19.         68.665
 31.1381      3.1529      1.        ]","[15.22282424 99.9914     98.97619091 70.0709     19.         68.665
 31.1381      3.1529      1.        ]",[34.656  98.1925 92.896  70.0709 19.     68.665  31.1381  3.1529  1.    ],"[ 26.8075 100.      97.794   70.0709  19.      68.665   31.1381   3.1529
   1.    ]",[0.95330312 0.31       0.57753323 0.57394441],[0.96409096 0.31       0.29928845 0.57394441],[0.95330312 0.28       0.25752773 0.57394441],[0.95330312 0.29       0.29163893 0.57394441],49.238346591429206,46.18433333333331,73.4966,58.94259999999997,-3.0540132580958925,27.312266666666687,24.258253408570795,14.55400000000003,-0.062025097703575144,0.591375141642549,0.4926699429991292,0.24691818820343925,6.595589876174927,0.18066620826721191,3.056866407394409,2.2801365852355957,36.507047662282304,2.1576310499603517,0.059101767689353144,0.7459065203896571,108,78
29,"[11.55692051 24.6104064  47.91568356 48.9076     19.         12.9341
 82.8212     21.5517      1.        ]",[19.249  33.382  77.984  48.9076 19.     12.9341 82.8212 21.5517  1.    ],[15.249  42.382  81.984  48.9076 19.     12.9341 82.8212 21.5517  1.    ],[15.249  42.382  81.984  48.9076 19.     12.9341 82.8212 21.5517  1.    ],[0.94618028 0.8        0.83422896 0.86476551],[0.94618028 0.8        0.84178298 0.89471243],[0.96712427 0.84       0.89502142 0.93343318],[0.96712427 0.84       0.89502142 0.93343318],190.12323054758866,158.97539999999998,141.97539999999998,141.97539999999998,-31.147830547588683,-17.0,-48.14783054758868,0.0,-0.1638296932882815,-0.1069347836206105,-0.2532453841064786,0.0,66.15903520584106,23.562394380569458,0.1134190559387207,0.25952982902526855,2.807823098844258,583.3149875765691,207.7463454933006,2.288238311254241,0,0
30,"[ 0.39010804 39.14035061 98.3164103  86.4467     43.         98.4294
 76.3577     52.802       0.        ]","[18.24500909 99.9914     98.97619091 86.4467     43.         98.4294
 76.3577     52.802       0.        ]","[100.      96.629   99.1524  86.4467  43.      98.4294  76.3577  52.802
   0.    ]","[100.      42.382   96.0904  86.4467  43.      98.4294  76.3577  52.802
   0.    ]",[0.09396134 0.44       0.16889369 0.40362109],[0.11184988 0.38       0.14326192 0.15776062],[0.02166565 0.15       0.84101327 0.04061572],[0.01783184 0.1        0.73076781 0.04524001],76.48664713501796,32.830718181818156,117.77189999999996,175.08089999999999,-43.655928953199805,84.9411818181818,41.285252864982,-57.309000000000026,-0.5707653634775783,2.587247142988871,0.5397707235369235,-0.32732868062707027,7.748385906219482,0.36362385749816895,1.6657936573028564,1.2286827564239502,21.308794091593676,4.651468008807981,0.21828865532296765,0.7375960107888467,84,30
31,"[ 0.4301482  83.65496077 98.26139816 84.057      54.         24.0526
 67.005      45.8561      0.        ]","[ 4.499      89.2532     98.97619091 84.057      54.         24.0526
 67.005      45.8561      0.        ]",[14.8805 89.2532 98.8126 84.057  54.     24.0526 67.005  45.8561  0.    ],[ 4.499  89.2532 99.8046 84.057  54.     24.0526 67.005  45.8561  0.    ],[0.80963423 1.         0.52571321 0.46814814],[0.84833175 0.98       0.40905794 0.36803904],[0.80012385 1.         0.43878977 0.36803904],[0.84833175 1.         0.34532152 0.32906906],34.45678927654899,32.21260909090904,42.7577,31.384199999999964,-2.244180185639948,10.545090909090959,8.300910723451011,11.373500000000035,-0.06513027570933078,0.327359105849857,0.24090784132056506,0.3623957277865948,5.558395624160767,0.20659661293029785,4.285301208496094,0.38350343704223633,26.904582535610466,1.297083998002432,0.04821052310644972,0.08949276104137031,126,4
32,"[14.89469453 97.89128674 96.85610769 77.0502     83.         75.3979
 36.2007     93.8284      1.        ]",[39.2956 99.9914 95.1731 77.0502 83.     75.3979 36.2007 93.8284  1.    ],[48.2956 47.1758 96.1731 77.0502 83.     75.3979 36.2007 93.8284  1.    ],[49.7556 47.1758 96.1731 77.0502 83.     75.3979 36.2007 93.8284  1.    ],[0.75668199 0.67       0.96300714 0.95308578],[0.75668199 0.51       0.96271541 0.95308578],[[0.71788955 0.46       0.90865083 0.92854427]],[0.71788955 0.5        0.90865083 0.92854427],43.09710010046854,67.08089999999999,127.8965,129.35649999999998,23.983799899531448,60.81560000000002,84.79939989953147,-1.4599999999999795,0.5565061185931325,0.906600835707333,1.9676358664932436,-0.011286638089311166,5.305850267410278,0.35845279693603516,1.1332566738128662,1.7011067867279053,14.802089180955928,4.6819492794678474,0.31630327464122765,1.501078110578864,48,60
33,"[ 4.63572085 99.95878113 35.2178249  41.5923     91.         34.2682
 62.3209      4.3615      0.        ]","[ 5.11929495 99.9914     98.97619091 41.5923     91.         34.2682
 62.3209      4.3615      0.        ]","[  0.3655 100.      93.888   41.5923  91.      34.2682  62.3209   4.3615
   0.    ]",[15.249  62.125  76.984  41.5923 91.     34.2682 62.3209  4.3615  0.    ],[0.82490538 0.28       0.06204643 0.23975044],[0.83723058 0.23       0.0622408  0.22464626],[0.79638049 0.24       0.05854459 0.22464626],[0.81066715 0.21       0.02787518 0.06755234],127.86681481636697,64.55940404040399,64.88519999999994,134.54769999999996,-63.30741077596298,0.32579595959595054,-62.98161481636703,-69.66250000000002,-0.49510430729724897,0.005046452402070715,-0.49255637521601403,-0.5177531834434929,6.24166202545166,0.4121882915496826,1.7959485054016113,0.8062317371368408,15.142744598555218,3.475412578188535,0.22951008356306338,0.44891695653409097,90,18
34,"[14.97911801 83.86579261 98.1788143  91.6582     82.         62.5729
 79.4447     32.69        0.        ]","[15.22282424 83.85586869 98.97619091 91.6582     82.         62.5729
 79.4447     32.69        0.        ]","[ 42.3174 100.      98.848   91.6582  82.      62.5729  79.4447  32.69
   0.    ]",[47.1749 66.533  81.984  91.6582 82.     62.5729 79.4447 32.69    0.    ],[0.72770957 0.97       0.30051274 0.17811617],[0.77850471 0.94       0.23260939 0.17811617],[0.73462169 0.87       0.1624498  0.17811617],[0.73462169 0.98       0.04566905 0.1597251 ],41.27631110764287,40.73256464646465,51.811199999999985,106.99969999999996,-0.5437464611782161,11.078635353535333,10.534888892357117,-55.188499999999976,-0.013173329849176713,0.27198472400870277,0.25522844967622216,-0.5157818199490278,6.726577281951904,0.1645205020904541,5.249437093734741,1.0588760375976562,40.885951577351754,1.281390206576653,0.03134059883998059,0.2017123014697016,204,23
35,"[34.78303915 59.20384772 26.74386454 95.2806     96.         51.8587
 73.1857     68.3035      1.        ]","[11.19324444 25.024      82.8863     95.2806     96.         51.8587
 73.1857     68.3035      1.        ]",[38.8607 37.024  91.8543 95.2806 96.     51.8587 73.1857 68.3035  1.    ],[34.1615 82.9775 92.8863 95.2806 96.     51.8587 73.1857 68.3035  1.    ],[0.94154844 0.8        0.83778115 0.91316256],[0.9458869  0.81       0.83527185 0.89412049],[[0.93992986 0.82       0.85523993 0.90208792]],[0.96974492 0.82       0.93469989 0.94976375],153.55472688325244,108.00234444444442,114.70179999999999,63.01710000000003,-45.552382438808024,6.6994555555555735,-38.85292688325245,51.684699999999964,-0.2966524272055882,0.06203064933466997,-0.2530233205571868,0.8201694460709862,63.780052185058594,4.365541696548462,1.0504438877105713,0.41974616050720215,14.609882717529684,60.717238618110656,4.155901850276937,0.3995893216362403,24,6
36,"[16.59797004 46.95033744 97.80770305 82.4897     63.         48.8224
 77.1187     87.0277      1.        ]","[16.14887475 47.71186667 97.97619091 82.4897     63.         48.8224
 77.1187     87.0277      1.        ]",[14.1375 65.0355 95.872  82.4897 63.     48.8224 77.1187 87.0277  1.    ],[11.6195 82.9775 87.119  82.4897 63.     48.8224 77.1187 87.0277  1.    ],[0.93736873 0.8        0.95096071 0.9428904 ],[0.93736873 0.8        0.95096071 0.9428904 ],[[0.9388013  0.88       0.95253605 0.95015141]],[0.9388013  0.8        0.95253605 0.95180506],89.35022954682222,87.9711171717172,70.74029999999993,59.033300000000054,-1.3791123751050236,-17.230817171717263,-18.609929546822286,11.70699999999988,-0.015434905787033564,-0.19586902753642632,-0.20828071333683726,0.19831180028898723,63.513235092163086,18.3382511138916,3.1200807094573975,1.3311731815338135,3.4634292385739287,20.356279534579237,5.877492546364528,0.42664703432152984,90,30
37,"[14.66949808 99.1382323  98.11596578 16.7713     32.         79.513
 22.451      44.3956      0.        ]","[ 0.1119     99.9914     98.97619091 16.7713     32.         79.513
 22.451      44.3956      0.        ]",[11.28   55.743  96.5381 16.7713 32.     79.513  22.451  44.3956  0.    ],[51.285  55.743  94.5381 16.7713 32.     79.513  22.451  44.3956  0.    ],[0.40428194 0.54       0.28167487 0.22458178],[0.48671628 0.39       0.3775473  0.22458178],[0.36416056 0.63       0.05392902 0.10422544],[0.36492341 0.52       0.03189616 0.06922675],100.64400000015269,84.37300909090908,142.22759999999994,184.2326,-16.270990909243608,57.85459090909086,41.58359999984725,-42.00500000000005,-0.16166876226321414,0.6857002201587297,0.4131751520188403,-0.22799982196419122,5.715695858001709,0.16901087760925293,2.4564201831817627,0.47581934928894043,33.818508837142375,2.3268396413345935,0.068803732670172,0.19370438027936207,96,7
38,"[34.10291317 41.03809724 30.12892511 49.2239     64.          1.9955
 56.6409     68.6518      1.        ]","[18.22282424 76.1265     61.984      49.2239     64.          1.9955
 56.6409     68.6518      1.        ]",[41.0887 94.3765 94.198  49.2239 64.      1.9955 56.6409 68.6518  1.    ],[37.2122 86.1265 76.984  49.2239 64.      1.9955 56.6409 68.6518  1.    ],[0.93532934 0.8        0.80905732 0.95173691],[0.97379828 0.8        0.94639105 0.96570196],[[0.97379828 0.8        0.93490644 0.96771953]],[0.97379828 0.8        0.93054602 0.96570196],213.71199082072377,130.88842424242426,103.2903,124.87779999999998,-82.8235665782995,-27.598124242424262,-110.42169082072377,-21.587499999999977,-0.38754758804234607,-0.21085229195905478,-0.5166845828194686,-0.17286899673120426,46.680442571640015,14.064884424209595,1.0151176452636719,0.7873163223266602,3.318935382880924,45.985253817073584,13.85542305350855,0.7755912095510452,24,18
39,"[15.04666472 98.0614742  98.1791985  45.5261      9.          1.3625
  4.1905     24.6189      0.        ]","[10.17845455 83.85586869 98.97619091 45.5261      9.          1.3625
  4.1905     24.6189      0.        ]",[16.5753 99.15   86.42   45.5261  9.      1.3625  4.1905 24.6189  0.    ],[15.4468 71.915  77.86   45.5261  9.      1.3625  4.1905 24.6189  0.    ],[0.21919261 0.79       0.43976771 0.21337117],[0.20432471 0.76       0.21151814 0.21337117],[0.21919261 0.82       0.09010976 0.2030344 ],[0.13640318 0.85       0.08546822 0.2030344 ],73.27989202200587,81.82029494949495,85.47919999999999,120.14569999999998,8.540402927489083,3.658905050505041,12.199307977994124,-34.666499999999985,0.11654497150356621,0.04471879565777129,0.16647551792694626,-0.2885371677887764,2.527522563934326,0.5632169246673584,0.8829467296600342,0.5150582790374756,4.487653785310352,2.8625991569248033,0.6378832445352812,0.58334015148999,84,31
40,"[20.76578891 93.16962032 98.30686551 61.7801     50.         54.0379
 83.2858     11.6924      1.        ]","[17.22282424 83.85586869 98.97619091 61.7801     50.         54.0379
 83.2858     11.6924      1.        ]",[17.     97.8452 97.856  61.7801 50.     54.0379 83.2858 11.6924  1.    ],[17.072  83.97   92.254  61.7801 50.     54.0379 83.2858 11.6924  1.    ],[0.96766397 0.84       0.84252768 0.78112583],[0.97522042 0.8        0.81472058 0.76484862],[[0.96766397 0.81       0.79204151 0.78112583]],[0.96766397 0.81       0.796805   0.76484862],67.50920308996518,72.61066464646461,59.51869999999997,79.06790000000001,5.10146155649943,-13.091964646464646,-7.990503089965216,-19.54920000000004,0.07556690529587558,-0.18030360567842688,-0.11836168587735786,-0.24724572171513395,1.9501473903656006,0.08823823928833008,1.4734976291656494,0.8148212432861328,22.100932725926647,1.323481865030111,0.05988352986919561,0.5529844277710279,150,84
41,"[27.79266787 49.11499227 55.91090983 72.9781     51.         44.9528
 59.5541     13.8406      1.        ]","[17.14887475 43.88128081 54.85604545 72.9781     51.         44.9528
 59.5541     13.8406      1.        ]",[17.     48.764  81.984  72.9781 51.     44.9528 59.5541 13.8406  1.    ],[16.1605 64.1545 86.984  72.9781 51.     44.9528 59.5541 13.8406  1.    ],[0.96268331 0.8        0.84294115 0.83930415],[0.96268331 0.81       0.8385104  0.82021722],[[0.96438171 0.83       0.86252298 0.80535373]],[0.96869893 0.8        0.86252298 0.80633959],149.78866576606595,145.4334484848485,113.27390000000003,92.04390000000001,-4.355217281217449,-32.15954848484847,-36.51476576606592,21.230000000000018,-0.029075746545598156,-0.22112896874750865,-0.24377522544391475,0.2306508090161327,20.366172790527344,11.763935565948486,0.23998546600341797,0.15407299995422363,1.7312380432853287,84.86419252671443,49.01936672190365,0.6420097121716082,12,6
42,"[11.69444945 33.83825537 66.81632362 84.5553     83.         32.886
 78.5856     26.7536      1.        ]","[28.249      33.125      98.97619091 84.5553     83.         32.886
 78.5856     26.7536      1.        ]",[12.6225 64.1875 84.96   84.5553 83.     32.886  78.5856 26.7536  1.    ],[16.1605 82.9775 83.011  84.5553 83.     32.886  78.5856 26.7536  1.    ],[0.9478682  0.8        0.8102237  0.91529933],[0.96648449 0.8        0.801036   0.91529933],[0.97074839 0.81       0.92358071 0.96144636],[0.97074839 0.8        0.92112391 0.96301838],126.48457046499169,111.59250909090906,78.91969999999998,65.61669999999998,-14.89206137408263,-32.672809090909084,-47.564870464991714,13.302999999999997,-0.11773816615999375,-0.29278675922854386,-0.3760527492810412,0.20273802248512957,20.73826241493225,7.338445663452148,0.31929469108581543,0.17473196983337402,2.8259747862160456,64.95022621393514,22.983299968115745,0.5472435800268663,18,6
43,"[15.45676668 98.08574807 98.18309581 76.9641     46.         89.8844
 39.5796     24.2013      0.        ]","[15.22282424 83.85586869 98.97619091 76.9641     46.         89.8844
 39.5796     24.2013      0.        ]","[ 36.9975 100.      85.952   76.9641  46.      89.8844  39.5796  24.2013
   0.    ]",[51.285  98.5417 81.984  76.9641 46.     89.8844 39.5796 24.2013  0.    ],[0.13419617 0.91       0.35198495 0.28934808],[0.16932556 0.89       0.18480717 0.28934808],[0.13833489 0.8        0.04394023 0.27662497],[0.13457925 0.84       0.0352828  0.24600516],42.22382280294664,55.42666464646459,74.08140000000003,93.79520000000002,13.202841843517945,18.654735353535443,31.857577197053388,-19.713799999999992,0.31268703227403105,0.3365660819124418,0.7544929635037727,-0.21017919893555306,2.2136752605438232,0.05973339080810547,10.434173345565796,0.1424119472503662,37.05925999840345,0.21215626645541283,0.005724784209521527,0.013648608522579982,1002,5
44,"[16.56393009 30.02966398 32.86697034 77.5512     69.         24.1679
 60.3196     42.4382      1.        ]","[17.19324444 30.2673     69.86       77.5512     69.         24.1679
 60.3196     42.4382      1.        ]",[ 0.     48.2013 87.49   77.5512 69.     24.1679 60.3196 42.4382  1.    ],[30.4845 80.9925 82.86   77.5512 69.     24.1679 60.3196 42.4382  1.    ],[0.9270702  0.8        0.80398932 0.91483688],[0.93642501 0.81       0.85741772 0.9267281 ],[[0.9654964  0.83       0.9557624  0.97096881]],[0.96968277 0.8        0.94754951 0.96172901],176.11609576874403,139.51474444444443,86.75750000000005,89.08080000000001,-36.6013513242996,-52.75724444444438,-89.35859576874398,-2.3232999999999606,-0.20782513469047373,-0.37814816386989564,-0.5073846054711529,-0.02608081651713905,20.828218698501587,11.673269987106323,0.6649796962738037,0.14679980278015137,1.784265995861257,31.321585929934347,17.55432542153871,0.2207583233033132,54,6
45,"[ 0.61605185 83.62745117 98.31133833 67.8137     60.         30.1032
 75.9922     28.1804      0.        ]","[15.22282424 83.85586869 98.97619091 67.8137     60.         30.1032
 75.9922     28.1804      0.        ]","[ 13.6216 100.      98.19    67.8137  60.      30.1032  75.9922  28.1804
   0.    ]",[17.4791 66.5534 77.86   67.8137 60.     30.1032 75.9922 28.1804  0.    ],[0.83452099 0.97       0.40306561 0.45670884],[0.86192697 0.94       0.34984973 0.40102732],[0.82598669 0.87       0.37408424 0.40102732],[0.83098347 0.91       0.10172743 0.38606123],50.863562354422754,64.57706464646463,47.617900000000134,105.25200000000001,13.71350229204188,-16.9591646464645,-3.2456623544226204,-57.634099999999876,0.26961348472772567,-0.26261900783675457,-0.06381114896763418,-0.5475819936913301,2.2799792289733887,0.06800174713134766,1.8171257972717285,0.21957755088806152,33.528244863614056,1.254717330190677,0.03742269645472368,0.12083783699386137,264,10
46,"[15.25209805 98.56148758 98.97218219 32.5931     92.         42.0311
 10.9103     58.3086      0.        ]","[15.22282424 96.96598788 98.97619091 32.5931     92.         42.0311
 10.9103     58.3086      0.        ]",[15.5815 74.8922 57.0085 32.5931 92.     42.0311 10.9103 58.3086  0.    ],[27.5815 66.7872 51.017  32.5931 92.     42.0311 10.9103 58.3086  0.    ],[0.59003871 0.9        0.39336739 0.39665736],[0.59003871 0.91       0.39336739 0.2598981 ],[0.39501816 0.98       0.09410727 0.24445231],[0.40345247 0.98       0.07935431 0.24445231],85.1253282857312,86.68754545454544,151.0877,177.18420000000003,1.562217168814243,64.40015454545457,65.96237171426881,-26.09650000000002,0.018351966450813717,0.7428997349939127,0.7748853724576531,-0.14728457729300928,2.135784149169922,0.06510806083679199,0.44487690925598145,0.6172101497650146,32.803682396926945,4.800842895491785,0.14635073091493925,1.3873728596012003,42,37
47,"[39.37319816 99.9403189  98.22244296 44.4605     79.          9.6314
 95.6794     90.5034      0.        ]","[10.18584949 83.85586869 97.96868182 44.4605     79.          9.6314
 95.6794     90.5034      0.        ]","[  2.992  100.      54.8555  44.4605  79.       9.6314  95.6794  90.5034
   0.    ]",[18.249  42.382  34.983  44.4605 79.      9.6314 95.6794 90.5034  0.    ],[0.83795712 0.82       0.11530666 0.04042946],[0.83312511 0.97       0.07270806 0.04042946],[0.7004444  0.83       0.04135691 0.03806543],[0.50850823 0.93       0.0185841  0.0412351 ],96.74993630138795,83.90079898989893,103.67599999999999,196.4235,-12.849137311489017,19.775201010101057,6.92606369861204,-92.7475,-0.13280770822899948,0.2356974098957252,0.07158726882296336,-0.47218128177127483,2.1112515926361084,0.12281966209411621,1.2161595821380615,0.29895520210266113,17.18985019693561,1.7359988143368785,0.10098975816824458,0.2458190573782142,114,16
48,"[ 4.95609595 98.77936009 98.33565778 16.2958     58.         80.0893
 34.2289     33.8796      1.        ]","[ 0.1119     98.9914     98.97619091 16.2958     58.         80.0893
 34.2289     33.8796      1.        ]",[ 9.3012 99.0731 74.2954 16.2958 58.     80.0893 34.2289 33.8796  1.    ],[42.4152 64.0731 33.1634 16.2958 58.     80.0893 34.2289 33.8796  1.    ],[0.94607197 0.47       0.79664182 0.85067568],[0.95845754 0.42       0.87251925 0.85067568],[[0.94289706 0.39       0.71138541 0.84253309]],[0.93465273 0.32       0.34986735 0.68565163],91.54527807576864,85.84850909090909,119.63689999999997,228.8829,-5.6967689848595455,33.78839090909088,28.091621924231333,-109.24600000000004,-0.062228976792713886,0.3935815690556808,0.30686041393616104,-0.47730083811416246,2.2447760105133057,0.09298515319824219,0.9603040218353271,0.6501243114471436,24.14123043629874,2.3375680612303418,0.09682886990364732,0.6769984261907286,90,38
49,"[14.74398284 99.36145328 98.40315171 52.6749     88.         17.3867
 18.6083     13.6968      0.        ]","[ 5.14887475 96.96598788 98.97619091 52.6749     88.         17.3867
 18.6083     13.6968      0.        ]","[ 15.249  100.      83.968   52.6749  88.      17.3867  18.6083  13.6968
   0.    ]",[15.249  62.312  81.984  52.6749 88.     17.3867 18.6083 13.6968  0.    ],[0.79876835 0.8        0.34729688 0.32620687],[0.8266442  0.79       0.24945776 0.32620687],[0.79876835 0.8        0.1059128  0.31257589],[0.77337822 0.87       0.09448372 0.23566013],64.30447784920682,56.53179595959597,78.60610000000003,118.27810000000005,-7.772681889610851,22.07430404040406,14.301622150793207,-39.672000000000025,-0.12087310479120429,0.3904759023785634,0.22240476292071493,-0.33541289554025644,2.253679037094116,0.2046520709991455,0.8190677165985107,0.116485595703125,11.01224642434,2.7515173549427305,0.24985976965255186,0.14221729576508718,72,3
50,"[15.27365107 83.58983407 99.40999227 52.2324     58.         31.4257
 13.2083     42.4059      0.        ]","[15.5558     80.915      98.97619091 52.2324     58.         31.4257
 13.2083     42.4059      0.        ]",[15.5558 83.83   83.968  52.2324 58.     31.4257 13.2083 42.4059  0.    ],[15.5558 80.915  81.984  52.2324 58.     31.4257 13.2083 42.4059  0.    ],[0.61043962 0.91       0.41999961 0.36954708],[0.61043962 0.93       0.36084641 0.36954708],[0.45315197 0.98       0.18599574 0.3550594 ],[0.45315197 0.98       0.15120781 0.3550594 ],80.041424736279,83.43220909090911,95.52539999999999,100.42440000000005,3.3907843546301137,12.093190909090879,15.483975263720993,-4.899000000000058,0.04236286854965528,0.14494631079364012,0.19344952085420386,-0.048782965096132565,2.340319871902466,0.09609699249267578,0.757469654083252,0.15219569206237793,24.353726492333646,3.0896549575110055,0.12686579848400628,0.2009264546004511,60,6
51,"[14.71743722 98.0822373  98.15194235 90.8916     18.         59.7321
 79.1992     66.1823      0.        ]","[15.22282424 99.9914     98.97619091 90.8916     18.         59.7321
 79.1992     66.1823      0.        ]","[ 16.995  100.      79.1892  90.8916  18.      59.7321  79.1992  66.1823
   0.    ]",[51.285  62.125  47.4612 90.8916 18.     59.7321 79.1992 66.1823  0.    ],[0.69193815 0.92       0.48836892 0.20756642],[0.71880785 0.8        0.27980637 0.20756642],[0.69938321 0.83       0.09492062 0.19744029],[0.65125802 0.98       0.04903862 0.13887651],27.591657564806667,25.363633333333325,46.914199999999994,150.80720000000002,-2.2280242314733414,21.55056666666667,19.322542435193327,-103.89300000000003,-0.08074992327808535,0.8496640202704926,0.7003037925434155,-0.6889127309571427,2.9195005893707275,0.06482768058776855,3.123626708984375,0.10910606384277344,45.0347839518659,0.9346509238679107,0.020753978188657124,0.0349292902154267,330,3
52,"[34.65128471 43.16934496 94.68916566 31.6843     25.         70.8553
 77.9707     41.3213      1.        ]","[15.14887475 74.82198586 73.78846364 31.6843     25.         70.8553
 77.9707     41.3213      1.        ]",[14.5119 85.7738 84.28   31.6843 25.     70.8553 77.9707 41.3213  1.    ],[35.6569 75.8288 75.86   31.6843 25.     70.8553 77.9707 41.3213  1.    ],[0.95072649 0.8        0.82040229 0.86113978],[0.95167537 0.8        0.87555571 0.89348808],[0.95167537 0.85       0.86836639 0.89348808],[0.95167537 0.77       0.82040229 0.89348808],165.10847408267193,134.85412525252525,112.7738,152.28379999999999,-30.254348830146682,-22.080325252525256,-52.33467408267194,-39.50999999999999,-0.1832392249897358,-0.16373488917137732,-0.31697145996556964,-0.2594497904570282,20.203898191452026,3.854887008666992,0.5152819156646729,0.23556256294250488,5.241112942098521,39.20940669029807,7.481122258471838,0.45715278526444664,36,13
53,"[28.01150035 98.0441054  98.11359787 62.9713     23.          7.9494
 92.3627     49.6069      1.        ]","[17.23761414 96.96598788 98.97619091 62.9713     23.          7.9494
 92.3627     49.6069      1.        ]","[ 13.478  100.      92.369   62.9713  23.       7.9494  92.3627  49.6069
   1.    ]",[13.028  93.2553 82.678  62.9713 23.      7.9494 92.3627 49.6069  1.    ],[0.96977765 0.8        0.83657196 0.84882284],[0.97685199 0.85       0.65851241 0.84882284],[[0.96977765 0.74       0.72736856 0.84882284]],[0.96977765 0.81       0.63230912 0.84059815],68.88249708156508,58.32413535353538,58.13770000000005,74.1234,-10.558361728029695,-0.18643535353533025,-10.744797081565025,-15.985699999999952,-0.15328076326163578,-0.003196538661143294,-0.1559873340370037,-0.21566333978203847,6.78801703453064,0.06398439407348633,0.5861234664916992,0.6839442253112793,106.08863509334128,11.581206729634962,0.10916538533505804,1.1668944589526435,54,72
54,"[15.09423074 83.79647094 98.48428812 77.5005     81.         87.6824
 65.6743     75.5475      0.        ]","[39.39290808 79.82198586 88.9011     77.5005     81.         87.6824
 65.6743     75.5475      0.        ]","[ 36.0841 100.      62.9575  77.5005  81.      87.6824  65.6743  75.5475
   0.    ]",[42.0841 36.4481 55.017  77.5005 81.     87.6824 65.6743 75.5475  0.    ],[0.1727861  0.98       0.29003103 0.36626324],[0.17787046 0.99       0.1003733  0.36626324],[0.16194955 0.96       0.11601592 0.35183246],[0.07073062 0.99       0.04931621 0.18016738],55.31297167650632,93.1693222222222,95.62610000000001,173.11849999999998,37.856350545715884,2.456777777777802,40.313128323493686,-77.49239999999998,0.684402761202487,0.02636895620983519,0.7288187038523609,-0.44762633687329767,2.279961585998535,0.2992582321166992,0.793259859085083,0.23203468322753906,7.618709667139375,2.8741673486770902,0.3772511979389109,0.29250778363493574,90,9
55,"[ 0.47635951 94.80136223 98.73672763 51.2156     78.         29.8738
 84.7113     86.0627      0.        ]","[ 5.0923     89.1623     97.96868182 51.2156     78.         29.8738
 84.7113     86.0627      0.        ]",[ 5.4698 97.4123 98.848  51.2156 78.     29.8738 84.7113 86.0627  0.    ],[ 5.0923 89.1623 81.984  51.2156 78.     29.8738 84.7113 86.0627  0.    ],[0.71731014 0.92       0.3729472  0.30254245],[0.71731014 0.95       0.34159368 0.22299828],[0.71731014 0.91       0.3729472  0.22299828],[0.71731014 0.96       0.15510227 0.21232102],55.722669655907,66.74571818181818,57.99389999999994,82.73040000000003,11.023048525911179,-8.751818181818237,2.2712303440929418,-24.736500000000092,0.19781982080147262,-0.1311217920822713,0.04075953930631849,-0.29900133445505017,2.2508492469787598,0.16764163970947266,16.38630485534668,0.26290297508239746,13.426552322439344,0.1373616118367486,0.010230594462226971,0.016044067128204012,1002,13
56,"[15.41953126 98.09803913 98.32484785 79.5253     21.         62.415
 25.6867     57.641       0.        ]","[15.22282424 99.9914     98.97619091 79.5253     21.         62.415
 25.6867     57.641       0.        ]","[  5.1742 100.      70.492   79.5253  21.      62.415   25.6867  57.641
   0.    ]",[15.5477 54.0898 41.631  79.5253 21.     62.415  25.6867 57.641   0.    ],[0.57259721 0.96       0.55125847 0.26284184],[0.63793129 0.87       0.33333652 0.26284184],[0.57241808 0.97       0.12256239 0.25087279],[0.39506099 1.         0.07282232 0.21363886],39.47134426851733,36.72993333333329,55.15689999999995,140.3016,-2.7414109351840352,18.426966666666658,15.685555731482623,-85.14470000000006,-0.06945319410797486,0.5016879965296247,0.39739096861703677,-0.6068690592266949,2.265627861022949,0.06018686294555664,11.284116983413696,0.5149874687194824,37.64322893971685,0.20078025284150736,0.00533376807720304,0.045638260350938625,1002,30
57,"[38.78612248 98.04954944 98.61124566 88.7543     41.         65.4972
 81.5528     82.2578      0.        ]","[39.40030303 92.93210505 97.96868182 88.7543     41.         65.4972
 81.5528     82.2578      0.        ]",[35.7989 99.3379 98.1051 88.7543 41.     65.4972 81.5528 82.2578  0.    ],[39.6564 78.2364 89.1771 88.7543 41.     65.4972 81.5528 82.2578  0.    ],[0.54436133 0.95       0.4786335  0.16791379],[0.54436133 0.98       0.30228497 0.16791379],[0.54436133 0.78       0.34623511 0.16791379],[0.54436133 0.99       0.12511218 0.16791379],53.371027379505165,59.745216161616156,49.601599999999905,83.48860000000002,6.374188782110991,-10.14361616161625,-3.7694273795052595,-33.887000000000114,0.11943162976395547,-0.16978122790914107,-0.07062684689769988,-0.40588774994430504,2.2715651988983154,0.7325954437255859,9.314122200012207,0.15479588508605957,3.1007088814890222,0.2438839807035534,0.07865426585498586,0.016619481875152626,1002,6
58,"[ 0.3393486  45.21537324 99.40842747 80.7308     73.         78.5453
 78.4516     63.7495      0.        ]","[15.22282424 97.97445859 98.97619091 80.7308     73.         78.5453
 78.4516     63.7495      0.        ]","[ 17.1401 100.      78.8215  80.7308  73.      78.5453  78.4516  63.7495
   0.    ]",[43.8576 62.125  53.017  80.7308 73.     78.5453 78.4516 63.7495  0.    ],[0.5409168  0.96       0.17095413 0.59092295],[0.54703549 0.93       0.22561959 0.46491754],[0.48748398 0.88       0.07291355 0.44935586],[0.42809138 0.98       0.0487878  0.40061619],74.98474788813945,37.54137474747478,57.58779999999996,147.9848,-37.443373140664676,20.046425252525182,-17.396947888139493,-90.39700000000005,-0.49934652306255467,0.5339821833209133,-0.23200648636029111,-0.6108532768230254,3.2220311164855957,0.06608057022094727,2.496090888977051,0.26291418075561523,48.7591300394715,1.2908308470313956,0.02647362342163287,0.10533037154883525,258,11
59,"[ 0.29732003 63.5729144  98.35927057 58.1764     51.         22.9053
 97.7922     67.7417      0.        ]","[18.22282424 83.85586869 98.97619091 58.1764     51.         22.9053
 97.7922     67.7417      0.        ]","[  2.992  100.      92.896   58.1764  51.      22.9053  97.7922  67.7417
   0.    ]",[18.249  87.9764 81.984  58.1764 51.     22.9053 97.7922 67.7417  0.    ],[0.78812514 0.91       0.06489218 0.07967386],[0.80496515 0.97       0.05908948 0.03472472],[0.78812514 0.79       0.05273959 0.03472472],[0.78385268 0.97       0.01768598 0.03268291],80.18873505751452,77.21436464646462,51.9196,90.11220000000003,-2.974370411049904,-25.294764646464614,-28.269135057514518,-38.19260000000003,-0.03709212283890709,-0.32759143667476615,-0.35253249770355877,-0.42383384269832514,3.218494176864624,0.10276412963867188,0.9739818572998047,0.19079089164733887,31.319237443854636,3.304470358192646,0.10550928527926337,0.19588752112516084,96,8
60,"[ 0.34577484 98.0530271  97.50352698 43.8789     28.         11.6341
 90.5994     69.9561      0.        ]","[16.22282424 99.9914     97.96868182 43.8789     28.         11.6341
 90.5994     69.9561      0.        ]",[36.9975 86.7025 44.9405 43.8789 28.     11.6341 90.5994 69.9561  0.    ],[51.285  79.915  38.983  43.8789 28.     11.6341 90.5994 69.9561  0.    ],[0.8545261  0.89       0.24042975 0.1832506 ],[0.84683418 0.88       0.20274713 0.09454414],[0.81491401 0.96       0.05148513 0.08931037],[0.67253961 0.98       0.02147246 0.08429399],60.91032075385323,74.3838424242424,161.4756,188.5081,13.473521670389175,87.09175757575758,100.56527924614676,-27.032500000000027,0.22120260579216916,1.1708424133165451,1.651038411906326,-0.14340232594779762,2.9542276859283447,0.07773447036743164,0.8433799743652344,0.22045397758483887,38.00408843032493,3.5028430549964495,0.09217016378167871,0.26139342204652466,60,10
61,"[ 0.31646623 98.06308061 98.4190389  78.5118     23.         19.6836
 88.1274      6.7031      0.        ]","[ 0.1119     99.9914     98.97619091 78.5118     23.         19.6836
 88.1274      6.7031      0.        ]",[ 0.     91.49   72.4938 78.5118 23.     19.6836 88.1274  6.7031  0.    ],[32.413  71.915  59.1218 78.5118 23.     19.6836 88.1274  6.7031  0.    ],[0.841652   0.46       0.10222003 0.18891896],[0.87484704 0.4        0.03516502 0.18891896],[0.83331042 0.43       0.01564789 0.1445343 ],[0.85004657 0.42       0.01282177 0.03959981],25.32254672851269,22.632509090909082,57.50440000000003,122.86439999999999,-2.6900376376036093,34.87189090909095,32.18185327148734,-65.35999999999996,-0.10623092797276507,1.540787668261586,1.2708774364803996,-0.5319685767398853,2.3943843841552734,0.06429815292358398,1.199986457824707,0.49005961418151855,37.23877398159341,1.9953428378647944,0.05358239878818416,0.40838762053188604,96,26
62,"[47.26731522 44.00683445 81.33282196 65.2465     76.         74.2125
 48.242      24.8474      1.        ]","[28.16366465 39.93210505 93.97619091 65.2465     76.         74.2125
 48.242      24.8474      1.        ]",[13.498  78.6765 87.936  65.2465 76.     74.2125 48.242  24.8474  1.    ],[11.572  70.605  88.308  65.2465 76.     74.2125 48.242  24.8474  1.    ],[0.94248886 0.8        0.81578342 0.90904405],[0.92974288 0.8        0.80760967 0.91171961],[0.94932023 0.83       0.90078731 0.93858242],[0.94932023 0.83       0.90078731 0.94209963],156.68115880110233,129.0088686868687,81.63900000000001,87.41250000000002,-27.67229011423362,-47.3698686868687,-75.04215880110232,-5.773500000000013,-0.17661530158429573,-0.36718304073997576,-0.47894819884734197,-0.06604890604890618,20.4603111743927,9.303433895111084,0.6354091167449951,0.25313830375671387,2.199221427815434,32.20021657732039,14.641643706293838,0.3983863263616098,42,12
63,"[ 0.54715111 98.09071983 97.32074146 60.8829     47.          7.3589
 38.1993     79.4147      0.        ]","[15.22282424 83.85586869 97.96868182 60.8829     47.          7.3589
 38.1993     79.4147      0.        ]",[13.7785 83.83   82.976  60.8829 47.      7.3589 38.1993 79.4147  0.    ],[14.7785 80.915  81.984  60.8829 47.      7.3589 38.1993 79.4147  0.    ],[0.75672073 0.96       0.50712107 0.54207957],[0.72755005 0.99       0.40473719 0.43921684],[0.72755005 0.98       0.17559501 0.42383403],[0.72755005 0.98       0.15794306 0.42383403],44.252789826179765,72.5153737373737,86.08960000000002,90.9966,28.26258391119393,13.574226262626325,41.836810173820254,-4.906999999999982,0.6386621955860036,0.18719101292627421,0.9454050318217401,-0.05392509170672291,2.5088388919830322,0.06304073333740234,0.564441442489624,0.14769530296325684,39.79710830068227,4.444816951989048,0.11168693258833702,0.2616662984769618,48,5
64,"[ 0.36136262 98.56685223 98.12446186 35.6234     13.         90.8502
 33.0736     68.2349      0.        ]","[28.31895859 96.9113     81.984      35.6234     13.         90.8502
 33.0736     68.2349      0.        ]","[ 14.4605 100.      98.848   35.6234  13.      90.8502  33.0736  68.2349
   0.    ]",[ 0.1125 96.9113 81.984  35.6234 13.     90.8502 33.0736 68.2349  0.    ],[0.0510905  0.85       0.20941575 0.2632349 ],[0.04761535 0.92       0.02043694 0.14612352],[0.0510905  0.83       0.08781417 0.2632349 ],[0.0510905  0.62       0.04602265 0.14612352],68.04664854084075,113.80025858585861,79.98909999999995,85.59379999999999,45.753610045017865,-33.811158585858664,11.942451459159201,-5.604700000000037,0.6723859444386466,-0.2971096815245744,0.17550388910030582,-0.06548021001521181,2.2998783588409424,0.06107974052429199,2.8838088512420654,0.11012792587280273,37.65370217848681,0.7975141479472114,0.02118023200392937,0.038188358366876604,258,3
65,"[37.07623005 98.3622573  98.0969338  96.3027     61.         48.746
 51.0903     84.8683      0.        ]","[15.22282424 66.71186667 97.96868182 96.3027     61.         48.746
 51.0903     84.8683      0.        ]","[ 25.2262 100.      98.848   96.3027  61.      48.746   51.0903  84.8683
   0.    ]",[28.0197 62.125  81.984  96.3027 61.     48.746  51.0903 84.8683  0.    ],[0.59406288 0.96       0.66948566 0.33368308],[0.58555514 0.98       0.62199407 0.33368308],[0.59406288 0.83       0.64257821 0.33368308],[0.59406288 0.98       0.24747198 0.2822324 ],44.31433895766821,54.23957575757572,30.07549999999992,87.608,9.925236799907509,-24.1640757575758,-14.238838957668293,-57.532500000000084,0.22397348202325001,-0.44550635619971213,-0.321314484038002,-0.6567037256871527,2.1300861835479736,0.26143693923950195,14.410158157348633,0.15059256553649902,8.147609858592343,0.14781837647366214,0.018142544751056675,0.010450445018863485,1002,5
66,"[14.72856989 83.83562516 98.21232524 86.4323     84.         87.2558
 62.244      36.9474      0.        ]","[15.22282424 83.85586869 98.97619091 86.4323     84.         87.2558
 62.244      36.9474      0.        ]","[ 57.0547 100.      98.848   86.4323  84.      87.2558  62.244   36.9474
   0.    ]",[57.9907 42.382  81.984  86.4323 84.     87.2558 62.244  36.9474  0.    ],[0.18899928 0.99       0.34562824 0.27353953],[0.23458776 0.95       0.27148728 0.27353953],[0.17832365 0.92       0.16984602 0.24314645],[0.14002554 0.97       0.03778124 0.17037289],46.248319479598365,45.95846464646462,71.7743999999999,147.19240000000002,-0.28985483313374516,25.81593535353528,25.526080520401536,-75.41800000000012,-0.006267359255326229,0.5617231896697225,0.5519353093826883,-0.5123769977254268,2.3791840076446533,0.06427121162414551,2.758483409881592,0.20746350288391113,37.01788012894466,0.8624971240072747,0.023299473686848947,0.07520926250298403,210,9
67,"[10.32308915 98.07185789 76.7330858  52.1476     47.         33.8895
 88.888      10.3358      1.        ]","[17.23021919 98.9914     98.97619091 52.1476     47.         33.8895
 88.888      10.3358      1.        ]",[13.3764 71.3167 83.3352 52.1476 47.     33.8895 88.888  10.3358  1.    ],[26.7499 76.0172 83.3272 52.1476 47.     33.8895 88.888  10.3358  1.    ],[0.97074839 0.8        0.79631319 0.80536318],[0.97760074 0.74       0.71663556 0.77394055],[[0.97074839 0.8        0.64071167 0.70007916]],[0.97074839 0.73       0.6336436  0.70007916],83.37054546576758,67.11502828282823,106.57690000000002,115.2579,-16.255517182939343,39.46187171717179,23.206354534232446,-8.680999999999983,-0.19497913912070963,0.5879737031604341,0.2783519575718874,-0.07531804761322203,2.396901845932007,0.23645925521850586,0.6491489410400391,0.19858980178833008,10.136637890181511,3.6923758083804183,0.36426040353645317,0.3059233239603809,54,10
68,"[ 0.33427703 98.07896984 98.13717293 47.3022     49.         48.3099
 94.8507     68.0816      1.        ]","[ 0.1119     99.9914     98.97619091 47.3022     49.         48.3099
 94.8507     68.0816      1.        ]",[ 0.     44.3704 93.888  47.3022 49.     48.3099 94.8507 68.0816  1.    ],[ 0.     28.0684 85.065  47.3022 49.     48.3099 94.8507 68.0816  1.    ],[0.96528646 0.75       0.75969505 0.20557001],[0.96936966 0.65       0.75647587 0.20557001],[[0.96231438 0.74       0.56652187 0.36372048]],[0.94217399 0.64       0.48377556 0.57151114],56.81593425718779,53.84210909090905,114.43939999999998,139.56439999999998,-2.9738251662787434,60.59729090909093,57.623465742812186,-25.125,-0.05234139339885138,1.125462800997936,1.0142131163762784,-0.18002441883460255,2.2706384658813477,0.06467318534851074,1.2560582160949707,0.9207181930541992,35.109426783996106,1.807749383576075,0.05148900307310342,0.7330219103352321,114,78
69,"[57.75295177 49.10466438 57.19895073 51.0568     42.         72.1696
 34.0769     14.9239      1.        ]","[31.31895859 74.92363434 90.97619091 51.0568     42.         72.1696
 34.0769     14.9239      1.        ]",[48.656  70.3042 83.968  51.0568 42.     72.1696 34.0769 14.9239  1.    ],[52.7805 63.6037 81.984  51.0568 42.     72.1696 34.0769 14.9239  1.    ],[0.90773537 0.8        0.80130819 0.86544417],[0.93855842 0.8        0.8645353  0.90156719],[[0.93855842 0.81       0.82686913 0.88331229]],[0.93855842 0.68       0.82686913 0.90039148],200.39253666570232,114.36233333333331,143.327,156.136,-86.03020333236901,28.964666666666687,-57.065536665702325,-12.808999999999997,-0.4293084201827627,0.2532710362094748,-0.2847687724064288,-0.08203745452682276,20.692450284957886,3.596022129058838,0.33008456230163574,0.09251880645751953,5.754261109169976,62.68833095577746,10.89424511096264,0.28028819588652737,18,3
70,"[ 4.40324553 92.57271795 92.72252128 38.2883     22.         77.5026
 61.9978     71.5617      1.        ]","[ 5.14887475 91.96598788 98.97619091 38.2883     22.         77.5026
 61.9978     71.5617      1.        ]",[ 2.717  97.235  92.896  38.2883 22.     77.5026 61.9978 71.5617  1.    ],[35.413  79.915  73.984  38.2883 22.     77.5026 61.9978 71.5617  1.    ],[0.9535974  0.79       0.89170269 0.9346921 ],[0.95899712 0.78       0.913063   0.9346921 ],[0.9535974  0.76       0.89170269 0.9346921 ],[0.95084252 0.67       0.84173877 0.93075798],80.81970630442265,75.91839595959595,74.29770000000002,143.22570000000002,-4.9013103448266975,-1.6206959595959347,-6.522006304422632,-68.928,-0.06064499079426234,-0.021347868841413285,-0.080698218326311,-0.48125441174314376,2.1953084468841553,0.4228067398071289,0.8616483211517334,0.496593713760376,5.192226708319706,2.547800991418132,0.49069525167991834,0.5763299266881847,72,29
71,"[14.77030554 97.62294742 98.35839806 76.5163     99.         53.0729
 44.8428     18.9226      0.        ]","[15.22282424 97.97445859 98.97619091 76.5163     99.         53.0729
 44.8428     18.9226      0.        ]","[ 15.249  100.      93.888   76.5163  99.      53.0729  44.8428  18.9226
   0.    ]","[ 26.709  100.      99.268   76.5163  99.      53.0729  44.8428  18.9226
   0.    ]",[0.73398092 0.96       0.34923713 0.3347299 ],[0.78395348 0.91       0.27464694 0.3347299 ],[0.73398092 0.94       0.21403345 0.3347299 ],[0.78985015 0.83       0.23906018 0.3347299 ],42.272660062125226,41.75587474747476,44.84469999999999,50.92470000000003,-0.5167853146504626,3.0888252525252256,2.572039937874763,-6.080000000000041,-0.012225048385670047,0.0739734293965911,0.06084405225729378,-0.11939196499930363,2.2300007343292236,0.060030460357666016,0.9792881011962891,1.1027812957763672,37.14781997410499,2.277165148443115,0.061300101864133115,1.1261050700291568,84,90
72,"[ 0.40110698 98.08837135 98.12791216 45.3167     47.         44.9862
 29.767      85.8174      0.        ]","[ 5.14887475 96.96598788 92.93113636 45.3167     47.         44.9862
 29.767      85.8174      0.        ]",[15.2011 99.25   97.856  45.3167 47.     44.9862 29.767  85.8174  0.    ],[15.4501 62.125  81.984  45.3167 47.     44.9862 29.767  85.8174  0.    ],[0.67842508 0.86       0.71986782 0.3704635 ],[0.67842508 0.89       0.33501656 0.3704635 ],[0.66507136 0.78       0.46308932 0.3704635 ],[0.63061319 0.92       0.16095357 0.30612355],58.868123465474696,69.93505050505053,72.77840000000003,126.02440000000001,11.06692703957583,2.843349494949507,13.910276534525337,-53.24599999999998,0.1879952406851634,0.04065700209573979,0.23629556567542898,-0.422505483065184,2.3418922424316406,1.2647123336791992,0.7346618175506592,0.1895434856414795,1.8517193041193774,3.18771465521298,1.7214891307346185,0.2580010027925664,84,8
73,"[ 0.21784824 98.05964729 98.17625011 27.3624     25.         62.9568
 86.5568      5.4777      1.        ]","[ 0.1119     98.9914     98.97619091 27.3624     25.         62.9568
 86.5568      5.4777      1.        ]",[ 0.     49.1645 89.92   27.3624 25.     62.9568 86.5568  5.4777  1.    ],[25.249  62.5655 81.984  27.3624 25.     62.9568 86.5568  5.4777  1.    ],[0.96849576 0.4        0.47695745 0.37565502],[0.97586269 0.39       0.26654748 0.45147186],[0.96578871 0.31       0.18294029 0.13237331],[0.9665944  0.24       0.10060514 0.10222052],76.61955084042074,74.7819090909091,133.55309999999997,153.3371,-1.837641749511647,58.771190909090876,56.93354915957923,-19.78400000000002,-0.023983979667787307,0.7859011841706971,0.7430681664808698,-0.1290229174805055,2.4288170337677,0.09441781044006348,0.7818670272827148,0.11318612098693848,25.724140630326477,3.1064323587205904,0.12075942218487108,0.14476390106934586,72,3
74,"[61.67648197 40.93003482 47.89624913 40.1363     57.         45.0619
 14.7553     30.5825      1.        ]","[61.1414798 43.915     45.984     40.1363    57.        45.0619
 14.7553    30.5825     1.       ]",[27.5301 75.619  81.984  40.1363 57.     45.0619 14.7553 30.5825  1.    ],[27.5301 75.619  81.984  40.1363 57.     45.0619 14.7553 30.5825  1.    ],[0.85097322 0.8        0.81187453 0.84826902],[0.87700187 0.82       0.80323422 0.88876432],[[0.93387891 0.9        0.89199788 0.92784288]],[0.93387891 0.89       0.89199788 0.92784288],232.71389801323568,231.1061797979798,123.4948,129.7908,-1.6077182152558862,-107.6113797979798,-109.21909801323568,-6.295999999999992,-0.006908561237560666,-0.46563609805695244,-0.46932778379666784,-0.04850883113441009,20.726853370666504,15.116204977035522,0.05150747299194336,0.06380105018615723,1.3711677899416326,402.4047806404429,293.4759579333265,1.2386756033660744,0,0
75,"[ 0.42058334 83.49758753 99.42739085 83.7225     52.         80.7676
 64.773      72.5247      0.        ]","[15.22282424 97.97445859 98.97619091 83.7225     52.         80.7676
 64.773      72.5247      0.        ]",[15.2795 75.4512 94.0813 83.7225 52.     80.7676 64.773  72.5247  0.    ],[26.2795 66.3462 93.0893 83.7225 52.     80.7676 64.773  72.5247  0.    ],[0.44670287 0.94       0.29395786 0.33453745],[0.43178596 0.91       0.30087109 0.33453745],[0.40036896 0.97       0.21789501 0.33453745],[0.40884032 0.98       0.18775829 0.33453745],33.77310495911547,34.549674747474796,62.02449999999999,83.12149999999997,0.7765697883593248,27.474825252525193,28.251395040884518,-21.09699999999998,0.022993733898598094,0.7952267410139165,0.836505706984438,-0.25380918294304106,2.5362749099731445,0.06188035011291504,0.475949764251709,0.4728245735168457,40.986757595022056,5.328871028984941,0.13001445690429891,0.9934337802650733,42,26
76,"[ 0.31570322 99.33884773 99.14492128 88.6163     90.         63.1434
 99.3627     30.1229      0.        ]","[ 5.14887475 97.97445859 98.97619091 88.6163     90.         63.1434
 99.3627     30.1229      0.        ]",[42.7125 63.6002 84.96   88.6163 90.     63.1434 99.3627 30.1229  0.    ],[51.285  53.8997 81.984  88.6163 90.     63.1434 99.3627 30.1229  0.    ],[0.7887722  0.92       0.0437318  0.02937681],[0.7887722  0.95       0.03001104 0.02084515],[0.73462169 1.         0.00819313 0.02820285],[0.70934936 0.99       0.0075407  0.01943585],13.215634206236587,19.581925252525252,105.536,126.78499999999997,6.366291046288666,85.95407474747475,92.32036579376341,-21.248999999999967,0.4817242174639149,4.389459853360958,6.985693183774452,-0.16759869069684877,2.2324671745300293,0.29491162300109863,0.605989933013916,0.1580498218536377,7.569953167026288,3.684000431206442,0.4866609277390855,0.26081261955552687,48,6
77,"[ 8.0952284  30.04678886 35.19889356 65.2735     92.         22.7379
 38.542      30.4008      1.        ]","[11.14887475 34.3307     69.3076     65.2735     92.         22.7379
 38.542      30.4008      1.        ]",[15.7008 41.5217 90.3076 65.2735 92.     22.7379 38.542  30.4008  1.    ],[15.6558 41.5137 90.3076 65.2735 92.     22.7379 38.542  30.4008  1.    ],[0.93315336 0.8        0.92690974 0.91483688],[0.93642501 0.8        0.85643497 0.9321296 ],[[0.955512   0.85       0.91100796 0.94802024]],[0.955512   0.85       0.91100796 0.94802024],177.5760459824388,142.23707474747476,118.59800000000001,118.56099999999998,-35.33897123496405,-23.63907474747475,-58.9780459824388,0.03700000000003456,-0.1990075352756692,-0.1661948882838258,-0.33212838846671566,0.0003120756403879401,20.47503137588501,5.583305358886719,0.12843561172485352,0.15645694732666016,3.667188172557272,159.41864644012043,43.471629744309425,1.2181741903626893,6,6
78,"[ 0.62675906 98.05078512 98.26196083 66.6293     37.         10.5008
 16.7832     13.9596      0.        ]","[ 5.14887475 83.85586869 98.97619091 66.6293     37.         10.5008
 16.7832     13.9596      0.        ]",[15.2715 90.6199 95.1263 66.6293 37.     10.5008 16.7832 13.9596  0.    ],[32.413  42.7549 88.1823 66.6293 37.     10.5008 16.7832 13.9596  0.    ],[0.83772976 0.79       0.48399275 0.33991117],[0.86097165 0.82       0.27911293 0.24564817],[0.83753082 0.82       0.21776874 0.29084632],[0.78101117 0.88       0.04203814 0.16630617],37.68471310229751,55.68751515151513,62.896000000000015,134.8465,18.00280204921762,7.208484848484886,25.211286897702507,-71.95049999999998,0.477721616198799,0.12944525947821467,0.6690056742442192,-0.5335733593382104,2.250020742416382,0.13603448867797852,1.2344603538513184,0.13570618629455566,16.540075713759926,1.8226755807885429,0.11019753550899608,0.10993158741078571,108,5
79,"[12.38155147 24.35950911 35.20356453 63.525      79.          8.2957
 47.9735     33.565       1.        ]","[27.22282424 25.72880808 92.97619091 63.525      79.          8.2957
 47.9735     33.565       1.        ]",[46.1493 96.2041 85.4853 63.525  79.      8.2957 47.9735 33.565   1.    ],[32.323  92.0791 77.2393 63.525  79.      8.2957 47.9735 33.565   1.    ],[0.93183571 0.8        0.92106532 0.83596624],[0.94869109 0.82       0.81081754 0.93157596],[[0.97083951 0.82       0.91624178 0.95913044]],[0.97083951 0.85       0.93382984 0.96172901],189.29347782382555,144.99282525252525,100.93490000000003,99.4796,-44.300652571300304,-44.05792525252522,-88.35857782382553,1.4553000000000225,-0.23403158460922086,-0.30386279580242814,-0.4667808888062186,0.014629129992481095,19.91336703300476,10.491774320602417,0.36661481857299805,0.06911063194274902,1.8979980339361107,54.31686343316681,28.61797665855495,0.18851019773765132,24,0
80,"[ 0.31184847 99.33559945 98.25519294 95.42       59.         66.5852
 94.483      61.0055      0.        ]","[18.24500909 99.9914     98.97619091 95.42       59.         66.5852
 94.483      61.0055      0.        ]","[  3.365  100.      99.0663  95.42    59.      66.5852  94.483   61.0055
   0.    ]",[15.365  40.467  82.1463 95.42   59.     66.5852 94.483  61.0055  0.    ],[0.67928996 0.88       0.29891702 0.03629186],[0.73087204 0.85       0.22084131 0.02580532],[0.73583882 0.87       0.22084131 0.02580532],[0.38677395 1.         0.02661777 0.02318659],7.301056075469603,23.85741818181816,8.87869999999998,97.33170000000001,16.55636210634856,-14.97871818181818,1.5776439245303777,-88.45300000000003,2.267666750564391,-0.6278432170516055,0.21608434563747736,-0.9087789486878378,2.874464511871338,0.14585328102111816,1.5763680934906006,0.5129191875457764,19.707918064970666,1.8234729082255923,0.09252488782499443,0.3253803408377821,138,29
81,"[1.69068363e+01 9.93340539e+01 9.89860935e+01 3.93324000e+01
 1.40000000e+01 2.15831000e+01 9.29000000e-02 4.31347000e+01
 0.00000000e+00]","[1.52228242e+01 9.99914000e+01 9.89761909e+01 3.93324000e+01
 1.40000000e+01 2.15831000e+01 9.29000000e-02 4.31347000e+01
 0.00000000e+00]","[1.55936e+01 1.00000e+02 9.39874e+01 3.93324e+01 1.40000e+01 2.15831e+01
 9.29000e-02 4.31347e+01 0.00000e+00]",[14.8001 71.3351 59.5059 39.3324 14.     21.5831  0.0929 43.1347  0.    ],[0.25105312 0.8        0.80761427 0.82949237],[0.24449898 0.81       0.83071101 0.82949237],[0.14613106 0.87       0.7345236  0.82949237],[0.08304424 0.95       0.60778408 0.75577734],79.2542888536945,76.9228333333333,82.2738,144.6267,-2.331455520361203,5.350966666666693,3.01951114630549,-62.352900000000005,-0.029417405090406287,0.06956278694882571,0.03809902517552819,-0.4311299365884723,2.4008796215057373,0.06605172157287598,0.7294526100158691,0.49697208404541016,36.3484791059807,3.2913442059704283,0.09054970900911442,0.681294545007658,72,27
82,"[ 4.82807749 98.49661023 31.41832665 40.3185     27.         25.8346
  3.735      48.1651      1.        ]","[20.25979899 97.97445859 98.97619091 40.3185     27.         25.8346
  3.735      48.1651      1.        ]","[  2.992  100.      96.2334  40.3185  27.      25.8346   3.735   48.1651
   1.    ]",[32.5675 97.865  61.1794 40.3185 27.     25.8346  3.735  48.1651  1.    ],[0.41430738 0.83       0.84271243 0.97700256],[0.30993294 0.87       0.94898559 0.9625616 ],[[0.26623545 0.8        0.93924425 0.98453672]],[0.2545722  0.83       0.90574427 0.9602349 ],134.59464060844073,82.99064949494948,66.44009999999992,133.2045999999999,-51.60399111349125,-16.550549494949564,-68.15454060844081,-66.7645,-0.38340301575317737,-0.1994266775313859,-0.5063689036973935,-0.5012176756658557,2.244990587234497,0.05934572219848633,1.650099754333496,1.5626344680786133,37.82902126838989,1.3605181028229942,0.035964930024765134,0.946993940199566,180,156
83,"[21.64070746 98.05581548 96.2618046  86.173       8.         83.424
 12.7676     81.9111      1.        ]","[15.20803434 96.96598788 94.97619091 86.173       8.         83.424
 12.7676     81.9111      1.        ]",[15.249  99.15   97.4764 86.173   8.     83.424  12.7676 81.9111  1.    ],[23.844  97.83   90.297  86.173   8.     83.424  12.7676 81.9111  1.    ],[0.64085909 0.74       0.90098691 0.80818396],[0.64085909 0.73       0.85028541 0.80818396],[0.64085909 0.71       0.86351468 0.80818396],[0.64085909 0.69       0.82493893 0.80818396],41.150087377923626,37.09285555555556,32.449599999999975,49.54399999999998,-4.057231822368067,-4.643255555555584,-8.70048737792365,-17.094400000000007,-0.09859594671346208,-0.1251792423638342,-0.21143302316756016,-0.3450347166155339,2.2281227111816406,2.5028443336486816,0.8486754894256592,1.206763744354248,0.8902362329236242,2.625411878796596,2.9491182022264844,1.4219377835112512,96,90
84,"[ 0.40852295 99.98064535 98.95406357 27.6012     84.         77.294
 60.4606     14.7219      0.        ]","[15.22282424 99.9914     98.97619091 27.6012     84.         77.294
 60.4606     14.7219      0.        ]","[ 17.0632 100.      67.8447  27.6012  84.      77.294   60.4606  14.7219
   0.    ]",[15.3082 42.382  58.5967 27.6012 84.     77.294  60.4606 14.7219  0.    ],[0.5983384  0.73       0.50431856 0.17553281],[0.61988815 0.68       0.37183993 0.17553281],[0.54710997 0.77       0.11132679 0.1666408 ],[0.46497835 0.77       0.05716696 0.06857628],73.8726140281899,88.6540333333333,121.6173,186.7283,14.781419305143402,32.9632666666667,47.7446859718101,-65.11099999999999,0.20009335664638575,0.3718191426522806,0.6463110396173426,-0.348693797351553,2.4801523685455322,0.06470751762390137,1.3666582107543945,0.2660083770751953,38.328658857860816,1.8147568638807574,0.04734725706450251,0.19464148020473887,126,13
85,"[36.93950695 99.68732785 99.12674771 68.3063     62.         57.0808
 95.8221     84.5618      0.        ]","[39.164      62.125      97.96868182 68.3063     62.         57.0808
 95.8221     84.5618      0.        ]",[39.59   76.5625 98.848  68.3063 62.     57.0808 95.8221 84.5618  0.    ],[39.164  62.125  81.984  68.3063 62.     57.0808 95.8221 84.5618  0.    ],[0.6734929  0.79       0.1157229  0.02886074],[0.6734929  0.98       0.0739754  0.02409852],[0.6734929  0.95       0.0739754  0.02886074],[0.6734929  0.99       0.03016526 0.02409852],69.81913138961943,110.76401818181819,95.87319999999994,126.74869999999999,40.94488679219876,-14.890818181818247,26.05406861038051,-30.875500000000045,0.5864422254655314,-0.1344373238371968,0.37316517825161855,-0.24359618678534808,2.2814841270446777,0.25710201263427734,10.596444129943848,0.3278806209564209,8.873847791654766,0.2153065782319911,0.02426304612013651,0.030942514010891917,1002,17
86,"[ 0.36278702 39.27875973 98.26146009 47.5332     91.         92.6225
  4.9755     27.7667      0.        ]","[ 5.14887475 83.85586869 98.97619091 47.5332     91.         92.6225
  4.9755     27.7667      0.        ]",[15.249  91.49   99.3505 47.5332 91.     92.6225  4.9755 27.7667  0.    ],[15.249  79.915  66.6685 47.5332 91.     92.6225  4.9755 27.7667  0.    ],[0.0225195  0.94       0.4237708  0.45829432],[0.05091454 0.88       0.25839668 0.23471907],[0.04806617 0.84       0.24525652 0.23471907],[0.02449899 0.95       0.11767122 0.22364213],115.28936721183624,74.78361515151511,76.87529999999998,121.13229999999999,-40.50575206032113,2.0916848484848742,-38.414067211836255,-44.257000000000005,-0.3513398766938725,0.027969827939542943,-0.33319696465375737,-0.36536084925325457,3.084644079208374,0.13081574440002441,0.9918534755706787,0.5324840545654297,23.580067470898392,3.109979604027273,0.13189019106351116,0.5368575779391774,90,31
87,"[6.44986793e-03 1.13769641e-01 1.59172119e-01 8.72720000e+00
 7.60000000e+01 9.68975000e+01 4.35541000e+01 4.60501000e+01
 0.00000000e+00]","[ 0.1119     98.98292929 98.97619091  8.7272     76.         96.8975
 43.5541     46.0501      0.        ]",[28.9825  0.1111 27.1098  8.7272 76.     96.8975 43.5541 46.0501  0.    ],[28.6385  5.1111 26.1098  8.7272 76.     96.8975 43.5541 46.0501  0.    ],[0.00630352 0.16       0.00457258 0.95339995],[0.12025938 0.16       0.09570415 0.05247252],[0.00625929 0.05       0.00345479 0.3411916 ],[0.00625929 0.08       0.00345479 0.02594391],291.0063081074607,93.42557979797982,293.0344,288.6904,-197.5807283094809,199.60882020202018,2.028091892539294,4.343999999999994,-0.6789568569644878,2.136554256699795,0.006969236872316784,0.01504726170319482,2.222397804260254,0.13174033164978027,1.3336997032165527,0.5705804824829102,16.869532484313893,1.6663404804697652,0.09877810674476067,0.42781780719213747,108,32
88,"[ 0.33669799 98.11324054 98.99138869 39.7158     39.         69.3049
 79.9268     73.5546      0.        ]","[15.22282424 83.85586869 97.96868182 39.7158     39.         69.3049
 79.9268     73.5546      0.        ]","[ 15.249  100.      92.896   39.7158  39.      69.3049  79.9268  73.5546
   0.    ]",[15.249  64.5428 81.984  39.7158 39.     69.3049 79.9268 73.5546  0.    ],[0.48947421 0.8        0.54944853 0.17196161],[0.47435352 0.97       0.22874209 0.17196161],[0.47435352 0.79       0.20558974 0.27313674],[0.47435352 0.94       0.07562886 0.14928575],63.516268757702335,93.6824737373737,82.63719999999995,129.00639999999999,30.166204979671363,-11.045273737373748,19.120931242297615,-46.369200000000035,0.47493666693091513,-0.11790117507291382,0.3010399007416333,-0.3594333304394204,2.559941530227661,0.06222939491271973,0.962674617767334,0.10917544364929199,41.13717534644399,2.6591970775803357,0.06464218933812148,0.11340845768063897,84,3
89,"[27.93095884 33.39922587 30.44130411 83.0391     54.         37.4712
 16.9442     47.9947      1.        ]","[61.22282424 32.85586869 93.97619091 83.0391     54.         37.4712
 16.9442     47.9947      1.        ]",[48.6632 72.1785 53.997  83.0391 54.     37.4712 16.9442 47.9947  1.    ],[45.7982 77.1785 54.9985 83.0391 54.     37.4712 16.9442 47.9947  1.    ],[0.8463989  0.8        0.80484091 0.90023291],[0.8903955  0.8        0.83923066 0.88953102],[[0.9624866  0.82       0.94480181 0.93241664]],[0.9624866  0.85       0.94219473 0.93676504],181.0513288612343,151.3516646464646,109.4538,130.58209999999997,-29.69966421476971,-41.8978646464646,-71.59752886123431,-21.128299999999967,-0.1640400233545529,-0.276824604105491,-0.39545431293746425,-0.16180089001478742,20.269939422607422,10.183751583099365,0.04937601089477539,0.15054845809936523,1.990419665798484,410.522013732629,206.24897391573072,3.0490202705965292,0,6
90,"[44.12115951 24.58779756 20.87765057 50.7467     26.          5.2282
 18.0617     68.567       1.        ]","[49.413      47.94904646 72.4289     50.7467     26.          5.2282
 18.0617     68.567       1.        ]",[29.6195 47.9459 89.4824 50.7467 26.      5.2282 18.0617 68.567   1.    ],[16.177  44.7549 86.4289 50.7467 26.      5.2282 18.0617 68.567   1.    ],[0.83484347 0.81       0.8267429  0.83976572],[0.95771609 0.8        0.89396651 0.96089756],[[0.95963108 0.81       0.92772444 0.9664454 ]],[0.95963108 0.84       0.93721965 0.95957753],247.90901137831528,178.28835353535354,141.4445,134.24650000000003,-69.62065784296175,-36.84385353535353,-106.46451137831528,7.197999999999979,-0.28083149319940975,-0.20665317057879282,-0.42944994531016784,0.05361778519365479,20.943551063537598,5.994286060333252,0.13854670524597168,0.058817148208618164,3.4939191844930475,151.16599868870966,43.26545369441428,0.42452938959606407,6,0
91,"[1.48239970e-02 9.99704876e+01 9.84810727e+01 2.02340000e+00
 2.00000000e+01 6.30400000e-01 8.82491000e+01 4.43981000e+01
 1.00000000e+00]","[ 0.1119     98.98292929 98.97619091  2.0234     20.          0.6304
 88.2491     44.3981      1.        ]","[ 41.426  100.      67.63     2.0234  20.       0.6304  88.2491  44.3981
   1.    ]",[ 0.     42.159  85.077   2.0234 20.      0.6304 88.2491 44.3981  1.    ],[0.97150318 0.19       0.38015111 0.5307672 ],[0.97818269 0.19       0.35564517 0.5307672 ],[0.96977765 0.1        0.27274303 0.39364758],[0.96712427 0.12       0.09495642 0.63871745],99.53986364446666,100.12937979797982,171.77259999999998,170.7406,0.5895161535131592,71.64322020202016,72.23273635553332,1.0319999999999823,0.005922412709131031,0.715506481180318,0.7256664185670569,0.006044256609148511,2.2806308269500732,0.12795162200927734,5.480446100234985,1.013293981552124,17.824165033130352,0.4161396326573281,0.023346935572232188,0.18489260965611484,1002,96
92,"[14.78009559 83.6006656  98.14358748 90.0394     70.         40.8418
 17.2228     66.8376      0.        ]","[15.22282424 83.85586869 98.97619091 90.0394     70.         40.8418
 17.2228     66.8376      0.        ]",[40.1929 86.7025 98.4422 90.0394 70.     40.8418 17.2228 66.8376  0.    ],"[ 20.1929 100.     100.      90.0394  70.      40.8418  17.2228  66.8376
   0.    ]",[0.70042893 0.99       0.5913536  0.32115623],[0.7268504  0.96       0.50519632 0.32115623],[0.70775545 0.99       0.44046256 0.32115623],[0.75135596 0.9        0.36361343 0.32115623],42.99644250447653,42.35136464646462,65.00880000000001,30.153500000000008,-0.6450778580119163,22.65743535353539,22.012357495523474,34.8553,-0.015003051890740837,0.5349871377858133,0.511957646105993,1.1559288308156594,2.3585205078125,0.06754755973815918,0.9064443111419678,0.9548389911651611,34.91644282865362,2.601947498397513,0.07451926048613024,1.0533895788503809,72,90
93,"[ 0.62823254 99.98970985 98.22446708 13.7778     43.         21.4291
 43.4365     54.8343      1.        ]","[15.22282424 98.9914     98.97619091 13.7778     43.         21.4291
 43.4365     54.8343      1.        ]","[  1.241  100.     100.      13.7778  43.      21.4291  43.4365  54.8343
   1.    ]","[  0.541   72.715  100.      13.7778  43.      21.4291  43.4365  54.8343
   1.    ]",[0.97141355 0.33       0.79101495 0.48555689],[0.97677878 0.28       0.79370931 0.38441581],[[0.68815703 0.33       0.77305544 0.34465748]],[0.68815703 0.3        0.51339445 0.37835377],88.63625561600492,103.4774333333333,87.46319999999997,114.04820000000001,14.841177717328378,-16.014233333333323,-1.1730556160049446,-26.585000000000036,0.16743913214953687,-0.1547606354106837,-0.013234489745222582,-0.23310319671858068,2.5045576095581055,0.09105324745178223,0.7427325248718262,0.637993574142456,27.506516018381536,3.3720855431641676,0.12259224472160465,0.8589816020949871,66,54
94,"[14.92319415 83.57008654 98.39094639 79.1076     89.         33.0412
 34.7144     25.7639      0.        ]","[15.22282424 83.85586869 98.97619091 79.1076     89.         33.0412
 34.7144     25.7639      0.        ]",[15.249  99.25   98.848  79.1076 89.     33.0412 34.7144 25.7639  0.    ],[15.249  68.491  83.011  79.1076 89.     33.0412 34.7144 25.7639  0.    ],[0.7629687  0.97       0.49194411 0.31187077],[0.8089135  0.94       0.40588471 0.31187077],[0.7792007  0.95       0.3768286  0.31187077],[0.7629687  0.98       0.14388523 0.29857339],53.85456122208501,53.28316464646463,38.04340000000002,84.63940000000002,-0.5713965756203834,-15.239764646464607,-15.81116122208499,-46.596000000000004,-0.010609994077642982,-0.2860146304668819,-0.29359001100915205,-0.5505237513498441,2.2751851081848145,0.062181949615478516,0.785252571105957,0.6200315952301025,36.58915685748246,2.897392752220375,0.07918719645565869,0.7895951163290612,84,48
95,"[ 0.32570381 99.16769661 98.31132263 93.7995     74.          6.5412
 90.5499     45.8668      0.        ]","[ 5.14887475 88.89822222 98.97619091 93.7995     74.          6.5412
 90.5499     45.8668      0.        ]",[26.9208 64.63   62.28   93.7995 74.      6.5412 90.5499 45.8668  0.    ],[27.3338 54.21   59.14   93.7995 74.      6.5412 90.5499 45.8668  0.    ],[0.83926897 0.91       0.32493335 0.23000714],[0.87288813 0.98       0.19604589 0.12204935],[0.79649181 1.         0.04061487 0.1208468 ],[0.78543061 1.         0.04061487 0.12017895],9.047184578185238,23.474961616161636,106.2113,120.18430000000001,14.427777037976398,82.73633838383836,97.16411542181476,-13.973000000000013,1.5947256202515154,3.5244504223971753,10.73970742855174,-0.11626310591316846,2.517596960067749,0.669581413269043,0.9403817653656006,0.4146425724029541,3.7599564596279484,2.677207335139001,0.7120314726739984,0.4409300431742738,72,22
96,"[6.22966896e-01 9.94318474e+01 9.91205374e+01 8.12941000e+01
 8.40000000e+01 2.87000000e-02 1.55640000e+00 9.14234000e+01
 0.00000000e+00]","[5.14887475e+00 9.79744586e+01 9.89761909e+01 8.12941000e+01
 8.40000000e+01 2.87000000e-02 1.55640000e+00 9.14234000e+01
 0.00000000e+00]","[3.24844e+01 9.93851e+01 9.86805e+01 8.12941e+01 8.40000e+01 2.87000e-02
 1.55640e+00 9.14234e+01 0.00000e+00]","[4.99490e+00 8.11501e+01 7.83595e+01 8.12941e+01 8.40000e+01 2.87000e-02
 1.55640e+00 9.14234e+01 0.00000e+00]",[0.35674028 0.88       0.70633522 0.55498531],[0.35674028 0.86       0.70633522 0.45209141],[0.27326822 0.86       0.71321254 0.45209141],[0.11385294 0.92       0.58113815 0.43660875],20.776482059685065,26.90412525252526,53.12470000000002,64.19120000000004,6.127643192840196,26.220574747474757,32.34821794031495,-11.066500000000019,0.29493170091246335,0.9745930968342357,1.5569631974935652,-0.1723990204264761,2.3106765747070312,0.12571167945861816,1.3118445873260498,0.300037145614624,18.380762906501946,1.7613950593163736,0.09582818016184215,0.2287139410516559,120,15
97,"[37.85068952 98.07812309 97.53035527 79.6763      5.         72.2
 89.2054     87.873       0.        ]","[39.40030303 81.915      79.6773     79.6763      5.         72.2
 89.2054     87.873       0.        ]",[22.9751 83.83   81.6773 79.6763  5.     72.2    89.2054 87.873   0.    ],[ 0.1151 81.915  81.6773 79.6763  5.     72.2    89.2054 87.873   0.    ],[0.06233972 0.81       0.1976619  0.07208064],[0.06681392 0.88       0.03695715 0.06799702],[0.06681392 0.81       0.03022995 0.06799702],[0.06465441 0.59       0.01822031 0.09397514],62.56591115392314,98.13170303030302,77.79149999999998,56.84649999999999,35.565791876379876,-20.34020303030303,15.225588846076846,20.944999999999993,0.5684531915291984,-0.2072745341433847,0.2433527869292788,0.3684483653347171,2.22940731048584,0.12846899032592773,1.059922218322754,0.10884523391723633,17.353661026134013,2.103368786828251,0.12120605465674653,0.10269171835031028,78,3
98,"[ 4.39623458 23.53035813 30.30018539 77.7312     78.          1.7392
 52.4921     82.8517      1.        ]","[13.14887475 58.4351     73.8468     77.7312     78.          1.7392
 52.4921     82.8517      1.        ]",[30.2777 77.4976 93.8468 77.7312 78.      1.7392 52.4921 82.8517  1.    ],[29.2587 81.985  93.8468 77.7312 78.      1.7392 52.4921 82.8517  1.    ],[0.91603843 0.8        0.82122152 0.89755756],[0.96563944 0.8        0.96815487 0.96288054],[[0.96989503 0.8        0.96215158 0.96728657]],[0.96989503 0.8        0.96215158 0.96728657],172.83449105720234,103.13577474747478,81.20209999999997,75.69569999999999,-69.69871630972756,-21.93367474747481,-91.63239105720237,5.506399999999985,-0.40326855990023225,-0.21266795931071283,-0.5301742175227927,0.07274389430311082,19.999395608901978,2.8547773361206055,0.13939499855041504,0.1549396514892578,7.005588616616741,143.47283487125105,20.47976875646738,1.111515141149205,6,6
99,"[ 0.44589847 63.56998953 98.21821152 65.247      22.          5.3067
 39.607      37.8702      0.        ]","[15.22282424 99.9914     98.97619091 65.247      22.          5.3067
 39.607      37.8702      0.        ]","[ 26.0325 100.      68.535   65.247   22.       5.3067  39.607   37.8702
   0.    ]","[ 22.818  100.      71.1235  65.247   22.       5.3067  39.607   37.8702
   0.    ]",[0.79192428 0.99       0.35227665 0.45892347],[0.82490478 0.91       0.35407017 0.34350205],[0.7404436  0.96       0.12550187 0.32950179],[0.7404436  0.96       0.12550187 0.32950179],73.41069741592054,51.008233333333294,92.25049999999999,86.44749999999999,-22.402464082587244,41.242266666666694,18.83980258407945,5.802999999999997,-0.3051662069856434,0.8085413661977457,0.25663565729854615,0.06712744729460074,2.2571780681610107,0.06138801574707031,10.634579181671143,10.726192712783813,36.76903448811558,0.21224893149051832,0.005772491294519061,1.0086146832467586,1002,1002
100,"[31.55743625 89.65545632 66.43237008 67.1168      4.         89.3639
 65.504      10.7001      0.        ]","[32.413      90.94904646 81.984      67.1168      4.         89.3639
 65.504      10.7001      0.        ]",[33.2065 83.83   83.968  67.1168  4.     89.3639 65.504  10.7001  0.    ],[32.413  79.915  81.984  67.1168  4.     89.3639 65.504  10.7001  0.    ],[0.02057315 0.8        0.01360404 0.08043227],[0.01484118 0.79       0.01360404 0.06364572],[0.01484118 0.8        0.01270209 0.05833471],[0.01484118 0.77       0.01270209 0.0536018 ],108.35280984660574,92.36315353535355,98.29169999999999,103.3972,-15.98965631125219,5.928546464646445,-10.061109846605746,-5.105500000000006,-0.147570296828376,0.06418735434771826,-0.09285508941437867,-0.049377546007048606,3.0354113578796387,0.2059636116027832,0.6273903846740723,0.19111037254333496,14.73760988292274,4.838154093573696,0.3282862100441351,0.30461157392875304,54,8
101,"[ 0.21839112 99.24175277 98.11580348 24.71       19.         57.5918
 93.5316     36.1388      1.        ]","[ 0.1119     99.9914     98.97619091 24.71       19.         57.5918
 93.5316     36.1388      1.        ]",[ 0.     69.05   88.4777 24.71   19.     57.5918 93.5316 36.1388  1.    ],[43.9895 60.21   78.9177 24.71   19.     57.5918 93.5316 36.1388  1.    ],[0.96849576 0.78       0.77123608 0.73893587],[0.97586269 0.74       0.75210949 0.73893587],[0.96849576 0.75       0.48150529 0.68426716],[0.96598963 0.71       0.30503705 0.55994532],78.15083486825881,76.4343090909091,117.76230000000004,180.1518,-1.716525777349716,41.32799090909094,39.61146513174123,-62.38949999999997,-0.02196426666769862,0.540699476460714,0.5068591423049472,-0.34631627327620357,2.220966339111328,0.0610508918762207,0.9044208526611328,0.15887451171875,36.37893355619254,2.455677943046584,0.06750274686456745,0.17566436162023885,108,6
102,"[ 0.44344862 83.23180554 98.31306658 94.0896     96.          7.5171
 57.4584     57.5573      0.        ]","[15.22282424 83.85586869 98.97619091 94.0896     96.          7.5171
 57.4584     57.5573      0.        ]",[15.249  99.25   98.848  94.0896 96.      7.5171 57.4584 57.5573  0.    ],[15.249  86.743  94.947  94.0896 96.      7.5171 57.4584 57.5573  0.    ],[0.80316961 0.99       0.64404601 0.46814814],[0.83473966 0.97       0.59048646 0.36803904],[0.79341867 0.97       0.5606868  0.36803904],[0.79341867 0.96       0.46128423 0.36803904],24.80897649263045,38.3011646464646,23.061399999999992,39.46939999999995,13.49218815383415,-15.239764646464607,-1.7475764926304578,-16.40799999999996,0.5438429980310565,-0.39789298281485336,-0.0704412974533463,-0.41571445220854586,2.2274703979492188,0.06121087074279785,0.7641899585723877,1.007742166519165,36.39011128119437,2.914812440234678,0.08009902519152202,1.3187063703398647,84,84
103,"[15.20676008 98.11587062 98.30956627 56.4109     33.         82.73
 32.2846     15.7881      0.        ]","[15.22282424 96.96598788 98.97619091 56.4109     33.         82.73
 32.2846     15.7881      0.        ]",[17.     66.8181 94.1341 56.4109 33.     82.73   32.2846 15.7881  0.    ],[27.249  64.5846 82.2301 56.4109 33.     82.73   32.2846 15.7881  0.    ],[0.33438461 0.9        0.33887733 0.23056972],[0.39783858 0.85       0.14579103 0.23056972],[0.32185863 0.93       0.09307052 0.19980463],[0.32185863 0.93       0.04184094 0.1670276 ],62.37042319420527,62.86974545454541,99.63689999999997,124.02340000000004,0.4993222603401364,36.76715454545456,37.266476805794696,-24.38650000000007,0.008005753925789099,0.5848147511912081,0.5975023881072056,-0.19662821693325663,2.363086462020874,0.06731653213500977,0.9752933979034424,0.20595693588256836,35.10410276752637,2.422949306435096,0.06902182694942671,0.21117433617956147,84,9
104,"[ 0.4128449  99.82913048 98.29515765 42.2775     98.         47.1232
 29.0061     68.1935      0.        ]","[15.22282424 83.85586869 97.96868182 42.2775     98.         47.1232
 29.0061     68.1935      0.        ]","[ 17.8899 100.      60.9745  42.2775  98.      47.1232  29.0061  68.1935
   0.    ]",[17.8899 66.7863 51.017  42.2775 98.     47.1232 29.0061 68.1935  0.    ],[0.70035331 0.94       0.54802544 0.57222192],[0.66739456 0.99       0.28502669 0.35071914],[0.68184901 0.97       0.11844405 0.55680606],[0.63266701 1.         0.08568481 0.33657553],60.01105677225996,91.12077373737372,114.6379,157.8091,31.109716965113762,23.517126262626277,54.62684322774004,-43.1712,0.5183997522852187,0.25808742944179575,0.9102796412175703,-0.27356597306492464,2.2535247802734375,0.061662912368774414,0.8987224102020264,0.5817627906799316,36.54587001658721,2.5074758954401295,0.06861174448171714,0.6473220029632459,90,34
105,"[14.91120168 83.5297552  99.0458048  57.7727     57.         35.504
 27.1903     72.7868      0.        ]","[15.22282424 83.85586869 98.97619091 57.7727     57.         35.504
 27.1903     72.7868      0.        ]","[ 15.249  100.      98.848   57.7727  57.      35.504   27.1903  72.7868
   0.    ]","[ 15.249  100.      88.146   57.7727  57.      35.504   27.1903  72.7868
   0.    ]",[0.71555068 0.93       0.45954484 0.37619617],[0.71555068 0.93       0.45954484 0.37619617],[0.70788358 0.86       0.42942389 0.37619617],[0.70788358 0.87       0.21029757 0.37619617],74.56294167332527,74.61806464646463,58.628300000000024,69.33030000000002,0.055122973139361875,-15.989764646464607,-15.934641673325245,-10.701999999999998,0.000739281094633663,-0.21428811806126352,-0.21370725612111718,-0.1543625225911325,2.225496530532837,0.06440591812133789,0.7476420402526855,0.7718989849090576,34.55422413729279,2.976687252338928,0.08614539399037834,1.0324445969466536,84,66
106,"[ 4.73777516 41.08150631 20.89789187 87.0872     56.         33.9072
 63.3176     36.4288      1.        ]","[29.3051     33.9293     88.97619091 87.0872     56.         33.9072
 63.3176     36.4288      1.        ]",[17.3051 81.985  86.0075 87.0872 56.     33.9072 63.3176 36.4288  1.    ],[17.3051 81.985  86.0075 87.0872 56.     33.9072 63.3176 36.4288  1.    ],[0.96407535 0.8        0.82634977 0.85441868],[0.94670398 0.8        0.85053393 0.89678311],[[0.96968277 0.85       0.95441773 0.94023185]],[0.96968277 0.85       0.95441773 0.94023185],155.67117697600509,119.31240909090911,73.28110000000004,62.225400000000036,-36.35876788509597,-46.031309090909076,-82.39007697600505,11.055700000000002,-0.23356133480445296,-0.3858048751311014,-0.529257108325869,0.1776718189035345,20.486106634140015,4.1957762241363525,0.04944133758544922,0.07050085067749023,4.882554631081837,414.351788090967,84.86372798642054,1.425949501379164,0,0
107,"[16.58945901 25.23123537 35.19889692 62.0588     35.         31.4946
 46.995      60.0942      1.        ]","[15.19324444 29.60174747 67.93113636 62.0588     35.         31.4946
 46.995      60.0942      1.        ]",[45.57   83.83   83.968  62.0588 35.     31.4946 46.995  60.0942  1.    ],[21.292  88.281  91.984  62.0588 35.     31.4946 46.995  60.0942  1.    ],[0.93315336 0.8        0.9196016  0.91151616],[0.93642501 0.8        0.83974615 0.92302071],[[0.96968277 0.8        0.91149155 0.95698644]],[0.96968277 0.81       0.94373774 0.96207148],194.10052671499693,155.60156060606062,115.71319999999997,78.96819999999997,-38.498966108936315,-39.888360606060644,-78.38732671499696,36.745000000000005,-0.1983455004502146,-0.2563493608335122,-0.40384911901911114,0.4653138858426559,19.972092390060425,10.056978702545166,0.24199271202087402,0.5253787040710449,1.985893873376305,82.53179289274486,41.559014808998306,2.171051763020559,12,30
108,"[1.62663324e-02 9.87726514e+01 9.93324495e+01 9.08000000e-01
 7.30000000e+01 2.82368000e+01 5.28341000e+01 8.49973000e+01
 0.00000000e+00]","[ 0.1119     98.98292929 98.97619091  0.908      73.         28.2368
 52.8341     84.9973      0.        ]",[ 0.     65.0192 89.92    0.908  73.     28.2368 52.8341 84.9973  0.    ],[46.9613 45.8732 78.984   0.908  73.     28.2368 52.8341 84.9973  0.    ],[0.72602656 0.18       0.22785475 0.1810896 ],[0.72602656 0.17       0.22785475 0.1810896 ],[0.72602656 0.18       0.029319   0.14480076],[0.69327633 0.07       0.0174755  0.07869109],101.00316540328913,101.24477979797979,144.15279999999998,221.19610000000003,0.24161439469065726,42.9080202020202,43.149634596710854,-77.04330000000004,0.002392146758232086,0.42380476591126304,0.42721071586639303,-0.34830315724373095,2.272902250289917,0.1435074806213379,1.207456350326538,0.2405257225036621,15.838214429303854,1.8823887502643433,0.11885107116503921,0.19920034578360998,90,11
109,"[11.44148176 71.8371057  71.88970022 44.8458     96.         19.32
 36.2437     11.1766      1.        ]","[15.22282424 96.96598788 98.97619091 44.8458     96.         19.32
 36.2437     11.1766      1.        ]",[11.5926 89.1028 98.7599 44.8458 96.     19.32   36.2437 11.1766  1.    ],[13.2716 91.2908 95.5119 44.8458 96.     19.32   36.2437 11.1766  1.    ],[0.96257039 0.8        0.82049515 0.91115219],[0.97373945 0.78       0.89484191 0.93560651],[[0.96257039 0.8        0.86793124 0.93560651]],[0.96257039 0.8        0.85424035 0.93560651],122.86887583943303,74.43484545454544,78.88410000000005,81.62309999999997,-48.43403038488759,4.4492545454546075,-43.984775839432984,-2.738999999999919,-0.3941928340597984,0.05977381316888204,-0.3579814297065188,-0.03355667697012145,20.701412677764893,0.13250255584716797,0.4200096130371094,0.4788486957550049,156.2340631500155,49.2879496925606,0.3154750551756083,1.1400898476880739,24,24
110,"[37.34381376 97.59498672 98.19028741 70.2119     50.         63.6355
 86.6349     88.1871      0.        ]","[39.40030303 88.89822222 97.96868182 70.2119     50.         63.6355
 86.6349     88.1871      0.        ]",[39.59   76.5625 98.848  70.2119 50.     63.6355 86.6349 88.1871  0.    ],[39.164  62.125  81.984  70.2119 50.     63.6355 86.6349 88.1871  0.    ],[0.47015984 0.94       0.25058556 0.14059315],[0.47015984 0.96       0.23355415 0.14059315],[0.47015984 0.94       0.22134184 0.14059315],[0.47015984 0.99       0.09138879 0.11595211],71.34663962835748,82.321498989899,93.96759999999995,124.84309999999999,10.974859361541519,11.64610101010095,22.620960371642468,-30.875500000000045,0.15382447468737467,0.141470954161439,0.3170571240562187,-0.24731442907137077,2.310516119003296,0.9589574337005615,10.595251083374023,0.36099958419799805,2.4094042527906034,0.21807091694400124,0.09050823110792997,0.034071829101291945,1002,19
111,"[ 5.39071204 97.52448709 31.31105213 60.5399     51.         67.3487
  0.4646     48.8474      1.        ]","[ 5.14887475 66.71186667 98.97619091 60.5399     51.         67.3487
  0.4646     48.8474      1.        ]",[ 4.8708 98.4991 73.9553 60.5399 51.     67.3487  0.4646 48.8474  1.    ],[ 4.9788 88.9325 81.6553 60.5399 51.     67.3487  0.4646 48.8474  1.    ],[0.31778203 0.76       0.9319714  0.96042706],[0.19568358 0.85       0.97299593 0.97167743],[[0.24743836 0.8        0.9689123  0.96989954]],[0.1561135  0.81       0.9689123  0.96989954],116.01527280907965,78.92091717171718,71.87650000000002,73.85109999999997,-37.09435563736247,-7.044417171717157,-44.138772809079626,-1.9745999999999526,-0.31973683067061986,-0.08925919039169072,-0.38045657041824593,-0.026737584138895064,2.2373058795928955,0.20080256462097168,1.4820671081542969,15.576660633087158,11.141819248254924,1.509584732893196,0.13548817291481668,10.510091309215861,102,1002
112,"[ 7.73955434 27.51585996 33.21579433 84.1672     89.         45.9723
 71.8988     55.421       1.        ]","[29.249      33.0532     91.97619091 84.1672     89.         45.9723
 71.8988     55.421       1.        ]",[16.1245 82.1157 82.976  84.1672 89.     45.9723 71.8988 55.421   1.    ],[17.0875 81.0457 86.984  84.1672 89.     45.9723 71.8988 55.421   1.    ],[0.92476568 0.8        0.80289044 0.85048528],[0.94498305 0.8        0.828674   0.88643344],[[0.96766397 0.8        0.95376205 0.9339178 ]],[0.96766397 0.82       0.95376205 0.9339178 ],162.84070005199686,120.05240909090907,66.86560000000003,64.8906,-42.788290961087796,-53.18680909090904,-95.97510005199683,1.9750000000000227,-0.26276164955950826,-0.443029919130016,-0.5893802963347057,0.030435841246652405,20.546385765075684,4.550338268280029,0.1358351707458496,0.13888835906982422,4.515353486641326,151.25968960953708,33.49896969462942,1.022477156006136,6,6
113,"[ 0.45911056 98.08845139 98.98582081 38.6844     32.         67.9787
 45.3672     92.6985      0.        ]","[15.22282424 99.9914     97.96868182 38.6844     32.         67.9787
 45.3672     92.6985      0.        ]",[15.249  99.25   98.848  38.6844 32.     67.9787 45.3672 92.6985  0.    ],[15.249  62.125  81.984  38.6844 32.     67.9787 45.3672 92.6985  0.    ],[0.18524295 0.77       0.70589948 0.28304377],[0.17627544 0.81       0.38709605 0.35066739],[0.17627544 0.79       0.38709605 0.35066739],[0.14683457 0.93       0.13869549 0.2366283 ],64.70043837069943,78.57834242424241,78.46660000000003,132.4556,13.877904053542977,-0.11174242424237946,13.766161629300598,-53.988999999999976,0.21449474536833735,-0.0014220511758708913,0.21276767168759728,-0.4076007356427359,2.3797292709350586,0.06282329559326172,0.7445175647735596,0.1075446605682373,37.879726755218215,3.1963373109388473,0.0843812135075269,0.14444878892944096,84,3
114,"[13.71357496 93.2595463  95.58417997 65.8486     91.         53.7025
 89.5694     85.4218      1.        ]","[ 5.14887475 97.9914     94.97619091 65.8486     91.         53.7025
 89.5694     85.4218      1.        ]",[ 5.5425 93.2164 86.868  65.8486 91.     53.7025 89.5694 85.4218  1.    ],[17.0885 42.2789 97.881  65.8486 91.     53.7025 89.5694 85.4218  1.    ],[0.9656402  0.75       0.85101541 0.91226878],[0.96759405 0.71       0.86240918 0.91226878],[[0.9656402  0.63       0.85101541 0.90711811]],[0.96263756 0.68       0.80561145 0.90221583],59.02124868678811,46.33268383838379,59.609500000000025,111.07999999999998,-12.688564848404326,13.276816161616239,0.5882513132119129,-51.47049999999996,-0.21498299562822798,0.28655400597832864,0.009966771735610412,-0.4633642419877563,2.160844326019287,0.4456942081451416,1.445448637008667,1.2205255031585693,4.848266561533602,1.4949298582418813,0.30834316539084966,0.8443921644178429,126,132
115,"[ 0.37352434 97.68567649 98.29834257 65.8623     93.         78.7379
 34.411      37.9369      0.        ]","[15.22282424 83.85586869 98.97619091 65.8623     93.         78.7379
 34.411      37.9369      0.        ]",[15.5921 96.6054 98.6359 65.8623 93.     78.7379 34.411  37.9369  0.    ],[14.8411 53.4804 88.7159 65.8623 93.     78.7379 34.411  37.9369  0.    ],[0.45213949 0.98       0.31908392 0.30210674],[0.482346   0.95       0.26593602 0.30210674],[0.43718449 0.99       0.24280405 0.30210674],[0.39596823 0.99       0.08183105 0.25675327],38.527205270253546,66.52846464646461,54.48849999999993,106.78250000000003,28.001259376211067,-12.039964646464682,15.961294729746385,-52.294000000000096,0.7267918651195432,-0.18097463560065033,0.4142863365713665,-0.4897244398660837,2.272493362426758,0.06475353240966797,1.11397385597229,0.3703782558441162,35.094508019263905,2.0399880573887414,0.058128413034568296,0.33248379561012725,108,21
116,"[ 0.25409741 98.68702642 96.50927519 18.3782     48.         86.3562
 57.5239     61.9149      1.        ]","[ 0.1119     99.9914     98.97619091 18.3782     48.         86.3562
 57.5239     61.9149      1.        ]","[ 20.312  100.      87.38    18.3782  48.      86.3562  57.5239  61.9149
   1.    ]","[  0.     100.      67.934   18.3782  48.      86.3562  57.5239  61.9149
   1.    ]",[0.93481176 0.61       0.79671842 0.82343211],[0.9496458  0.58       0.84861948 0.82343211],[0.93102226 0.48       0.65421891 0.81412854],[0.93481176 0.48       0.79671842 0.81412854],86.67959580089689,82.76610909090908,114.55380000000002,113.68779999999998,-3.913486709987808,31.78769090909094,27.874204199103133,0.8660000000000423,-0.04514888046982926,0.3840665129512831,0.3215774593957522,0.007617352081754088,2.347364902496338,0.06628966331481934,0.6833603382110596,1.043318271636963,35.410722956132055,3.435032399804481,0.09700542979763249,1.5267468907666226,108,96
117,"[16.59672902 63.57246479 35.20030149 19.1301     70.         25.5093
 41.6972     44.1702      1.        ]","[14.6522     60.7481     98.97619091 19.1301     70.         25.5093
 41.6972     44.1702      1.        ]",[14.9092 68.7481 83.7524 19.1301 70.     25.5093 41.6972 44.1702  1.    ],[12.1395 55.6051 68.6289 19.1301 70.     25.5093 41.6972 44.1702  1.    ],[0.96968277 0.8        0.88962652 0.85142053],[0.97635388 0.8        0.85113419 0.82221401],[[0.96968277 0.79       0.799892   0.83373888]],[0.96765265 0.78       0.77968532 0.81339779],198.69386274212806,135.79780909090908,143.27860000000004,168.77540000000002,-62.89605365121898,7.480790909090956,-55.41526274212802,-25.49679999999998,-0.31654754094165305,0.055087714295029476,-0.27889770714281154,-0.151069409404451,19.79830002784729,2.1988680362701416,1.7226955890655518,0.9680712223052979,9.003860032196572,11.492628270202141,1.2764112535186103,0.5619514140803091,120,84
118,"[14.7302884  97.74639218 98.38181758 91.3369     90.         70.1821
 23.6531     53.1092      0.        ]","[15.22282424 97.97445859 98.97619091 91.3369     90.         70.1821
 23.6531     53.1092      0.        ]",[40.2456 98.1925 98.848  91.3369 90.     70.1821 23.6531 53.1092  0.    ],[47.2456 66.915  81.984  91.3369 90.     70.1821 23.6531 53.1092  0.    ],[0.41036865 0.99       0.44046294 0.25986173],[0.47788927 0.94       0.35707979 0.25986173],[0.41890378 0.98       0.267887   0.25986173],[0.39669269 1.         0.07587993 0.23544815],27.265178644950083,26.93527474747475,51.8682,107.00970000000001,-0.329903897475333,24.93292525252525,24.60302135504992,-55.14150000000001,-0.012099825266922874,0.9256606990750216,0.9023605410928333,-0.5152944078901259,2.252089738845825,0.06446981430053711,2.875997543334961,0.6128365993499756,34.932468214462695,0.783063860421222,0.02241650534436095,0.21308662129083045,198,35
119,"[5.31134551e+00 9.84843735e+01 3.11921900e+01 4.03894000e+01
 5.30000000e+01 5.16073000e+01 9.90000000e-03 6.74343000e+01
 1.00000000e+00]","[2.22745889e+01 9.79744586e+01 9.89761909e+01 4.03894000e+01
 5.30000000e+01 5.16073000e+01 9.90000000e-03 6.74343000e+01
 1.00000000e+00]","[3.27990e+01 8.92757e+01 7.25886e+01 4.03894e+01 5.30000e+01 5.16073e+01
 9.90000e-03 6.74343e+01 1.00000e+00]","[2.12150e+01 9.84882e+01 6.03210e+01 4.03894e+01 5.30000e+01 5.16073e+01
 9.90000e-03 6.74343e+01 1.00000e+00]",[0.41227209 0.84       0.92598662 0.97506774],[0.34657573 0.83       0.96139718 0.95727692],[[0.20774064 0.82       0.94212667 0.95463727]],[0.31789009 0.81       0.94568747 0.98117274],135.24538199991053,84.93453939393936,130.5453,122.01640000000003,-50.310842605971175,45.61076060606064,-4.700081999910537,8.528899999999965,-0.3719967503659715,0.5370107488840431,-0.03475225497838918,0.06989962005107479,2.2964580059051514,0.25554800033569336,14.658124685287476,0.6843774318695068,8.986405696340706,0.15666792684674952,0.017433880924221483,0.04668928983503764,1002,66
120,"[ 0.40117222 97.8458753  99.42179778 99.8604     65.         48.3023
 15.3409     51.5817      0.        ]","[15.22282424 97.97445859 98.97619091 99.8604     65.         48.3023
 15.3409     51.5817      0.        ]",[26.5476 84.7875 99.2473 99.8604 65.     48.3023 15.3409 51.5817  0.    ],[27.5476 66.915  92.2713 99.8604 65.     48.3023 15.3409 51.5817  0.    ],[0.56766834 0.92       0.67803608 0.27843007],[0.55274742 0.9        0.69147302 0.27843007],[0.53866128 0.92       0.62561376 0.27843007],[0.38174469 0.98       0.53157259 0.27843007],3.2730991442398363,18.411774747474738,42.65240000000006,68.5009,15.138675603234901,24.24062525252532,39.37930085576022,-25.848499999999945,4.625180887012451,1.316582762118032,12.031197076648866,-0.3773454071406353,2.2998273372650146,0.06522917747497559,0.7009556293487549,0.8515386581420898,35.25764736413113,3.280988469129982,0.09305749856888777,1.2148253362816115,60,50
121,"[7.04375113e-02 9.80765266e+01 9.89963082e+01 2.03910000e+01
 2.30000000e+01 5.09251000e+01 9.66376000e+01 7.94530000e+01
 1.00000000e+00]","[ 0.1119     99.9914     98.97619091 20.391      23.         50.9251
 96.6376     79.453       1.        ]",[ 0.     69.05   87.8956 20.391  23.     50.9251 96.6376 79.453   1.    ],[51.285  60.21   73.2656 20.391  23.     50.9251 96.6376 79.453   1.    ],[0.96652225 0.72       0.47006392 0.09052704],[0.96652225 0.65       0.41610703 0.11504396],[0.96652225 0.71       0.17533776 0.08549466],[0.96214292 0.4        0.07162056 0.0458585 ],82.60660277985124,80.75330909090906,122.66339999999997,197.4184,-1.8532936889421876,41.91009090909091,40.056797220148724,-74.75500000000002,-0.022435176203544693,0.5189891458430527,0.48491035670479193,-0.3786627791533111,2.3368875980377197,0.06270647048950195,0.7354600429534912,0.2877819538116455,37.26708870385156,3.177450114969059,0.08526155987711131,0.3912951581379713,84,14
122,"[14.24988601 24.38661882 35.19868048 82.7653     85.         12.3841
 88.658      60.3086      1.        ]","[32.22282424 41.85586869 87.97619091 82.7653     85.         12.3841
 88.658      60.3086      1.        ]",[27.826  74.6448 75.519  82.7653 85.     12.3841 88.658  60.3086  1.    ],[16.177  72.4348 73.379  82.7653 85.     12.3841 88.658  60.3086  1.    ],[0.94515094 0.8        0.91708357 0.8814817 ],[0.96511144 0.8        0.84436798 0.92518586],[[0.97074839 0.81       0.86650701 0.91438966]],[0.97074839 0.87       0.87000416 0.91438966],171.89928670607407,119.6254646464646,94.89689999999996,87.59789999999998,-52.27382205960947,-24.728564646464633,-77.0023867060741,7.298999999999978,-0.3040956310016054,-0.20671656088899013,-0.4479505888685763,0.08332391529933914,20.184826374053955,10.529165983200073,0.23329544067382812,0.05776262283325195,1.9170394318277513,86.52044941707409,45.13232643033504,0.24759430645715128,12,0
123,"[44.76581367 29.14186609 20.87765238 69.5065     56.          1.8744
 34.7401     63.9826      1.        ]",[35.413  47.4464 30.7852 69.5065 56.      1.8744 34.7401 63.9826  1.    ],[31.413  48.4464 31.7852 69.5065 56.      1.8744 34.7401 63.9826  1.    ],[31.413  48.4464 31.7852 69.5065 56.      1.8744 34.7401 63.9826  1.    ],[0.86119937 0.8        0.82878945 0.87313568],[0.91318028 0.8        0.88446373 0.95874413],[[0.9546131  0.83       0.88446373 0.95874413]],[0.9546131  0.83       0.88446373 0.95874413],225.2397951984428,187.67489999999998,181.67489999999998,181.67489999999998,-37.56489519844283,-6.0,-43.56489519844283,0.0,-0.16677734574100045,-0.03197017821775848,-0.19341562249273442,0.0,20.458472728729248,6.74270486831665,0.051093339920043945,0.06455278396606445,3.034164052598791,400.4136891568401,131.96837158949327,1.2634285420973304,0,0
124,"[15.23791831 83.24561    99.05033484 68.4464     75.         87.665
 14.0282     24.4802      0.        ]","[15.22282424 83.85586869 98.97619091 68.4464     75.         87.665
 14.0282     24.4802      0.        ]",[15.3168 69.05   44.9405 68.4464 75.     87.665  14.0282 24.4802  0.    ],[15.3493 54.21   35.983  68.4464 75.     87.665  14.0282 24.4802  0.    ],[0.17246447 0.91       0.20689884 0.29440672],[0.17246447 0.91       0.20689884 0.29440672],[0.07322933 0.98       0.05075468 0.2722886 ],[0.05353658 0.98       0.04129894 0.2521723 ],64.49557346401281,63.944364646464635,132.87990000000002,156.7099,-0.5512088175481722,68.93553535353539,68.38432653598721,-23.829999999999984,-0.00854645967068942,1.0780548956059837,1.0602948832472083,-0.1520644196697208,2.5279572010040283,0.06322431564331055,1.2507236003875732,0.5348341464996338,39.983939332232204,2.021195730392124,0.050550190004984834,0.4276197765308816,90,32
125,"[14.71180023 99.1457714  98.13721455 44.0281     90.         20.3481
 28.0226      4.2049      1.        ]","[15.249      97.98292929 62.124      44.0281     90.         20.3481
 28.0226      4.2049      1.        ]",[14.3735 80.     62.124  44.0281 90.     20.3481 28.0226  4.2049  1.    ],"[ 12.5145 100.      97.124   44.0281  90.      20.3481  28.0226   4.2049
   1.    ]",[0.96760947 0.29       0.56525005 0.84623163],[0.96760947 0.27       0.42007287 0.84254105],[[0.96459901 0.22       0.33009461 0.5838795 ]],[0.96760947 0.3        0.42004151 0.84623163],73.40071427915683,111.11397070707068,128.22139999999996,71.36239999999998,37.71325642791385,17.107429292929282,54.82068572084313,56.85899999999998,0.5137995835365197,0.15396290119115202,0.7468685592397598,0.7967641222828828,2.35522198677063,0.10583376884460449,13.200858354568481,10.848109722137451,22.253974440131653,0.17841430636633923,0.008017188428355351,0.8217730567787811,1002,1002
126,"[21.36837807 98.28413029 99.10146131 77.2548     54.         89.6662
 70.4472     19.3925      1.        ]","[ 0.1119     92.93210505 98.97619091 77.2548     54.         89.6662
 70.4472     19.3925      1.        ]",[39.256  83.865  83.968  77.2548 54.     89.6662 70.4472 19.3925  1.    ],[43.354  83.761  94.947  77.2548 54.     89.6662 70.4472 19.3925  1.    ],[0.46079701 0.61       0.86243128 0.94424044],[0.47587678 0.56       0.87772641 0.94424044],[0.39386955 0.54       0.81625684 0.9408451 ],[0.39386955 0.57       0.81625684 0.94052784],46.72798646723004,30.94880404040407,94.16820000000001,87.39120000000008,-15.779182426825969,63.21939595959594,47.440213532769974,6.77699999999993,-0.33768162550491626,2.0427088515944654,1.0152419806498492,0.07754785378848127,2.4347360134124756,0.14719438552856445,1.0910348892211914,1.6067280769348145,16.540957079779325,2.2315840102514524,0.13491262926856132,1.4726642500697096,96,120
127,"[15.48364543 97.8032573  98.12189122 81.9852     98.         56.5518
 38.1836     85.8455      0.        ]","[15.22282424 83.85586869 97.96868182 81.9852     98.         56.5518
 38.1836     85.8455      0.        ]","[  3.8462 100.      92.896   81.9852  98.      56.5518  38.1836  85.8455
   0.    ]",[17.4007 89.1356 81.984  81.9852 98.     56.5518 38.1836 85.8455  0.    ],[0.54133041 0.98       0.48470683 0.4252478 ],[0.51841916 0.99       0.49199489 0.4252478 ],[0.55632649 0.92       0.40178062 0.4252478 ],[0.52719227 0.97       0.20602193 0.40999653],37.57329690756427,51.41307373737368,28.964999999999975,64.29590000000002,13.83977682980941,-22.448073737373704,-8.608296907564295,-35.33090000000004,0.36834076242649816,-0.43662189605784135,-0.22910677571739171,-0.5495047118089961,2.743887186050415,0.06191253662109375,0.867020845413208,0.2618703842163086,44.31876540357363,3.1647303528702624,0.0714083599588511,0.30203470378097474,84,13
128,"[ 0.44181856 97.77497161 98.9733066  44.3783     51.         52.0161
 77.2629     72.2619      0.        ]","[14.7289     62.125      98.97619091 44.3783     51.         52.0161
 77.2629     72.2619      0.        ]",[18.4839 91.     93.8071 44.3783 51.     52.0161 77.2629 72.2619  0.    ],[14.7289 62.125  82.8471 44.3783 51.     52.0161 77.2629 72.2619  0.    ],[0.7377724  0.83       0.4047571  0.34309273],[0.7258874  0.87       0.24103062 0.28138168],[0.70675229 0.88       0.19919821 0.34309273],[0.6994113  0.94       0.10101766 0.28138168],59.3152403531152,109.24940909090907,89.29849999999999,125.37849999999997,49.93416873779387,-19.95090909090908,29.98325964688479,-36.079999999999984,0.8418438236197985,-0.18261800459082983,0.5054899797824066,-0.2877686365684706,2.1712074279785156,0.13638091087341309,1.214268445968628,0.5469820499420166,15.920171042073482,1.7880786041891525,0.11231528853952996,0.4504622118428568,96,31
129,"[11.43239522 30.60407538 35.20011814 44.1655     87.         42.1697
 41.1737     23.3463      1.        ]","[34.249      65.915      51.78846364 44.1655     87.         42.1697
 41.1737     23.3463      1.        ]",[15.249  81.915  91.2472 44.1655 87.     42.1697 41.1737 23.3463  1.    ],[15.249  81.915  91.2472 44.1655 87.     42.1697 41.1737 23.3463  1.    ],[0.93315336 0.8        0.91503158 0.86493599],[0.96869893 0.8        0.91479056 0.92582299],[[0.96869893 0.93       0.93981522 0.93632237]],[0.96869893 0.93       0.93981522 0.93632237],201.4627017078028,172.38003636363635,97.92129999999997,97.92129999999997,-29.082665344166458,-74.45873636363638,-103.54140170780283,0.0,-0.1443575664261037,-0.43194524107516363,-0.51394824367032,0.0,20.33790874481201,10.00849986076355,0.05077791213989258,0.05640602111816406,2.0320636486735615,400.5266835072167,197.10341443717192,1.1108377391092037,0,0
130,"[14.90993298 83.36030592 98.26856653 85.7307     57.         91.3225
 27.3077     27.8562      0.        ]","[15.22282424 97.97445859 98.97619091 85.7307     57.         91.3225
 27.3077     27.8562      0.        ]",[36.9975 85.745  70.372  85.7307 57.     91.3225 27.3077 27.8562  0.    ],[51.285  79.915  59.124  85.7307 57.     91.3225 27.3077 27.8562  0.    ],[0.13154843 1.         0.22603625 0.26153521],[0.17925456 0.94       0.15281858 0.26153521],[0.12859165 0.95       0.03416064 0.24960552],[0.11951882 0.95       0.0267085  0.22106253],47.550360530306875,32.54147474747475,95.14979999999997,126.51530000000002,-15.008885782832124,62.60832525252522,47.599439469693095,-31.365500000000054,-0.3156418924156422,1.9239547604517735,1.0010321465250498,-0.24791863118531945,2.933645725250244,0.06598234176635742,15.89960265159607,0.3013875484466553,44.46107317073171,0.18451063146258892,0.0041499365243403636,0.018955665437110827,1002,16
131,"[15.33518021 98.10890585 98.14860974 83.8754     36.         71.0864
 27.8821     39.0164      0.        ]","[15.22282424 96.96598788 98.97619091 83.8754     36.         71.0864
 27.8821     39.0164      0.        ]","[ 18.5962 100.      85.952   83.8754  36.      71.0864  27.8821  39.0164
   0.    ]",[15.7387 53.3317 81.984  83.8754 36.     71.0864 27.8821 39.0164  0.    ],[0.4508184  0.98       0.58011383 0.23672809],[0.51913474 0.92       0.31508341 0.23672809],[0.45953914 0.9        0.13179179 0.22558429],[0.40925143 0.99       0.09859718 0.20585503],35.20226461476625,35.40524545454542,48.7688,96.54759999999999,0.20298083977917258,13.363554545454576,13.566535385233749,-47.77879999999999,0.0057661301623767825,0.3774456121935719,0.38538814288507484,-0.4948729952893702,2.369741439819336,0.0675501823425293,1.0072169303894043,0.4096338748931885,35.081199748699376,2.352761722247024,0.0670661704588439,0.4066987582653304,78,23
132,"[15.02767508 83.96581358 98.29879711 91.8524     61.         34.8586
 46.143      81.1082      0.        ]","[15.22282424 83.85586869 97.96868182 91.8524     61.         34.8586
 46.143      81.1082      0.        ]",[28.0931 99.25   98.848  91.8524 61.     34.8586 46.143  81.1082  0.    ],"[ 27.0216 100.      97.389   91.8524  61.      34.8586  46.143   81.1082
   0.    ]",[0.65435964 0.96       0.51226176 0.34321095],[0.65435964 0.96       0.51226176 0.34321095],[0.6622696  0.83       0.43545297 0.34321095],[0.6622696  0.85       0.43545297 0.34321095],40.91066438380727,41.54587373737371,38.142699999999934,37.780200000000036,0.635209353566438,-3.403173737373777,-2.767964383807339,0.3624999999998977,0.015526742553168077,-0.08191363982104341,-0.06765874926496962,0.00959497302819724,2.2494053840637207,0.06570172309875488,15.013603687286377,11.029425621032715,34.23662695547097,0.14982448124486814,0.004376146091720242,0.7346287973734453,1002,1002
133,"[40.44687756 42.756819   73.66345367 90.5653     21.         73.7505
 27.4579     36.3429      1.        ]","[43.6846     38.3693     91.97619091 90.5653     21.         73.7505
 27.4579     36.3429      1.        ]",[18.8271 60.3693 82.976  90.5653 21.     73.7505 27.4579 36.3429  1.    ],[17.0885 58.5523 84.1445 90.5653 21.     73.7505 27.4579 36.3429  1.    ],[0.91631414 0.8        0.88939517 0.89225026],[0.90608511 0.81       0.80659951 0.82137609],[0.93196161 0.81       0.92254002 0.92377415],[0.93196161 0.8        0.92469683 0.92377415],133.4613048936156,122.77380909090908,84.91649999999998,83.82640000000004,-10.687495802706508,-37.8573090909091,-48.544804893615606,1.0900999999999499,-0.08007935941601728,-0.3083500411954905,-0.3637369268366703,0.013004256415639338,20.627445459365845,10.922388076782227,0.1429903507232666,0.14600443840026855,1.8885472036297362,144.25760448190482,76.38549050012922,1.021078958557387,6,6
134,"[ 0.12581266 98.12721518 98.45942407 11.8144     26.         81.9385
 36.2029     43.0625      1.        ]","[ 0.1119     98.98292929 98.97619091 11.8144     26.         81.9385
 36.2029     43.0625      1.        ]",[ 1.241  99.15   91.904  11.8144 26.     81.9385 36.2029 43.0625  1.    ],"[ 15.249  100.      99.268   11.8144  26.      81.9385  36.2029  43.0625
   1.    ]",[0.93302371 0.27       0.65541696 0.22084163],[0.94824211 0.26       0.56770983 0.27939548],[0.93302371 0.26       0.32108636 0.27939548],[0.94518756 0.19       0.43312981 0.27939548],91.72477341828971,90.33837979797983,98.37260000000003,104.16660000000002,-1.3863936203098888,8.034220202020208,6.647826581710319,-5.793999999999983,-0.0151147129466056,0.08893473870116798,0.07247580270811285,-0.05562243559835861,2.8981082439422607,0.1406707763671875,0.8097162246704102,0.8863286972045898,20.60206333387569,3.5791653367473493,0.17372848916846967,1.0946164473428506,72,84
135,"[ 0.43150623 83.33366161 98.13740535 94.2973     94.         20.8388
 69.6619     57.1921      0.        ]","[15.22282424 83.85586869 98.97619091 94.2973     94.         20.8388
 69.6619     57.1921      0.        ]",[15.249  99.25   98.848  94.2973 94.     20.8388 69.6619 57.1921  0.    ],[15.249  86.743  94.947  94.2973 94.     20.8388 69.6619 57.1921  0.    ],[0.80317681 0.99       0.64404601 0.46814814],[0.83474594 0.97       0.59048646 0.36803904],[0.79342614 0.94       0.5606868  0.36803904],[0.79342614 0.96       0.46128423 0.36803904],24.663139271319608,38.09346464646461,22.853700000000003,39.26169999999996,13.430325375145003,-15.239764646464607,-1.8094392713196044,-16.40799999999996,0.544550522437463,-0.4000624460888722,-0.07336613767671393,-0.4179136410292976,2.2821805477142334,0.06403088569641113,0.7683610916137695,1.0063529014587402,35.64187068307486,2.9701927552331244,0.08333436764988798,1.309739538405208,84,84
136,"[18.05173376 83.85081254 99.0441931  50.4569     93.         79.7772
 87.2056      8.9369      0.        ]","[16.249      83.85586869 92.2657     50.4569     93.         79.7772
 87.2056      8.9369      0.        ]",[17.     92.1022 99.4517 50.4569 93.     79.7772 87.2056  8.9369  0.    ],[16.249  36.8552 92.2657 50.4569 93.     79.7772 87.2056  8.9369  0.    ],[0.63625085 0.83       0.07770128 0.03948553],[0.56218167 0.89       0.05712956 0.03948553],[0.63625085 0.81       0.05376687 0.0431591 ],[0.51000436 0.82       0.03275055 0.03218665],84.69982812436177,89.67053131313128,74.98919999999998,136.6712,4.970703188769505,-14.681331313131295,-9.71062812436179,-61.682000000000016,0.05868610714854341,-0.1637252628944931,-0.11464755406709937,-0.4513167368106815,2.4419336318969727,0.08971810340881348,0.7882339954376221,0.19031977653503418,27.21784722499037,3.0979806073210887,0.1138216620040634,0.24145086057772724,90,7
137,"[15.03308619 98.1103254  98.22261053 74.328      40.         75.0532
 70.5761     81.1508      0.        ]","[15.22282424 83.85586869 97.96868182 74.328      40.         75.0532
 70.5761     81.1508      0.        ]",[14.2615 98.063  63.0482 74.328  40.     75.0532 70.5761 81.1508  0.    ],[15.2615 47.063  54.1162 74.328  40.     75.0532 70.5761 81.1508  0.    ],[0.47500074 0.94       0.49286963 0.37956575],[0.47500074 0.97       0.34131964 0.37956575],[0.44694263 0.96       0.23339489 0.36491264],[0.33317227 0.96       0.12464456 0.31443455],44.37215026031663,59.07027373737367,78.82229999999998,139.7543,14.698123477057038,19.752026262626316,34.450149739683354,-60.932000000000016,0.3312465902785428,0.33438183053702764,0.7763912620320583,-0.4359937404430491,2.371817111968994,0.06483697891235352,1.194056510925293,0.19933271408081055,36.58124039331338,1.9863524801946235,0.05429975743954558,0.1669374206806548,108,9
138,"[ 4.90190519 97.79219699 30.52686084 32.1951     59.         46.3356
  5.7577     52.1943      1.        ]","[ 5.14887475 94.94904646 98.97619091 32.1951     59.         46.3356
  5.7577     52.1943      1.        ]",[21.6736 98.7074 82.976  32.1951 59.     46.3356  5.7577 52.1943  1.    ],[24.4671 95.5164 80.984  32.1951 59.     46.3356  5.7577 52.1943  1.    ],[0.66258342 0.85       0.87862366 0.92127487],[0.50632914 0.9        0.96101831 0.95114375],[[0.56609189 0.82       0.95022531 0.97161658]],[0.42331254 0.88       0.94170169 0.94814569],144.38774737086595,79.02853737373732,107.79509999999993,115.77160000000003,-65.35920999712863,28.766562626262612,-36.59264737086602,-7.976500000000101,-0.4526645175040426,0.36400221467115607,-0.2534331897074083,-0.0688985899823454,2.2856285572052,0.30561161041259766,0.4465820789337158,0.12034487724304199,7.47886689945921,5.118048092441358,0.6843346941782638,0.26947986253811196,42,5
139,"[ 0.33321055 99.65342467 99.42378578 37.4586     75.         74.1436
 17.4657     63.7299      0.        ]","[ 0.1119     99.9914     98.97619091 37.4586     75.         74.1436
 17.4657     63.7299      0.        ]","[  1.7324 100.      70.984   37.4586  75.      74.1436  17.4657  63.7299
   0.    ]",[ 4.5899 71.3365 42.123  37.4586 75.     74.1436 17.4657 63.7299  0.    ],[0.48671628 0.82       0.41880144 0.42952952],[0.48671628 0.57       0.41880144 0.42952952],[0.40410568 0.96       0.08409825 0.41423536],[0.31563697 1.         0.04479745 0.25613874],63.79740010207553,63.685709090909086,93.28979999999996,153.67180000000002,-0.11169101116644242,29.60409090909087,29.49239989792443,-60.38200000000006,-0.001750714151168188,0.46484668745435626,0.4622821596293381,-0.3929283056487921,2.22412371635437,0.06335663795471191,9.313383340835571,0.20348787307739258,35.104825447717104,0.23880942456244134,0.0068027520865502926,0.021848974280396817,1002,9
140,"[ 0.25802464 98.96948551 98.47727566  5.574      30.         72.3247
 20.8959     63.6201      1.        ]","[ 0.1119     98.9914     98.97619091  5.574      30.         72.3247
 20.8959     63.6201      1.        ]","[ 24.239  100.      99.6573   5.574   30.      72.3247  20.8959  63.6201
   1.    ]",[40.008  99.5543 97.8593  5.574  30.     72.3247 20.8959 63.6201  1.    ],[0.94676373 0.23       0.71079724 0.38768362],[0.95899731 0.23       0.6886574  0.38768362],[0.93709781 0.12       0.51638836 0.38768362],[0.94362712 0.12       0.39676718 0.34999999],97.23726346740892,96.57030909090906,119.00769999999994,137.0204,-0.6669543764998593,22.43739090909088,21.77043653259102,-18.012700000000052,-0.006859040996391294,0.23234254006548571,0.22388985206157958,-0.13145998698004133,2.227393865585327,0.0932760238647461,0.7008841037750244,0.743262767791748,23.879597063604855,3.1779774339129463,0.13308337764025907,1.0604645815028024,72,66
141,"[ 0.39079827 83.69309195 98.27081225 70.8909     74.         70.8834
 73.5082     61.5287      0.        ]","[15.22282424 97.97445859 98.97619091 70.8909     74.         70.8834
 73.5082     61.5287      0.        ]","[ 42.448  100.      98.848   70.8909  74.      70.8834  73.5082  61.5287
   0.    ]",[42.128  78.5687 81.984  70.8909 74.     70.8834 73.5082 61.5287  0.    ],[0.5234711  1.         0.33466613 0.35160627],[0.57623286 0.94       0.2683818  0.35160627],[0.51713161 0.93       0.19463705 0.35160627],[0.51713161 1.         0.06088247 0.33744548],47.53599407298037,47.38127474747478,72.70909999999992,110.68440000000004,-0.15471932550559586,25.327825252525145,25.17310592701955,-37.97530000000012,-0.0032547825815541086,0.5345534789326244,0.5295588409989312,-0.34309532327952363,2.246845006942749,0.059848785400390625,2.7140889167785645,0.4181351661682129,37.54203183759322,0.8278450249189324,0.02205115132021061,0.15406096815151893,228,24
142,"[18.66230106 98.04410172 98.9524498  31.3973     27.         13.8038
 91.963      70.3126      1.        ]","[17.22282424 96.96598788 95.96868182 31.3973     27.         13.8038
 91.963      70.3126      1.        ]",[32.246  81.915  60.14   31.3973 27.     13.8038 91.963  70.3126  1.    ],[33.164  80.915  59.14   31.3973 27.     13.8038 91.963  70.3126  1.    ],[0.97605776 0.85       0.80438473 0.80439512],[0.97284115 0.88       0.62539117 0.80439512],[0.97284115 0.78       0.48369566 0.794339  ],[0.97284115 0.77       0.48369566 0.794339  ],90.2684495496195,92.89085454545454,158.79370000000003,161.71169999999998,2.6224049958350406,65.90284545454548,68.52525045038053,-2.9179999999999495,0.029051180217663265,0.7094653803867964,0.7591273672282696,-0.018044458131353205,6.567854881286621,0.22094988822937012,15.831510543823242,0.17351269721984863,29.725540636927004,0.4148596473536828,0.013956336485881004,0.01095995841581558,1002,8
143,"[ 0.56716625 98.09119832 98.95488661 26.2001     26.         26.4293
 44.1612     60.1169      0.        ]","[15.22282424 99.9914     98.97619091 26.2001     26.         26.4293
 44.1612     60.1169      0.        ]","[ 27.3845 100.      98.9712  26.2001  26.      26.4293  44.1612  60.1169
   0.    ]",[41.765  74.915  58.9792 26.2001 26.     26.4293 44.1612 60.1169  0.    ],[0.77111501 0.84       0.45249721 0.26318355],[0.76025011 0.79       0.35002903 0.23585281],[0.76660112 0.72       0.3088335  0.23585281],[0.701401   0.93       0.04541564 0.18164257],77.32098131484202,90.05513333333329,102.21319999999997,181.67069999999998,12.734152018491272,12.158066666666684,24.892218685157957,-79.45750000000001,0.16469206419715873,0.135006925387189,0.3219335588072757,-0.43737102350571677,2.359030246734619,0.060441017150878906,1.458552598953247,0.6675028800964355,39.03028701263865,1.6173775621308506,0.041439038396184916,0.4576474517103321,126,42
144,"[ 2.17433538 98.52422958 98.36492046 29.0851     63.         42.0939
 85.8239     40.1599      0.        ]","[ 5.14887475 68.3199     59.4354     29.0851     63.         42.0939
 85.8239     40.1599      0.        ]",[41.199  74.9499 73.8554 29.0851 63.     42.0939 85.8239 40.1599  0.    ],[44.0565 68.3199 59.4354 29.0851 63.     42.0939 85.8239 40.1599  0.    ],[0.79355838 0.85       0.15480951 0.08776135],[0.78333548 0.98       0.02582658 0.06470725],[0.77899353 0.99       0.02111217 0.06470725],[0.77899353 0.99       0.02111217 0.06068894],76.20008534068324,148.30847474747475,163.3086,187.21609999999998,72.1083894067915,15.000125252525265,87.10851465931677,-23.90749999999997,0.946303263105308,0.10114138978278901,1.1431550800745562,-0.1277000215259263,2.3300251960754395,0.43846607208251953,15.759099960327148,0.4598090648651123,5.314037606168369,0.14785268206567487,0.027823040223511425,0.029177368379073785,1002,25
145,"[37.35497488 97.7794791  97.6086251  95.6125     54.         82.3282
 79.7577     86.5171      0.        ]","[39.40030303 97.97445859 97.96868182 95.6125     54.         82.3282
 79.7577     86.5171      0.        ]",[39.59   76.5625 98.848  95.6125 54.     82.3282 79.7577 86.5171  0.    ],[33.164  62.125  81.984  95.6125 54.     82.3282 79.7577 86.5171  0.    ],[0.13791736 0.93       0.42940033 0.21752266],[0.13791736 0.92       0.42940033 0.21752266],[0.13791736 0.94       0.39015273 0.21752266],[0.13791736 0.96       0.09316711 0.18925032],46.354370677072666,47.84466262626262,68.56699999999995,93.4425,1.4902919491899524,20.722337373737332,22.212629322927285,-24.875500000000045,0.03214997695842014,0.4331170131893154,0.4791916921420718,-0.2662118415068095,2.7523982524871826,0.3052978515625,10.705860137939453,0.11025190353393555,9.015452412784885,0.25709267793749957,0.02851689146214275,0.010298276094904751,1002,3
146,"[17.99798993 99.07975822 97.60035607 76.514      92.         81.0103
 92.0593     85.6488      1.        ]","[ 0.1119     99.9914     94.95366364 76.514      92.         81.0103
 92.0593     85.6488      1.        ]","[ 24.344  100.      97.178   76.514   92.      81.0103  92.0593  85.6488
   1.    ]",[16.177  69.4279 93.908  76.514  92.     81.0103 92.0593 85.6488  1.    ],[0.94105671 0.73       0.60871185 0.85996807],[0.9443279  0.63       0.62279602 0.89723384],[0.94105671 0.67       0.6014059  0.85996807],[0.94105671 0.76       0.47275895 0.85996807],44.80387564986398,28.65283636363631,50.65199999999999,76.32709999999997,-16.15103928622767,21.999163636363676,5.848124350136004,-25.675099999999986,-0.36048308437523985,0.7677831038145704,0.13052719804505925,-0.3363824906225966,2.628932476043701,0.24997925758361816,1.2117524147033691,0.9710791110992432,10.516602463163657,2.169529389126285,0.20629565458288096,0.8013840940741664,120,114
147,"[ 0.40939189 98.45811737 98.37084913 42.508      51.         57.815
 26.3297     66.4486      0.        ]","[15.22282424 99.9914     98.97619091 42.508      51.         57.815
 26.3297     66.4486      0.        ]","[ 15.249  100.      92.896   42.508   51.      57.815   26.3297  66.4486
   0.    ]","[ 15.249  100.      94.947   42.508   51.      57.815   26.3297  66.4486
   0.    ]",[0.65499284 0.87       0.48968362 0.50173954],[0.67036853 0.78       0.28258897 0.50173954],[0.64118072 0.83       0.22075615 0.50173954],[0.64118072 0.84       0.22075615 0.50173954],61.07242539262069,73.74723333333333,79.84499999999997,77.79400000000004,12.67480794071264,6.097766666666644,18.772574607379283,2.050999999999931,0.20753732734911365,0.08268468376440759,0.30738216939469304,0.026364501118337273,2.2248735427856445,0.06303024291992188,1.1877355575561523,1.0259501934051514,35.29850814016825,1.8732061430942382,0.05306757259133585,0.863786713194067,108,84
148,"[ 0.44367842 83.27374239 99.04956826 84.6714     85.          2.6944
 75.3315     86.8603      0.        ]","[15.22282424 83.85586869 97.96868182 84.6714     85.          2.6944
 75.3315     86.8603      0.        ]",[15.249  99.25   98.848  84.6714 85.      2.6944 75.3315 86.8603  0.    ],[15.249  62.125  81.984  84.6714 85.      2.6944 75.3315 86.8603  0.    ],[0.7643129  0.96       0.49355695 0.50731578],[0.75322844 0.96       0.52398467 0.40521234],[0.75322844 0.84       0.49349673 0.40521234],[0.75322844 0.96       0.23293079 0.38497622],33.448967758206834,48.726873737373694,32.479600000000005,86.46859999999998,15.27790597916686,-16.24727373737369,-0.969367758206829,-53.988999999999976,0.4567526893387724,-0.33343558679636714,-0.02898049844808711,-0.6243769414562048,2.261786699295044,0.06790971755981445,0.8105204105377197,0.12004709243774414,33.30578863478377,2.7905363885833765,0.08378532690467527,0.14811112820478126,84,3
149,"[ 0.48120593 98.09189114 98.19591782 95.8326     15.         11.7325
 23.2178     18.3956      0.        ]","[15.22282424 99.9914     98.97619091 95.8326     15.         11.7325
 23.2178     18.3956      0.        ]","[ 24.1494 100.      62.28    95.8326  15.      11.7325  23.2178  18.3956
   0.    ]",[15.1414 80.915  59.14   95.8326 15.     11.7325 23.2178 18.3956  0.    ],[0.8269477  0.95       0.64859265 0.3229702 ],[0.8730961  0.91       0.45903086 0.27533072],[0.80642611 0.96       0.13136509 0.26299587],[0.78580078 0.99       0.11998333 0.22919292],8.360796974570405,20.422633333333295,66.03680000000003,79.25380000000001,12.06183635876289,45.61416666666673,57.67600302542962,-13.216999999999985,1.4426658601386084,2.23351053324825,6.898385787964087,-0.16676802878852476,2.3044114112854004,0.06029367446899414,1.265000581741333,0.24016118049621582,38.21978725928269,1.8216682620914446,0.047662961850971686,0.18985064826264555,114,11
150,"[48.64065137 41.04960049 92.14297596 69.2298     23.         81.3822
 39.6674     38.8036      1.        ]","[21.14887475 79.93210505 92.97619091 69.2298     23.         81.3822
 39.6674     38.8036      1.        ]",[17.6889 95.6139 90.3645 69.2298 23.     81.3822 39.6674 38.8036  1.    ],[11.4854 71.9799 82.215  69.2298 23.     81.3822 39.6674 38.8036  1.    ],[0.93546344 0.8        0.80229499 0.89166437],[0.94320424 0.8        0.8856935  0.94340691],[0.94320424 0.83       0.90069335 0.94340691],[0.94320424 0.62       0.89209952 0.93996405],146.2182749218979,79.01077878787879,62.48070000000001,88.0607,-67.2074961340191,-16.53007878787878,-83.73757492189787,-25.579999999999984,-0.45963814146978416,-0.2092129585541396,-0.5726888445827041,-0.2904814519984509,20.987239837646484,2.860830307006836,0.8167307376861572,15.830742120742798,7.33606596177476,25.696645013146536,3.5027827103847278,19.383061503956807,54,1002
151,"[14.87894084 97.74658176 99.08167874 62.3899     65.         58.0011
  3.114      80.3313      0.        ]","[15.22282424 99.9914     98.97619091 62.3899     65.         58.0011
  3.114      80.3313      0.        ]",[15.249  99.25   98.848  62.3899 65.     58.0011  3.114  80.3313  0.    ],[15.249  62.125  81.984  62.3899 65.     58.0011  3.114  80.3313  0.    ],[0.15217567 0.89       0.55722099 0.44305062],[0.15217567 0.83       0.55722099 0.44305062],[0.11097693 0.85       0.55722099 0.44305062],[0.06209094 0.94       0.42059958 0.38746734],55.66078033834344,53.8653333333333,54.7611,108.75009999999997,-1.7954470050101463,0.8957666666667023,-0.899680338343444,-53.988999999999976,-0.03225694994026707,0.016629743310478656,-0.01616363142727402,-0.49645011820678775,2.2423408031463623,0.06118631362915039,0.7599620819091797,0.11475944519042969,36.647751272239844,2.950595636973288,0.08051232434575932,0.1510068040528161,84,3
152,"[ 5.23749337 98.05644032 98.2519216  41.638      19.         85.7054
 89.0553     66.0328      1.        ]","[ 0.1119     98.9914     98.97619091 41.638      19.         85.7054
 89.0553     66.0328      1.        ]",[ 0.     97.9633 90.912  41.638  19.     85.7054 89.0553 66.0328  1.    ],[ 0.     94.5428 91.227  41.638  19.     85.7054 89.0553 66.0328  1.    ],[0.92521399 0.68       0.84076988 0.87642399],[0.93368692 0.65       0.80666284 0.94803651],[0.92521399 0.65       0.76958714 0.90976994],[0.92521399 0.65       0.7527109  0.90976994],67.29113145465175,60.5063090909091,69.48669999999998,72.59219999999999,-6.784822363742649,8.980390909090886,2.1955685453482374,-3.1055000000000064,-0.10082788351262925,0.1484207356888699,0.03262790352734455,-0.04278007830042355,2.291132926940918,0.09649872779846191,1.1899902820587158,1.093318223953247,23.742623133083793,1.9253375103006682,0.08109203012273047,0.9187623129676122,96,84
153,"[17.24537235 41.03925075 30.34116588 53.9926     82.         29.5723
 58.1764     39.4188      1.        ]","[34.249      91.93210505 30.984      53.9926     82.         29.5723
 58.1764     39.4188      1.        ]",[14.3735 60.0625 82.976  53.9926 82.     29.5723 58.1764 39.4188  1.    ],[15.249  81.985  81.984  53.9926 82.     29.5723 58.1764 39.4188  1.    ],[0.92563294 0.8        0.84028564 0.93935604],[0.94501408 0.8        0.84086073 0.95524196],[[0.96913213 0.81       0.94873899 0.95427186]],[0.96968277 0.82       0.95434836 0.95951165],191.87235572286815,157.34029494949496,117.3424,97.28740000000005,-34.53206077337319,-39.99789494949496,-74.52995572286815,20.05499999999995,-0.17997413250739336,-0.25421266028727085,-0.388435089787066,0.20614180253557954,20.900477170944214,11.26497483253479,0.14098525047302246,0.05980873107910156,1.855350542868571,148.24584203539447,79.901796781858,0.42421977390142646,6,0
154,"[ 0.37939193 97.9183034  98.36535892 73.5318     51.         75.8778
 29.1112     66.4771      0.        ]","[15.22282424 97.97445859 97.96868182 73.5318     51.         75.8778
 29.1112     66.4771      0.        ]","[  1.9685 100.      89.92    73.5318  51.      75.8778  29.1112  66.4771
   0.    ]",[15.541  66.915  81.984  73.5318 51.     75.8778 29.1112 66.4771  0.    ],[0.46309706 0.96       0.38281225 0.36626324],[0.44807605 0.95       0.29344954 0.36626324],[0.46309706 0.88       0.11512728 0.36626324],[0.42545065 0.98       0.10551752 0.35183246],30.563929609375123,45.747883838383814,38.516700000000014,93.11019999999996,15.183954229008691,-7.231183838383799,7.952770390624892,-54.59349999999995,0.4967932599985832,-0.15806597445971096,0.26020117479217963,-0.5863321096936744,2.2673985958099365,0.0683584213256836,1.318627119064331,0.4942483901977539,33.16926505671117,1.719514609572745,0.051840600225323163,0.37482043486900357,108,28
155,"[ 0.63101175 98.91989851 98.27109525 11.117      92.         17.8298
 68.6553     46.6313      1.        ]","[15.22282424 98.9914     98.97619091 11.117      92.         17.8298
 68.6553     46.6313      1.        ]","[ 22.148  100.     100.      11.117   92.      17.8298  68.6553  46.6313
   1.    ]",[39.653  74.412  97.9055 11.117  92.     17.8298 68.6553 46.6313  1.    ],[0.97242006 0.24       0.62105137 0.48555689],[0.97760074 0.16       0.62489789 0.38441581],[[0.6830514  0.1        0.58023133 0.34465748]],[0.97074839 0.1        0.23730129 0.32347667],92.32301799279986,106.13823333333329,111.031,156.21849999999998,13.815215340533427,4.8927666666667164,18.707982007200144,-45.18749999999997,0.1496399883895786,0.04609806017121746,0.20263616174959914,-0.28925831447619826,2.4558825492858887,0.09222149848937988,0.6896166801452637,9.390732526779175,26.630260725688654,3.5612284621198134,0.13372863671156268,13.617322198182725,72,1002
156,"[29.0706212  40.1834686  24.92963049 66.8875     50.         23.8222
 74.6248     63.1123      1.        ]","[17.19324444 35.60174747 70.93113636 66.8875     50.         23.8222
 74.6248     63.1123      1.        ]",[15.249  42.382  81.984  66.8875 50.     23.8222 74.6248 63.1123  1.    ],[15.249  42.382  81.984  66.8875 50.     23.8222 74.6248 63.1123  1.    ],[0.87182583 0.8        0.80397037 0.91477308],[0.93858557 0.8        0.88204388 0.93438737],[[0.9623675  0.81       0.92678928 0.94977788]],[0.9623675  0.81       0.92678928 0.94977788],197.070022107225,143.7728606060606,123.99549999999999,123.99549999999999,-53.297161501164396,-19.777360606060597,-73.074522107225,0.0,-0.270447838444782,-0.13755976282791513,-0.3708048607589106,0.0,19.835800170898438,5.883933067321777,0.05120563507080078,0.06438231468200684,3.3711804576878386,387.37533756728067,114.90792095803923,1.2573287020654462,0,0
157,"[14.66463532 98.1243105  99.43133156 88.0845     47.         54.2638
 13.0467     79.7414      0.        ]","[15.22282424 66.71186667 97.96868182 88.0845     47.         54.2638
 13.0467     79.7414      0.        ]",[15.3868 99.25   98.848  88.0845 47.     54.2638 13.0467 79.7414  0.    ],[15.5113 62.125  81.984  88.0845 47.     54.2638 13.0467 79.7414  0.    ],[0.34750635 0.86       0.50928283 0.33368308],[0.25252868 0.94       0.3212967  0.33368308],[0.27028415 0.85       0.37449613 0.33368308],[0.24152993 0.92       0.14347169 0.29431483],29.024493253119033,62.457775757575746,29.20429999999999,83.31780000000003,33.43328250445671,-33.25347575757576,0.17980674688095633,-54.113500000000045,1.1518989225027694,-0.532415305448054,0.0061950003851190035,-0.6494830636430633,2.087663173675537,0.26993656158447266,0.8410627841949463,0.14193201065063477,7.733902963797788,2.4821728091010704,0.32094698119695336,0.16875316958232806,90,6
158,"[ 5.20046662 98.70452242 98.47251141 16.9917     19.         72.1193
 75.5733     21.9684      1.        ]","[ 0.1119     98.9914     98.97619091 16.9917     19.         72.1193
 75.5733     21.9684      1.        ]",[ 0.     74.475  78.0745 16.9917 19.     72.1193 75.5733 21.9684  1.    ],[51.285  74.79   66.6545 16.9917 19.     72.1193 75.5733 21.9684  1.    ],[0.95294163 0.48       0.79705406 0.79551508],[0.96380981 0.43       0.87280223 0.79551508],[0.95294163 0.31       0.63265921 0.72759933],[0.95014985 0.29       0.34705986 0.6484646 ],91.0317327964886,85.1526090909091,130.4588,192.84879999999998,-5.879123705579502,45.3061909090909,39.4270672035114,-62.389999999999986,-0.06458323405446897,0.5320587518430812,0.4331134428876019,-0.3235176988397127,2.378962516784668,0.09346318244934082,0.9821450710296631,0.4272334575653076,25.453472206278875,2.4222109207253943,0.09516229853025247,0.4350003580605499,90,23
159,"[36.23713308 99.66571284 99.12526789 93.3666     77.         37.6167
 96.0002     76.6017      0.        ]","[10.5214     66.533      97.96868182 93.3666     77.         37.6167
 96.0002     76.6017      0.        ]","[ 17.0939 100.      98.4623  93.3666  77.      37.6167  96.0002  76.6017
   0.    ]",[10.5214 66.533  88.5263 93.3666 77.     37.6167 96.0002 76.6017  0.    ],[0.69723049 0.88       0.09824281 0.02383842],[0.68975577 0.97       0.05095035 0.02383842],[0.69723049 0.84       0.07824066 0.02383842],[0.68975577 0.98       0.02047474 0.02383842],44.079552351867676,52.65311818181817,25.264999999999986,62.095500000000015,8.573565829950496,-27.388118181818186,-18.81455235186769,-36.83050000000003,0.19450210749672528,-0.5201613717775155,-0.4268317473299047,-0.5931267161066425,2.154313802719116,0.34099555015563965,1.0938136577606201,0.5269825458526611,6.317718227513024,1.9695437037508499,0.3117492159073645,0.481784572823455,102,30
160,"[14.11848555 34.93374009 97.80358936 61.6242     59.         52.4051
 22.1377     83.1408      1.        ]","[18.17845455 85.96598788 93.94615455 61.6242     59.         52.4051
 22.1377     83.1408      1.        ]",[16.1245 93.7574 83.3791 61.6242 59.     52.4051 22.1377 83.1408  1.    ],[ 6.0565 93.7904 82.5636 61.6242 59.     52.4051 22.1377 83.1408  1.    ],[0.92490091 0.8        0.91391304 0.91486895],[0.95381763 0.8        0.95411115 0.95849929],[[0.95381763 0.78       0.95706039 0.95593169]],[0.95381763 0.8        0.95844834 0.95593169],119.75695610344371,76.64211212121211,77.36379999999997,68.07830000000001,-43.114843982231605,0.7216878787878613,-42.393156103443744,9.285499999999956,-0.3600195377794159,0.009416335990929992,-0.3539932667195162,0.13639441642931674,20.84332036972046,4.226765155792236,14.457838296890259,0.49443626403808594,4.9312700378343415,1.4416622970671664,0.2923511156367942,0.03419849177206764,1002,30
161,"[40.15010097 33.40189818 35.19851475 52.4777     58.         22.4996
 42.4184     32.982       1.        ]","[47.22282424 66.0144     33.5112     52.4777     58.         22.4996
 42.4184     32.982       1.        ]",[16.157  74.0144 50.5112 52.4777 58.     22.4996 42.4184 32.982   1.    ],[16.157  74.0144 50.5112 52.4777 58.     22.4996 42.4184 32.982   1.    ],[0.92590435 0.8        0.91639142 0.91354477],[0.96968277 0.8        0.8406327  0.94752295],[[0.96968277 0.85       0.93879509 0.95082171]],[0.96968277 0.85       0.93879509 0.95082171],219.07198804205228,195.21952424242423,139.15370000000001,139.15370000000001,-23.852463799628055,-56.06582424242421,-79.91828804205227,0.0,-0.10887956973782253,-0.2871937346430652,-0.3648037741215524,0.0,20.51932168006897,11.712443351745605,0.044725894927978516,0.06073784828186035,1.7519249454479369,458.7794545667772,261.8716376856403,1.3580018550699915,0,0
162,"[ 0.43221133 83.88324233 98.20828437 87.5049     81.         12.253
 56.5157     39.3719      0.        ]","[15.22282424 88.89822222 98.97619091 87.5049     81.         12.253
 56.5157     39.3719      0.        ]",[15.249  99.25   98.848  87.5049 81.     12.253  56.5157 39.3719  0.    ],[15.249  62.125  81.984  87.5049 81.     12.253  56.5157 39.3719  0.    ],[0.81881836 1.         0.52571321 0.42237008],[0.84835238 0.98       0.43878977 0.36803904],[0.80965894 0.98       0.43878977 0.36803904],[0.80965894 1.         0.17851625 0.34857139],30.835784625189945,39.84351111111107,29.64609999999999,83.63509999999997,9.007726485921125,-10.19741111111108,-1.1896846251899547,-53.988999999999976,0.29211925674700223,-0.2559365584692999,-0.03858129895673528,-0.6455304052963409,2.319601535797119,0.8412871360778809,0.7633278369903564,0.1103513240814209,2.757205520354451,3.038801185271623,1.1021308215286656,0.1445660943226089,84,3
163,"[16.58570705 25.6464297  35.23705278 45.308      48.          0.2202
 44.995      26.0603      1.        ]","[49.40769798 65.92363434 37.67582727 45.308      48.          0.2202
 44.995      26.0603      1.        ]",[45.296  93.0951 88.928  45.308  48.      0.2202 44.995  26.0603  1.    ],[16.177  93.0951 81.984  45.308  48.      0.2202 44.995  26.0603  1.    ],[0.93561134 0.81       0.90401069 0.94878331],[0.97083951 0.8        0.8217779  0.94430365],[[0.97083951 0.8        0.89955364 0.95829628]],[0.97083951 0.88       0.93814211 0.95852293],210.3942245637034,200.50023636363636,117.9649,95.78989999999999,-9.893988200067042,-82.53533636363636,-92.4293245637034,22.17500000000001,-0.04702594959811423,-0.41164707763210073,-0.43931493250527676,0.2314962224618672,20.523629665374756,12.228750228881836,0.6878693103790283,0.06230926513671875,1.678309662168264,29.836524694008908,17.777723245340855,0.09058299911997125,42,0
164,"[68.18052635 98.15261206 99.0176147  89.2898      0.         65.2232
  0.8852     53.355       1.        ]","[15.22282424 98.9914     98.97619091 89.2898      0.         65.2232
  0.8852     53.355       1.        ]","[  3.8675 100.      81.2915  89.2898   0.      65.2232   0.8852  53.355
   1.    ]",[10.6915 74.196  99.21   89.2898  0.     65.2232  0.8852 53.355   1.    ],[0.0087226  0.6        0.82641183 0.79046403],[0.01463833 0.44       0.91955514 0.89143467],[[0.01201857 0.38       0.89147323 0.88521475]],[0.00949662 0.47       0.9035297  0.89143467],81.72049959447429,27.965433333333294,33.28620000000001,47.9957,-53.755066261140996,5.320766666666714,-48.43429959447428,-14.709499999999991,-0.6577916988747309,0.19026226424765053,-0.5926823726582953,-0.30647537175205264,2.641519546508789,0.10054278373718262,1.2096142768859863,1.5032942295074463,26.27259210779048,2.1837701463883836,0.08311970655308279,1.2427881004988677,120,138
165,"[14.84462179 98.09904249 98.95463346 29.6546     13.         85.2779
 33.1599     51.3262      0.        ]",[15.249  99.9914 59.124  29.6546 13.     85.2779 33.1599 51.3262  0.    ],[17.     99.2844 95.116  29.6546 13.     85.2779 33.1599 51.3262  0.    ],[15.249  83.9644 59.124  29.6546 13.     85.2779 33.1599 51.3262  0.    ],[0.11476265 0.82       0.23110098 0.10479149],[0.09563665 0.92       0.04112864 0.17735116],[0.09264454 0.88       0.07718044 0.18668665],[0.08797098 0.94       0.03245483 0.09905251],88.13634584200878,126.47899999999998,92.945,142.50600000000003,38.342654157991205,-33.53399999999999,4.808654157991214,-49.561000000000035,0.43503793800032714,-0.26513492358415225,0.05455926396825095,-0.34778184778184795,2.595113515853882,0.2056255340576172,0.6903238296508789,0.19811439514160156,12.620580064374298,3.759269786712016,0.2978682253539028,0.2869876232460279,84,9
166,"[18.09661667 72.97990044 64.34674148 77.548       5.         63.6665
 68.1336      8.4489      0.        ]","[15.22282424 72.76269091 98.97619091 77.548       5.         63.6665
 68.1336      8.4489      0.        ]",[40.9473 93.405  90.912  77.548   5.     63.6665 68.1336  8.4489  0.    ],[42.0113 71.915  81.984  77.548   5.     63.6665 68.1336  8.4489  0.    ],[0.27901437 0.88       0.02077074 0.06793146],[0.24655078 0.82       0.07947191 0.05687366],[0.19482245 0.88       0.0211223  0.06748694],[0.21724868 0.86       0.01973187 0.0536018 ],103.22197475442783,65.9359424242424,79.08230000000003,110.5643,-37.286032330185435,13.146357575757634,-24.1396747544278,-31.48199999999997,-0.36122184659702034,0.19938074883607285,-0.23386178003141042,-0.28473928745535376,2.118759870529175,0.06037020683288574,15.794047832489014,0.3169839382171631,35.096117467250636,0.1341492626209981,0.0038223391161765203,0.020069835268265678,1002,16
167,"[23.8483647  51.19668779 91.64797592 75.6462     15.         14.8342
 24.5711     17.5173      1.        ]","[17.19324444 41.73727879 94.97619091 75.6462     15.         14.8342
 24.5711     17.5173      1.        ]",[ 6.494  95.32   66.56   75.6462 15.     14.8342 24.5711 17.5173  1.    ],[ 6.0565 94.647  75.95   75.6462 15.     14.8342 24.5711 17.5173  1.    ],[0.95765377 0.8        0.92804173 0.93407271],[0.94767422 0.8        0.90415322 0.90637624],[[0.9648185  0.77       0.93984338 0.94792691]],[0.9648185  0.8        0.93984338 0.94792691],105.35750099027507,104.8335747474747,68.96780000000001,59.81329999999991,-0.5239262428003713,-35.86577474747469,-36.38970099027506,9.154500000000098,-0.0049728423498648835,-0.34212106983730084,-0.3453925980422977,0.1530512444556664,20.78736639022827,7.555591821670532,0.980910062789917,0.8808255195617676,2.7512558752323137,21.19191878927674,7.702634633169957,0.8979676659208821,84,54
168,"[15.1811375  98.59470761 98.13009233 41.2448     82.         35.4845
 43.6571     34.7573      0.        ]","[ 5.14887475 88.92363434 98.97619091 41.2448     82.         35.4845
 43.6571     34.7573      0.        ]","[ 15.249  100.      99.24    41.2448  82.      35.4845  43.6571  34.7573
   0.    ]","[ 15.249  100.      83.108   41.2448  82.      35.4845  43.6571  34.7573
   0.    ]",[0.73782185 0.94       0.37402301 0.36935743],[0.79724857 0.92       0.24560963 0.25318754],[0.78728199 0.8        0.29655141 0.36935743],[0.73782185 0.92       0.11740458 0.354873  ],77.21153756127893,76.00424949494948,74.76420000000002,90.89619999999996,-1.207288066329454,-1.24004949494946,-2.447337561278914,-16.131999999999948,-0.01563610963415008,-0.01631552844991729,-0.03169652669248536,-0.17747716626217547,2.199192523956299,0.30082201957702637,0.7623133659362793,0.7850286960601807,7.310610197513115,2.8848930403512383,0.3946172702974378,1.0297978903938043,84,66
169,"[11.11933616 30.04623772 45.30172523 93.6609     25.         36.1938
 59.1996     68.7995      1.        ]","[21.14887475 79.8948     73.8294     93.6609     25.         36.1938
 59.1996     68.7995      1.        ]",[18.9274 94.8323 84.7224 93.6609 25.     36.1938 59.1996 68.7995  1.    ],[16.177  96.8948 90.8294 93.6609 25.     36.1938 59.1996 68.7995  1.    ],[0.9408237  0.8        0.85546253 0.85065636],[0.9706955  0.8        0.95345171 0.94696332],[[0.9706955  0.83       0.95877015 0.94696332]],[0.9706955  0.84       0.95996194 0.95002614],142.11047320883858,73.76377474747471,45.71180000000004,34.79189999999994,-68.34669846136387,-28.051974747474674,-96.39867320883855,10.919900000000098,-0.4809406155514303,-0.38029472926932917,-0.6783361636350037,0.31386328427019267,21.007179260253906,1.3071420192718506,0.44770073890686035,0.05566763877868652,16.07107640220766,46.92236897251188,2.9196780475803243,0.12434118137622198,30,0
170,"[ 0.34199155 98.07411321 98.40071607 91.4135     32.         33.6358
 96.9064     15.1707      0.        ]","[10.6474     43.7181     98.97619091 91.4135     32.         33.6358
 96.9064     15.1707      0.        ]",[26.6594 56.1316 98.848  91.4135 32.     33.6358 96.9064 15.1707  0.    ],[10.6474 43.7181 81.984  91.4135 32.     33.6358 96.9064 15.1707  0.    ],[0.82641239 0.89       0.11454801 0.02773193],[0.85184176 0.93       0.03759728 0.01569578],[0.8412472  0.93       0.0388131  0.01524952],[0.81384328 0.96       0.0133829  0.01569578],12.453662277678461,76.5396090909091,80.26629999999994,93.53180000000003,64.08594681323063,3.7266909090908484,67.81263772232148,-13.265500000000088,5.145951880202838,0.048689703976205465,5.445196457901917,-0.1418287683974871,2.5188419818878174,0.1407010555267334,4.317301273345947,0.18672943115234375,17.902083054446127,0.5834297452064753,0.032590047953194805,0.0432514247511911,336,8
171,"[ 2.04351073 98.08767033 98.1584613  99.4778     45.         61.956
 83.0821     10.9775      1.        ]","[ 5.14887475 83.85586869 98.97619091 99.4778     45.         61.956
 83.0821     10.9775      1.        ]",[27.506  72.112  91.904  99.4778 45.     61.956  83.0821 10.9775  1.    ],[17.072  99.85   93.281  99.4778 45.     61.956  83.0821 10.9775  1.    ],[0.96825939 0.86       0.88060332 0.75635288],[0.9756802  0.85       0.75479833 0.73884929],[[0.96634426 0.82       0.68693115 0.72118922]],[0.96634426 0.8        0.72804575 0.75635288],6.319579100236922,22.839015151515127,64.0122,24.46320000000003,16.519436051278205,41.17318484848488,57.692620899763085,39.54899999999998,2.614008906172072,1.8027565801476109,9.129187242485845,1.616673207102911,2.125552177429199,0.241363525390625,5.920806646347046,0.9727652072906494,8.806434915918574,0.358997059757153,0.04076531118264752,0.16429606055296797,1002,90
172,"[14.87498987 98.05381705 98.39383491 66.2557      9.         75.3547
 75.0687     62.3816      0.        ]","[15.21542929 88.93210505 92.93113636 66.2557      9.         75.3547
 75.0687     62.3816      0.        ]",[42.174  85.745  98.848  66.2557  9.     75.3547 75.0687 62.3816  0.    ],[32.413  74.915  81.984  66.2557  9.     75.3547 75.0687 62.3816  0.    ],[0.25180981 0.83       0.31147658 0.1808701 ],[0.25180981 0.86       0.08975316 0.1808701 ],[0.25849288 0.84       0.09723962 0.1808701 ],[0.28564815 0.82       0.03000686 0.17176405],52.171637917030125,67.09648787878785,91.32529999999997,109.25830000000002,14.92484996175773,24.228812121212115,39.153662082969845,-17.93300000000005,0.28607209889582336,0.36110402924490337,0.7504779157065551,-0.1641339834136175,2.3602964878082275,1.7436933517456055,2.5547831058502197,0.35984301567077637,1.3536190210539845,0.9238735305566114,0.6825210906368948,0.14085071051502132,240,19
173,"[15.32416128 98.05210483 98.17252538 87.9999     33.         47.2778
 27.3488     24.9013      0.        ]","[15.22282424 99.9914     98.97619091 87.9999     33.         47.2778
 27.3488     24.9013      0.        ]",[23.3023 90.8646 99.0989 87.9999 33.     47.2778 27.3488 24.9013  0.    ],[14.7523 67.2306 99.2754 87.9999 33.     47.2778 27.3488 24.9013  0.    ],[0.75272155 0.97       0.55216685 0.22583704],[0.80013227 0.88       0.3341532  0.22583704],[0.79088993 0.87       0.25408597 0.22583704],[0.78501449 0.82       0.2655807  0.22583704],31.099631068436793,28.255333333333283,45.33889999999997,60.246399999999994,-2.8442977351035097,17.083566666666684,14.239268931563174,-14.907500000000027,-0.09145760375241895,0.6046138782058861,0.45785973795729995,-0.2474421708185058,2.2043731212615967,0.06347393989562988,0.6863815784454346,0.8048267364501953,34.72878987638462,3.211585494841246,0.09247617052804671,1.1725645934044788,72,66
174,"[ 0.76099738 99.14582715 99.17642193 16.1278     91.          6.459
 88.9001     82.7837      1.        ]","[ 0.1119     98.98292929 98.97619091 16.1278     91.          6.459
 88.9001     82.7837      1.        ]","[  6.0955 100.      94.1174  16.1278  91.       6.459   88.9001  82.7837
   1.    ]",[ 6.0955 42.382  79.2134 16.1278 91.      6.459  88.9001 82.7837  1.    ],[0.97235149 0.59       0.64543408 0.8240386 ],[0.97235149 0.57       0.64543408 0.88555466],[[0.97067578 0.59       0.58798945 0.78265786]],[0.96809866 0.49       0.30180203 0.73863289],86.31094829908261,86.02497979797982,95.8503,168.37230000000002,-0.2859685011027864,9.82532020202018,9.539351700917393,-72.52200000000002,-0.0033132355366071896,0.11421473419806503,0.11052307834530867,-0.4307240561541299,2.2463510036468506,0.06154298782348633,0.8816332817077637,0.20014142990112305,36.500519118273736,2.547942608626987,0.06980565400647622,0.22701210815617126,84,10
175,"[ 0.41596859 98.54418125 98.16820597 41.5372     24.         31.6914
 73.8835     51.3089      0.        ]","[ 1.11929495 99.9914     98.97619091 41.5372     24.         31.6914
 73.8835     51.3089      0.        ]","[  5.1583 100.      97.856   41.5372  24.      31.6914  73.8835  51.3089
   0.    ]",[ 5.2828 58.7371 81.984  41.5372 24.     31.6914 73.8835 51.3089  0.    ],[0.78641851 0.8        0.30478452 0.49012096],[0.82883762 0.69       0.23624192 0.38874759],[0.78641851 0.76       0.21620322 0.38874759],[0.77282576 0.9        0.06307309 0.24178058],62.16638137208054,60.61450404040403,65.76509999999996,123.02450000000005,-1.5518773316765078,5.1505959595959325,3.5987186279194248,-57.259400000000085,-0.02496328879733491,0.0849729951788879,0.05788850096292786,-0.4654308694609615,2.362370491027832,0.06326055526733398,2.4955594539642334,0.25628042221069336,37.34349913693684,0.9466296173690317,0.02534924790785635,0.10269457688278598,198,12
176,"[ 0.45737361 98.05505447 99.42488883 61.1509     27.          6.8272
  1.2754     49.7497      0.        ]","[ 5.14887475 96.96598788 98.97619091 61.1509     27.          6.8272
  1.2754     49.7497      0.        ]","[  0.7614 100.      99.6516  61.1509  27.       6.8272   1.2754  49.7497
   0.    ]",[15.1419 87.3248 50.9026 61.1509 27.      6.8272  1.2754 49.7497  0.    ],[0.40651555 0.83       0.8355187  0.50305803],[0.29702345 0.87       0.72455938 0.40111387],[0.40651555 0.84       0.69068784 0.4655307 ],[0.12852533 0.98       0.59624576 0.34916424],41.82653030364037,48.05579595959597,39.95889999999997,115.7636,6.229265655955601,-8.096895959595997,-1.8676303036403965,-75.80470000000003,0.14893096823317992,-0.1684894776564236,-0.0446518104677176,-0.6548232777833449,2.2813515663146973,0.12534165382385254,0.9017019271850586,0.423187255859375,18.201064823356877,2.53005067144155,0.13900564038400726,0.4693205627057767,96,23
177,"[ 5.42425341 98.59688708 99.08869309 17.6457     28.         47.3137
  1.1868     11.0873      1.        ]","[ 5.14887475 98.9914     98.97619091 17.6457     28.         47.3137
  1.1868     11.0873      1.        ]","[ 20.4153 100.      99.8907  17.6457  28.      47.3137   1.1868  11.0873
   1.    ]",[13.4343 80.9925 48.648  17.6457 28.     47.3137  1.1868 11.0873  1.    ],[0.30084105 0.64       0.90008077 0.90468976],[0.30084105 0.63       0.92295708 0.90468976],[0.21511915 0.54       0.91821511 0.90468976],[0.14767966 0.59       0.7281173  0.80153754],90.09297323159342,89.53558383838384,102.87889999999999,166.1481,-0.5573893932095757,13.343316161616144,12.785926768406568,-63.26920000000001,-0.0061868242684892626,0.14902808011730276,0.1419192453060574,-0.38080002118591794,2.390770196914673,0.07870101928710938,1.4315640926361084,0.6899924278259277,30.377880980078523,1.6700406284375746,0.05497554715988152,0.48198500603306066,144,60
178,"[ 0.46162358 83.62236811 98.48301609 50.8645     65.         60.9613
 83.6269     57.0121      0.        ]","[18.22282424 97.97445859 98.97619091 50.8645     65.         60.9613
 83.6269     57.0121      0.        ]",[41.0102 82.9035 98.848  50.8645 65.     60.9613 83.6269 57.0121  0.    ],[49.2592 40.467  81.984  50.8645 65.     60.9613 83.6269 57.0121  0.    ],[0.6882342  0.97       0.30179238 0.12969628],[0.73893059 0.9        0.21818823 0.12969628],[0.68275825 0.98       0.14765041 0.12969628],[0.37957978 0.98       0.03269762 0.08855314],67.49173937894517,70.40767474747474,108.3941999999999,175.9437,2.915935368529574,37.986525252525155,40.90246062105473,-67.54950000000011,0.04320432982409154,0.5395225078625052,0.6060365460638095,-0.38392679021755316,2.274402379989624,0.11155056953430176,2.956676721572876,0.10921549797058105,20.38898043716618,0.7692428338190793,0.037728361954620364,0.03693859973723513,204,3
179,"[ 0.31112876 27.60877892 99.43034473 82.6102     75.         90.8458
 99.9015     46.3789      0.        ]","[16.22282424 83.85586869 98.97619091 82.6102     75.         90.8458
 99.9015     46.3789      0.        ]",[36.5879 74.575  74.05   82.6102 75.     90.8458 99.9015 46.3789  0.    ],[71.5879 54.21   59.14   82.6102 75.     90.8458 99.9015 46.3789  0.    ],[0.10900565 0.93       0.01687188 0.16587059],[0.09274803 0.95       0.02250095 0.02452134],[0.03169379 0.97       0.00593391 0.02306515],[0.02496559 0.85       0.00473586 0.01845832],90.66180512166096,50.7805646464646,105.35270000000003,175.6277,-39.881240475196364,54.57213535353543,14.690894878339066,-70.27499999999998,-0.43989020979318577,1.0746657847045977,0.16204061742014786,-0.40013619719440596,2.4682633876800537,0.08088517189025879,15.8327317237854,0.34811925888061523,30.515647429529825,0.15589624271672584,0.005108731285375446,0.021987314946898148,1002,18
180,"[39.59235042 30.07956015 92.49924792 87.9059     74.         79.8927
 56.0173     58.6742      1.        ]","[39.39290808 34.3508     92.365      87.9059     74.         79.8927
 56.0173     58.6742      1.        ]",[11.985  36.3508 92.365  87.9059 74.     79.8927 56.0173 58.6742  1.    ],[11.985  36.3508 92.365  87.9059 74.     79.8927 56.0173 58.6742  1.    ],[0.91175026 0.8        0.81220465 0.89252713],[0.91175026 0.8        0.83802639 0.89631526],[[0.92026476 0.83       0.86087074 0.89631526]],[0.92026476 0.83       0.86087074 0.89631526],129.1076423474836,124.77120808080804,95.36329999999998,95.36329999999998,-4.336434266675553,-29.407908080808056,-33.74434234748361,0.0,-0.033587742660534096,-0.23569466492431518,-0.26136595583291056,0.0,20.514216423034668,3.9752197265625,0.04718518257141113,0.06002163887023926,5.160523904114847,434.7597127972957,84.247204523291,1.272044222344613,0,0
181,"[14.66739331 83.96697201 98.35588782 59.6267     58.         67.3985
 52.5848     48.0632      0.        ]","[15.22282424 83.85586869 98.97619091 59.6267     58.         67.3985
 52.5848     48.0632      0.        ]",[17.1545 83.83   50.369  59.6267 58.     67.3985 52.5848 48.0632  0.    ],[15.1545 66.915  42.123  59.6267 58.     67.3985 52.5848 48.0632  0.    ],[0.60948269 0.99       0.38455492 0.30210674],[0.67240422 0.95       0.30596811 0.30210674],[0.57258095 0.99       0.10597853 0.2796394 ],[0.53543374 0.99       0.064554   0.2796394 ],72.71783347820792,72.76406464646459,123.3288,146.4898,0.04623116825666784,50.56473535353541,50.61096652179208,-23.161,0.0006357610787527436,0.6949135620613274,0.6959911221359362,-0.1581065712425029,2.2228493690490723,0.06184816360473633,0.9653303623199463,0.6717226505279541,35.940426352106705,2.3026825383457044,0.06406942744046577,0.6958474287637918,72,39
182,"[ 3.03975067 98.08780997 99.2942169  24.0564     38.         66.2428
  2.5107     40.5432      1.        ]","[ 5.14887475 97.97445859 98.97619091 24.0564     38.         66.2428
  2.5107     40.5432      1.        ]",[ 8.0487 46.1565 84.726  24.0564 38.     66.2428  2.5107 40.5432  1.    ],[18.6212 38.257  82.742  24.0564 38.     66.2428  2.5107 40.5432  1.    ],[0.30187599 0.8        0.96183301 0.95266506],[0.30187599 0.81       0.92882678 0.95266506],[[0.12555846 0.79       0.87371409 0.94692525]],[0.10326071 0.75       0.73297719 0.9234832 ],81.60132379985902,84.14182525252528,153.1098,173.56580000000002,2.5405014526662626,68.96797474747473,71.50847620014099,-20.456000000000017,0.03113309116035017,0.8196634021247934,0.8763151487042976,-0.11785731981761392,2.2140719890594482,0.24107074737548828,1.1777398586273193,0.16006088256835938,9.184324573444998,1.8799329689325417,0.20468930011119885,0.135905124884636,84,7
183,"[14.88327418 83.8738998  98.58695104 98.608      90.         18.6526
 40.8543     84.6536      0.        ]","[15.22282424 83.85586869 97.96868182 98.608      90.         18.6526
 40.8543     84.6536      0.        ]",[36.7935 79.1115 98.848  98.608  90.     18.6526 40.8543 84.6536  0.    ],[25.683  83.415  94.308  98.608  90.     18.6526 40.8543 84.6536  0.    ],[0.66775096 0.97       0.72575001 0.39066375],[0.66775096 0.97       0.72575001 0.39066375],[0.67550643 0.97       0.68345926 0.39066375],[0.67550643 0.98       0.65178495 0.39066375],33.81442333314084,34.790273737373695,60.225999999999885,49.351999999999975,0.9758504042328582,25.43572626262619,26.411576666859048,10.87399999999991,0.028858998854386697,0.7311160140514124,0.7810742891177326,0.2203355487112967,2.2832775115966797,0.06362414360046387,11.923340559005737,1.2362158298492432,35.88696652539356,0.19149646026608816,0.005336100506867461,0.10368032547015739,1002,90
184,"[14.91990883 83.63737641 98.55513445 87.8362     82.         92.9528
 72.3271     88.2145      0.        ]","[15.22282424 97.97445859 97.96868182 87.8362     82.         92.9528
 72.3271     88.2145      0.        ]","[ 15.4551 100.      92.896   87.8362  82.      92.9528  72.3271  88.2145
   0.    ]",[39.3151 97.7421 81.984  87.8362 82.     92.9528 72.3271 88.2145  0.    ],[0.03278216 1.         0.28833335 0.17251541],[0.03278216 0.97       0.28238518 0.17251541],[0.03278216 0.91       0.24090313 0.17251541],[0.03391571 0.96       0.11517159 0.1637459 ],44.891197969593236,31.443483838383827,34.72289999999998,71.75279999999998,-13.447714131209409,3.2794161616161546,-10.168297969593254,-37.0299,-0.29956238058779655,0.10429557292289894,-0.22650983777444936,-0.5160760276950865,2.3872334957122803,0.06416773796081543,0.7051939964294434,0.23284673690795898,37.20301777148611,3.3852152851546995,0.09099302927380436,0.3301882008169591,78,11
185,"[15.53352894 98.06634029 98.974706   30.887      18.         42.0701
 45.1027     64.0692      0.        ]","[ 5.14887475 96.96598788 92.94615455 30.887      18.         42.0701
 45.1027     64.0692      0.        ]",[42.3637 85.745  72.975  30.887  18.     42.0701 45.1027 64.0692  0.    ],[42.3962 74.915  58.789  30.887  18.     42.0701 45.1027 64.0692  0.    ],[0.74294426 0.84       0.46132071 0.19097089],[0.70013773 0.96       0.18125681 0.19097089],[0.68162616 1.         0.04182058 0.18146897],[0.68162616 1.         0.04182058 0.18146897],87.60548265244842,84.34973232323233,152.75670000000002,177.8052,-3.2557503292160845,68.40696767676769,65.15121734755161,-25.04849999999999,-0.03716377366622604,0.8109921133433929,0.7436888123317787,-0.14087608236429525,2.3779892921447754,0.2107551097869873,10.603909015655518,0.8235235214233398,11.283186891877675,0.22425591247849572,0.01987522803862522,0.07766225834336159,1002,48
186,"[16.2499134  98.54402919 98.2333239  34.0007     96.          5.4752
 81.5604     37.4247      0.        ]","[16.22282424 83.85586869 98.97619091 34.0007     96.          5.4752
 81.5604     37.4247      0.        ]","[ 28.016  100.      62.28    34.0007  96.       5.4752  81.5604  37.4247
   0.    ]",[26.836  68.915  59.14   34.0007 96.      5.4752 81.5604 37.4247  0.    ],[0.83551044 0.92       0.40019148 0.19208811],[0.86979379 0.93       0.37176415 0.15400975],[0.80178276 0.85       0.12592426 0.18254313],[0.80178276 0.98       0.09966222 0.14601495],85.47186030847433,99.39006464646462,131.7353,164.7803,13.91820433799029,32.34523535353537,46.26343969152566,-33.045000000000016,0.16283960929080576,0.3254373107471957,0.5412710045687253,-0.20053974898698457,2.328429937362671,0.07924628257751465,1.820296287536621,0.6756505966186523,29.382197645487285,1.279148868953471,0.04353482623686357,0.3711761657949651,144,39
187,"[ 0.32633837 98.07265052 98.41952542 46.2663     36.         65.9736
 35.5896      7.1836      0.        ]","[15.22282424 99.9914     98.97619091 46.2663     36.         65.9736
 35.5896      7.1836      0.        ]",[41.384  83.4646 86.944  46.2663 36.     65.9736 35.5896  7.1836  0.    ],[22.803  79.3241 92.7865 46.2663 36.     65.9736 35.5896  7.1836  0.    ],[0.66921979 0.37       0.24303437 0.08894684],[0.74443073 0.33       0.05642151 0.08894684],[0.6766376  0.31       0.01488451 0.05438083],[0.6766376  0.34       0.03500265 0.05301324],57.56786241883583,69.9889333333333,124.70909999999998,104.42610000000002,12.421070914497477,54.72016666666667,67.14123758116415,20.28299999999996,0.21576397650702736,0.781840271890604,1.1662972144540835,0.1942330509326687,2.343433380126953,0.06150221824645996,1.518132209777832,15.848046779632568,38.103233459580785,1.5436293130687861,0.04051176692671607,10.439174320629043,108,1002
188,"[ 0.62757223 99.27222183 98.46293729 10.2627     86.         14.8923
 34.7383     32.1221      1.        ]","[ 0.1119     98.9914     98.97619091 10.2627     86.         14.8923
 34.7383     32.1221      1.        ]",[ 1.241  99.82   82.744  10.2627 86.     14.8923 34.7383 32.1221  1.    ],[38.169  99.03   89.27   10.2627 86.     14.8923 34.7383 32.1221  1.    ],[0.96892536 0.21       0.59625089 0.52917507],[0.9761943  0.21       0.57063899 0.52917507],[[0.96892536 0.19       0.48164667 0.45674169]],[0.96704904 0.06       0.44922277 0.47233973],92.62971309799883,91.88160909090908,108.41429999999997,139.60629999999998,-0.7481040070897507,16.53269090909089,15.784586902001138,-31.192000000000007,-0.008076285481941245,0.17993471242687087,0.1704052228392592,-0.22342831233260974,2.319857120513916,0.0765831470489502,0.767183780670166,0.9555020332336426,30.29200561621105,3.0238610082285984,0.09982373060865771,1.2454669367475066,72,84
189,"[15.5309715  98.17498691 98.31843527 78.762      76.         50.5799
 26.7048     38.7561      0.        ]","[15.22282424 83.85586869 98.97619091 78.762      76.         50.5799
 26.7048     38.7561      0.        ]",[28.0157 54.5176 98.9031 78.762  76.     50.5799 26.7048 38.7561  0.    ],"[  7.9607  91.4296 100.      78.762   76.      50.5799  26.7048  38.7561
   0.    ]",[0.6904219  0.97       0.44583042 0.30210674],[0.72790984 0.95       0.36885281 0.30210674],[0.66095721 0.98       0.27433755 0.25675327],[0.64418305 0.94       0.25869518 0.30210674],40.2755493215825,53.62876464646462,95.83299999999997,37.76910000000004,13.353215324882115,42.20423535353535,55.55745067841747,58.06389999999993,0.3315464481505287,0.786970120079348,1.3794337163427797,1.5373387239833587,2.283052921295166,0.06153988838195801,0.5636954307556152,0.9853067398071289,37.0987497917611,4.050153321687934,0.10917223206770686,1.7479416827742555,48,96
190,"[16.58607792 93.44704447 42.16589149 71.9688     86.         29.5194
 54.1926      9.1335      1.        ]","[11.14887475 92.7582     80.984      71.9688     86.         29.5194
 54.1926      9.1335      1.        ]",[14.3735 93.6957 82.976  71.9688 86.     29.5194 54.1926  9.1335  1.    ],[13.4105 98.7357 91.984  71.9688 86.     29.5194 54.1926  9.1335  1.    ],[0.96968277 0.8        0.81464276 0.93258956],[0.96968277 0.8        0.88666175 0.922707  ],[[0.96968277 0.8        0.88666175 0.922707  ]],[0.96968277 0.82       0.88666175 0.9270627 ],109.0043419668076,65.43787474747478,65.733,50.72200000000004,-43.56646721933282,0.29512525252522437,-43.2713419668076,15.010999999999967,-0.39967643887616,0.004510006684418081,-0.3969689756026778,0.29594653207681,20.81064796447754,3.629023551940918,0.14216327667236328,0.36078882217407227,5.7345034185152475,146.38553958234107,25.527151855851987,2.537848244772555,6,18
191,"[ 4.21797846 98.27714057 92.84939869 90.6109     75.         52.4248
  5.4804     77.0187      1.        ]","[15.22282424 66.71186667 92.93113636 90.6109     75.         52.4248
  5.4804     77.0187      1.        ]",[19.6265 82.75   87.936  90.6109 75.     52.4248  5.4804 77.0187  1.    ],"[ 20.979  100.      98.416   90.6109  75.      52.4248   5.4804  77.0187
   1.    ]",[0.55030912 0.89       0.97691955 0.9609124 ],[0.39322879 0.89       0.98011489 0.9609124 ],[[0.39322879 0.8        0.97613136 0.95848762]],[0.53527955 0.82       0.97541046 0.9609124 ],22.480539210749725,64.96892121212119,58.32959999999997,31.952099999999973,42.48838200137146,-6.639321212121217,35.849060789250245,26.377499999999998,1.8900072459585135,-0.10219226498226856,1.5946708596788448,0.8255325941017968,2.135154962539673,1.577392339706421,11.520788669586182,11.2048499584198,1.3535979025592713,0.18533062481879256,0.1369170449129573,0.9725766420835033,1002,1002
192,"[  0.63116631  98.70621771  35.27948984  14.8896     100.
  19.9123      16.1364      63.4015       1.        ]","[  4.2689      98.98292929  62.2403      14.8896     100.
  19.9123      16.1364      63.4015       1.        ]","[  0.6424 100.      74.5503  14.8896 100.      19.9123  16.1364  63.4015
   1.    ]","[  0.5344 100.      86.189   14.8896 100.      19.9123  16.1364  63.4015
   1.    ]",[0.9676225  0.64       0.85447531 0.67536548],[0.9676225  0.59       0.65996302 0.59043115],[[0.9676225  0.55       0.65996302 0.65214426]],[0.9676225  0.52       0.65996302 0.68542282],151.75585875944498,128.15607070707074,111.20250000000004,99.45580000000001,-23.599788052374237,-16.953570707070696,-40.55335875944493,11.746700000000033,-0.15551154495974565,-0.13228847149833314,-0.26722763187500975,0.11810975327733557,2.9961230754852295,0.11457419395446777,0.7649502754211426,0.7725546360015869,26.15006898216452,3.916755339209097,0.1497799237883653,1.0099409867867004,66,66
193,"[ 0.56755208 83.54966319 98.35942075 73.5236     62.          1.2889
 61.6134     62.5814      0.        ]","[15.22282424 83.85586869 98.97619091 73.5236     62.          1.2889
 61.6134     62.5814      0.        ]","[ 42.448  100.      98.848   73.5236  62.       1.2889  61.6134  62.5814
   0.    ]",[42.128  80.5665 99.268  73.5236 62.      1.2889 61.6134 62.5814  0.    ],[0.82678725 0.99       0.51791398 0.51202844],[0.8552519  0.97       0.46125153 0.40976537],[0.82311944 0.91       0.33300158 0.40976537],[0.83609455 0.93       0.31774502 0.40976537],45.13486814330906,58.86716464646463,70.07639999999992,88.7699,13.732296503155567,11.209235353535291,24.941531856690858,-18.693500000000085,0.3042502851576689,0.19041575079849682,0.5526000824351199,-0.21058376769603304,2.2500245571136475,0.06593132019042969,3.3339600563049316,1.4266889095306396,34.12679361819076,0.6748804782044621,0.019775677895644068,0.42792621550237053,234,102
194,"[15.31083764 98.07738756 97.5237368  82.1574     45.         76.7531
 21.0022     74.0896      0.        ]","[15.22282424 97.97445859 97.96868182 82.1574     45.         76.7531
 21.0022     74.0896      0.        ]","[ 15.249  100.      82.744   82.1574  45.      76.7531  21.0022  74.0896
   0.    ]",[15.249  89.2785 59.124  82.1574 45.     76.7531 21.0022 74.0896  0.    ],[0.36229603 0.97       0.46185137 0.34476733],[0.36229603 0.97       0.30768686 0.34476733],[0.36229603 0.9        0.14906746 0.33074147],[0.30152255 1.         0.12534663 0.33074147],37.552313275963854,37.12228383838385,50.3476,84.68910000000005,-0.43002943758000356,13.22531616161615,12.795286724036146,-34.34150000000005,-0.011451476621954284,0.3562635375343309,0.3407323173410475,-0.40550082596225523,2.3899121284484863,0.06366181373596191,1.0855553150177002,0.312938928604126,37.54074834186587,2.2015572079894596,0.05864446781776744,0.2882754331123361,96,14
195,"[ 0.60586863 98.07668237 98.03705421 65.6347     22.         22.9316
 76.1593     87.7669      0.        ]","[15.22282424 83.85586869 97.97619091 65.6347     22.         22.9316
 76.1593     87.7669      0.        ]",[15.249  83.6811 97.856  65.6347 22.     22.9316 76.1593 87.7669  0.    ],[15.249  83.8721 81.984  65.6347 22.     22.9316 76.1593 87.7669  0.    ],[0.63902978 0.93       0.53330497 0.48055414],[0.62494453 0.97       0.43024937 0.37968603],[0.62494453 0.97       0.43024937 0.37968603],[0.62494453 0.95       0.21085749 0.36503101],38.85743204445453,67.75606464646461,68.0772,83.75819999999999,28.898632602010082,0.32113535353539646,29.21976795554548,-15.680999999999983,0.7437092746877569,0.004739580954280714,0.7519737259558698,-0.18721749034721358,2.2498724460601807,0.10031819343566895,0.8600199222564697,0.2280738353729248,22.427362066711822,2.6160701488834093,0.11664635997322012,0.26519599077951367,96,10
196,"[17.24603156 37.48163262 35.19828131 32.8376     31.         23.8735
 66.4468     53.189       1.        ]","[18.19324444 38.743      54.984      32.8376     31.         23.8735
 66.4468     53.189       1.        ]",[13.478  55.743  88.928  32.8376 31.     23.8735 66.4468 53.189   1.    ],[25.8975 49.1715 88.4655 32.8376 31.     23.8735 66.4468 53.189   1.    ],[0.93541744 0.8        0.91710345 0.88261132],[0.93858557 0.8        0.80224497 0.89118468],[[0.9702165  0.9        0.88555098 0.93080391]],[0.96670412 0.8        0.87880899 0.93080391],211.72851762812218,191.62864444444443,135.9694,155.4229,-20.099873183677744,-55.659244444444425,-75.75911762812217,-19.45349999999999,-0.09493229069397707,-0.29045367724542215,-0.35781253501800225,-0.1251649531697066,20.564136266708374,2.8795199394226074,0.5919811725616455,0.3640909194946289,7.14151549540297,34.73782143733117,4.864208648667371,0.6150380052107394,36,18
197,"[ 0.52807913 98.70574419 98.17123137 42.4908     40.         26.7032
 30.7064     52.7713      0.        ]","[15.249      98.4321     98.97619091 42.4908     40.         26.7032
 30.7064     52.7713      0.        ]","[ 15.249  100.      92.896   42.4908  40.      26.7032  30.7064  52.7713
   0.    ]","[ 15.249  100.      92.7865  42.4908  40.      26.7032  30.7064  52.7713
   0.    ]",[0.73613082 0.86       0.3593833  0.62586915],[0.77544714 0.81       0.30894978 0.52534758],[0.72419922 0.86       0.24330517 0.52534758],[0.72419922 0.86       0.24330517 0.52534758],61.16030357600738,75.34990909090908,79.86219999999997,79.9717,14.1896055149017,4.512290909090893,18.701896423992594,-0.10950000000002547,0.23200678684119794,0.05988449041984708,0.30578488546497623,-0.0013692343666575233,2.369981288909912,0.09469151496887207,0.7751083374023438,0.7866532802581787,25.028444097541325,3.0576129484718737,0.1221655224174418,1.0148946183375167,84,78
198,"[ 6.34640652 98.07193908 95.86666054 77.8863     17.          4.2498
 72.7872     92.3444      1.        ]","[15.22282424 95.95751717 94.96868182 77.8863     17.          4.2498
 72.7872     92.3444      1.        ]",[13.498  61.528  96.864  77.8863 17.      4.2498 72.7872 92.3444  1.    ],[13.426  60.0515 96.984  77.8863 17.      4.2498 72.7872 92.3444  1.    ],[0.93692831 0.65       0.97446043 0.96629414],[0.93692831 0.64       0.95711399 0.96629414],[[0.93582213 0.64       0.945664   0.96175973]],[0.93582213 0.64       0.945664   0.96175973],34.521506901714474,46.41032525252524,77.21969999999993,78.50420000000003,11.888818350810766,30.809374747474692,42.69819309828546,-1.2845000000000937,0.3443887424920121,0.6638474214484915,1.2368577426197145,-0.016362181896001658,2.1130945682525635,0.14275741577148438,2.253603935241699,0.6588649749755859,14.801995096598349,0.9376512594818193,0.06334627550966432,0.2923605894861568,156,60
199,"[15.25520004 97.4957534  99.052178   69.0137     75.         53.6294
  6.645      79.5205      0.        ]","[ 5.14887475 97.97445859 98.97619091 69.0137     75.         53.6294
  6.645      79.5205      0.        ]",[15.249  99.25   98.848  69.0137 75.     53.6294  6.645  79.5205  0.    ],[15.249  62.125  81.984  69.0137 75.     53.6294  6.645  79.5205  0.    ],[0.30122159 0.93       0.47204269 0.44305062],[0.31412145 0.9        0.44183158 0.44305062],[0.23064896 0.9        0.47204269 0.44305062],[0.13718113 0.96       0.29152133 0.38746734],49.69356863681105,39.184525252525304,48.13729999999998,102.12630000000001,-10.509043384285746,8.952774747474677,-1.556268636811069,-53.98900000000003,-0.21147693097052117,0.22847730551227496,-0.03131730482439625,-0.5286493293108634,2.3120172023773193,0.13105344772338867,0.7407708168029785,0.10952162742614746,17.641788465246925,3.121096498314461,0.17691497120390035,0.14784819399179536,84,3
