cruise speed,image resolution,illuminance,controls responsiveness,power,smoke intensity,obstacle size,obstacle distance,firm obstacle,req_0,req_1,req_2,req_3
56.819,80.1198,65.4041,56.311,33.0,65.3457,0.5072,99.9013,0.0,0.0,0.0,0.0,1.0
39.394,45.3802,82.6298,80.5818,84.0,76.2841,68.3271,76.4583,1.0,1.0,1.0,1.0,1.0
53.6443,51.728,96.4872,48.1127,98.0,1.1537,91.3347,90.636,0.0,1.0,1.0,0.0,1.0
46.9518,59.4329,73.2924,86.4789,39.0,75.8396,4.861,29.6172,1.0,0.0,1.0,1.0,1.0
75.456,9.3052,38.7149,75.736,99.0,70.9141,43.1941,26.9,1.0,0.0,0.0,0.0,0.0
78.2345,73.4075,84.4222,41.2119,22.0,24.5417,69.8536,55.531,1.0,0.0,1.0,1.0,1.0
39.0377,90.9664,54.8932,81.8418,29.0,54.2651,19.9217,11.3526,1.0,1.0,1.0,1.0,1.0
17.6707,19.177,44.7046,64.6934,69.0,3.1994,21.132,39.7749,0.0,1.0,1.0,0.0,0.0
10.3823,73.6039,16.3563,45.4349,64.0,55.125,52.3863,60.9854,1.0,1.0,0.0,1.0,1.0
10.5161,90.5303,89.0919,92.2325,32.0,62.6123,66.7466,48.1726,0.0,0.0,1.0,0.0,1.0
21.7289,26.2606,50.8713,33.6711,62.0,56.1701,59.5806,38.594,1.0,1.0,1.0,1.0,1.0
8.9882,99.1382,68.9779,93.557,85.0,30.6278,73.583,56.039,0.0,1.0,1.0,0.0,1.0
69.5157,87.2869,86.8876,53.3515,40.0,14.8039,19.3224,16.25,1.0,1.0,1.0,1.0,1.0
46.1065,91.0053,70.6983,36.44,87.0,10.8217,95.5249,79.0723,0.0,1.0,1.0,0.0,0.0
32.5609,77.726,15.1029,78.6427,84.0,61.5621,21.7431,88.5062,0.0,0.0,1.0,0.0,0.0
45.3306,99.9369,15.5793,97.233,65.0,21.1909,96.5799,47.417,1.0,1.0,0.0,0.0,0.0
81.072,53.097,47.2704,39.9084,91.0,35.0847,75.7219,5.7757,0.0,0.0,0.0,0.0,0.0
61.0097,74.467,58.9831,85.4224,23.0,73.2655,85.1643,56.8518,1.0,1.0,0.0,1.0,1.0
32.4824,56.6181,62.2821,60.8915,94.0,45.0774,93.7168,57.4328,0.0,1.0,1.0,0.0,0.0
67.2921,39.0903,55.1494,92.1865,95.0,23.806,91.3896,41.5288,1.0,1.0,0.0,0.0,1.0
79.1076,43.0306,89.7844,90.2445,89.0,99.8543,46.2138,53.9668,1.0,0.0,0.0,0.0,0.0
32.3579,63.0838,23.0349,43.8208,28.0,88.1559,13.6925,73.7589,0.0,0.0,1.0,0.0,0.0
18.3055,50.7762,31.4406,71.0357,34.0,58.4082,84.8343,64.0382,0.0,1.0,1.0,0.0,0.0
21.4121,54.3743,78.6631,52.4313,28.0,70.9213,8.6031,77.9303,1.0,1.0,0.0,1.0,1.0
72.2626,88.6675,60.2498,81.2714,67.0,77.3527,29.5165,21.9567,0.0,0.0,1.0,0.0,0.0
4.4159,14.9245,11.8523,36.4326,40.0,25.0826,20.7729,67.1756,1.0,1.0,1.0,0.0,0.0
23.1198,42.9976,87.2011,34.997,59.0,46.054,85.2811,64.5628,0.0,1.0,1.0,0.0,0.0
13.3554,44.1426,76.8506,93.0475,39.0,21.8751,18.9654,8.7166,0.0,0.0,1.0,0.0,0.0
4.7753,70.0877,92.8395,48.878,25.0,47.6486,95.7085,59.6331,0.0,1.0,1.0,0.0,0.0
43.7654,94.1567,11.2516,44.4312,16.0,10.1864,19.4684,20.2308,0.0,0.0,1.0,0.0,0.0
34.8757,96.2454,96.8138,90.9379,13.0,14.7604,29.3335,27.512,0.0,0.0,1.0,0.0,0.0
0.7554,66.8295,68.2838,86.4385,85.0,79.0994,86.9701,80.6796,0.0,1.0,1.0,0.0,0.0
11.8437,46.2483,25.4227,75.3654,74.0,84.0014,11.0737,87.7672,1.0,0.0,0.0,1.0,1.0
23.9727,94.2012,18.5487,95.0813,65.0,73.1233,71.6743,76.3693,0.0,0.0,1.0,0.0,0.0
17.2269,58.0177,89.7227,78.0089,46.0,66.9501,77.1527,9.5615,1.0,1.0,1.0,1.0,0.0
50.7103,33.1097,67.5471,93.736,35.0,1.6676,68.1772,12.6952,1.0,1.0,0.0,0.0,1.0
42.4845,96.3173,29.6977,67.4707,66.0,81.1434,96.435,51.3514,0.0,0.0,1.0,0.0,0.0
6.6332,42.0949,97.0356,78.8826,78.0,31.0749,56.0286,76.5537,1.0,1.0,1.0,1.0,1.0
29.1751,46.0695,89.0462,86.3376,86.0,16.5375,43.9828,67.3679,1.0,1.0,1.0,1.0,1.0
64.1645,32.3346,91.245,64.4817,88.0,6.2532,50.0069,24.0578,1.0,1.0,0.0,0.0,1.0
9.5832,50.4344,69.7027,97.3062,41.0,22.0803,24.4902,79.4733,0.0,0.0,1.0,1.0,0.0
53.4084,31.7036,83.8385,85.8439,85.0,14.7581,96.1611,91.2548,1.0,1.0,0.0,0.0,0.0
77.9032,17.9336,81.9512,25.5669,25.0,44.9351,55.0036,42.3801,1.0,1.0,0.0,0.0,0.0
20.4406,92.2222,93.4112,86.2041,71.0,58.8535,56.467,54.891,1.0,1.0,1.0,1.0,1.0
48.0911,24.0151,27.0065,59.2193,52.0,85.6101,86.8222,51.541,0.0,0.0,1.0,0.0,0.0
12.364,56.0647,76.0193,71.1004,8.0,15.6265,98.6427,49.2602,1.0,1.0,1.0,0.0,0.0
44.0305,11.4711,91.4212,64.6371,47.0,89.1726,6.2207,52.5731,0.0,0.0,1.0,0.0,0.0
11.0526,90.8636,22.0024,39.0949,97.0,74.2375,10.4103,46.2202,0.0,0.0,1.0,0.0,0.0
57.8645,26.0826,78.6344,9.7851,53.0,72.073,26.8909,49.8921,0.0,0.0,0.0,0.0,0.0
50.1124,32.9356,62.5985,92.3729,55.0,50.2139,64.8766,30.9116,0.0,1.0,1.0,0.0,0.0
11.2897,25.2695,96.3257,18.9647,91.0,10.5811,49.4934,75.4195,1.0,1.0,1.0,1.0,1.0
9.7382,27.3207,99.0196,30.331,75.0,56.0312,67.444,40.1249,1.0,1.0,1.0,1.0,1.0
37.3058,88.6838,78.4828,67.2205,11.0,24.2731,84.7733,54.4398,0.0,1.0,1.0,0.0,0.0
18.3411,75.733,84.9908,17.9022,98.0,13.5797,40.0835,82.523,1.0,1.0,1.0,1.0,1.0
54.0148,73.2348,50.9306,90.427,30.0,78.1068,81.8709,68.1389,1.0,1.0,1.0,1.0,1.0
63.9839,62.4495,68.4292,62.8536,75.0,76.207,50.9879,26.7565,0.0,1.0,1.0,0.0,0.0
46.4953,43.5508,25.8956,40.1948,28.0,42.5544,70.0096,65.032,0.0,0.0,1.0,0.0,0.0
40.5527,43.5016,49.5145,66.0719,73.0,62.4673,29.3862,31.359,1.0,1.0,1.0,1.0,1.0
85.207,26.8568,37.6451,49.2231,61.0,20.3078,59.9357,16.2285,1.0,1.0,0.0,0.0,1.0
31.5732,97.8949,31.4327,58.8877,95.0,67.6403,53.0563,72.702,0.0,0.0,1.0,0.0,0.0
21.1603,65.5236,43.459,52.5217,18.0,37.7061,51.6911,30.2916,0.0,1.0,1.0,0.0,0.0
35.5429,54.6547,86.3922,21.2619,85.0,40.4522,19.2407,24.1679,0.0,1.0,1.0,0.0,0.0
3.2601,12.54,97.1748,90.4406,23.0,71.0762,59.1989,27.2071,1.0,1.0,1.0,0.0,0.0
49.7163,66.6619,69.6917,77.0448,47.0,66.8474,73.2344,64.2292,0.0,1.0,1.0,0.0,1.0
50.9943,23.1095,63.9589,83.9481,91.0,15.8201,27.369,11.7922,1.0,1.0,0.0,0.0,1.0
68.6144,31.1055,86.6467,4.3984,14.0,64.1341,42.9408,47.2967,1.0,1.0,0.0,0.0,0.0
23.7351,73.8878,81.7083,33.7754,0.0,81.8016,24.1491,44.299,1.0,0.0,0.0,0.0,0.0
35.3458,58.1356,61.6362,57.2271,15.0,80.7184,91.311,48.9985,0.0,0.0,1.0,0.0,0.0
29.0436,34.7245,35.817,27.3669,84.0,6.8197,72.3642,43.5201,1.0,1.0,1.0,1.0,1.0
20.0169,57.5471,39.9875,88.9483,32.0,62.8422,34.475,77.7143,0.0,0.0,1.0,0.0,0.0
72.7008,59.7748,24.4169,38.2657,85.0,9.4681,82.3108,59.4409,1.0,1.0,0.0,0.0,1.0
7.7792,10.7529,78.0544,75.8739,52.0,74.8953,27.3021,73.3261,1.0,0.0,0.0,0.0,1.0
46.3827,69.3385,20.9234,72.7911,59.0,63.5408,53.8358,61.982,1.0,1.0,1.0,1.0,1.0
29.1998,67.7426,40.0663,86.4647,80.0,9.1308,93.9751,58.4145,0.0,0.0,1.0,0.0,0.0
44.6087,50.6213,98.9068,39.9187,79.0,46.2171,35.6341,35.4006,0.0,0.0,1.0,0.0,0.0
6.6311,29.6945,75.1852,78.3553,36.0,72.5515,40.6214,41.3402,0.0,0.0,1.0,0.0,0.0
42.2551,55.6368,89.6684,39.5719,93.0,76.092,75.753,67.699,1.0,1.0,1.0,1.0,1.0
66.1589,72.7159,78.6358,86.8263,76.0,15.482,58.3946,35.1714,0.0,1.0,1.0,0.0,0.0
3.7588,56.4721,60.9371,54.2817,26.0,34.5052,19.5117,65.8956,1.0,1.0,1.0,1.0,1.0
21.2147,57.9652,80.4612,90.074,49.0,53.7371,3.4215,17.1138,0.0,0.0,1.0,1.0,0.0
15.6987,69.4413,36.5008,68.3165,53.0,38.161,60.9537,35.3747,1.0,1.0,1.0,1.0,1.0
34.3026,0.9694,53.091,15.5375,12.0,41.0899,64.2288,31.0418,1.0,0.0,0.0,0.0,0.0
12.7802,60.665,93.5708,74.5636,82.0,37.0239,55.9426,88.7439,1.0,1.0,1.0,1.0,1.0
65.4049,70.4595,65.8323,20.1213,22.0,92.8054,22.7525,37.407,1.0,0.0,0.0,1.0,0.0
5.7704,70.1552,26.1847,16.0942,55.0,13.8187,56.7717,10.6467,0.0,1.0,0.0,0.0,0.0
34.7152,5.7037,99.0929,39.1405,72.0,25.7791,30.6909,20.9024,0.0,0.0,1.0,0.0,0.0
22.7126,75.5998,30.7321,50.2708,56.0,44.9031,21.9003,82.6537,0.0,0.0,1.0,0.0,1.0
46.8261,32.8516,78.6083,9.9784,57.0,42.0827,33.6812,80.0555,1.0,1.0,0.0,0.0,0.0
46.9192,60.7542,51.8172,35.4514,90.0,4.0214,28.79,36.6363,0.0,0.0,1.0,0.0,1.0
43.8282,52.6292,56.2276,50.0404,23.0,6.1211,32.3121,49.8234,0.0,0.0,1.0,0.0,0.0
25.2248,45.4755,5.1492,2.1129,27.0,19.3721,46.5414,88.4379,1.0,0.0,0.0,0.0,0.0
26.1825,64.2569,87.848,76.6604,61.0,46.9587,24.1963,57.3303,0.0,1.0,1.0,0.0,0.0
7.8308,48.1344,60.3198,45.5092,78.0,99.7283,80.2816,33.5033,0.0,0.0,0.0,1.0,0.0
2.3111,18.6337,81.3168,17.8924,82.0,46.8068,51.3939,61.2033,0.0,0.0,1.0,0.0,0.0
6.4956,51.7782,73.2166,19.1856,30.0,4.0074,75.6534,45.9615,1.0,1.0,1.0,1.0,1.0
56.5985,76.2473,45.7793,38.7556,11.0,60.6478,8.6463,76.4146,0.0,0.0,1.0,0.0,0.0
15.4574,35.4612,74.5681,35.4145,59.0,71.6636,6.2563,87.0502,1.0,0.0,1.0,1.0,1.0
21.9018,59.9211,99.0508,90.4114,63.0,35.959,36.365,65.3527,1.0,1.0,1.0,1.0,1.0
10.664,95.6716,63.3509,46.3861,94.0,79.0658,48.6251,54.4162,1.0,1.0,1.0,1.0,1.0
81.6161,2.6897,20.7694,99.9983,43.0,98.9987,68.2805,92.7672,0.0,0.0,0.0,0.0,1.0
19.1278,70.7177,91.3871,35.4691,44.0,22.2785,83.4699,92.8315,1.0,1.0,0.0,1.0,1.0
47.6318,14.1992,27.8054,45.8462,73.0,27.6832,67.4607,32.1117,0.0,0.0,1.0,0.0,0.0
36.3822,69.2662,90.0889,64.3446,9.0,66.2364,44.5873,81.8316,0.0,0.0,1.0,0.0,1.0
48.7016,53.7516,70.1491,50.5571,100.0,27.726,37.1765,73.7131,0.0,0.0,1.0,0.0,0.0
2.3887,61.1739,90.3695,39.701,34.0,52.8443,23.4545,32.5954,0.0,1.0,1.0,0.0,0.0
4.6907,14.5627,76.763,19.7523,99.0,39.0687,47.3239,46.1305,0.0,0.0,1.0,0.0,0.0
54.1295,71.2919,64.38,38.8297,100.0,57.2149,72.0494,64.9812,0.0,1.0,1.0,0.0,0.0
56.9059,66.2727,44.3342,94.4783,38.0,59.3243,76.1647,44.8554,0.0,1.0,1.0,0.0,0.0
47.9148,43.8152,54.6914,21.9605,72.0,35.0689,80.2431,18.4757,1.0,1.0,1.0,1.0,0.0
48.1699,45.9611,1.4521,78.3065,27.0,94.3789,84.452,94.4059,1.0,0.0,0.0,0.0,0.0
71.893,95.3303,89.632,7.3346,42.0,28.0859,30.727,8.3884,1.0,1.0,0.0,0.0,0.0
8.0854,86.1649,43.9753,73.7046,66.0,4.3635,43.4565,12.4424,0.0,1.0,0.0,0.0,0.0
51.3368,80.7477,31.4376,47.0607,62.0,13.5545,88.0901,71.3548,0.0,0.0,1.0,0.0,0.0
32.4864,86.9254,43.6747,65.5932,12.0,1.6046,12.7426,70.8335,0.0,0.0,1.0,0.0,0.0
28.5624,61.8498,32.8928,88.8135,89.0,11.9617,76.5954,77.6919,0.0,0.0,1.0,0.0,1.0
86.9704,5.7246,93.3727,98.7713,23.0,34.9757,3.9085,98.452,0.0,0.0,0.0,0.0,0.0
5.4333,54.5739,82.4884,33.3517,70.0,81.9832,33.9996,21.6989,0.0,0.0,1.0,0.0,0.0
42.3656,93.327,52.1548,29.6827,74.0,3.4657,94.5441,59.5731,1.0,1.0,1.0,0.0,0.0
7.6309,97.8667,19.9187,89.0652,87.0,90.5942,15.3787,73.7836,1.0,0.0,1.0,1.0,1.0
48.5017,98.2095,14.6873,53.0146,25.0,80.1623,22.736,59.8891,0.0,0.0,1.0,0.0,0.0
11.5152,57.9545,36.2427,27.4972,64.0,39.0668,56.6963,65.1188,0.0,1.0,1.0,0.0,0.0
71.2594,41.2558,76.669,25.4303,83.0,52.0235,3.1287,81.816,1.0,0.0,1.0,1.0,1.0
73.6136,88.5083,47.8601,25.8672,54.0,1.6686,17.2821,46.148,1.0,1.0,1.0,1.0,1.0
18.8109,82.4171,92.2581,93.6358,71.0,85.494,85.9512,35.3026,1.0,1.0,1.0,0.0,1.0
63.6018,86.1659,53.162,76.2217,96.0,20.3672,80.9191,3.9316,1.0,1.0,0.0,0.0,0.0
15.9727,95.5174,47.7142,48.4253,73.0,82.9202,38.8121,82.6883,0.0,0.0,1.0,0.0,0.0
66.2903,34.3684,67.6493,68.9889,57.0,21.0373,87.9387,43.6234,1.0,1.0,1.0,1.0,1.0
49.1302,41.0413,83.3107,38.3387,87.0,48.005,80.4602,74.1141,0.0,1.0,1.0,0.0,1.0
22.6836,22.9153,76.9519,64.0097,90.0,76.9651,93.9879,23.2153,0.0,1.0,1.0,0.0,0.0
81.2774,57.7522,83.8776,77.9275,60.0,46.2521,8.4902,73.11,0.0,0.0,0.0,0.0,0.0
71.0829,85.4189,72.2211,58.2758,25.0,68.7359,52.4896,58.6451,0.0,1.0,1.0,0.0,1.0
10.8078,40.1267,33.853,95.2989,59.0,0.1888,83.3894,78.0106,0.0,0.0,1.0,0.0,0.0
15.2664,59.0703,25.1218,55.5017,27.0,39.1368,84.3576,57.7919,0.0,0.0,1.0,0.0,0.0
44.481,62.4205,45.8905,75.9098,12.0,46.3361,40.8425,73.8789,1.0,1.0,1.0,1.0,1.0
47.8612,12.9141,95.1641,98.0754,50.0,57.4133,53.9827,73.3494,1.0,1.0,0.0,0.0,1.0
39.133,38.2559,54.3358,11.2502,53.0,2.9878,99.2257,27.1817,1.0,1.0,0.0,0.0,0.0
9.9039,64.4485,66.6836,28.9247,42.0,68.0666,57.6938,15.6144,0.0,1.0,1.0,0.0,0.0
57.0076,42.181,53.8745,93.5211,75.0,45.3586,7.6843,89.9178,1.0,1.0,0.0,1.0,1.0
33.2818,84.7794,47.5633,78.6866,70.0,8.328,1.4585,91.8404,0.0,0.0,1.0,1.0,1.0
56.6591,22.4436,57.18,98.7579,83.0,75.9312,94.6312,78.8811,1.0,1.0,1.0,1.0,0.0
40.3716,12.7401,59.3813,36.6439,42.0,37.3349,53.5152,30.981,1.0,0.0,0.0,0.0,1.0
69.2747,97.4183,41.1097,76.8496,13.0,58.1598,86.0678,38.1768,1.0,1.0,1.0,0.0,1.0
76.7104,81.687,59.1878,42.6918,58.0,65.4104,67.1406,42.9376,1.0,1.0,1.0,1.0,1.0
32.8369,9.555,80.7815,90.5569,98.0,22.2506,21.6401,66.5953,0.0,0.0,1.0,0.0,0.0
31.0598,46.5723,97.2947,61.8276,17.0,24.361,67.1293,84.1258,0.0,1.0,1.0,1.0,1.0
36.8511,34.8028,94.9679,82.5648,61.0,69.8502,67.7998,24.9461,0.0,1.0,1.0,0.0,0.0
58.7113,83.6449,28.9537,85.3302,44.0,24.8373,90.5052,22.8484,1.0,1.0,0.0,0.0,1.0
34.0134,50.5083,24.2766,89.9548,27.0,11.6251,0.0878,45.3786,1.0,0.0,1.0,1.0,1.0
10.377,36.031,54.6629,89.7674,54.0,86.139,51.6645,70.8244,0.0,0.0,1.0,0.0,0.0
75.2392,50.7623,93.6412,42.5633,50.0,80.5381,79.0664,28.2668,1.0,0.0,1.0,0.0,0.0
17.5137,45.1525,70.7333,12.6238,99.0,38.9879,95.9427,93.7602,1.0,1.0,0.0,0.0,0.0
43.6873,60.5278,85.4278,32.3206,48.0,84.8495,68.4392,72.5744,0.0,0.0,1.0,0.0,0.0
48.6822,47.3173,0.94,44.8851,97.0,97.9294,60.1891,64.732,1.0,0.0,0.0,0.0,0.0
18.184,49.6104,19.9065,38.3298,23.0,5.406,27.0433,51.7935,0.0,0.0,1.0,0.0,0.0
41.3729,42.1467,18.3477,90.1909,63.0,53.8156,4.2231,42.461,1.0,0.0,0.0,1.0,1.0
37.0976,84.6623,64.5538,52.8372,26.0,4.07,69.5093,30.2132,1.0,1.0,1.0,1.0,1.0
51.4914,76.9662,62.2258,42.8527,99.0,9.2502,52.8044,16.9039,0.0,1.0,1.0,0.0,0.0
17.5125,83.0034,87.769,2.3209,16.0,51.9513,41.8834,51.7649,0.0,1.0,0.0,0.0,0.0
9.5224,73.5068,78.8945,42.755,33.0,30.0284,66.6083,8.4925,1.0,1.0,1.0,1.0,1.0
63.7779,97.5782,8.7366,77.795,58.0,82.5525,54.9956,29.1548,1.0,1.0,0.0,0.0,0.0
70.9152,68.8494,70.1304,30.9593,65.0,48.2006,16.5357,77.9743,1.0,1.0,0.0,1.0,1.0
65.2599,67.0148,65.562,27.9015,46.0,81.873,46.218,79.1366,1.0,1.0,0.0,1.0,1.0
1.5279,62.0227,39.3423,32.1604,15.0,27.997,80.7637,30.2198,0.0,1.0,1.0,0.0,0.0
85.6602,51.9419,20.8416,48.3646,33.0,82.8768,42.0063,77.7942,1.0,0.0,0.0,0.0,0.0
59.7092,71.1551,6.0624,86.377,34.0,9.5002,73.3351,15.2323,0.0,0.0,0.0,0.0,0.0
66.9126,23.8596,29.9802,90.6291,53.0,57.1086,13.4706,57.7331,1.0,0.0,0.0,1.0,0.0
48.7622,41.216,35.8606,1.9335,67.0,14.0306,77.653,48.4069,1.0,1.0,0.0,0.0,0.0
18.1537,59.3833,14.4524,30.8425,6.0,60.984,68.2296,31.6141,1.0,1.0,0.0,0.0,0.0
14.7257,62.3737,56.454,99.3385,63.0,58.0481,61.9407,36.508,0.0,1.0,1.0,0.0,0.0
19.0055,97.6415,84.16,99.121,21.0,71.2463,85.5755,42.6249,1.0,1.0,1.0,1.0,1.0
43.2027,30.7746,17.5786,29.1218,93.0,64.7847,28.0307,77.6976,1.0,1.0,0.0,1.0,0.0
47.7227,66.461,61.1936,72.7914,14.0,32.5808,73.876,34.6642,0.0,1.0,1.0,0.0,0.0
53.3522,10.4137,20.7681,78.3866,77.0,19.5615,25.9082,81.072,0.0,0.0,1.0,0.0,0.0
80.4261,93.9383,32.3167,89.9344,30.0,99.6872,35.7223,27.9235,0.0,0.0,0.0,0.0,1.0
34.3109,98.3037,92.9564,39.6383,26.0,85.2423,55.2389,65.8897,1.0,1.0,1.0,1.0,1.0
29.0735,94.4822,44.426,69.9301,44.0,7.8003,63.1893,18.3269,1.0,1.0,1.0,1.0,1.0
57.4709,87.4558,36.081,95.5315,67.0,41.6149,76.2982,21.131,1.0,1.0,0.0,1.0,1.0
71.5708,89.1075,19.2091,44.2898,26.0,34.0871,24.9858,13.3829,1.0,1.0,0.0,0.0,1.0
78.4099,23.8813,99.2784,72.7127,44.0,92.3977,30.4029,86.0028,1.0,0.0,0.0,1.0,0.0
15.8199,81.8564,36.8843,75.3588,87.0,9.7022,16.8133,26.3829,0.0,1.0,1.0,0.0,0.0
82.4842,97.6878,88.7715,89.465,61.0,98.4184,93.3431,78.5889,0.0,0.0,0.0,0.0,0.0
59.298,82.1447,18.1884,96.256,79.0,63.7228,77.078,61.0717,0.0,1.0,0.0,0.0,0.0
51.1961,35.2473,46.7171,32.3725,69.0,61.4591,74.2929,44.8682,0.0,0.0,1.0,0.0,0.0
38.3692,96.9926,58.8614,60.8436,67.0,14.3869,49.4862,53.4584,0.0,1.0,1.0,0.0,1.0
0.8724,62.1567,19.8722,92.5242,42.0,7.6399,15.9449,37.3111,0.0,0.0,1.0,0.0,0.0
43.7207,89.9949,94.3727,69.5756,56.0,52.7891,66.2409,38.6043,0.0,1.0,1.0,1.0,0.0
42.4761,61.3734,10.4142,62.0261,44.0,77.6009,60.629,58.5802,0.0,0.0,0.0,0.0,0.0
71.1525,69.4722,52.8228,49.4532,10.0,17.823,85.3576,99.9089,0.0,0.0,0.0,1.0,1.0
86.5622,48.6134,50.3104,88.3275,29.0,56.9091,28.6638,18.6274,0.0,0.0,0.0,0.0,0.0
29.1703,85.5238,69.5909,57.9443,6.0,57.121,59.1752,17.1823,0.0,0.0,1.0,0.0,0.0
52.017,54.6012,42.0318,52.7957,77.0,2.5326,55.1188,26.6266,0.0,1.0,1.0,0.0,1.0
74.6506,57.9672,12.0622,36.9834,37.0,78.0698,6.7275,12.0943,0.0,0.0,0.0,0.0,0.0
3.2516,41.3886,43.0045,82.8141,9.0,66.2017,18.8614,33.7765,0.0,1.0,1.0,0.0,0.0
97.6711,66.705,17.7376,80.7524,16.0,75.4177,15.3519,11.5527,1.0,0.0,0.0,0.0,0.0
18.5008,10.0001,89.4025,28.748,55.0,68.4067,97.5435,32.5742,0.0,0.0,1.0,0.0,0.0
92.004,5.3648,90.7218,38.4401,91.0,48.1756,17.8021,43.0872,1.0,0.0,0.0,0.0,0.0
76.3218,99.5531,49.386,55.2701,48.0,4.4584,79.6079,35.6638,0.0,0.0,1.0,0.0,0.0
48.783,43.5429,40.9989,47.6898,91.0,14.024,24.8204,65.7758,0.0,1.0,1.0,0.0,1.0
33.4547,25.8038,42.3846,73.8322,46.0,44.0528,89.173,58.1558,0.0,1.0,1.0,0.0,0.0
53.7267,79.6449,92.7816,95.718,27.0,16.0899,6.7845,47.6194,1.0,1.0,1.0,1.0,1.0
21.1445,39.1794,95.9101,35.407,24.0,21.4167,52.568,34.9775,1.0,1.0,1.0,0.0,1.0
31.1343,43.8313,19.8484,55.9621,59.0,66.2974,10.7713,81.217,1.0,1.0,1.0,0.0,1.0
0.9591,90.2605,86.8479,97.1205,13.0,51.1788,40.6271,28.2371,0.0,1.0,1.0,0.0,0.0
45.6482,91.8253,72.8735,19.9541,82.0,82.7836,18.4612,1.4246,1.0,1.0,0.0,0.0,0.0
21.8134,48.4249,61.3991,53.0641,64.0,45.0045,11.8431,65.1013,0.0,1.0,1.0,0.0,0.0
30.5639,69.3467,62.0518,16.2951,94.0,25.6312,21.7601,28.794,1.0,1.0,0.0,1.0,1.0
58.2062,58.0361,65.8009,13.5361,94.0,72.4327,64.8998,57.1,1.0,1.0,0.0,0.0,0.0
51.5188,44.9272,91.1054,4.3805,38.0,12.3842,58.3193,81.5249,0.0,1.0,0.0,0.0,0.0
2.5263,41.6954,69.3917,11.8963,14.0,63.9272,53.1686,54.1563,1.0,1.0,0.0,0.0,0.0
0.3489,55.0517,64.8074,48.9598,48.0,68.8873,97.1273,59.1364,0.0,0.0,1.0,0.0,0.0
0.613,52.6132,87.0929,58.0081,86.0,24.4782,6.2185,52.9905,0.0,0.0,1.0,1.0,1.0
48.7716,41.6058,89.1662,74.1219,8.0,73.4758,58.26,42.7504,1.0,1.0,1.0,1.0,1.0
53.3184,40.8575,86.2503,77.1239,24.0,73.9574,94.0247,11.0536,0.0,0.0,1.0,0.0,0.0
76.1967,91.2408,80.1919,96.4611,86.0,58.9603,87.7689,10.1576,1.0,1.0,0.0,1.0,0.0
5.5194,26.9451,44.3228,92.5373,76.0,31.895,78.5846,54.7192,0.0,1.0,1.0,0.0,0.0
7.9046,90.8421,99.9272,92.4655,56.0,18.6942,20.8583,55.9614,0.0,1.0,1.0,0.0,0.0
49.4135,84.678,82.9857,63.3736,55.0,23.9115,34.3173,21.6286,1.0,1.0,1.0,1.0,1.0
56.6428,89.5226,76.3217,79.2144,74.0,92.8505,7.4633,64.374,0.0,0.0,1.0,0.0,0.0
3.0797,39.2801,87.8793,34.84,66.0,48.1676,40.0054,25.0127,0.0,1.0,1.0,0.0,0.0
29.8648,81.4364,12.7347,33.3091,84.0,83.1103,8.609,16.6683,0.0,0.0,1.0,0.0,0.0
9.4727,22.1953,79.1959,29.1358,78.0,16.1533,73.4886,24.2283,0.0,0.0,1.0,0.0,0.0
32.4718,90.9698,67.6021,30.5947,43.0,42.3084,96.8573,65.9161,0.0,0.0,1.0,0.0,0.0
31.1426,28.8449,31.6305,36.3948,71.0,77.536,32.2172,42.2713,1.0,1.0,1.0,1.0,1.0
58.0044,24.4719,63.9356,75.0509,47.0,86.2399,0.288,49.138,0.0,0.0,1.0,0.0,1.0
43.7433,17.0311,23.8723,1.2855,94.0,61.4039,52.2203,27.313,1.0,1.0,0.0,0.0,0.0
79.7784,39.3837,11.9118,41.1338,83.0,38.8901,3.8958,16.2785,1.0,0.0,1.0,0.0,1.0
48.355,82.4581,84.8565,29.2708,53.0,95.7435,54.7401,85.9424,0.0,0.0,1.0,0.0,0.0
48.8929,62.7702,22.2708,12.9757,91.0,52.2308,31.5768,85.6349,1.0,1.0,1.0,0.0,0.0
68.0106,1.3675,18.2887,89.2365,50.0,5.003,80.4688,81.3915,0.0,0.0,0.0,0.0,0.0
9.2282,76.7913,81.1094,64.4413,43.0,28.5559,94.0845,15.946,0.0,1.0,1.0,0.0,0.0
20.1006,83.494,96.7251,75.7847,41.0,82.7412,78.4694,35.1748,1.0,1.0,1.0,1.0,1.0
71.7905,94.4176,63.4578,38.0546,18.0,57.1704,52.4326,84.9749,1.0,1.0,0.0,1.0,1.0
3.9075,83.3758,98.3003,71.143,62.0,24.0512,26.7098,53.2135,0.0,1.0,1.0,1.0,1.0
25.6959,95.1416,98.9981,35.9503,66.0,23.4703,77.8835,38.2215,0.0,1.0,1.0,1.0,1.0
34.783,90.0129,65.7169,22.7453,56.0,60.1254,89.2284,21.8973,0.0,1.0,0.0,0.0,0.0
60.3544,13.6097,41.4402,99.9351,45.0,36.0622,33.6507,24.0685,1.0,1.0,0.0,0.0,1.0
67.4095,36.1971,95.9297,94.0827,99.0,20.5684,29.4648,94.0827,0.0,0.0,1.0,1.0,0.0
37.5803,68.095,89.889,53.9631,36.0,68.3609,4.9325,59.594,1.0,1.0,0.0,1.0,1.0
43.2108,45.8673,49.6269,40.601,41.0,25.9555,86.6734,72.6235,0.0,1.0,1.0,0.0,0.0
74.9614,57.6716,40.0626,7.3061,40.0,93.2638,75.6764,44.2197,1.0,0.0,0.0,0.0,0.0
56.8688,59.9143,53.355,17.4725,62.0,22.1636,72.3145,76.6192,0.0,1.0,1.0,0.0,0.0
61.4234,64.1133,96.8258,94.6333,92.0,57.0469,20.4253,14.2398,1.0,1.0,1.0,1.0,1.0
69.0384,58.1177,29.4287,78.2178,42.0,75.0677,7.4246,35.232,1.0,1.0,0.0,1.0,1.0
86.977,56.6914,76.9872,18.6123,64.0,86.1121,57.8194,83.7173,0.0,0.0,0.0,0.0,0.0
71.9582,64.5439,96.1883,78.4816,14.0,2.8281,52.0639,79.7785,0.0,1.0,0.0,0.0,0.0
26.6871,73.3337,43.9903,58.7964,40.0,12.4328,79.0434,36.3894,1.0,1.0,1.0,1.0,1.0
54.797,19.8583,48.8011,79.3424,53.0,56.9899,44.1178,55.0526,0.0,0.0,1.0,0.0,0.0
40.0633,73.0555,70.2959,70.265,31.0,44.8033,0.0717,49.9438,0.0,0.0,1.0,1.0,1.0
36.9302,27.395,34.0654,5.5943,34.0,1.351,33.3918,25.0846,1.0,1.0,0.0,0.0,0.0
18.5149,95.1521,37.7684,59.2266,86.0,18.8114,92.2724,76.8143,1.0,1.0,1.0,1.0,1.0
4.6466,96.2186,33.4045,53.6038,42.0,31.9906,94.3749,54.4412,0.0,1.0,1.0,0.0,0.0
41.1365,34.4774,27.7415,31.3981,44.0,51.0394,62.8007,28.0609,0.0,0.0,1.0,0.0,1.0
47.6403,94.4947,65.3907,80.8391,99.0,15.9947,65.3406,34.0114,1.0,1.0,0.0,1.0,1.0
19.4495,63.5631,80.151,61.9967,40.0,26.6609,60.7406,20.5867,0.0,1.0,1.0,0.0,0.0
60.5761,50.2437,25.8834,68.7224,50.0,72.6567,32.4895,76.5821,1.0,0.0,1.0,1.0,1.0
21.0435,52.5535,24.8785,16.2649,38.0,25.4188,76.245,61.7046,0.0,1.0,1.0,0.0,0.0
32.3131,31.1497,75.302,67.77,69.0,38.5795,45.4289,31.0444,1.0,1.0,1.0,1.0,1.0
2.3434,64.6191,99.9037,63.2961,43.0,67.3886,7.0321,19.6226,1.0,1.0,1.0,1.0,1.0
15.691,34.001,52.1745,98.0167,98.0,75.2206,94.0859,72.1421,0.0,0.0,1.0,0.0,0.0
49.3483,59.5081,34.8662,77.2808,72.0,82.2949,34.8526,73.0841,0.0,0.0,1.0,0.0,0.0
89.3676,2.5835,94.5843,69.2241,64.0,44.8178,30.5419,75.2678,1.0,0.0,0.0,0.0,0.0
19.0402,47.9369,50.0174,49.7566,16.0,61.0925,99.7453,54.3525,0.0,0.0,1.0,0.0,0.0
20.3902,48.548,97.3914,94.4447,72.0,78.0727,15.7092,41.4522,0.0,0.0,1.0,0.0,0.0
46.4855,87.8851,49.2025,85.1001,54.0,10.0588,52.2072,56.0873,0.0,1.0,1.0,1.0,1.0
41.1908,61.7525,23.2592,78.2777,9.0,1.3272,96.9678,78.7846,0.0,0.0,1.0,0.0,0.0
13.2017,47.5747,25.5718,78.2357,0.0,36.8934,34.8024,27.2427,0.0,0.0,0.0,0.0,1.0
18.9753,71.3218,91.479,44.6454,81.0,0.9339,59.0726,26.584,0.0,1.0,1.0,0.0,1.0
19.2521,48.3735,36.1911,43.4723,11.0,47.6916,99.5114,27.5018,0.0,0.0,1.0,0.0,0.0
31.5982,87.8838,72.2724,58.4827,80.0,71.9068,11.9358,52.7316,0.0,0.0,1.0,0.0,1.0
73.7085,26.2027,66.5834,25.6988,31.0,85.1025,40.7139,58.8714,0.0,0.0,1.0,0.0,0.0
13.1001,84.1604,98.3115,52.2538,81.0,65.6153,24.2574,66.0904,1.0,1.0,1.0,1.0,1.0
68.8335,29.9787,88.1335,39.9911,96.0,21.1943,83.0874,93.77,1.0,0.0,0.0,0.0,1.0
5.9521,28.9424,94.9597,42.5359,36.0,87.7081,51.4943,21.181,0.0,0.0,1.0,0.0,0.0
2.4894,64.7634,78.1991,80.4453,46.0,90.7862,54.7765,41.8176,0.0,0.0,1.0,0.0,0.0
23.161,72.7042,67.5372,74.883,89.0,93.6898,62.6252,85.9255,1.0,0.0,1.0,1.0,1.0
14.6492,64.0284,90.5001,75.6897,34.0,12.744,37.346,36.2873,0.0,1.0,1.0,0.0,0.0
46.8431,32.8845,65.8678,26.1934,58.0,32.8851,1.6891,29.4096,1.0,0.0,1.0,1.0,1.0
54.8135,79.8754,54.5018,51.5518,43.0,17.8818,41.0727,62.8127,0.0,1.0,1.0,0.0,0.0
75.6511,83.2641,34.1398,74.9878,64.0,14.682,4.0705,88.2544,0.0,0.0,0.0,0.0,0.0
76.6651,94.0928,40.0787,7.7094,43.0,8.7299,18.9363,84.618,1.0,1.0,0.0,0.0,0.0
58.5678,39.2046,82.7403,73.0568,72.0,1.7609,64.1285,57.439,0.0,1.0,1.0,0.0,0.0
68.6102,29.9777,52.9549,88.8696,33.0,33.9264,79.2343,43.6439,0.0,1.0,1.0,0.0,0.0
0.4418,21.8103,20.7788,68.2108,92.0,78.1482,17.9831,37.7999,0.0,0.0,1.0,0.0,0.0
7.0956,50.71,53.8797,37.5506,17.0,71.7512,61.1199,74.4011,0.0,0.0,1.0,0.0,0.0
62.8775,63.7685,14.3084,93.9371,40.0,40.3777,67.7031,26.3954,1.0,1.0,0.0,0.0,0.0
57.2011,41.0878,15.3203,62.2943,54.0,8.9519,38.7237,15.0977,0.0,1.0,0.0,0.0,0.0
35.1596,82.5164,24.7455,88.9938,49.0,28.3969,90.2802,13.3691,0.0,1.0,1.0,0.0,0.0
5.4139,8.8738,38.2939,5.5047,88.0,32.3665,73.462,17.3717,0.0,0.0,0.0,0.0,0.0
49.9134,89.1673,43.141,57.901,39.0,60.6552,41.1918,23.2893,0.0,1.0,1.0,0.0,0.0
16.4909,49.2093,43.4024,42.0992,97.0,16.7955,88.8185,78.6893,1.0,1.0,1.0,1.0,1.0
41.9151,37.6462,77.3986,60.9735,21.0,34.0454,41.2611,72.4624,0.0,0.0,1.0,0.0,0.0
56.6793,93.4094,75.8476,73.3659,74.0,83.8464,81.5184,26.6917,0.0,0.0,1.0,0.0,0.0
50.1582,56.4068,92.356,76.3608,18.0,37.1863,70.4431,58.5597,1.0,1.0,1.0,1.0,1.0
26.2136,74.7335,79.2057,44.783,88.0,13.846,14.5812,66.6254,1.0,1.0,1.0,1.0,1.0
55.9922,86.145,77.683,26.8144,31.0,53.3962,51.4848,51.0139,1.0,1.0,0.0,1.0,1.0
62.3805,36.2231,99.5042,77.2893,6.0,59.3784,96.483,84.7513,1.0,1.0,0.0,0.0,0.0
19.3924,60.4423,42.9754,73.5516,74.0,66.3274,64.5859,53.5468,0.0,0.0,1.0,0.0,0.0
61.6655,51.0283,46.8752,77.1983,83.0,52.8039,73.6911,23.0983,0.0,1.0,1.0,0.0,0.0
33.7164,94.4456,84.665,66.2452,50.0,40.2345,28.2166,95.4029,1.0,1.0,0.0,1.0,1.0
21.1432,69.4618,64.6132,48.9775,29.0,65.6209,84.1378,83.9192,0.0,1.0,1.0,0.0,0.0
23.8688,94.7523,77.7588,79.4721,96.0,30.6162,48.8919,3.3678,1.0,1.0,0.0,0.0,1.0
37.2274,23.1226,47.4352,64.6805,98.0,91.1506,79.4192,46.5071,1.0,0.0,0.0,0.0,1.0
72.1544,44.7952,82.1057,72.4916,55.0,7.0731,99.1709,78.6595,1.0,1.0,1.0,0.0,0.0
15.7575,12.1231,68.794,77.1431,0.0,44.8619,30.4918,13.1994,1.0,0.0,0.0,0.0,1.0
41.2985,29.0502,7.1914,79.7381,56.0,39.8427,83.7185,27.416,1.0,0.0,1.0,0.0,0.0
9.909,97.4263,40.9282,58.2707,55.0,30.1507,89.6476,89.8562,0.0,0.0,1.0,0.0,0.0
3.7963,58.6234,78.9479,90.5301,20.0,32.6418,83.8904,49.5662,0.0,1.0,1.0,0.0,1.0
58.2591,9.8942,98.5101,35.6261,56.0,64.638,3.3038,49.1207,0.0,0.0,1.0,0.0,0.0
18.094,86.5015,39.6059,85.8376,100.0,69.0095,61.7992,35.1136,1.0,1.0,0.0,1.0,1.0
44.7875,54.1365,90.0306,76.732,33.0,39.9373,60.665,85.7021,0.0,1.0,1.0,0.0,0.0
5.4568,75.278,82.185,57.5538,80.0,49.1634,94.331,27.8132,0.0,1.0,1.0,0.0,0.0
42.3664,17.1119,41.1472,72.8224,50.0,1.9838,84.4979,49.6785,0.0,0.0,1.0,0.0,0.0
65.4265,58.0403,87.5651,89.2594,37.0,27.9869,8.6561,43.1434,0.0,0.0,0.0,0.0,0.0
54.4309,56.6762,65.8261,52.5328,54.0,32.4944,72.4961,89.9465,1.0,1.0,1.0,1.0,1.0
31.8898,93.0679,53.9056,70.4347,54.0,2.1955,17.3965,84.094,1.0,1.0,1.0,1.0,1.0
35.4988,50.8644,59.1683,88.3755,22.0,68.8156,69.1969,52.0297,0.0,0.0,1.0,0.0,0.0
54.3174,43.1885,77.5167,63.3886,38.0,32.3779,46.315,9.6567,1.0,1.0,0.0,1.0,1.0
10.8286,98.0712,48.0931,48.1559,33.0,24.3254,17.0079,76.5343,0.0,1.0,1.0,1.0,0.0
46.1463,97.3874,80.281,69.4145,73.0,63.5555,19.8545,47.1625,0.0,1.0,1.0,0.0,0.0
57.1185,2.7656,18.0021,33.5913,34.0,94.0207,99.1938,79.7747,0.0,0.0,0.0,0.0,0.0
35.8847,54.0614,77.5177,51.3865,14.0,17.5146,25.6546,30.1206,1.0,1.0,0.0,1.0,1.0
26.6473,61.8873,71.4308,61.7954,95.0,2.1173,48.2309,55.2203,1.0,1.0,0.0,1.0,1.0
21.7893,81.8545,94.3804,63.1889,6.0,29.3514,80.7488,25.4577,0.0,1.0,0.0,0.0,0.0
10.772,65.3798,70.0943,29.8015,10.0,8.4268,36.8036,57.6347,0.0,0.0,0.0,0.0,1.0
35.8621,64.8995,79.5365,35.0776,78.0,25.6504,33.512,48.3519,1.0,1.0,0.0,1.0,1.0
90.1389,6.7438,97.0516,3.4793,90.0,0.1327,12.7797,77.5345,0.0,0.0,0.0,0.0,0.0
10.1481,62.3674,78.9224,49.1442,70.0,12.1166,48.8529,15.3185,0.0,1.0,1.0,0.0,1.0
3.3613,35.5885,78.5098,75.9653,42.0,59.0607,76.8827,94.7684,0.0,0.0,1.0,0.0,0.0
35.087,73.9663,37.2566,38.4495,45.0,4.7195,74.2795,48.8521,0.0,1.0,0.0,0.0,1.0
77.7164,63.1741,79.6741,51.8574,32.0,53.5074,35.2555,64.5116,0.0,0.0,1.0,0.0,0.0
29.6001,70.2554,59.6133,24.3285,45.0,16.6843,42.1823,22.9724,1.0,1.0,1.0,0.0,1.0
66.0763,86.5282,80.2266,87.282,1.0,68.4762,77.5366,62.3183,0.0,0.0,0.0,0.0,0.0
72.0754,70.7063,25.85,56.0067,39.0,77.1984,84.8851,87.3155,0.0,0.0,0.0,0.0,0.0
29.9741,95.1939,32.3599,92.4474,35.0,91.0845,10.2941,92.3155,0.0,0.0,1.0,0.0,0.0
79.5104,65.0071,66.4787,89.3561,84.0,68.8582,88.2897,42.0357,1.0,1.0,1.0,1.0,1.0
29.0945,29.4425,56.2871,58.1242,89.0,59.718,75.7682,90.2485,0.0,0.0,1.0,0.0,0.0
62.7155,73.7653,76.2038,44.1579,84.0,59.2056,13.5673,22.5814,0.0,0.0,1.0,0.0,0.0
36.0073,47.7095,60.5282,52.5087,31.0,52.3516,69.381,56.9621,0.0,1.0,1.0,0.0,0.0
13.1678,98.8929,36.2616,59.6321,29.0,29.0774,30.1591,43.8513,1.0,1.0,0.0,1.0,1.0
16.8982,73.1403,83.1635,9.8266,72.0,40.9947,65.2873,2.2734,0.0,1.0,0.0,0.0,0.0
13.7815,24.8594,57.0733,73.2601,95.0,5.5985,70.2834,41.2296,0.0,1.0,1.0,0.0,0.0
65.6125,56.7599,38.58,13.7896,87.0,19.9698,30.9226,56.7544,1.0,1.0,0.0,1.0,0.0
62.5842,57.204,46.9981,51.0179,46.0,69.3172,8.6361,64.3604,0.0,0.0,1.0,0.0,0.0
33.0121,74.2976,88.7895,79.1366,63.0,69.7259,55.7071,68.2353,0.0,0.0,1.0,0.0,1.0
47.8857,70.452,52.9176,67.549,58.0,26.4931,35.2953,88.6159,0.0,0.0,0.0,0.0,1.0
1.5141,66.3372,62.4884,46.7732,89.0,75.2377,61.1209,24.7318,1.0,1.0,1.0,1.0,1.0
60.3086,98.017,36.8177,53.9362,26.0,53.9943,95.1251,44.3064,0.0,0.0,1.0,0.0,0.0
19.1966,36.9461,1.3623,70.4684,82.0,87.1704,5.3697,75.9624,0.0,0.0,0.0,0.0,0.0
3.6502,41.5868,86.7584,64.6608,16.0,68.3919,33.2354,24.7217,0.0,0.0,1.0,0.0,0.0
48.45,69.8787,53.0334,49.0714,46.0,2.9417,66.4994,50.3823,1.0,1.0,1.0,1.0,1.0
17.1693,59.4136,95.7655,77.511,50.0,32.8963,20.5749,42.8694,0.0,0.0,1.0,1.0,0.0
59.8414,75.5944,23.0233,91.7576,90.0,73.3122,57.4836,44.9699,1.0,1.0,0.0,1.0,1.0
63.1317,21.2783,89.2156,89.468,28.0,34.1397,2.7361,30.0023,1.0,0.0,1.0,1.0,1.0
27.151,96.8266,89.3889,39.6708,80.0,42.512,74.8385,7.9235,0.0,1.0,0.0,0.0,0.0
58.7692,31.199,52.7759,68.574,10.0,26.2674,30.3075,81.2038,1.0,1.0,0.0,1.0,0.0
23.4862,59.0576,25.3204,19.0538,51.0,84.155,23.8353,10.2427,0.0,0.0,1.0,0.0,0.0
33.8056,82.8309,52.6341,95.4349,4.0,43.3404,31.5616,36.5503,0.0,0.0,1.0,0.0,0.0
36.9724,48.8166,76.8669,51.9492,59.0,56.7764,53.5914,47.4251,1.0,1.0,1.0,1.0,1.0
15.1514,28.5091,27.4481,95.309,4.0,87.7172,16.2475,16.3947,1.0,0.0,0.0,0.0,0.0
61.184,58.2044,78.9916,46.4626,89.0,17.6326,97.5185,72.4279,1.0,1.0,0.0,0.0,0.0
67.9679,79.9599,33.1736,84.927,52.0,5.5388,84.7654,63.1418,1.0,1.0,1.0,1.0,1.0
0.6848,61.1391,75.2516,78.8968,96.0,33.0233,47.6192,29.9928,0.0,0.0,1.0,0.0,0.0
95.8061,65.4779,81.7965,1.3484,85.0,20.2238,23.5143,35.4174,1.0,0.0,0.0,0.0,0.0
46.2463,37.1056,58.1862,40.2203,26.0,41.3738,65.8631,88.0895,0.0,1.0,1.0,0.0,0.0
47.4431,73.7586,59.4314,45.6205,66.0,41.7093,33.8592,69.3831,0.0,1.0,1.0,0.0,0.0
5.7616,50.2896,85.2881,37.8525,92.0,64.613,95.2314,62.1682,0.0,1.0,1.0,0.0,0.0
26.7954,98.5132,62.7424,38.2744,73.0,25.1723,95.3984,40.2372,0.0,1.0,1.0,0.0,0.0
33.4093,63.8126,79.4024,31.4892,46.0,47.1372,78.6611,14.1296,0.0,1.0,0.0,0.0,0.0
20.8979,60.4502,58.8055,99.9582,99.0,88.0701,4.5826,23.9495,1.0,0.0,0.0,1.0,1.0
78.7741,39.8805,90.387,64.5802,27.0,85.4162,66.3793,33.9604,0.0,0.0,0.0,0.0,0.0
87.0595,54.6313,55.5182,86.2237,21.0,32.7979,61.4604,63.3786,1.0,1.0,0.0,1.0,0.0
21.8921,53.2359,24.3,25.8983,68.0,65.3735,77.4464,13.3564,0.0,1.0,0.0,0.0,0.0
57.431,32.8211,77.6946,44.7893,50.0,47.0854,51.0132,22.0571,1.0,1.0,1.0,1.0,1.0
51.8375,33.0834,31.0784,60.4287,43.0,63.7314,56.0894,70.9812,0.0,0.0,1.0,0.0,0.0
63.1006,90.0702,91.4992,89.2131,73.0,22.9254,39.9316,30.071,0.0,1.0,1.0,0.0,0.0
7.3236,26.8615,46.9246,79.45,20.0,64.0481,21.104,66.8504,1.0,1.0,1.0,1.0,1.0
13.3511,99.9914,33.5377,75.5341,60.0,80.4377,78.1995,60.6813,1.0,1.0,1.0,1.0,1.0
1.2474,9.0446,9.4656,52.7494,11.0,33.6427,6.4134,67.118,1.0,0.0,0.0,0.0,0.0
1.3091,45.0172,35.392,65.3705,86.0,37.9536,0.5411,75.2479,0.0,0.0,0.0,1.0,1.0
68.3233,22.5223,73.8218,21.0551,63.0,77.0055,79.7614,67.8982,1.0,1.0,0.0,0.0,1.0
36.7058,79.7531,89.5768,54.3685,75.0,19.8568,24.2877,28.251,1.0,1.0,0.0,1.0,1.0
36.8455,88.7568,48.0468,59.2139,58.0,91.5649,31.0721,65.2007,0.0,0.0,1.0,0.0,1.0
56.5494,46.3424,32.7469,79.3996,75.0,5.9776,39.6461,42.6477,1.0,1.0,0.0,1.0,1.0
33.3032,19.95,44.9142,53.6567,14.0,28.1309,76.7919,18.9644,1.0,1.0,0.0,0.0,1.0
34.8794,37.2546,78.1107,92.8037,18.0,52.307,96.5998,28.6426,0.0,0.0,1.0,0.0,0.0
32.6318,96.9487,61.0893,72.4169,44.0,28.0092,86.678,27.8698,1.0,1.0,1.0,1.0,1.0
53.345,27.337,70.2976,94.186,20.0,3.0827,6.9968,80.7495,0.0,0.0,1.0,0.0,0.0
6.4172,92.0918,21.6998,89.2225,69.0,52.8906,45.6012,57.3835,0.0,0.0,1.0,0.0,0.0
24.4017,73.2079,99.1667,41.4986,37.0,28.2275,23.7691,70.4987,0.0,1.0,0.0,0.0,0.0
63.1236,95.5168,94.9887,63.5917,81.0,44.4628,7.345,63.9162,1.0,1.0,1.0,1.0,1.0
45.6203,54.909,31.0715,60.5555,24.0,52.9296,4.5854,35.6299,0.0,0.0,1.0,0.0,0.0
28.039,76.0027,32.9763,14.6975,44.0,43.5405,91.9933,7.8288,0.0,1.0,0.0,0.0,0.0
30.8763,62.7353,16.8328,90.4531,62.0,70.4737,53.0895,49.5932,0.0,0.0,1.0,0.0,0.0
0.3479,31.1037,49.7947,66.0284,92.0,10.0186,89.724,20.9211,0.0,1.0,1.0,0.0,1.0
46.3265,85.2138,47.5999,92.9178,47.0,16.042,35.6135,39.6703,0.0,0.0,1.0,0.0,0.0
3.6074,90.0933,26.096,65.8459,95.0,8.2257,28.3692,31.6841,0.0,1.0,1.0,0.0,1.0
31.9342,51.8941,50.4164,48.6069,15.0,51.3222,90.5045,44.6148,0.0,0.0,1.0,0.0,0.0
49.5879,26.6056,49.3404,56.5456,88.0,23.3975,62.6159,83.2116,0.0,0.0,1.0,0.0,0.0
7.6426,89.6866,85.8441,76.536,78.0,61.2281,97.4187,76.1409,1.0,1.0,1.0,0.0,0.0
9.0222,89.4836,91.837,99.6838,87.0,44.3513,68.4178,38.931,0.0,1.0,1.0,1.0,0.0
13.4084,84.4793,13.6948,51.9866,10.0,7.746,2.4074,26.3993,0.0,0.0,0.0,0.0,0.0
32.103,80.7896,95.1026,50.2828,65.0,41.9409,49.1644,33.8251,1.0,1.0,1.0,1.0,1.0
30.1877,26.2208,83.2791,93.1783,44.0,5.5366,0.5909,9.4084,1.0,0.0,1.0,1.0,1.0
8.1654,53.2778,95.4918,91.983,55.0,89.7012,95.6969,66.8995,0.0,0.0,1.0,0.0,0.0
76.1819,62.8152,56.8693,85.3958,9.0,49.752,86.3846,28.1157,1.0,1.0,0.0,0.0,0.0
44.9697,34.4031,73.1058,57.8367,64.0,76.3697,31.0205,33.6717,0.0,0.0,1.0,0.0,0.0
5.1805,38.0899,43.4672,48.4907,45.0,95.0698,8.7771,54.7703,0.0,0.0,1.0,0.0,0.0
6.3561,17.4284,47.0448,79.5007,46.0,1.1533,2.075,51.3949,0.0,0.0,1.0,0.0,0.0
66.037,72.4324,66.9999,83.1502,34.0,12.0075,29.2767,12.0941,0.0,1.0,1.0,0.0,0.0
13.0461,67.2252,51.8937,16.9439,19.0,87.9257,24.3042,27.1611,1.0,1.0,0.0,0.0,1.0
13.7565,55.1827,65.3382,93.1551,61.0,82.5312,72.3532,32.9327,0.0,0.0,1.0,0.0,1.0
2.4236,50.5811,57.1296,97.7241,25.0,18.6148,73.6153,34.4403,0.0,1.0,1.0,0.0,0.0
27.8868,61.4574,17.1953,49.3354,61.0,64.5777,45.7659,40.6897,0.0,1.0,0.0,0.0,0.0
71.7213,40.8655,49.3429,89.6641,39.0,28.526,61.3853,54.4639,0.0,1.0,1.0,0.0,0.0
56.7382,64.0953,75.3793,55.1937,32.0,13.0645,67.8126,65.3016,1.0,1.0,0.0,1.0,1.0
7.0537,73.3114,23.2978,85.8678,46.0,36.2532,39.5818,47.5465,0.0,1.0,1.0,0.0,0.0
57.8496,76.9261,90.6894,41.4725,9.0,8.4248,21.965,64.6686,0.0,0.0,1.0,0.0,0.0
50.0019,52.2245,14.2012,48.8084,35.0,1.3126,86.7496,31.8326,0.0,0.0,1.0,0.0,0.0
0.9689,77.1991,72.2475,45.1713,89.0,20.0266,79.248,27.9676,1.0,1.0,1.0,1.0,1.0
80.5852,98.3996,64.1276,1.0351,43.0,56.3351,24.4164,41.2232,1.0,1.0,0.0,0.0,0.0
46.9625,73.1078,33.443,15.4355,16.0,15.9394,20.7546,65.1489,1.0,1.0,1.0,0.0,1.0
4.5184,50.5063,66.4269,40.7009,43.0,47.3551,95.854,61.8437,1.0,1.0,1.0,0.0,0.0
49.7336,21.1464,56.1545,46.9269,18.0,14.532,84.0053,66.1391,0.0,1.0,1.0,0.0,0.0
9.2877,62.9453,19.4657,38.5728,59.0,32.046,70.1963,73.8415,0.0,1.0,1.0,0.0,0.0
57.6498,59.3933,97.4687,31.1176,67.0,48.8431,2.3874,36.4089,1.0,0.0,1.0,1.0,1.0
37.524,98.4141,64.7257,87.3297,78.0,50.5354,58.6378,6.3446,1.0,1.0,1.0,0.0,1.0
39.5238,57.0721,73.2094,49.8735,57.0,26.1173,28.137,56.7877,0.0,1.0,1.0,0.0,0.0
32.9575,69.0706,39.5415,91.9479,56.0,12.797,18.9313,10.3466,0.0,1.0,0.0,0.0,0.0
93.6464,57.03,55.1162,16.418,56.0,75.9575,73.4816,87.5004,0.0,0.0,0.0,0.0,0.0
30.6008,97.3287,38.9437,62.7404,44.0,0.5848,10.4728,48.6195,1.0,1.0,1.0,1.0,1.0
44.9701,60.0682,43.5089,98.1786,20.0,49.1997,98.3195,35.7339,0.0,1.0,1.0,0.0,0.0
45.1054,72.4094,24.5611,20.0031,10.0,61.7876,0.7222,73.9847,1.0,0.0,1.0,1.0,0.0
28.28,75.5387,54.5047,30.2139,47.0,20.1183,34.5916,96.8775,1.0,0.0,0.0,0.0,1.0
49.1308,31.8352,96.0057,23.9253,42.0,49.6062,41.0433,59.2721,0.0,1.0,1.0,0.0,0.0
14.1313,62.5685,23.5579,42.9532,25.0,57.6898,30.4446,81.7534,0.0,0.0,1.0,0.0,0.0
81.5444,70.3208,63.3082,37.9912,32.0,6.8053,95.4404,32.5936,1.0,1.0,0.0,0.0,0.0
23.2314,93.0636,33.8063,77.0233,31.0,64.113,57.9043,37.1666,0.0,1.0,1.0,0.0,0.0
29.6688,38.5795,79.5745,88.6709,16.0,8.8216,18.8848,79.5735,0.0,1.0,1.0,0.0,0.0
2.1265,41.7179,72.7863,42.9491,53.0,37.6554,92.9639,69.6057,0.0,1.0,1.0,0.0,0.0
43.9264,48.319,87.2488,92.6033,62.0,52.0444,80.8333,56.0735,1.0,1.0,1.0,1.0,1.0
48.4329,25.7701,44.831,43.3938,41.0,61.8713,38.3474,20.7758,0.0,0.0,1.0,0.0,0.0
13.7169,89.4928,53.4952,33.4798,35.0,14.5807,37.6141,72.2857,0.0,0.0,1.0,0.0,0.0
47.976,82.2854,72.9212,3.969,83.0,46.948,30.5842,51.2602,0.0,1.0,0.0,0.0,0.0
31.9191,89.2874,7.6667,45.2864,83.0,60.4278,81.7548,77.4482,0.0,0.0,1.0,0.0,0.0
19.9484,37.4081,69.5434,66.6081,50.0,23.8894,11.7671,60.1444,1.0,1.0,1.0,1.0,1.0
68.0458,61.7882,23.1523,90.636,79.0,47.7806,65.1961,6.5788,1.0,1.0,1.0,0.0,0.0
52.041,80.3605,44.011,71.7322,28.0,34.8795,67.1626,60.6275,0.0,1.0,1.0,0.0,0.0
41.1745,84.392,11.7732,83.4039,12.0,60.746,12.4228,64.7946,0.0,0.0,1.0,0.0,0.0
9.7272,37.733,76.3599,54.9675,26.0,3.3666,88.3231,48.8825,0.0,0.0,1.0,0.0,0.0
71.7858,42.9004,55.5353,54.5982,24.0,81.5912,53.4016,25.2477,1.0,1.0,0.0,0.0,1.0
61.1192,47.9863,71.3258,57.0925,12.0,25.0628,87.3188,94.1765,1.0,1.0,0.0,1.0,1.0
25.1033,53.2544,84.5621,61.9402,39.0,88.661,98.8335,53.2034,1.0,1.0,0.0,0.0,0.0
72.4932,69.796,37.143,52.1961,76.0,20.8814,36.5086,57.2304,0.0,0.0,1.0,0.0,0.0
16.1478,35.5827,64.6684,66.8011,56.0,71.377,60.6661,17.4955,0.0,0.0,1.0,0.0,0.0
25.3258,51.3687,67.5951,40.3646,87.0,55.6362,38.8614,93.7972,1.0,1.0,0.0,1.0,1.0
39.0081,60.7035,47.9002,94.7867,68.0,49.7824,28.3413,90.1966,1.0,1.0,1.0,1.0,1.0
37.5954,51.0519,13.2819,76.6985,59.0,5.4394,84.0057,18.2582,1.0,1.0,0.0,1.0,1.0
16.6881,91.129,52.392,85.0347,42.0,18.1736,80.4846,44.2358,1.0,1.0,0.0,1.0,1.0
82.3498,31.9476,49.7584,91.7225,81.0,82.6927,25.8603,34.2928,1.0,1.0,1.0,0.0,0.0
24.7969,90.7366,63.9996,89.4221,84.0,41.4009,40.8125,38.2977,0.0,1.0,1.0,1.0,0.0
15.6257,32.441,49.4326,42.1067,10.0,34.5473,57.6576,44.2024,0.0,0.0,1.0,0.0,0.0
63.7723,44.9177,59.202,55.4692,88.0,68.8205,51.862,60.1388,1.0,1.0,1.0,1.0,1.0
6.3645,34.5577,26.6311,85.256,94.0,78.8051,60.3479,23.6163,0.0,0.0,1.0,0.0,0.0
28.8973,17.6781,71.506,24.0708,82.0,5.16,19.9516,81.3019,1.0,1.0,1.0,1.0,0.0
71.6131,75.4492,23.3253,42.6426,77.0,78.3433,99.6355,4.2037,1.0,1.0,0.0,0.0,0.0
48.0733,16.1255,74.1534,70.394,35.0,47.8516,23.9067,21.0831,0.0,0.0,1.0,0.0,0.0
53.1027,16.3216,84.4796,72.5296,58.0,66.2994,83.6675,20.427,1.0,1.0,1.0,0.0,1.0
18.5036,18.7853,53.7336,48.1342,45.0,30.1766,42.2165,62.3603,0.0,0.0,1.0,0.0,0.0
71.9058,29.7078,0.3182,77.9875,63.0,38.7155,22.1721,80.2051,0.0,0.0,0.0,0.0,1.0
45.6851,94.5186,75.3443,77.5336,44.0,14.9861,88.3956,44.0505,0.0,1.0,1.0,0.0,0.0
28.7234,25.1854,53.1668,38.9098,42.0,16.2033,98.855,94.5901,1.0,1.0,0.0,0.0,0.0
72.525,5.2787,97.3234,5.8153,65.0,48.3506,36.4736,11.2759,1.0,0.0,0.0,0.0,0.0
99.5956,39.919,16.6235,81.603,72.0,52.4819,32.9429,44.3276,0.0,0.0,0.0,0.0,0.0
70.9451,17.5151,11.6405,47.839,68.0,89.6683,34.7484,95.0614,1.0,0.0,0.0,0.0,0.0
42.3419,97.3831,25.5867,87.7415,63.0,36.3755,58.1492,54.8244,1.0,1.0,0.0,1.0,1.0
18.9303,68.9001,89.6286,66.3952,21.0,89.4075,59.9104,51.9159,1.0,0.0,0.0,1.0,1.0
13.0415,58.7414,80.7877,49.754,46.0,8.9338,67.2262,43.7006,0.0,1.0,1.0,0.0,0.0
56.6981,52.4193,82.3457,99.1037,70.0,80.1012,40.1948,34.6761,0.0,0.0,1.0,0.0,1.0
27.554,58.8449,90.0175,24.1364,35.0,74.8021,83.6107,3.0395,0.0,1.0,0.0,0.0,0.0
53.9504,50.2954,62.1432,60.4845,33.0,60.253,33.421,62.3311,1.0,1.0,1.0,1.0,1.0
26.0238,75.4979,60.3324,96.9285,15.0,48.1966,37.739,46.6149,1.0,1.0,1.0,1.0,1.0
23.9923,62.1636,53.2929,70.5115,33.0,53.7774,6.9497,55.7963,1.0,1.0,1.0,1.0,1.0
1.2047,27.1334,97.2589,23.4926,72.0,76.0679,42.0523,88.4915,0.0,0.0,1.0,0.0,0.0
72.4651,69.1831,97.7917,85.224,36.0,73.7611,68.3236,74.477,1.0,1.0,1.0,1.0,1.0
64.4474,82.6449,99.5512,96.4854,22.0,87.6784,8.2893,26.7039,1.0,0.0,1.0,1.0,1.0
46.7865,47.24,34.7282,62.5166,25.0,29.3071,57.7367,27.9722,0.0,1.0,1.0,0.0,1.0
54.5981,91.443,77.4148,53.8035,82.0,66.2934,71.9251,68.8601,0.0,1.0,1.0,0.0,0.0
96.8536,43.9665,23.7396,83.4888,5.0,33.4858,18.6316,56.4775,1.0,0.0,0.0,0.0,0.0
35.1768,56.1186,90.8998,83.9126,79.0,34.07,47.2514,99.0569,1.0,0.0,0.0,1.0,1.0
20.16,52.5665,38.996,85.7452,65.0,73.1216,59.3602,46.4061,0.0,0.0,1.0,0.0,0.0
34.3565,43.4276,81.8486,81.3889,21.0,75.3802,80.4049,39.749,0.0,1.0,1.0,0.0,0.0
30.8846,55.9312,65.5539,70.3019,79.0,58.1339,70.2018,27.2639,0.0,1.0,1.0,0.0,0.0
59.2821,84.2079,75.3065,28.866,49.0,2.3968,63.3648,76.7911,1.0,1.0,0.0,1.0,1.0
0.7711,96.2057,72.1971,58.7628,15.0,69.0856,98.965,17.45,0.0,1.0,1.0,0.0,0.0
57.6801,23.8847,69.7342,24.1741,14.0,34.0691,20.563,92.8369,1.0,0.0,0.0,0.0,0.0
60.5894,69.2802,17.5061,98.1809,95.0,37.6022,10.1805,49.3942,0.0,0.0,1.0,0.0,0.0
17.0612,59.9986,67.5577,64.7392,46.0,3.6185,84.8951,90.5848,0.0,0.0,1.0,0.0,0.0
80.753,61.7159,49.8142,94.1003,37.0,10.1807,20.1509,42.9171,0.0,0.0,1.0,0.0,0.0
97.3844,38.1374,79.6511,93.8092,46.0,18.0268,0.5762,65.5619,1.0,0.0,0.0,0.0,0.0
32.3831,95.3797,94.2066,77.7837,42.0,67.7128,36.8217,79.4941,0.0,0.0,1.0,0.0,1.0
57.4374,64.8683,43.4548,98.3533,64.0,10.5412,36.5392,59.3149,0.0,1.0,1.0,0.0,0.0
46.8974,79.8756,75.4494,21.4417,21.0,18.5988,47.5603,51.5411,1.0,1.0,1.0,1.0,1.0
29.2526,21.3564,50.5664,44.4832,34.0,0.6971,65.2534,90.8575,0.0,0.0,1.0,0.0,1.0
50.1408,30.4431,81.8932,38.838,12.0,47.595,7.23,52.8537,0.0,0.0,1.0,0.0,0.0
5.8231,32.509,95.0674,83.825,8.0,42.5689,1.7331,68.3831,0.0,0.0,1.0,0.0,0.0
47.3608,96.4527,66.5301,24.9326,34.0,23.4238,28.4606,15.1629,1.0,1.0,1.0,1.0,1.0
8.8069,73.069,71.6749,31.6037,48.0,2.1179,30.3154,29.1077,1.0,1.0,1.0,1.0,1.0
10.6742,15.5242,93.6079,37.2073,37.0,79.2998,31.8698,70.3728,0.0,0.0,1.0,0.0,0.0
9.1724,20.5668,92.695,48.1841,12.0,79.0956,94.8196,45.2305,0.0,0.0,1.0,0.0,0.0
32.0858,50.3899,23.8461,67.9375,88.0,62.1907,31.6075,51.257,0.0,0.0,1.0,0.0,0.0
78.3748,71.0901,62.7732,57.7799,94.0,77.6966,20.7381,70.7809,0.0,0.0,0.0,0.0,0.0
23.1719,21.8659,42.6696,64.1733,86.0,66.3217,32.2754,33.5325,0.0,0.0,1.0,0.0,0.0
52.2516,10.8871,64.2517,16.1321,73.0,13.8334,63.695,22.8207,0.0,0.0,0.0,0.0,0.0
2.9776,77.4482,66.0367,34.4655,41.0,57.8606,17.588,21.1264,0.0,1.0,1.0,0.0,1.0
21.9767,6.2689,55.9065,78.3556,80.0,82.9918,2.362,99.9764,1.0,0.0,0.0,1.0,1.0
9.3669,25.1021,82.8978,78.5117,32.0,40.7914,32.6973,70.5393,1.0,1.0,1.0,1.0,1.0
6.735,79.9511,44.5604,55.3995,49.0,33.4984,47.5458,90.6334,0.0,0.0,0.0,0.0,1.0
39.3938,56.1765,72.8522,29.1295,12.0,55.1221,68.0798,77.0375,0.0,0.0,1.0,0.0,0.0
65.372,91.4549,78.4711,80.0029,99.0,96.3904,67.6195,90.9197,0.0,0.0,1.0,0.0,0.0
7.485,81.4618,29.411,29.6502,91.0,34.9483,93.9309,35.4313,0.0,1.0,1.0,0.0,0.0
53.1884,44.2964,70.019,65.6805,42.0,60.1915,84.2853,72.9428,0.0,1.0,1.0,0.0,0.0
18.1066,35.0354,65.6013,10.2596,11.0,49.7015,65.2564,18.9832,1.0,1.0,0.0,0.0,0.0
16.2653,24.6901,88.6274,92.9826,90.0,73.5026,88.4318,69.9106,1.0,1.0,1.0,1.0,1.0
32.441,72.3744,45.5539,96.913,32.0,16.774,99.2466,39.5456,0.0,1.0,1.0,0.0,0.0
54.528,89.31,51.6129,86.9075,26.0,72.0574,15.1949,52.3233,0.0,0.0,1.0,0.0,0.0
63.9508,19.0671,56.8051,92.8048,12.0,41.6989,29.5329,18.4612,0.0,1.0,1.0,0.0,0.0
57.3494,33.3967,70.4635,77.1314,56.0,34.7768,95.3284,63.7944,0.0,0.0,1.0,0.0,0.0
4.2959,94.2539,22.2603,27.0134,69.0,75.3935,63.2405,59.315,0.0,0.0,1.0,0.0,0.0
22.2603,21.2211,45.5998,20.8542,83.0,18.897,23.0141,24.7087,0.0,0.0,1.0,0.0,0.0
24.8352,70.9602,34.4979,40.5198,99.0,13.2307,38.5558,27.9795,0.0,1.0,1.0,0.0,0.0
26.3735,89.5205,43.1667,75.4309,37.0,62.6241,21.1404,25.9128,1.0,1.0,1.0,1.0,1.0
82.4505,62.4936,83.1959,24.7338,77.0,2.9973,4.1664,85.0844,1.0,0.0,0.0,0.0,1.0
99.1694,54.221,71.0663,64.0863,44.0,86.5488,20.0696,53.8303,0.0,0.0,0.0,0.0,0.0
11.8363,73.5231,47.8401,27.5156,36.0,12.8502,97.3475,7.8717,1.0,1.0,1.0,0.0,0.0
9.1203,54.2802,68.3308,29.7843,36.0,29.3078,83.2138,95.7057,0.0,0.0,1.0,0.0,0.0
23.854,98.7304,92.8348,65.6322,99.0,39.2248,28.8364,90.8675,0.0,1.0,1.0,0.0,0.0
71.4241,94.1866,72.3454,55.586,29.0,80.702,16.3215,10.0798,0.0,1.0,1.0,0.0,0.0
43.1464,45.8199,53.1859,97.3805,11.0,42.9513,40.8377,38.5295,1.0,1.0,0.0,1.0,1.0
45.4509,99.3112,40.9732,24.7983,50.0,28.8589,59.7362,78.1577,1.0,1.0,0.0,1.0,1.0
68.5523,92.2959,42.7688,14.1259,50.0,85.9278,78.887,13.1202,1.0,1.0,0.0,0.0,0.0
3.2468,58.7631,27.9567,88.226,27.0,42.8363,54.3258,93.8085,0.0,0.0,1.0,1.0,0.0
51.4181,72.0792,56.7817,94.3629,27.0,94.0478,86.22,12.0863,1.0,0.0,1.0,0.0,0.0
21.0287,16.5845,80.182,43.1164,70.0,18.1861,99.6562,62.7272,1.0,1.0,0.0,0.0,0.0
28.5029,33.2207,32.6281,56.584,98.0,77.368,44.1244,52.7742,0.0,0.0,1.0,0.0,1.0
38.9876,71.9234,42.9251,92.2791,25.0,3.4076,15.5169,3.9917,1.0,1.0,0.0,0.0,0.0
27.0978,46.5566,37.7156,86.41,68.0,66.7539,12.6111,73.5622,0.0,0.0,1.0,0.0,0.0
74.3439,23.2189,80.5005,64.6272,35.0,19.4765,4.4635,85.1624,1.0,0.0,0.0,0.0,1.0
9.2917,93.263,28.266,77.0519,97.0,22.7529,98.6243,65.9351,1.0,1.0,1.0,0.0,0.0
33.705,21.2716,72.0992,83.3099,60.0,6.0793,49.0564,90.5359,1.0,0.0,1.0,1.0,1.0
33.8689,96.3604,88.6133,52.9695,14.0,8.7738,38.0812,62.0589,0.0,0.0,1.0,0.0,1.0
63.9684,72.1607,94.5015,84.3169,24.0,12.3174,68.9958,51.0885,1.0,1.0,0.0,1.0,1.0
5.0582,12.2952,46.8848,68.9942,77.0,51.4677,20.8109,3.9156,0.0,0.0,0.0,0.0,0.0
39.8125,29.6254,86.2369,73.4897,56.0,46.6499,74.7567,45.2478,1.0,1.0,0.0,1.0,1.0
25.7049,35.8649,20.6327,88.9787,40.0,5.8622,71.1102,20.6,0.0,1.0,1.0,0.0,0.0
4.4016,37.6662,35.0262,83.265,30.0,24.0658,78.8299,56.5761,0.0,1.0,1.0,0.0,0.0
7.0789,58.0787,45.7307,39.5172,89.0,13.7193,37.3336,28.8909,1.0,1.0,1.0,1.0,1.0
65.5403,26.4961,54.5189,91.2861,44.0,26.5695,90.7136,46.5136,0.0,0.0,1.0,0.0,0.0
9.5809,60.6339,76.0671,19.7858,67.0,11.9327,74.3485,77.8685,1.0,1.0,1.0,1.0,1.0
5.4087,48.6572,37.9594,53.5334,1.0,46.6167,70.7424,62.9132,0.0,0.0,0.0,0.0,0.0
16.0019,44.9496,15.7817,51.2948,94.0,5.5949,87.2275,60.3101,0.0,0.0,1.0,0.0,0.0
22.9594,97.7263,67.8918,80.2357,44.0,76.5237,61.3642,14.911,0.0,0.0,1.0,0.0,0.0
3.6781,23.2177,18.7375,92.0121,79.0,50.7753,30.1017,72.632,0.0,0.0,1.0,0.0,0.0
68.6911,10.0322,15.3316,26.0958,30.0,52.9771,76.9041,52.7817,0.0,0.0,0.0,0.0,0.0
10.4871,18.7023,6.5806,71.6993,40.0,48.0932,12.3341,21.0212,0.0,0.0,1.0,0.0,0.0
59.9825,77.1579,17.5417,79.8158,61.0,80.9122,80.7268,20.9852,0.0,0.0,0.0,0.0,1.0
32.6713,39.4822,44.193,91.7998,51.0,11.2217,89.1493,44.4982,0.0,1.0,1.0,0.0,0.0
23.5909,33.9478,79.9632,32.0186,53.0,37.0605,51.4888,36.9362,0.0,0.0,1.0,0.0,0.0
2.3018,86.0308,99.1404,58.1472,63.0,85.1003,76.7018,80.5298,0.0,0.0,1.0,0.0,1.0
33.7494,52.6486,93.6544,42.3403,60.0,65.0654,46.0999,87.093,0.0,0.0,1.0,0.0,0.0
58.1015,75.2204,60.3196,88.4837,55.0,26.785,45.2402,34.4515,0.0,0.0,1.0,0.0,1.0
60.4227,18.3658,84.6508,96.7804,28.0,4.8129,49.5118,90.2234,0.0,0.0,1.0,0.0,0.0
28.9973,59.783,27.285,48.3519,98.0,47.4733,71.2347,71.0766,1.0,1.0,1.0,1.0,1.0
45.7116,98.7067,56.4527,95.6747,51.0,82.3051,11.1114,75.5576,0.0,0.0,1.0,0.0,0.0
3.7669,91.1417,61.1053,67.513,92.0,15.5986,42.3794,95.9857,1.0,1.0,0.0,1.0,1.0
20.4834,96.0202,38.4213,76.0203,87.0,48.5691,15.1009,57.2096,1.0,1.0,1.0,1.0,1.0
26.6296,32.1773,50.7711,89.7111,31.0,55.9061,55.7739,71.841,0.0,0.0,1.0,0.0,0.0
7.0742,60.6966,88.029,95.6035,39.0,62.8739,2.8808,25.8796,0.0,0.0,1.0,0.0,1.0
38.609,55.1288,91.7478,37.1396,95.0,6.7105,68.111,37.7705,0.0,1.0,1.0,0.0,0.0
49.4304,29.4552,42.4425,13.8782,50.0,65.4317,50.0634,52.1458,0.0,0.0,1.0,0.0,0.0
29.9681,60.9549,41.0713,96.6649,61.0,68.1417,53.8429,90.4152,0.0,0.0,1.0,0.0,0.0
5.4465,60.8024,88.1425,77.2044,96.0,7.7709,72.208,25.204,1.0,1.0,1.0,1.0,1.0
53.708,34.0278,40.1987,72.4949,61.0,41.8646,8.9848,69.7216,1.0,1.0,1.0,1.0,1.0
1.2314,15.0211,70.418,65.7048,32.0,75.3828,44.9279,3.1533,1.0,1.0,0.0,0.0,0.0
17.4503,53.3659,33.3597,53.9297,77.0,34.8546,81.6885,36.0687,0.0,1.0,1.0,0.0,0.0
38.6882,78.9823,79.8564,52.6888,41.0,66.1428,34.8655,61.4011,0.0,1.0,1.0,0.0,0.0
24.6548,20.4826,96.0251,44.306,80.0,80.3861,22.0393,49.9601,0.0,1.0,1.0,0.0,0.0
20.1598,16.9326,9.922,63.5899,67.0,73.5905,18.5751,50.4072,0.0,0.0,0.0,0.0,0.0
22.8735,82.8451,99.9837,37.8175,48.0,51.2577,61.7104,75.3743,1.0,0.0,0.0,1.0,1.0
18.7362,82.9944,28.2352,34.2728,87.0,44.8053,45.4047,13.1247,1.0,1.0,1.0,0.0,1.0
42.8178,58.341,15.9788,15.7722,67.0,40.6188,86.3193,67.4491,1.0,1.0,0.0,0.0,1.0
35.8497,28.3954,86.7995,28.2391,96.0,16.4163,45.8071,86.43,1.0,0.0,0.0,1.0,1.0
41.2185,90.3259,70.828,23.8543,20.0,28.2959,44.9005,36.8729,0.0,1.0,1.0,0.0,0.0
10.7398,84.1108,45.2956,92.3418,85.0,30.947,76.3369,55.2163,1.0,1.0,1.0,1.0,1.0
0.6053,69.6028,78.0487,72.5675,26.0,44.4326,48.1044,83.4657,0.0,1.0,1.0,0.0,0.0
52.1286,20.5646,99.7545,47.623,46.0,33.73,99.9869,95.521,0.0,0.0,1.0,0.0,0.0
37.1267,54.7039,69.6388,91.7391,95.0,43.5383,30.8615,83.656,0.0,0.0,1.0,1.0,0.0
8.6091,59.3047,91.9072,69.4528,100.0,78.8477,28.2086,51.871,1.0,1.0,1.0,1.0,1.0
89.5599,26.9756,82.201,83.4722,63.0,67.2295,22.561,99.4152,1.0,0.0,0.0,0.0,0.0
21.7642,59.3833,99.4283,89.0367,65.0,27.5778,13.5602,56.2711,0.0,1.0,1.0,1.0,1.0
19.5814,81.5624,68.2331,20.4413,12.0,75.2822,87.3744,93.9439,0.0,0.0,1.0,0.0,0.0
43.7777,91.8953,43.0068,65.9735,72.0,72.7792,86.5041,32.856,0.0,1.0,1.0,0.0,0.0
29.15,84.1601,67.1967,44.1026,91.0,18.992,80.3625,43.1173,0.0,1.0,1.0,0.0,0.0
46.0276,90.6474,58.6509,25.2925,15.0,18.0517,68.225,68.6745,1.0,1.0,1.0,1.0,1.0
37.6434,43.239,53.8187,36.3982,54.0,63.0556,3.0893,91.8007,0.0,0.0,1.0,1.0,0.0
20.224,60.9169,47.0969,58.6941,17.0,6.2502,73.9781,78.6967,0.0,1.0,1.0,0.0,0.0
68.8918,39.7233,83.9189,77.9009,31.0,39.6844,68.1925,42.3933,1.0,1.0,0.0,1.0,1.0
7.5823,35.8772,77.8054,74.0275,63.0,6.733,51.6195,74.4877,1.0,1.0,1.0,1.0,1.0
61.914,69.8908,70.2921,74.7061,83.0,18.0779,0.2515,23.523,1.0,0.0,0.0,1.0,1.0
41.0526,65.5847,88.2734,43.7651,69.0,28.438,30.7369,10.3915,0.0,1.0,1.0,0.0,0.0
12.1628,57.6722,44.4867,76.836,19.0,5.5717,89.5518,72.5444,0.0,1.0,1.0,0.0,1.0
39.8731,83.5438,37.2089,98.9891,99.0,79.333,3.8473,68.8728,0.0,0.0,1.0,0.0,0.0
57.1925,90.3153,29.1716,42.3893,85.0,87.6673,21.4483,53.4271,0.0,0.0,1.0,0.0,0.0
14.4548,29.235,18.8048,77.1681,46.0,81.9185,79.7949,73.8857,0.0,0.0,1.0,0.0,0.0
26.383,29.7173,72.4558,63.1982,36.0,22.1303,2.1112,56.9713,0.0,0.0,1.0,0.0,0.0
38.1006,31.1501,48.1658,74.8298,68.0,72.891,3.6064,84.5012,1.0,0.0,0.0,1.0,1.0
50.2842,42.548,41.1099,57.1832,14.0,84.343,36.9328,52.7847,0.0,0.0,1.0,0.0,0.0
26.8054,88.5759,96.1709,32.3329,14.0,17.6531,99.5987,29.9746,1.0,1.0,1.0,0.0,0.0
66.5987,18.7629,92.954,66.423,38.0,85.0879,13.3731,48.7106,1.0,0.0,1.0,1.0,1.0
35.2562,86.4822,84.4635,44.975,20.0,56.0593,10.7297,39.5985,1.0,1.0,1.0,1.0,1.0
56.2333,98.4462,56.9186,79.323,85.0,80.8512,6.531,70.2017,0.0,1.0,1.0,0.0,1.0
68.3202,67.8544,41.1433,54.6392,44.0,58.0046,90.1438,54.5232,0.0,0.0,1.0,0.0,0.0
28.5556,64.8693,52.607,52.9666,25.0,46.4939,71.4077,50.6872,0.0,0.0,1.0,0.0,0.0
19.7313,71.1711,75.6993,58.9221,14.0,50.3608,78.8908,65.1774,1.0,1.0,1.0,1.0,1.0
43.5874,76.4429,58.8278,94.7582,27.0,59.2871,96.0415,31.9343,1.0,1.0,1.0,0.0,0.0
74.2181,63.8869,92.9279,0.4897,8.0,72.6847,42.3417,34.1911,1.0,0.0,0.0,0.0,0.0
15.8276,57.9104,57.2347,43.3616,84.0,45.4881,74.339,30.4374,0.0,1.0,1.0,0.0,0.0
46.8843,52.6672,21.9238,13.2918,12.0,53.158,61.2307,62.7577,1.0,1.0,0.0,0.0,0.0
21.3836,31.0699,12.3375,31.7998,30.0,58.1386,86.1912,38.8759,1.0,0.0,1.0,0.0,1.0
66.1266,78.1862,86.0035,68.0182,30.0,2.0301,70.015,61.5095,0.0,1.0,1.0,0.0,0.0
21.7355,56.158,41.2735,75.4902,30.0,10.213,63.5315,30.3796,0.0,1.0,1.0,0.0,1.0
90.2753,28.0644,54.9475,98.5673,66.0,54.5492,45.2047,39.1154,1.0,0.0,0.0,0.0,1.0
32.9153,77.754,92.1851,91.1761,99.0,15.6614,53.529,50.5078,0.0,1.0,1.0,0.0,0.0
0.8822,8.6871,49.8721,43.181,86.0,21.2964,82.5029,67.0402,0.0,0.0,1.0,0.0,0.0
79.4728,78.8476,99.754,81.5609,91.0,21.8948,55.1714,58.9751,1.0,1.0,0.0,1.0,1.0
84.1419,88.3203,48.6841,73.3862,40.0,92.0316,62.6029,56.9187,1.0,0.0,0.0,0.0,1.0
30.0231,56.371,74.4055,92.9508,16.0,70.6767,8.184,51.8207,1.0,1.0,1.0,1.0,1.0
21.9579,16.1958,45.9051,57.5856,25.0,55.8227,22.392,36.2236,0.0,0.0,1.0,0.0,0.0
0.7313,21.0151,32.677,38.6085,50.0,97.1208,57.978,26.0001,1.0,0.0,0.0,0.0,0.0
33.76,34.3953,52.7228,34.9859,30.0,9.6744,12.9866,84.0877,1.0,1.0,0.0,1.0,1.0
40.7946,64.5986,56.5704,69.6283,43.0,88.2096,8.6761,16.5836,0.0,0.0,1.0,0.0,0.0
43.0048,69.5707,70.0697,83.9073,100.0,65.3175,34.2429,4.6015,1.0,1.0,0.0,0.0,0.0
11.7459,25.2593,56.5013,58.2701,54.0,14.3605,0.4758,79.9288,0.0,0.0,1.0,0.0,0.0
24.6002,85.0918,76.838,59.6065,82.0,91.1437,6.9162,24.3438,1.0,0.0,1.0,1.0,1.0
35.7604,58.418,42.039,24.2721,56.0,71.5129,56.4935,76.3394,1.0,1.0,1.0,0.0,1.0
38.1066,83.273,27.5453,2.6317,75.0,37.6555,92.1434,11.9212,0.0,1.0,0.0,0.0,0.0
9.3441,9.0002,53.4826,58.3108,66.0,46.4349,23.0826,24.8067,0.0,0.0,1.0,0.0,0.0
2.8017,40.3251,74.5285,39.6197,25.0,39.668,0.2596,12.8993,1.0,0.0,1.0,1.0,1.0
24.8679,36.3313,80.4556,30.9318,6.0,50.7736,86.8765,83.8887,0.0,0.0,1.0,0.0,0.0
62.8917,70.7123,91.3661,23.7559,35.0,85.4744,88.3786,35.0268,0.0,0.0,1.0,0.0,0.0
8.4145,56.402,83.615,27.6862,84.0,54.2516,15.3581,37.4039,1.0,1.0,1.0,1.0,1.0
43.8681,31.4634,55.9285,48.6087,81.0,30.1543,48.8111,30.2189,0.0,0.0,1.0,0.0,0.0
7.214,82.7719,69.1444,3.9923,70.0,65.1848,43.8389,75.6136,1.0,1.0,0.0,0.0,0.0
48.5592,68.4874,69.8506,92.9532,84.0,10.2154,53.2541,46.2825,0.0,1.0,1.0,0.0,0.0
32.8989,93.4581,62.0533,63.4416,95.0,17.0736,20.3462,69.8864,0.0,1.0,1.0,0.0,1.0
29.8717,84.2973,55.0394,4.5781,54.0,15.9707,54.2472,30.9978,1.0,1.0,0.0,0.0,0.0
63.2568,70.1536,44.9991,50.8463,46.0,32.7495,13.9338,68.8844,1.0,1.0,1.0,0.0,1.0
40.7007,72.4407,56.172,65.8105,76.0,80.9751,18.905,15.4243,0.0,1.0,1.0,0.0,0.0
9.1053,80.4004,86.0948,81.9133,58.0,17.805,86.6689,44.3165,0.0,0.0,1.0,0.0,0.0
45.7633,52.0456,69.5794,39.8383,81.0,25.7882,6.5493,14.1913,0.0,0.0,1.0,0.0,1.0
30.6024,28.1521,84.1173,39.7446,38.0,35.6698,12.5525,47.3467,0.0,0.0,1.0,0.0,1.0
22.9747,92.8089,67.7014,94.5504,53.0,83.1074,85.0439,11.2344,0.0,0.0,1.0,0.0,0.0
85.9075,57.7008,71.707,59.7774,68.0,6.5444,41.18,4.5944,0.0,0.0,0.0,0.0,0.0
19.2378,66.9512,39.3109,65.0382,33.0,7.4813,34.1442,70.2833,1.0,1.0,1.0,1.0,1.0
50.0223,79.6838,61.195,39.6957,44.0,34.7616,45.4871,95.8937,1.0,1.0,1.0,1.0,1.0
50.5367,36.3705,99.3705,96.057,79.0,12.5154,39.7037,87.5334,0.0,0.0,1.0,1.0,0.0
59.4055,64.1204,39.4047,81.6138,25.0,73.2553,85.5808,63.9091,0.0,0.0,1.0,0.0,0.0
81.7966,0.5598,58.9054,8.2296,65.0,91.189,8.9242,35.1842,0.0,0.0,0.0,0.0,1.0
28.753,32.403,52.2685,80.001,75.0,59.5716,98.5794,35.8674,0.0,1.0,1.0,0.0,0.0
74.6142,21.1874,42.8392,52.3482,59.0,24.8553,86.749,28.4842,1.0,1.0,0.0,1.0,0.0
23.0086,72.3921,90.5284,82.8956,21.0,83.9752,15.648,59.7366,0.0,0.0,1.0,0.0,0.0
2.6297,80.4568,50.7847,89.0616,100.0,24.0644,93.9749,49.5718,0.0,1.0,1.0,0.0,0.0
47.2365,36.8746,40.8441,36.2552,59.0,65.0281,83.1618,23.0111,0.0,0.0,1.0,0.0,0.0
49.836,41.8736,84.6111,94.99,42.0,61.0515,19.432,92.5199,1.0,0.0,0.0,1.0,1.0
10.7457,40.5721,98.3491,90.8993,34.0,34.3281,75.8773,50.4498,0.0,0.0,1.0,1.0,0.0
65.9958,35.9759,82.7094,72.6217,95.0,17.5865,46.7829,55.1544,0.0,0.0,1.0,0.0,0.0
5.1215,20.6507,67.7349,33.417,55.0,78.7304,19.7434,2.72,1.0,1.0,0.0,0.0,0.0
22.6686,17.152,11.6485,66.1256,59.0,87.542,41.8001,83.7278,1.0,0.0,0.0,0.0,0.0
73.0389,43.2323,61.7699,44.4259,41.0,58.6259,8.2507,80.6778,1.0,0.0,1.0,1.0,1.0
14.8216,54.5155,40.9811,84.4486,84.0,11.3936,38.2745,17.3063,0.0,1.0,1.0,0.0,0.0
65.3403,54.8367,45.3681,30.7275,35.0,33.0633,73.3165,41.899,0.0,1.0,1.0,0.0,0.0
39.2755,78.8874,71.5319,40.7708,17.0,21.4144,86.1598,81.4839,1.0,1.0,0.0,1.0,1.0
4.8495,38.8673,48.1763,86.1669,60.0,21.3455,33.3665,94.672,1.0,0.0,1.0,1.0,1.0
52.7404,81.1091,61.2415,95.9088,68.0,93.8269,60.1431,36.9123,1.0,0.0,0.0,1.0,0.0
13.3935,87.0225,30.0847,15.8218,12.0,7.1041,19.2449,44.2073,1.0,1.0,1.0,0.0,1.0
17.887,81.4438,54.657,84.4651,80.0,83.8479,65.3084,57.8542,1.0,1.0,0.0,1.0,1.0
32.7772,95.3432,61.6876,65.053,35.0,16.2407,82.4151,43.5682,0.0,1.0,1.0,0.0,0.0
42.5607,82.9699,28.6275,22.8059,28.0,90.1121,76.1843,15.7592,0.0,0.0,1.0,0.0,0.0
50.7801,83.72,57.6525,30.1887,64.0,47.5359,95.6695,87.3446,1.0,1.0,1.0,0.0,0.0
68.727,54.8241,52.5137,65.9461,13.0,71.1805,23.2852,63.4269,0.0,0.0,1.0,0.0,0.0
35.9643,85.9182,87.4512,57.0456,64.0,5.1222,72.4901,24.6457,1.0,1.0,1.0,1.0,1.0
32.8924,27.883,52.438,67.8897,33.0,44.5394,31.9264,51.8312,0.0,1.0,1.0,0.0,0.0
1.4196,49.1933,37.3166,66.3503,39.0,67.1035,64.8686,32.8569,0.0,0.0,1.0,0.0,0.0
23.8052,26.2496,35.1623,35.3339,81.0,1.7118,58.9771,70.3758,0.0,0.0,1.0,0.0,0.0
8.5807,99.9503,49.6295,90.2099,77.0,81.1661,12.1781,46.147,0.0,0.0,1.0,0.0,0.0
95.9092,1.7261,93.6483,7.9428,49.0,0.3922,25.8758,43.2908,1.0,0.0,0.0,0.0,0.0
20.9923,53.595,86.7637,65.0238,50.0,58.3057,65.4966,47.7399,0.0,0.0,1.0,0.0,0.0
26.8333,76.5092,18.8222,89.6719,97.0,17.1694,83.3728,11.6312,1.0,1.0,1.0,0.0,0.0
8.0555,70.966,98.8309,46.9282,5.0,6.7007,19.7074,63.4295,0.0,0.0,1.0,0.0,0.0
2.5526,75.1065,35.5539,53.617,77.0,19.9847,46.975,15.8154,0.0,1.0,1.0,0.0,0.0
57.9641,72.5925,47.5537,36.9578,15.0,28.7625,71.6439,54.5557,0.0,1.0,1.0,0.0,0.0
19.6903,34.2516,47.6001,67.6613,93.0,6.2399,18.3291,26.9143,0.0,0.0,1.0,0.0,0.0
69.0182,49.3157,79.5024,75.915,22.0,8.9693,68.7772,12.3974,1.0,1.0,1.0,1.0,1.0
16.3151,68.0769,78.4517,62.213,95.0,32.9395,2.1286,92.9578,0.0,0.0,1.0,1.0,0.0
58.1298,25.923,29.1018,7.3937,91.0,75.7472,12.0849,87.3192,1.0,1.0,0.0,0.0,0.0
30.0646,21.9943,97.1522,56.1439,38.0,49.818,77.82,0.3562,1.0,1.0,0.0,0.0,0.0
45.9777,85.3178,43.3494,80.1816,40.0,55.3359,46.0704,42.8078,0.0,0.0,1.0,0.0,1.0
4.4942,73.8541,45.3971,11.5913,26.0,17.4864,24.0611,79.1389,1.0,1.0,1.0,0.0,1.0
7.021,64.9544,91.4248,95.9776,21.0,25.8985,42.0548,64.808,0.0,1.0,1.0,0.0,1.0
42.1185,26.2102,68.4113,58.5196,14.0,56.0844,91.564,25.1212,0.0,1.0,1.0,0.0,0.0
54.8096,32.0969,44.0723,77.853,24.0,2.2847,40.9304,25.0235,0.0,0.0,1.0,0.0,0.0
24.972,78.1834,97.8087,89.1255,10.0,5.8153,95.9145,31.2531,0.0,1.0,1.0,0.0,0.0
49.24,99.2394,99.931,44.9683,78.0,4.4889,24.4433,85.0742,0.0,1.0,1.0,0.0,0.0
24.4459,21.2885,43.308,73.6404,71.0,32.8629,64.7362,4.461,0.0,0.0,1.0,0.0,0.0
23.5218,32.9137,18.5122,78.8427,81.0,65.8909,5.0884,67.5392,0.0,0.0,1.0,0.0,0.0
34.0795,31.4446,63.3823,58.329,23.0,37.9033,78.5726,39.9429,1.0,1.0,0.0,0.0,1.0
65.6992,26.2014,87.4942,37.3662,80.0,59.4537,28.5825,36.7818,1.0,1.0,1.0,1.0,1.0
9.3264,88.5337,74.9518,55.498,100.0,27.2458,50.0504,43.1276,1.0,1.0,1.0,1.0,1.0
10.4139,35.1237,52.7748,24.6234,23.0,61.1871,67.951,26.135,0.0,1.0,1.0,0.0,0.0
72.1516,26.95,39.39,44.1617,93.0,88.7021,46.3625,37.2211,0.0,0.0,1.0,0.0,0.0
5.3247,47.6833,96.5585,57.6316,85.0,3.7859,18.3158,31.6321,1.0,1.0,1.0,1.0,1.0
0.1119,63.1424,54.6305,65.5521,50.0,65.2379,43.0623,73.9821,1.0,1.0,0.0,1.0,1.0
72.76,64.801,42.8818,48.1831,9.0,44.143,9.1315,14.991,1.0,0.0,1.0,1.0,0.0
33.1598,23.6076,33.3447,22.3511,88.0,36.4361,56.5862,27.4406,0.0,0.0,1.0,0.0,0.0
32.8782,30.7268,99.0033,33.6617,28.0,70.8936,39.8826,23.36,0.0,1.0,0.0,0.0,0.0
35.2069,65.6033,39.2439,86.7971,95.0,24.298,58.4845,5.2359,0.0,1.0,0.0,0.0,0.0
56.2747,83.6746,36.1095,74.4029,11.0,6.5999,48.0998,34.8305,0.0,0.0,1.0,0.0,0.0
63.824,38.843,55.6659,57.2141,30.0,63.0354,15.0967,34.6837,0.0,0.0,1.0,0.0,0.0
20.4277,66.2674,21.8196,79.9963,33.0,59.4716,32.3696,45.1917,1.0,1.0,1.0,0.0,1.0
77.8918,64.5535,91.4996,23.4132,0.0,37.3788,57.9358,94.6695,0.0,0.0,0.0,0.0,1.0
41.3204,90.2146,32.4866,23.8762,47.0,61.1753,60.6569,80.7208,0.0,0.0,1.0,0.0,0.0
44.4342,74.7077,18.9547,93.1786,59.0,39.7604,92.1512,80.9616,1.0,1.0,1.0,0.0,1.0
6.4406,80.9788,18.7293,35.8651,70.0,14.9239,41.5603,17.9259,0.0,1.0,1.0,0.0,0.0
51.2801,84.6253,23.009,33.9257,8.0,12.6806,82.4987,7.1566,1.0,1.0,0.0,0.0,0.0
47.9752,21.8925,45.6383,20.3206,76.0,70.4387,70.257,78.4299,1.0,1.0,0.0,0.0,0.0
95.7432,20.4066,12.1799,85.1384,15.0,19.6493,18.3473,64.6968,0.0,0.0,0.0,0.0,0.0
6.5637,98.1889,78.8686,47.3287,16.0,7.4547,11.2438,60.5073,1.0,1.0,1.0,1.0,1.0
2.7101,91.2052,34.6484,94.7917,29.0,21.9321,82.2098,93.4428,0.0,0.0,1.0,0.0,0.0
85.0864,28.7201,62.5809,54.9568,17.0,87.9066,10.8109,0.6757,1.0,0.0,0.0,0.0,0.0
76.8388,73.5914,46.4026,54.0817,43.0,53.1503,61.8068,89.0966,0.0,0.0,1.0,0.0,0.0
23.5251,57.8672,75.4847,79.1122,8.0,90.4365,80.9956,62.7508,1.0,0.0,0.0,0.0,1.0
18.5098,27.5382,80.8495,38.6881,61.0,33.1967,88.9805,75.9646,0.0,1.0,0.0,0.0,0.0
73.9007,23.8012,86.5847,68.4682,79.0,44.5337,54.5733,76.4252,1.0,1.0,1.0,1.0,1.0
97.7067,36.916,68.43,30.9406,52.0,4.6717,43.6796,12.8555,0.0,0.0,0.0,0.0,0.0
52.1894,97.6619,21.0036,30.7234,85.0,65.7392,96.4416,54.7805,0.0,0.0,1.0,0.0,0.0
26.447,65.1186,37.9153,76.9044,66.0,17.0084,62.2788,19.6807,1.0,1.0,1.0,1.0,1.0
47.0765,78.2048,56.0227,62.0205,34.0,73.7715,1.5096,50.8635,0.0,0.0,1.0,0.0,0.0
27.0214,33.9696,96.9693,29.7367,77.0,73.7014,34.1503,34.4914,0.0,1.0,1.0,0.0,0.0
11.7425,52.1061,69.3854,50.1371,40.0,48.9023,97.9824,51.5325,0.0,1.0,1.0,0.0,0.0
90.6459,93.9515,51.5836,91.2219,63.0,46.1252,93.5637,36.2192,0.0,0.0,0.0,0.0,0.0
15.3906,8.3894,65.5749,32.1719,0.0,99.4145,59.972,99.407,0.0,0.0,0.0,0.0,1.0
24.8753,39.2186,50.3109,65.4353,96.0,10.7987,0.6553,25.5403,0.0,0.0,1.0,1.0,0.0
36.6906,92.6571,11.4297,52.4212,50.0,71.9396,12.5511,59.3733,1.0,0.0,0.0,0.0,1.0
9.3646,10.8196,81.0289,36.3257,22.0,93.1342,83.0771,48.8753,0.0,0.0,1.0,0.0,0.0
70.2267,38.5775,60.6756,86.0748,71.0,15.3784,90.5688,62.9882,0.0,0.0,1.0,0.0,0.0
37.1447,40.2258,73.6343,47.7974,36.0,61.7051,29.5522,96.0404,1.0,0.0,0.0,1.0,1.0
35.233,83.6214,99.8081,33.1742,45.0,58.2512,21.4046,79.6344,0.0,0.0,1.0,0.0,1.0
13.571,84.693,66.3661,41.4414,88.0,72.3094,3.2582,8.3947,1.0,0.0,0.0,1.0,1.0
67.187,82.8101,74.4465,61.1038,51.0,84.5441,97.33,67.7822,1.0,1.0,1.0,0.0,0.0
36.1509,69.8882,14.8247,78.0327,5.0,61.3894,68.4178,1.9619,0.0,0.0,0.0,0.0,0.0
62.6288,28.7676,38.1498,38.3241,57.0,31.9263,94.6119,51.2783,1.0,1.0,0.0,0.0,0.0
6.8598,63.9633,34.2155,19.9999,85.0,61.9074,12.7768,46.0138,0.0,0.0,0.0,0.0,1.0
39.851,61.7479,47.4626,42.7006,41.0,95.0908,85.5877,43.1505,1.0,0.0,0.0,0.0,1.0
70.8574,79.7862,46.1558,50.7318,72.0,81.4201,82.3046,27.0352,0.0,0.0,1.0,0.0,0.0
29.6696,37.5857,29.7015,71.9711,77.0,65.3933,23.1926,22.0801,0.0,0.0,1.0,0.0,0.0
53.0827,15.2774,95.0432,79.7363,44.0,16.1064,19.9032,61.8619,1.0,1.0,1.0,1.0,1.0
8.9997,70.8068,29.5197,29.6026,26.0,0.1212,55.7769,37.8761,0.0,0.0,1.0,0.0,0.0
18.9362,78.3783,34.8719,89.0264,72.0,41.0213,1.4703,64.6767,0.0,0.0,1.0,0.0,0.0
0.5505,97.1095,69.7901,48.1629,78.0,67.7933,84.5204,83.7017,1.0,1.0,0.0,1.0,1.0
9.0695,65.534,43.577,97.5911,36.0,92.3336,86.3371,95.0466,0.0,0.0,1.0,0.0,0.0
71.2,23.4115,22.3908,49.9057,65.0,63.4629,86.7137,99.7322,0.0,0.0,0.0,0.0,1.0
18.5356,26.6911,54.8561,36.087,68.0,46.828,45.3099,81.0772,1.0,1.0,1.0,1.0,1.0
42.7842,83.334,16.63,93.2337,94.0,30.5842,68.3612,90.2987,0.0,0.0,1.0,0.0,0.0
55.524,82.0476,24.1014,78.4316,84.0,83.8555,34.2957,76.002,0.0,0.0,1.0,0.0,0.0
73.4036,23.4259,37.0581,65.4484,72.0,27.9173,92.8396,85.104,0.0,0.0,1.0,0.0,0.0
59.0245,81.0988,5.3969,17.652,40.0,4.8074,23.804,1.0303,1.0,0.0,0.0,0.0,0.0
23.9505,54.5996,80.0565,23.7352,15.0,69.7588,24.3126,41.5787,1.0,1.0,0.0,1.0,1.0
62.6576,70.9733,41.789,94.3948,59.0,42.3877,13.5214,41.896,0.0,0.0,1.0,0.0,0.0
28.505,90.6952,10.6173,50.0689,7.0,53.0214,2.0726,12.6357,1.0,0.0,0.0,0.0,0.0
55.058,24.9138,82.2275,31.9761,23.0,62.0647,16.6048,3.7077,1.0,1.0,0.0,0.0,0.0
25.0352,79.8322,30.0807,69.233,89.0,28.116,22.7186,87.7347,1.0,1.0,0.0,1.0,1.0
29.5067,52.2124,95.655,80.8572,46.0,61.8301,95.6534,26.5773,0.0,1.0,1.0,0.0,0.0
74.1882,45.1887,89.76,81.004,79.0,46.5029,23.257,26.1804,0.0,0.0,1.0,0.0,0.0
29.0754,78.4178,99.0879,89.819,67.0,67.099,22.5465,44.0972,0.0,1.0,1.0,0.0,0.0
11.5556,62.1516,52.9497,98.0314,31.0,56.1188,12.4672,17.8728,0.0,0.0,1.0,0.0,0.0
76.4029,64.9686,76.221,42.509,61.0,28.6325,26.3474,89.3649,1.0,1.0,0.0,1.0,1.0
74.6704,92.8685,39.6552,43.4718,67.0,19.7568,67.6236,44.1278,0.0,0.0,1.0,0.0,0.0
68.6856,28.3275,61.1534,65.2188,95.0,6.5694,73.4323,25.694,0.0,0.0,1.0,0.0,0.0
14.5035,91.0176,31.0986,54.7596,94.0,1.2423,3.8802,72.1054,1.0,1.0,1.0,1.0,1.0
36.199,36.1056,44.1072,74.0462,7.0,6.9894,53.046,93.3958,1.0,1.0,0.0,1.0,0.0
45.7905,62.7615,28.1593,45.7182,41.0,31.7856,37.6411,28.9124,0.0,0.0,1.0,0.0,0.0
55.7267,55.7079,56.4153,29.8392,42.0,18.7811,8.2259,57.6479,0.0,0.0,1.0,0.0,0.0
3.2517,59.952,94.8829,81.7717,88.0,90.1465,95.0573,82.7494,0.0,0.0,1.0,0.0,0.0
30.3902,28.1474,93.0314,81.2364,41.0,68.4343,62.0635,33.0816,1.0,1.0,1.0,0.0,1.0
8.1274,42.6692,15.363,68.885,10.0,56.3172,64.6118,73.5937,0.0,0.0,1.0,0.0,0.0
74.7645,39.0574,33.0369,63.5214,75.0,15.0544,18.1848,50.8996,0.0,0.0,1.0,0.0,0.0
52.5822,37.6532,70.4623,17.795,33.0,46.0521,58.098,80.4742,1.0,1.0,0.0,0.0,1.0
59.8209,86.8958,61.5963,56.915,19.0,29.638,67.7679,80.2691,0.0,1.0,1.0,0.0,0.0
75.9057,36.0809,58.9362,48.0522,37.0,22.1098,73.8256,64.4584,0.0,0.0,1.0,0.0,0.0
64.6606,91.5598,44.6058,88.1738,76.0,60.8085,7.0649,41.8227,0.0,0.0,1.0,0.0,0.0
23.369,21.7105,76.8497,60.1993,69.0,40.6604,35.8132,94.4143,0.0,0.0,1.0,0.0,0.0
76.649,39.4942,52.3478,1.6828,0.0,90.5176,41.9773,72.2189,0.0,0.0,0.0,0.0,1.0
31.5063,71.7667,85.3205,49.0881,26.0,2.2235,70.3361,53.9608,0.0,1.0,1.0,0.0,0.0
82.5761,61.8018,44.2008,41.0464,77.0,80.9251,23.002,54.434,1.0,0.0,0.0,0.0,1.0
25.9166,96.199,54.0775,34.3526,36.0,49.2772,97.8037,10.1099,1.0,1.0,1.0,0.0,0.0
26.8647,51.5902,48.0749,46.7198,48.0,70.4052,64.1579,84.1919,0.0,0.0,0.0,1.0,1.0
33.6645,66.6812,50.0382,59.7178,97.0,5.2072,96.4787,23.4613,0.0,1.0,1.0,0.0,0.0
48.7116,39.8085,82.3141,4.8673,25.0,21.1869,45.7836,90.4285,1.0,1.0,0.0,0.0,0.0
62.0805,71.185,62.0637,88.4356,65.0,12.1043,91.1041,73.9041,0.0,0.0,1.0,0.0,0.0
29.0823,53.9533,12.1895,1.3467,88.0,53.273,39.7697,44.2217,1.0,1.0,0.0,0.0,0.0
31.1977,85.329,61.9237,17.9114,20.0,31.6492,51.0427,55.4339,1.0,1.0,1.0,0.0,1.0
7.1389,71.6889,90.712,97.7637,50.0,77.4012,91.7784,9.3861,0.0,0.0,1.0,0.0,0.0
1.4593,45.8199,73.4849,43.8142,44.0,63.9665,56.4833,59.7201,0.0,0.0,1.0,0.0,1.0
70.2753,17.2704,47.7669,23.1096,39.0,75.3231,80.9929,38.9003,1.0,1.0,0.0,0.0,0.0
44.6492,54.5234,93.3759,18.1164,81.0,36.7152,90.8063,93.1537,1.0,1.0,0.0,0.0,0.0
70.2559,84.6308,18.4126,39.525,49.0,42.5861,86.3421,64.7084,1.0,1.0,0.0,0.0,1.0
23.448,58.5075,47.9486,93.5349,59.0,45.9772,99.288,73.9539,1.0,1.0,1.0,0.0,0.0
19.0803,55.4372,59.8915,42.2097,39.0,46.7021,47.1978,82.8895,0.0,1.0,1.0,0.0,0.0
17.5321,27.5353,85.7706,89.9965,37.0,56.0063,54.2725,67.6167,0.0,1.0,1.0,0.0,0.0
77.9988,67.218,40.8322,93.6219,50.0,8.7902,13.386,17.3192,0.0,0.0,1.0,0.0,1.0
27.44,29.6017,28.3057,40.4535,93.0,65.2412,96.8743,39.5067,0.0,0.0,1.0,0.0,0.0
68.8569,68.8887,12.1271,65.7944,25.0,21.2503,3.4602,58.2866,0.0,0.0,1.0,0.0,0.0
99.8385,63.0367,68.1018,34.5631,98.0,48.3096,3.4372,28.3951,0.0,0.0,0.0,1.0,0.0
15.6151,59.2561,85.2952,59.0887,36.0,36.5703,7.8865,33.0201,0.0,0.0,1.0,0.0,0.0
73.9878,18.5263,27.995,75.0891,87.0,80.0531,2.2551,8.3693,1.0,0.0,0.0,0.0,1.0
16.2494,72.8453,61.6416,87.8197,85.0,75.7325,25.8867,58.7798,0.0,0.0,1.0,0.0,0.0
15.7251,81.165,87.988,81.2759,73.0,37.918,12.3194,22.4142,0.0,1.0,1.0,0.0,1.0
27.2213,51.8996,34.7225,69.0502,13.0,10.4447,85.1615,70.2722,0.0,0.0,1.0,0.0,0.0
41.4209,29.5988,58.8642,68.3799,50.0,7.4659,41.8018,54.3624,1.0,1.0,1.0,1.0,1.0
49.87,52.8308,38.9446,5.6772,69.0,76.9794,40.7022,61.9379,0.0,0.0,0.0,0.0,0.0
37.9147,31.9167,51.5966,89.1836,46.0,84.0794,46.0914,27.3644,0.0,0.0,1.0,0.0,0.0
14.7194,35.4565,50.2453,34.1079,80.0,49.6425,48.8367,19.4253,1.0,1.0,0.0,1.0,1.0
18.26,41.2763,96.0301,73.383,78.0,24.9311,83.3184,30.9822,1.0,1.0,1.0,1.0,1.0
93.6641,41.1092,88.1889,66.8521,70.0,53.8251,77.3601,2.9179,1.0,0.0,0.0,0.0,0.0
45.8194,71.595,67.7324,31.127,79.0,97.8769,49.9551,88.0553,1.0,0.0,0.0,0.0,0.0
83.6862,47.0534,86.7258,17.7496,85.0,4.765,52.5604,16.7249,0.0,0.0,0.0,0.0,0.0
2.9392,76.9237,70.2784,49.8053,9.0,42.741,29.7312,80.0166,0.0,0.0,1.0,0.0,0.0
69.559,54.3571,33.1571,45.3727,14.0,20.6539,93.5309,84.8428,1.0,1.0,0.0,1.0,1.0
17.9883,38.8603,75.0562,35.6509,20.0,35.1188,11.3944,21.7107,0.0,0.0,1.0,0.0,0.0
14.4856,67.3727,18.5339,96.8787,44.0,8.999,82.0941,38.6248,0.0,1.0,1.0,0.0,0.0
44.8278,79.1421,0.2403,87.4378,46.0,27.6634,40.1082,30.2844,0.0,0.0,0.0,0.0,1.0
49.6631,73.2236,96.8046,83.5575,70.0,3.4972,98.0642,42.2026,0.0,1.0,1.0,0.0,0.0
83.0466,99.9201,7.7695,75.189,87.0,84.2296,59.5291,52.9762,0.0,0.0,1.0,0.0,0.0
44.2302,54.7918,30.0936,35.1567,84.0,39.6025,12.4816,38.5544,0.0,0.0,1.0,0.0,0.0
65.7398,52.3271,99.9495,34.0616,53.0,35.1927,49.05,89.0856,1.0,1.0,1.0,1.0,1.0
14.6544,47.8627,94.3621,98.9128,31.0,64.52,53.7566,47.9978,0.0,0.0,1.0,1.0,0.0
51.8094,79.2358,21.2312,17.8008,50.0,53.5428,77.1503,43.5729,0.0,0.0,0.0,0.0,0.0
79.6579,80.228,49.8215,2.7826,60.0,37.7773,42.3957,40.5599,0.0,1.0,0.0,0.0,0.0
6.1712,87.4638,40.6217,51.8938,35.0,38.3855,75.661,32.5896,1.0,1.0,1.0,1.0,1.0
43.9607,81.9066,83.3107,64.7313,60.0,72.7504,33.3235,80.1465,1.0,1.0,1.0,1.0,1.0
67.9812,31.7922,30.2455,34.5972,58.0,71.4135,18.6075,13.6737,1.0,0.0,1.0,0.0,0.0
48.28,81.2636,89.9139,0.8807,66.0,75.3252,10.1823,78.4038,1.0,1.0,0.0,0.0,0.0
16.4002,54.9291,49.4665,94.9464,36.0,47.6934,35.6185,21.7689,1.0,1.0,1.0,1.0,1.0
66.0591,96.4852,29.3486,74.8901,24.0,51.0052,54.5032,42.6133,0.0,0.0,1.0,0.0,0.0
11.2943,69.0108,67.3708,56.8248,17.0,14.8327,53.6324,21.5619,1.0,1.0,1.0,1.0,1.0
82.638,97.6056,84.7835,70.942,92.0,85.4248,62.7567,31.4602,1.0,1.0,0.0,1.0,1.0
4.1529,17.6629,16.6857,89.1446,45.0,34.1065,46.9765,39.7761,1.0,1.0,1.0,0.0,0.0
19.3506,32.1381,99.3722,20.1853,58.0,58.6863,50.5911,53.9997,0.0,1.0,0.0,0.0,0.0
25.7295,28.6458,76.7213,68.9825,65.0,33.7206,35.0058,30.3832,0.0,1.0,1.0,0.0,0.0
16.344,64.9997,25.559,49.2735,71.0,45.5209,30.0801,37.1753,0.0,0.0,1.0,0.0,0.0
50.477,57.1558,89.6325,90.8421,61.0,59.3699,37.4802,25.4491,1.0,1.0,1.0,1.0,1.0
16.5586,38.8521,76.1582,97.4549,36.0,90.5106,56.0702,39.6036,0.0,0.0,1.0,0.0,0.0
60.2522,76.6543,33.4571,80.6036,17.0,66.7872,48.613,94.5653,0.0,0.0,0.0,0.0,0.0
43.3359,86.901,98.8812,3.6611,19.0,54.7019,54.517,47.7714,1.0,1.0,0.0,0.0,0.0
64.1257,88.2016,17.2606,40.3963,53.0,64.7695,25.9527,51.5346,0.0,0.0,1.0,0.0,0.0
95.1025,17.0315,63.2674,3.081,100.0,35.0938,83.1807,49.5563,0.0,0.0,0.0,0.0,0.0
9.3236,76.0802,26.4797,48.2684,57.0,77.0633,90.3734,67.2571,0.0,1.0,1.0,0.0,0.0
69.0755,91.6353,82.2124,40.8364,72.0,30.3581,32.9693,35.6109,0.0,1.0,1.0,0.0,0.0
37.545,18.3186,42.6286,57.0488,81.0,62.5178,99.8935,56.7803,1.0,1.0,1.0,0.0,0.0
50.4522,51.5676,32.0978,69.7553,56.0,66.9622,81.5871,84.6572,1.0,1.0,0.0,1.0,1.0
15.43,33.6483,68.8431,71.7779,63.0,30.6568,18.0586,35.9652,0.0,0.0,1.0,0.0,1.0
42.7453,85.0946,97.8261,6.2219,61.0,26.1779,66.3877,0.8925,1.0,1.0,0.0,0.0,0.0
6.5018,50.0223,36.6216,96.1688,67.0,84.2859,44.1326,37.2886,1.0,1.0,0.0,1.0,1.0
17.4128,68.5573,30.3574,79.5371,91.0,19.8106,4.8987,86.865,1.0,0.0,1.0,1.0,1.0
47.9188,32.7568,30.2907,83.1785,9.0,37.0995,59.2827,72.0848,1.0,1.0,0.0,0.0,1.0
7.8192,56.2483,96.8596,72.7855,56.0,95.6866,76.0237,12.8093,0.0,0.0,1.0,0.0,0.0
24.7923,47.6101,55.4667,67.6863,18.0,51.0828,38.4354,81.861,0.0,0.0,1.0,0.0,1.0
37.6382,81.397,49.3325,15.0096,63.0,4.8031,11.9047,55.5681,1.0,1.0,1.0,0.0,0.0
30.6147,44.407,72.9637,94.9698,87.0,45.7764,77.65,87.8573,1.0,1.0,0.0,1.0,1.0
29.9758,21.4745,46.97,72.3816,77.0,67.6941,29.4728,19.5718,1.0,1.0,0.0,0.0,1.0
74.8659,35.8185,89.8846,81.968,22.0,87.8272,1.987,76.897,0.0,0.0,0.0,0.0,0.0
26.5188,74.9034,21.8471,58.9989,80.0,48.7422,85.2665,45.7134,0.0,0.0,1.0,0.0,0.0
41.5735,55.2434,47.2204,67.3004,30.0,45.8079,71.9963,20.1935,1.0,1.0,0.0,1.0,1.0
9.4578,55.8571,31.6093,89.5679,51.0,25.8376,1.5142,28.5175,0.0,0.0,1.0,0.0,0.0
51.5878,50.7895,13.3822,20.2017,66.0,58.0832,26.4137,64.5075,1.0,1.0,0.0,0.0,0.0
28.5392,49.1302,82.1589,33.2034,18.0,25.1687,67.084,55.1174,1.0,1.0,1.0,1.0,1.0
27.0158,70.6272,59.2615,82.8982,15.0,19.0127,19.0203,62.3632,1.0,1.0,1.0,1.0,1.0
72.0606,98.5153,65.0826,56.7445,88.0,56.2217,10.208,15.3634,1.0,1.0,1.0,1.0,1.0
40.7985,56.6664,99.4457,74.3569,48.0,24.1889,31.3186,35.6999,0.0,1.0,1.0,0.0,1.0
45.3784,45.6696,74.2001,46.33,64.0,32.3517,13.6405,42.6611,0.0,1.0,1.0,0.0,0.0
57.1407,13.0365,11.1602,42.4288,70.0,16.8312,21.3459,4.1354,1.0,0.0,0.0,0.0,0.0
4.3153,47.6734,60.2294,73.3797,17.0,96.6696,50.606,96.2679,1.0,0.0,0.0,0.0,0.0
47.5529,49.0583,19.6845,78.0669,25.0,24.8038,28.0136,4.3034,0.0,1.0,0.0,0.0,0.0
32.3831,42.7007,95.4625,17.4561,16.0,32.4669,1.6018,66.1655,0.0,0.0,1.0,0.0,0.0
17.2669,59.7556,24.0695,46.9856,92.0,43.3056,88.4402,19.2883,1.0,1.0,0.0,0.0,0.0
62.5015,45.2173,17.6844,59.8296,76.0,0.4375,90.2574,36.6918,0.0,0.0,1.0,0.0,0.0
76.4099,91.1842,3.6921,15.3694,40.0,0.0573,46.4429,6.6069,1.0,0.0,0.0,0.0,0.0
56.0199,11.0183,47.8416,76.7858,59.0,57.1239,42.3129,68.0619,1.0,0.0,1.0,0.0,0.0
22.1499,31.2873,40.8578,93.8901,28.0,66.7741,64.458,95.0268,0.0,0.0,1.0,0.0,0.0
19.2065,28.3135,87.3495,54.5482,87.0,64.375,21.2305,47.0038,1.0,1.0,0.0,1.0,1.0
92.1428,33.4054,71.802,21.5909,50.0,48.9887,89.5076,55.7915,1.0,0.0,0.0,0.0,0.0
88.8287,91.9905,34.3068,47.2804,94.0,73.0435,17.2808,87.0866,0.0,0.0,0.0,0.0,0.0
23.6836,43.8876,88.2467,61.5996,55.0,83.3729,60.6019,77.63,0.0,1.0,1.0,0.0,0.0
14.8792,55.577,78.983,66.9372,54.0,14.4172,4.8348,68.4267,1.0,1.0,1.0,1.0,1.0
54.372,85.0284,59.4786,95.448,25.0,34.1599,50.2198,49.0804,0.0,0.0,1.0,1.0,1.0
29.4355,90.7268,21.743,63.5013,17.0,40.5175,21.2195,71.1439,1.0,1.0,1.0,1.0,1.0
40.9176,45.3792,29.1614,65.7403,86.0,87.0412,78.3483,60.4514,0.0,0.0,1.0,0.0,1.0
29.7067,19.4916,51.1457,55.0382,93.0,60.949,67.2863,87.9966,0.0,0.0,1.0,0.0,0.0
99.844,38.2687,12.4623,79.079,9.0,23.5111,54.7549,73.357,0.0,0.0,0.0,1.0,0.0
3.6554,58.61,59.9478,54.5688,26.0,11.0725,82.6895,76.9847,0.0,0.0,1.0,1.0,0.0
30.2842,49.7057,55.0379,52.1832,54.0,43.4102,50.7958,82.76,0.0,1.0,1.0,0.0,1.0
0.5586,53.1193,68.7323,10.6288,16.0,7.3137,89.394,33.4635,1.0,1.0,0.0,0.0,0.0
78.1054,10.5878,11.3805,80.3297,89.0,76.5777,31.2181,49.1634,0.0,0.0,0.0,0.0,0.0
1.4473,79.4617,26.7905,76.5756,38.0,46.2325,34.2813,79.0838,0.0,1.0,1.0,0.0,0.0
30.5244,56.272,94.2168,33.8276,43.0,32.5515,61.6374,60.884,1.0,1.0,0.0,1.0,1.0
50.2275,94.0243,67.9158,76.3968,68.0,38.2376,41.2841,25.7679,1.0,1.0,0.0,1.0,1.0
65.6655,62.6455,73.2504,43.1436,85.0,92.3595,30.2199,43.0738,1.0,0.0,0.0,1.0,1.0
1.5347,30.0826,85.1261,90.4678,50.0,24.2796,66.3872,53.8746,1.0,1.0,1.0,1.0,1.0
46.3306,92.4071,77.3799,27.1572,45.0,82.3454,78.0926,48.0395,0.0,0.0,1.0,0.0,0.0
85.5944,94.3907,40.4627,8.7675,13.0,49.3989,6.7496,22.1482,0.0,0.0,0.0,0.0,0.0
37.2759,19.011,48.1194,57.7892,34.0,92.3999,61.8808,15.8965,1.0,0.0,1.0,1.0,0.0
2.9833,33.6178,82.3958,24.3396,63.0,33.0397,96.3592,18.7686,1.0,1.0,1.0,0.0,0.0
41.6179,85.9568,95.6585,27.1789,71.0,79.776,8.0215,70.5431,0.0,0.0,1.0,0.0,0.0
1.3,45.9257,67.6719,91.6765,9.0,26.9092,83.1808,32.0029,1.0,1.0,1.0,0.0,1.0
26.3983,96.04,93.2393,97.3195,5.0,32.6305,95.6426,64.1163,0.0,0.0,1.0,0.0,0.0
24.0734,13.8167,50.2889,96.7133,38.0,21.0826,44.9968,58.9592,0.0,0.0,1.0,0.0,0.0
8.1537,72.3794,58.4953,97.7508,74.0,50.6229,14.3125,47.2514,0.0,0.0,1.0,0.0,1.0
34.8132,12.2243,69.2699,92.5687,65.0,52.6337,29.0638,17.1419,1.0,0.0,1.0,0.0,1.0
17.3222,66.9343,46.9669,68.9771,91.0,54.6299,99.8578,60.5731,0.0,1.0,1.0,0.0,0.0
16.5103,60.2521,98.221,40.8892,61.0,7.632,48.4559,31.792,1.0,1.0,1.0,1.0,1.0
46.4299,2.772,42.3845,75.3517,78.0,33.8963,52.5037,55.4753,0.0,0.0,0.0,0.0,0.0
63.1907,22.7978,25.5243,60.2821,9.0,67.6779,83.1197,28.5862,1.0,0.0,1.0,0.0,0.0
21.1072,90.008,50.8849,47.2626,35.0,21.1346,54.8997,84.8485,0.0,1.0,1.0,0.0,1.0
10.6119,18.0813,79.7558,19.2177,34.0,10.1417,64.2272,70.561,0.0,1.0,1.0,0.0,0.0
49.341,69.7785,25.3373,71.3991,75.0,0.3817,41.687,43.8116,1.0,1.0,1.0,1.0,1.0
42.6204,77.2224,74.373,62.3094,97.0,40.3311,71.6063,40.5244,0.0,1.0,1.0,0.0,1.0
48.5329,75.0281,16.8808,64.1069,46.0,19.0525,29.7984,69.6256,0.0,0.0,1.0,0.0,0.0
2.6987,18.667,71.9589,86.5138,23.0,52.0788,71.6369,42.0725,0.0,0.0,1.0,0.0,0.0
27.495,67.3404,47.6631,32.0218,18.0,48.0155,96.1105,38.4448,0.0,0.0,1.0,0.0,0.0
7.8977,16.1493,45.8692,58.3512,65.0,67.2469,8.3179,71.6704,0.0,0.0,1.0,0.0,0.0
13.379,79.8647,42.1251,90.9068,8.0,70.0389,52.9054,53.9766,0.0,0.0,1.0,0.0,0.0
18.2676,91.9416,43.1042,13.3356,40.0,2.7602,79.622,65.0916,1.0,1.0,0.0,0.0,0.0
38.3808,87.484,32.8345,91.6189,42.0,48.972,90.4304,88.9246,0.0,0.0,1.0,0.0,0.0
2.9642,47.2501,35.9011,52.3071,99.0,42.6652,17.5488,48.0001,0.0,0.0,1.0,0.0,1.0
68.0226,84.5297,86.6921,49.5147,76.0,25.4488,98.4919,66.1301,0.0,1.0,1.0,0.0,0.0
37.8973,95.3347,78.0482,49.1562,78.0,1.7274,69.8242,34.3891,1.0,1.0,1.0,1.0,1.0
76.6583,20.2723,10.3449,19.5638,7.0,86.7933,55.7932,10.7203,0.0,0.0,0.0,0.0,0.0
41.7353,70.4007,79.1909,25.9923,17.0,86.8077,51.9652,7.5238,0.0,0.0,0.0,0.0,0.0
40.8609,48.8935,35.8616,91.9538,40.0,10.0111,63.1013,21.0693,1.0,1.0,0.0,1.0,1.0
76.4902,30.8775,42.2028,62.0473,59.0,46.1565,12.6569,75.971,1.0,0.0,0.0,1.0,1.0
58.5844,89.3127,65.6536,55.067,63.0,59.0752,77.9708,38.8963,0.0,1.0,0.0,0.0,0.0
71.6303,28.0976,80.3462,81.6709,37.0,88.0001,8.5636,25.0418,0.0,0.0,1.0,0.0,0.0
43.2013,46.1209,72.3073,52.3545,95.0,46.714,67.5435,43.4396,0.0,1.0,1.0,0.0,0.0
2.0781,56.8978,60.8679,23.7494,38.0,73.5829,12.6133,72.5264,1.0,1.0,0.0,1.0,1.0
18.7649,61.5084,75.9907,79.0836,77.0,83.6185,31.788,15.6038,1.0,1.0,0.0,1.0,1.0
57.7525,79.7274,16.6799,26.9738,18.0,54.0359,37.745,12.615,1.0,1.0,0.0,0.0,0.0
32.4876,78.5815,87.5027,16.1101,89.0,17.1204,64.9469,69.6311,0.0,1.0,1.0,0.0,0.0
13.2526,98.2723,79.154,94.3129,63.0,23.1461,26.9351,15.6321,1.0,1.0,1.0,1.0,1.0
5.9341,17.9373,79.4453,31.2693,76.0,50.173,50.2047,43.1767,0.0,0.0,1.0,0.0,0.0
49.3658,86.0711,73.5528,21.9058,87.0,76.1246,38.0175,79.135,0.0,0.0,1.0,0.0,0.0
59.0075,75.8521,40.0912,51.0038,78.0,69.9929,36.9177,67.1154,1.0,1.0,1.0,0.0,1.0
39.4522,18.7472,81.8348,52.6412,87.0,83.5937,2.8706,66.5757,0.0,0.0,1.0,0.0,0.0
37.6188,53.7116,86.9825,60.1767,79.0,14.707,49.8912,42.3071,0.0,1.0,1.0,0.0,0.0
7.4174,27.3528,94.2966,84.0699,20.0,46.8529,57.2432,39.5582,0.0,0.0,1.0,0.0,0.0
4.7265,99.5225,42.9928,80.3196,23.0,69.6648,7.476,38.3102,0.0,0.0,1.0,0.0,0.0
42.3047,31.8558,39.4554,19.1839,96.0,4.3814,17.3961,46.4309,1.0,1.0,1.0,1.0,1.0
15.0767,99.2402,98.1671,77.6536,29.0,16.5167,72.6341,26.8349,0.0,1.0,1.0,1.0,0.0
35.6732,32.9711,38.0793,95.6146,6.0,46.0896,80.812,24.3192,0.0,0.0,1.0,0.0,0.0
54.6174,19.4931,18.2482,51.2727,52.0,29.3565,58.7189,60.8953,1.0,1.0,0.0,0.0,0.0
37.357,70.6042,72.0245,87.5173,23.0,10.7189,11.7738,27.5004,0.0,1.0,1.0,0.0,0.0
47.6034,97.4524,74.8881,27.2486,19.0,30.5619,78.7186,86.9998,1.0,1.0,0.0,1.0,1.0
31.3075,67.8933,87.3145,89.2774,30.0,44.6758,88.0439,87.5784,0.0,0.0,1.0,0.0,0.0
3.6142,30.218,48.3217,58.0688,51.0,44.3702,68.9147,84.7596,0.0,1.0,1.0,0.0,0.0
6.7169,41.9145,49.2387,83.2761,22.0,65.9097,81.3624,32.0565,0.0,1.0,1.0,0.0,0.0
72.3328,89.4463,85.3236,70.2253,1.0,44.3193,33.1607,42.743,0.0,0.0,0.0,0.0,0.0
50.9248,89.133,87.4186,75.9549,63.0,43.9931,87.3259,55.3829,0.0,1.0,1.0,0.0,0.0
43.5577,10.0232,55.2252,97.9094,95.0,32.8994,65.0084,22.6824,1.0,1.0,1.0,0.0,0.0
60.2914,95.1744,68.0806,83.9046,72.0,17.2776,48.0057,12.1433,0.0,1.0,1.0,0.0,0.0
6.3209,91.4132,27.2437,65.1574,41.0,44.684,71.8492,90.5845,1.0,1.0,1.0,1.0,1.0
14.2888,63.7215,52.5648,28.6883,32.0,5.5932,32.2788,99.2658,1.0,0.0,0.0,1.0,1.0
72.5926,22.6127,80.1675,8.7893,87.0,68.7156,60.1614,46.2313,0.0,0.0,0.0,0.0,0.0
42.3531,55.4663,24.658,69.7826,100.0,53.0699,53.9515,62.3725,1.0,1.0,1.0,1.0,1.0
0.4497,76.901,52.3977,46.4005,92.0,74.9367,38.3169,82.8647,0.0,0.0,1.0,1.0,1.0
84.113,37.6633,58.4209,49.7468,83.0,54.8416,79.1389,38.5191,1.0,1.0,0.0,0.0,0.0
54.9158,63.1535,76.5983,55.2451,35.0,25.4352,78.7958,38.7414,0.0,1.0,1.0,0.0,0.0
57.3705,40.9285,68.931,48.3296,87.0,14.5293,78.6051,80.1087,0.0,1.0,0.0,0.0,1.0
85.4005,54.4713,49.8904,51.257,72.0,4.1908,53.9459,7.5009,0.0,0.0,0.0,0.0,0.0
54.3514,86.3875,80.0375,99.6065,13.0,41.5843,32.4615,30.9768,0.0,0.0,1.0,0.0,0.0
51.2997,54.838,82.9097,65.5443,90.0,58.7157,95.7563,84.245,1.0,1.0,0.0,0.0,0.0
0.882,19.4678,20.3139,92.1368,96.0,68.0221,38.6341,65.2374,1.0,1.0,1.0,0.0,1.0
13.895,27.1776,50.7894,66.0437,85.0,37.202,46.2106,43.4856,0.0,0.0,1.0,0.0,0.0
65.9882,92.0096,41.2558,73.2764,38.0,28.2574,48.2666,77.4729,0.0,0.0,1.0,0.0,0.0
1.328,69.3411,31.5692,71.7043,28.0,49.9214,23.2639,66.7219,0.0,1.0,1.0,0.0,0.0
26.426,36.0407,73.2222,80.7614,67.0,54.7599,97.5406,90.0503,0.0,1.0,1.0,0.0,0.0
29.2194,94.8552,37.4064,34.0239,100.0,89.3745,46.3067,86.6491,0.0,0.0,1.0,0.0,1.0
76.1893,50.1268,42.3114,63.42,94.0,37.9004,97.7358,44.067,0.0,1.0,1.0,0.0,0.0
3.8234,71.051,65.3249,44.115,24.0,0.0167,75.7187,86.802,0.0,1.0,1.0,0.0,0.0
42.9857,17.0517,11.0502,87.646,63.0,93.1592,1.0496,91.0548,0.0,0.0,0.0,0.0,0.0
33.3783,15.8423,99.6203,87.6296,41.0,30.6172,64.8248,12.9284,0.0,0.0,1.0,0.0,0.0
61.5736,71.5334,66.0297,75.0528,96.0,2.2549,32.592,19.381,1.0,1.0,1.0,1.0,1.0
11.2024,39.1503,42.6002,32.5203,36.0,64.4387,8.7317,44.1198,1.0,1.0,1.0,1.0,1.0
18.9816,92.8092,92.1139,77.311,76.0,14.2619,58.2958,91.327,0.0,1.0,1.0,0.0,1.0
47.7149,33.4117,30.175,61.7702,10.0,89.8744,45.7916,49.9189,1.0,0.0,1.0,1.0,0.0
43.6405,95.1544,57.4457,85.8508,85.0,11.5214,75.3953,94.5436,0.0,1.0,1.0,0.0,0.0
65.4109,90.3675,65.9909,59.7217,19.0,49.1674,85.6692,47.4105,0.0,1.0,1.0,0.0,0.0
58.8887,61.8787,43.237,33.0316,17.0,43.8416,14.6027,52.5728,1.0,1.0,1.0,0.0,1.0
3.613,35.9277,21.9497,88.5277,86.0,42.8759,90.9657,34.9216,0.0,0.0,1.0,0.0,0.0
14.2397,26.2025,69.0134,30.6548,95.0,53.5462,92.1341,78.03,0.0,0.0,1.0,0.0,0.0
20.5199,68.0198,85.2956,55.5436,98.0,35.92,62.5143,52.1927,1.0,1.0,0.0,1.0,1.0
1.8016,50.4548,78.7934,70.0219,0.0,79.182,93.4632,0.186,0.0,0.0,0.0,0.0,1.0
24.0355,54.4559,17.9966,39.6145,34.0,18.4371,24.0272,80.1172,0.0,0.0,1.0,0.0,0.0
97.1414,76.9615,21.6965,6.9387,28.0,49.1526,45.9805,86.6073,0.0,0.0,0.0,0.0,0.0
10.8187,36.2006,67.3956,15.6379,92.0,26.5744,71.6013,86.8604,0.0,0.0,0.0,0.0,0.0
62.3414,45.5534,97.6942,60.6365,41.0,96.0699,81.146,13.208,1.0,0.0,0.0,0.0,0.0
14.8876,51.4791,15.8556,41.9505,38.0,2.0295,23.377,20.1877,1.0,1.0,1.0,1.0,0.0
66.8547,94.0562,55.2363,59.5654,68.0,77.3048,28.6133,81.1747,0.0,0.0,1.0,0.0,0.0
52.7761,94.185,97.1563,66.0041,12.0,77.93,6.8627,60.7236,0.0,0.0,1.0,0.0,1.0
38.0955,87.6718,82.0277,94.4933,86.0,63.7024,70.0456,32.3346,0.0,1.0,1.0,0.0,0.0
27.1178,34.6876,98.2475,6.8901,48.0,13.0037,14.7734,76.5642,1.0,1.0,0.0,0.0,0.0
75.6591,85.8372,96.1602,93.7186,52.0,12.9925,43.0705,24.5121,0.0,1.0,1.0,1.0,1.0
47.7932,25.2204,71.3966,55.4796,53.0,51.4725,33.7165,47.1968,0.0,1.0,1.0,0.0,0.0
38.9465,46.4507,20.9137,70.7437,52.0,31.7459,61.5603,71.5021,1.0,1.0,1.0,1.0,1.0
32.4301,92.524,76.3952,69.7951,70.0,34.5068,31.769,40.7933,1.0,1.0,1.0,1.0,1.0
6.7426,9.3389,72.8285,74.6,85.0,49.1845,90.6589,53.5966,0.0,0.0,1.0,0.0,0.0
30.2516,30.5438,44.865,91.6806,29.0,63.3168,8.6007,44.7845,0.0,1.0,1.0,0.0,0.0
44.9952,89.5782,54.2747,43.0113,86.0,95.0613,87.8193,22.8463,0.0,0.0,1.0,0.0,0.0
9.1083,57.055,28.4123,39.398,84.0,80.5613,24.8156,28.0445,0.0,0.0,1.0,0.0,0.0
72.7159,95.5436,15.717,83.7125,53.0,37.4899,8.8242,69.6125,0.0,0.0,1.0,0.0,0.0
41.4115,8.2162,45.5534,60.3142,29.0,99.8189,43.0114,11.4231,0.0,0.0,0.0,0.0,1.0
3.5011,99.6455,77.7291,89.7422,32.0,79.9474,91.4568,44.6174,1.0,1.0,0.0,1.0,1.0
3.8938,92.1435,13.6127,22.8282,76.0,91.3621,92.3788,5.0078,1.0,1.0,0.0,0.0,0.0
38.6857,88.6186,64.4576,81.6345,84.0,69.2972,32.9561,8.1972,0.0,0.0,1.0,0.0,0.0
88.7435,65.8948,73.2504,66.9491,73.0,76.2278,92.1853,85.2891,1.0,1.0,0.0,0.0,0.0
10.2165,60.027,95.2122,25.6385,27.0,51.4182,56.5385,88.5643,1.0,1.0,1.0,1.0,1.0
1.8098,17.2336,16.6576,43.283,21.0,55.9517,81.8339,64.3677,0.0,0.0,1.0,0.0,0.0
1.2278,79.0152,89.5561,49.4524,90.0,19.0479,68.2797,13.4586,0.0,0.0,1.0,0.0,0.0
62.4831,50.0151,94.3843,38.659,11.0,54.4053,17.7227,64.0073,0.0,0.0,1.0,0.0,0.0
18.1803,92.6007,78.1699,74.8181,70.0,87.6791,33.1995,99.1936,0.0,0.0,0.0,1.0,0.0
55.4725,87.6354,45.1839,57.033,25.0,15.7107,76.2411,69.2472,0.0,0.0,1.0,0.0,0.0
65.7133,91.7797,20.1999,77.3346,72.0,54.3951,49.0154,85.0493,0.0,0.0,1.0,0.0,0.0
90.0762,5.9426,67.3714,4.5217,23.0,23.8446,28.3122,79.5258,1.0,0.0,0.0,0.0,0.0
73.6209,20.0751,84.0194,70.4538,36.0,84.4449,80.1174,57.7728,1.0,1.0,0.0,1.0,1.0
27.9554,30.4725,72.2712,24.6187,80.0,48.2332,83.6082,74.5706,1.0,1.0,1.0,1.0,1.0
41.1034,94.1995,23.1798,18.9626,77.0,84.2697,31.9864,28.7399,1.0,1.0,1.0,0.0,1.0
30.5769,99.45,74.9194,41.8785,46.0,60.206,12.5851,78.6482,0.0,0.0,1.0,0.0,1.0
24.8466,38.1499,97.5346,17.4839,1.0,3.3436,56.7849,53.6115,1.0,0.0,0.0,0.0,0.0
32.7797,30.2589,55.6618,72.9835,18.0,51.8654,19.6365,71.0161,0.0,0.0,1.0,0.0,0.0
63.5406,60.5655,92.1226,59.6939,2.0,68.2069,33.0946,45.8966,1.0,0.0,0.0,0.0,0.0
8.6963,88.7942,44.3062,86.8617,48.0,2.0166,27.9293,68.2167,0.0,1.0,1.0,1.0,0.0
55.0266,40.3841,55.7393,58.7482,59.0,19.4933,95.8524,76.5873,0.0,0.0,1.0,0.0,0.0
54.2224,75.6559,79.2645,15.2546,90.0,31.1958,70.901,15.2239,0.0,1.0,0.0,0.0,0.0
16.7283,88.147,87.9439,26.0729,10.0,92.5407,22.5837,60.7089,0.0,0.0,1.0,0.0,0.0
40.4523,61.3551,50.7844,70.3658,73.0,57.1739,74.6418,62.1383,0.0,0.0,1.0,0.0,0.0
24.39,21.9298,57.1891,51.3995,78.0,49.047,56.0714,79.0609,1.0,1.0,1.0,1.0,1.0
8.2493,51.8963,10.3272,87.0208,72.0,67.0182,92.5658,84.5936,0.0,0.0,1.0,0.0,0.0
39.3105,22.4068,72.6096,21.7756,25.0,55.6828,82.9372,67.897,0.0,0.0,1.0,0.0,0.0
10.977,52.4899,95.1032,68.1834,39.0,40.3519,53.9471,59.5676,1.0,1.0,1.0,1.0,1.0
11.3756,24.7261,31.4406,53.8334,48.0,54.8559,5.2874,63.6205,0.0,0.0,1.0,0.0,1.0
30.7169,96.8514,77.6966,47.2792,70.0,87.6854,47.439,60.2679,1.0,1.0,0.0,1.0,1.0
6.7694,60.1933,69.2098,40.8283,8.0,22.9034,53.6086,38.8896,0.0,0.0,1.0,0.0,0.0
70.7825,78.1328,79.4593,20.9916,54.0,72.3955,34.479,2.7225,1.0,1.0,0.0,0.0,0.0
62.7134,52.3174,27.5142,73.8821,57.0,60.3595,11.5952,69.2974,1.0,1.0,0.0,1.0,1.0
46.8657,30.9596,80.5515,22.1452,56.0,23.208,1.2399,36.1589,1.0,0.0,1.0,0.0,1.0
53.4721,91.8156,92.2619,78.4663,79.0,28.4558,61.6125,21.6698,0.0,1.0,1.0,1.0,1.0
56.4672,52.6297,45.4867,87.8229,82.0,34.6563,0.3939,38.4261,1.0,0.0,1.0,1.0,1.0
58.4393,93.2441,23.9311,68.261,48.0,3.9698,44.8158,21.5444,0.0,1.0,1.0,0.0,0.0
32.8781,68.4144,22.8881,78.3294,55.0,90.6965,51.3987,12.7974,0.0,0.0,1.0,0.0,0.0
13.5065,24.7113,70.5747,26.765,76.0,22.255,96.605,42.6594,1.0,1.0,1.0,0.0,0.0
30.5926,97.0124,28.5946,40.9454,14.0,62.7881,9.4008,73.0797,0.0,0.0,1.0,0.0,0.0
43.8164,56.5648,63.247,90.1224,50.0,48.3918,57.7029,67.7317,1.0,1.0,0.0,1.0,1.0
0.1649,77.5282,29.0009,67.9275,40.0,25.8549,96.7787,31.6688,0.0,1.0,0.0,0.0,0.0
26.2897,72.0516,90.2393,88.7344,26.0,80.9198,54.0427,71.0362,1.0,1.0,1.0,1.0,1.0
25.7805,61.171,89.1058,90.8395,61.0,22.1844,35.2835,85.2264,1.0,1.0,1.0,1.0,1.0
45.8884,43.0529,76.9633,43.2711,65.0,91.9069,15.1498,64.7291,0.0,0.0,1.0,0.0,0.0
36.7208,21.9198,50.7918,34.3465,75.0,22.7341,22.1937,18.893,1.0,1.0,0.0,1.0,0.0
6.3039,61.2135,42.9139,95.177,76.0,54.6115,52.8643,20.5665,0.0,1.0,1.0,0.0,0.0
27.8545,59.573,58.6423,61.2655,62.0,79.3863,10.3536,28.4349,1.0,1.0,1.0,1.0,1.0
60.5488,52.0417,23.117,58.4307,23.0,31.8311,6.5274,73.4967,0.0,0.0,1.0,0.0,0.0
88.7463,20.8246,61.3712,36.0124,55.0,30.2162,92.1932,92.2966,1.0,1.0,0.0,0.0,0.0
19.113,53.7864,97.2355,45.3943,51.0,45.5098,7.635,68.8302,1.0,1.0,1.0,1.0,1.0
75.6586,24.9691,98.0601,27.4993,67.0,29.4602,15.3169,47.5573,1.0,0.0,0.0,0.0,1.0
74.2608,25.9864,78.689,41.457,39.0,67.4172,25.222,30.627,0.0,0.0,0.0,0.0,0.0
8.6978,99.6409,96.9154,44.0303,79.0,65.6824,90.1579,46.4407,1.0,1.0,1.0,1.0,1.0
27.6545,56.9419,69.4182,59.8457,14.0,8.1464,53.5706,81.1535,0.0,1.0,1.0,0.0,1.0
60.5182,59.955,76.9433,49.8902,62.0,50.8647,32.2702,40.0436,0.0,0.0,1.0,0.0,0.0
32.4721,63.1498,19.6378,35.8731,44.0,52.2195,27.4524,59.7234,0.0,0.0,1.0,0.0,0.0
16.0582,74.2224,59.6271,34.9358,54.0,85.1804,68.7686,37.0337,0.0,0.0,1.0,0.0,0.0
71.3084,84.7675,78.5793,23.4556,17.0,40.1196,32.9331,80.9747,1.0,1.0,1.0,0.0,1.0
32.2682,37.3765,34.0999,66.5369,51.0,23.0754,1.1535,78.2868,0.0,0.0,1.0,1.0,0.0
23.1375,55.7308,92.4349,91.3919,47.0,14.1716,37.5553,91.6511,1.0,1.0,1.0,1.0,1.0
74.0852,50.5306,61.3424,67.455,75.0,90.1643,81.9468,72.6785,1.0,0.0,1.0,1.0,1.0
14.7609,75.598,36.2774,47.7379,19.0,88.5859,0.3626,63.3718,0.0,0.0,1.0,1.0,1.0
28.3926,97.2665,24.2908,16.9209,65.0,30.9555,64.0663,48.5908,1.0,1.0,0.0,1.0,0.0
86.7332,58.1385,64.4203,35.2755,28.0,75.8713,97.1826,66.7342,1.0,0.0,0.0,0.0,0.0
25.2267,89.0168,26.2299,37.692,17.0,57.8775,64.108,31.8068,1.0,1.0,0.0,1.0,1.0
63.6997,16.184,86.7656,41.9367,32.0,40.2857,2.667,35.9126,0.0,0.0,1.0,0.0,0.0
20.5362,44.9297,89.0506,3.7767,77.0,42.0008,54.2955,32.8418,0.0,1.0,0.0,0.0,0.0
1.0608,67.7352,28.7868,43.4517,96.0,70.6501,25.5807,35.7054,1.0,1.0,1.0,1.0,1.0
43.8006,89.9898,12.1667,42.2667,50.0,38.1742,17.915,77.4676,0.0,0.0,1.0,0.0,0.0
18.5884,96.4353,28.5654,51.22,26.0,9.997,25.5598,98.9136,1.0,0.0,0.0,1.0,1.0
46.5936,92.3813,59.0675,69.7701,97.0,80.6006,55.0275,32.2146,1.0,1.0,1.0,1.0,1.0
31.3424,30.9265,70.5544,37.4236,100.0,79.6121,10.444,63.1992,0.0,0.0,1.0,0.0,0.0
46.5882,50.6536,96.8277,53.7603,58.0,25.5082,51.6426,1.1647,1.0,1.0,0.0,0.0,0.0
35.9092,20.5984,92.6403,96.4365,18.0,31.3805,93.7071,68.6751,0.0,1.0,1.0,0.0,0.0
24.0361,91.0066,77.9153,62.6137,97.0,3.0274,10.2242,30.6109,1.0,1.0,0.0,1.0,1.0
30.1495,44.228,36.3307,67.1388,10.0,52.4487,76.4687,62.801,0.0,1.0,0.0,0.0,0.0
9.1589,89.3361,48.6796,74.3419,90.0,49.0187,94.1762,13.4471,0.0,0.0,1.0,0.0,0.0
23.3473,28.8645,99.0657,83.4636,70.0,4.2424,55.793,51.2715,0.0,1.0,1.0,0.0,0.0
86.5593,86.3998,13.8175,6.493,75.0,97.8815,13.2429,73.4585,1.0,0.0,0.0,0.0,0.0
45.3748,13.7803,24.7637,86.5428,36.0,71.5916,40.1762,88.8357,1.0,0.0,0.0,0.0,1.0
59.5211,58.845,60.8028,85.09,20.0,29.8177,43.3001,52.4846,1.0,1.0,1.0,1.0,1.0
66.7883,29.2418,71.7616,55.6822,10.0,1.9237,53.2192,53.7138,0.0,0.0,1.0,0.0,0.0
93.6959,37.5948,32.6847,70.7906,83.0,14.2903,81.1343,43.4218,0.0,0.0,0.0,0.0,0.0
60.5417,99.4735,26.0848,67.7773,70.0,52.7483,43.5982,86.1425,0.0,0.0,1.0,0.0,0.0
10.3721,61.1872,46.1787,61.2834,49.0,93.0921,72.6163,43.7727,1.0,0.0,0.0,0.0,1.0
3.4524,72.9991,59.5329,26.2943,27.0,79.1298,7.2771,49.3725,0.0,0.0,1.0,0.0,0.0
5.4462,19.6221,24.5354,65.7033,54.0,11.9137,36.9566,58.2603,0.0,1.0,1.0,0.0,0.0
50.0006,58.5555,63.1308,57.4015,18.0,87.5641,21.5218,48.2439,0.0,0.0,1.0,0.0,0.0
37.9603,56.521,96.3181,53.3366,32.0,5.1647,91.8771,78.2188,0.0,1.0,1.0,0.0,0.0
37.2273,72.5472,80.3355,83.4747,78.0,41.0191,47.3042,64.6727,0.0,0.0,1.0,0.0,1.0
70.7518,43.8765,87.1592,15.617,47.0,10.5976,11.0008,7.464,1.0,1.0,0.0,0.0,0.0
74.9951,61.3372,97.8134,46.5693,81.0,74.4843,2.9565,58.6023,1.0,0.0,0.0,1.0,1.0
51.4633,96.2701,96.1105,23.3526,89.0,42.994,30.9436,19.708,1.0,1.0,1.0,1.0,1.0
14.2482,78.5651,36.3392,98.4046,60.0,51.991,62.2444,60.1769,1.0,1.0,1.0,1.0,1.0
52.9759,97.5718,70.2476,79.6211,37.0,89.6558,49.3913,43.7078,0.0,0.0,1.0,0.0,0.0
64.6095,97.2395,71.0916,84.7155,57.0,91.6194,29.6593,15.4233,1.0,1.0,0.0,0.0,1.0
32.6572,68.4415,31.8431,19.6647,87.0,21.4311,35.0735,40.5781,1.0,1.0,1.0,0.0,1.0
46.0635,34.956,20.7741,57.9389,80.0,53.5993,57.4265,38.1153,0.0,0.0,1.0,0.0,1.0
56.1419,85.6261,46.3952,5.7008,8.0,38.8649,93.3015,10.6299,1.0,1.0,0.0,0.0,0.0
26.4204,92.6487,92.0163,57.929,79.0,6.4373,22.4474,15.8257,1.0,1.0,1.0,1.0,1.0
40.0432,87.5314,58.852,90.7331,67.0,70.3422,40.6783,67.1534,1.0,1.0,1.0,1.0,1.0
36.4349,89.5112,92.366,96.5212,38.0,80.1438,57.3302,92.8491,0.0,0.0,1.0,1.0,0.0
16.0089,57.5929,96.972,85.9191,36.0,0.2172,25.8122,92.3659,1.0,1.0,1.0,1.0,1.0
51.9696,40.1372,34.9079,78.1289,63.0,7.5908,76.9544,96.1381,0.0,0.0,0.0,0.0,1.0
53.8547,95.6083,86.301,59.5963,71.0,99.3259,39.5235,55.244,1.0,0.0,0.0,0.0,0.0
47.0914,36.114,52.5868,96.1338,51.0,8.7935,83.1457,80.8047,0.0,0.0,1.0,0.0,1.0
46.619,10.9898,73.9325,37.6062,43.0,53.0271,97.2676,59.977,0.0,0.0,1.0,0.0,0.0
57.5501,25.4265,45.3187,60.7908,28.0,85.2362,64.7463,78.9313,1.0,1.0,1.0,1.0,1.0
36.7848,94.644,99.5265,81.2017,32.0,41.8322,40.8062,36.4271,0.0,1.0,1.0,0.0,0.0
0.5443,38.0091,26.2888,50.8692,62.0,37.4962,86.2044,66.2163,0.0,0.0,1.0,0.0,0.0
74.6495,26.9134,28.6437,54.8201,82.0,24.5893,41.037,56.937,0.0,0.0,1.0,0.0,0.0
12.1453,39.5276,35.8152,89.9088,36.0,36.4424,27.1951,28.6636,1.0,1.0,0.0,1.0,1.0
5.3372,93.8464,95.1674,25.3742,13.0,66.9727,50.8535,49.2234,1.0,1.0,1.0,1.0,1.0
56.0668,41.1827,83.7932,34.6425,53.0,44.1328,10.2824,41.3062,1.0,1.0,1.0,1.0,1.0
21.5191,68.9191,55.6723,51.0656,93.0,21.7827,25.8085,50.6016,0.0,1.0,1.0,0.0,1.0
1.6446,22.0549,73.0004,74.5254,47.0,83.8142,86.411,51.0447,0.0,0.0,1.0,0.0,0.0
87.8594,79.4628,23.3609,98.5915,82.0,52.2836,5.3631,54.8443,1.0,0.0,0.0,1.0,0.0
54.8273,96.1768,97.464,35.2941,31.0,28.5295,5.9378,66.8454,0.0,0.0,1.0,0.0,0.0
1.6039,96.5966,53.4488,93.7586,66.0,47.5726,31.5609,32.73,0.0,1.0,1.0,0.0,0.0
9.9218,18.5387,99.9429,25.5776,80.0,84.8539,31.8899,74.7211,0.0,0.0,1.0,0.0,0.0
79.8855,57.5855,17.6549,70.3044,30.0,3.2507,84.9086,10.8613,1.0,1.0,0.0,0.0,1.0
37.415,40.7957,99.7917,59.1969,53.0,29.8754,21.8858,1.0215,1.0,1.0,0.0,0.0,0.0
85.648,44.972,90.9917,17.8071,47.0,69.8841,99.5175,42.8156,1.0,1.0,0.0,0.0,0.0
16.7871,84.2454,46.8572,30.2816,81.0,79.1633,28.3018,55.8572,0.0,1.0,1.0,0.0,0.0
2.0589,99.1514,85.1463,88.4983,85.0,12.9501,43.2793,61.3103,1.0,1.0,1.0,1.0,1.0
49.0148,36.3574,82.5076,46.8351,93.0,63.5658,41.03,46.4247,0.0,1.0,1.0,0.0,0.0
6.3996,50.8885,64.229,37.6367,72.0,61.922,26.6347,32.8408,1.0,1.0,1.0,1.0,1.0
88.5267,59.3021,52.9239,13.8405,60.0,14.8108,29.7334,39.9038,1.0,1.0,0.0,0.0,0.0
20.753,85.2984,25.0145,89.7433,46.0,70.85,2.1503,30.9869,0.0,0.0,1.0,0.0,0.0
43.557,82.0506,89.4427,62.7022,97.0,50.9466,77.5282,69.0685,0.0,1.0,1.0,0.0,1.0
43.3653,72.3627,18.2409,81.1882,39.0,2.8016,11.3071,79.6865,0.0,0.0,1.0,0.0,0.0
27.2118,30.4184,33.8381,87.9139,36.0,28.7321,89.0087,45.1488,1.0,1.0,1.0,1.0,1.0
49.3679,11.9603,7.0286,48.4047,97.0,79.4227,89.1397,45.1873,0.0,0.0,0.0,0.0,0.0
11.9784,72.3191,40.5539,77.8483,69.0,60.616,6.7192,71.7797,0.0,0.0,1.0,1.0,1.0
45.8564,92.2179,98.2522,70.1675,98.0,2.0415,14.843,53.3007,1.0,1.0,1.0,1.0,1.0
2.8653,86.0625,29.6032,63.3096,15.0,11.4047,84.9502,55.5761,0.0,1.0,1.0,0.0,0.0
40.1857,21.6139,16.7246,59.4729,78.0,58.1515,76.9566,53.201,0.0,0.0,1.0,0.0,0.0
56.2136,27.8635,61.684,38.0053,72.0,45.9042,0.256,39.6965,0.0,0.0,1.0,0.0,1.0
51.0598,93.2925,93.5487,57.7419,90.0,31.8354,72.1446,37.6951,1.0,1.0,1.0,1.0,1.0
48.9957,98.7148,45.7553,75.838,75.0,4.5491,29.0692,66.4435,1.0,1.0,1.0,1.0,1.0
22.5964,24.652,66.7232,44.3339,86.0,32.8136,81.8243,69.5594,0.0,1.0,1.0,0.0,0.0
69.3641,88.9383,25.9836,21.2448,43.0,95.3823,16.5593,23.5961,1.0,0.0,0.0,0.0,0.0
2.9748,99.84,45.8759,95.6272,26.0,77.2378,96.9723,22.5349,1.0,1.0,1.0,0.0,0.0
28.6661,56.5585,86.2374,33.3976,90.0,31.4131,16.1047,57.8746,1.0,1.0,1.0,1.0,1.0
65.3191,60.4673,78.8316,64.9213,84.0,66.5573,83.9328,86.9509,0.0,1.0,1.0,0.0,0.0
67.3699,93.5785,57.156,64.4807,34.0,17.4872,1.4092,53.6817,0.0,0.0,1.0,0.0,0.0
71.9382,95.4056,97.204,35.8339,38.0,31.9842,47.7246,14.14,0.0,0.0,0.0,0.0,1.0
26.0869,84.0833,57.6624,80.9444,95.0,32.9537,99.9236,29.1632,0.0,0.0,1.0,0.0,0.0
67.4745,32.8921,70.937,29.5463,86.0,32.5556,84.7598,40.5195,0.0,0.0,1.0,0.0,0.0
64.6274,68.6476,45.2729,50.6456,56.0,48.3143,83.5433,45.3074,0.0,1.0,1.0,0.0,0.0
5.8229,90.0525,21.3859,83.9894,97.0,39.4611,25.4636,54.0426,0.0,0.0,1.0,1.0,0.0
70.0767,67.4597,87.7418,32.8053,81.0,79.5206,81.3396,21.1854,1.0,1.0,0.0,0.0,1.0
10.8543,22.5748,26.0739,44.6937,64.0,19.0727,3.7968,14.9342,0.0,0.0,0.0,0.0,0.0
68.4717,46.6781,65.2842,85.3604,100.0,88.2592,34.6857,43.5773,1.0,0.0,0.0,1.0,1.0
11.6022,93.2209,75.5192,38.6729,52.0,33.7885,22.9889,39.7224,1.0,1.0,1.0,1.0,1.0
51.151,98.4759,18.1499,62.8283,18.0,73.7342,83.5365,36.0751,1.0,1.0,0.0,1.0,1.0
35.5196,13.9899,93.3324,80.7276,66.0,53.2407,66.3578,69.6654,0.0,0.0,1.0,0.0,0.0
78.0955,84.5579,36.5522,75.2188,28.0,85.7939,27.6016,18.4733,1.0,1.0,1.0,0.0,1.0
28.9864,28.2705,88.1581,80.1848,61.0,20.2796,68.0696,83.85,1.0,1.0,0.0,1.0,1.0
20.9807,39.8941,18.4296,96.2692,31.0,50.3752,76.8991,76.603,0.0,0.0,1.0,0.0,0.0
66.6762,77.2695,34.0053,48.5682,12.0,55.4109,58.0306,16.1489,1.0,1.0,1.0,1.0,1.0
1.7232,81.5347,68.669,93.8074,9.0,44.8834,90.2205,39.122,0.0,0.0,1.0,0.0,0.0
19.0322,28.3773,38.1594,41.2223,10.0,72.9927,48.8183,19.5492,0.0,1.0,1.0,0.0,0.0
53.5921,82.0972,74.7946,38.5736,66.0,3.7439,13.0049,83.7988,0.0,0.0,1.0,0.0,0.0
20.5165,52.2509,28.2849,13.2066,12.0,32.2193,92.9034,89.7467,1.0,1.0,0.0,0.0,0.0
25.316,66.2482,63.8167,33.1467,73.0,43.0086,3.235,98.1209,0.0,0.0,0.0,0.0,1.0
42.8109,45.0455,75.9269,58.6185,69.0,84.5124,97.7992,86.7386,0.0,0.0,1.0,0.0,0.0
99.2326,54.6226,16.4131,87.2795,39.0,96.7981,32.0977,8.805,0.0,0.0,0.0,1.0,0.0
24.1797,56.8512,56.6349,35.0768,79.0,61.7004,43.7771,39.8646,0.0,0.0,1.0,0.0,0.0
50.1344,73.567,80.0473,79.6238,39.0,61.8317,11.8814,68.5919,0.0,0.0,0.0,0.0,1.0
23.7552,66.889,62.2647,65.9736,72.0,20.7813,5.602,74.3558,0.0,0.0,1.0,1.0,0.0
24.5352,58.2999,50.8077,59.0019,35.0,74.7206,47.8076,31.7039,0.0,1.0,1.0,0.0,0.0
76.6712,28.8957,63.6088,84.6904,28.0,88.4735,7.3575,84.0103,0.0,0.0,1.0,0.0,0.0
53.8936,57.5594,12.7738,94.6116,92.0,35.0188,81.1285,55.8105,0.0,0.0,1.0,0.0,0.0
49.9921,63.2165,41.9481,90.8837,91.0,53.3767,35.0903,65.9134,0.0,1.0,1.0,0.0,0.0
19.6467,64.7117,40.204,89.6878,57.0,32.3409,20.2873,78.9226,0.0,0.0,1.0,0.0,1.0
46.9284,36.0725,19.8512,55.7862,37.0,62.1502,89.0476,50.8681,0.0,0.0,1.0,0.0,0.0
45.3765,63.567,44.7951,51.6626,24.0,70.2183,51.7365,74.1184,0.0,0.0,1.0,0.0,0.0
2.7407,82.7152,10.6717,70.3304,16.0,90.7334,73.4628,84.5812,1.0,0.0,0.0,0.0,1.0
33.0628,68.972,23.5621,99.6135,2.0,41.7921,86.9625,78.191,0.0,0.0,0.0,0.0,0.0
41.7297,43.3672,43.8233,39.5348,99.0,77.1167,9.5332,52.1115,1.0,1.0,1.0,1.0,1.0
71.3296,61.9483,62.3988,98.4709,79.0,87.4222,9.4308,71.243,1.0,1.0,0.0,1.0,1.0
99.7861,99.2235,85.1914,12.0969,56.0,74.8564,61.3237,38.0694,0.0,0.0,0.0,1.0,0.0
16.8434,2.6273,64.9153,81.3496,76.0,98.814,99.2641,13.6781,1.0,0.0,0.0,0.0,0.0
24.1411,48.5863,38.9543,42.6607,86.0,16.6187,31.1089,59.9876,0.0,0.0,1.0,0.0,0.0
73.4349,71.1797,22.444,72.398,37.0,52.8165,28.637,84.5208,0.0,0.0,1.0,0.0,1.0
34.2192,97.9602,6.6149,62.1612,43.0,20.6695,87.7559,92.8694,0.0,0.0,0.0,0.0,0.0
18.8658,58.4607,59.7925,71.1365,97.0,52.5634,69.5174,35.8377,0.0,1.0,1.0,0.0,1.0
10.3719,79.4226,97.3728,52.6206,100.0,46.9089,92.9568,75.5913,0.0,1.0,1.0,0.0,0.0
21.981,29.6896,95.9935,64.751,10.0,78.5628,78.9643,83.4241,0.0,0.0,0.0,0.0,0.0
69.7661,43.4701,83.8066,37.6939,13.0,58.1577,58.6139,93.7361,0.0,0.0,1.0,0.0,0.0
2.3867,56.5522,12.257,85.4288,60.0,32.8612,38.7388,87.4211,0.0,0.0,1.0,0.0,0.0
30.2914,88.3826,48.8857,98.2616,53.0,55.2858,40.1329,78.7982,1.0,1.0,0.0,1.0,1.0
44.8498,90.4848,47.5284,48.0569,53.0,61.7361,9.3199,47.8888,0.0,0.0,1.0,0.0,0.0
9.7971,51.2441,53.6726,51.4286,72.0,55.4977,97.4894,38.9326,0.0,1.0,1.0,0.0,0.0
33.7908,44.5191,34.3583,21.3585,62.0,28.0967,86.77,44.1246,0.0,1.0,1.0,0.0,0.0
53.0735,73.6889,74.7559,53.0517,96.0,16.5957,52.2973,93.3452,0.0,0.0,1.0,0.0,0.0
70.9309,43.3064,37.7315,45.5095,60.0,45.6084,30.4428,11.4986,0.0,1.0,0.0,0.0,0.0
73.5672,54.0557,41.1177,50.0593,14.0,51.1839,58.0243,59.9344,1.0,1.0,0.0,1.0,1.0
23.8359,63.0716,88.2591,44.3439,16.0,32.3464,42.8922,26.8277,1.0,1.0,1.0,1.0,1.0
61.3294,63.631,79.2158,41.8179,47.0,21.1964,51.3581,53.6785,0.0,1.0,0.0,0.0,1.0
22.7133,16.9396,71.7964,43.8793,11.0,64.581,51.0868,56.9684,0.0,0.0,1.0,0.0,0.0
14.3143,39.334,33.7406,39.6731,60.0,4.4592,43.2298,23.2235,0.0,0.0,1.0,0.0,0.0
5.5186,83.881,28.6966,27.2047,36.0,22.1979,24.8048,90.1473,0.0,0.0,1.0,0.0,0.0
88.6745,58.7988,46.7145,10.664,34.0,61.3391,22.5792,37.784,1.0,1.0,0.0,0.0,0.0
54.2233,52.532,85.5225,51.4456,21.0,30.4989,37.2672,69.987,0.0,1.0,1.0,0.0,0.0
58.8179,97.8624,17.7319,56.9565,79.0,49.8745,46.278,71.8571,1.0,1.0,0.0,1.0,1.0
1.7738,75.2828,99.7669,61.8054,70.0,67.5726,98.6903,74.9232,0.0,0.0,1.0,0.0,0.0
52.5363,89.4453,44.7352,77.3694,84.0,48.4006,14.4393,41.0412,0.0,0.0,1.0,0.0,0.0
47.5091,63.2934,99.7018,80.0468,75.0,55.2012,82.3673,82.5975,0.0,0.0,1.0,0.0,0.0
6.311,26.2677,15.4378,99.0637,99.0,15.5729,89.6676,48.6701,0.0,0.0,1.0,0.0,0.0
76.6673,67.1777,79.2516,22.0843,31.0,5.8814,81.0932,26.7255,1.0,1.0,0.0,1.0,1.0
53.3498,83.1438,49.7789,7.2833,44.0,40.0887,96.5872,43.2397,0.0,1.0,0.0,0.0,0.0
48.7196,93.4511,56.9877,46.2559,94.0,73.5465,48.8895,89.829,0.0,0.0,1.0,0.0,0.0
32.3705,44.5714,39.662,17.7951,79.0,35.0653,78.6286,39.9256,1.0,1.0,0.0,1.0,0.0
1.3154,74.4068,40.1038,90.3004,68.0,61.8041,76.9033,11.804,0.0,0.0,1.0,0.0,0.0
78.1281,20.5361,45.7121,29.5517,32.0,4.1774,97.8338,24.4785,0.0,0.0,0.0,0.0,0.0
71.7903,91.2825,37.788,33.254,56.0,34.7139,88.9267,11.3462,1.0,1.0,1.0,0.0,1.0
33.0713,90.1767,44.1758,51.6838,58.0,47.7263,25.4486,98.018,1.0,0.0,0.0,1.0,1.0
40.2146,99.8862,37.1745,89.9885,29.0,48.7647,49.0729,32.8998,0.0,0.0,1.0,0.0,0.0
35.7,38.0663,48.619,85.2852,30.0,22.5772,90.3903,81.5696,0.0,1.0,1.0,0.0,0.0
79.3495,92.9782,93.2408,64.3756,34.0,76.1024,81.5938,50.0233,1.0,1.0,0.0,0.0,1.0
44.0447,56.4088,67.986,60.5858,30.0,38.9031,60.0975,22.8771,1.0,1.0,1.0,1.0,1.0
5.1176,50.2255,70.8714,82.8987,17.0,17.8253,41.9773,92.8839,1.0,1.0,0.0,1.0,1.0
28.4467,56.1721,30.3091,26.7841,23.0,88.9982,49.2185,52.7346,0.0,0.0,1.0,0.0,0.0
9.6112,71.2746,82.9459,94.9312,94.0,8.7454,34.1756,53.9882,0.0,1.0,1.0,0.0,0.0
30.3435,58.2025,73.0972,78.6552,79.0,58.271,63.6844,34.3983,1.0,1.0,0.0,1.0,1.0
14.2625,76.3336,24.4882,42.315,67.0,41.6595,83.5487,57.6488,0.0,0.0,1.0,0.0,0.0
29.051,61.6924,55.3325,45.8932,55.0,53.697,80.692,84.5565,0.0,0.0,1.0,0.0,0.0
61.7702,87.2211,96.2152,63.042,35.0,28.6881,98.3519,26.0058,0.0,0.0,1.0,0.0,0.0
10.8103,57.4341,55.9985,82.3931,24.0,37.0472,55.3949,93.2441,0.0,0.0,1.0,1.0,1.0
18.3644,50.0345,89.536,28.692,13.0,51.1548,49.0734,63.9455,0.0,1.0,1.0,0.0,0.0
1.7601,58.9911,50.4636,94.022,27.0,5.213,46.5054,28.0834,0.0,1.0,1.0,0.0,0.0
34.3597,71.8388,18.5996,77.6365,92.0,70.4841,40.5299,50.1343,0.0,0.0,1.0,0.0,0.0
48.2812,17.368,32.809,42.2366,93.0,20.1637,53.9915,76.3145,0.0,0.0,1.0,0.0,1.0
38.3379,62.9759,69.5613,41.8509,44.0,93.2688,86.902,50.899,0.0,0.0,1.0,0.0,0.0
18.8815,80.3419,73.4447,3.2203,40.0,89.2628,49.9724,47.6111,1.0,1.0,0.0,0.0,0.0
33.1756,45.7218,26.0049,89.9376,24.0,51.3861,69.3089,72.1149,0.0,0.0,1.0,0.0,0.0
33.4412,35.61,76.263,99.9959,19.0,86.998,54.6996,69.8004,0.0,0.0,1.0,0.0,0.0
30.3192,93.4543,77.1134,58.3106,83.0,84.2567,34.2959,80.941,1.0,1.0,1.0,1.0,1.0
8.9789,51.5499,34.4645,84.9408,46.0,25.14,90.8173,67.0829,0.0,1.0,1.0,0.0,0.0
22.0591,56.957,43.8728,23.6856,38.0,43.5878,88.7186,65.6632,0.0,1.0,1.0,0.0,0.0
8.3898,86.9407,87.5566,42.7751,50.0,19.1813,0.5556,29.1726,0.0,0.0,1.0,1.0,1.0
35.79,75.185,52.7388,82.3272,18.0,0.6156,44.2566,69.5041,0.0,1.0,1.0,1.0,1.0
91.3004,12.0711,76.4435,94.1383,66.0,28.3818,64.3218,67.08,1.0,0.0,0.0,0.0,0.0
79.1422,91.9118,68.7156,1.8129,28.0,5.4098,29.8686,0.1334,0.0,0.0,0.0,0.0,0.0
13.5176,94.5014,64.1749,81.7118,48.0,30.7319,79.8071,57.0183,1.0,1.0,1.0,1.0,1.0
6.0808,76.0196,84.0302,24.9803,92.0,60.6615,18.9093,93.0199,0.0,0.0,1.0,0.0,0.0
15.2761,92.9918,32.9399,72.9981,74.0,21.894,33.6707,22.9343,1.0,1.0,1.0,1.0,1.0
6.2366,9.0119,87.3367,79.1826,68.0,34.0675,66.346,10.4591,1.0,1.0,0.0,0.0,0.0
0.6577,34.2634,23.1307,81.5087,64.0,19.0906,26.1851,38.88,1.0,1.0,1.0,1.0,1.0
43.4964,99.2309,65.1258,50.6485,34.0,67.5614,76.5348,31.3524,1.0,1.0,0.0,1.0,1.0
81.3491,88.8359,28.816,48.7252,88.0,6.8565,93.2999,44.5798,1.0,1.0,0.0,0.0,1.0
63.698,94.6107,18.7219,88.6719,34.0,40.8595,24.4265,55.9969,0.0,0.0,1.0,0.0,0.0
26.0032,12.422,67.8168,57.4104,60.0,5.3404,21.4956,39.922,0.0,0.0,1.0,0.0,0.0
54.0497,72.0854,95.6809,32.6957,57.0,93.4915,73.2544,61.2394,0.0,0.0,1.0,0.0,0.0
53.6155,60.2474,68.1389,79.6094,77.0,63.3347,88.4097,60.0631,1.0,1.0,0.0,1.0,1.0
15.0199,31.5618,65.6017,30.0444,96.0,49.6021,83.3748,2.1739,0.0,1.0,0.0,0.0,0.0
4.9959,75.212,58.2082,82.6132,22.0,42.3508,91.6445,77.4878,0.0,1.0,1.0,0.0,0.0
2.622,19.2502,56.9133,70.8584,32.0,7.9503,11.58,82.4675,0.0,0.0,1.0,0.0,0.0
71.3373,38.031,56.4696,19.4423,61.0,6.9531,65.8286,38.7181,1.0,1.0,0.0,0.0,1.0
35.3617,73.9615,45.282,70.9189,28.0,51.4411,84.4213,10.0775,1.0,1.0,0.0,1.0,1.0
54.7934,94.0629,81.7836,36.9882,51.0,45.8223,19.1807,28.4934,0.0,0.0,0.0,0.0,0.0
40.2421,36.109,35.3574,53.362,62.0,29.4722,81.3237,16.1192,0.0,1.0,1.0,0.0,0.0
39.9686,80.5419,52.3134,70.1911,63.0,67.4436,60.7232,67.1497,1.0,1.0,1.0,1.0,1.0
75.8859,53.1833,80.5294,78.9021,28.0,88.7915,27.7844,81.8081,0.0,0.0,1.0,0.0,1.0
11.9696,71.8522,31.0456,62.8425,29.0,38.8107,54.811,87.7634,0.0,0.0,1.0,0.0,0.0
39.7348,81.4703,66.7181,62.0439,42.0,86.6901,36.1976,71.5094,0.0,1.0,1.0,0.0,0.0
10.3471,53.6372,49.601,3.3421,48.0,36.8132,33.952,32.3483,1.0,1.0,0.0,0.0,0.0
1.5465,97.6044,34.905,84.1759,89.0,3.1661,54.7553,19.6648,0.0,1.0,1.0,0.0,0.0
9.7477,93.9449,69.7763,73.0131,31.0,83.8077,10.8032,47.0574,1.0,1.0,1.0,1.0,1.0
47.735,98.4097,72.2098,40.5565,81.0,44.9692,7.5329,86.2827,0.0,1.0,1.0,0.0,1.0
53.6843,75.5565,67.1679,83.796,86.0,76.2229,87.5549,39.4423,0.0,0.0,1.0,0.0,0.0
15.0474,20.3338,53.3351,45.1975,54.0,49.0669,57.2632,71.7691,1.0,1.0,0.0,1.0,1.0
84.7067,79.2622,32.5786,95.3264,86.0,56.8621,53.4859,12.1573,1.0,1.0,0.0,0.0,1.0
21.6545,38.6111,27.2962,53.4315,73.0,11.2534,45.631,60.9541,0.0,0.0,1.0,0.0,0.0
40.4636,66.0508,25.5454,43.8314,19.0,33.1361,11.5739,10.1992,0.0,1.0,1.0,0.0,0.0
52.7111,27.2531,38.6621,20.8475,85.0,54.6769,60.7144,69.5499,1.0,1.0,0.0,0.0,0.0
22.8154,60.0673,45.7474,85.451,7.0,23.6141,51.6742,61.508,1.0,1.0,1.0,1.0,1.0
4.1054,80.2044,19.5152,94.021,37.0,64.4836,39.0529,76.5568,0.0,0.0,1.0,0.0,0.0
85.5496,64.2178,21.6158,23.3105,20.0,78.3051,17.2836,60.7479,1.0,0.0,0.0,0.0,1.0
66.0639,58.9417,87.3381,58.384,54.0,15.3945,79.1952,20.0088,1.0,1.0,0.0,1.0,1.0
9.6778,96.5075,76.3998,63.3031,20.0,69.0812,54.5007,89.6383,0.0,0.0,1.0,1.0,1.0
42.6667,92.1697,97.4992,55.5929,45.0,12.2332,34.1114,64.9831,0.0,1.0,1.0,0.0,1.0
64.409,93.5357,58.5392,29.2054,66.0,22.8526,92.8708,87.771,0.0,1.0,1.0,0.0,0.0
36.2945,92.6069,25.3991,34.4664,93.0,13.3858,0.324,49.8432,0.0,0.0,1.0,0.0,0.0
13.103,28.3266,50.7932,72.1295,74.0,23.5862,14.6669,22.4035,0.0,0.0,1.0,0.0,1.0
30.9791,35.5784,46.3681,80.6711,98.0,79.1228,88.1839,36.4588,0.0,1.0,0.0,0.0,0.0
27.9487,62.8894,67.0625,48.4644,71.0,67.5518,32.5708,79.6143,0.0,1.0,1.0,0.0,0.0
38.2114,91.8598,55.6116,95.2279,18.0,47.1146,56.4174,60.7387,0.0,0.0,1.0,0.0,0.0
56.1831,61.9271,29.2962,95.852,89.0,90.1651,0.4009,61.4415,0.0,0.0,1.0,0.0,0.0
74.7834,33.071,74.9432,80.7712,99.0,6.1196,25.3864,67.5821,1.0,1.0,0.0,1.0,1.0
15.4054,67.2128,83.5896,94.0459,66.0,64.1846,26.2543,86.2321,1.0,1.0,1.0,1.0,1.0
16.2742,21.567,64.8197,68.8554,42.0,8.0954,86.2211,10.8401,1.0,1.0,0.0,0.0,1.0
37.2173,50.945,74.0859,91.2108,99.0,47.3598,4.2531,46.6027,0.0,0.0,1.0,0.0,1.0
67.1341,94.1696,76.7889,28.4613,100.0,33.7941,96.7359,49.3766,1.0,1.0,1.0,0.0,0.0
78.7101,52.4171,16.2587,99.3106,47.0,86.3689,4.42,70.5661,0.0,0.0,1.0,0.0,0.0
54.0165,7.2049,89.2551,28.8081,87.0,32.3095,92.0191,14.6727,0.0,0.0,1.0,0.0,0.0
60.8604,89.8844,74.5602,99.6504,46.0,47.0072,72.1758,12.7264,1.0,1.0,0.0,1.0,1.0
36.716,72.7544,6.6139,25.3737,0.0,91.2539,58.5997,68.757,1.0,0.0,0.0,0.0,1.0
71.4559,95.9652,9.8536,98.1636,36.0,84.5606,88.7473,30.2596,0.0,0.0,0.0,0.0,0.0
25.751,41.928,27.3256,79.9348,75.0,63.0363,27.7944,44.2624,1.0,1.0,0.0,1.0,1.0
52.5869,57.3012,93.2624,96.2925,87.0,37.3077,0.1338,9.8979,1.0,0.0,1.0,1.0,1.0
34.0486,88.5307,94.9965,68.5221,56.0,22.4634,67.0561,8.2813,0.0,1.0,1.0,0.0,1.0
71.7966,86.0639,31.3783,58.8598,31.0,82.2509,80.2067,0.6643,1.0,1.0,0.0,0.0,0.0
28.8347,56.0245,15.9143,47.8982,56.0,48.0535,51.7394,55.6112,0.0,0.0,0.0,0.0,0.0
2.4746,92.3588,96.9182,85.4148,57.0,67.0617,94.3467,21.9962,0.0,1.0,1.0,0.0,0.0
64.8931,27.8645,68.7516,53.5321,93.0,22.0349,70.6132,72.2866,0.0,0.0,1.0,0.0,1.0
34.582,44.9347,61.4815,87.6919,76.0,41.0644,76.6081,38.8062,0.0,1.0,1.0,0.0,1.0
66.7532,44.2717,68.4098,99.2269,34.0,74.3487,61.6681,52.9191,1.0,1.0,1.0,1.0,1.0
9.0449,31.6353,84.2947,80.8374,11.0,71.4261,68.9595,35.4277,0.0,0.0,1.0,0.0,0.0
12.6774,78.8113,92.1369,93.5212,67.0,90.9117,28.5865,32.477,0.0,0.0,1.0,0.0,1.0
12.5916,26.5237,23.8917,56.2726,14.0,5.3487,68.2903,54.5333,0.0,0.0,1.0,0.0,0.0
81.861,84.9584,46.2998,95.6422,12.0,82.4505,11.8978,30.5276,1.0,0.0,0.0,1.0,0.0
8.278,41.6351,27.9998,84.6851,59.0,38.1232,66.4474,89.2558,0.0,0.0,1.0,0.0,0.0
74.6684,28.6832,33.6763,98.1429,81.0,67.7124,10.7125,9.8452,0.0,0.0,0.0,0.0,0.0
61.1337,28.3739,24.8272,52.687,9.0,5.0138,4.6765,76.4913,1.0,0.0,1.0,1.0,1.0
26.6457,48.6442,45.6288,30.8357,76.0,18.7103,38.1342,61.2208,1.0,1.0,1.0,1.0,1.0
49.9531,65.284,32.6412,67.9344,69.0,33.8093,51.72,47.7644,1.0,1.0,1.0,1.0,1.0
8.9591,30.0062,22.4792,55.8501,48.0,34.0336,55.0816,92.0007,1.0,1.0,0.0,1.0,1.0
12.7491,74.8213,24.9617,29.5974,0.0,17.6862,9.8819,14.3474,1.0,0.0,0.0,0.0,1.0
28.1199,49.7925,97.4537,54.9801,49.0,75.4606,71.0131,77.2013,0.0,0.0,1.0,1.0,1.0
25.114,65.5642,52.8625,96.7008,76.0,38.812,14.8001,86.9171,0.0,1.0,1.0,1.0,0.0
29.8445,72.2111,42.373,70.9958,13.0,23.7268,70.4837,30.7705,0.0,1.0,1.0,0.0,0.0
90.5143,14.9523,13.8831,88.2609,30.0,87.2698,20.5938,89.4716,1.0,0.0,0.0,0.0,0.0
0.5703,54.63,51.6489,27.6057,39.0,25.0469,17.7975,40.3975,0.0,1.0,1.0,0.0,1.0
45.9561,56.7256,15.1176,80.66,72.0,29.947,6.5742,12.1145,0.0,0.0,1.0,0.0,0.0
24.1217,19.0206,54.0639,73.7608,25.0,20.1544,46.6979,65.9522,1.0,1.0,0.0,0.0,1.0
76.8764,61.4284,43.6095,75.9878,16.0,10.1651,44.7372,72.0437,1.0,1.0,1.0,1.0,0.0
2.6423,87.0177,67.9135,70.5118,45.0,35.5032,53.926,14.8918,1.0,1.0,1.0,1.0,1.0
71.6711,28.3917,50.7551,79.8751,12.0,55.7117,43.6453,80.8915,1.0,1.0,0.0,0.0,0.0
6.8231,63.5729,97.2828,91.0841,98.0,59.8422,27.5458,42.0354,0.0,1.0,1.0,0.0,1.0
50.3608,77.2585,91.9312,27.2742,55.0,44.9992,49.4466,82.1491,1.0,1.0,1.0,1.0,1.0
8.2603,37.7426,40.6936,84.1277,66.0,43.1603,48.5549,18.1832,0.0,0.0,1.0,0.0,0.0
8.3136,84.5716,42.4428,73.8343,78.0,81.6519,32.4318,28.0527,0.0,0.0,1.0,0.0,1.0
7.0834,60.3014,36.2412,97.064,29.0,30.0335,94.1654,44.1248,0.0,0.0,1.0,0.0,0.0
36.3957,70.0682,46.956,72.5515,55.0,62.7991,62.0416,40.095,0.0,0.0,1.0,0.0,0.0
21.2333,45.2306,76.1547,85.9632,26.0,8.28,68.4259,14.6996,1.0,1.0,1.0,1.0,1.0
42.5926,90.3083,83.7113,36.9664,69.0,35.6756,64.9221,6.1813,0.0,1.0,0.0,0.0,0.0
76.4695,30.5729,84.0265,77.242,70.0,2.9863,23.4474,71.4629,1.0,1.0,1.0,1.0,1.0
39.476,41.4026,40.742,27.1281,13.0,37.3689,37.3275,47.9969,0.0,0.0,0.0,0.0,0.0
24.7456,32.3531,44.9185,55.3136,51.0,95.1052,12.7676,34.0639,0.0,0.0,1.0,0.0,0.0
98.6661,28.4549,37.5199,21.2579,60.0,79.573,69.7531,50.7448,1.0,0.0,0.0,0.0,0.0
63.7973,80.6067,53.4936,90.7809,48.0,74.0376,15.8138,21.1296,0.0,1.0,1.0,0.0,0.0
29.2654,15.0415,53.069,44.0706,0.0,11.5296,56.8831,68.1696,0.0,0.0,0.0,0.0,1.0
29.4116,74.0043,31.2836,62.5483,88.0,13.851,96.4256,54.6336,0.0,0.0,1.0,0.0,0.0
0.4984,9.4782,56.8138,70.3318,73.0,56.8244,66.4548,37.7375,0.0,0.0,1.0,0.0,0.0
32.4182,21.2404,91.9795,35.972,94.0,15.261,3.3897,55.6094,0.0,0.0,1.0,0.0,0.0
63.3965,33.1537,7.0975,80.6346,19.0,9.2296,60.6941,13.9797,1.0,0.0,0.0,0.0,0.0
25.5924,89.0238,20.071,58.7855,69.0,58.392,72.6224,26.9688,1.0,1.0,0.0,0.0,1.0
22.6125,19.6674,22.995,90.2542,87.0,66.6925,69.5368,23.317,1.0,1.0,0.0,0.0,0.0
53.0897,92.4375,92.0801,32.753,27.0,95.0119,70.8084,95.6358,0.0,0.0,1.0,0.0,0.0
43.6073,74.0265,51.198,81.9009,6.0,30.8623,37.9608,43.2601,1.0,1.0,0.0,1.0,1.0
71.5922,89.8822,49.4732,88.004,60.0,17.4076,23.7684,4.1758,1.0,1.0,0.0,0.0,1.0
25.4517,60.6801,62.3807,91.2987,71.0,91.2893,10.2842,54.2054,0.0,0.0,1.0,0.0,0.0
96.7033,93.7551,94.8764,86.0151,10.0,24.3272,87.9236,31.741,0.0,0.0,0.0,0.0,0.0
42.6941,87.3233,19.6225,42.6834,64.0,41.074,53.7041,16.4013,0.0,0.0,1.0,0.0,0.0
33.4621,43.2575,97.434,77.6129,15.0,80.672,44.2033,21.7202,0.0,1.0,1.0,0.0,0.0
73.0915,92.3062,44.5462,88.1663,7.0,64.9381,78.2356,7.6795,1.0,1.0,1.0,0.0,0.0
40.9727,87.9354,63.8305,71.7437,70.0,4.5503,51.2472,36.687,0.0,0.0,1.0,0.0,1.0
10.8594,62.1651,63.3703,82.1514,100.0,9.9909,67.6888,88.9583,0.0,1.0,1.0,1.0,0.0
9.2715,99.127,39.6776,99.2146,11.0,22.0343,34.9857,61.2384,0.0,0.0,1.0,0.0,0.0
3.364,11.424,27.8093,54.5784,50.0,17.0448,48.3754,17.2051,1.0,1.0,0.0,0.0,0.0
82.1404,78.393,57.7975,67.2128,12.0,33.8224,60.3466,94.1781,1.0,0.0,1.0,0.0,1.0
17.9022,58.5184,50.8752,60.3568,11.0,9.6603,96.6126,34.5984,0.0,1.0,1.0,0.0,0.0
77.8672,16.8441,70.5316,4.5966,45.0,29.7545,73.2,89.8155,1.0,1.0,0.0,0.0,0.0
62.2185,52.277,77.2864,64.0438,61.0,65.0698,81.3904,87.5301,1.0,1.0,0.0,1.0,1.0
51.1001,63.0884,95.6789,95.551,90.0,20.25,91.8629,42.2751,0.0,1.0,1.0,0.0,0.0
66.7866,59.5807,80.5796,65.159,39.0,83.3086,53.0055,78.7655,0.0,1.0,1.0,0.0,0.0
72.4627,57.1346,95.279,53.0655,61.0,46.2798,90.0462,16.141,1.0,1.0,1.0,1.0,0.0
62.5844,48.9053,81.9372,0.9605,36.0,63.1975,84.1617,21.0271,1.0,1.0,0.0,0.0,0.0
9.7502,57.5003,84.5121,56.7137,47.0,69.1108,87.1187,17.5096,0.0,1.0,1.0,0.0,0.0
56.7409,30.0253,93.6467,28.6335,84.0,25.8691,29.0981,20.7006,1.0,1.0,1.0,1.0,1.0
16.5304,54.4958,51.0473,37.3053,94.0,65.0861,38.4209,58.1731,0.0,0.0,1.0,0.0,0.0
47.2274,10.2486,37.334,92.7294,34.0,79.5922,32.0973,40.6479,0.0,0.0,1.0,0.0,0.0
6.7402,56.6534,84.315,52.8494,30.0,7.0748,23.6402,14.3108,1.0,1.0,1.0,1.0,1.0
20.5881,23.8509,53.294,54.2051,38.0,11.9474,37.5022,17.6609,0.0,1.0,1.0,0.0,0.0
25.9063,14.2709,40.9067,44.849,94.0,20.836,59.1589,21.821,0.0,0.0,1.0,0.0,0.0
11.9537,50.2309,72.0303,82.5692,58.0,89.105,0.5765,84.5902,0.0,0.0,1.0,1.0,1.0
59.3645,58.7091,93.5784,94.4823,59.0,15.036,68.6326,54.7504,0.0,1.0,1.0,1.0,0.0
68.2054,95.2562,51.7177,71.723,85.0,59.8164,66.3091,45.7969,1.0,1.0,1.0,1.0,1.0
17.0108,18.2521,27.5543,59.1975,29.0,6.525,69.8606,20.3707,1.0,0.0,1.0,0.0,1.0
26.1198,53.3063,58.0996,25.2104,30.0,49.9605,49.5547,35.6772,1.0,1.0,1.0,1.0,1.0
97.3485,97.2455,78.8411,12.595,29.0,7.045,35.4237,42.9046,1.0,0.0,0.0,0.0,0.0
13.5887,41.6946,48.2822,35.0398,34.0,35.2072,75.562,18.709,0.0,0.0,1.0,0.0,0.0
28.4066,81.5855,36.6385,30.8239,27.0,54.696,99.5635,93.8424,0.0,0.0,1.0,0.0,0.0
10.0714,8.9451,81.0198,96.7944,51.0,94.466,10.6005,76.4843,0.0,0.0,0.0,0.0,0.0
70.1354,58.1019,34.5745,56.1837,92.0,56.8529,64.574,6.0735,1.0,1.0,0.0,0.0,0.0
2.8544,81.7799,87.316,86.8548,11.0,20.951,51.6759,80.1201,0.0,0.0,1.0,0.0,0.0
12.1105,87.7701,79.0738,50.6495,71.0,78.2186,54.0772,42.7061,0.0,0.0,1.0,0.0,0.0
59.8513,84.4841,20.4249,64.655,18.0,22.7369,70.9626,99.2388,1.0,0.0,0.0,1.0,1.0
7.8174,28.672,90.0759,51.7943,94.0,41.0116,81.3065,14.162,0.0,1.0,1.0,0.0,0.0
67.8453,65.5257,61.3561,31.4074,32.0,37.6229,94.6339,59.952,1.0,1.0,0.0,1.0,0.0
23.2745,21.3726,35.5275,30.5931,38.0,40.1475,21.7413,27.923,1.0,1.0,1.0,1.0,1.0
20.3914,47.7636,66.519,69.1616,46.0,69.1057,53.6085,56.5913,0.0,1.0,1.0,0.0,0.0
6.9486,54.2429,79.7856,97.0108,20.0,47.5469,40.19,86.8055,1.0,1.0,1.0,1.0,1.0
64.2788,36.7723,62.4648,47.0992,82.0,77.389,54.3296,95.3926,1.0,0.0,0.0,1.0,1.0
23.1655,10.0448,89.6199,4.2077,14.0,49.0005,72.3421,39.9054,1.0,0.0,0.0,0.0,0.0
40.305,46.1072,36.4103,59.6965,27.0,64.3471,35.673,67.5755,0.0,1.0,1.0,0.0,0.0
11.6838,99.9314,30.7948,53.5531,15.0,37.4481,15.6749,41.3096,0.0,1.0,1.0,0.0,0.0
54.7454,69.6774,34.2095,0.3049,72.0,41.0893,24.3541,55.774,1.0,1.0,0.0,0.0,0.0
75.8762,51.0861,83.1255,88.5302,84.0,93.4212,87.3003,32.84,1.0,0.0,0.0,0.0,1.0
75.5255,18.1167,55.207,40.4205,53.0,57.0446,52.7489,30.487,1.0,1.0,0.0,0.0,0.0
75.32,31.9217,77.546,34.2652,47.0,56.7872,9.1017,46.0884,0.0,0.0,1.0,0.0,0.0
60.6323,88.1145,90.9686,32.6744,52.0,36.9983,63.4434,72.1441,1.0,1.0,1.0,1.0,1.0
85.1409,58.8797,39.4376,79.3543,86.0,66.3038,46.269,79.8884,1.0,1.0,0.0,0.0,1.0
77.0848,58.708,6.324,82.8591,82.0,63.8173,16.2411,66.6803,0.0,0.0,0.0,0.0,0.0
48.474,1.726,44.7596,53.0288,80.0,43.2535,16.2989,91.1948,0.0,0.0,0.0,0.0,0.0
29.1795,59.2496,12.939,5.9433,42.0,69.6614,97.3506,57.2648,1.0,1.0,0.0,0.0,0.0
10.9191,86.6601,76.2265,4.9804,28.0,37.7141,90.0236,0.8831,1.0,1.0,0.0,0.0,0.0
55.7002,24.2953,78.5202,90.0313,40.0,86.4825,83.602,24.1887,0.0,0.0,0.0,0.0,0.0
28.0676,70.1882,44.9592,26.2277,72.0,15.1415,24.9158,69.0973,1.0,1.0,0.0,1.0,1.0
62.2172,90.1421,11.6649,81.1715,92.0,15.8167,20.9809,67.8489,1.0,1.0,0.0,0.0,0.0
48.459,95.2437,69.3872,55.5941,66.0,81.3566,57.6176,26.614,0.0,1.0,1.0,0.0,0.0
63.1746,78.5721,9.4393,37.1402,72.0,25.6627,95.2606,56.5052,1.0,0.0,0.0,0.0,0.0
62.6421,26.1155,95.2008,74.0963,26.0,51.191,30.9715,50.1673,0.0,0.0,1.0,0.0,0.0
39.6192,93.2803,56.4231,82.7516,50.0,72.3526,56.8522,79.2693,0.0,0.0,1.0,1.0,1.0
7.7159,80.8013,1.2359,42.7594,20.0,40.4881,53.7363,17.2498,0.0,0.0,0.0,0.0,0.0
6.3022,30.4683,88.0345,71.6567,5.0,1.0247,52.6162,7.1585,0.0,0.0,1.0,0.0,0.0
14.0084,51.8747,17.9379,99.5927,70.0,61.9628,33.6975,10.2624,0.0,0.0,1.0,0.0,0.0
22.1198,56.4798,58.7095,57.5614,23.0,77.0545,56.4382,49.1023,1.0,1.0,0.0,1.0,1.0
47.2816,63.2466,80.4428,81.656,10.0,39.0076,68.4645,20.3329,0.0,1.0,1.0,0.0,0.0
58.9355,80.493,36.8446,91.8866,81.0,91.542,65.6605,48.1128,0.0,0.0,1.0,0.0,0.0
43.897,68.3634,94.8767,96.7484,64.0,53.8906,88.0926,75.0436,1.0,1.0,1.0,1.0,1.0
7.3778,11.519,70.6765,34.1714,63.0,41.4346,73.277,25.9341,1.0,1.0,0.0,1.0,0.0
27.2628,60.9424,71.4602,97.6041,20.0,35.6362,93.4159,39.1411,1.0,1.0,1.0,1.0,1.0
8.3295,86.2313,55.8406,28.4944,57.0,28.7769,34.0356,72.8704,0.0,1.0,1.0,0.0,0.0
58.672,49.0393,32.8879,55.1551,17.0,52.1093,5.543,33.3261,0.0,0.0,1.0,0.0,0.0
19.3578,99.0178,87.1477,56.3494,50.0,19.6832,74.7223,83.2301,0.0,1.0,0.0,1.0,0.0
15.5979,83.8687,9.4108,2.8322,0.0,69.4828,19.6061,14.8442,1.0,0.0,0.0,1.0,1.0
3.3902,90.6482,32.0499,18.3575,74.0,18.5689,59.4266,51.2888,0.0,1.0,0.0,0.0,0.0
17.5517,49.9812,98.8647,73.6143,42.0,70.7968,11.0563,22.6334,1.0,1.0,1.0,1.0,1.0
6.6866,90.7428,53.4903,62.851,57.0,49.8858,87.9472,51.9173,1.0,1.0,0.0,1.0,1.0
77.8214,71.0734,61.6958,58.7419,61.0,64.225,61.1032,41.6495,1.0,1.0,0.0,1.0,1.0
43.5225,79.4613,75.6964,59.2911,92.0,66.5995,96.1215,68.0441,0.0,0.0,1.0,0.0,0.0
4.3377,92.0319,92.1332,82.6471,13.0,72.8676,10.4935,68.5249,1.0,1.0,1.0,1.0,1.0
65.1885,97.3129,55.2138,34.5883,59.0,68.7433,70.014,1.1768,1.0,1.0,0.0,0.0,0.0
12.4385,68.8243,94.3626,22.7613,66.0,19.7411,52.9041,49.067,0.0,0.0,1.0,0.0,0.0
4.2712,50.0694,89.8495,87.9047,81.0,42.3261,30.806,67.242,0.0,0.0,1.0,1.0,0.0
91.9118,2.295,40.3243,66.3315,47.0,5.8439,54.0211,87.4789,1.0,0.0,0.0,0.0,0.0
39.5407,55.284,61.8645,18.2733,38.0,8.7741,41.3539,37.7368,0.0,1.0,1.0,0.0,0.0
21.9073,58.9246,63.8167,64.3023,65.0,19.1209,57.8798,85.921,1.0,1.0,0.0,1.0,1.0
65.349,56.6531,30.961,58.971,53.0,28.6207,52.284,68.391,0.0,0.0,1.0,0.0,1.0
26.0518,16.277,46.7399,19.3522,100.0,25.6711,33.8244,10.9347,1.0,1.0,0.0,0.0,0.0
44.9619,10.7146,14.827,7.4183,53.0,53.76,41.1581,78.1169,0.0,0.0,0.0,0.0,0.0
76.5456,59.2517,70.9377,37.8376,91.0,66.8303,13.2666,69.6971,0.0,0.0,1.0,0.0,0.0
19.962,76.8623,40.268,78.7877,10.0,41.74,95.449,10.5993,0.0,1.0,1.0,0.0,0.0
24.6033,79.3177,21.692,82.5917,8.0,33.6595,64.6191,64.6812,0.0,0.0,1.0,0.0,0.0
18.0856,38.8622,66.131,95.512,90.0,43.6097,20.3163,93.8942,1.0,1.0,1.0,1.0,1.0
66.2345,28.8204,40.1826,92.8533,74.0,11.4094,50.2991,55.0589,0.0,0.0,1.0,0.0,0.0
29.722,52.0594,87.4233,81.0983,31.0,27.1588,97.8303,9.6281,0.0,1.0,1.0,0.0,0.0
1.4511,45.7621,52.8896,73.7243,48.0,96.0697,36.4897,66.9718,1.0,0.0,0.0,1.0,1.0
42.3108,89.0565,75.0941,12.1469,68.0,34.2505,3.1366,15.1295,1.0,0.0,0.0,1.0,1.0
69.5356,55.6112,66.4059,62.1278,81.0,1.4459,69.5331,62.6919,1.0,1.0,0.0,1.0,1.0
61.1552,49.1612,91.4308,74.2377,33.0,1.7589,19.1984,19.1779,0.0,1.0,1.0,0.0,0.0
82.565,45.1782,75.5619,78.6843,65.0,76.8752,33.4996,98.834,1.0,0.0,0.0,1.0,0.0
24.1991,61.9448,35.077,40.8602,10.0,14.2587,55.4878,0.934,1.0,1.0,0.0,0.0,0.0
13.8974,66.0246,33.0154,78.2144,98.0,63.8312,44.9916,75.2068,0.0,0.0,1.0,0.0,1.0
36.6687,74.0596,54.9266,29.1822,96.0,45.5364,40.9462,23.8918,0.0,1.0,1.0,0.0,0.0
21.6966,23.3726,39.9666,50.6756,22.0,61.809,9.0308,32.1833,0.0,0.0,1.0,0.0,0.0
1.3958,82.8192,86.401,53.7585,40.0,7.4852,27.245,77.6088,0.0,1.0,1.0,0.0,1.0
16.8853,77.2643,74.105,51.1497,90.0,29.5592,20.7188,47.3455,1.0,1.0,1.0,1.0,1.0
28.6445,27.0619,50.9554,67.6454,27.0,7.6056,76.8064,32.8902,1.0,1.0,1.0,1.0,1.0
64.9968,58.0086,19.0752,76.512,64.0,68.575,1.9194,88.2436,1.0,0.0,0.0,0.0,1.0
39.3577,49.5416,71.046,33.8287,20.0,73.4478,38.2636,69.7964,1.0,1.0,1.0,1.0,1.0
19.6214,96.8515,81.9694,68.5289,44.0,5.2124,61.5697,40.3647,0.0,1.0,1.0,0.0,0.0
49.2362,67.4696,48.0447,69.1802,87.0,46.5867,10.1905,68.7684,1.0,1.0,1.0,1.0,1.0
8.8768,12.3042,84.9183,93.8334,32.0,23.6247,65.1268,14.7968,0.0,0.0,1.0,0.0,0.0
50.8405,72.8883,85.3039,63.67,50.0,39.6206,75.9359,33.4767,1.0,1.0,1.0,1.0,1.0
45.0399,31.9766,67.6518,36.3231,9.0,90.6872,11.5943,55.5694,0.0,0.0,1.0,0.0,0.0
24.4025,75.293,29.1357,16.2862,92.0,49.0247,0.3377,47.1782,0.0,0.0,1.0,0.0,1.0
39.2508,84.8323,82.1037,56.3843,14.0,50.0063,47.7814,67.5628,1.0,1.0,0.0,0.0,1.0
63.928,95.7965,95.9856,76.8002,56.0,94.3102,79.991,6.2953,1.0,0.0,0.0,0.0,0.0
28.9846,69.7465,77.0106,89.8219,50.0,77.3283,68.7608,39.3364,0.0,1.0,1.0,0.0,0.0
4.7339,96.9385,77.3962,49.1378,69.0,92.1176,39.0152,51.4003,0.0,0.0,1.0,0.0,0.0
85.6517,97.6643,95.995,40.7584,27.0,66.0449,20.7806,12.8646,1.0,1.0,0.0,0.0,0.0
22.65,62.8651,42.3926,50.2239,62.0,23.0952,30.5785,40.8441,1.0,1.0,1.0,1.0,1.0
60.4882,49.5931,65.1099,38.5543,77.0,85.3051,90.2069,26.6589,1.0,1.0,0.0,0.0,1.0
45.3263,73.9054,32.7485,86.6063,75.0,39.7584,75.72,74.6657,0.0,1.0,1.0,0.0,0.0
68.1647,36.0383,42.7011,88.3206,28.0,57.2826,34.0446,60.5787,0.0,0.0,1.0,0.0,0.0
5.0705,30.4011,21.9036,45.9018,47.0,35.6346,47.0338,25.7271,0.0,1.0,1.0,0.0,0.0
73.435,29.7903,32.5488,73.0071,61.0,49.977,86.666,64.9481,0.0,0.0,1.0,0.0,0.0
74.1766,45.2764,87.2189,32.5922,75.0,31.8672,92.0985,89.9824,0.0,1.0,1.0,0.0,0.0
15.9933,56.7998,52.3086,97.8073,9.0,0.5899,81.1907,64.1621,0.0,1.0,1.0,0.0,0.0
71.5515,77.0258,31.9706,64.5702,64.0,27.9386,83.0843,27.1196,0.0,0.0,1.0,0.0,0.0
64.272,95.9553,23.0612,25.4156,69.0,63.1135,66.3158,29.2861,1.0,1.0,1.0,0.0,1.0
68.4552,92.1902,38.8813,52.5799,60.0,14.9216,52.5121,57.7958,1.0,1.0,0.0,1.0,1.0
10.6408,23.4389,24.0519,98.7067,42.0,70.6472,6.1415,67.0266,0.0,0.0,1.0,0.0,0.0
25.9263,56.9213,22.5732,87.2561,75.0,7.2367,25.285,74.7942,1.0,1.0,0.0,1.0,1.0
28.4607,45.3744,52.4903,45.0887,63.0,21.6694,97.9141,63.2077,0.0,1.0,1.0,0.0,0.0
9.3343,62.9854,45.808,56.6804,75.0,17.3578,64.1855,37.7036,0.0,1.0,1.0,1.0,1.0
18.0502,93.7823,64.1377,98.5417,31.0,54.0053,41.6991,19.4411,0.0,1.0,1.0,0.0,0.0
7.9538,95.943,39.2384,32.3341,77.0,73.0748,32.6664,24.3195,0.0,0.0,1.0,0.0,0.0
16.1351,89.0595,79.1002,39.6936,52.0,68.4515,42.4019,48.2669,0.0,1.0,1.0,0.0,0.0
32.8803,72.7132,56.4777,76.5611,38.0,53.9116,56.895,8.4573,0.0,1.0,1.0,0.0,0.0
63.9371,61.3789,57.6595,78.7157,79.0,72.9451,20.2926,93.2375,0.0,0.0,1.0,0.0,0.0
40.8657,94.9427,57.3572,57.1777,52.0,2.0878,77.8206,33.3523,1.0,1.0,1.0,1.0,1.0
49.052,90.6858,11.0333,64.959,79.0,13.5144,39.9608,22.1845,1.0,0.0,0.0,0.0,1.0
18.18,53.4169,39.0752,96.5335,76.0,50.8906,17.9292,65.9452,0.0,1.0,1.0,0.0,1.0
79.9978,78.7015,43.047,91.0847,44.0,28.1689,52.0255,99.8991,1.0,0.0,0.0,1.0,1.0
17.0829,26.2844,65.836,62.1722,85.0,21.5225,78.0867,81.6188,0.0,1.0,1.0,0.0,1.0
42.9287,76.0109,98.4584,48.0159,76.0,68.7134,11.481,57.6444,0.0,0.0,1.0,1.0,0.0
3.7028,21.6074,61.3927,61.8133,63.0,86.5771,85.2125,84.2096,1.0,1.0,0.0,0.0,1.0
35.5547,69.9829,76.0373,74.3474,26.0,77.7945,0.2519,74.387,0.0,0.0,1.0,0.0,1.0
29.636,85.505,73.4992,32.4069,47.0,80.5374,48.0144,18.2872,1.0,1.0,1.0,1.0,1.0
88.1018,11.1412,91.3089,29.0741,22.0,29.4507,27.3894,62.8394,0.0,0.0,0.0,0.0,0.0
20.5019,83.9436,44.0094,53.3791,55.0,5.4159,81.3498,51.6005,0.0,1.0,1.0,1.0,0.0
76.1923,87.7479,95.713,96.9164,92.0,64.4968,72.1816,43.765,0.0,0.0,1.0,0.0,1.0
26.3852,68.9452,61.037,75.2413,46.0,13.3768,57.9623,61.9087,0.0,1.0,1.0,0.0,1.0
58.9937,36.6548,36.6896,36.3361,89.0,64.0362,82.3634,21.0008,1.0,1.0,1.0,0.0,1.0
16.6253,71.0979,16.8125,87.8953,21.0,43.6938,30.1943,99.8267,1.0,0.0,0.0,1.0,1.0
8.4613,66.1063,49.707,66.1365,77.0,2.0023,68.4236,20.1159,0.0,1.0,1.0,0.0,1.0
9.6116,67.1709,79.0686,18.3792,7.0,46.6133,14.914,50.9529,0.0,0.0,1.0,0.0,0.0
95.441,28.4174,37.6771,60.5276,95.0,21.236,4.763,77.4517,0.0,0.0,0.0,0.0,0.0
79.7883,59.1516,41.8808,5.9773,45.0,98.6552,98.0191,61.0668,0.0,0.0,0.0,0.0,0.0
15.9157,63.947,58.3951,29.3996,74.0,66.2594,92.3812,73.4145,1.0,1.0,0.0,0.0,0.0
17.1068,29.097,85.8269,65.7824,39.0,3.7257,40.3262,27.4499,0.0,1.0,1.0,0.0,0.0
16.8302,40.9421,39.6935,36.3874,17.0,59.1544,37.071,47.7498,0.0,0.0,1.0,0.0,0.0
22.2404,20.3588,31.3866,12.9144,3.0,6.2209,29.6153,48.5881,1.0,0.0,0.0,0.0,0.0
11.4068,97.4429,33.9308,49.8828,43.0,15.2293,40.7543,52.4736,0.0,1.0,1.0,0.0,1.0
12.8571,26.0542,52.9089,45.7946,49.0,23.9098,6.8307,26.135,1.0,1.0,1.0,1.0,1.0
44.6033,55.5703,77.8238,97.1107,24.0,93.1274,79.3,22.6415,0.0,0.0,1.0,0.0,0.0
16.883,99.4564,77.2142,61.5827,62.0,49.9444,70.604,21.3175,0.0,1.0,1.0,0.0,1.0
34.2074,80.1788,57.431,35.3852,75.0,48.0512,49.2912,35.0893,1.0,1.0,1.0,1.0,1.0
16.4418,58.5806,83.9406,98.3117,93.0,94.2369,5.5243,17.079,0.0,0.0,0.0,0.0,1.0
52.2961,17.347,86.0248,74.1547,34.0,42.5505,57.3825,85.0424,0.0,0.0,1.0,0.0,0.0
16.3666,30.8236,65.222,74.5862,85.0,21.6092,90.8633,72.2203,0.0,1.0,1.0,0.0,0.0
47.9818,83.2987,70.8555,96.9586,10.0,49.9827,40.4683,84.2059,0.0,0.0,1.0,0.0,0.0
33.9275,53.2123,64.5972,36.168,74.0,16.6808,63.8903,63.5874,0.0,0.0,1.0,0.0,0.0
37.3685,51.7345,82.2257,70.8362,76.0,79.1979,11.877,13.7486,0.0,1.0,1.0,0.0,0.0
21.3935,65.5578,98.1115,47.8899,46.0,76.4872,74.1566,83.8097,0.0,1.0,1.0,0.0,0.0
25.3066,62.4119,63.6524,4.7142,16.0,49.512,42.0992,35.323,1.0,1.0,0.0,0.0,0.0
46.3451,79.2345,67.9742,31.5147,35.0,67.5455,82.5985,36.2884,1.0,1.0,1.0,1.0,1.0
14.4894,42.1912,90.1631,62.1986,24.0,27.7311,4.8393,55.8641,0.0,0.0,1.0,0.0,1.0
10.4029,18.1349,48.8583,97.7349,13.0,43.8974,20.622,54.4546,0.0,1.0,1.0,0.0,0.0
35.8209,17.0301,31.114,45.0932,10.0,63.9218,74.5953,8.137,1.0,0.0,1.0,0.0,0.0
81.7207,46.2639,23.4406,19.7643,97.0,76.0757,94.4562,18.94,1.0,1.0,0.0,0.0,0.0
51.7828,11.208,7.8164,27.2024,48.0,64.1649,98.9909,58.0977,1.0,0.0,0.0,0.0,0.0
21.9411,94.9863,51.0615,52.5288,39.0,45.5149,3.0894,59.0514,1.0,0.0,1.0,1.0,1.0
43.809,91.3094,81.3643,65.7683,21.0,55.5231,84.9173,57.1918,1.0,1.0,1.0,1.0,1.0
38.1207,85.4665,19.9054,15.7528,11.0,16.3922,32.7779,96.3194,1.0,0.0,0.0,1.0,1.0
57.6607,19.2917,48.8273,78.6478,22.0,1.5747,15.2239,65.2524,0.0,0.0,1.0,0.0,0.0
29.3584,29.2652,39.6661,92.8651,55.0,31.1416,0.4316,45.3254,0.0,0.0,1.0,0.0,1.0
26.6482,82.8572,50.1855,75.8544,10.0,56.4236,95.9437,21.751,0.0,1.0,1.0,0.0,0.0
88.72,70.1425,77.0181,54.1451,7.0,11.8346,9.4727,99.7821,0.0,0.0,0.0,1.0,0.0
28.2077,46.9724,77.8479,38.889,72.0,54.1369,62.0561,30.7198,0.0,1.0,0.0,0.0,0.0
45.7787,85.6894,38.1026,54.7298,51.0,2.6934,9.3141,70.3526,0.0,1.0,1.0,0.0,1.0
12.8356,30.8557,51.0871,53.4904,100.0,71.9867,33.1863,27.5369,0.0,0.0,1.0,0.0,0.0
41.3789,35.7626,27.933,63.6866,66.0,71.3068,77.8094,40.4825,0.0,0.0,1.0,0.0,1.0
43.009,95.0706,38.8114,41.333,57.0,28.5267,22.147,9.9613,1.0,1.0,1.0,1.0,1.0
25.6355,82.3217,57.966,45.2925,98.0,64.8308,41.2345,72.943,0.0,1.0,1.0,0.0,1.0
12.7178,97.2316,87.0186,56.624,26.0,49.9201,54.9901,96.4313,1.0,0.0,1.0,1.0,1.0
52.0598,19.9813,81.7986,92.6793,32.0,21.191,39.7663,23.566,0.0,1.0,1.0,0.0,0.0
65.1666,13.7734,69.1775,50.1047,70.0,21.3134,66.387,37.0523,0.0,0.0,1.0,0.0,0.0
74.605,46.0923,49.9725,70.8868,23.0,61.3404,13.9417,24.9427,0.0,0.0,1.0,0.0,1.0
17.2952,46.3901,99.6502,33.6709,61.0,9.8949,90.3392,75.6767,1.0,1.0,1.0,1.0,1.0
52.7459,21.1832,15.3355,64.6744,54.0,83.4433,1.6231,40.7013,1.0,0.0,0.0,0.0,1.0
2.0038,87.6737,48.518,41.8573,75.0,62.8169,51.122,27.6334,0.0,1.0,1.0,0.0,0.0
80.1751,75.3221,27.1338,4.4956,60.0,73.6997,69.8839,48.5993,1.0,1.0,0.0,0.0,0.0
13.8829,78.4159,61.9427,40.8045,33.0,62.2626,40.786,55.8458,0.0,1.0,1.0,0.0,0.0
68.2149,89.2863,48.8376,91.5766,34.0,8.7879,80.6191,39.1766,1.0,1.0,0.0,1.0,0.0
91.488,71.9611,61.2914,30.8018,44.0,58.6561,66.3911,46.744,0.0,0.0,0.0,0.0,0.0
23.7909,25.3061,91.3876,65.935,86.0,59.6234,62.7101,27.677,0.0,0.0,1.0,0.0,0.0
55.839,32.0175,93.5872,49.2844,37.0,85.3338,75.3895,59.9127,1.0,1.0,0.0,1.0,1.0
75.2033,54.247,80.3677,84.8894,21.0,90.1697,72.9849,68.5988,1.0,1.0,0.0,0.0,1.0
25.8728,21.0105,69.2912,90.9716,99.0,4.2701,16.3778,27.6673,1.0,1.0,1.0,1.0,1.0
72.6243,34.2947,82.0257,74.0232,15.0,46.0534,37.5793,15.0793,0.0,0.0,1.0,0.0,0.0
16.7121,78.4942,97.0415,63.7768,41.0,42.3621,62.9751,2.4489,0.0,0.0,0.0,0.0,0.0
51.8166,30.9624,33.6651,96.3909,38.0,55.468,8.8672,50.4066,0.0,0.0,1.0,0.0,0.0
64.1854,91.5948,36.7368,96.802,73.0,64.7257,11.2565,5.6194,1.0,1.0,0.0,0.0,1.0
28.8735,68.6173,39.6289,60.2916,100.0,51.3279,26.223,23.5687,0.0,1.0,1.0,0.0,0.0
82.1546,67.2861,97.1412,67.3995,37.0,23.6195,38.1778,46.638,0.0,0.0,1.0,0.0,0.0
91.5329,22.4772,99.4897,88.9761,53.0,14.5609,94.8628,49.1323,0.0,0.0,0.0,0.0,0.0
14.8384,97.4199,40.4115,81.8487,85.0,9.7633,46.8118,37.8861,1.0,1.0,1.0,1.0,1.0
17.4301,51.5142,82.7211,39.8155,65.0,53.0075,16.1042,71.0643,1.0,1.0,1.0,1.0,1.0
33.9327,67.37,39.9577,49.4982,99.0,30.7574,86.0922,27.8939,0.0,1.0,1.0,0.0,0.0
8.5433,34.463,75.2986,0.397,9.0,32.4429,91.057,35.451,1.0,1.0,0.0,0.0,0.0
33.521,86.7058,90.4397,57.4657,84.0,16.3275,30.3778,22.8191,0.0,1.0,0.0,0.0,0.0
58.2174,27.5974,93.884,50.7872,71.0,11.9823,61.9556,53.0942,1.0,1.0,1.0,1.0,1.0
2.4272,61.9036,63.1417,65.7237,50.0,55.5991,96.3734,78.0676,0.0,1.0,1.0,0.0,0.0
13.8447,47.3496,73.5978,89.1647,14.0,40.953,34.1414,12.8226,1.0,1.0,1.0,1.0,1.0
40.7888,89.8117,71.0894,77.3945,17.0,15.6394,59.0001,49.2353,1.0,1.0,1.0,1.0,1.0
7.2209,39.7584,22.7745,40.2219,91.0,47.4762,41.3947,81.4007,0.0,0.0,1.0,0.0,0.0
32.2803,20.3451,19.7817,11.2155,56.0,19.8561,92.9561,3.898,1.0,1.0,0.0,0.0,0.0
56.5724,71.208,57.1675,61.4116,81.0,71.8273,19.7286,58.1549,0.0,1.0,1.0,0.0,1.0
12.6334,25.0449,47.1635,73.931,62.0,58.4313,14.738,21.901,0.0,0.0,1.0,0.0,0.0
51.3853,38.1145,14.7062,60.8596,59.0,6.8017,11.6894,49.8461,1.0,0.0,0.0,0.0,1.0
31.514,82.8387,45.2328,82.7426,87.0,48.5039,83.9959,51.181,1.0,1.0,1.0,1.0,1.0
19.4525,0.1528,29.1507,81.6697,3.0,10.5969,5.3092,26.0695,1.0,0.0,0.0,0.0,0.0
62.4562,45.2367,89.2285,57.4546,49.0,94.0576,26.1021,69.3564,0.0,0.0,1.0,0.0,0.0
30.6877,29.5528,74.3834,89.2162,92.0,93.2162,58.7595,28.385,0.0,0.0,1.0,0.0,0.0
9.0318,90.2213,38.7429,52.9714,0.0,2.6373,79.6171,7.6563,1.0,0.0,0.0,0.0,1.0
73.4689,61.687,42.6066,90.6913,99.0,19.2615,4.3545,74.1377,1.0,0.0,1.0,1.0,1.0
71.0323,85.3197,24.8878,61.6947,89.0,64.7854,50.4512,88.6261,1.0,1.0,0.0,1.0,1.0
16.866,42.0505,95.6365,95.8716,23.0,74.9102,97.9656,43.5018,1.0,1.0,1.0,0.0,0.0
17.7109,98.9747,68.0148,17.2504,43.0,20.9111,84.8534,28.1712,1.0,1.0,1.0,1.0,1.0
7.3092,35.1118,13.0177,35.3877,61.0,83.134,80.3341,32.4968,0.0,0.0,0.0,0.0,0.0
12.1365,62.5628,46.958,70.1017,57.0,43.0764,78.128,10.6676,0.0,1.0,0.0,0.0,0.0
27.0003,18.5791,16.0684,41.0383,99.0,6.7535,51.2681,23.2079,0.0,0.0,1.0,0.0,0.0
80.1517,43.1478,9.4206,76.8995,68.0,43.6457,64.532,42.4899,0.0,0.0,0.0,0.0,0.0
25.6295,97.812,26.6039,67.0016,95.0,42.3122,88.1472,77.0081,0.0,0.0,1.0,0.0,0.0
51.5359,48.2058,55.7848,75.2762,91.0,47.0792,7.3198,33.3109,0.0,0.0,1.0,0.0,0.0
69.5631,66.3093,35.2342,73.4018,35.0,42.9108,61.6154,66.5833,0.0,1.0,1.0,1.0,1.0
16.7346,99.1938,57.6498,47.764,73.0,14.685,17.6064,91.1825,0.0,0.0,1.0,0.0,1.0
76.1111,63.9752,89.893,83.1611,44.0,30.9114,51.743,90.5089,1.0,1.0,0.0,1.0,1.0
96.9035,55.6137,9.5075,84.5958,75.0,13.7746,28.186,26.394,1.0,0.0,0.0,0.0,0.0
24.504,51.0129,93.3524,28.039,47.0,57.9517,23.9611,73.1524,1.0,1.0,1.0,1.0,1.0
34.2307,14.3953,97.5955,94.1299,32.0,88.2812,52.3069,15.4255,0.0,0.0,1.0,0.0,0.0
27.4213,56.3028,67.4161,63.6533,5.0,6.8824,44.4174,58.4016,0.0,0.0,1.0,0.0,0.0
57.2837,30.591,85.692,77.8335,48.0,25.552,88.5428,72.5005,1.0,1.0,0.0,1.0,1.0
13.8162,27.5719,5.4297,27.424,68.0,38.6978,26.119,44.5514,1.0,0.0,0.0,0.0,0.0
13.4729,13.3132,64.8649,49.9192,10.0,29.6963,72.0777,70.1586,1.0,1.0,1.0,1.0,0.0
43.6134,17.3342,70.6394,77.6793,51.0,58.0621,41.0292,52.6893,1.0,1.0,1.0,1.0,1.0
24.2896,13.3809,37.71,42.0217,39.0,23.2549,27.2878,44.1241,0.0,0.0,1.0,0.0,0.0
10.2889,54.7928,32.4055,71.8778,95.0,10.7185,58.7655,10.1088,0.0,1.0,1.0,0.0,1.0
17.2425,22.2917,61.2924,93.3645,80.0,39.5536,60.2013,77.4737,0.0,0.0,1.0,0.0,0.0
