,nsga3_adaptation,custom_adaptation,anchors_adaptation,wip_adaptation,nsga3_confidence,custom_confidence,anchors_confidence,wip_confidence,nsga3_score,custom_score,anchors_score,wip_score,score_diff_custom_NSGA,score_diff_anchors_custom,score_diff_anchors_nsga,score_diff_anchors_wip,score_improvement_NSGA_custom[%],score_improvement_anchors_custom[%],score_improvement_anchors_NSGA[%],score_improvement_anchors_WIP[%],nsga3_time,custom_time,anchors_time,wip_time,speed-up_custom_NSGA,speed-up_anchors_NSGA,speed-up_anchors_custom,speed-up_WIP_anchors,iterations_anchors,iterations_wip
0,"[ 2.31822096 52.42367204 99.9628742  77.2382     12.         33.9676
 69.488      54.5007      1.        ]","[ 2.0379798  52.51848182 88.88328889 77.2382     12.         33.9676
 69.488      54.5007      1.        ]",[48.945  72.0384 90.544  77.2382 12.     33.9676 69.488  54.5007  1.    ],[23.469  77.6854 90.318  77.2382 12.     33.9676 69.488  54.5007  1.    ],[0.94736998 0.68635002 0.84314376 0.9141791 ],[0.94736998 0.65325555 0.84314376 0.9141791 ],[[0.94661358 0.60582071 0.81002261 0.86408192]],[0.94736998 0.62183503 0.84314376 0.86408192],72.69347472180732,83.39800909090906,109.12439999999987,78.22739999999999,10.704534369101737,25.72639090909081,36.43092527819255,30.896999999999878,0.14725578066074316,0.3084772788886055,0.5011581220681921,0.3949639129000821,0.7629454135894775,0.030040740966796875,0.20968985557556152,0.06030106544494629,25.39702380952381,3.638446941056483,0.1432627290640282,0.2875726404571673,1002,120
1,"[29.70173349 98.51207343 99.94842993 57.5857     68.         76.6919
 79.5727     97.5685      1.        ]","[ 2.0379798  52.51848182 95.95278687 57.5857     68.         76.6919
 79.5727     97.5685      1.        ]","[ 25.9081  78.28   100.      57.5857  68.      76.6919  79.5727  97.5685
   1.    ]",[24.5581 64.3825 97.3973 57.5857 68.     76.6919 79.5727 97.5685  1.    ],[0.05077271 0.38545509 0.87298862 0.88979986],[0.1021985  0.14578506 0.87729717 0.91326714],[0.00652306 0.2507755  0.87159425 0.88979986],[0.08913304 0.13512643 0.87159425 0.87103515],73.65553012157466,95.98101111111112,90.04239999999993,105.19259999999997,22.32548098953646,-5.938611111111186,16.386869878425273,-15.15020000000004,0.3031066500055919,-0.061872770898781564,0.22247983079311714,-0.14402343891110253,0.26378464698791504,0.024758100509643555,0.18482589721679688,0.34191083908081055,10.654478395269782,1.4272060948174445,0.1339536335679346,1.8499076386452291,1002,1002
2,"[2.53799949e-01 4.90841319e-02 9.99538839e+01 9.79306000e+01
 6.40000000e+01 9.52322000e+01 8.74615000e+01 7.54120000e+00
 0.00000000e+00]","[13.13356869 71.69086364 95.97264343 97.9306     64.         95.2322
 87.4615      7.5412      0.        ]",[ 0.      0.     60.318  97.9306 64.     95.2322 87.4615  7.5412  0.    ],[25.142  53.228  59.318  97.9306 64.     95.2322 87.4615  7.5412  0.    ],[0.01942601 0.10939757 0.21447495 0.69388318],[0.18195722 0.17087191 0.03227415 0.12527442],[0.02848605 0.02474421 0.28745914 0.62835408],[0.18530301 0.09406487 0.04332907 0.04877153],102.32023190108225,47.53946161616159,141.7514,114.66539999999998,-54.78077028492066,94.2119383838384,39.43116809891774,27.086000000000013,-0.5353855172834224,1.981762838302947,0.3853701987016379,0.23621772566092317,0.24880623817443848,0.04717063903808594,0.020045042037963867,0.048880815505981445,5.274599692693381,12.412358013678263,2.353232233125186,2.4385489146595303,108,20
3,"[37.19891539 99.86020149 89.70744878 31.5375     31.          5.6827
  1.0463     13.3079      1.        ]",[19.07   99.9449 81.085  31.5375 31.      5.6827  1.0463 13.3079  1.    ],"[ 29.615  100.      89.425   31.5375  31.       5.6827   1.0463  13.3079
   1.    ]","[ 29.9395 100.      96.895   31.5375  31.       5.6827   1.0463  13.3079
   1.    ]",[0.12108115 0.58943605 0.81813572 0.90237857],[0.11220676 0.58032117 0.85167467 0.87506143],[0.11220676 0.58943605 0.83047454 0.85908687],[0.11220676 0.58943605 0.83047454 0.79915809],116.09376512254875,106.50259999999997,108.65249999999997,101.507,-9.591165122548773,2.1499000000000024,-7.441265122548771,7.14549999999997,-0.08261567804631303,0.020186361647509102,-0.064097026353601,0.07039416000866905,0.20062971115112305,0.008019208908081055,0.11415243148803711,0.06118488311767578,25.01864129626877,1.7575596816976127,0.07025000522149585,0.5359928152217047,1002,102
4,"[ 0.82123452 65.64928425 91.34230897 95.1977     30.         64.5506
 53.1348     31.9756      0.        ]","[ 2.0379798  65.63642727 89.89321717 95.1977     30.         64.5506
 53.1348     31.9756      0.        ]",[51.832  99.1811 99.18   95.1977 30.     64.5506 53.1348 31.9756  0.    ],[54.888  72.0251 59.318  95.1977 30.     64.5506 53.1348 31.9756  0.    ],[0.77398775 0.86821589 0.23652969 0.51036704],[0.77398775 0.86821589 0.23652969 0.51036704],[0.71189092 0.82286682 0.19726904 0.37000617],[0.71240115 0.84248208 0.13442154 0.35256051],48.631941305069745,51.31063535353536,58.27319999999992,128.3472,2.6786940484656157,6.962564646464557,9.641258694930173,-70.07400000000007,0.05508096071390778,0.13569437600005918,0.19824951330752447,-0.5459721754740273,0.22255611419677734,0.02401113510131836,0.2696812152862549,0.05587339401245117,9.268871015787905,0.8252562714112056,0.08903525251408996,0.20718311415626037,1002,52
5,"[ 11.09158141  99.91796019  99.89744205  39.8636     100.
  25.3258      78.3569      45.7262       1.        ]","[  2.0379798  99.9449     93.9329303  39.8636    100.         25.3258
  78.3569     45.7262      1.       ]","[ 24.6057  73.224   91.0247  39.8636 100.      25.3258  78.3569  45.7262
   1.    ]","[ 10.6142 100.     100.      39.8636 100.      25.3258  78.3569  45.7262
   1.    ]",[0.96106901 0.79238564 0.76171673 0.89886229],[0.96106901 0.76542334 0.76171673 0.77354894],[[0.96106901 0.61815839 0.76171673 0.87238801]],[0.7628728  0.71942473 0.76171673 0.81633256],71.41257917427242,68.29654949494943,120.49339999999995,70.75059999999996,-3.116029679322992,52.19685050505052,49.08082082572753,49.74279999999999,-0.04363418483624232,0.7642677542429944,0.6872853689537335,0.7030724827775314,0.21088600158691406,0.040427207946777344,0.22466301918029785,0.08783435821533203,5.216437451345804,0.938676967648479,0.1799459835191366,0.39096046396867257,1002,324
6,"[23.82992541 52.4440405  97.12227795 58.3106     83.         84.2567
 34.2959     80.941       1.        ]","[ 2.0379798  52.51848182 95.95278687 58.3106     83.         84.2567
 34.2959     80.941       1.        ]","[ 30.3192 100.      96.5444  58.3106  83.      84.2567  34.2959  80.941
   1.    ]",[30.3192 71.4543 77.1134 58.3106 83.     84.2567 34.2959 80.941   1.    ],[0.71938799 0.68266717 0.87970978 0.89530834],[0.71938799 0.67224207 0.87970978 0.93022832],[0.71938799 0.67343296 0.87321875 0.83676622],[0.71938799 0.45859933 0.84060924 0.91090251],115.95300696483412,95.25611111111107,75.46419999999995,123.44089999999994,-20.69689585372305,-19.79191111111112,-40.48880696483417,-47.976699999999994,-0.17849382603764594,-0.20777576241827606,-0.34918289766399496,-0.38866129459522747,0.21182465553283691,0.021676301956176758,0.019935131072998047,0.040261030197143555,9.772176820616606,10.625696653670438,1.0873418327074413,2.0196019805295764,78,46
7,"[ 7.26593414 99.84926498 90.85065975 38.1485     31.          3.6729
 66.3874     15.9711      1.        ]","[13.13356869 52.51848182 88.88328889 38.1485     31.          3.6729
 66.3874     15.9711      1.        ]",[46.168  88.351  78.33   38.1485 31.      3.6729 66.3874 15.9711  1.    ],[45.547  93.767  90.6405 38.1485 31.      3.6729 66.3874 15.9711  1.    ],[0.96313643 0.68172756 0.821771   0.83621261],[0.96313643 0.64041772 0.821771   0.83621261],[[0.96259768 0.56547061 0.76178273 0.76348892]],[0.96259768 0.59232266 0.78796772 0.77385714],78.41750941254793,133.58329797979798,141.33849999999995,122.99100000000004,55.16578856725005,7.755202020201978,62.920990587452025,18.34749999999991,0.7034881492732378,0.0580551770878932,0.802384455446423,0.14917758209950244,0.21142315864562988,0.0264434814453125,0.1799788475036621,0.2554788589477539,7.995284549913445,1.1747111484383073,0.14692549603516292,1.419493804362513,1002,1002
8,"[ 0.95968549 52.45239972 99.93754008 28.1943     28.         69.132
 51.124      71.9696      1.        ]","[ 2.0379798  52.51848182 89.89321717 28.1943     28.         69.132
 51.124      71.9696      1.        ]",[19.965  77.9229 92.5525 28.1943 28.     69.132  51.124  71.9696  1.    ],[ 0.     51.1629 65.275  28.1943 28.     69.132  51.124  71.9696  1.    ],[0.88825235 0.55017794 0.83777063 0.84838131],[0.93916649 0.51291211 0.83777063 0.84838131],[0.93916649 0.3794186  0.83777063 0.87004374],[0.93740177 0.39482646 0.81630223 0.82614788],120.37544568504103,131.43198080808077,121.2953,155.36780000000002,11.056535123039737,-10.136680808080769,0.9198543149589682,-34.07250000000002,0.09185041899631965,-0.0771249184997259,0.007641544417336914,-0.21930219775268758,0.21411943435668945,0.02405714988708496,0.26035594940185547,0.06783151626586914,8.900448946017463,0.8224103764427497,0.09240099925641843,0.26053376702820114,1002,114
9,"[16.72495617 52.60675557 99.9337515  59.4029     34.         68.7166
 79.4051     52.8759      1.        ]","[ 2.0379798  52.51848182 95.95278687 59.4029     34.         68.7166
 79.4051     52.8759      1.        ]",[43.818  60.0845 90.544  59.4029 34.     68.7166 79.4051 52.8759  1.    ],[42.468  84.6695 92.351  59.4029 34.     68.7166 79.4051 52.8759  1.    ],[0.88819857 0.74759345 0.82865079 0.85270842],[0.93913554 0.70710933 0.82865079 0.90887579],[[0.93913554 0.56338139 0.81996841 0.85270842]],[0.93913554 0.56338139 0.81996841 0.87375322],104.7815490936261,94.1638111111111,133.7865999999999,106.04459999999995,-10.617737982514996,39.622788888888806,29.00505090637381,27.741999999999962,-0.10133213408619932,0.420785739461361,0.2768144884025025,0.2616069087912065,0.22993969917297363,0.024260282516479492,0.20841336250305176,0.3399662971496582,9.478030563608668,1.1032867394460213,0.11640464039883361,1.6312116126655754,1002,1002
10,"[ 2.52459354 99.03825889 98.74253708 25.5776     80.         84.8539
 31.8899     74.7211      0.        ]","[13.13356869 98.93582727 93.9329303  25.5776     80.         84.8539
 31.8899     74.7211      0.        ]",[12.8168 79.     97.8579 25.5776 80.     84.8539 31.8899 74.7211  0.    ],[12.9218 72.078  99.9429 25.5776 80.     84.8539 31.8899 74.7211  0.    ],[0.31977666 0.69715145 0.11872462 0.49797063],[0.31977666 0.67005065 0.11872462 0.51387429],[0.31977666 0.61928966 0.11872462 0.51387429],[0.19487522 0.65548856 0.11872462 0.51387429],79.16619757219803,94.68721111111108,110.38130000000001,115.32329999999996,15.521013538913053,15.694088888888928,31.21510242780198,-4.94199999999995,0.1960560695713368,0.1657466589703718,0.39429836704402044,-0.04285343898414243,0.2125248908996582,0.026721715927124023,0.23501300811767578,0.04456806182861328,7.953265107647285,0.9043111809080912,0.1137031355887497,0.1896408296101514,1002,24
11,"[ 0.54049987 52.29996917 99.96481879 84.927      52.          5.5388
 84.7654     63.1418      1.        ]","[ 2.0379798  52.51848182 89.89321717 84.927      52.          5.5388
 84.7654     63.1418      1.        ]",[25.077  75.658  90.544  84.927  52.      5.5388 84.7654 63.1418  1.    ],[29.292  99.85   84.0835 84.927  52.      5.5388 84.7654 63.1418  1.    ],[0.95844724 0.71550215 0.82329691 0.90158956],[0.95844724 0.68406775 0.82329691 0.90158956],[[0.95844724 0.62571414 0.82329691 0.85894502]],[0.95844724 0.62185422 0.79541997 0.85894502],63.34871191968665,74.6992808080808,73.94799999999992,60.43150000000003,11.35056888839415,-0.7512808080808782,10.599288080313272,13.516499999999894,0.17917600128609362,-0.010057403497780481,0.16731655244626006,0.22366646533678441,0.22001051902770996,0.02511882781982422,0.27956223487854004,0.05199122428894043,8.758789247883367,0.7869822586133524,0.08985057595757691,0.18597370389290524,1002,120
12,"[ 0.53063853 52.64503175 99.93385284 78.3407     69.         29.4749
 50.9291     24.9435      1.        ]","[ 2.0379798  44.4459     94.94285859 78.3407     69.         29.4749
 50.9291     24.9435      1.        ]",[25.755  66.026  98.8075 78.3407 69.     29.4749 50.9291 24.9435  1.    ],[24.424  84.9625 96.085  78.3407 69.     29.4749 50.9291 24.9435  1.    ],[0.96221849 0.70998721 0.87562016 0.95109022],[0.96221849 0.613493   0.89986016 0.9471377 ],[[0.96221849 0.6462433  0.87562016 0.92066983]],[0.96221849 0.63330579 0.87562016 0.92066983],69.61105394756851,84.30852121212126,82.58079999999995,65.0358,14.697467264552756,-1.7277212121213097,12.969746052431447,17.54499999999996,0.2111369736712072,-0.02049284209094763,0.18631733491925495,0.26977449343284715,0.22540903091430664,0.029714107513427734,0.19362664222717285,0.04052734375,7.585926341972238,1.1641426423634669,0.15346084181207664,0.20930664955936804,1002,84
13,"[ 9.7928197  98.5125043  98.84164064 84.5369     38.         65.241
 27.6854      2.1846      0.        ]","[ 2.0379798  52.51848182 97.97264343 84.5369     38.         65.241
 27.6854      2.1846      0.        ]",[18.035  85.6555 91.5475 84.5369 38.     65.241  27.6854  2.1846  0.    ],[17.07   80.929  91.6985 84.5369 38.     65.241  27.6854  2.1846  0.    ],[0.74710705 0.3142237  0.06438695 0.38080327],[0.70429193 0.22803872 0.03733258 0.39786279],[0.75961043 0.25841779 0.06438695 0.0821745 ],[0.75961043 0.25841779 0.06438695 0.0821745 ],27.901774758922272,67.00995454545455,56.295099999999934,59.90559999999999,39.108179786532276,-10.714854545454614,28.39332524107766,-3.6105000000000587,1.401637713888665,-0.1598994450620983,1.0176171761976611,-0.060269824523918616,0.2075037956237793,0.006428718566894531,0.18961000442504883,0.05398845672607422,32.27762943183504,1.094371556253002,0.033904954468980814,0.2847342200628205,1002,48
14,"[31.54304314 99.92438245 89.58367667 36.7494     52.         69.1701
  1.4493      9.4642      1.        ]",[35.022  99.9449 81.085  36.7494 52.     69.1701  1.4493  9.4642  1.    ],[40.989  90.14   92.5525 36.7494 52.     69.1701  1.4493  9.4642  1.    ],[40.752  84.9625 90.571  36.7494 52.     69.1701  1.4493  9.4642  1.    ],[0.1701379  0.42775206 0.83240757 0.91647892],[0.1701379  0.39826432 0.83147044 0.8504878 ],[0.13885279 0.30553851 0.82017897 0.88466107],[0.13885279 0.30553851 0.82017897 0.89600319],105.28558402546804,117.24270000000001,121.54709999999989,128.46910000000003,11.957115974531973,4.304399999999873,16.261515974531846,-6.922000000000139,0.11356840620877032,0.03671358643224587,0.15445149613833428,-0.0538806607970332,0.20776915550231934,0.009506940841674805,0.16396498680114746,0.055715322494506836,21.854470219435736,1.2671556260623889,0.0579815302470922,0.3398001218520937,1002,72
15,"[3.49929545e-01 5.26554465e-03 1.80113942e+01 6.67752000e+01
 5.00000000e+00 9.92045000e+01 8.31858000e+01 5.85356000e+01
 0.00000000e+00]","[2.06000000e-02 5.25184818e+01 9.59527869e+01 6.67752000e+01
 5.00000000e+00 9.92045000e+01 8.31858000e+01 5.85356000e+01
 0.00000000e+00]",[ 0.      0.     85.3597 66.7752  5.     99.2045 83.1858 58.5356  0.    ],[46.134  72.078  89.5722 66.7752  5.     99.2045 83.1858 58.5356  0.    ],[0.00257068 0.25209188 0.80948411 0.78455854],[0.01508377 0.74859366 0.0342089  0.28696036],[0.00383744 0.21952631 0.55828874 0.81960914],[0.02389321 0.15302019 0.0360416  0.32809852],215.55806981146196,84.7741313131313,147.86510000000004,117.70859999999999,-130.78393849833066,63.090968686868734,-67.69296981146192,30.15650000000005,-0.606722534733777,0.7442243017958958,-0.3140358877339625,0.2561962337501258,0.2576003074645996,0.013782978057861328,0.11937642097473145,0.046730995178222656,18.68974225912472,2.1578826485267655,0.11545812770495766,0.3914591742377187,1002,36
16,"[ 0.96998856 65.96475015 96.72376442 83.5925     93.         48.5624
 45.6136     59.732       0.        ]","[ 2.0379798  44.4459     94.94285859 83.5925     93.         48.5624
 45.6136     59.732       0.        ]",[25.755  88.351  98.8075 83.5925 93.     48.5624 45.6136 59.732   0.    ],[25.665  90.627  96.2085 83.5925 93.     48.5624 45.6136 59.732   0.    ],[0.83272992 0.87456263 0.29484964 0.55181805],[0.76194539 0.87681674 0.34799457 0.4946307 ],[0.82616606 0.86827313 0.29484964 0.40959368],[0.82616606 0.86827313 0.29484964 0.40959368],54.68897398888248,79.05672121212126,55.003999999999905,55.23700000000008,24.36774722323878,-24.052721212121355,0.3150260111174248,-0.23300000000017462,0.44556965409869287,-0.30424637960362955,0.0057603203742945565,-0.0042181870847470765,0.2095787525177002,0.03987002372741699,0.20020031929016113,0.31738710403442383,5.2565494806460675,1.046845246105459,0.19915065005281643,1.5853476416009984,1002,1002
17,"[ 6.19383555 99.87828771 99.93120687 37.4626     99.         47.524
 93.6614     23.142       1.        ]","[13.13356869 65.63642727 97.97264343 37.4626     99.         47.524
 93.6614     23.142       1.        ]",[25.755  99.8684 99.85   37.4626 99.     47.524  93.6614 23.142   1.    ],[25.07   71.7974 81.085  37.4626 99.     47.524  93.6614 23.142   1.    ],[0.96376952 0.78704771 0.62368148 0.60992673],[0.96376952 0.62789821 0.58741561 0.60254193],[0.96376952 0.7596025  0.60626033 0.54601874],[0.96376952 0.5840479  0.55409993 0.48916925],68.92174097463021,112.061897979798,88.57399999999996,134.72500000000002,43.140157005167794,-23.48789797979805,19.652259025369744,-46.15100000000007,0.6259295890544537,-0.2095975385320739,0.28513874936217376,-0.3425570606791617,0.21174407005310059,0.031728506088256836,0.027945756912231445,0.05507373809814453,6.67362243479437,7.576966718708675,1.135360412240963,1.9707370342880055,138,52
18,"[12.35431796 71.55728009 95.78895302 28.56       59.         63.4862
 56.1855     30.095       0.        ]","[13.13356869 71.93582727 93.9329303  28.56       59.         63.4862
 56.1855     30.095       0.        ]",[21.895  72.8549 97.765  28.56   59.     63.4862 56.1855 30.095   0.    ],[25.07   52.8549 81.085  28.56   59.     63.4862 56.1855 30.095   0.    ],[0.80863312 0.76971843 0.11105916 0.43861218],[0.80863312 0.76971843 0.11105916 0.43861218],[0.81883221 0.76971843 0.11105916 0.368665  ],[0.811683   0.73554182 0.10556747 0.32816325],116.44808485272819,118.7048111111111,122.71509999999995,162.5701,2.256726258382912,4.0102888888888515,6.2670151472717635,-39.85500000000005,0.019379676885515052,0.0337837097869193,0.053818104052098865,-0.24515578202879895,0.1872091293334961,0.22013378143310547,0.21000218391418457,0.048241376876831055,0.8504334414951458,0.8914627735966658,1.0482452007406793,0.2297184532925831,1002,29
19,"[ 2.36567113 65.43846888 99.13502044 44.306      80.         80.3861
 22.0393     49.9601      0.        ]","[ 2.0379798  98.93582727 93.9329303  44.306      80.         80.3861
 22.0393     49.9601      0.        ]",[25.755  75.377  92.7686 44.306  80.     80.3861 22.0393 49.9601  0.    ],[25.07   52.306  94.0251 44.306  80.     80.3861 22.0393 49.9601  0.    ],[0.52060658 0.82464059 0.15439174 0.55181805],[0.45036811 0.85690351 0.15439174 0.55945624],[0.5090162  0.81373935 0.15439174 0.40959368],[0.48467648 0.84345275 0.15439174 0.3672108 ],93.4861818099011,64.86322222222219,113.30340000000001,134.43290000000002,-28.622959587678906,48.44017777777782,19.817218190098913,-21.129500000000007,-0.30617315878706103,0.7468049862188649,0.21198018580324646,-0.1571750665201748,0.21343088150024414,0.035657405853271484,0.20700311660766602,0.04821157455444336,5.985597560812527,1.0310515367976836,0.17225540580074036,0.2329026506679075,1002,31
20,"[ 2.36113236 98.51558029 99.96145089 89.7639     90.         70.9608
 11.2571      1.0551      1.        ]","[ 3.0466697  65.63642727 97.97264343 89.7639     90.         70.9608
 11.2571      1.0551      1.        ]",[19.     77.166  98.8075 89.7639 90.     70.9608 11.2571  1.0551  1.    ],"[ 11.5545  96.424  100.      89.7639  90.      70.9608  11.2571   1.0551
   1.    ]",[0.89895146 0.19477093 0.44147096 0.74247858],[0.92569614 0.12810259 0.308158   0.71763492],[0.92569614 0.1582176  0.36557018 0.68658992],[0.6312786  0.13019527 0.44147096 0.69855949],14.12020118244061,49.67369898989898,53.26259999999991,25.366600000000062,35.55349780745837,3.588901010100926,39.1423988175593,27.895999999999844,2.517917227105196,0.0722495220424539,2.772085065348461,1.099713796882506,0.3509352207183838,0.007029533386230469,0.052248477935791016,0.05567646026611328,49.92297517297517,6.716659213492375,0.13454044335739643,1.0656092285508292,180,108
21,"[ 0.80047827 52.33741113 99.94718682 70.1467     85.         63.797
 56.6518     41.608       1.        ]","[ 2.0379798  52.51848182 93.95278687 70.1467     85.         63.797
 56.6518     41.608       1.        ]",[21.6655 87.312  96.0543 70.1467 85.     63.797  56.6518 41.608   1.    ],[29.044  84.0555 98.1003 70.1467 85.     63.797  56.6518 41.608   1.    ],[0.92610302 0.70332394 0.88974563 0.92430703],[0.94452133 0.66961792 0.88974563 0.92430703],[[0.94452133 0.62580925 0.88974563 0.89444144]],[0.94452133 0.62713305 0.88372458 0.89444144],78.36918031394987,85.42001111111108,68.15249999999992,76.74149999999997,7.050830797161211,-17.267511111111162,-10.21668031394995,-8.589000000000055,0.08996943401622065,-0.20214831263192234,-0.13036604789052977,-0.1119211899689224,0.22901439666748047,0.029974937438964844,0.28020524978637695,0.03894615173339844,7.6401959848557155,0.8173094431388298,0.10697493163249852,0.13899151341058108,1002,114
22,"[ 1.59803155 52.4673157  99.93999981 58.6848     31.         50.4297
 57.1459     49.0413      1.        ]","[ 2.0379798  52.51848182 89.89321717 58.6848     31.         50.4297
 57.1459     49.0413      1.        ]",[49.2972 95.624  90.544  58.6848 31.     50.4297 57.1459 49.0413  1.    ],[18.9115 79.0265 90.318  58.6848 31.     50.4297 57.1459 49.0413  1.    ],[0.93020312 0.68623381 0.88591598 0.91935299],[0.94765726 0.65313327 0.88591598 0.91935299],[[0.94765726 0.6056918  0.86033033 0.88777007]],[0.94765726 0.62170809 0.88591598 0.88777007],90.50591603648382,100.94148080808077,104.44439999999986,90.88220000000001,10.435564771596944,3.5029191919190907,13.938483963516035,13.562199999999848,0.1153025705788146,0.03470247477921552,0.15400632990552016,0.14922834174348604,0.21996426582336426,0.017889738082885742,0.3042750358581543,0.06407976150512695,12.295555407476511,0.7229126280537399,0.05879462977444363,0.21059815612017346,1002,114
23,"[28.68906479 99.84214623 99.95613075 33.9906     13.         89.3303
 21.22       98.3749      1.        ]","[ 2.0379798 86.1219    94.219     33.9906    13.        89.3303
 21.22      98.3749     1.       ]","[ 31.2013 100.     100.      33.9906  13.      89.3303  21.22    98.3749
   1.    ]",[35.1793 86.1219 94.219  33.9906 13.     89.3303 21.22   98.3749  1.    ],[0.00732145 0.14682759 0.87168676 0.89040621],[0.01474628 0.02703901 0.88380581 0.90899608],[0.00234565 0.10355358 0.8622171  0.80290551],[0.01270287 0.0307607  0.8622171  0.89040621],94.90018782172535,87.7064797979798,97.21069999999997,120.8478,-7.1937080237455575,9.504220202020178,2.310512178274621,-23.637100000000032,-0.07580288499807071,0.10836394555923216,0.024346760857997786,-0.1955939619918611,0.23625731468200684,0.011641502380371094,0.11495089530944824,0.04568815231323242,20.29440075366593,2.055289034904872,0.10127369907848152,0.39745799447877067,1002,28
24,"[ 8.96664003 99.9177291  99.93600157  6.5077     77.         38.9179
 81.9749     47.4881      1.        ]","[13.13356869 98.93582727 93.9329303   6.5077     77.         38.9179
 81.9749     47.4881      1.        ]",[24.1467 73.09   99.85    6.5077 77.     38.9179 81.9749 47.4881  1.    ],"[ 10.8257  62.42   100.       6.5077  77.      38.9179  81.9749  47.4881
   1.    ]",[0.96664972 0.2564156  0.14629569 0.36759889],[0.96664972 0.16426743 0.14629569 0.36759889],[0.96664972 0.09009984 0.14629569 0.30897015],[0.79067664 0.07219484 0.14629569 0.36759889],102.60520934844192,113.7571111111111,144.69899999999996,141.89800000000002,11.151901762669183,30.941888888888855,42.09379065155804,2.800999999999931,0.108687481205734,0.27199960149011415,0.41025003427077206,0.019739531212560644,0.2298908233642578,0.026578903198242188,0.2799842357635498,0.05521202087402344,8.649372084678866,0.8210848826446197,0.09492999891854056,0.19719689118729772,1002,72
25,"[ 1.4592518  66.04515068 92.37216786 85.5861     52.         16.3857
 60.7145     85.6643      0.        ]","[ 2.0379798  44.4459     91.91307374 85.5861     52.         16.3857
 60.7145     85.6643      0.        ]",[25.755  75.377  98.8075 85.5861 52.     16.3857 60.7145 85.6643  0.    ],[25.07   52.306  81.085  85.5861 52.     16.3857 60.7145 85.6643  0.    ],[0.79157195 0.83815481 0.27608909 0.64725837],[0.70944746 0.81860565 0.36348996 0.64725837],[0.7838123  0.83720443 0.27608909 0.53964528],[0.75546116 0.84614972 0.25257646 0.53964528],57.45583326821276,80.09290606060608,65.98439999999994,106.09289999999999,22.637072792393326,-14.108506060606146,8.52856673178718,-40.10850000000005,0.3939908535782599,-0.17615175618587592,0.1484369166134012,-0.37805074609139777,0.3227417469024658,0.011977434158325195,0.1880805492401123,0.054567813873291016,26.94581682823417,1.7159762038467827,0.06368247118969357,0.29013002191750953,1002,43
26,"[34.77214765 98.51870628 99.90036711 75.8739     52.         74.8953
 27.3021     73.3261      1.        ]","[ 3.0466697  52.51848182 95.95278687 75.8739     52.         74.8953
 27.3021     73.3261      1.        ]",[23.0592 76.922  71.5774 75.8739 52.     74.8953 27.3021 73.3261  1.    ],[22.1042 74.712  91.324  75.8739 52.     74.8953 27.3021 73.3261  1.    ],[0.80242677 0.74303625 0.90206988 0.90332329],[0.88749156 0.67520757 0.90724068 0.90340325],[0.88441228 0.51280647 0.89018331 0.90332329],[0.88749156 0.54312032 0.90724068 0.90332329],60.479174259709225,78.70150101010103,98.6859,80.1943,18.2223267503918,19.984398989898978,38.20672574029078,18.491600000000005,0.3012991988306854,0.25392652914375874,0.6317335877673154,0.23058496676197693,0.28984546661376953,0.013549327850341797,0.2351551055908203,0.34090518951416016,21.391870490937883,1.2325714378411698,0.05761868455417758,1.4497035420840465,1002,1002
27,"[ 0.75004765 44.63689447 98.10012279 77.4615      6.         67.573
 14.8891     37.0886      1.        ]","[ 1.0292899  52.51848182 95.95278687 77.4615      6.         67.573
 14.8891     37.0886      1.        ]",[40.024  92.2147 60.318  77.4615  6.     67.573  14.8891 37.0886  1.    ],[28.646  63.6422 82.452  77.4615  6.     67.573  14.8891 37.0886  1.    ],[0.5887038  0.84144874 0.78363635 0.87463572],[0.5887038  0.39046653 0.72607762 0.88334153],[0.64514037 0.17926726 0.68151206 0.82968877],[0.65079093 0.20658093 0.72552352 0.81464506],80.5515303919642,75.09652121212122,110.02980000000002,105.09030000000001,-5.455009179842989,34.933278787878805,29.478269608035816,4.9395000000000095,-0.06772073917526933,0.46517838941173584,0.36595542585714247,0.04700243504871533,0.20960116386413574,0.015249490737915039,0.2551281452178955,0.055780887603759766,13.74479761104423,0.8215524934935076,0.05977188727998243,0.21863870627099716,1002,78
28,"[ 1.74165521 65.48914781 99.95808401 52.2324     58.         31.4257
 13.2083     42.4059      0.        ]","[ 3.0466697  65.63642727 88.89321717 52.2324     58.         31.4257
 13.2083     42.4059      0.        ]",[24.2408 87.312  99.18   52.2324 58.     31.4257 13.2083 42.4059  0.    ],[25.5558 66.078  60.318  52.2324 58.     31.4257 13.2083 42.4059  0.    ],[0.75632194 0.83788637 0.17713969 0.60537156],[0.78593068 0.81900798 0.17713969 0.51483225],[0.74766829 0.821584   0.17713969 0.46285097],[0.77453803 0.81337611 0.15547037 0.44411369],84.06202339073161,96.28462525252525,85.51639999999992,146.92740000000003,12.222601861793635,-10.768225252525326,1.4543766092683086,-61.411000000000115,0.1453998056290096,-0.111837432240958,0.01730123247816877,-0.41796832993709887,0.2292773723602295,0.007512569427490234,0.18526339530944824,0.0670022964477539,30.519168517930815,1.2375751398556851,0.040550748921241976,0.36165965940459505,1002,68
29,"[ 1.24361176 99.86205568 99.95925633 39.6217     12.         55.6837
 47.4527     95.3521      1.        ]","[13.13356869 65.63642727 91.91307374 39.6217     12.         55.6837
 47.4527     95.3521      1.        ]",[19.965  74.2689 99.6961 39.6217 12.     55.6837 47.4527 95.3521  1.    ],"[ 14.3355 100.     100.      39.6217  12.      55.6837  47.4527  95.3521
   1.    ]",[0.14634499 0.42626583 0.88474419 0.89432598],[0.15865818 0.15650763 0.88474419 0.91435514],[0.15865818 0.15558713 0.88474419 0.90347686],[0.03176613 0.33295304 0.88474419 0.82435326],61.800599749885066,115.96236767676771,106.37829999999997,74.71380000000005,54.161767926882646,-9.584067676767745,44.5777002501149,31.66449999999992,0.8763955066145354,-0.08264808548478654,0.7213150103805879,0.42381059456218123,0.21748805046081543,0.02344536781311035,0.17977046966552734,0.0544276237487793,9.276376135127165,1.2098096582017261,0.13041834877959502,0.30276175975979164,1002,156
30,"[ 2.94265333 52.38204012 99.94347989 77.2044     96.          7.7709
 72.208      25.204       1.        ]","[ 2.0379798  52.51848182 93.94285859 77.2044     96.          7.7709
 72.208      25.204       1.        ]",[25.7115 78.0264 98.9375 77.2044 96.      7.7709 72.208  25.204   1.    ],[25.67   81.985  88.1425 77.2044 96.      7.7709 72.208  25.204   1.    ],[0.96476519 0.70998721 0.86694342 0.90616234],[0.96476519 0.67669023 0.86694342 0.93113967],[[0.96476519 0.6462433  0.86694342 0.88974905]],[0.96476519 0.5896763  0.85937367 0.88974905],73.41273332128355,78.37223939393937,71.54319999999996,78.3381,4.959506072655813,-6.829039393939411,-1.8695333212835976,-6.794900000000041,0.067556483027965,-0.08713594822285389,-0.025466063402131756,-0.08673812614806896,0.21102166175842285,0.03814220428466797,0.19567537307739258,0.2940974235534668,5.532497812226528,1.078427287193471,0.19492593107044773,1.5029863949059488,1002,1002
31,"[ 5.00827888 65.80649418 92.22194043 30.5952     20.         78.9659
 42.2524     83.5898      0.        ]","[13.13356869 65.63642727 91.91307374 30.5952     20.         78.9659
 42.2524     83.5898      0.        ]",[13.1685 82.117  98.3199 30.5952 20.     78.9659 42.2524 83.5898  0.    ],[13.2235 72.078  94.2774 30.5952 20.     78.9659 42.2524 83.5898  0.    ],[0.59319515 0.83212831 0.1634265  0.46494648],[0.59319515 0.83212831 0.1634265  0.46494648],[0.52386518 0.82312367 0.1634265  0.47265032],[0.52386518 0.83114968 0.1634265  0.47265032],116.38464427605976,124.98886767676771,102.13639999999998,116.27289999999999,8.604223400707951,-22.85246767676773,-14.24824427605978,-14.136500000000012,0.07392919791290571,-0.18283602453193062,-0.12242374726225488,-0.121580351053427,0.2070331573486328,0.02878403663635254,0.3002893924713135,0.046735286712646484,7.1926380571362305,0.6894454567468966,0.09585432372241476,0.15563415786360515,1002,30
32,"[30.85023265 98.51023864 97.64886706 77.6815     86.         87.5387
  8.9209     38.453       1.        ]","[ 2.0379798  65.63642727 95.95278687 77.6815     86.         87.5387
  8.9209     38.453       1.        ]",[40.024  95.8925 98.0051 77.6815 86.     87.5387  8.9209 38.453   1.    ],[39.677  53.247  95.6931 77.6815 86.     87.5387  8.9209 38.453   1.    ],[0.67952004 0.63729327 0.86365501 0.89320316],[0.67952004 0.53915729 0.87056311 0.93320088],[0.67952004 0.58702929 0.85330462 0.89320316],[0.67952004 0.55835527 0.85330462 0.87493651],57.00962694260477,62.767265656565655,68.44490000000002,113.05539999999996,5.757638713960887,5.677634343434363,11.43527305739525,-44.610499999999945,0.10099414822969231,0.09045533980243513,0.20058494802830176,-0.39458973211363596,0.1817481517791748,0.021721839904785156,0.0572664737701416,0.05091452598571777,8.367069851165649,3.17372696123534,0.37931163689199937,0.889080864138422,210,60
33,"[ 8.33051677 66.45514374 99.20059475 39.7769     51.         74.7216
 87.2424     46.4231      0.        ]","[25.07       65.63642727 81.085      39.7769     51.         74.7216
 87.2424     46.4231      0.        ]",[21.895  96.2725 97.765  39.7769 51.     74.7216 87.2424 46.4231  0.    ],[25.07   71.8135 81.085  39.7769 51.     74.7216 87.2424 46.4231  0.    ],[0.75204715 0.82986058 0.11349518 0.23903493],[0.76438331 0.81479123 0.08825339 0.19013555],[0.70996346 0.82178644 0.09293798 0.19494499],[0.70996346 0.81479123 0.08825339 0.19494499],102.8978782762299,138.5716727272727,88.08059999999989,132.39459999999997,35.673794451042795,-50.49107272727281,-14.817278276230013,-44.31400000000008,0.34669125397587214,-0.364367924075261,-0.14399984260562643,-0.3347115365732446,0.21543335914611816,0.009993791580200195,0.18820428848266602,0.06904959678649902,21.55671923086099,1.1446782689330695,0.05310076439156509,0.36688641551788354,1002,73
34,"[ 9.47925549 66.0622905  99.95482091 60.3568     11.          9.6603
 96.6126     34.5984      0.        ]","[13.13356869 52.51848182 97.97264343 60.3568     11.          9.6603
 96.6126     34.5984      0.        ]",[23.8692 58.5184 60.318  60.3568 11.      9.6603 96.6126 34.5984  0.    ],[25.9022 52.5184 59.318  60.3568 11.      9.6603 96.6126 34.5984  0.    ],[0.82106629 0.86725318 0.01997798 0.07501211],[0.75616598 0.86485389 0.01605268 0.07501211],[0.76468614 0.83437777 0.01289969 0.03851921],[0.76468614 0.8523324  0.01289969 0.03851921],83.10534407344983,102.2856434343434,144.67600000000002,153.709,19.18029936089357,42.39035656565662,61.57065592655019,-9.032999999999987,0.23079501775411357,0.4144311473473475,0.7408748091113498,-0.058766890683043846,0.23003339767456055,0.02724432945251465,0.3167593479156494,0.04586172103881836,8.443349581258587,0.7262087107712341,0.08600955151533399,0.144784112420357,1002,26
35,"[ 0.76573719 44.81433575 95.84478549 66.7026      0.         41.4069
 69.7861     62.3128      1.        ]","[2.06000e-02 5.28438e+01 6.79842e+01 6.67026e+01 0.00000e+00 4.14069e+01
 6.97861e+01 6.23128e+01 1.00000e+00]",[37.011  92.6908 90.0972 66.7026  0.     41.4069 69.7861 62.3128  1.    ],[18.9115 96.8953 89.9842 66.7026  0.     41.4069 69.7861 62.3128  1.    ],[0.30844321 0.7498475  0.79272369 0.97076601],[0.30844321 0.6553372  0.70661687 0.9730022 ],[[0.35058542 0.19309779 0.72544699 0.95437713]],[0.35058542 0.19488411 0.71454392 0.95437713],93.40401594568954,112.49000000000001,87.52039999999994,65.32939999999996,19.085984054310472,-24.96960000000007,-5.8836159456895984,22.190999999999974,0.20433793837524244,-0.221971730820518,-0.06299103829872445,0.3396786133042701,0.23871850967407227,0.027116775512695312,0.30980730056762695,0.053890228271484375,8.803351621298445,0.7705386840035523,0.08752787769368937,0.17394757377488215,1002,78
36,"[ 0.7853605  66.16604912 99.9292317  94.8253     28.         55.9526
 65.5769     12.3802      0.        ]","[ 2.0379798  52.51848182 89.89321717 94.8253     28.         55.9526
 65.5769     12.3802      0.        ]",[ 1.2152 63.798  92.5525 94.8253 28.     55.9526 65.5769 12.3802  0.    ],[ 2.1802 53.228  81.085  94.8253 28.     55.9526 65.5769 12.3802  0.    ],[0.78426561 0.74063077 0.2137786  0.38950666],[0.78038937 0.73939069 0.2137786  0.35502899],[0.78038937 0.71085082 0.2137786  0.35502899],[0.78038937 0.6876894  0.19414934 0.34179107],39.86477968873169,64.8009808080808,50.0394,73.04190000000006,24.936201119349107,-14.761580808080794,10.174620311268313,-23.002500000000055,0.6255196018654446,-0.22779872501929785,0.2552283090666197,-0.3149219831357076,0.36877870559692383,0.03029036521911621,0.3039546012878418,0.04472208023071289,12.17478570922572,1.2132690343703476,0.09965424142545404,0.14713407871184536,1002,18
37,"[12.41804199 99.88615645 99.95623478 15.9461     88.         71.7186
 66.0203     46.7784      1.        ]","[13.13356869 99.9449     93.94285859 15.9461     88.         71.7186
 66.0203     46.7784      1.        ]","[ 10.315  100.      92.861   15.9461  88.      71.7186  66.0203  46.7784
   1.    ]",[19.935  85.955  96.1265 15.9461 88.     71.7186 66.0203 46.7784  1.    ],[0.90226923 0.43523588 0.57035891 0.77621591],[0.94717683 0.39717756 0.57035891 0.64193141],[0.94717683 0.37969189 0.57035891 0.64193141],[0.94717683 0.17995059 0.57035891 0.72737445],96.62955075551127,103.29971010101008,101.5079,121.90739999999994,6.670159345498803,-1.7918101010100713,4.8783492444887315,-20.399499999999932,0.06902815229241216,-0.017345741815325295,0.05048506596943373,-0.16733602718128632,0.20751333236694336,0.048928260803222656,0.021683454513549805,0.3146781921386719,4.241175324042491,9.570123258601164,2.2564790482368853,14.512364344068523,114,1002
38,"[26.23919964 52.28249931 99.9402504  57.8348     47.         11.083
 65.0179     84.6351      1.        ]","[25.9941     52.51848182 92.8227     57.8348     47.         11.083
 65.0179     84.6351      1.        ]","[ 24.6091  62.8405 100.      57.8348  47.      11.083   65.0179  84.6351
   1.    ]",[24.0206 78.515  99.8227 57.8348 47.     11.083  65.0179 84.6351  1.    ],[0.93550594 0.80761868 0.89632651 0.90388123],[0.93550594 0.57002476 0.89632651 0.90388123],[0.65401915 0.71111769 0.89632651 0.90388123],[0.93550594 0.58940916 0.89632651 0.90388123],116.18164992815662,122.81811818181814,103.93380000000002,87.84809999999993,6.636468253661519,-18.884318181818116,-12.247849928156597,16.085700000000088,0.057121483967264366,-0.15375840683263076,-0.10541983123608861,0.18310811503037744,2.159618854522705,0.00999307632446289,0.11415839195251465,0.055108070373535156,216.11151405258386,18.917740672284705,0.08753694015433935,0.48273341478441567,1002,102
39,"[11.62983935 66.21871766 97.35328564 35.3238     58.         78.1203
 62.6816     37.1301      0.        ]","[13.13356869 65.63642727 88.88328889 35.3238     58.         78.1203
 62.6816     37.1301      0.        ]",[ 9.4395 90.429  98.7879 35.3238 58.     78.1203 62.6816 37.1301  0.    ],[12.4955 72.078  76.3569 35.3238 58.     78.1203 62.6816 37.1301  0.    ],[0.69756312 0.84094096 0.10969916 0.42437574],[0.69756312 0.83084517 0.10969916 0.42437574],[0.63507793 0.83328701 0.10969916 0.43195004],[0.63507793 0.81479123 0.09586324 0.43195004],112.73403604832782,123.29005252525252,84.89879999999994,128.73680000000002,10.556016476924697,-38.39125252525258,-27.835236048327886,-43.83800000000008,0.09363646372422478,-0.3113897004577008,-0.24691066712448076,-0.34052423238732105,0.22780323028564453,0.029827594757080078,0.2800424098968506,0.046630859375,7.637331542851662,0.8134597555047195,0.1065109915604091,0.16651356268565098,1002,34
40,"[11.25638434 99.92340451 99.94939251 37.1402     72.         25.6627
 95.2606     56.5052      1.        ]","[13.13356869 98.93582727 97.97264343 37.1402     72.         25.6627
 95.2606     56.5052      1.        ]",[48.776  98.6241 99.18   37.1402 72.     25.6627 95.2606 56.5052  1.    ],[49.158  97.6341 99.207  37.1402 72.     25.6627 95.2606 56.5052  1.    ],[0.95915745 0.79238564 0.20492192 0.41037211],[0.95915745 0.68508403 0.17099902 0.41037211],[[0.95856305 0.69038348 0.18071313 0.3486828 ]],[0.95856305 0.6195856  0.18071313 0.3486828 ],74.24338731710583,79.08489797979797,113.83169999999984,115.17670000000004,4.841510662692144,34.74680202020187,39.58831268289401,-1.3450000000001978,0.06521133851306175,0.43936077440572596,0.5332234171079204,-0.011677709119988656,0.2126615047454834,0.024551868438720703,0.07631087303161621,0.0715036392211914,8.661723863349453,2.786778558507331,0.3217348650768111,0.9370046021039082,174,174
41,"[ 0.72225098 44.45909128 99.95911642 27.313       2.         27.7805
 15.1354     86.0359      1.        ]","[2.06000e-02 5.32280e+01 5.79790e+01 2.73130e+01 2.00000e+00 2.77805e+01
 1.51354e+01 8.60359e+01 1.00000e+00]",[30.264  59.342  66.138  27.313   2.     27.7805 15.1354 86.0359  1.    ],[26.048  53.228  57.979  27.313   2.     27.7805 15.1354 86.0359  1.    ],[0.25901885 0.77641542 0.80818715 0.84685306],[0.2373831  0.40012358 0.69211112 0.83046678],[0.29841517 0.06963831 0.73041311 0.80566322],[0.29391101 0.06744098 0.70330093 0.79937584],128.99104327981934,161.50060000000002,177.47100000000003,187.52800000000002,32.50955672018068,15.970400000000012,48.479956720180695,-10.056999999999988,0.25202956649988434,0.09888755831247692,0.37583971326608684,-0.05362932468751326,0.2699716091156006,0.008730411529541016,0.021136999130249023,0.04879117012023926,30.92312523895352,12.772466301957024,0.41303930968360497,2.308330043426767,78,29
42,"[10.12347197 99.86517427 99.9575459   2.7414     72.         42.7053
 70.5783     14.647       1.        ]","[13.13356869 98.93582727 93.9329303   2.7414     72.         42.7053
 70.5783     14.647       1.        ]","[ 18.035  100.      99.0593   2.7414  72.      42.7053  70.5783  14.647
   1.    ]",[ 8.475  76.823  97.2008  2.7414 72.     42.7053 70.5783 14.647   1.    ],[0.96897561 0.26514742 0.17071355 0.25268524],[0.96897561 0.17058115 0.17071355 0.25268524],[0.96897561 0.23575358 0.17071355 0.12218966],[0.96897561 0.08682652 0.17071355 0.25268524],107.55935179811468,117.5234111111111,116.23429999999996,131.70979999999997,9.964059312996426,-1.28911111111114,8.674948201885286,-15.475500000000011,0.0926377776215929,-0.010968972895897017,0.0806526634538285,-0.11749695163154157,0.20782041549682617,0.02647995948791504,0.16298508644104004,0.31516456604003906,7.84821500922883,1.2750885374534273,0.16246860412896846,1.933701867588051,1002,1002
43,"[10.82394281 66.4160321  99.23096237 98.439      59.         71.3402
 94.0335     45.8324      0.        ]","[25.07       72.078      97.97264343 98.439      59.         71.3402
 94.0335     45.8324      0.        ]",[25.755  88.351  98.8075 98.439  59.     71.3402 94.0335 45.8324  0.    ],[25.07   72.078  81.085  98.439  59.     71.3402 94.0335 45.8324  0.    ],[0.7545237  0.8719101  0.16909948 0.15867166],[0.71269976 0.8719101  0.13174522 0.14605522],[0.71269976 0.86550806 0.13174522 0.14605522],[0.71269976 0.77843451 0.1185129  0.11985448],46.73794833981299,56.58035656565653,40.157499999999914,73.46799999999996,9.842408225843542,-16.422856565656616,-6.580448339813074,-33.31050000000005,0.21058708341845295,-0.2902572122641068,-0.1407945486175229,-0.45340148091686266,0.20972800254821777,0.01824474334716797,0.052423715591430664,0.059734344482421875,11.49525639015211,4.000632160122976,0.34802461331356505,1.139452703962598,234,46
44,"[ 1.26193658 65.45847791 96.23971887 78.8839     97.         76.4343
  9.1384     38.4803      0.        ]","[ 2.0379798  65.63642727 95.95278687 78.8839     97.         76.4343
  9.1384     38.4803      0.        ]",[39.9709 96.907  98.8075 78.8839 97.     76.4343  9.1384 38.4803  0.    ],[40.9819 52.306  81.085  78.8839 97.     76.4343  9.1384 38.4803  0.    ],[0.45378097 0.87468786 0.2280242  0.55181805],[0.45378097 0.87468786 0.2280242  0.55181805],[0.3957039  0.88993661 0.20347914 0.40959368],[0.37266983 0.83791443 0.17295421 0.3672108 ],60.6798398016943,61.5648656565657,65.37249999999989,128.70700000000005,0.885025854871401,3.807634343434188,4.692660198305589,-63.33450000000016,0.01458517124902972,0.06184752135535791,0.07733474929468355,-0.49208279269969885,0.22728753089904785,0.02644801139831543,0.2537693977355957,0.05010509490966797,8.593747464640181,0.8956459404764813,0.10422064927573267,0.19744340868820145,1002,33
45,"[ 2.15248053 95.23502863 89.89135843 46.2663     36.         65.9736
 35.5896      7.1836      0.        ]","[13.13356869 65.63642727 88.88328889 46.2663     36.         65.9736
 35.5896      7.1836      0.        ]",[18.035  94.5295 90.4675 46.2663 36.     65.9736 35.5896  7.1836  0.    ],[11.34   87.295  89.727  46.2663 36.     65.9736 35.5896  7.1836  0.    ],[0.71408199 0.53664563 0.09068064 0.45119984],[0.79655472 0.59906345 0.05320637 0.33121652],[0.75961043 0.58550718 0.09068064 0.30993464],[0.74710705 0.58550718 0.09068064 0.33810473],70.75979347465699,112.34755252525252,86.7716999999999,88.05170000000004,41.58775905059554,-25.57585252525263,16.01190652534291,-1.2800000000001432,0.5877314928214201,-0.22764939645217377,0.226285376752515,-0.014536914108417471,0.18521785736083984,0.027976274490356445,0.1877124309539795,0.057375431060791016,6.620533317425282,0.9867106638571463,0.14903794249628172,0.3056560014123809,1002,54
46,"[3.36089773e-01 4.05142205e-02 9.99002172e+01 3.46412000e+01
 4.00000000e+00 7.06203000e+01 9.58008000e+01 6.35819000e+01
 1.00000000e+00]","[2.06000000e-02 6.56364273e+01 9.79726434e+01 3.46412000e+01
 4.00000000e+00 7.06203000e+01 9.58008000e+01 6.35819000e+01
 1.00000000e+00]",[ 0.      0.     74.3932 34.6412  4.     70.6203 95.8008 63.5819  1.    ],[35.022  53.228  81.1882 34.6412  4.     70.6203 95.8008 63.5819  1.    ],[0.05206086 0.41556627 0.87689707 0.3462816 ],[0.33156917 0.62854804 0.14745953 0.20235339],[0.05940268 0.23345236 0.85499044 0.24299577],[0.39241114 0.17657334 0.15294235 0.12879556],165.7541583387845,101.77032929292932,190.96559999999997,165.9646,-63.983829045855174,89.19527070707065,25.211441661215474,25.000999999999976,-0.38601643353694204,0.8764368881065187,0.1521014128024823,0.1506405582877311,0.24698734283447266,0.006798505783081055,0.1160743236541748,0.04384946823120117,36.32965106084517,2.1278378805835874,0.05857028125648299,0.3777706115423405,1002,21
47,"[9.99750196e+01 6.58469482e-02 7.30849424e-03 9.55340000e+00
 7.20000000e+01 9.16720000e+01 6.29485000e+01 5.89294000e+01
 0.00000000e+00]","[2.06000e-02 2.52600e-01 8.10850e+01 9.55340e+00 7.20000e+01 9.16720e+01
 6.29485e+01 5.89294e+01 0.00000e+00]",[19.      0.     80.0425  9.5534 72.     91.672  62.9485 58.9294  0.    ],[23.07    0.2526 81.085   9.5534 72.     91.672  62.9485 58.9294  0.    ],[5.53083254e-04 1.95344218e-03 8.74114142e-01 7.69062961e-01],[0.01142721 0.04253587 0.02289139 0.83499553],[0.0088577  0.01885033 0.1298395  0.6699807 ],[0.0088577  0.01885033 0.02734397 0.74417084],390.34846412135744,209.12959999999998,229.4041,232.17899999999997,-181.21886412135746,20.274500000000018,-160.94436412135744,-2.774899999999974,-0.46424894876752326,0.09694706057870345,-0.41230945914858425,-0.011951554619496053,0.2882678508758545,0.011551141738891602,0.01945018768310547,0.0405886173248291,24.955788561167413,14.820826182887963,0.5938833047315518,2.0867982348614857,60,15
48,"[11.41095251 44.96649236 95.36869509 36.168      74.         16.6808
 63.8903     63.5874      0.        ]","[13.13356869 98.93582727 93.9329303  36.168      74.         16.6808
 63.8903     63.5874      0.        ]",[25.755  68.7418 99.85   36.168  74.     16.6808 63.8903 63.5874  0.    ],[25.07   53.2123 81.085  36.168  74.     16.6808 63.8903 63.5874  0.    ],[0.80999628 0.86517012 0.22516021 0.45838776],[0.83341893 0.88696266 0.18543897 0.47877346],[0.84255424 0.86273625 0.18911151 0.40706568],[0.82013888 0.83948579 0.17700165 0.40706568],134.90776505611052,84.0968111111111,120.9951999999999,154.60469999999998,-50.810953944999426,36.8983888888888,-13.912565056110623,-33.60950000000008,-0.3766347617119463,0.43876085670047116,-0.10312649572338657,-0.21738989823724691,0.18565702438354492,0.02537226676940918,0.1940152645111084,0.044597625732421875,7.317321155056898,0.9569196776932728,0.13077459051144136,0.22986658212075073,1002,19
49,"[ 0.61267137 65.47066143 98.36456687 63.1164     97.         69.3664
 76.1929     64.1148      0.        ]","[ 2.0379798  65.63642727 95.95278687 63.1164     97.         69.3664
 76.1929     64.1148      0.        ]",[12.523  86.798  96.6807 63.1164 97.     69.3664 76.1929 64.1148  0.    ],[25.512  71.772  76.2497 63.1164 97.     69.3664 76.1929 64.1148  0.    ],[0.72338064 0.91021472 0.24390309 0.40336203],[0.72338064 0.91021472 0.24390309 0.40336203],[0.70006054 0.90551972 0.24390309 0.30227936],[0.71399953 0.83954844 0.18789467 0.27585018],73.66104306932863,77.33236565656568,65.92789999999991,114.37389999999999,3.671322587237057,-11.404465656565776,-7.733143069328719,-48.44600000000008,0.04984076296315361,-0.14747338400603438,-0.10498280701849966,-0.42357565843256273,0.2452089786529541,0.022108793258666992,0.1895771026611328,0.04883289337158203,11.091015949358898,1.2934525067157647,0.11662164337528799,0.2575885625748292,1002,31
50,"[ 6.95215214 98.51548977 92.23006884 92.6804     50.         57.4652
 28.4199      7.2331      1.        ]","[13.13356869 99.9449     89.89321717 92.6804     50.         57.4652
 28.4199      7.2331      1.        ]",[19.     96.748  90.4675 92.6804 50.     57.4652 28.4199  7.2331  1.    ],[18.9085 80.929  91.085  92.6804 50.     57.4652 28.4199  7.2331  1.    ],[0.94572793 0.37655078 0.61531854 0.8114687 ],[0.94572793 0.36034373 0.61531854 0.68279147],[[0.94572793 0.31325058 0.61531854 0.79570339]],[0.94572793 0.31325058 0.61531854 0.79570339],23.52619352253123,30.615051515151492,39.1040999999999,54.21409999999997,7.088857992620262,8.48904848484841,15.577906477468673,-15.11000000000007,0.3013176774998133,0.27728349503665384,0.6621515912699427,-0.2787097821415476,0.20926856994628906,0.01986074447631836,0.02471303939819336,0.051789283752441406,10.536793834481765,8.467941420495109,0.8036544658189747,2.09562583209524,120,54
51,"[ 2.31597091 82.82752067 96.56897035 83.8754     36.         71.0864
 27.8821     39.0164      0.        ]","[ 2.0379798  65.63642727 95.95278687 83.8754     36.         71.0864
 27.8821     39.0164      0.        ]",[24.12   89.6492 96.8709 83.8754 36.     71.0864 27.8821 39.0164  0.    ],[25.048  52.3317 76.4399 83.8754 36.     71.0864 27.8821 39.0164  0.    ],[0.54385997 0.91195358 0.23968064 0.54244386],[0.61243245 0.90858463 0.23968064 0.534756  ],[0.6013622  0.91195358 0.23968064 0.39307236],[0.5778033  0.88812606 0.20714588 0.35138159],39.04407989018904,56.57336565656567,53.72449999999998,112.40100000000001,17.52928576637663,-2.8488656565656925,14.680420109810939,-58.67650000000003,0.44896142553948043,-0.050357012058642917,0.3759960575610804,-0.5220282737698065,0.1847243309020996,0.02478933334350586,0.2834601402282715,0.031432151794433594,7.451766787850809,0.6516765664242614,0.08745262499179926,0.11088737827167222,1002,26
52,"[ 6.84389483 52.44128986 99.91358014 56.5531     97.         64.5109
 79.4883     13.0282      1.        ]","[ 2.0379798  52.51848182 93.95278687 56.5531     97.         64.5109
 79.4883     13.0282      1.        ]",[19.     77.53   98.926  56.5531 97.     64.5109 79.4883 13.0282  1.    ],[19.07   52.306  67.572  56.5531 97.     64.5109 79.4883 13.0282  1.    ],[0.93847967 0.6611379  0.85404774 0.79147502],[0.95396652 0.60402343 0.85404774 0.85543645],[0.95396652 0.5928148  0.85404774 0.80415479],[0.95260946 0.58123669 0.80757937 0.76415474],97.93592482599809,99.01361111111112,85.99090000000001,142.63890000000004,1.0776862851130318,-13.022711111111107,-11.945024825998075,-56.648000000000025,0.011003993550147688,-0.13152445370866514,-0.12196775439881431,-0.3971427149255919,0.2147216796875,0.031075716018676758,0.04162335395812988,0.05023193359375,6.9096293568409015,5.158682789077849,0.7465932718909847,1.2068209026182688,180,36
53,"[ 2.16909106 52.39879643 99.94987294 83.1199     31.         28.6638
 46.2464     16.6363      1.        ]","[ 2.0379798  52.67271818 89.89321717 83.1199     31.         28.6638
 46.2464     16.6363      1.        ]",[19.965  76.7815 92.5525 83.1199 31.     28.6638 46.2464 16.6363  1.    ],[24.424  74.563  91.085  83.1199 31.     28.6638 46.2464 16.6363  1.    ],[0.96047682 0.69334781 0.87562016 0.90815081],[0.96047682 0.60047207 0.87562016 0.90815081],[[0.96047682 0.60047207 0.87562016 0.83718456]],[0.96047682 0.60047207 0.87562016 0.83718456],66.70052169372184,76.35214444444443,67.51109999999994,75.65610000000004,9.651622750722595,-8.841044444444492,0.8105783062781029,-8.145000000000095,0.14470085848865333,-0.11579300763290858,0.012152503244279696,-0.10765820601379256,0.24690580368041992,0.13473224639892578,0.2057361602783203,0.055838584899902344,1.8325665182584567,1.2001089324618737,0.6548787836647662,0.27140870532610206,1002,84
54,"[11.3139764  99.90742964 99.95755322 22.3756     91.          5.6634
 10.873      38.6886      1.        ]","[13.13356869 99.9449     93.9329303  22.3756     91.          5.6634
 10.873      38.6886      1.        ]",[24.12   76.052  96.1864 22.3756 91.      5.6634 10.873  38.6886  1.    ],[22.8865 78.2655 54.7574 22.3756 91.      5.6634 10.873  38.6886  1.    ],[0.94841261 0.63686251 0.80812891 0.91416193],[0.94841261 0.59990109 0.80812891 0.84625859],[0.94841261 0.415944   0.80812891 0.89120782],[0.94580394 0.36923242 0.76892497 0.86776392],89.07339353967217,96.88013838383836,129.50599999999991,167.48800000000006,7.8067448441661895,32.62586161616156,40.43260646032775,-37.98200000000014,0.08764395891899149,0.33676522515789714,0.4539246216359723,-0.22677445548337868,0.259876012802124,0.030010461807250977,0.28594136238098145,0.2997558116912842,8.659513954541483,0.9088437245950848,0.10495320284326601,1.0483121755987743,1002,1002
55,"[ 1.36891033 66.1484622  98.92395999 67.6385     86.         60.9346
 23.8036     48.4106      0.        ]","[ 2.0379798  65.63642727 93.9329303  67.6385     86.         60.9346
 23.8036     48.4106      0.        ]",[40.989  97.7233 97.765  67.6385 86.     60.9346 23.8036 48.4106  0.    ],[41.022  71.8053 81.085  67.6385 86.     60.9346 23.8036 48.4106  0.    ],[0.68015438 0.83736514 0.240776   0.55181805],[0.68015438 0.83736514 0.240776   0.55181805],[0.62632633 0.85640998 0.22998577 0.40959368],[0.62632633 0.8259827  0.19646524 0.40959368],68.6579881492388,74.83012222222226,77.86219999999992,120.4932,6.172134072983454,3.0320777777776584,9.204211850761112,-42.631000000000085,0.0898968093787916,0.04051948183077034,0.1340588633438301,-0.3538041980792284,0.280916690826416,0.03467750549316406,0.2587771415710449,0.05796933174133301,8.100833287497938,1.085554501147053,0.1340052884216733,0.22401256691143276,1002,54
56,"[28.68960093 99.91021491 99.9545242  50.7467     26.          5.2282
 18.0617     68.567       1.        ]","[ 3.0466697  52.51848182 88.88328889 50.7467     26.          5.2282
 18.0617     68.567       1.        ]",[25.755  88.351  90.7469 50.7467 26.      5.2282 18.0617 68.567   1.    ],[17.9815 74.712  92.9104 50.7467 26.      5.2282 18.0617 68.567   1.    ],[0.92814055 0.6268617  0.88425131 0.89823024],[0.92814055 0.57300981 0.89024848 0.91350366],[[0.92814055 0.52546899 0.89024848 0.89823024]],[0.92814055 0.53944431 0.89024848 0.89823024],78.07816181898653,110.89819898989902,95.91039999999998,99.61240000000004,32.820037170912485,-14.987798989899034,17.83223818101345,-3.702000000000055,0.42034848677663833,-0.13514916496763102,0.22838957482573732,-0.037164047849465066,0.2171165943145752,0.019840240478515625,0.22006845474243164,0.2710857391357422,10.943244087675447,0.9865866262781219,0.090154858867604,1.231824613177846,1002,1002
57,"[10.65976364 71.36143616 99.91678374 40.7009     43.         47.3551
 95.854      61.8437      1.        ]","[12.5184     52.306      97.97264343 40.7009     43.         47.3551
 95.854      61.8437      1.        ]","[ 13.2034  75.377  100.      40.7009  43.      47.3551  95.854   61.8437
   1.    ]",[13.1134 74.6665 91.324  40.7009 43.     47.3551 95.854  61.8437  1.    ],[0.95722148 0.66941685 0.20744438 0.41958668],[0.95722148 0.66482377 0.17319487 0.37682974],[[0.74464209 0.5763464  0.2070489  0.41958668]],[0.95722148 0.63548459 0.17285045 0.30462479],98.68064374322188,121.5388565656566,97.12549999999999,106.42199999999997,22.858212822434723,-24.413356565656613,-1.5551437432218904,-9.29649999999998,0.23163826212883615,-0.20086873659592358,-0.015759359528182134,-0.08735505816466504,0.21601390838623047,0.014599323272705078,0.08749699592590332,0.33473682403564453,14.796158996635857,2.4688151415982493,0.16685513734744092,3.82569504808046,360,1002
58,"[21.5317184  52.31578792 97.00199891 86.7463     72.         92.0339
 38.5915     31.8411      1.        ]","[ 2.0379798  52.51848182 95.95278687 86.7463     72.         92.0339
 38.5915     31.8411      1.        ]",[40.024  92.5769 59.3072 86.7463 72.     92.0339 38.5915 31.8411  1.    ],[18.9115 92.5024 59.3072 86.7463 72.     92.0339 38.5915 31.8411  1.    ],[0.1433662  0.49083391 0.82428973 0.85474246],[0.1433662  0.47891711 0.82428973 0.91021585],[[0.12723773 0.23943649 0.78760571 0.86706286]],[0.12723773 0.24152317 0.79746334 0.86706286],85.46763156958525,66.82041111111107,101.39359999999999,80.35560000000004,-18.64722045847418,34.57318888888892,15.925968430414741,21.037999999999954,-0.21817874341460086,0.5174046120638129,0.18633918055221038,0.2618112489982023,0.22486376762390137,0.025820016860961914,0.22860312461853027,0.27322959899902344,8.708893136467308,0.9836425814351017,0.11294691139523023,1.1952137550830126,1002,1002
59,"[ 2.34029295 52.46782584 99.91555622 54.728      47.         42.5529
 79.2129     76.1262      1.        ]","[ 2.0379798  44.4459     94.94285859 54.728      47.         42.5529
 79.2129     76.1262      1.        ]",[25.8272 75.377  78.33   54.728  47.     42.5529 79.2129 76.1262  1.    ],[21.8772 78.7695 92.351  54.728  47.     42.5529 79.2129 76.1262  1.    ],[0.95844724 0.68297862 0.81679911 0.91958956],[0.95844724 0.57013111 0.86972235 0.91958956],[[0.95844724 0.59183293 0.78679804 0.88003168]],[0.95844724 0.61815597 0.81679911 0.88003168],95.22891087812712,107.92122121212122,117.39219999999995,96.02869999999996,12.6923103339941,9.470978787878721,22.163289121872822,21.363499999999988,0.1332821116712925,0.08775826182751705,0.2327369799517832,0.22246994908813716,0.2214188575744629,0.030565261840820312,0.17508411407470703,0.3435978889465332,7.2441341653666145,1.264642761821242,0.17457472942278676,1.962473241860896,1002,1002
60,"[2.18752403e-01 9.86199079e+01 7.60111547e-02 2.58356000e+01
 1.00000000e+02 9.39113000e+01 1.92238000e+01 7.52970000e+01
 0.00000000e+00]","[  2.0379798  72.036      81.085      25.8356    100.         93.9113
  19.2238     75.297       0.       ]","[  0.       0.      84.2125  25.8356 100.      93.9113  19.2238  75.297
   0.    ]","[ 25.07    72.036   81.085   25.8356 100.      93.9113  19.2238  75.297
   0.    ]",[0.00697367 0.36368227 0.1210819  0.77540647],[0.07123436 0.39007862 0.08598189 0.47244157],[0.01327153 0.15259817 0.2091955  0.82656908],[0.08845646 0.38344642 0.08598189 0.42143468],175.68723334420773,123.08137979797982,189.95190000000002,146.1134,-52.605853546227905,66.8705202020202,14.264666655792297,43.83850000000001,-0.29942900542557993,0.543303303162334,0.08119353002642404,0.30003066111663956,0.20502305030822754,0.0262911319732666,0.12129735946655273,0.06011080741882324,7.798182692046104,1.690251553783921,0.2167494172081815,0.4955656716945974,1002,54
61,"[ 0.55964885 44.71261367 96.65004838 77.8439      6.         26.1727
  6.0386     37.8218      1.        ]","[2.06000e-02 5.28663e+01 8.10850e+01 7.78439e+01 6.00000e+00 2.61727e+01
 6.03860e+00 3.78218e+01 1.00000e+00]",[22.9476 78.0193 92.5525 77.8439  6.     26.1727  6.0386 37.8218  1.    ],[34.1615 75.8663 89.727  77.8439  6.     26.1727  6.0386 37.8218  1.    ],[0.1307951  0.80932922 0.8378393  0.89475767],[0.11603181 0.74446945 0.78128911 0.90222235],[[0.18340762 0.26804644 0.79085157 0.84631886]],[0.18340762 0.25499957 0.79965724 0.84631886],81.35308679939419,88.22539999999998,74.53189999999995,90.72430000000003,6.872313200605788,-13.693500000000029,-6.8211867993942406,-16.192400000000077,0.08447513758822688,-0.15521040425999805,-0.08384668692675883,-0.17847919465898412,0.24610352516174316,0.03077220916748047,0.31969380378723145,0.33539319038391113,7.997590417454365,0.7698101190773611,0.09625525675799634,1.0491075723417156,1002,1002
62,"[52.34527937 98.50811359 99.9537796  66.1544     55.         43.5213
 17.7824     16.3185      1.        ]","[ 2.0379798  52.51848182 89.89321717 66.1544     55.         43.5213
 17.7824     16.3185      1.        ]",[ 5.187  57.114  91.51   66.1544 55.     43.5213 17.7824 16.3185  1.    ],"[ 52.212  100.      91.8875  66.1544  55.      43.5213  17.7824  16.3185
   1.    ]",[0.92775965 0.63482682 0.86271465 0.86175754],[0.94317332 0.51453669 0.88792043 0.91794331],[0.94317332 0.50487965 0.88792043 0.87768329],[0.92775965 0.58725097 0.86271465 0.7634879 ],87.72898618391565,93.47188080808081,90.40859999999998,94.17010000000005,5.74289462416516,-3.063280808080833,2.679613816084327,-3.761500000000069,0.06546176895428514,-0.032772217501116196,0.030544224122991303,-0.039943676389852696,0.2099595069885254,0.015151500701904297,0.25052404403686523,0.06530547142028809,13.857340676632573,0.8380812620030568,0.06047922769311003,0.2606754639913055,1002,108
63,"[10.52181101 99.30645911 99.90760087 20.8542     83.         18.897
 23.0141     24.7087      0.        ]","[13.13356869 44.4459     94.94285859 20.8542     83.         18.897
 23.0141     24.7087      0.        ]",[10.315  88.351  61.0978 20.8542 83.     18.897  23.0141 24.7087  0.    ],[25.07   66.078  45.5998 20.8542 83.     18.897  23.0141 24.7087  0.    ],[0.85055741 0.57759566 0.14819341 0.49540273],[0.83600804 0.45954142 0.1817164  0.47495417],[0.84009189 0.41333452 0.12084121 0.46516156],[0.82853113 0.42701119 0.11523516 0.37020237],90.45355102844036,152.8906101010101,140.012,192.538,62.43705907256975,-12.87861010101011,49.55844897155964,-52.52600000000001,0.6902665330732933,-0.0842341468354506,0.5478883737353495,-0.2728084845588923,0.21540522575378418,0.025357961654663086,0.0320429801940918,0.05073857307434082,8.49457967825948,6.722384261670561,0.7913733835324931,1.5834536228217682,126,42
64,"[35.86630996 99.92602557 99.96006507 46.459      95.         23.9702
 12.9001     19.2224      1.        ]","[ 2.0379798  98.93582727 93.9329303  46.459      95.         23.9702
 12.9001     19.2224      1.        ]",[42.978  99.8446 97.2444 46.459  95.     23.9702 12.9001 19.2224  1.    ],"[ 18.9115 100.      99.2984  46.459   95.      23.9702  12.9001  19.2224
   1.    ]",[0.94404858 0.74586012 0.86753779 0.8762365 ],[0.94404858 0.59687328 0.87427779 0.93157247],[0.9371645  0.71502865 0.86753779 0.8762365 ],[0.94404858 0.70997383 0.87427779 0.80797151],89.52121932592144,62.71022222222217,99.42999999999995,73.15409999999997,-26.810997103699265,36.71977777777778,9.908780674078514,26.27589999999998,-0.2994932073711821,0.5855469248323865,0.11068639087682046,0.35918560955571854,0.21000146865844727,0.033473968505859375,0.0095977783203125,0.18434405326843262,6.273575498575498,21.880216613672495,3.487678855325914,19.206950516693162,60,1002
65,"[29.49424468 44.96904801 99.3863812  12.527       0.         32.8518
 70.4815     32.0656      1.        ]","[2.06000000e-02 5.25184818e+01 8.88832889e+01 1.25270000e+01
 0.00000000e+00 3.28518000e+01 7.04815000e+01 3.20656000e+01
 1.00000000e+00]",[33.4573 47.03   81.085  12.527   0.     32.8518 70.4815 32.0656  1.    ],[ 0.0958 45.691  70.2825 12.527   0.     32.8518 70.4815 32.0656  1.    ],[0.2638143  0.03372473 0.46083234 0.94027929],[0.22843353 0.48110955 0.34908064 0.91925229],[0.27209383 0.03027254 0.37144184 0.94513624],[0.23595857 0.44449379 0.30743019 0.91296232],172.61181547352004,146.09182929292928,192.81530000000004,171.5953,-26.519986180590763,46.72347070707076,20.203484526479997,21.220000000000027,-0.1536394603569831,0.31982261385327276,0.11704577969391304,0.12366306070154617,0.21478986740112305,0.020115375518798828,0.03315472602844238,0.05356478691101074,10.677894986369562,6.478408755869726,0.6067121622884921,1.615600348048698,120,108
66,"[ 1.2890981  52.56712336 99.91240113 52.8295     24.         33.3241
 74.2064     79.3481      1.        ]","[ 2.0379798  52.51848182 88.88328889 52.8295     24.         33.3241
 74.2064     79.3481      1.        ]",[25.755  69.7592 91.6485 52.8295 24.     33.3241 74.2064 79.3481  1.    ],[24.362  78.515  91.288  52.8295 24.     33.3241 74.2064 79.3481  1.    ],[0.94265985 0.68989737 0.87688735 0.91935039],[0.94265985 0.65699014 0.87688735 0.91935039],[0.94265985 0.62571414 0.87688735 0.88260494],[0.94265985 0.62571414 0.87688735 0.88260494],95.9800736219903,107.80670909090907,111.51779999999991,101.72949999999997,11.826635468918766,3.711090909090842,15.537726378009609,9.788299999999936,0.1232196957411911,0.034423561765172035,0.16188491831339574,0.09621889422438858,0.20985794067382812,0.030857086181640625,0.05035662651062012,0.0549623966217041,6.800964272468785,4.167434461273324,0.6127711151407834,1.091463039330338,222,156
67,"[33.32945025 52.28249931 99.9402504  61.6947     89.         64.7854
 50.4512     88.6261      1.        ]","[26.23784747 65.63642727 93.9329303  61.6947     89.         64.7854
 50.4512     88.6261      1.        ]","[ 25.755  100.      69.8215  61.6947  89.      64.7854  50.4512  88.6261
   1.    ]",[24.424  96.2372 95.513  61.6947 89.     64.7854 50.4512 88.6261  1.    ],[0.84456751 0.80612627 0.90929503 0.89530834],[0.88068986 0.57252543 0.91412066 0.90835961],[0.87745014 0.52226021 0.89071491 0.83676622],[0.88068986 0.5587328  0.91412066 0.91090251],119.41200054225516,104.97378989898988,94.23879999999997,70.9790999999999,-14.438210643265279,-10.734989898989909,-25.173200542255188,23.259700000000066,-0.12091088481643995,-0.10226352606035811,-0.2108096374563911,0.3276978716270014,5.42102313041687,0.032108306884765625,0.11545133590698242,0.06545782089233398,168.83553374123798,46.9550489635262,0.278111176735407,0.5669732652125608,1002,144
68,"[33.85566017 98.52677572 99.93723504 52.4212     50.         71.9396
 12.5511     59.3733      1.        ]","[ 2.0379798  65.63642727 89.89321717 52.4212     50.         71.9396
 12.5511     59.3733      1.        ]","[ 46.6356 100.      47.026   52.4212  50.      71.9396  12.5511  59.3733
   1.    ]",[45.8831 97.6196 91.105  52.4212 50.     71.9396 12.5511 59.3733  1.    ],[0.85310544 0.5046884  0.87764631 0.90332329],[0.88575112 0.368732   0.88394078 0.93978632],[0.84722597 0.40415237 0.8430312  0.81348373],[0.88040804 0.41510208 0.87764631 0.90332329],82.97044941309599,94.08713535353536,147.1884,104.73729999999995,11.116685940439368,53.10126464646464,64.21795058690401,42.451100000000054,0.1339836775511634,0.5643839027188465,0.773985811106959,0.4053102380909196,0.22190570831298828,0.022667407989501953,0.1332085132598877,0.08373856544494629,9.78963754549088,1.6658523008965183,0.17016485984854587,0.6286277310337792,1002,222
69,"[ 2.78244097 65.93103281 93.09913571 40.2683     33.         70.8717
 10.3751     55.1907      0.        ]","[ 2.0379798  65.63642727 88.94285859 40.2683     33.         70.8717
 10.3751     55.1907      0.        ]",[ 9.3822 92.507  92.5525 40.2683 33.     70.8717 10.3751 55.1907  0.    ],[12.3932 72.078  81.085  40.2683 33.     70.8717 10.3751 55.1907  0.    ],[0.54123074 0.80243864 0.16055924 0.45307849],[0.49933719 0.78654335 0.16055924 0.47987376],[0.47094322 0.79338716 0.16055924 0.43955149],[0.47094322 0.79641935 0.15304125 0.43955149],103.48397244576614,107.19039393939391,84.05439999999993,118.96190000000001,3.706421493627772,-23.135993939393984,-19.429572445766212,-34.907500000000084,0.035816382054431016,-0.21584018016087536,-0.18775441246178348,-0.293434284422156,0.21500849723815918,0.07096982002258301,0.31707143783569336,0.05758404731750488,3.0295764758842876,0.6781074281108118,0.22382911720783763,0.18161221871818356,1002,40
70,"[47.62375069 99.81070328 99.9402504  28.2391     96.         16.4163
 45.8071     86.43        1.        ]","[13.13356869 99.9449     93.9329303  28.2391     96.         16.4163
 45.8071     86.43        1.        ]",[47.1137 68.254  88.9585 28.2391 96.     16.4163 45.8071 86.43    1.    ],"[ 22.5575  78.2655 100.      28.2391  96.      16.4163  45.8071  86.43
   1.    ]",[0.91989833 0.80278585 0.81453571 0.90657935],[0.92501797 0.59375816 0.85490853 0.86229164],[[0.91989833 0.34585221 0.81453571 0.90657935]],[0.62377659 0.62577285 0.85490853 0.91127965],119.63369701232352,91.01663838383837,161.6621,116.05290000000002,-28.617058628485154,70.64546161616164,42.028402987676486,45.60919999999999,-0.2392056698334525,0.7761818374156302,0.35130907125061195,0.39300353545667516,1.758301019668579,0.0297091007232666,0.2086031436920166,0.14447903633117676,59.183919299569055,8.428928675516747,0.14241923778066048,0.6926023921503638,1002,1002
71,"[15.70891245 48.22595828 99.95583783 72.3816     77.         67.6941
 29.4728     19.5718      1.        ]","[ 2.0379798  65.63642727 95.95278687 72.3816     77.         67.6941
 29.4728     19.5718      1.        ]",[22.86   49.5295 98.8075 72.3816 77.     67.6941 29.4728 19.5718  1.    ],[24.424  51.169  96.895  72.3816 77.     67.6941 29.4728 19.5718  1.    ],[0.92827877 0.77472921 0.88964296 0.85894056],[0.9461863  0.68869169 0.88964296 0.92400987],[[0.9461863  0.73383071 0.88964296 0.85392701]],[0.9461863  0.73383071 0.88964296 0.85392701],95.14551633791291,68.06716565656569,102.14140000000003,103.97840000000002,-27.078350681347217,34.07423434343434,6.995883662087124,-1.836999999999989,-0.28459933503516266,0.5005972265006098,0.07352825368292687,-0.017667130865641218,0.26211094856262207,0.028767108917236328,0.016778230667114258,0.06995201110839844,9.111480382568914,15.622085174711893,1.7145496141986274,4.169212624159834,102,96
72,"[ 2.62462922 48.22242406 99.93637591 65.4298     13.          3.7404
 74.0188     20.3538      1.        ]","[ 2.0379798  52.51848182 88.88328889 65.4298     13.          3.7404
 74.0188     20.3538      1.        ]",[46.168  94.2778 79.4117 65.4298 13.      3.7404 74.0188 20.3538  1.    ],[20.7345 97.2623 98.2952 65.4298 13.      3.7404 74.0188 20.3538  1.    ],[0.95572501 0.70314491 0.78914487 0.85786312],[0.95572501 0.67023524 0.78914487 0.89549728],[0.955083   0.5975979  0.74473737 0.80783665],[0.95572501 0.62482572 0.78914487 0.81672743],89.03602924817102,95.20640909090906,107.0487,59.74720000000002,6.170379842738043,11.842290909090934,18.012670751828978,47.301499999999976,0.06930205552562639,0.12438543814611441,0.2023076602127222,0.791694004070483,0.3290102481842041,0.028163671493530273,0.16437125205993652,0.05467057228088379,11.682079456855757,2.0016288983686357,0.17134183222781948,0.3326042212110707,1002,84
73,"[ 0.65660912 66.21463892 99.9361065  98.1809     95.         37.6022
 10.1805     49.3942      0.        ]","[ 2.0379798  65.63642727 93.9329303  98.1809     95.         37.6022
 10.1805     49.3942      0.        ]",[20.8614 95.1162 99.85   98.1809 95.     37.6022 10.1805 49.3942  0.    ],[61.5894 66.2802 81.085  98.1809 95.     37.6022 10.1805 49.3942  0.    ],[0.60424058 0.83532456 0.3037235  0.60537156],[0.60424058 0.81261994 0.3037235  0.60537156],[0.59309181 0.83556372 0.3037235  0.46285097],[0.47623073 0.74386214 0.1970541  0.46285097],36.324963701071454,44.287722222222214,27.714299999999866,116.04329999999999,7.962758521150761,-16.573422222222348,-8.610663701071587,-88.32900000000012,0.21920898769999014,-0.3742215989131705,-0.23704534908640815,-0.7611727691301448,0.22516417503356934,0.03542304039001465,0.2958109378814697,0.04222702980041504,6.3564327780582195,0.7611759613966396,0.11974892018431219,0.14275006226218465,1002,11
74,"[19.56227218 65.47717314 99.94262681 81.9857     90.          3.7997
 93.9753     87.4384      0.        ]","[33.1889     52.8256     97.97264343 81.9857     90.          3.7997
 93.9753     87.4384      0.        ]",[24.2329 71.5981 65.8775 81.9857 90.      3.7997 93.9753 87.4384  0.    ],[33.1889 52.8256 52.805  81.9857 90.      3.7997 93.9753 87.4384  0.    ],[0.80421819 0.93639927 0.17181969 0.19919485],[0.66481843 0.86034274 0.13522851 0.19919485],[0.75039801 0.84668499 0.10641571 0.16360246],[0.57942162 0.82433832 0.09791199 0.14609892],72.15677223543128,100.40495656565656,104.77159999999998,145.57259999999997,28.248184330225286,4.366643434343416,32.6148277645687,-40.80099999999999,0.3914834804148089,0.04349031744750561,0.4519995387010089,-0.28027939323746365,0.2165079116821289,0.010205268859863281,0.02703118324279785,0.045008182525634766,21.215306980656013,8.009561022076788,0.37753689019818837,1.6650467025940006,102,24
75,"[10.88313186 52.44258295 99.94046383 84.3503     58.          3.5142
 16.031      38.7983      1.        ]","[ 3.0466697  52.51848182 89.89321717 84.3503     58.          3.5142
 16.031      38.7983      1.        ]",[48.5484 71.071  98.8075 84.3503 58.      3.5142 16.031  38.7983  1.    ],"[ 50.0634 100.      99.0645  84.3503  58.       3.5142  16.031   38.7983
   1.    ]",[0.94282333 0.65974842 0.90147658 0.92248538],[0.94282333 0.60631226 0.90147658 0.9279855 ],[[0.93579876 0.54468857 0.87890369 0.91503141]],[0.92732204 0.61247789 0.87890369 0.84794969],74.14978508775641,76.28467070707075,94.31959999999992,66.64860000000022,2.134885619314332,18.034929292929178,20.16981491224351,27.670999999999708,0.02879152807776436,0.23641616494855683,0.27201447567747494,0.415177513106046,0.22518396377563477,0.015411853790283203,0.1911602020263672,0.10383462905883789,14.61108876581789,1.177985592129551,0.08062271135368129,0.5431812059108189,1002,600
76,"[28.9247153  99.88186729 99.92702565 54.4204     95.         41.7609
 19.9091     74.3256      1.        ]","[ 2.0379798  52.63642727 93.9329303  54.4204     95.         41.7609
 19.9091     74.3256      1.        ]","[ 25.2667 100.      99.85    54.4204  95.      41.7609  19.9091  74.3256
   1.    ]","[ 24.2132 100.      96.895   54.4204  95.      41.7609  19.9091  74.3256
   1.    ]",[0.95087823 0.67263454 0.88589687 0.92796442],[0.95087823 0.59654948 0.89181921 0.95256899],[0.95087823 0.63151663 0.89181921 0.86593555],[0.95087823 0.63151663 0.89181921 0.86593555],74.69542236459995,101.0482222222222,70.9962999999999,72.89779999999996,26.352799857622244,-30.051922222222288,-3.6991223646000435,-1.9015000000000555,0.3528034118207424,-0.29740179056424176,-0.049522745136161804,-0.026084463454316267,0.26076412200927734,0.11826848983764648,0.20038127899169922,0.21994495391845703,2.2048486656694632,1.3013397425219522,0.5902172619755848,1.0976322490064965,1002,1002
77,"[ 1.58043954 52.36790983 99.93636959 67.77       69.         38.5795
 45.4289     31.0444      1.        ]","[ 2.0379798  52.51848182 93.95278687 67.77       69.         38.5795
 45.4289     31.0444      1.        ]",[49.7211 73.09   99.051  67.77   69.     38.5795 45.4289 31.0444  1.    ],[50.6981 65.979  95.302  67.77   69.     38.5795 45.4289 31.0444  1.    ],[0.96115375 0.70332394 0.87916431 0.95109022],[0.96115375 0.66961792 0.87916431 0.95109022],[[0.95839041 0.62313012 0.85231688 0.91861307]],[0.95839041 0.62313012 0.85231688 0.91861307],81.50616012246189,87.79671111111111,109.81009999999992,121.64710000000002,6.2905509886492155,22.013388888888812,28.303939877538028,-11.837000000000103,0.07717884119676045,0.2507313612354997,0.3472613583441024,-0.0973060599060734,0.24998044967651367,0.03682351112365723,0.20052480697631836,0.03764677047729492,6.788609832371851,1.2466310450359188,0.18363568916441356,0.18774121289512544,1002,114
78,"[ 1.76762464 98.5260524  99.95392538 63.7732     69.          7.5099
 60.2702     98.1279      1.        ]","[ 2.0379798  52.51848182 93.9329303  63.7732     69.          7.5099
 60.2702     98.1279      1.        ]",[25.462  65.0765 99.858  63.7732 69.      7.5099 60.2702 98.1279  1.    ],"[ 31.9925 100.     100.      63.7732  69.       7.5099  60.2702  98.1279
   1.    ]",[0.13577873 0.27714565 0.95825128 0.95707178],[0.12891131 0.09913378 0.95825128 0.95707178],[0.11286008 0.15853856 0.95612273 0.93632248],[0.01729659 0.19745259 0.95664486 0.88056433],39.514446862078785,91.81336767676765,96.7543,68.21929999999998,52.29892081468887,4.940932323232346,57.239853137921216,28.535000000000025,1.3235392360984581,0.053814955798452795,1.4485803973850675,0.41828338901161455,0.27232813835144043,0.04017281532287598,0.034836769104003906,0.0653829574584961,6.77891594509101,7.817261627747817,1.1531728215938022,1.876837581099948,144,108
79,"[ 1.508866   52.43415887 99.92282737 59.2266     86.         18.8114
 92.2724     76.8143      1.        ]","[ 2.0379798  52.51848182 93.9329303  59.2266     86.         18.8114
 92.2724     76.8143      1.        ]",[24.4819 88.6371 99.2284 59.2266 86.     18.8114 92.2724 76.8143  1.    ],[25.5149 53.1521 37.7684 59.2266 86.     18.8114 92.2724 76.8143  1.    ],[0.95915745 0.7068732  0.81830548 0.79965761],[0.95915745 0.67338316 0.78281667 0.79965761],[[0.95915745 0.62979773 0.80753448 0.74566549]],[0.93135582 0.50646955 0.63814073 0.73723619],89.92527976204019,96.35996767676767,77.3898000000001,175.36780000000002,6.434687914727476,-18.970167676767574,-12.535479762040097,-97.97799999999992,0.07155593990649697,-0.1968677256140391,-0.13939884085110904,-0.5587000578213327,0.21623635292053223,0.0315556526184082,0.14439916610717773,0.06696653366088867,6.852539401907007,1.4974903162531743,0.21853071225485177,0.4637598364742906,666,143
80,"[ 9.96105468 98.50201093 99.22381675 82.8128     55.         92.1185
 95.5521      4.7225      1.        ]","[40.952      76.772      97.97264343 82.8128     55.         92.1185
 95.5521      4.7225      1.        ]",[40.024  77.886  92.774  82.8128 55.     92.1185 95.5521  4.7225  1.    ],[31.952  89.915  92.459  82.8128 55.     92.1185 95.5521  4.7225  1.    ],[0.32777787 0.07949482 0.0392305  0.18985706],[0.32777787 0.0633465  0.02326862 0.1384276 ],[[0.32777787 0.04053174 0.02326862 0.11341344]],[0.32777787 0.04053174 0.03164459 0.11341344],29.422427006100918,83.39455656565661,86.5512,66.7652,53.9721295595557,3.15664343434338,57.12877299389908,19.786,1.834387406190667,0.037851912215135425,1.9416743894734816,0.29635199175618443,0.2599954605102539,0.008583307266235352,0.2173922061920166,0.2400035858154297,30.29082525485403,1.1959741568683793,0.039483049629911525,1.1040119147760112,1002,1002
81,"[ 1.7748598  66.32325002 99.17864272 81.6663     68.         77.2486
 88.8567     70.1534      0.        ]","[ 2.0379798  65.63642727 95.95278687 81.6663     68.         77.2486
 88.8567     70.1534      0.        ]",[43.7454 97.702  97.765  81.6663 68.     77.2486 88.8567 70.1534  0.    ],[44.8124 72.078  81.085  81.6663 68.     77.2486 88.8567 70.1534  0.    ],[0.70421771 0.91354315 0.14938743 0.27213544],[0.70421771 0.91354315 0.12323285 0.27213544],[0.65236955 0.90805539 0.11689917 0.19003418],[0.65236955 0.83599582 0.10497768 0.19003418],54.606667059211645,58.782465656565705,66.61209999999994,109.98310000000004,4.17579859735406,7.829634343434236,12.005432940788296,-43.371000000000095,0.07647049018439665,0.13319676634829464,0.21985287854632193,-0.39434240351472255,0.2861485481262207,0.022014856338500977,0.31788015365600586,0.0498356819152832,12.997974809664598,0.9001774562996986,0.06925520855990387,0.15677506551482578,1002,30
82,"[ 2.49229815 99.4137132  99.9295388  21.2619     85.         40.4522
 19.2407     24.1679      0.        ]","[ 2.0379798  98.93582727 93.9329303  21.2619     85.         40.4522
 19.2407     24.1679      0.        ]",[29.5759 66.765  96.1617 21.2619 85.     40.4522 19.2407 24.1679  0.    ],[36.5429 52.306  86.3922 21.2619 85.     40.4522 19.2407 24.1679  0.    ],[0.85055741 0.58491313 0.1233426  0.4084059 ],[0.8279304  0.52220143 0.1233426  0.4084059 ],[0.83406205 0.36077767 0.12157192 0.4055639 ],[0.8182499  0.36257724 0.12157192 0.37440384],81.88714614594068,87.90732222222215,145.3873,176.5828,6.020176076281473,57.47997777777786,63.500153854059334,-31.19549999999998,0.07351796172688949,0.6538701933437743,0.7754593589192652,-0.17666216641711413,0.20885562896728516,0.03843522071838379,0.016966819763183594,0.04686403274536133,5.433964604953817,12.309650947108087,2.2653167331796977,2.762098814007082,54,29
83,"[41.96619822 99.89154957 99.94234558 48.2622     33.          8.6402
 45.3577     53.8499      1.        ]","[ 2.0379798 52.5707    81.085     48.2622    33.         8.6402
 45.3577    53.8499     1.       ]","[ 39.     100.      90.4675  48.2622  33.       8.6402  45.3577  53.8499
   1.    ]",[49.73   68.59   90.571  48.2622 33.      8.6402 45.3577 53.8499  1.    ],[0.95231704 0.71870382 0.88423211 0.90486764],[0.95546497 0.63524966 0.88454807 0.94095904],[[0.95231704 0.68746866 0.88423211 0.83124163]],[0.95231704 0.61334236 0.86546511 0.90486764],93.87010306750363,120.12007979797983,100.27030000000002,142.3068,26.24997673047619,-19.849779797979807,6.400196932496385,-42.03649999999999,0.27964150323345627,-0.16524947228942516,0.06818142010448089,-0.2953934738185384,0.24378514289855957,1e-10,0.02216339111328125,0.061574697494506836,2437851428.9855957,10.999451376936317,4.511944922547332e-09,2.7782164371772806,72,108
84,"[11.82116378 66.22983876 99.90436054 27.6057     39.         25.0469
 17.7975     40.3975      0.        ]","[ 2.0379798  44.4459     94.94285859 27.6057     39.         25.0469
 17.7975     40.3975      0.        ]",[10.2203 81.078  60.318  27.6057 39.     25.0469 17.7975 40.3975  0.    ],[ 1.5703 66.078  59.318  27.6057 39.     25.0469 17.7975 40.3975  0.    ],[0.8080229  0.77960299 0.14734814 0.47401989],[0.69583451 0.81727165 0.18072048 0.464602  ],[0.74563959 0.73496099 0.12875296 0.44393565],[0.76659744 0.72388706 0.12875296 0.45483794],118.08126448114496,135.04352121212122,141.21859999999998,148.5686,16.962256730976264,6.1750787878787605,23.137335518855025,-7.350000000000023,0.14364900990440166,0.04572658304858018,0.1959441713342218,-0.049472095718745564,0.23485708236694336,0.03403735160827637,0.2849252223968506,0.03180050849914551,6.899981087536687,0.8242762097060992,0.11946064768133563,0.11161001553892974,1002,23
85,"[ 0.77648818 99.89150764 99.9317072  24.3773     79.         70.8642
 59.026      30.1306      1.        ]","[13.13356869 99.9449     93.94285859 24.3773     79.         70.8642
 59.026      30.1306      1.        ]",[23.825  57.8417 98.8075 24.3773 79.     70.8642 59.026  30.1306  1.    ],[19.935  86.9475 96.895  24.3773 79.     70.8642 59.026  30.1306  1.    ],[0.91890658 0.59626436 0.6710071  0.8083212 ],[0.95848458 0.52693612 0.6710071  0.79670399],[0.95848458 0.38420713 0.6710071  0.82989022],[0.95848458 0.37101372 0.6710071  0.85363565],76.57597333412923,94.86851010101009,142.79849999999993,111.71519999999998,18.292536766880858,47.929989898989845,66.2225266658707,31.08329999999995,0.23888089136084198,0.5052254941914548,0.8647951019429734,0.27823698118071627,0.20847034454345703,0.04671144485473633,0.1883854866027832,0.32789134979248047,4.462939332999867,1.106615739369686,0.24795670673521097,1.7405340278885169,1002,1002
86,"[ 2.32069266 52.46047546 99.93192935 80.9309     25.         25.1679
 10.3959     47.2338      1.        ]","[ 3.0466697  52.51848182 88.89321717 80.9309     25.         25.1679
 10.3959     47.2338      1.        ]",[45.72   98.3948 92.5525 80.9309 25.     25.1679 10.3959 47.2338  1.    ],[41.5155 95.0258 89.727  80.9309 25.     25.1679 10.3959 47.2338  1.    ],[0.93244358 0.64142785 0.87535194 0.94304151],[0.93244358 0.60631226 0.87535194 0.92201973],[[0.92424624 0.55547665 0.85862829 0.90809878]],[0.92424624 0.55547665 0.85862829 0.90809878],68.99738784642102,80.70407070707074,73.84179999999992,75.83180000000004,11.706682860649721,-6.86227070707082,4.844412153578901,-1.9900000000001228,0.16966849363496536,-0.08503004429576555,0.07021152980982288,-0.02624228885507296,0.22281908988952637,0.02634596824645996,0.29842138290405273,0.2162494659423828,8.457426495208274,0.7466592632243323,0.08828445197216518,0.7246446747145813,1002,1002
87,"[2.10005800e-02 7.83525494e+01 9.77884018e+01 9.74549000e+01
 3.60000000e+01 9.05106000e+01 5.60702000e+01 3.96036000e+01
 0.00000000e+00]","[ 2.0379798  65.63642727 95.95278687 97.4549     36.         90.5106
 56.0702     39.6036      0.        ]",[ 0.      0.     84.7942 97.4549 36.     90.5106 56.0702 39.6036  0.    ],[25.048  38.8521 68.1582 97.4549 36.     90.5106 56.0702 39.6036  0.    ],[0.0731985  0.87712725 0.17757032 0.48377157],[0.09475526 0.87712725 0.17757032 0.4760501 ],[0.00887745 0.43655032 0.38538832 0.88617186],[0.04822987 0.78323703 0.08043258 0.29983298],26.425149391775392,42.993865656565674,117.7509,120.58280000000002,16.568716264790282,74.75703434343433,91.32575060822461,-2.8319000000000187,0.6270055854422968,1.7387837358146008,3.456016435488875,-0.023485107328740238,0.18031668663024902,0.024940013885498047,0.03527188301086426,0.05626487731933594,7.230015486683365,5.112193374385735,0.7070791734542825,1.5951764554788734,138,27
88,"[ 3.09416603 52.31345804 99.9226438  48.6554     74.         47.6213
 30.1401     64.4798      1.        ]","[ 2.0379798  52.51848182 93.9329303  48.6554     74.         47.6213
 30.1401     64.4798      1.        ]",[29.5108 89.39   89.425  48.6554 74.     47.6213 30.1401 64.4798  1.    ],[18.     79.0265 96.085  48.6554 74.     47.6213 30.1401 64.4798  1.    ],[0.95087823 0.69797588 0.88394078 0.90340325],[0.95087823 0.6418876  0.88394078 0.93087017],[[0.95087823 0.6036797  0.87764631 0.90332329]],[0.95087823 0.63295675 0.88394078 0.90332329],102.20266418346398,106.93116767676764,102.04040000000003,94.23310000000004,4.728503493303663,-4.890767676767609,-0.16226418346394667,7.807299999999998,0.04626595139257356,-0.045737531750812445,-0.0015876707790382673,0.08285093029943826,0.218855619430542,0.03204202651977539,0.021290302276611328,0.03745269775390625,6.830267720285132,10.279591928150687,1.5050057112141368,1.7591435418486416,66,72
89,"[ 0.53820827 66.49788401 99.39743025 57.4657     84.         16.3275
 30.3778     22.8191      0.        ]","[ 2.0379798  44.4459     94.94285859 57.4657     84.         16.3275
 30.3778     22.8191      0.        ]",[35.51   88.8588 93.6962 57.4657 84.     16.3275 30.3778 22.8191  0.    ],[36.386  96.2548 99.6827 57.4657 84.     16.3275 30.3778 22.8191  0.    ],[0.84798414 0.85101794 0.22239131 0.60537156],[0.7903542  0.85362434 0.26742913 0.58565214],[0.81470612 0.85476002 0.2121947  0.46285097],[0.81470612 0.85476002 0.2121947  0.46285097],77.17719400867895,105.18352121212126,95.48929999999996,82.9828,28.00632720344231,-9.694221212121306,18.312105991321005,12.50649999999996,0.362883460109898,-0.092164828676644,0.23727353950263752,0.15071195476652946,0.18843579292297363,0.027743101119995117,0.287402868270874,0.32617878913879395,6.792167613416636,0.6556503560896093,0.0965303557577844,1.1349183503324471,1002,1002
90,"[ 1.87771328 99.84219211 99.90726733 97.1751     55.         58.6463
 61.4337      3.3326      1.        ]","[ 2.0379798  76.73622727 89.89321717 97.1751     55.         58.6463
 61.4337      3.3326      1.        ]",[11.28   86.4548 98.2356 97.1751 55.     58.6463 61.4337  3.3326  1.    ],"[  7.8775  94.8875 100.      97.1751  55.      58.6463  61.4337   3.3326
   1.    ]",[0.94262039 0.16003798 0.33157276 0.78000841],[0.95711251 0.12318301 0.26558207 0.50214659],[[0.95711251 0.13857441 0.33157276 0.74856568]],[0.68161716 0.11222446 0.33157276 0.74025069],4.9531538423225925,38.23343535353541,29.41449999999992,15.814900000000023,33.28028151121282,-8.818935353535494,24.461346157677326,13.599599999999896,6.719008246189927,-0.23066029175743463,4.9385395520457145,0.8599232369474278,0.21529102325439453,0.026510000228881836,0.03459572792053223,0.25967836380004883,8.121124911188856,6.223052272492333,0.7662795906412597,7.506081802832432,132,1002
91,"[ 2.10825511 99.97931237 99.94140911 39.6957     44.         34.7616
 45.4871     95.8937      1.        ]","[ 2.0379798  52.51848182 91.91307374 39.6957     44.         34.7616
 45.4871     95.8937      1.        ]",[19.965  79.     93.76   39.6957 44.     34.7616 45.4871 95.8937  1.    ],[26.185  95.078  96.195  39.6957 44.     34.7616 45.4871 95.8937  1.    ],[0.24637569 0.28504845 0.90536777 0.85611451],[0.2354384  0.09476807 0.90536777 0.92227953],[0.20931025 0.08318915 0.90536777 0.92920139],[0.21938205 0.07900629 0.89887247 0.92920139],62.49183363616021,117.91072424242424,107.50929999999994,95.21629999999999,55.41889060626403,-10.401424242424298,45.01746636383973,12.29299999999995,0.8868181229714549,-0.0882144038148641,0.7203735871464471,0.12910604591860797,0.21101975440979004,0.009935379028320312,0.20707440376281738,0.03697943687438965,21.239225379151467,1.0190528166459996,0.04797975436742185,0.17858043390406583,1002,120
92,"[ 0.60431935 66.05195938 97.3953756  82.633      33.         15.7477
 45.139      36.3111      0.        ]","[ 2.0379798  44.4459     89.89321717 82.633      33.         15.7477
 45.139      36.3111      0.        ]",[25.144  44.3942 71.113  82.633  33.     15.7477 45.139  36.3111  0.    ],[25.048  37.8792 59.318  82.633  33.     15.7477 45.139  36.3111  0.    ],[0.8507311  0.87958666 0.20703039 0.56636945],[0.78560295 0.86504939 0.24995734 0.54616219],[0.81808057 0.85166209 0.18390883 0.42318443],[0.74741266 0.85166209 0.10316065 0.40484268],54.52398437882039,85.06586262626263,127.00380000000001,145.2178,30.54187824744224,41.937937373737384,72.47981562117963,-18.214,0.5601549225611272,0.49300549102748725,1.3293198662373271,-0.1254253955093659,0.18481111526489258,0.02105712890625,0.028159379959106445,0.029184341430664062,8.776653079710146,6.563039226477237,0.7477838268040539,1.0363985809718141,90,12
93,"[ 0.80092289 52.52654632 99.95391858 82.7426     87.         48.5039
 83.9959     51.181       1.        ]","[ 2.0379798  52.51848182 93.9329303  82.7426     87.         48.5039
 83.9959     51.181       1.        ]",[25.547  75.658  99.18   82.7426 87.     48.5039 83.9959 51.181   1.    ],[18.9115 78.8235 95.318  82.7426 87.     48.5039 83.9959 51.181   1.    ],[0.95717544 0.72825678 0.81008188 0.89545225],[0.95717544 0.6961597  0.81008188 0.89545225],[[0.95717544 0.63886042 0.81008188 0.86874993]],[0.95717544 0.63886042 0.81008188 0.86874993],65.5778579997309,72.84396767676765,67.96639999999991,62.0274,7.266109677036752,-4.87756767676774,2.3885420002690125,5.938999999999908,0.11080126583376007,-0.06695911593408932,0.036422995095064165,0.09574800813833738,0.22843194007873535,0.0290524959564209,0.28493356704711914,0.04874444007873535,7.862730294202126,0.8017024545267417,0.10196234953116816,0.17107299987114027,1002,102
94,"[ 2.48019413 98.59691363 99.94223361  3.6465     93.         45.2392
 24.5785     35.2081      0.        ]","[13.13356869 98.93582727 93.9329303   3.6465     93.         45.2392
 24.5785     35.2081      0.        ]",[10.315  88.351  68.8118  3.6465 93.     45.2392 24.5785 35.2081  0.    ],[25.07   72.078  49.0998  3.6465 93.     45.2392 24.5785 35.2081  0.    ],[0.81844454 0.22238555 0.05317254 0.13968168],[0.81844454 0.1446478  0.05317254 0.1767447 ],[0.81387183 0.09249027 0.04383794 0.1767447 ],[0.82200173 0.0973116  0.04248372 0.11389897],100.29454688853866,116.6183111111111,149.5057,200.2457,16.323764222572436,32.88738888888889,49.21115311146133,-50.74000000000001,0.16275824288546503,0.2820087906911513,0.490666288827763,-0.25338871196734813,0.24702167510986328,0.02848219871520996,0.03062725067138672,0.047331809997558594,8.672844311627868,8.065421142768177,0.9299626342830453,1.5454149151486845,126,31
95,"[ 7.6181878  94.03332927 99.95637185 27.5344     62.         50.7794
 56.8948      1.152       0.        ]","[13.13356869 80.93582727 97.97264343 27.5344     62.         50.7794
 56.8948      1.152       0.        ]",[18.035  97.6512 98.8075 27.5344 62.     50.7794 56.8948  1.152   0.    ],[19.07   81.5342 77.085  27.5344 62.     50.7794 56.8948  1.152   0.    ],[0.79885766 0.18210148 0.03550099 0.34732079],[0.8436362  0.1599106  0.03550099 0.35729326],[0.85231049 0.1599106  0.03550099 0.2935336 ],[0.85231049 0.13673333 0.03527221 0.09643886],86.09408668373283,106.69069797979796,94.04189999999994,132.9164,20.596611296065134,-12.648797979798019,7.947813316267116,-38.87450000000007,0.23923375099763725,-0.11855577120878043,0.09231543794016259,-0.2924733140530444,0.22228336334228516,0.11319637298583984,0.2853245735168457,0.0505986213684082,1.9636968701293231,0.7790543962003379,0.39672844014312236,0.17733706124481716,1002,27
96,"[ 0.60827894 98.51404738 99.93751717 66.4344     78.          8.6783
 69.5305      1.781       0.        ]","[13.13356869 80.9449     97.97264343 66.4344     78.          8.6783
 69.5305      1.781       0.        ]",[12.3187 77.166  97.765  66.4344 78.      8.6783 69.5305  1.781   0.    ],[12.3517 53.228  77.085  66.4344 78.      8.6783 69.5305  1.781   0.    ],[0.8844636  0.30680237 0.05248917 0.33508311],[0.90054951 0.25845673 0.05248917 0.29649107],[0.90054951 0.26936166 0.03881703 0.29649107],[0.89023917 0.22385529 0.0261666  0.0976851 ],35.72231439498273,67.78162525252526,70.95329999999996,115.60430000000002,32.05931085754253,3.1716747474746967,35.230985605017224,-44.65100000000007,0.8974589524928799,0.0467925449656658,0.9862458858479081,-0.3862399582022473,0.25783801078796387,0.11892008781433105,0.30037927627563477,0.04689431190490723,2.168161960917185,0.8583748319287045,0.39589977474080906,0.15611700143346757,1002,19
97,"[ 1.78032966 65.92775201 90.98105201 77.9785     22.         61.7484
 51.4269     50.3115      0.        ]","[ 2.0379798  65.63642727 88.89321717 77.9785     22.         61.7484
 51.4269     50.3115      0.        ]",[45.72   97.6554 97.021  77.9785 22.     61.7484 51.4269 50.3115  0.    ],[54.888  71.6164 59.318  77.9785 22.     61.7484 51.4269 50.3115  0.    ],[0.7125554  0.88032498 0.19258435 0.534756  ],[0.7125554  0.88032498 0.19258435 0.534756  ],[0.66146618 0.87224496 0.18343201 0.39307236],[0.60241341 0.8565651  0.13610916 0.37518682],66.89302564187801,69.52983535353536,73.06509999999992,145.9751,2.6368097116573495,3.5352646464645545,6.172074358121904,-72.91000000000008,0.039418305366749465,0.0508452900612945,0.09226783059814102,-0.49946874501199234,0.22567057609558105,0.0369417667388916,0.29550862312316895,0.05656313896179199,6.1088192584465455,0.7636683278833486,0.12501079105056828,0.19140943625938217,1002,56
98,"[28.43586818 99.90371138 99.96112424 31.1176     67.         48.8431
  2.3874     36.4089      1.        ]","[13.13356869 99.9449     93.94285859 31.1176     67.         48.8431
  2.3874     36.4089      1.        ]",[25.755  88.351  99.6277 31.1176 67.     48.8431  2.3874 36.4089  1.    ],[17.9815 74.712  98.4957 31.1176 67.     48.8431  2.3874 36.4089  1.    ],[0.10668    0.6989005  0.85486491 0.80978731],[0.10668    0.65941117 0.87066199 0.86639945],[0.08585636 0.46506465 0.86214728 0.80978731],[0.08585636 0.47905528 0.87066199 0.80978731],97.45343255847513,88.1282101010101,106.65870000000001,113.65620000000001,-9.325222457465031,18.530489898989913,9.205267441524882,-6.997500000000002,-0.09568900974185393,0.21026740334055102,0.09445811399204877,-0.061567252820347695,0.2150101661682129,0.034865379333496094,0.19484686851501465,0.2615516185760498,6.166867255668919,1.103482790392623,0.17893733473478643,1.3423444809219245,1002,1002
99,"[ 6.50839413 99.92024286 99.92816532 20.3329     85.         28.8063
 66.9339     15.137       1.        ]","[13.13356869 44.4459     94.94285859 20.3329     85.         28.8063
 66.9339     15.137       1.        ]",[ 9.165  74.8509 98.8075 20.3329 85.     28.8063 66.9339 15.137   1.    ],[35.022  52.7369 81.085  20.3329 85.     28.8063 66.9339 15.137   1.    ],[0.96897561 0.67118223 0.6710071  0.76139313],[0.96897561 0.35698729 0.72248527 0.74620148],[0.96897561 0.46098718 0.6710071  0.76139313],[0.96897561 0.39945584 0.58928925 0.65196358],86.32708594822361,153.4119101010101,115.17369999999994,180.8672,67.0848241527865,-38.23821010101017,28.846614051776328,-65.69350000000006,0.7771005289466385,-0.24925190016755028,0.3341548453179302,-0.3632140045292903,0.23992085456848145,0.026791095733642578,0.2551751136779785,0.0465998649597168,8.955246062116224,0.9402204278872297,0.10499102105800154,0.18261916018395152,1002,64
100,"[ 6.1708022  65.61074433 99.94346928 29.2054     66.         22.8526
 92.8708     87.771       0.        ]","[25.23784747 98.93582727 93.9329303  29.2054     66.         22.8526
 92.8708     87.771       0.        ]",[20.93   79.     99.85   29.2054 66.     22.8526 92.8708 87.771   0.    ],[25.07   65.563  81.085  29.2054 66.     22.8526 92.8708 87.771   0.    ],[0.79761294 0.87652063 0.13161584 0.20565853],[0.76080311 0.81355868 0.10152998 0.18038003],[0.76080311 0.8136674  0.12372843 0.18038003],[0.80826009 0.72696993 0.10281133 0.18038003],111.41118859423574,103.16368989898984,112.87459999999993,149.21660000000003,-8.247498695245895,9.710910101010086,1.463411405764191,-36.3420000000001,-0.07402756221624772,0.09413108537042715,0.013135228375437203,-0.24355199086428783,0.21686553955078125,0.025139570236206055,0.0530695915222168,0.053014278411865234,8.626461690202289,4.086436946852959,0.4737095107596927,0.9989577249651826,228,38
101,"[ 2.29874586 99.91549555 99.95936647 54.0019     80.          1.5429
 19.1485     95.0153      1.        ]","[ 3.0466697  52.51848182 93.9329303  54.0019     80.          1.5429
 19.1485     95.0153      1.        ]","[ 28.76   100.     100.      54.0019  80.       1.5429  19.1485  95.0153
   1.    ]","[ 26.2035  92.9025 100.      54.0019  80.       1.5429  19.1485  95.0153
   1.    ]",[0.21749098 0.56235126 0.9306659  0.95826175],[0.20748293 0.27704518 0.9306659  0.94251492],[0.04396062 0.46944589 0.92669541 0.88361721],[0.04396062 0.40384928 0.9306659  0.9380504 ],48.42198383961352,102.59335757575758,74.75810000000001,79.29909999999995,54.17137373614406,-27.835257575757566,26.336116160386496,-4.54099999999994,1.118735116586178,-0.27131637206827247,0.5438875913803679,-0.05726420602503613,0.2452235221862793,0.025205373764038086,0.060507774353027344,0.1527998447418213,9.729017489760592,4.052760571815846,0.4165642189544029,2.525292764039277,210,1002
102,"[ 1.04157409 66.47628118 91.84373775 83.2761     22.         65.9097
 81.3624     32.0565      0.        ]","[ 2.0206     65.63642727 88.94285859 83.2761     22.         65.9097
 81.3624     32.0565      0.        ]",[12.6839 62.684  99.18   83.2761 22.     65.9097 81.3624 32.0565  0.    ],[12.7169 53.228  59.318  83.2761 22.     65.9097 81.3624 32.0565  0.    ],[0.81860806 0.91292425 0.13359455 0.30557628],[0.81860806 0.91292425 0.13359455 0.30557628],[0.79343653 0.91236702 0.13359455 0.20804691],[0.77034547 0.88737301 0.10993399 0.19586345],59.445455162740075,64.16521414141414,67.54379999999992,116.89480000000003,4.719758978674065,3.3785858585857795,8.098344837259845,-49.35100000000011,0.07939646463725576,0.05265447803446415,0.1362315220749764,-0.4221830226836446,0.2852513790130615,0.04053544998168945,0.29914259910583496,0.04377579689025879,7.037084308720253,0.9535632165586059,0.13550544156149502,0.14633755613914137,1002,21
103,"[5.85614011e+00 9.98820325e+01 9.99083492e+01 2.39341000e+01
 1.80000000e+01 2.41075000e+01 3.17000000e-02 7.49440000e+01
 1.00000000e+00]","[1.30640495e+01 9.99449000e+01 8.88832889e+01 2.39341000e+01
 1.80000000e+01 2.41075000e+01 3.17000000e-02 7.49440000e+01
 1.00000000e+00]","[3.56000e+00 1.00000e+02 7.83300e+01 2.39341e+01 1.80000e+01 2.41075e+01
 3.17000e-02 7.49440e+01 1.00000e+00]","[2.50700e+01 4.48403e+01 5.72330e+01 2.39341e+01 1.80000e+01 2.41075e+01
 3.17000e-02 7.49440e+01 1.00000e+00]",[0.10769763 0.65068223 0.51282439 0.8468229 ],[0.10769763 0.61427549 0.51282439 0.87815176],[0.10769763 0.60534284 0.48191434 0.84510661],[0.08499893 0.2329471  0.582081   0.93682557],82.13165841095957,100.30176060606061,101.29590000000002,199.06259999999997,18.170102195101038,0.9941393939394061,19.164241589040444,-97.76669999999996,0.22123140512010453,0.009911484982242041,0.2333356218517948,-0.49113545186288116,0.3397507667541504,0.014590978622436523,0.11056685447692871,0.04528093338012695,23.28498831680256,3.0728084683375347,0.13196521409118256,0.409534426879942,1002,15
104,"[ 1.67482378 65.70073322 98.29131308 98.3827     89.         83.8044
 32.2843     49.8738      0.        ]","[ 2.0379798  65.63642727 95.95278687 98.3827     89.         83.8044
 32.2843     49.8738      0.        ]",[37.976  90.2005 97.6164 98.3827 89.     83.8044 32.2843 49.8738  0.    ],[40.952  71.6855 67.7084 98.3827 89.     83.8044 32.2843 49.8738  0.    ],[0.26973779 0.86874137 0.24623007 0.55181805],[0.26973779 0.86874137 0.24623007 0.55181805],[0.22549153 0.86084305 0.23527116 0.40959368],[0.22021342 0.76150027 0.16008876 0.40959368],39.30007748823971,42.066065656565684,51.77639999999997,103.17540000000002,2.7659881683259755,9.710334343434283,12.476322511760259,-51.39900000000006,0.07038123955744564,0.23083533465456596,0.31746305119865775,-0.4981710756633853,0.23557782173156738,0.025819063186645508,0.25602173805236816,0.05543828010559082,9.124181618387153,0.9201477324686427,0.10084715221081862,0.2165373945483143,1002,43
105,"[99.64890941 99.91551557 49.33227427 11.4063     82.         99.953
 10.6263     53.9146      0.        ]","[13.13356869 98.93582727 93.9329303  11.4063     82.         99.953
 10.6263     53.9146      0.        ]","[100.     100.      99.2314  11.4063  82.      99.953   10.6263  53.9146
   0.    ]",[25.07   71.2257 94.1039 11.4063 82.     99.953  10.6263 53.9146  0.    ],[0.00860054 0.01929416 0.97118862 0.80742193],[0.05655638 0.02643267 0.07823914 0.87027906],[0.0114844  0.03182499 0.69989637 0.65076593],[0.06025653 0.01897539 0.05807676 0.86025806],238.99481957211566,108.85851111111111,189.36229999999995,148.33409999999998,-130.13630846100455,80.50378888888883,-49.63251957211571,41.02819999999997,-0.5445151852830704,0.7395268230953406,-0.2076719472872897,0.27659317715885945,0.22876477241516113,0.019977331161499023,0.10024333000183105,0.05126690864562988,11.451217911231517,2.2820947030688474,0.1992883831885285,0.5114246368780191,1002,37
106,"[28.63322382 99.92598469 99.9363027  76.944      20.         30.0824
 16.6629     31.7937      1.        ]","[40.36819596 52.51848182 88.94285859 76.944      20.         30.0824
 16.6629     31.7937      1.        ]",[48.3961 83.989  92.5525 76.944  20.     30.0824 16.6629 31.7937  1.    ],[48.8695 82.587  89.727  76.944  20.     30.0824 16.6629 31.7937  1.    ],[0.94271536 0.63038126 0.87497564 0.90809878],[0.93872402 0.56012062 0.87497564 0.90809878],[[0.93567842 0.52637938 0.85495423 0.90809878]],[0.93567842 0.52637938 0.85495423 0.90809878],51.82693643030041,121.9628555555555,94.91059999999993,99.61150000000009,70.1359191252551,-27.052255555555575,43.083663569699524,-4.700900000000161,1.3532715602354304,-0.2218073316857767,0.831298674727585,-0.04719234224964142,0.22641372680664062,0.05984997749328613,0.3108963966369629,0.2506592273712158,3.7830210852132624,0.7282610196059184,0.1925077876125197,0.8062468078840853,1002,1002
107,"[8.50088948e-01 4.61034847e-03 9.91345263e+01 9.41159000e+01
 0.00000000e+00 7.66222000e+01 5.93940000e+00 4.35063000e+01
 0.00000000e+00]","[ 1.0292899  65.63642727 95.95278687 94.1159      0.         76.6222
  5.9394     43.5063      0.        ]",[ 0.      0.     63.6002 94.1159  0.     76.6222  5.9394 43.5063  0.    ],[25.048  40.515  68.2362 94.1159  0.     76.6222  5.9394 43.5063  0.    ],[0.00317415 0.80997683 0.89668669 0.85820512],[0.0164904  0.50325457 0.2143549  0.65592248],[0.00346486 0.47435828 0.86121604 0.93676751],[0.01210895 0.33955252 0.19320394 0.47326434],107.59505230922537,45.324175757575745,142.28390000000002,122.18090000000001,-62.27087655164962,96.95972424242427,34.68884769077465,20.10300000000001,-0.5787522308431502,2.139249586380352,0.3224018850892865,0.16453471860168004,0.21878886222839355,0.01215362548828125,0.03166484832763672,0.046447038650512695,18.00194209039548,6.9095187181881155,0.38382073908984127,1.466832816311779,120,19
108,"[34.38999572 98.51371553 99.94758029 99.7628     84.         24.9774
 24.5846     33.4108      1.        ]","[ 2.0379798  52.51848182 93.9329303  99.7628     84.         24.9774
 24.5846     33.4108      1.        ]",[50.1546 76.3475 97.021  99.7628 84.     24.9774 24.5846 33.4108  1.    ],[51.3411 65.979  99.207  99.7628 84.     24.9774 24.5846 33.4108  1.    ],[0.94970044 0.6808797  0.9551343  0.92066983],[0.94970044 0.62264307 0.95763483 0.95109022],[[0.94347012 0.56757219 0.9471745  0.92066983]],[0.94347012 0.56757219 0.9471745  0.92066983],36.16589988971589,55.82376767676766,77.02329999999995,86.39230000000009,19.65786778705177,21.19953232323229,40.85740011028406,-9.369000000000142,0.5435470387021026,0.37975817837990467,1.1297216503633094,-0.1084471648514987,0.2520570755004883,0.03188824653625488,0.19582033157348633,0.21196532249450684,7.904388070191179,1.2871854187719918,0.16284441089452473,1.0824479807142073,1002,1002
109,"[ 6.73760917 52.59010638 99.96483512 32.5518     20.          6.7799
 57.3405     22.6254      1.        ]","[ 2.0379798  52.51848182 88.88328889 32.5518     20.          6.7799
 57.3405     22.6254      1.        ]",[46.168  88.351  92.128  32.5518 20.      6.7799 57.3405 22.6254  1.    ],[36.952  53.078  67.565  32.5518 20.      6.7799 57.3405 22.6254  1.    ],[0.95932347 0.68298085 0.80950969 0.89480379],[0.95932347 0.64971231 0.80950969 0.86732856],[0.95873139 0.602088   0.7740204  0.86075512],[0.95932347 0.5754181  0.74666675 0.85612369],121.63086766304656,128.08440909090905,133.13719999999995,183.7572,6.45354142786249,5.052790909090902,11.506332336953392,-50.62000000000006,0.053058418079699195,0.03944891454747344,0.09460042962802281,-0.2754721991845765,0.28517961502075195,0.02281022071838379,0.06236147880554199,0.05016160011291504,12.502273368662005,4.573009179432871,0.3657742111843036,0.8043683548514124,354,87
110,"[ 0.95465978 52.61361812 99.956144   84.1672     89.         45.9723
 71.8988     55.421       1.        ]","[ 2.0379798  52.51848182 93.9329303  84.1672     89.         45.9723
 71.8988     55.421       1.        ]",[25.7694 75.658  99.18   84.1672 89.     45.9723 71.8988 55.421   1.    ],[29.8979 88.9325 95.318  84.1672 89.     45.9723 71.8988 55.421   1.    ],[0.95717544 0.72825678 0.90345599 0.89432665],[0.95717544 0.6961597  0.90345599 0.89432665],[[0.95717544 0.63886042 0.90345599 0.8544941 ]],[0.95717544 0.62713305 0.89809791 0.8544941 ],64.21769766400945,71.41936767676765,66.7641999999999,61.480200000000025,7.2016700127582,-4.655167676767746,2.5465023359904535,5.283999999999878,0.11214463107098196,-0.06518074617849141,0.03965421415937231,0.08594636972553564,0.21463990211486816,0.028009414672851562,0.2901268005371094,0.04488015174865723,7.663134150493701,0.7398141147853527,0.09654197620143318,0.15469150614686739,1002,78
111,"[ 2.16603987 65.82669906 96.62625912 83.5858     87.         41.084
 13.9859     20.6131      0.        ]","[ 2.0379798  44.4459     94.94285859 83.5858     87.         41.084
 13.9859     20.6131      0.        ]",[ 9.7604 96.907  99.0262 83.5858 87.     41.084  13.9859 20.6131  0.    ],[18.9284 52.306  81.3037 83.5858 87.     41.084  13.9859 20.6131  0.    ],[0.81544185 0.82535976 0.24592255 0.57358222],[0.74912484 0.85950046 0.29392456 0.55344606],[0.79771253 0.84703725 0.24592255 0.45525853],[0.79070868 0.85790278 0.21071486 0.4094025 ],56.127281692403756,79.06342121212123,30.241399999999828,101.73289999999997,22.93613951971747,-48.8220212121214,-25.885881692403927,-71.49150000000014,0.4086451156750326,-0.6175045357718024,-0.4611996325470954,-0.7027372659188932,0.18532013893127441,0.0310060977935791,0.2952439785003662,0.0496525764465332,5.97689332482372,0.627684736781328,0.10501856109333198,0.16817473026455512,1002,27
112,"[ 0.47598112 52.3330581  90.58275288 22.9136     50.         87.975
 46.1165     25.9805      1.        ]","[ 2.0379798  52.51848182 89.89321717 22.9136     50.         87.975
 46.1165     25.9805      1.        ]",[19.965  74.9963 91.51   22.9136 50.     87.975  46.1165 25.9805  1.    ],[22.5855 77.9448 91.8875 22.9136 50.     87.975  46.1165 25.9805  1.    ],[0.48739331 0.34184787 0.55086972 0.78626612],[0.48739331 0.34184787 0.55086972 0.78626612],[0.48739331 0.19122573 0.55086972 0.85880337],[0.48739331 0.19122573 0.55086972 0.85880337],134.64657013297756,136.7126808080808,130.5451,129.83960000000002,2.066110675103232,-6.1675808080808,-4.101470132977568,0.7054999999999723,0.015344695918081923,-0.04511345086370545,-0.030461007130942415,0.005433627337114194,0.22501802444458008,0.023253679275512695,0.2719871997833252,0.34105968475341797,9.676663283196456,0.8273110816385387,0.08549549131002274,1.2539549104704868,1002,1002
113,"[ 2.34305106 66.49428337 96.90833617 73.5318     51.         75.8778
 29.1112     66.4771      0.        ]","[ 2.0379798  65.63642727 95.95278687 73.5318     51.         75.8778
 29.1112     66.4771      0.        ]",[ 7.485  97.702  99.18   73.5318 51.     75.8778 29.1112 66.4771  0.    ],[12.541  72.078  59.318  73.5318 51.     75.8778 29.1112 66.4771  0.    ],[0.5085344  0.90607756 0.23771423 0.55181805],[0.5085344  0.8974552  0.23771423 0.55181805],[0.48011897 0.90118971 0.23771423 0.44103267],[0.42399317 0.84368087 0.20007418 0.42248394],65.40863153228884,66.91696565656571,37.07119999999986,107.6132,1.508334124276871,-29.845765656565845,-28.337431532288974,-70.54200000000014,0.023060169414067088,-0.4460119397783462,-0.43323688125626447,-0.6555143792768929,0.22014570236206055,0.028061389923095703,0.2932913303375244,0.0445399284362793,7.845146051759588,0.7506041931369513,0.0956775295430731,0.15186241061071265,1002,26
114,"[ 2.03000822 71.23672946 99.9607261  59.4843     39.         83.2392
 82.9169     84.0681      1.        ]","[ 2.0379798  52.51848182 95.95278687 59.4843     39.         83.2392
 82.9169     84.0681      1.        ]",[39.     94.447  97.021  59.4843 39.     83.2392 82.9169 84.0681  1.    ],[17.832  98.0755 97.486  59.4843 39.     83.2392 82.9169 84.0681  1.    ],[0.64390318 0.80586638 0.74642809 0.89929441],[0.7783687  0.59862985 0.74642809 0.8819319 ],[0.7783687  0.53708765 0.73491223 0.86448451],[0.7783687  0.56347933 0.74642809 0.86448451],71.34825265969323,94.08241111111107,88.04769999999985,62.78619999999995,22.73415845141784,-6.034711111111221,16.69944734030662,25.2614999999999,0.318636513214304,-0.06414281946903172,0.2340554494019254,0.4023415973573798,0.18662047386169434,0.024978160858154297,0.16480660438537598,0.08094000816345215,7.471345665578528,1.132360408477987,0.15156043625379567,0.4911211444790517,1002,168
115,"[ 0.68079022 66.31539637 99.93706689 84.6714     85.          2.6944
 75.3315     86.8603      0.        ]","[ 2.0379798  44.4459     94.94285859 84.6714     85.          2.6944
 75.3315     86.8603      0.        ]",[ 1.209  81.9979 58.8717 84.6714 85.      2.6944 75.3315 86.8603  0.    ],[37.022  48.4229 45.7992 84.6714 85.      2.6944 75.3315 86.8603  0.    ],[0.76451917 0.90923599 0.35335238 0.47628187],[0.67609705 0.85019002 0.45000772 0.47628187],[0.68183225 0.82396056 0.27498427 0.44536445],[0.4259022  0.76003431 0.25288202 0.3275541 ],49.75692695992717,77.97782121212123,75.668,158.12849999999997,28.220894252194057,-2.3098212121212214,25.911073040072836,-82.46049999999997,0.5671751849731872,-0.02962151514643977,0.5207530814943794,-0.521477785471942,0.21244025230407715,0.03021407127380371,0.028279781341552734,0.044434547424316406,7.031169364066063,7.5120896352875715,1.068398334092097,1.5712479133997672,114,8
116,"[ 2.10923448 52.52764183 99.91118073 44.3439     16.         32.3464
 42.8922     26.8277      1.        ]","[ 2.0206     52.51848182 88.94285859 44.3439     16.         32.3464
 42.8922     26.8277      1.        ]",[25.755  89.39   92.5771 44.3439 16.     32.3464 42.8922 26.8277  1.    ],[17.9815 76.975  83.2591 44.3439 16.     32.3464 42.8922 26.8277  1.    ],[0.95615965 0.69311343 0.8170623  0.94095904],[0.95615965 0.66037948 0.8170623  0.94095904],[[0.95615965 0.61604819 0.8170623  0.90486764]],[0.95615965 0.60318863 0.8084079  0.90486764],105.32651192161512,116.21535959595957,99.44399999999996,113.40350000000001,10.888847674344447,-16.77135959595961,-5.882511921615162,-13.959500000000048,0.10338183118081437,-0.14431276256656436,-0.05585024904264348,-0.12309584801174608,0.22703766822814941,0.03807687759399414,0.20444798469543457,0.27988266944885254,5.962612550561657,1.110491103966452,0.18624237187134482,1.368967612303896,1002,1002
117,"[ 5.17866008 66.42090153 95.8462457  31.38       71.         57.9017
 54.5704     38.0978      0.        ]","[12.2961     98.93582727 88.8497     31.38       71.         57.9017
 54.5704     38.0978      0.        ]",[12.1211 90.4786 98.2322 31.38   71.     57.9017 54.5704 38.0978  0.    ],[12.2961 71.4786 88.8497 31.38   71.     57.9017 54.5704 38.0978  0.    ],[0.79554062 0.86059406 0.14489039 0.43100969],[0.74592509 0.87744945 0.14489039 0.43861218],[0.74592509 0.85372132 0.14489039 0.43861218],[0.74592509 0.85152546 0.14489039 0.43861218],111.53151285210726,93.13057272727275,92.03029999999995,120.58780000000002,-18.400940124834506,-1.1002727272727952,-19.5012128521073,-28.55750000000006,-0.16498422422759096,-0.011814302167934448,-0.1748493529175584,-0.23681914754228917,0.20460200309753418,0.009976625442504883,0.2615213394165039,0.05736112594604492,20.50813717289999,0.7823529948035373,0.03814841826966907,0.21933631142310148,1002,55
118,"[11.24548225 99.02654821 97.68236294 37.177      94.         37.9478
 42.055      55.455       0.        ]","[25.07       65.63642727 94.1568     37.177      94.         37.9478
 42.055      55.455       0.        ]",[10.315  71.727  80.4768 37.177  94.     37.9478 42.055  55.455   0.    ],[25.07   66.078  94.1568 37.177  94.     37.9478 42.055  55.455   0.    ],[0.81545363 0.88846537 0.17646789 0.52656095],[0.86233291 0.86451184 0.17646789 0.45392906],[0.81545363 0.84150688 0.12093191 0.52656095],[0.86233291 0.86451184 0.17646789 0.45392906],77.35957110228611,128.0997727272727,120.93419999999998,127.65819999999997,50.74020162498658,-7.165572727272718,43.574628897713865,-6.7239999999999895,0.6559007618837112,-0.05593743513135174,0.5632739204318851,-0.05267190043412794,0.18851065635681152,0.0066220760345458984,0.028289318084716797,0.04809212684631348,28.467002700270026,6.663669155696395,0.23408397525578573,1.700010113439075,120,31
119,"[ 2.31330077 65.64167942 98.08088826 70.8952     38.         69.4303
 14.7349     88.8983      0.        ]","[25.23784747 65.63642727 95.95278687 70.8952     38.         69.4303
 14.7349     88.8983      0.        ]",[ 0.7136 60.306  90.3145 70.8952 38.     69.4303 14.7349 88.8983  0.    ],[ 1.7136 52.306  81.8015 70.8952 38.     69.4303 14.7349 88.8983  0.    ],[0.31719813 0.8729438  0.27197789 0.58645927],[0.37018438 0.8729438  0.27197789 0.46839708],[0.24127232 0.78090168 0.27197789 0.55026159],[0.24127232 0.79728678 0.2486951  0.55026159],67.69553310245942,92.7534333333333,79.1979,96.71089999999998,25.057900230873884,-13.555533333333301,11.502366897540583,-17.512999999999977,0.37015588891142825,-0.1461458928923742,0.1699132331247229,-0.18108610301424122,0.22017312049865723,0.0261685848236084,0.005811214447021484,0.052556514739990234,8.41364261700635,37.887626159021906,4.5031180766390415,9.043981291540165,48,17
120,"[ 2.4856415  98.51956073 99.94887823 93.4638     39.         58.7945
  3.2915     43.4369      1.        ]","[ 3.0466697  52.51848182 89.89321717 93.4638     39.         58.7945
  3.2915     43.4369      1.        ]",[45.72   58.153  97.146  93.4638 39.     58.7945  3.2915 43.4369  1.    ],[28.646  53.94   93.8675 93.4638 39.     58.7945  3.2915 43.4369  1.    ],[0.1446209  0.5813861  0.94070843 0.82352591],[0.11044394 0.54524323 0.94070843 0.92703078],[0.10546061 0.46213719 0.93207301 0.88707055],[0.11044394 0.46638577 0.93727428 0.90432425],10.553402540426532,67.1711707070707,96.9572,87.37470000000002,56.61776816664417,29.7860292929293,86.40379745957347,9.582499999999982,5.364882837526623,0.4434347202734388,8.187292878158452,0.10967133506610013,0.22583889961242676,0.005162239074707031,0.27318596839904785,0.046735286712646484,43.74824496582302,0.8266855758950974,0.01889642833766064,0.17107498963628825,1002,48
121,"[ 7.76043368 99.91734168 99.94825097 21.9605     72.         35.0689
 80.2431     18.4757      1.        ]","[13.13356869 98.93582727 93.9329303  21.9605     72.         35.0689
 80.2431     18.4757      1.        ]",[44.8588 77.166  97.021  21.9605 72.     35.0689 80.2431 18.4757  1.    ],[50.9148 53.228  60.318  21.9605 72.     35.0689 80.2431 18.4757  1.    ],[0.96897561 0.55813284 0.48881655 0.70758392],[0.96897561 0.41859529 0.48881655 0.70758392],[0.96851941 0.35023908 0.43526164 0.6105102 ],[0.966892   0.29179303 0.3420941  0.49036349],85.93434102937397,98.30431111111108,148.7112999999999,215.40830000000003,12.369970081737108,50.40698888888883,62.77695897062594,-66.69700000000012,0.14394676137108936,0.5127647843634751,0.7305223757888316,-0.3096305945499784,0.2407376766204834,0.028079748153686523,0.2592458724975586,0.024769067764282227,8.573355975376778,0.9286075581502287,0.10831319273540588,0.09554276612259463,1002,24
122,"[ 9.63741976 98.69597901 99.9005828  39.8383     81.         25.7882
  6.5493     14.1913      0.        ]","[ 2.0379798  98.93582727 93.9329303  39.8383     81.         25.7882
  6.5493     14.1913      0.        ]",[11.28   99.78   99.8054 39.8383 81.     25.7882  6.5493 14.1913  0.    ],[19.07   66.078  68.5794 39.8383 81.     25.7882  6.5493 14.1913  0.    ],[0.62770282 0.86285607 0.16930703 0.47773991],[0.58769019 0.82992638 0.16930703 0.4887427 ],[0.62770282 0.74775309 0.16930703 0.47773991],[0.64580628 0.75884431 0.14265644 0.39208224],71.20255795606164,69.33092222222217,71.85629999999992,144.5743,-1.8716357338394687,2.5253777777777486,0.65374204393828,-72.71800000000007,-0.02628607437101397,0.03642498465090814,0.009181440424397357,-0.5029801285567357,0.18788743019104004,0.036422014236450195,0.04685187339782715,0.04974842071533203,5.158622721173043,4.010243701370407,0.7773865076255273,1.0618235111520475,156,36
123,"[ 0.56294389 65.65103009 96.83670243 83.0299     63.         69.5702
 44.3576     35.9831      0.        ]","[ 2.0379798  65.63642727 95.95278687 83.0299     63.         69.5702
 44.3576     35.9831      0.        ]",[25.144  73.9407 98.953  83.0299 63.     69.5702 44.3576 35.9831  0.    ],[25.048  65.6832 95.953  83.0299 63.     69.5702 44.3576 35.9831  0.    ],[0.68271467 0.91354315 0.2004265  0.55181805],[0.68271467 0.91354315 0.2004265  0.55181805],[0.67257866 0.91354315 0.2004265  0.40959368],[0.73135885 0.91354315 0.2004265  0.40213388],55.04531137683648,57.418865656565686,69.22040000000004,80.38189999999997,2.3735542797292055,11.801534343434355,14.17508862316356,-11.161499999999933,0.04312000823249074,0.2055340907293748,0.2575167306461737,-0.13885588671081345,0.2601745128631592,0.025103330612182617,0.016577482223510742,0.02865314483642578,10.364143184127798,15.694452833987718,1.5143029727747335,1.7284376752815291,60,22
124,"[17.32978416 65.74288517 99.94117722 60.7916      5.          6.2463
 95.9657     31.2896      0.        ]","[13.13356869 52.51848182 97.97264343 60.7916      5.          6.2463
 95.9657     31.2896      0.        ]",[37.011  59.342  62.477  60.7916  5.      6.2463 95.9657 31.2896  0.    ],[37.022  53.228  59.318  60.7916  5.      6.2463 95.9657 31.2896  0.    ],[0.54517041 0.57339624 0.0275842  0.05963335],[0.4309583  0.56832935 0.02219827 0.06727124],[0.34206994 0.50144683 0.0178601  0.03440416],[0.34206994 0.50144683 0.0178601  0.03440416],90.85412176776538,101.8508434343434,154.4004,163.68439999999998,10.996721666578026,52.54955656565659,63.54627823223461,-9.283999999999992,0.12103712470730868,0.5159462091203187,0.6994319794831866,-0.05671890540576862,0.2846095561981201,0.028148651123046875,0.32138681411743164,0.04149317741394043,10.110948299227537,0.8855669980726917,0.0875849595769714,0.1291066577447674,1002,17
125,"[56.76605033 99.81070328 99.95915876 39.1489     73.          4.9223
 42.2314     90.579       1.        ]","[13.13356869 99.9449     93.9329303  39.1489     73.          4.9223
 42.2314     90.579       1.        ]",[25.6159 79.1995 99.18   39.1489 73.      4.9223 42.2314 90.579   1.    ],[18.9115 79.023  95.318  39.1489 73.      4.9223 42.2314 90.579   1.    ],[0.84253188 0.80510498 0.82260404 0.91613719],[0.86408644 0.64475954 0.87230043 0.8656601 ],[[0.86408644 0.49219856 0.86387673 0.91613719]],[0.86408644 0.49219856 0.87230043 0.91613719],117.84728829181824,80.10683838383841,108.08749999999992,105.42160000000001,-37.74044990797984,27.980661616161512,-9.759788291818325,2.6658999999999082,-0.32024877665852947,0.3492917980621068,-0.08281724962267048,0.02528798652268518,3.9120004177093506,0.0299532413482666,0.2599823474884033,0.0479428768157959,130.6035754936999,15.047177069911825,0.11521259669217614,0.18440820032188693,1002,102
126,"[23.34988797 99.90176201 99.91730402 36.3948     71.         77.536
 32.2172     42.2713      1.        ]","[ 2.0379798 99.9449    93.9329303 36.3948    71.        77.536
 32.2172    42.2713     1.       ]",[23.825  71.071  56.7955 36.3948 71.     77.536  32.2172 42.2713  1.    ],[25.07   52.306  40.513  36.3948 71.     77.536  32.2172 42.2713  1.    ],[0.82096318 0.74242708 0.81027108 0.88505489],[0.89905117 0.70144524 0.81027108 0.83952696],[0.87699647 0.48045431 0.79822962 0.85981796],[0.86888395 0.49481041 0.74971441 0.84106309],87.1360219364156,71.76534949494948,159.56369999999998,195.8562,-15.370672441466127,87.79835050505051,72.42767806358438,-36.29250000000002,-0.17639860186275574,1.2234086662008017,0.8312024861134456,-0.18530176731704187,0.21295404434204102,0.04526400566101074,0.21591424942016602,0.02595353126525879,4.704710536157302,0.986289904042579,0.20963880699197227,0.12020295712282329,1002,29
127,"[ 3.97048665 98.49999252 99.91145772 58.4847     45.         14.0846
 93.3207     35.3943      1.        ]","[13.13356869 52.51848182 89.97264343 58.4847     45.         14.0846
 93.3207     35.3943      1.        ]",[44.3167 95.1991 91.0209 58.4847 45.     14.0846 93.3207 35.3943  1.    ],[44.5967 86.5715 91.9859 58.4847 45.     14.0846 93.3207 35.3943  1.    ],[0.96039068 0.69368277 0.74918125 0.63580041],[0.96039068 0.66037948 0.70555765 0.63580041],[[0.95981347 0.61334236 0.6924368  0.61236265]],[0.95981347 0.61334236 0.6924368  0.61236265],47.07433641683713,112.15774343434344,99.61199999999997,107.5546,65.08340701750632,-12.545743434343478,52.53766358316284,-7.942600000000027,1.3825666376091044,-0.11185802290759969,1.1160574440805424,-0.07384714368330157,0.2454993724822998,0.07637929916381836,0.30822134017944336,0.23521924018859863,3.214213473676325,0.7965034878486108,0.24780665452739611,0.7631504037055201,1002,1002
128,"[ 0.7578256 66.0141719 92.6760791 71.5894     0.        26.6114
 43.5604    62.6953     0.       ]","[2.06000e-02 6.59526e+01 8.10850e+01 7.15894e+01 0.00000e+00 2.66114e+01
 4.35604e+01 6.26953e+01 0.00000e+00]",[25.077  96.0696 91.51   71.5894  0.     26.6114 43.5604 62.6953  0.    ],[ 0.642  42.0246 83.2455 71.5894  0.     26.6114 43.5604 62.6953  0.    ],[0.28330655 0.83954201 0.17443171 0.88567532],[0.28330655 0.77705399 0.16639291 0.88567532],[0.31354832 0.36682067 0.1589272  0.81313941],[0.20264513 0.855394   0.17701622 0.87711944],70.47817460612765,81.39359999999999,65.90799999999996,103.78249999999997,10.91542539387234,-15.485600000000034,-4.5701746061276936,-37.87450000000001,0.15487667572087357,-0.19025574492343422,-0.06484524651310059,-0.364941102787079,0.24557781219482422,0.024166345596313477,0.27995848655700684,0.07933521270751953,10.161975513264471,0.8771936697293803,0.08632117530537006,0.2833820602590121,1002,120
129,"[ 1.85074524 52.5808464  99.95799287 94.0546     21.         63.9632
 64.2711     90.3155      1.        ]","[ 2.0379798  52.51848182 91.91307374 94.0546     21.         63.9632
 64.2711     90.3155      1.        ]","[ 30.1047 100.      92.5525  94.0546  21.      63.9632  64.2711  90.3155
   1.    ]","[ 28.5672 100.      89.301   94.0546  21.      63.9632  64.2711  90.3155
   1.    ]",[0.74444432 0.81191953 0.90846921 0.91861356],[0.79827758 0.57685424 0.90846921 0.91861356],[0.79827758 0.5361743  0.9033596  0.81272525],[0.79827758 0.51415364 0.9033596  0.81272525],55.257305977268175,63.55182424242423,43.49759999999998,45.21160000000003,8.294518265156057,-20.054224242424254,-11.759705977268197,-1.7140000000000555,0.15010717801856405,-0.3155570195109677,-0.212817215195144,-0.03791062470693482,0.2548699378967285,0.012233257293701172,0.015954971313476562,0.04029440879821777,20.834184369518614,15.974327555289898,0.7667364016736402,2.5255080693365213,72,72
130,"[56.76602441 99.81071589 99.96302721 43.1401     80.         25.3378
 67.4843     87.2842      1.        ]","[ 2.0379798 99.9449    93.9329303 43.1401    80.        25.3378
 67.4843    87.2842     1.       ]",[25.755  56.185  98.3471 43.1401 80.     25.3378 67.4843 87.2842  1.    ],[24.424  85.955  95.5516 43.1401 80.     25.3378 67.4843 87.2842  1.    ],[0.91126098 0.83507658 0.85733341 0.90206329],[0.91247195 0.68989171 0.88339365 0.87503612],[[0.91247195 0.54297427 0.88339365 0.90206329]],[0.91247195 0.52901255 0.88339365 0.90206329],113.85218131779976,65.02004949494943,128.08279999999996,99.77729999999997,-48.83213182285033,63.06275050505053,14.230618682200202,28.305499999999995,-0.4289081795151857,0.969896993233588,0.12499206003333177,0.28368677043776497,5.485734939575195,0.03505420684814453,0.19118475914001465,0.04405641555786133,156.49291291454688,28.693369514657302,0.1833525172499367,0.23043895212168297,1002,84
131,"[29.78428409 98.49833565 99.94785061 69.8722     33.         75.4821
 15.0709     42.8747      1.        ]","[ 3.0466697  52.51848182 95.95278687 69.8722     33.         75.4821
 15.0709     42.8747      1.        ]",[23.5069 63.3175 98.0033 69.8722 33.     75.4821 15.0709 42.8747  1.    ],[26.1599 53.247  98.8533 69.8722 33.     75.4821 15.0709 42.8747  1.    ],[0.78813745 0.70173925 0.8921667  0.89714871],[0.87842233 0.62846047 0.89780115 0.8972332 ],[0.87842233 0.60761428 0.89780115 0.87946584],[0.87842233 0.60761428 0.89780115 0.87946584],61.465897830770814,84.703201010101,92.31389999999999,104.18739999999997,23.237303179330183,7.610698989898992,30.848002169229176,-11.873499999999979,0.3780519605083718,0.08985137396391199,0.5018718225537115,-0.11396291682103576,0.24307560920715332,0.0074214935302734375,0.2899007797241211,0.0357058048248291,32.75292341300437,0.8384786320287647,0.025600115795949115,0.1231656046555235,1002,60
132,"[ 0.71305033 65.51629407 92.18011102 87.0663     29.         12.2272
 43.4689     16.8892      0.        ]","[ 2.0379798  52.51848182 89.89321717 87.0663     29.         12.2272
 43.4689     16.8892      0.        ]",[ 0.     56.185  89.425  87.0663 29.     12.2272 43.4689 16.8892  0.    ],[ 0.     44.803  91.8875 87.0663 29.     12.2272 43.4689 16.8892  0.    ],[0.8819209  0.82346791 0.22549179 0.46748255],[0.83464783 0.85798784 0.22549179 0.46748255],[0.83464783 0.78764573 0.21449402 0.46748255],[0.83464783 0.70715607 0.27093873 0.44716516],55.95034524733387,72.55998080808081,67.32369999999997,76.2432,16.609635560746938,-5.236280808080835,11.373354752666103,-8.919500000000028,0.29686386182824165,-0.07216485933107751,0.20327586366784864,-0.11698748216234402,0.18510222434997559,0.028031349182128906,0.020546913146972656,0.05101132392883301,6.60340046949954,9.008760733348804,1.3642608493850081,2.4826757948479927,84,66
133,"[30.40550934 98.51143443 99.92723483 58.665      43.         54.7481
  6.1407     73.8071      1.        ]","[ 3.0466697  95.90860909 89.91307374 58.665      43.         54.7481
  6.1407     73.8071      1.        ]",[17.7139 58.4469 89.3605 58.665  43.     54.7481  6.1407 73.8071  1.    ],[29.8109 94.8875 65.809  58.665  43.     54.7481  6.1407 73.8071  1.    ],[0.50111797 0.6311771  0.92451145 0.90332329],[0.42450331 0.54662103 0.92859111 0.91790222],[[0.42450331 0.53144857 0.92422201 0.88656778]],[0.41707541 0.50948227 0.91031602 0.90223469],73.30184007961822,58.55998686868685,111.24149999999997,110.44939999999997,-14.741853210931367,52.681513131313125,37.93965992038176,0.7921000000000049,-0.20111163914738317,0.8996162046525824,0.5175812759839706,0.007171609805032939,0.2578706741333008,0.033855438232421875,0.28992414474487305,0.08020639419555664,7.616816901408451,0.8894418723222289,0.11677343486591614,0.27664613537494964,1002,192
134,"[11.75972498 99.4811761  95.0187027  38.1437     71.          2.9834
 46.9648     62.5075      0.        ]","[13.13356869 44.4459     94.94285859 38.1437     71.          2.9834
 46.9648     62.5075      0.        ]",[ 5.187  85.4576 69.2737 38.1437 71.      2.9834 46.9648 62.5075  0.    ],[37.022  65.9426 43.9197 38.1437 71.      2.9834 46.9648 62.5075  0.    ],[0.82358802 0.88696266 0.18972352 0.53281891],[0.79911625 0.86517012 0.23010327 0.51239421],[0.81911623 0.83177582 0.17143506 0.53281891],[0.72085678 0.82083827 0.14348692 0.40010473],79.11614617621802,135.60111010101008,112.31200000000001,189.016,56.484963924792055,-23.289110101010067,33.19585382378199,-76.70399999999998,0.7139498908223009,-0.17174719354186607,0.41958380720218297,-0.40580691581665035,0.18306636810302734,0.03213977813720703,0.021722793579101562,0.05258822441101074,5.695943740541824,8.427386074282202,1.4795416630081657,2.420877601194135,78,33
135,"[ 0.67156835 65.57967987 99.9422358  44.2418     55.         25.0131
 28.4611     49.7925      0.        ]","[ 2.0379798  52.51848182 88.9329303  44.2418     55.         25.0131
 28.4611     49.7925      0.        ]",[24.9064 73.224  99.0825 44.2418 55.     25.0131 28.4611 49.7925  0.    ],[21.0164 98.502  99.4075 44.2418 55.     25.0131 28.4611 49.7925  0.    ],[0.79326256 0.86631811 0.17713969 0.60537156],[0.71156147 0.86472425 0.17713969 0.60537156],[0.7855488  0.85929684 0.17713969 0.46285097],[0.7855488  0.87524762 0.17713969 0.46285097],90.90785267220105,116.34476767676767,108.35809999999998,78.86510000000004,25.43691500456663,-7.986667676767695,17.450247327798934,29.492999999999938,0.2798098762302528,-0.06864655657705623,0.1919553351537374,0.3739676992738223,0.21919965744018555,0.06538581848144531,0.18556976318359375,0.3059225082397461,3.352403663837111,1.181225075031863,0.3523516835916622,1.6485579492661266,1002,1002
136,"[ 0.26129935 66.1775239  99.94111135 76.6987      8.         31.2989
 46.137      91.0724      0.        ]","[ 1.0292899  44.4459     91.91307374 76.6987      8.         31.2989
 46.137      91.0724      0.        ]",[35.928  60.306  95.7016 76.6987  8.     31.2989 46.137  91.0724  0.    ],[36.952  52.306  92.7016 76.6987  8.     31.2989 46.137  91.0724  0.    ],[0.41157018 0.9018706  0.15978035 0.61850059],[0.31019604 0.74831782 0.23360355 0.61850059],[0.39329219 0.64314115 0.1671759  0.50877258],[0.39329219 0.67525485 0.1671759  0.50877258],57.443964090978625,87.97161616161617,103.2217,115.2457,30.527652070637544,15.25008383838383,45.777735909021374,-12.024000000000001,0.531433590172998,0.1733523209391458,0.7969111573936557,-0.10433361071172288,0.20923614501953125,0.003923654556274414,0.2804446220397949,0.04640603065490723,53.3268517955885,0.7460872078689417,0.013990835437442084,0.1654730631572683,1002,26
137,"[16.78887562 74.58485188 99.95338808 98.6991     42.         83.6348
 78.7301     87.9937      1.        ]","[ 2.0379798  52.51848182 95.95278687 98.6991     42.         83.6348
 78.7301     87.9937      1.        ]",[23.2225 76.922  95.76   98.6991 42.     83.6348 78.7301 87.9937  1.    ],[44.5625 72.078  78.1225 98.6991 42.     83.6348 78.7301 87.9937  1.    ],[0.5406121  0.80391061 0.82414522 0.88647692],[0.69564538 0.61353876 0.82414522 0.91058071],[0.69564538 0.56248896 0.82414522 0.88647692],[0.62811188 0.33966752 0.73491732 0.88647692],43.55153566143696,54.8676111111111,51.84139999999991,95.66289999999998,11.316075449674145,-3.026211111111195,8.28986433856295,-43.82150000000007,0.2598318354981464,-0.05515478166131356,0.19034608568127423,-0.4580824959310253,0.21225476264953613,0.01966691017150879,0.05621457099914551,0.0498347282409668,10.792481421765327,3.775796183746782,0.34985431396083655,0.8865090910633172,198,25
138,"[ 7.00189184 99.86727677 99.9026158   9.3024     91.         74.6068
 11.4293     43.1628      1.        ]","[13.13356869 98.93582727 93.9329303   9.3024     91.         74.6068
 11.4293     43.1628      1.        ]",[19.965  98.7217 94.6757  9.3024 91.     74.6068 11.4293 43.1628  1.    ],[25.416  98.6287 94.4867  9.3024 91.     74.6068 11.4293 43.1628  1.    ],[0.86132914 0.17620652 0.20471107 0.65313165],[0.89237776 0.10867054 0.20471107 0.65313165],[0.89237776 0.11337912 0.20471107 0.59156204],[0.89237776 0.11337912 0.20471107 0.59156204],97.92959926812995,110.96241111111112,117.2652,122.99820000000005,13.032811842981175,6.30278888888887,19.335600731870045,-5.733000000000061,0.13308347976894613,0.05680111693479366,0.19744388700018495,-0.04661043820153513,0.21744823455810547,0.02569866180419922,0.00923013687133789,0.056305885314941406,8.461461387167402,23.558505966833703,2.7842124296120265,6.100222141860826,54,72
139,"[23.46584695 52.63271528 99.96173696 76.512      64.         68.575
  1.9194     88.2436      1.        ]","[26.23784747 52.51848182 95.95278687 76.512      64.         68.575
  1.9194     88.2436      1.        ]",[29.9968 96.663  99.85   76.512  64.     68.575   1.9194 88.2436  1.    ],"[ 37.8385  84.261  100.      76.512   64.      68.575    1.9194  88.2436
   1.    ]",[0.03833811 0.79077146 0.9364383  0.83012905],[0.05053034 0.54238155 0.9364383  0.91720704],[[0.03833811 0.68447239 0.9327745  0.85384701]],[0.00761387 0.65316416 0.92722908 0.82920964],94.35939471085544,101.25457878787876,56.97179999999992,77.06550000000004,6.895184077023316,-44.28277878787884,-37.387594710855524,-20.093700000000126,0.07307363615623183,-0.4373410004563661,-0.3962254614436852,-0.2607353485022496,0.21055173873901367,0.031152009963989258,0.043207645416259766,0.1833803653717041,6.758849235808696,4.873020427532473,0.7209837440543851,4.244164744573075,156,1002
140,"[  0.67167935  98.5038832   99.94677261  83.9073     100.
  65.3175      34.2429       4.6015       1.        ]","[  2.0206      76.73622727  93.94285859  83.9073     100.
  65.3175      34.2429       4.6015       1.        ]","[ 19.      77.3687  99.85    83.9073 100.      65.3175  34.2429   4.6015
   1.    ]","[ 24.424   82.3027  96.085   83.9073 100.      65.3175  34.2429   4.6015
   1.    ]",[0.92827877 0.20031574 0.41827955 0.70063949],[0.9461863  0.14608395 0.34391088 0.70063949],[[0.92827877 0.17263385 0.34391088 0.62994321]],[0.9461863  0.16476182 0.41827955 0.6203877 ],18.313723536363568,47.434214141414145,57.87399999999985,62.12900000000002,29.120490605050577,10.439785858585708,39.560276463636285,-4.255000000000166,1.5900911983971575,0.22008978218679665,2.160143806096327,-0.0684865360781626,0.2114558219909668,0.05420374870300293,0.06059575080871582,0.05481314659118652,3.901129111006523,3.4896146869848166,0.8945140208611213,0.9045707967909599,228,72
141,"[16.14748146 52.29840695 99.9222157  49.9761     56.         70.2249
 35.5243     63.5794      1.        ]","[ 3.0466697  52.51848182 93.9329303  49.9761     56.         70.2249
 35.5243     63.5794      1.        ]",[48.945  86.273  98.7851 49.9761 56.     70.2249 35.5243 63.5794  1.    ],[41.022  72.078  93.7001 49.9761 56.     70.2249 35.5243 63.5794  1.    ],[0.85935942 0.63874677 0.88394078 0.88656778],[0.92228594 0.59037034 0.88394078 0.90340325],[0.91849426 0.55221086 0.85798316 0.90332329],[0.92228594 0.55221086 0.87764631 0.90332329],113.95075880940897,106.61915757575758,113.9108,125.26779999999997,-7.331601233651384,7.291642424242411,-0.03995880940897223,-11.356999999999971,-0.06434008259579935,0.06838960830338,-0.00035066733935318746,-0.09066176623202431,0.22121930122375488,0.019761085510253906,0.1900184154510498,0.0333101749420166,11.194693788909802,1.164199273521164,0.10399563359870513,0.17529971957164098,1002,36
142,"[ 1.04521309 65.70728815 91.69230668 58.971      53.         28.6207
 52.284      68.391       0.        ]","[ 2.0379798  52.51848182 89.89321717 58.971      53.         28.6207
 52.284      68.391       0.        ]",[21.895  63.1121 98.8075 58.971  53.     28.6207 52.284  68.391   0.    ],[25.07   52.6531 81.085  58.971  53.     28.6207 52.284  68.391   0.    ],[0.83706839 0.85957912 0.25304793 0.59201693],[0.76760743 0.87521035 0.25304793 0.59201693],[0.8069173  0.85873335 0.25304793 0.44906266],[0.8069173  0.84574593 0.23087175 0.44906266],84.67461826146325,100.65528080808082,101.00439999999992,132.36090000000002,15.980662546617566,0.349119191919101,16.329781738536667,-31.356500000000096,0.18873025795370627,0.003468463741954739,0.1928533257523832,-0.2369015320989816,0.2244558334350586,0.023122310638427734,0.19219565391540527,0.050570011138916016,9.707327132870017,1.1678507232731319,0.1203061056136316,0.2631173499957203,1002,31
143,"[21.64628007 52.44299379 96.91677285 86.3953     95.         91.3509
 51.9846     53.7584      1.        ]","[ 2.0379798  52.51848182 95.95278687 86.3953     95.         91.3509
 51.9846     53.7584      1.        ]",[40.024  82.117  97.765  86.3953 95.     91.3509 51.9846 53.7584  1.    ],[18.9115 77.895  92.382  86.3953 95.     91.3509 51.9846 53.7584  1.    ],[0.21731196 0.49304915 0.83732573 0.79093931],[0.21731196 0.48112939 0.83732573 0.86698711],[0.21731196 0.41240631 0.8289922  0.81893559],[0.21731196 0.30202634 0.83732573 0.81893559],85.89121343812604,67.17141111111107,73.74669999999992,62.23919999999998,-18.719802327014975,6.575288888888849,-12.144513438126125,11.507499999999936,-0.21794781535482985,0.09788820541543167,-0.14139413045869634,0.18489151531510592,0.2580108642578125,0.02164912223815918,0.23598170280456543,0.2941725254058838,11.917844124092817,1.0933511420226132,0.09174068150566944,1.2465904004833401,1002,1002
144,"[33.53453691 99.87275614 99.91271764 46.0124     49.         28.0372
 70.6336     13.773       1.        ]","[13.13356869 52.51848182 88.88328889 46.0124     49.         28.0372
 70.6336     13.773       1.        ]",[25.0309 87.312  98.4586 46.0124 49.     28.0372 70.6336 13.773   1.    ],[25.3539 97.49   98.4586 46.0124 49.     28.0372 70.6336 13.773   1.    ],[0.96313643 0.69617087 0.82629559 0.80352512],[0.96313643 0.61542593 0.83473434 0.83836171],[[0.96313643 0.56734111 0.83473434 0.80352512]],[0.96313643 0.56734111 0.83473434 0.80352512],87.73666312388116,125.71939797979798,93.24789999999996,83.39289999999994,37.98273485591682,-32.471497979798016,5.511236876118801,9.855000000000018,0.43291747718153467,-0.2582855032841941,0.06281566542298427,0.1181755281324912,0.2510950565338135,0.02710866928100586,0.1868455410003662,0.03652453422546387,9.26253715853723,1.3438643233842082,0.14508598458313077,0.19547982804359393,1002,108
145,"[18.04293829 98.50621839 46.0690873  53.6218     14.         94.4615
  1.6312     25.8299      1.        ]",[40.952   0.     57.318  53.6218 14.     94.4615  1.6312 25.8299  1.    ],[41.048  47.03   60.318  53.6218 14.     94.4615  1.6312 25.8299  1.    ],[11.167  74.045  44.508  53.6218 14.     94.4615  1.6312 25.8299  1.    ],[0.01064873 0.10669056 0.7969516  0.89329158],[0.00187201 0.01750911 0.91018509 0.8491143 ],[0.00912681 0.06949383 0.76248791 0.88058821],[0.00839399 0.07535439 0.79350633 0.90244938],119.84583259601243,230.0122,180.07819999999998,138.99219999999997,110.16636740398758,-49.934000000000026,60.23236740398755,41.08600000000001,0.9192340277308323,-0.2170928324671475,0.502582076483414,0.2955993214007694,0.28992486000061035,0.007486104965209961,0.020096540451049805,0.055680274963378906,38.728398993598525,14.426605450166685,0.3725071478568293,2.7706398073341165,60,78
146,"[ 0.76594891 44.99668967 99.91275288 43.5858      8.         34.3929
 75.451      37.5584      1.        ]","[2.06000e-02 5.30780e+01 8.92642e+01 4.35858e+01 8.00000e+00 3.43929e+01
 7.54510e+01 3.75584e+01 1.00000e+00]",[45.72   80.039  90.1052 43.5858  8.     34.3929 75.451  37.5584  1.    ],[46.293  74.9235 91.2372 43.5858  8.     34.3929 75.451  37.5584  1.    ],[0.83396183 0.75830156 0.77986281 0.83781283],[0.83396183 0.64686332 0.72165678 0.84863324],[0.88073611 0.4104902  0.73238992 0.7699046 ],[0.88073611 0.4104902  0.73238992 0.7699046 ],112.27070636311157,114.0926,131.99,136.54650000000004,1.8218936368884329,17.897400000000005,19.719293636888438,-4.556500000000028,0.016227684815627443,0.15686731654813724,0.17564059473458113,-0.03336958472022371,0.24393773078918457,0.025907039642333984,0.013581275939941406,0.3455162048339844,9.415885958292687,17.961326451794115,1.9075556491819394,25.44062916929991,54,1002
147,"[ 1.84614468 65.50496743 99.32958758 58.5196     14.         56.0844
 91.564      25.1212      0.        ]","[13.13356869 71.69086364 88.97264343 58.5196     14.         56.0844
 91.564      25.1212      0.        ]",[37.011  62.684  98.6373 58.5196 14.     56.0844 91.564  25.1212  0.    ],[37.022  53.228  67.4113 58.5196 14.     56.0844 91.564  25.1212  0.    ],[0.76945308 0.86592763 0.08475846 0.2587289 ],[0.80284273 0.86673702 0.06900116 0.19942606],[0.77423818 0.85788769 0.06524736 0.15484249],[0.77423818 0.84483657 0.05462063 0.15484249],78.49198967972131,93.95046161616165,117.17009999999993,157.8631,15.458471936440333,23.219638383838287,38.67811032027862,-40.69300000000007,0.19694330592863138,0.24714767745051688,0.49276506402883613,-0.25777398264699014,0.24970197677612305,0.11755967140197754,0.30013608932495117,0.042009592056274414,2.1240445281809683,0.8319625185286393,0.39168788953832906,0.13996847946796392,1002,17
148,"[ 15.3505736   99.90410346  99.95440706  26.5669     100.
  83.1226      18.4308      88.1734       1.        ]","[ 13.13356869  98.93582727  93.9329303   26.5669     100.
  83.1226      18.4308      88.1734       1.        ]","[ 18.4111  74.2864  95.9852  26.5669 100.      83.1226  18.4308  88.1734
   1.    ]","[ 12.6211  52.2864  81.9592  26.5669 100.      83.1226  18.4308  88.1734
   1.    ]",[0.52466067 0.65722462 0.70903718 0.89073122],[0.68190976 0.27651365 0.70903718 0.90557042],[0.68190976 0.22214727 0.70903718 0.89073122],[0.68190976 0.1902348  0.6801956  0.88915657],88.92516307357027,93.69791111111113,121.57260000000002,151.80859999999998,4.77274803754085,27.874688888888898,32.64743692642975,-30.23599999999996,0.05367151290565779,0.2974953076150637,0.367133843762756,-0.1991718519240673,0.20634889602661133,0.024301767349243164,0.025142908096313477,0.03578615188598633,8.49110655456249,8.207041732649326,0.966545606266061,1.4233099746816238,84,30
149,"[  2.30088341  44.91423836  97.33159026  85.4394     100.
  39.2657       4.1569      86.0033       0.        ]","[  2.0379798   44.4459      94.94285859  85.4394     100.
  39.2657       4.1569      86.0033       0.        ]","[ 29.784   88.295   88.4986  85.4394 100.      39.2657   4.1569  86.0033
   0.    ]","[ 36.952   52.306   60.4316  85.4394 100.      39.2657   4.1569  86.0033
   0.    ]",[0.05625776 0.77899539 0.5777294  0.72507321],[0.05625776 0.76177388 0.5777294  0.72507321],[0.06810453 0.73837369 0.44662899 0.64796231],[0.05166137 0.75381357 0.37698148 0.62414308],74.61565478971386,77.20982121212126,67.55099999999982,138.77499999999998,2.5941664224073975,-9.658821212121438,-7.064654789714041,-71.22400000000016,0.034767052969225117,-0.12509834967219285,-0.09468059765238351,-0.5132336515943086,0.24980759620666504,0.01989459991455078,0.3160829544067383,0.047560930252075195,12.556552897751786,0.79032289696081,0.06294107175722687,0.15046977253595706,1002,27
150,"[10.36832263 99.86105633 98.41959795 37.8188     77.         85.0235
 73.6864     11.5448      1.        ]","[13.13356869 99.9449     93.9329303  37.8188     77.         85.0235
 73.6864     11.5448      1.        ]",[39.608  86.6858 96.1441 37.8188 77.     85.0235 73.6864 11.5448  1.    ],[17.643  98.8575 96.5351 37.8188 77.     85.0235 73.6864 11.5448  1.    ],[0.81391129 0.61715181 0.7069288  0.82197733],[0.81391129 0.61715181 0.7069288  0.69780143],[0.81391129 0.43645465 0.66034689 0.77322575],[0.81391129 0.52990891 0.7069288  0.7802965 ],74.26886835419157,81.43693838383837,118.95929999999987,84.43159999999989,7.168070029646799,37.522361616161504,44.6904316458083,34.52769999999998,0.09651513734478828,0.4607535887376635,0.6017384219815715,0.408942860256113,0.18043279647827148,0.03496050834655762,0.19001412391662598,0.07205843925476074,5.161046134960958,0.9495757092111817,0.18398899842780908,0.3792267530932511,1002,126
151,"[3.25142476e-02 6.62857591e+01 9.99641716e+01 6.18276000e+01
 1.70000000e+01 2.43610000e+01 6.71293000e+01 8.41258000e+01
 0.00000000e+00]","[ 2.0379798  44.4459     91.91307374 61.8276     17.         24.361
 67.1293     84.1258      0.        ]",[25.755  62.1018 94.0382 61.8276 17.     24.361  67.1293 84.1258  0.    ],[17.07   44.5723 95.2947 61.8276 17.     24.361  67.1293 84.1258  0.    ],[0.79729944 0.90048215 0.19711263 0.4457969 ],[0.7166238  0.83099763 0.26879537 0.4457969 ],[0.76188246 0.84856089 0.19711263 0.33944629],[0.76188246 0.85120276 0.26879537 0.33944629],71.95498349335895,103.85140606060605,107.78739999999999,115.37539999999996,31.8964225672471,3.9359939393939385,35.83241650664104,-7.587999999999965,0.4432830225051885,0.03790024698459021,0.497983805526801,-0.06576791933115697,0.22028493881225586,0.012295722961425781,0.18935585021972656,0.01673293113708496,17.915574342666563,1.1633384368987782,0.06493447626338426,0.08836764809573214,1002,7
152,"[ 1.18420414 52.29966251 99.94805973 64.5828     41.         52.2342
 69.7293     50.2837      1.        ]","[ 2.0379798  52.51848182 89.9329303  64.5828     41.         52.2342
 69.7293     50.2837      1.        ]",[30.4162 85.234  66.795  64.5828 41.     52.2342 69.7293 50.2837  1.    ],[18.9115 79.0265 90.318  64.5828 41.     52.2342 69.7293 50.2837  1.    ],[0.93476154 0.68623381 0.88591598 0.91519187],[0.95113564 0.65313327 0.88591598 0.91519187],[[0.94969953 0.58325242 0.85512584 0.88089297]],[0.95113564 0.62170809 0.88591598 0.88218819],84.35368190542806,95.00376767676767,113.80439999999999,84.98419999999999,10.650085771339604,18.80063232323232,29.450718094571926,28.8202,0.12625513825561044,0.1978935444665512,0.34913375953867887,0.33912421367736595,0.24619269371032715,0.05449247360229492,0.017409801483154297,0.0499575138092041,4.517921052861856,14.141039686669771,3.1299882227273974,2.869505080660623,54,114
153,"[18.14316967 52.42681288 99.92024785 31.6843     25.         70.8553
 77.9707     41.3213      1.        ]","[13.13356869 52.51848182 89.89321717 31.6843     25.         70.8553
 77.9707     41.3213      1.        ]",[19.965  77.9818 99.7809 31.6843 25.     70.8553 77.9707 41.3213  1.    ],[25.07   71.8288 89.6109 31.6843 25.     70.8553 77.9707 41.3213  1.    ],[0.88370414 0.60702042 0.74034367 0.81295737],[0.93654249 0.55906344 0.74034367 0.849636  ],[0.88370414 0.53545279 0.74034367 0.83860677],[0.93654249 0.53719094 0.74034367 0.83860677],134.1118089448866,139.03756969696968,110.51799999999997,131.94599999999997,4.925760752083079,-28.51956969696971,-23.593808944886632,-21.427999999999997,0.03672876229793698,-0.20512131907316627,-0.17592640894570688,-0.1623997696027163,0.22629165649414062,0.02517986297607422,0.24080443382263184,0.025988101959228516,8.987009052001666,0.9397321008666276,0.10456561192150153,0.10792202430280186,1002,37
154,"[ 0.94300888 99.88810965 99.9525887  31.1656     46.         22.5984
 46.0359     95.4091      1.        ]","[13.13356869 44.4459     91.91307374 31.1656     46.         22.5984
 46.0359     95.4091      1.        ]",[36.952  62.684  92.3719 31.1656 46.     22.5984 46.0359 95.4091  1.    ],[21.292  70.96   98.8594 31.1656 46.     22.5984 46.0359 95.4091  1.    ],[0.25225656 0.42183429 0.90869774 0.91191947],[0.21455828 0.11372086 0.93711705 0.93089602],[[0.21455828 0.13754265 0.88915739 0.91538724]],[0.21455828 0.15321812 0.90869774 0.91968365],69.93671053221186,145.60899494949493,150.73049999999998,120.30700000000002,75.67228441728307,5.12150505050505,80.79378946778812,30.42349999999996,1.0820109187495954,0.0351729991150716,1.1552414869523444,0.2528822096802344,0.21999120712280273,0.02596259117126465,0.01979827880859375,0.3079807758331299,8.473391799439828,11.11163294797688,1.3113559730250481,15.555936897880539,72,1002
155,"[16.5422593  48.20420025 99.96357613 44.3982     10.         69.4848
 18.0921     99.4763      1.        ]","[26.23784747 65.63642727 91.91307374 44.3982     10.         69.4848
 18.0921     99.4763      1.        ]",[29.4631 90.1446 96.7225 44.3982 10.     69.4848 18.0921 99.4763  1.    ],"[ 25.0336  91.2631 100.      44.3982  10.      69.4848  18.0921  99.4763
   1.    ]",[0.02460455 0.1648014  0.92872233 0.87373239],[0.04670504 0.04736421 0.92872233 0.88914035],[0.0494417  0.04483737 0.92187147 0.89215324],[0.00846479 0.09090745 0.92096516 0.89215324],123.97628291793382,124.29014646464645,98.19779999999992,89.3723,0.31386354671263916,-26.09234646464654,-25.7784829179339,8.82549999999992,0.0025316418537923205,-0.2099309334394287,-0.20793076152313733,0.0987498363586919,0.3047912120819092,0.027210474014282227,0.060616254806518555,0.2549128532409668,11.201245958520621,5.0282092328992345,0.4488973147736614,4.205354719697297,198,1002
156,"[ 2.53046367 52.37923171 99.95288449 90.6851     93.         54.5259
 57.0327     36.045       1.        ]","[ 2.0379798  52.51848182 93.9329303  90.6851     93.         54.5259
 57.0327     36.045       1.        ]",[45.72   97.6524 99.18   90.6851 93.     54.5259 57.0327 36.045   1.    ],[50.708  90.9534 95.318  90.6851 93.     54.5259 57.0327 36.045   1.    ],[0.9333058  0.72825678 0.89273405 0.90077736],[0.95002574 0.6961597  0.89273405 0.92430703],[[0.95002574 0.62313012 0.88685544 0.89444144]],[0.95002574 0.62313012 0.86845043 0.89444144],59.51324746599971,64.90146767676765,58.20249999999987,73.75149999999996,5.38822021076794,-6.698967676767779,-1.3107474659998388,-15.549000000000092,0.09053816486566733,-0.10321750673083413,-0.022024465506586193,-0.2108296102452167,0.22515177726745605,0.02677154541015625,0.300081729888916,0.050879716873168945,8.410115061271018,0.7503015173592958,0.08921417981716687,0.1695528644546389,1002,132
157,"[56.94550748 98.5048521  99.94390926 73.9785     81.         88.3537
 91.4822     99.7478      1.        ]","[ 2.0379798  52.51848182 95.95278687 73.9785     81.         88.3537
 91.4822     99.7478      1.        ]",[44.7878 96.9556 99.85   73.9785 81.     88.3537 91.4822 99.7478  1.    ],"[ 18.      78.367  100.      73.9785  81.      88.3537  91.4822  99.7478
   1.    ]",[0.0163293  0.25869372 0.83226754 0.86127132],[0.03498704 0.07941227 0.82742785 0.87907453],[0.01837737 0.12637926 0.84290242 0.86127132],[0.00274251 0.14469991 0.84123781 0.86127132],84.51824611944068,79.5882111111111,74.00369999999998,65.65449999999993,-4.9300350083295825,-5.584511111111112,-10.514546119440695,8.349200000000053,-0.058331014126375584,-0.07016756669294548,-0.12440563549534146,0.1271687393857247,0.33725547790527344,0.025191307067871094,0.06104731559753418,0.06065964698791504,13.38777209918607,5.524493167376812,0.41265216695111523,0.9936497025983105,198,186
158,"[33.13234481 99.89010249 99.93356107 37.6367     72.         61.922
 26.6347     32.8408      1.        ]","[ 2.0379798 99.9449    93.9329303 37.6367    72.        61.922
 26.6347    32.8408     1.       ]",[24.7346 75.377  73.9985 37.6367 72.     61.922  26.6347 32.8408  1.    ],[24.7846 76.221  99.3675 37.6367 72.     61.922  26.6347 32.8408  1.    ],[0.91606644 0.77664571 0.80505051 0.89516918],[0.93681563 0.72460827 0.83669479 0.85298189],[[0.93498743 0.55210267 0.81908424 0.89516918]],[0.93681563 0.57940455 0.83669479 0.89516918],95.67198124154572,70.52344949494943,137.7224,111.55940000000004,-25.14853174659629,67.19895050505056,42.05041875845427,26.162999999999954,-0.262862035679005,0.9528596656331033,0.43952699852936467,0.23452080237075446,0.2157282829284668,0.037245988845825195,0.22089052200317383,0.13530611991882324,5.791986992785861,0.9766298751621726,0.16861741512517242,0.6125483279761507,1002,438
159,"[ 8.70800682 66.18051092 95.76266479 32.6957     57.         93.4915
 73.2544     61.2394      0.        ]","[13.13356869 72.0854     93.6809     32.6957     57.         93.4915
 73.2544     61.2394      0.        ]",[55.1167 81.8579 98.8084 32.6957 57.     93.4915 73.2544 61.2394  0.    ],[55.0497 72.0854 93.6809 32.6957 57.     93.4915 73.2544 61.2394  0.    ],[0.12095005 0.79779151 0.08234704 0.27759689],[0.09405315 0.79779151 0.08234704 0.28384326],[0.0702893  0.78667224 0.06920002 0.21867183],[0.0702893  0.78667224 0.06920002 0.21867183],114.06913110982725,114.67156868686868,141.7547,156.58769999999998,0.6024375770414281,27.083131313131332,27.68556889017276,-14.83299999999997,0.005281337476493911,0.23618000192433652,0.24270868569619183,-0.09472646957583496,0.22161650657653809,0.012408256530761719,0.3144495487213135,0.043646812438964844,17.860406579048497,0.7047760363394564,0.03946024594793983,0.13880386413798804,1002,10
160,"[ 2.32045981 98.22420514 97.50327788 61.0277     17.         76.7399
  3.5852     38.2367      0.        ]","[ 2.0379798  65.63642727 95.95278687 61.0277     17.         76.7399
  3.5852     38.2367      0.        ]",[12.0312 77.2584 90.4675 61.0277 17.     76.7399  3.5852 38.2367  0.    ],[13.0422 66.3464 81.085  61.0277 17.     76.7399  3.5852 38.2367  0.    ],[0.08167712 0.84113414 0.17308481 0.61295964],[0.08484095 0.81879904 0.17308481 0.60559513],[0.07641905 0.75676487 0.17308481 0.52500328],[0.09882312 0.74978791 0.16509567 0.51754758],45.565276792019745,79.4210656565657,83.27759999999995,104.5831,33.85578886454596,3.856534343434248,37.712323207980205,-21.305500000000052,0.7430172984371166,0.04855807853436213,0.8276548693013778,-0.20371838279798601,0.21196842193603516,0.01094961166381836,0.3094151020050049,0.04813838005065918,19.358533292688236,0.6850616552407532,0.03538809706722475,0.15557863769002628,1002,15
161,"[28.90200436 99.91100607 99.94860277 24.5906     95.         39.9059
 48.576      99.1063      1.        ]","[10.10749899 99.9449     93.9329303  24.5906     95.         39.9059
 48.576      99.1063      1.        ]",[19.965  77.1007 94.6097 24.5906 95.     39.9059 48.576  99.1063  1.    ],[22.5855 74.8822 91.2272 24.5906 95.     39.9059 48.576  99.1063  1.    ],[0.14534681 0.38867267 0.86767204 0.93335138],[0.14534681 0.1628437  0.88011813 0.89514828],[0.13807277 0.08703344 0.87452757 0.93335138],[0.13807277 0.0749973  0.87452757 0.93335138],104.45179551622834,91.63906868686865,123.66399999999999,131.88549999999998,-12.81272682935969,32.02493131313133,19.212204483771643,-8.221499999999992,-0.12266641052971672,0.3494681010187996,0.18393369294247033,-0.06233816454424477,0.2105698585510254,0.03472614288330078,0.2179110050201416,0.346940279006958,6.063727240271332,0.9663112633139493,0.15935928926623522,1.59211912668151,1002,1002
162,"[ 2.15208963 52.56578934 99.94445628 97.5955     66.          6.2615
 41.8125     41.2167      1.        ]","[ 2.0206     44.4459     94.94285859 97.5955     66.          6.2615
 41.8125     41.2167      1.        ]",[28.5011 89.3775 96.5561 97.5955 66.      6.2615 41.8125 41.2167  1.    ],[25.6386 65.979  97.0121 97.5955 66.      6.2615 41.8125 41.2167  1.    ],[0.95516816 0.72267598 0.91819568 0.95109022],[0.95516816 0.59913254 0.93475652 0.9471377 ],[[0.95516816 0.62055754 0.91357739 0.92066983]],[0.95516816 0.63237049 0.91819568 0.92066983],52.046344012208806,65.03634141414142,44.97199999999992,65.05200000000002,12.989997401932612,-20.064341414141495,-7.074344012208883,-20.080000000000098,0.2495852042726666,-0.308509688242991,-0.13592393753054804,-0.3086761360142669,0.20789766311645508,0.019716262817382812,0.292391300201416,0.06196880340576172,10.544476153622908,0.7110254750166751,0.06743108568483779,0.21193791799918132,1002,102
163,"[10.79153736 48.27879247 99.96062142 75.1774     31.          1.2248
 19.0818     19.5623      1.        ]","[ 3.0466697  52.51848182 89.89321717 75.1774     31.          1.2248
 19.0818     19.5623      1.        ]",[21.895  79.     92.2903 75.1774 31.      1.2248 19.0818 19.5623  1.    ],"[  9.716  100.      96.4948  75.1774  31.       1.2248  19.0818  19.5623
   1.    ]",[0.95562647 0.65222192 0.88792043 0.87944786],[0.95562647 0.59509933 0.88792043 0.89554098],[0.95562647 0.5619428  0.88792043 0.86193733],[0.95562647 0.6054737  0.88792043 0.79837   ],87.37472346882123,85.45757070707072,75.42729999999995,38.04380000000003,-1.9171527617505149,-10.03027070707077,-11.947423468821285,37.38349999999991,-0.021941731952200467,-0.11737135310635352,-0.1367377542898273,0.9826436896419359,0.3112196922302246,0.011032581329345703,0.1966102123260498,0.04649019241333008,28.20914552448459,1.5829274000991944,0.05611397901879965,0.2364586857585646,1002,108
164,"[ 1.06435546 65.84629148 99.93794155 89.8945     83.         12.5463
 19.9134     73.6028      0.        ]","[ 2.0379798  65.63642727 93.9329303  89.8945     83.         12.5463
 19.9134     73.6028      0.        ]",[23.0357 94.754  98.8075 89.8945 83.     12.5463 19.9134 73.6028  0.    ],[25.0467 52.306  81.085  89.8945 83.     12.5463 19.9134 73.6028  0.    ],[0.7850343  0.86078457 0.33975293 0.61540365],[0.7850343  0.84092176 0.33975293 0.61540365],[0.7770998  0.84636265 0.33975293 0.47335423],[0.74815122 0.87101807 0.29639193 0.47335423],45.38562243211993,52.57412222222223,39.57969999999989,101.76120000000003,7.1884997901022984,-12.99442222222234,-5.805922432120042,-62.18150000000014,0.1583871588596946,-0.2471638454998267,-0.12792426590168615,-0.6110531322350771,0.22383356094360352,0.0321047306060791,0.29062795639038086,0.05210685729980469,6.971980661978211,0.7701721600483026,0.1104667665314172,0.17929058837620243,1002,35
165,"[ 2.3579939  99.92738669 99.96006451 27.6862     84.         54.2516
 15.3581     37.4039      1.        ]","[13.13356869 99.9449     93.9329303  27.6862     84.         54.2516
 15.3581     37.4039      1.        ]",[24.8195 87.312  98.728  27.6862 84.     54.2516 15.3581 37.4039  1.    ],[12.4145 72.078  81.615  27.6862 84.     54.2516 15.3581 37.4039  1.    ],[0.92870378 0.62237283 0.82967117 0.91008758],[0.94651131 0.55417573 0.82967117 0.83350163],[0.94651131 0.35822332 0.82967117 0.88165903],[0.94651131 0.34567577 0.80957591 0.90641628],74.78434269805985,91.56953838383839,111.0933,131.0353,16.785195685778547,19.523761616161607,36.308957301940154,-19.942000000000007,0.22444799379394706,0.213212406229706,0.4855154968538906,-0.15218799819590603,0.21790313720703125,0.0278475284576416,0.2046825885772705,0.027257204055786133,7.8248645131462915,1.0645904897024,0.13605225852969302,0.13316816171443016,1002,36
166,"[ 6.6536598  52.37503956 99.90604247 42.7414     21.         12.8241
 99.6571     63.2745      1.        ]","[13.13356869 52.51848182 97.97264343 42.7414     21.         12.8241
 99.6571     63.2745      1.        ]","[ 12.7628  69.9932 100.      42.7414  21.      12.8241  99.6571  63.2745
   1.    ]",[23.8605 92.9025 92.351  42.7414 21.     12.8241 99.6571 63.2745  1.    ],[0.94285204 0.67970767 0.28866993 0.32979987],[0.94285204 0.64467408 0.24515813 0.32979987],[0.78077394 0.57569136 0.28866993 0.32979987],[0.94285204 0.62175295 0.22766341 0.21250039],111.6311777743478,119.90104343434342,100.02819999999997,95.86559999999992,8.269865659995617,-19.87284343434345,-11.602977774347835,4.1626000000000545,0.07408204253396297,-0.16574370718654852,-0.10394029701811613,0.04342120635556506,0.23010778427124023,0.019996166229248047,0.0543978214263916,0.34656834602355957,11.507595087635627,4.230091908783709,0.36759130613908597,6.370996796122037,240,1002
167,"[ 2.31359838 98.49924177 99.94873277 72.4382     16.         31.9896
  1.8253     98.6212      1.        ]","[ 2.0379798  44.4459     88.88328889 72.4382     16.         31.9896
  1.8253     98.6212      1.        ]","[ 20.568   64.7326 100.      72.4382  16.      31.9896   1.8253  98.6212
   1.    ]","[ 32.323   96.5201 100.      72.4382  16.      31.9896   1.8253  98.6212
   1.    ]",[0.00632466 0.15215002 0.95973779 0.91205396],[0.00469303 0.02670508 0.97274654 0.97306704],[[0.00129048 0.07889827 0.95768167 0.87244536]],[0.00136992 0.08251474 0.95818606 0.85039384],31.427423836537457,96.27059090909091,83.3972,63.36469999999997,64.84316707255346,-12.873390909090915,51.96977616346254,20.032500000000027,2.0632670183156065,-0.1337209088209229,1.653644168665285,0.3161460560848554,0.31871914863586426,0.013931512832641602,0.17324399948120117,0.06265878677368164,22.877569181797956,1.8397124840704726,0.08041555767796345,0.36167940570132584,1002,108
168,"[21.57933055 66.10067101 99.95862769 89.3131     63.         35.8364
 95.3932     88.3971      0.        ]","[25.13356869 65.69086364 97.97264343 89.3131     63.         35.8364
 95.3932     88.3971      0.        ]",[40.1307 66.026  99.2752 89.3131 63.     35.8364 95.3932 88.3971  0.    ],[36.1527 53.228  60.5722 89.3131 63.     35.8364 95.3932 88.3971  0.    ],[0.80421819 0.92240574 0.05316931 0.11755042],[0.80421819 0.85408758 0.04300873 0.11755042],[0.75240829 0.85118714 0.05316931 0.11755042],[0.63438738 0.80509889 0.02846264 0.06963255],66.20693184704652,72.1569616161616,85.51639999999992,133.0394,5.950029769115076,13.359438383838324,19.3094681529534,-47.52300000000008,0.08987019339396417,0.1851441369566495,0.2916532697446664,-0.3572099693774933,0.2131633758544922,0.11438179016113281,0.04026341438293457,0.04976797103881836,1.863612866647768,5.294220053648513,2.840836822065764,1.236059380495864,180,17
169,"[17.26615334 99.90277647 99.91334565 32.0073     76.         79.6536
 11.9033     47.7775      1.        ]","[13.13356869 98.93582727 93.9329303  32.0073     76.         79.6536
 11.9033     47.7775      1.        ]",[23.825  71.071  56.7955 32.0073 76.     79.6536 11.9033 47.7775  1.    ],[24.489  73.038  59.485  32.0073 76.     79.6536 11.9033 47.7775  1.    ],[0.84517947 0.63465995 0.79997894 0.88505489],[0.87933748 0.48560834 0.79997894 0.9091749 ],[0.85367682 0.34770243 0.78745561 0.85981796],[0.86391251 0.34770243 0.78745561 0.86949153],85.44273120957985,88.25751111111111,163.95119999999997,159.95870000000002,2.814779901531267,75.69368888888886,78.50846879042012,3.99249999999995,0.03294346823519698,0.8576458585331607,0.9188431558659931,0.024959567688409255,0.21477270126342773,0.03372788429260254,0.2051081657409668,0.35294175148010254,6.367808291803627,1.0471192138428382,0.16443950035220845,1.7207591428896902,1002,1002
170,"[ 0.62705146 99.90940753 99.94268832 65.0914     17.         29.7824
 81.7512     14.9167      1.        ]","[ 2.0292899  52.51848182 88.88328889 65.0914     17.         29.7824
 81.7512     14.9167      1.        ]",[45.0216 98.3445 92.398  65.0914 17.     29.7824 81.7512 14.9167  1.    ],[18.9115 98.329  91.324  65.0914 17.     29.7824 81.7512 14.9167  1.    ],[0.95909739 0.68848244 0.6550843  0.86591591],[0.95909739 0.65121598 0.6550843  0.86591591],[0.95850216 0.60367141 0.64141298 0.78904472],[0.95909739 0.60640149 0.6550843  0.81105246],35.68355560487248,95.53611919191917,89.18769999999995,64.16709999999989,59.85256358704669,-6.34841919191922,53.50414439512747,25.02060000000006,1.6773150145069624,-0.06645046130841993,1.4994061967250158,0.3899287952860594,0.215315580368042,0.013608217239379883,0.050926923751831055,0.29830384254455566,15.82246789424812,4.227932191963596,0.26721066651685604,5.857487956629822,216,1002
171,"[ 1.61488581 65.93046623 99.89800546 96.821      54.         31.9985
 92.2783     46.8849      0.        ]","[ 2.0379798  65.63642727 89.9329303  96.821      54.         31.9985
 92.2783     46.8849      0.        ]",[56.901  87.4221 77.59   96.821  54.     31.9985 92.2783 46.8849  0.    ],[37.022  66.3961 60.318  96.821  54.     31.9985 92.2783 46.8849  0.    ],[0.80028575 0.89222362 0.18650315 0.15900143],[0.80028575 0.87695749 0.15503476 0.15900143],[0.80963785 0.82665465 0.08551583 0.10576456],[0.85558526 0.8564585  0.09505556 0.09882345],38.96541412188117,49.64762222222225,95.0678999999999,113.48689999999999,10.682208100341086,45.42027777777764,56.10248587811873,-18.419000000000096,0.2741458891448674,0.9148530331317165,1.4398021204813571,-0.16230067082632532,0.20988893508911133,0.05645036697387695,0.11469674110412598,0.05070304870605469,3.7181146260083624,1.829946806409838,0.4921706269110925,0.4420618076674434,1002,40
172,"[28.89781937 99.92119381 99.96438334 43.1836     43.         59.3167
 15.2727     82.6996      1.        ]","[ 2.0379798  99.9449     91.91307374 43.1836     43.         59.3167
 15.2727     82.6996      1.        ]",[29.055  90.429  92.2032 43.1836 43.     59.3167 15.2727 82.6996  1.    ],[26.2035 90.0105 94.3917 43.1836 43.     59.3167 15.2727 82.6996  1.    ],[0.84809438 0.74493709 0.87764631 0.91090251],[0.88351014 0.56174459 0.88394078 0.88878741],[0.88351014 0.4858188  0.87764631 0.91090251],[0.88351014 0.48266029 0.88394078 0.91090251],85.82864223098835,66.99640606060603,103.23919999999998,98.6176999999999,-18.832236170382316,36.24279393939395,17.410557769011632,4.621500000000083,-0.21941668516320714,0.5409662408847443,0.20285253636140554,0.046862784266922544,0.21222877502441406,0.00985264778137207,0.030165910720825195,0.21723651885986328,21.540278281911675,7.035384311400909,0.3266152934202727,7.201391029440822,84,1002
173,"[ 2.32337551 98.51188132 99.9480551  52.8382     20.          1.6987
 16.2813     96.2361      1.        ]","[ 3.0466697 99.9449    99.9925    52.8382    20.         1.6987
 16.2813    96.2361     1.       ]","[ 29.9631 100.      92.703   52.8382  20.       1.6987  16.2813  96.2361
   1.    ]","[ 18.9115  86.9974 100.      52.8382  20.       1.6987  16.2813  96.2361
   1.    ]",[0.09110007 0.25521593 0.93558579 0.96220778],[0.03096267 0.1767682  0.93558579 0.90115346],[0.07932811 0.09375507 0.93187643 0.89383848],[0.02673311 0.13392398 0.93558579 0.94379518],51.02523908360615,50.271069696969676,84.42189999999994,79.07589999999993,-0.7541693866364767,34.15083030303026,33.396660916393785,5.346000000000004,-0.014780320488077498,0.6793336706159022,0.6545125807577796,0.06760593303395862,0.21283268928527832,0.004683494567871094,0.02824568748474121,0.12163424491882324,45.443137853797595,7.535050771918867,0.16581273054165155,4.306294367397928,132,1002
174,"[ 2.42319931 52.60285363 99.95892197 79.45       20.         64.0481
 21.104      66.8504      1.        ]","[26.23784747 52.51848182 88.95278687 79.45       20.         64.0481
 21.104      66.8504      1.        ]",[25.2246 91.468  91.51   79.45   20.     64.0481 21.104  66.8504  1.    ],[17.3501 74.712  91.8875 79.45   20.     64.0481 21.104  66.8504  1.    ],[0.90268521 0.66535102 0.9023964  0.90333969],[0.92647686 0.63123133 0.9023964  0.87946584],[0.92647686 0.55544749 0.9023964  0.89714871],[0.92647686 0.56926364 0.9023964  0.89714871],70.41142370583361,105.31657878787877,62.796599999999955,71.30059999999997,34.905155082045155,-42.51997878787881,-7.614823705833658,-8.504000000000019,0.49573142034270856,-0.4037349036329746,-0.10814756051016713,-0.1192696835650755,0.23160529136657715,0.0735476016998291,0.32140564918518066,0.2756965160369873,3.1490529400514133,0.7206011840605071,0.2288310796225427,0.8577836660180865,1002,1002
175,"[  3.47597305  44.48456898  99.96342934  89.0616     100.
  24.0644      93.9749      49.5718       0.        ]","[ 12.6297      65.772       97.97264343  89.0616     100.
  24.0644      93.9749      49.5718       0.        ]","[ 12.5747  96.824   99.18    89.0616 100.      24.0644  93.9749  49.5718
   0.    ]","[ 12.6297  65.772   60.318   89.0616 100.      24.0644  93.9749  49.5718
   0.    ]",[0.81588887 0.89276916 0.15761046 0.16384027],[0.87330071 0.87456263 0.11956123 0.17536808],[0.83872974 0.86827313 0.13649877 0.17536808],[0.85774765 0.852974   0.07560213 0.13568633],69.966374736494,59.82345656565656,27.509099999999876,97.47809999999998,-10.142918170837447,-32.31435656565668,-42.45727473649413,-69.96900000000011,-0.1449684681968661,-0.5401619769361121,-0.6068239907583591,-0.7177919963561058,0.2099921703338623,0.019118547439575195,0.048700809478759766,0.05511188507080078,10.983688535834093,4.311882545308568,0.39257145095121065,1.1316420745498517,216,54
176,"[33.32944922 52.28249936 99.9402504  73.4688     90.         15.0368
 40.6179     89.9105      1.        ]","[30.28129697 52.51848182 93.9329303  73.4688     90.         15.0368
 40.6179     89.9105      1.        ]",[50.264  83.989  99.18   73.4688 90.     15.0368 40.6179 89.9105  1.    ],[24.969  66.672  95.318  73.4688 90.     15.0368 40.6179 89.9105  1.    ],[0.88503411 0.80350254 0.91259734 0.92980291],[0.88503411 0.58928526 0.91259734 0.92980291],[[0.87754585 0.51195851 0.89789763 0.92980291]],[0.88503411 0.56843279 0.91726326 0.92980291],107.63789946071591,110.36108484848484,93.62619999999987,89.5102,2.723185387768922,-16.734884848484967,-14.011699460716045,4.115999999999872,0.025299503255010933,-0.1516375529604512,-0.13017440447014508,0.045983586228160275,5.425766468048096,0.028119802474975586,0.18852639198303223,0.04091143608093262,192.95179875024377,28.779877506680478,0.14915578757538853,0.21700641300457674,1002,84
177,"[82.23004528 99.90640876 99.96471993 70.7365     89.         79.701
 22.0465     95.1314      1.        ]","[26.23784747 52.51848182 95.95278687 70.7365     89.         79.701
 22.0465     95.1314      1.        ]",[26.168  97.702  98.2097 70.7365 89.     79.701  22.0465 95.1314  1.    ],"[ 22.8865  77.895  100.      70.7365  89.      79.701   22.0465  95.1314
   1.    ]",[0.02990628 0.88605063 0.76658435 0.74674636],[0.11002159 0.21231332 0.929439   0.90506762],[0.11601674 0.20004607 0.929439   0.91933907],[0.01210112 0.33510585 0.929439   0.91933907],111.62241658536504,107.03007878787878,59.51979999999992,74.255,-4.592337797486266,-47.51027878787886,-52.102616585365126,-14.735200000000077,-0.041141716314430456,-0.4438965132599662,-0.4667755651528903,-0.19844050905663024,0.49208521842956543,0.028746843338012695,0.30992746353149414,0.23952078819274902,17.117887089149313,1.5877431861715632,0.09275345595532067,0.7728285369212189,1002,1002
178,"[ 0.91607937 78.52736581 94.4337689  91.0841     98.         59.8422
 27.5458     42.0354      0.        ]","[ 2.0379798  65.63642727 93.9329303  91.0841     98.         59.8422
 27.5458     42.0354      0.        ]",[25.144  73.3454 99.4418 91.0841 98.     59.8422 27.5458 42.0354  0.    ],[25.048  52.5729 94.2828 91.0841 98.     59.8422 27.5458 42.0354  0.    ],[0.59499974 0.82487073 0.31765243 0.55945624],[0.66068085 0.82487073 0.31765243 0.55181805],[0.6502016  0.83849797 0.31765243 0.40959368],[0.62774232 0.87054091 0.31765243 0.3672108 ],36.87084466169165,51.384522222222245,61.272699999999986,87.10820000000001,14.513677560530596,9.888177777777742,24.401855338308337,-25.835500000000025,0.3936356135505116,0.19243494636409025,0.6618198080951903,-0.296590906481824,0.19197869300842285,0.029648542404174805,0.021986007690429688,0.03628134727478027,6.475147762454264,8.731857812093345,1.348518695237269,1.6502017003556866,72,35
179,"[ 1.24346953 66.239898   90.80424339 93.8255     21.         53.7711
 36.0986     68.8273      0.        ]","[ 2.0206     65.63642727 88.94285859 93.8255     21.         53.7711
 36.0986     68.8273      0.        ]",[40.989  98.741  98.8075 93.8255 21.     53.7711 36.0986 68.8273  0.    ],[37.887  93.81   98.369  93.8255 21.     53.7711 36.0986 68.8273  0.    ],[0.63392046 0.88415621 0.28647135 0.534756  ],[0.63392046 0.88415621 0.28647135 0.534756  ],[0.5771489  0.838745   0.27437335 0.39307236],[0.5771489  0.86910082 0.27437335 0.39307236],50.37382814152363,53.61581414141415,49.614999999999895,51.88250000000005,3.2419859998905167,-4.000814141414253,-0.7588281415237361,-2.2675000000001546,0.06435853933479628,-0.07462003898442955,-0.015063936363776705,-0.04370452464704192,0.3027219772338867,0.03596377372741699,0.26705050468444824,0.3153495788574219,8.41741413257493,1.1335757541128355,0.13467030803747196,1.1808611978848147,1002,1002
180,"[ 1.28373656 66.22199484 99.90319139 77.511      50.         32.8963
 20.5749     42.8694      0.        ]","[ 2.0379798  44.4459     94.94285859 77.511      50.         32.8963
 20.5749     42.8694      0.        ]",[ 1.8893 48.6486 89.5105 77.511  50.     32.8963 20.5749 42.8694  0.    ],[25.1693 52.4136 89.7655 77.511  50.     32.8963 20.5749 42.8694  0.    ],[0.79845236 0.85274455 0.22356232 0.60537156],[0.71807332 0.83483367 0.26875533 0.58565214],[0.71807332 0.83161698 0.21263282 0.58565214],[0.76317699 0.86294747 0.22356232 0.46285097],57.647550328793386,85.13822121212127,86.2192,105.47919999999999,27.49067088332788,1.0809787878787347,28.571649671206615,-19.25999999999999,0.47687491882195443,0.012696750912677442,0.49562643179541754,-0.18259524152629136,0.22150301933288574,0.03141641616821289,0.026889801025390625,0.05165886878967285,7.050550201107991,8.23743616115761,1.1683394807774152,1.9211324301319337,96,38
181,"[ 9.33475279 65.97679949 99.96607729 34.5242     11.          5.3272
 28.9944      1.3397      0.        ]","[19.07       81.078      97.97264343 34.5242     11.          5.3272
 28.9944      1.3397      0.        ]",[18.035  82.117  62.477  34.5242 11.      5.3272 28.9944  1.3397  0.    ],[19.07   81.078  59.318  34.5242 11.      5.3272 28.9944  1.3397  0.    ],[0.83016068 0.23592756 0.02000456 0.37075548],[0.79776967 0.19972746 0.03137913 0.31509115],[0.79443715 0.1837432  0.03020062 0.05572756],[0.79443715 0.1837432  0.03020062 0.05572756],108.86767600976822,105.49515656565654,138.91680000000002,144.14979999999997,-3.372519444111674,33.42164343434348,30.049123990231806,-5.232999999999947,-0.030978152264489165,0.3168073731758766,0.2760151138666323,-0.03630251308014266,0.21213340759277344,0.0077016353607177734,0.279829740524292,0.033798933029174805,27.54394328700121,0.7580802783696902,0.027522576214693645,0.12078392012889252,1002,8
182,"[ 2.42529147 52.46784469 99.95345844 81.5087     64.         19.0906
 26.1851     38.88        1.        ]","[26.048      52.51848182 60.318      81.5087     64.         19.0906
 26.1851     38.88        1.        ]",[26.168  73.3534 99.18   81.5087 64.     19.0906 26.1851 38.88    1.    ],[24.725  67.83   95.318  81.5087 64.     19.0906 26.1851 38.88    1.    ],[0.95090014 0.69318675 0.90652102 0.93696744],[0.9457194  0.61355397 0.88607882 0.91496868],[[0.95090014 0.59861211 0.90652102 0.92066983]],[0.95090014 0.59861211 0.90652102 0.92066983],68.49528835181184,131.7028181818182,72.12589999999989,80.06830000000002,63.207529830006365,-59.576918181818314,3.630611648188051,-7.942400000000134,0.9228011349533124,-0.4523587194586168,0.05300527577225703,-0.09919531200237962,0.21269822120666504,0.009893178939819336,0.28446388244628906,0.03975343704223633,21.499481865284974,0.7477160874608592,0.03477833057308185,0.1397486271380774,1002,96
183,"[ 6.40534312 44.7536938  95.73237314 32.2176     98.         27.5074
 47.5989     38.5833      0.        ]","[13.13356869 44.4459     94.94285859 32.2176     98.         27.5074
 47.5989     38.5833      0.        ]",[55.5404 82.117  97.635  32.2176 98.     27.5074 47.5989 38.5833  0.    ],[54.4844 66.078  94.476  32.2176 98.     27.5074 47.5989 38.5833  0.    ],[0.811681   0.86691908 0.19561728 0.51150578],[0.811681   0.86691908 0.19561728 0.51150578],[0.80614521 0.83899233 0.13632426 0.44521152],[0.84642221 0.84445242 0.13632426 0.44521152],133.70167617571065,141.5272101010101,143.57079999999996,161.7128,7.825533925299453,2.0435898989898647,9.869123824289318,-18.142000000000024,0.05852981166081375,0.014439554750859031,0.07381451083170656,-0.11218654305657948,0.18531179428100586,0.02515721321105957,0.2850511074066162,0.052030086517333984,7.366149530407423,0.6501002433106304,0.08825509726988577,0.1825289752097498,1002,38
184,"[7.65284930e-01 3.14496839e-03 9.91178031e+01 4.12444000e+01
 0.00000000e+00 6.72376000e+01 2.14569000e+01 6.70679000e+01
 0.00000000e+00]","[13.13356869 65.63642727 86.86343232 41.2444      0.         67.2376
 21.4569     67.0679      0.        ]",[22.6078 97.829  92.5525 41.2444  0.     67.2376 21.4569 67.0679  0.    ],[25.6408 95.79   81.085  41.2444  0.     67.2376 21.4569 67.0679  0.    ],[0.02367288 0.55925344 0.78851625 0.94751935],[0.16794861 0.28133936 0.17856747 0.81502996],[0.1400843  0.27879752 0.16276783 0.78569875],[0.1400843  0.27879752 0.17597265 0.78569875],160.39993686915125,119.38930909090914,90.98189999999994,107.52140000000003,-41.01062777824211,-28.407409090909198,-69.41803686915131,-16.53950000000009,-0.2556773311681361,-0.23793930383899234,-0.43278094882157064,-0.15382519200828937,0.23009228706359863,0.024036645889282227,0.31456828117370605,0.04544782638549805,9.572562167094835,0.7314541892306701,0.07641153710602208,0.1444768246052168,1002,32
185,"[31.54398484 98.51835641 99.91979864 93.1109     73.         93.1413
  6.6616     33.2087      1.        ]","[26.23784747 52.51848182 95.95278687 93.1109     73.         93.1413
  6.6616     33.2087      1.        ]",[29.8224 95.9388 84.067  93.1109 73.     93.1413  6.6616 33.2087  1.    ],[25.1214 79.1298 98.262  93.1109 73.     93.1413  6.6616 33.2087  1.    ],[0.08660744 0.42928993 0.81886793 0.87553906],[0.0857546  0.39069488 0.82759223 0.85474246],[0.0857546  0.21897297 0.83649053 0.87553906],[0.0857546  0.33113687 0.82759223 0.87553906],39.99492978637085,84.65567878787874,56.70569999999998,54.61869999999993,44.660749001507895,-27.949978787878763,16.710770213629132,2.087000000000046,1.116660267690407,-0.33016070732730013,0.41782221653814966,0.03821035652624556,0.20778369903564453,0.030488252639770508,0.046767473220825195,0.07350420951843262,6.81520523628174,4.442910525752331,0.6519114790703365,1.5716951217647088,138,132
186,"[ 2.31704593 66.00834095 99.54570178 67.6613     93.          6.2399
 18.3291     26.9143      0.        ]","[ 3.0466697  52.51848182 93.9329303  67.6613     93.          6.2399
 18.3291     26.9143      0.        ]",[25.6573 96.907  99.85   67.6613 93.      6.2399 18.3291 26.9143  0.    ],[25.6903 52.306  81.085  67.6613 93.      6.2399 18.3291 26.9143  0.    ],[0.82317156 0.8224724  0.22239131 0.60537156],[0.78820158 0.84147244 0.22239131 0.51483225],[0.81631536 0.831214   0.22239131 0.46285097],[0.79921922 0.82607556 0.18970497 0.46285097],69.10170320380053,88.93395757575757,61.23899999999986,124.63800000000003,19.83225437195705,-27.694957575757712,-7.862703203800663,-63.39900000000017,0.28700094863749026,-0.3114103805868081,-0.11378450659329367,-0.5086650941125512,0.22385168075561523,0.02499866485595703,0.29012060165405273,0.05086684226989746,8.954545454545455,0.7715814715652001,0.08616645875347412,0.17532999028642712,1002,39
187,"[ 5.55160742 99.92364604 99.91876557  9.2393     20.         52.7911
 67.5624     56.2214      1.        ]","[ 5.06404949 98.93582727 88.88328889  9.2393     20.         52.7911
 67.5624     56.2214      1.        ]",[25.077  77.8995 92.3676  9.2393 20.     52.7911 67.5624 56.2214  1.    ],[24.3805 65.7675 92.2746  9.2393 20.     52.7911 67.5624 56.2214  1.    ],[0.94055216 0.28438674 0.25042043 0.57140873],[0.95554201 0.18573793 0.25042043 0.57140873],[0.95554201 0.08434165 0.25042043 0.50629822],[0.95554201 0.08434165 0.25042043 0.49856445],96.46989581026634,108.00563333333332,145.57059999999996,157.09909999999996,11.535737523066985,37.564966666666635,49.10070418973362,-11.528500000000008,0.11957862529213337,0.34780562371900947,0.508974367364335,-0.07338361581956873,0.25441861152648926,0.01494288444519043,0.3064272403717041,0.24150729179382324,17.026071001196648,0.8302741336503666,0.04876486968672997,0.7881391076748552,1002,1002
188,"[10.77462343 66.31056028 98.29300592  1.267      32.         73.0703
 11.2335      1.6999      0.        ]","[19.07       77.101      88.88328889  1.267      32.         73.0703
 11.2335      1.6999      0.        ]",[18.035  95.686  90.544   1.267  32.     73.0703 11.2335  1.6999  0.    ],[19.07   77.101  59.318   1.267  32.     73.0703 11.2335  1.6999  0.    ],[0.7381047  0.0078218  0.01068955 0.10712574],[0.69461555 0.00787623 0.01378539 0.01508274],[0.69461555 0.00836805 0.01881345 0.01508274],[0.6702897  0.00758822 0.0132586  0.01200162],144.9040572305623,151.8187111111111,130.53799999999995,181.38400000000001,6.914653880548798,-21.280711111111145,-14.366057230562348,-50.84600000000006,0.04771884247206848,-0.14017185994641002,-0.09914185637814112,-0.28032240991487706,0.22039008140563965,0.015396356582641602,0.28519320487976074,0.04326963424682617,14.314430834507641,0.7727746581429158,0.053985706248270544,0.1517204249837191,1002,14
189,"[ 1.08031202 65.84515948 93.03742723 59.6965     27.         64.3471
 35.673      67.5755      0.        ]","[ 2.0379798  65.63642727 89.89321717 59.6965     27.         64.3471
 35.673      67.5755      0.        ]",[40.989  98.741  97.765  59.6965 27.     64.3471 35.673  67.5755  0.    ],[37.887  93.81   98.369  59.6965 27.     64.3471 35.673  67.5755  0.    ],[0.62887467 0.87984523 0.24682017 0.534756  ],[0.62887467 0.87984523 0.24682017 0.534756  ],[0.57184911 0.83306317 0.23584321 0.39307236],[0.57184911 0.86431555 0.23584321 0.39307236],82.5012253131888,86.81183535353534,84.78649999999988,86.01150000000001,4.310610040346546,-2.0253353535354677,2.2852746868110785,-1.2250000000001364,0.05224904265339977,-0.023330175491480237,0.027699887827553882,-0.014242281555374993,0.2949869632720947,0.029603958129882812,0.2600705623626709,0.32451653480529785,9.964443334836673,1.1342574130352077,0.11383048454595876,1.2478018729115385,1002,1002
190,"[ 4.57802443 66.45998216 90.28821497 39.701      34.         52.8443
 23.4545     32.5954      0.        ]","[ 2.0379798  65.63642727 88.94285859 39.701      34.         52.8443
 23.4545     32.5954      0.        ]",[13.0037 65.4799 96.8825 39.701  34.     52.8443 23.4545 32.5954  0.    ],[ 2.3887 53.1739 89.3695 39.701  34.     52.8443 23.4545 32.5954  0.    ],[0.75814748 0.84454724 0.14694259 0.44511588],[0.72603549 0.83132776 0.14694259 0.45602339],[0.75814748 0.8436274  0.14694259 0.44511588],[0.65598921 0.84454724 0.14694259 0.39372689],108.12882729900764,107.7576939393939,110.94029999999998,120.14429999999999,-0.3711333596137365,3.1826060606060764,2.81147270099234,-9.204000000000008,-0.003432325762559552,0.029534838249193302,0.026001139300418016,-0.07660787902547195,0.17864751815795898,0.07505011558532715,0.01986861228942871,0.04299116134643555,2.3803763227366153,8.991444171116578,3.7773204535909284,2.163772724545509,84,21
191,"[ 2.2994952  52.29370433 99.94400561 89.9776     12.         43.0337
 57.03       92.7236      1.        ]","[ 2.0379798  52.51848182 91.91307374 89.9776     12.         43.0337
 57.03       92.7236      1.        ]",[35.928  95.3445 98.0944 89.9776 12.     43.0337 57.03   92.7236  1.    ],"[ 18.     100.      97.8544  89.9776  12.      43.0337  57.03    92.7236
   1.    ]",[0.80134125 0.70312015 0.91996964 0.93222372],[0.80134125 0.42789172 0.91996964 0.93222372],[0.80134125 0.33417466 0.91544227 0.89819311],[0.80134125 0.38058944 0.91996964 0.81562215],60.08418526967546,67.62882424242423,52.511499999999955,30.16799999999995,7.544638972748771,-15.117324242424274,-7.572685269675503,22.343500000000006,0.12556780022706834,-0.2235337433670927,-0.1260345835711522,0.7406357730045096,0.2151174545288086,0.01038217544555664,0.2888965606689453,0.055161237716674805,20.71988242318468,0.7446175684151454,0.035937345261281485,0.19093767537054765,1002,156
192,"[ 5.59108878 66.33911182 90.17201369 20.0628     22.         87.1035
 62.769      73.5233      0.        ]","[ 2.0379798  52.51848182 88.94285859 20.0628     22.         87.1035
 62.769      73.5233      0.        ]",[18.035  93.1644 89.425  20.0628 22.     87.1035 62.769  73.5233  0.    ],[23.07    6.1644 81.085  20.0628 22.     87.1035 62.769  73.5233  0.    ],[0.4963216  0.39137624 0.12661246 0.32553555],[0.36315375 0.5970473  0.12661246 0.18804851],[0.44298218 0.3780878  0.12661246 0.27117629],[0.04270018 0.17463218 0.05194906 0.12393791],129.01716326439464,140.5138393939394,115.38280000000003,215.7578,11.496676129544767,-25.131039393939375,-13.634363264394608,-100.37499999999997,0.08910966447142113,-0.1788509907802243,-0.1056786780876102,-0.46522072434924705,0.21025681495666504,0.06902694702148438,0.024740934371948242,0.046269893646240234,3.046010638297872,8.498337685865993,2.789989496101994,1.8701756752850025,108,21
193,"[28.73697398 99.89636637 99.95421311 41.9505     38.          2.0295
 23.377      20.1877      1.        ]","[ 3.0466697  52.51848182 88.88328889 41.9505     38.          2.0295
 23.377      20.1877      1.        ]","[ 34.1876 100.      97.765   41.9505  38.       2.0295  23.377   20.1877
   1.    ]","[ 36.7636 100.      93.733   41.9505  38.       2.0295  23.377   20.1877
   1.    ]",[0.95562647 0.70703489 0.83241901 0.88445192],[0.95562647 0.62028607 0.85023116 0.91312796],[[0.95562647 0.6735548  0.82064761 0.79854326]],[0.95562647 0.6735548  0.82064761 0.79854326],86.93589450055498,119.69439898989901,94.47210000000001,101.08010000000002,32.758504489344034,-25.222298989899002,7.536205499445032,-6.608000000000004,0.3768121864684433,-0.21072246657111757,0.08668692653063945,-0.0653738965434344,0.23826241493225098,0.019894123077392578,0.022531986236572266,0.14790773391723633,11.976522614510678,10.574407974096882,0.8829280680591709,6.564345120944702,90,1002
194,"[ 2.5150161  99.92166837 99.95973668 47.7974     36.         61.7051
 29.5522     96.0404      1.        ]","[ 2.0379798  44.4459     91.91307374 47.7974     36.         61.7051
 29.5522     96.0404      1.        ]",[21.895  65.2258 99.6863 47.7974 36.     61.7051 29.5522 96.0404  1.    ],[23.4505 76.4635 93.6343 47.7974 36.     61.7051 29.5522 96.0404  1.    ],[0.10112095 0.28150248 0.9252312  0.92874954],[0.12583672 0.05425149 0.9487942  0.93616852],[0.11011993 0.08186675 0.9252312  0.91599352],[0.11011993 0.08186675 0.9252312  0.91834363],54.83621105439653,117.88160606060609,109.18549999999999,105.55529999999999,63.04539500620956,-8.696106060606098,54.34928894560346,3.630200000000002,1.1497037047958998,-0.07376983018143812,0.9911204275526978,0.03439145168456726,0.2058088779449463,0.009797334671020508,0.18370294570922852,0.22161626815795898,21.0066191322123,1.120335208291694,0.05333248540569444,1.206383856842127,1002,1002
195,"[ 5.18366691 99.90135729 99.90386884  1.6777     44.         34.2245
 85.2587     20.6837      1.        ]","[13.13356869 98.93582727 88.97264343  1.6777     44.         34.2245
 85.2587     20.6837      1.        ]",[18.035  73.8132 92.5525  1.6777 44.     34.2245 85.2587 20.6837  1.    ],[ 8.475  63.0492 89.727   1.6777 44.     34.2245 85.2587 20.6837  1.    ],[0.96843051 0.19311719 0.11612535 0.29652871],[0.96843051 0.12078451 0.11612535 0.29652871],[0.96843051 0.09295982 0.11612535 0.24484644],[0.96843051 0.09295982 0.11612535 0.29652871],103.70074077924721,123.54739797979795,149.99159999999998,154.02110000000002,19.846657200550737,26.444202020202027,46.290859220752765,-4.029500000000041,0.19138394818991003,0.21404094665373766,0.4463888962885459,-0.02616199988183464,0.21846818923950195,0.0650172233581543,0.2862529754638672,0.35187554359436035,3.3601587080402786,0.7631997148168631,0.22713204379027047,1.2292467633712911,1002,1002
196,"[ 1.09330063 65.79425243 96.35775588 92.7294     34.         79.5922
 32.0973     40.6479      0.        ]","[ 2.0379798  65.63642727 95.95278687 92.7294     34.         79.5922
 32.0973     40.6479      0.        ]",[36.952  79.605  99.18   92.7294 34.     79.5922 32.0973 40.6479  0.    ],[40.952  40.515  59.318  92.7294 34.     79.5922 32.0973 40.6479  0.    ],[0.49886129 0.90858463 0.24818457 0.52026864],[0.49886129 0.90858463 0.24818457 0.52026864],[0.43965864 0.91103193 0.23716604 0.37929411],[0.33228391 0.83311767 0.12256309 0.3215377 ],46.211892324309986,47.719365656565685,65.43759999999992,148.3896,1.5074733322556995,17.718234343434233,19.225707675689932,-82.95200000000008,0.03262089597362552,0.3713007098826845,0.41603376768832634,-0.5590149174874794,0.24049115180969238,0.023536205291748047,0.21164369583129883,0.04104781150817871,10.217923782896737,1.1363019855851877,0.1112067392288819,0.19394771645311806,1002,10
197,"[33.55572195 98.49890966 99.94519075 51.8984     84.          7.4384
 69.9895     49.6444      1.        ]","[ 2.0379798  52.51848182 93.9329303  51.8984     84.          7.4384
 69.9895     49.6444      1.        ]",[50.245  96.663  97.021  51.8984 84.      7.4384 69.9895 49.6444  1.    ],[50.708  91.003  95.318  51.8984 84.      7.4384 69.9895 49.6444  1.    ],[0.95915745 0.71170046 0.8672968  0.88974905],[0.95915745 0.67669023 0.87404729 0.93113967],[[0.95856305 0.63064866 0.84626175 0.88974905]],[0.95856305 0.63064866 0.84626175 0.88974905],83.21322154719996,103.68816767676765,104.66259999999994,112.48859999999996,20.474946129567684,0.9744323232322927,21.449378452799976,-7.826000000000022,0.2460540013819071,0.009397719576547439,0.25776406746412917,-0.06957149435587272,0.22010445594787598,0.03270149230957031,0.2876114845275879,0.05040574073791504,6.730715952172645,0.7652839604420018,0.11370023127999801,0.17525635605514245,1002,144
198,"[11.80472649 99.8937709  99.94415766 16.1278     91.          6.459
 88.9001     82.7837      1.        ]","[13.13356869 98.93582727 93.9329303  16.1278     91.          6.459
 88.9001     82.7837      1.        ]",[12.8505 78.37   99.9359 16.1278 91.      6.459  88.9001 82.7837  1.    ],[13.0955 38.437  81.2134 16.1278 91.      6.459  88.9001 82.7837  1.    ],[0.95442142 0.74064799 0.51742908 0.67755776],[0.95442142 0.48387153 0.46182254 0.67755776],[0.95442142 0.40834198 0.51742908 0.67755776],[0.95178209 0.22079332 0.40311826 0.67755776],95.83899791731233,104.13701111111112,118.41679999999997,177.31730000000002,8.298013193798795,14.279788888888845,22.57780208268764,-58.90050000000005,0.08658284596170475,0.13712501191005694,0.23558053165546708,-0.33217570987151307,0.23124432563781738,0.029201030731201172,0.07151126861572266,0.03266739845275879,7.919046685935434,3.2336767353470695,0.40834166833366675,0.45681469627258786,234,12
199,"[ 9.89752397 99.48140664 99.96291853 15.3577     75.         25.4106
 37.2823      5.7719      0.        ]","[13.13356869 98.93582727 93.9329303  15.3577     75.         25.4106
 37.2823      5.7719      0.        ]",[11.28   98.5068 92.1946 15.3577 75.     25.4106 37.2823  5.7719  0.    ],[19.07   81.1558 60.4126 15.3577 75.     25.4106 37.2823  5.7719  0.    ],[0.85172898 0.08101897 0.04282986 0.36030842],[0.85172898 0.07009041 0.04282986 0.36030842],[0.85172898 0.06053527 0.04282986 0.36030842],[0.85010969 0.04176571 0.04104387 0.2238091 ],95.09549879818917,104.90711111111108,105.22089999999997,162.1439,9.811612312921909,0.3137888888888938,10.125401201810803,-56.92300000000003,0.10317641146973766,0.0029911117136430165,0.10647613535629946,-0.35106470240323584,0.22006535530090332,0.026361703872680664,0.03516697883605957,0.04279923439025879,8.347918494333856,6.257727066257178,0.7496152568457163,1.217029037091274,144,21
