cruise speed,image resolution,illuminance,controls responsiveness,power,smoke intensity,obstacle size,obstacle distance,firm obstacle,req_0,req_1,req_2,req_3
2.6965,47.0981,50.3745,2.2453,78.0,43.6021,92.2491,31.7231,1.0,1.0,0.0,0.0,0.0
3.907,38.6063,45.0334,99.1794,51.0,0.1218,15.3046,1.1143,0.0,1.0,0.0,0.0,0.0
12.5462,17.0677,28.4002,75.7928,95.0,49.6436,0.4404,41.6098,1.0,0.0,0.0,1.0,0.0
96.513,77.6489,35.5296,78.1965,67.0,2.5329,41.2987,8.9468,0.0,0.0,0.0,0.0,0.0
60.969,76.0374,96.9853,80.3926,17.0,42.8098,73.6785,79.8069,1.0,1.0,0.0,1.0,1.0
24.8679,36.3313,80.4556,30.9318,6.0,50.7736,86.8765,83.8887,0.0,0.0,1.0,0.0,0.0
4.1525,67.9364,89.0036,93.2179,49.0,33.527,12.1302,7.2498,1.0,1.0,0.0,0.0,1.0
54.8788,28.1214,20.644,45.5491,57.0,56.8803,11.0954,87.3651,1.0,0.0,0.0,1.0,0.0
1.3091,45.0172,35.392,65.3705,86.0,37.9536,0.5411,75.2479,0.0,0.0,0.0,1.0,1.0
7.5362,25.0348,71.603,27.8746,86.0,13.4503,49.3737,6.4327,1.0,1.0,0.0,0.0,1.0
37.0976,84.6623,64.5538,52.8372,26.0,4.07,69.5093,30.2132,1.0,1.0,1.0,1.0,1.0
60.6064,96.6926,80.3477,65.1495,15.0,67.1678,38.6792,86.832,1.0,0.0,0.0,1.0,1.0
24.5668,55.7791,12.9391,30.5882,30.0,84.9072,67.3163,26.0595,1.0,0.0,0.0,1.0,0.0
3.7669,91.1417,61.1053,67.513,92.0,15.5986,42.3794,95.9857,1.0,1.0,0.0,1.0,1.0
26.6811,35.0168,51.1914,96.3139,71.0,61.5971,40.3245,54.9939,0.0,1.0,0.0,0.0,1.0
70.3337,31.3346,60.6377,57.0132,89.0,86.938,52.3414,54.322,1.0,0.0,0.0,1.0,0.0
79.0653,31.144,82.2788,54.89,84.0,58.7183,83.0588,27.2037,1.0,1.0,0.0,0.0,1.0
17.4858,91.8748,80.4395,8.8471,70.0,65.2365,23.0556,68.753,1.0,1.0,0.0,0.0,1.0
33.3586,96.5705,52.2019,83.5431,65.0,88.1705,12.2255,80.093,1.0,0.0,0.0,1.0,1.0
82.0729,74.618,41.3973,3.6488,72.0,42.039,33.1963,17.0337,1.0,1.0,0.0,0.0,0.0
86.298,14.6249,3.6538,13.7465,0.0,10.3484,1.5225,33.7269,1.0,0.0,0.0,0.0,1.0
37.6457,84.9431,90.2361,90.8141,81.0,85.6378,37.7996,79.4564,1.0,1.0,1.0,1.0,1.0
67.1081,13.3996,96.4399,42.2736,29.0,15.8616,13.78,39.4506,1.0,1.0,0.0,0.0,1.0
6.8598,63.9633,34.2155,19.9999,85.0,61.9074,12.7768,46.0138,0.0,0.0,0.0,0.0,1.0
6.4251,98.8499,2.145,98.3098,92.0,64.0424,89.0034,83.6641,0.0,0.0,0.0,0.0,0.0
45.1749,92.5101,41.8802,91.6582,82.0,62.5729,79.4447,32.69,0.0,0.0,1.0,0.0,0.0
53.1747,56.1612,44.1796,51.3695,48.0,51.2738,3.957,82.0626,1.0,0.0,0.0,1.0,1.0
20.1566,33.6142,44.1463,33.1801,31.0,30.7766,41.4465,13.1621,1.0,1.0,0.0,1.0,0.0
73.4144,46.2076,41.9811,28.7376,84.0,57.7609,94.2526,96.5032,1.0,0.0,0.0,0.0,1.0
53.345,27.337,70.2976,94.186,20.0,3.0827,6.9968,80.7495,0.0,0.0,1.0,0.0,0.0
53.5921,82.0972,74.7946,38.5736,66.0,3.7439,13.0049,83.7988,0.0,0.0,1.0,0.0,0.0
49.0253,33.8987,29.4012,64.3114,86.0,51.06,26.9415,23.7192,0.0,0.0,1.0,0.0,0.0
56.986,51.2043,1.2288,95.5719,62.0,55.402,5.8685,48.8796,1.0,0.0,0.0,0.0,0.0
15.984,80.7204,44.8589,95.2151,62.0,63.6152,77.9988,89.2558,0.0,0.0,1.0,0.0,0.0
17.4448,14.2152,74.1754,60.8342,99.0,65.6702,62.6643,70.3105,1.0,1.0,1.0,1.0,0.0
52.7459,21.1832,15.3355,64.6744,54.0,83.4433,1.6231,40.7013,1.0,0.0,0.0,0.0,1.0
78.048,42.7719,92.4046,14.0766,36.0,1.7413,68.448,24.1156,1.0,1.0,0.0,0.0,1.0
17.2752,19.8221,21.4817,47.6737,52.0,32.2233,26.4529,56.8542,0.0,1.0,1.0,0.0,0.0
6.9175,97.155,82.9759,91.9854,32.0,69.9985,92.5658,61.743,1.0,1.0,0.0,1.0,0.0
51.4633,96.2701,96.1105,23.3526,89.0,42.994,30.9436,19.708,1.0,1.0,1.0,1.0,1.0
60.8583,31.5297,41.4933,95.5943,93.0,43.3267,3.1755,61.3511,1.0,0.0,0.0,1.0,1.0
49.4304,29.4552,42.4425,13.8782,50.0,65.4317,50.0634,52.1458,0.0,0.0,1.0,0.0,0.0
50.5119,92.9869,62.8375,65.9524,70.0,8.7007,9.7482,55.3178,0.0,0.0,1.0,0.0,0.0
13.0551,42.2173,35.0745,33.0696,67.0,20.0097,97.4323,61.5319,0.0,1.0,1.0,0.0,0.0
30.2842,49.7057,55.0379,52.1832,54.0,43.4102,50.7958,82.76,0.0,1.0,1.0,0.0,1.0
42.8687,58.7437,79.1857,83.9137,0.0,76.4555,28.6035,91.4197,0.0,0.0,0.0,0.0,1.0
25.4932,34.1456,88.7698,52.6973,55.0,22.4585,45.6806,45.7154,0.0,1.0,1.0,0.0,0.0
53.5132,85.3106,78.9561,30.9546,97.0,96.1684,5.351,95.998,1.0,0.0,0.0,0.0,0.0
53.0827,15.2774,95.0432,79.7363,44.0,16.1064,19.9032,61.8619,1.0,1.0,1.0,1.0,1.0
74.7953,94.8061,56.439,54.2375,82.0,80.9987,53.1466,12.8314,1.0,1.0,0.0,0.0,1.0
45.662,17.8364,43.4488,52.6024,55.0,31.4065,44.2332,79.9602,1.0,1.0,0.0,0.0,1.0
1.9949,82.1501,80.3595,81.2941,84.0,0.0287,1.5564,91.4234,0.0,0.0,1.0,0.0,1.0
36.2029,96.3245,99.8274,23.0567,84.0,28.0962,81.8391,64.6062,0.0,1.0,0.0,0.0,0.0
38.6564,79.2364,89.1771,88.7543,41.0,65.4972,81.5528,82.2578,0.0,0.0,1.0,0.0,0.0
13.5329,94.1366,34.7382,24.2618,84.0,54.3811,96.6156,66.2124,1.0,1.0,0.0,0.0,0.0
13.103,28.3266,50.7932,72.1295,74.0,23.5862,14.6669,22.4035,0.0,0.0,1.0,0.0,1.0
13.3935,87.0225,30.0847,15.8218,12.0,7.1041,19.2449,44.2073,1.0,1.0,1.0,0.0,1.0
8.2356,26.0368,45.4379,36.8524,68.0,47.3901,70.4377,41.0904,0.0,0.0,1.0,0.0,0.0
5.6261,41.6783,28.751,83.8689,32.0,64.2002,20.4951,28.112,0.0,1.0,1.0,0.0,1.0
28.9846,69.7465,77.0106,89.8219,50.0,77.3283,68.7608,39.3364,0.0,1.0,1.0,0.0,0.0
83.5016,52.5604,33.8016,14.9742,18.0,3.7756,88.8675,72.0197,1.0,1.0,0.0,0.0,0.0
39.6954,35.6809,77.7599,6.1786,36.0,39.1196,23.2821,83.1295,1.0,1.0,0.0,0.0,0.0
20.2439,21.209,62.3188,20.889,22.0,46.414,61.8393,77.1459,1.0,1.0,0.0,1.0,0.0
25.7076,17.1177,62.7576,40.776,43.0,82.8417,41.3163,80.5828,1.0,1.0,0.0,0.0,1.0
11.4768,65.5011,31.1436,16.0637,25.0,67.5487,6.7286,32.5823,1.0,1.0,0.0,0.0,1.0
53.2225,60.0409,96.8513,80.1268,55.0,2.8801,33.3597,58.773,1.0,1.0,1.0,1.0,1.0
59.8513,84.4841,20.4249,64.655,18.0,22.7369,70.9626,99.2388,1.0,0.0,0.0,1.0,1.0
16.0959,68.3516,96.4842,75.9907,65.0,33.4556,34.2494,23.117,0.0,1.0,1.0,1.0,1.0
9.2877,62.9453,19.4657,38.5728,59.0,32.046,70.1963,73.8415,0.0,1.0,1.0,0.0,0.0
42.3664,17.1119,41.1472,72.8224,50.0,1.9838,84.4979,49.6785,0.0,0.0,1.0,0.0,0.0
66.024,43.7066,64.8487,92.0744,30.0,79.7237,59.3455,88.9916,1.0,1.0,0.0,0.0,1.0
29.8151,64.5428,27.4967,39.7158,39.0,69.3049,79.9268,73.5546,0.0,0.0,1.0,0.0,0.0
58.0871,0.1734,4.5891,87.441,97.0,42.2174,68.9216,36.5329,0.0,0.0,0.0,0.0,1.0
28.4467,56.1721,30.3091,26.7841,23.0,88.9982,49.2185,52.7346,0.0,0.0,1.0,0.0,0.0
51.1385,80.9014,30.0307,85.1209,34.0,56.7088,33.488,31.1175,1.0,1.0,1.0,1.0,1.0
75.5108,97.4808,60.493,89.9422,89.0,92.4726,8.4354,0.7677,0.0,0.0,0.0,0.0,0.0
6.7694,60.1933,69.2098,40.8283,8.0,22.9034,53.6086,38.8896,0.0,0.0,1.0,0.0,0.0
68.1317,20.1,55.1319,37.7426,82.0,25.5682,18.368,18.9586,1.0,1.0,1.0,0.0,0.0
47.8857,70.452,52.9176,67.549,58.0,26.4931,35.2953,88.6159,0.0,0.0,0.0,0.0,1.0
85.041,93.6603,80.949,35.2318,18.0,7.9823,13.4135,57.8385,1.0,1.0,0.0,0.0,0.0
16.1538,50.7811,42.0307,96.4121,6.0,36.8549,20.0458,33.6818,1.0,1.0,0.0,0.0,1.0
23.4436,95.2202,51.5081,64.6929,59.0,10.6916,6.3608,57.7622,0.0,0.0,1.0,1.0,0.0
84.4427,82.3362,96.0884,83.0769,39.0,19.2033,80.8552,86.3852,1.0,1.0,0.0,1.0,0.0
47.606,41.3743,85.9626,57.922,66.0,9.6289,41.2647,22.1298,0.0,1.0,0.0,0.0,1.0
31.3745,24.4881,56.3761,59.3045,63.0,30.8558,92.5568,58.2254,0.0,0.0,1.0,0.0,0.0
82.9909,30.6758,96.6747,77.6682,32.0,43.8141,12.3639,10.3843,1.0,1.0,0.0,0.0,0.0
4.7753,70.0877,92.8395,48.878,25.0,47.6486,95.7085,59.6331,0.0,1.0,1.0,0.0,0.0
7.6426,89.6866,85.8441,76.536,78.0,61.2281,97.4187,76.1409,1.0,1.0,1.0,0.0,0.0
14.8155,54.9772,17.9156,39.8187,17.0,33.9821,14.4467,24.0255,1.0,1.0,0.0,1.0,0.0
23.9105,21.5576,87.1903,64.748,40.0,22.6479,92.8514,85.904,1.0,1.0,0.0,1.0,0.0
49.4991,16.502,74.2298,36.3353,9.0,34.6702,98.3902,16.7215,1.0,1.0,0.0,0.0,0.0
23.7909,25.3061,91.3876,65.935,86.0,59.6234,62.7101,27.677,0.0,0.0,1.0,0.0,0.0
46.6272,42.345,68.3815,83.7816,90.0,74.8497,25.4655,71.3247,0.0,0.0,1.0,1.0,0.0
65.1666,13.7734,69.1775,50.1047,70.0,21.3134,66.387,37.0523,0.0,0.0,1.0,0.0,0.0
21.4174,27.8348,91.7248,20.5971,15.0,75.483,77.8196,56.1928,1.0,1.0,0.0,1.0,0.0
24.8364,75.6698,48.3122,76.8818,25.0,70.7356,33.1861,48.9124,1.0,1.0,1.0,1.0,1.0
19.8085,62.6902,54.1072,41.7007,57.0,41.3078,49.018,61.5731,1.0,1.0,1.0,1.0,1.0
20.2662,30.3189,48.7262,51.3013,27.0,8.1609,1.8196,44.0336,1.0,0.0,0.0,1.0,1.0
58.7164,40.5148,82.5276,24.6288,38.0,27.438,68.5214,19.0452,1.0,1.0,0.0,0.0,1.0
56.6378,88.7089,69.854,60.3494,45.0,43.6315,38.8815,39.6079,0.0,1.0,0.0,0.0,1.0
8.8221,18.266,42.7843,20.2847,95.0,9.8188,7.2959,90.7409,1.0,1.0,0.0,1.0,0.0
52.296,79.4664,6.5339,24.0081,100.0,93.3792,57.0657,14.0169,1.0,0.0,0.0,0.0,0.0
3.4631,9.0048,74.9674,72.5377,72.0,73.8515,85.592,48.6967,0.0,0.0,1.0,0.0,0.0
55.1319,27.3742,24.6343,62.2137,19.0,77.8225,5.3774,73.572,1.0,0.0,0.0,1.0,0.0
41.6114,37.0376,71.1943,82.2789,33.0,35.1455,0.7165,16.9463,1.0,0.0,0.0,1.0,1.0
67.2227,82.6007,88.9243,51.9488,11.0,92.094,69.2276,48.9238,1.0,0.0,0.0,0.0,1.0
36.2972,82.8255,14.4397,81.9363,55.0,1.3999,0.965,43.3698,0.0,0.0,1.0,0.0,0.0
61.184,58.2044,78.9916,46.4626,89.0,17.6326,97.5185,72.4279,1.0,1.0,0.0,0.0,0.0
39.851,61.7479,47.4626,42.7006,41.0,95.0908,85.5877,43.1505,1.0,0.0,0.0,0.0,1.0
75.2012,19.1405,93.83,68.0601,81.0,16.9257,54.8121,54.9794,1.0,1.0,0.0,0.0,1.0
79.3679,28.628,45.8941,12.1729,58.0,7.7638,13.6274,82.0047,1.0,1.0,0.0,0.0,0.0
47.6441,56.3757,49.367,14.7803,18.0,45.314,80.9416,66.3966,1.0,1.0,0.0,0.0,0.0
47.6411,3.4497,25.5525,92.4498,90.0,99.5521,33.7489,6.027,0.0,0.0,0.0,1.0,0.0
9.2282,76.7913,81.1094,64.4413,43.0,28.5559,94.0845,15.946,0.0,1.0,1.0,0.0,0.0
89.0426,50.7062,35.3409,86.0016,20.0,59.5383,67.7881,62.4455,1.0,0.0,0.0,0.0,0.0
61.4078,56.3056,28.816,52.8679,84.0,53.6466,49.2469,82.4093,0.0,0.0,1.0,0.0,0.0
25.1797,80.5156,28.2919,72.5915,52.0,2.6082,83.4326,7.4607,1.0,1.0,0.0,0.0,1.0
47.7932,25.2204,71.3966,55.4796,53.0,51.4725,33.7165,47.1968,0.0,1.0,1.0,0.0,0.0
16.7352,52.8544,57.9498,81.2614,81.0,84.7942,30.2919,36.5378,1.0,1.0,1.0,1.0,1.0
13.5705,63.2699,27.3528,35.9796,84.0,35.5605,70.9904,88.0617,0.0,0.0,1.0,0.0,1.0
29.9245,58.1588,68.7461,47.9544,62.0,5.5564,28.5773,54.1503,1.0,1.0,1.0,1.0,1.0
56.5985,76.2473,45.7793,38.7556,11.0,60.6478,8.6463,76.4146,0.0,0.0,1.0,0.0,0.0
45.2112,52.288,69.4806,69.4207,66.0,74.391,74.9439,60.0121,0.0,1.0,1.0,0.0,0.0
33.5247,76.8773,16.4266,99.7127,58.0,92.7102,89.5222,83.1848,1.0,1.0,0.0,0.0,0.0
9.7025,67.1631,49.4308,77.4106,23.0,66.7961,55.585,11.8645,0.0,1.0,1.0,0.0,0.0
49.5684,78.3879,32.7015,91.1805,49.0,63.8327,62.0342,50.2799,1.0,1.0,0.0,1.0,0.0
41.1365,34.4774,27.7415,31.3981,44.0,51.0394,62.8007,28.0609,0.0,0.0,1.0,0.0,1.0
11.1797,22.3872,94.8166,34.656,26.0,18.5951,48.0665,98.3375,1.0,0.0,0.0,1.0,1.0
18.5356,69.2682,89.4513,6.8864,0.0,74.0142,34.252,92.0022,1.0,0.0,0.0,0.0,1.0
11.7425,52.1061,69.3854,50.1371,40.0,48.9023,97.9824,51.5325,0.0,1.0,1.0,0.0,0.0
25.8728,21.0105,69.2912,90.9716,99.0,4.2701,16.3778,27.6673,1.0,1.0,1.0,1.0,1.0
17.4477,87.2091,93.1729,24.2044,10.0,40.8348,80.5354,40.4922,1.0,1.0,0.0,1.0,0.0
15.4574,35.4612,74.5681,35.4145,59.0,71.6636,6.2563,87.0502,1.0,0.0,1.0,1.0,1.0
10.2966,46.2225,18.28,22.6159,49.0,37.8101,67.2691,32.8109,1.0,1.0,0.0,1.0,1.0
4.2112,26.9452,85.7229,86.4184,69.0,90.88,84.6469,32.5207,0.0,0.0,1.0,0.0,0.0
14.4606,53.0683,95.2759,13.7051,53.0,15.3242,32.5571,5.7052,0.0,1.0,0.0,0.0,1.0
41.014,9.713,39.1809,10.4152,35.0,91.2398,24.7976,80.3517,0.0,0.0,0.0,0.0,0.0
6.3039,61.2135,42.9139,95.177,76.0,54.6115,52.8643,20.5665,0.0,1.0,1.0,0.0,0.0
83.3353,71.9027,63.4082,75.4826,67.0,3.9735,42.9675,17.953,1.0,0.0,0.0,0.0,1.0
33.7895,82.685,36.3298,98.7978,66.0,25.1568,54.4306,55.8273,0.0,1.0,1.0,1.0,0.0
65.9894,99.6677,99.7493,31.017,4.0,14.5509,0.4052,47.1962,1.0,0.0,0.0,1.0,0.0
63.8892,61.2164,37.1015,82.4007,11.0,3.1803,79.4562,24.5987,1.0,1.0,0.0,0.0,1.0
58.672,49.0393,32.8879,55.1551,17.0,52.1093,5.543,33.3261,0.0,0.0,1.0,0.0,0.0
7.7709,12.6523,67.0195,17.6433,74.0,78.5135,24.2422,20.8055,1.0,1.0,1.0,0.0,0.0
42.3047,31.8558,39.4554,19.1839,96.0,4.3814,17.3961,46.4309,1.0,1.0,1.0,1.0,1.0
53.6332,71.3369,13.8529,29.9614,93.0,10.4255,73.8814,83.7183,1.0,1.0,0.0,0.0,0.0
39.181,91.4103,77.6203,73.7331,80.0,1.3399,71.61,15.3625,1.0,1.0,0.0,1.0,1.0
13.0724,23.4954,57.2679,85.9287,54.0,90.1833,3.5564,41.4667,1.0,0.0,0.0,1.0,1.0
61.3294,63.631,79.2158,41.8179,47.0,21.1964,51.3581,53.6785,0.0,1.0,0.0,0.0,1.0
42.3204,22.0918,82.3888,28.9903,35.0,89.0921,76.6549,55.5047,1.0,0.0,0.0,1.0,0.0
12.5304,43.8239,31.1799,24.501,57.0,27.6901,16.7468,29.5037,1.0,1.0,0.0,0.0,1.0
68.5096,37.8661,57.4658,99.695,57.0,50.0677,37.2419,77.3733,1.0,1.0,0.0,1.0,1.0
71.6289,27.7209,86.8134,26.6633,56.0,75.2436,48.3544,82.4582,1.0,1.0,0.0,1.0,1.0
58.3705,61.6045,20.6162,78.0599,64.0,86.0363,23.7165,43.5978,0.0,0.0,1.0,0.0,0.0
8.1044,95.4632,96.1098,74.6145,22.0,55.8887,43.4472,97.2518,1.0,0.0,0.0,1.0,1.0
30.1342,63.1613,52.8359,73.8602,78.0,93.1469,25.497,23.8669,1.0,0.0,0.0,1.0,1.0
29.694,60.9285,11.4973,85.1978,53.0,22.3863,65.6515,60.1623,0.0,0.0,1.0,0.0,0.0
55.9907,23.4289,38.0445,86.4323,84.0,87.2558,62.244,36.9474,0.0,0.0,1.0,0.0,0.0
31.3133,94.8907,79.9875,50.61,71.0,71.029,13.7744,11.7104,1.0,1.0,0.0,1.0,1.0
50.7801,83.72,57.6525,30.1887,64.0,47.5359,95.6695,87.3446,1.0,1.0,1.0,0.0,0.0
53.3981,83.4407,87.238,94.4478,70.0,75.532,82.1274,74.6749,1.0,1.0,0.0,1.0,1.0
2.9748,99.84,45.8759,95.6272,26.0,77.2378,96.9723,22.5349,1.0,1.0,1.0,0.0,0.0
3.0509,61.9256,7.4197,27.9767,80.0,8.3175,89.0528,42.5434,1.0,1.0,0.0,0.0,0.0
66.9014,21.3063,17.8127,63.4069,8.0,26.5688,53.454,50.7379,0.0,0.0,0.0,0.0,0.0
7.2944,88.6346,41.3636,90.4017,76.0,55.2109,35.2154,7.6517,1.0,1.0,1.0,1.0,1.0
55.2838,60.1286,62.3618,78.2637,54.0,79.9437,80.5087,93.7733,1.0,0.0,0.0,1.0,1.0
25.2939,32.0862,24.1292,53.9926,82.0,29.5723,58.1764,39.4188,1.0,1.0,1.0,1.0,1.0
26.6457,48.6442,45.6288,30.8357,76.0,18.7103,38.1342,61.2208,1.0,1.0,1.0,1.0,1.0
24.1217,19.0206,54.0639,73.7608,25.0,20.1544,46.6979,65.9522,1.0,1.0,0.0,0.0,1.0
42.6965,27.7423,44.3363,22.1903,70.0,94.5055,6.8941,86.6666,1.0,0.0,0.0,0.0,1.0
71.3084,84.7675,78.5793,23.4556,17.0,40.1196,32.9331,80.9747,1.0,1.0,1.0,0.0,1.0
37.9902,34.5427,57.4937,38.4023,47.0,37.8127,81.1543,11.3028,1.0,1.0,0.0,0.0,1.0
48.301,92.2743,64.5145,90.6043,29.0,59.6268,37.7116,52.5131,0.0,0.0,1.0,0.0,1.0
7.0692,77.2731,79.4655,7.1196,53.0,13.0105,15.517,29.4395,1.0,1.0,0.0,0.0,1.0
20.8229,99.7964,39.5413,67.3724,21.0,62.9955,9.7834,77.8019,0.0,0.0,0.0,1.0,1.0
63.9371,61.3789,57.6595,78.7157,79.0,72.9451,20.2926,93.2375,0.0,0.0,1.0,0.0,0.0
54.1295,71.2919,64.38,38.8297,100.0,57.2149,72.0494,64.9812,0.0,1.0,1.0,0.0,0.0
54.8157,27.2614,41.1734,64.5442,11.0,47.1652,56.4084,71.5136,1.0,1.0,0.0,0.0,0.0
4.8548,70.3206,12.9841,70.2098,39.0,92.5597,36.4107,92.4813,1.0,0.0,0.0,0.0,1.0
29.6917,53.6082,23.5653,18.3006,19.0,77.3439,23.5054,33.5575,1.0,1.0,0.0,1.0,1.0
43.2013,46.1209,72.3073,52.3545,95.0,46.714,67.5435,43.4396,0.0,1.0,1.0,0.0,0.0
49.7336,21.1464,56.1545,46.9269,18.0,14.532,84.0053,66.1391,0.0,1.0,1.0,0.0,0.0
9.5224,73.5068,78.8945,42.755,33.0,30.0284,66.6083,8.4925,1.0,1.0,1.0,1.0,1.0
51.4739,36.0074,99.805,90.9221,91.0,0.4226,73.5663,5.6226,1.0,1.0,0.0,0.0,1.0
25.9183,72.6308,11.7765,15.6664,71.0,27.9247,25.9858,29.6435,1.0,1.0,0.0,0.0,1.0
6.0574,76.7863,80.6615,85.4754,0.0,70.9109,83.0529,22.5252,0.0,0.0,0.0,0.0,1.0
48.2656,89.6048,49.5777,13.0536,90.0,76.7864,61.1962,57.0483,1.0,1.0,0.0,0.0,0.0
8.9611,83.8582,78.6128,21.3445,42.0,88.0964,15.0723,43.7924,1.0,1.0,0.0,0.0,1.0
71.1902,40.2942,61.7022,96.0011,59.0,34.7783,79.1321,61.6764,0.0,0.0,1.0,0.0,0.0
3.3124,99.7287,87.2383,97.919,81.0,61.0846,25.1729,41.1398,0.0,1.0,0.0,0.0,1.0
29.6052,92.2881,51.1999,89.2989,52.0,52.5699,98.2712,23.5101,0.0,0.0,1.0,0.0,0.0
77.2655,41.1656,2.9781,2.7453,66.0,32.8453,4.552,66.7285,1.0,0.0,0.0,0.0,0.0
44.908,93.1879,65.7598,7.4915,76.0,18.1701,79.3743,13.5103,0.0,1.0,0.0,0.0,0.0
73.6209,20.0751,84.0194,70.4538,36.0,84.4449,80.1174,57.7728,1.0,1.0,0.0,1.0,1.0
99.6932,13.0435,72.5524,54.9916,49.0,15.6053,69.7978,59.9586,0.0,0.0,0.0,1.0,0.0
23.5218,32.9137,18.5122,78.8427,81.0,65.8909,5.0884,67.5392,0.0,0.0,1.0,0.0,0.0
5.1977,50.4714,28.6628,84.4047,96.0,25.2727,69.0928,93.0488,1.0,1.0,0.0,1.0,1.0
21.9418,36.5168,85.3861,95.4923,78.0,53.4193,0.0592,60.7466,1.0,0.0,0.0,1.0,1.0
54.573,74.2887,79.0482,42.542,7.0,26.9087,2.8608,40.4072,1.0,0.0,0.0,0.0,1.0
64.9727,53.2134,52.2561,55.6337,19.0,6.4792,59.9577,25.9533,1.0,1.0,0.0,1.0,1.0
21.3836,31.0699,12.3375,31.7998,30.0,58.1386,86.1912,38.8759,1.0,0.0,1.0,0.0,1.0
38.293,66.4982,51.0334,98.0914,80.0,37.7868,53.2445,54.1438,1.0,1.0,0.0,1.0,1.0
18.5356,26.6911,54.8561,36.087,68.0,46.828,45.3099,81.0772,1.0,1.0,1.0,1.0,1.0
23.7485,65.4323,44.0518,99.6948,99.0,38.6007,17.2566,65.6119,0.0,1.0,1.0,0.0,0.0
17.1758,0.4939,71.4106,81.3137,41.0,16.2426,96.0676,32.3835,1.0,0.0,0.0,0.0,0.0
8.1537,72.3794,58.4953,97.7508,74.0,50.6229,14.3125,47.2514,0.0,0.0,1.0,0.0,1.0
27.6133,44.8002,91.1689,97.2344,27.0,64.3658,62.4783,27.3922,1.0,1.0,0.0,1.0,1.0
69.0182,49.3157,79.5024,75.915,22.0,8.9693,68.7772,12.3974,1.0,1.0,1.0,1.0,1.0
66.2903,34.3684,67.6493,68.9889,57.0,21.0373,87.9387,43.6234,1.0,1.0,1.0,1.0,1.0
57.5303,14.9871,20.5764,0.9772,86.0,67.7122,64.2231,30.7847,1.0,1.0,0.0,0.0,0.0
37.6382,81.397,49.3325,15.0096,63.0,4.8031,11.9047,55.5681,1.0,1.0,1.0,0.0,0.0
40.7888,89.8117,71.0894,77.3945,17.0,15.6394,59.0001,49.2353,1.0,1.0,1.0,1.0,1.0
0.613,52.6132,87.0929,58.0081,86.0,24.4782,6.2185,52.9905,0.0,0.0,1.0,1.0,1.0
40.1387,36.3947,46.6314,74.8448,23.0,59.3201,81.4057,9.438,0.0,0.0,0.0,0.0,0.0
24.1664,26.4509,27.958,29.8828,20.0,32.3069,83.1841,43.9896,1.0,1.0,0.0,1.0,0.0
5.7831,98.8428,61.7568,73.5689,85.0,61.8977,56.5497,20.0354,1.0,1.0,0.0,1.0,1.0
6.364,48.8939,96.5127,17.7039,16.0,36.5434,31.7851,73.2112,1.0,1.0,0.0,0.0,1.0
75.9182,85.3046,36.3967,37.906,30.0,63.3532,47.5534,82.2845,1.0,1.0,0.0,1.0,1.0
77.0128,96.3094,71.0342,88.3409,99.0,99.6632,35.4324,8.7618,0.0,0.0,0.0,0.0,1.0
47.4993,66.2916,49.0132,93.7839,81.0,91.6925,32.8083,95.995,1.0,0.0,0.0,1.0,1.0
63.7049,12.6113,82.3644,36.5105,82.0,21.6399,24.0796,26.4004,1.0,0.0,0.0,0.0,1.0
45.2456,70.0137,73.5679,91.3369,90.0,70.1821,23.6531,53.1092,0.0,0.0,1.0,0.0,1.0
51.1531,62.9446,95.4999,47.5789,78.0,40.0711,77.4101,53.2349,0.0,1.0,1.0,0.0,0.0
40.3716,12.7401,59.3813,36.6439,42.0,37.3349,53.5152,30.981,1.0,0.0,0.0,0.0,1.0
0.8788,74.7916,50.5075,47.9634,39.0,59.1032,62.0698,93.713,0.0,0.0,1.0,1.0,1.0
57.7999,97.6672,37.165,92.1449,92.0,93.0014,37.749,26.0766,1.0,0.0,0.0,1.0,1.0
25.6456,38.3703,22.0403,31.5842,84.0,84.672,83.6909,28.354,1.0,1.0,0.0,0.0,1.0
72.1206,10.8703,30.5442,79.398,93.0,27.9719,55.5829,44.6321,1.0,0.0,0.0,0.0,1.0
48.7046,77.049,65.9338,98.608,90.0,18.6526,40.8543,84.6536,0.0,0.0,1.0,0.0,1.0
89.5597,1.382,20.0878,11.6701,90.0,4.8183,65.746,36.4236,1.0,0.0,0.0,0.0,0.0
79.2202,55.9704,85.6742,67.1765,77.0,23.1881,44.4215,90.6194,0.0,0.0,0.0,0.0,0.0
43.4964,99.2309,65.1258,50.6485,34.0,67.5614,76.5348,31.3524,1.0,1.0,0.0,1.0,1.0
43.2108,45.8673,49.6269,40.601,41.0,25.9555,86.6734,72.6235,0.0,1.0,1.0,0.0,0.0
48.0674,81.9483,65.0106,76.7398,29.0,24.3987,24.2312,16.9687,0.0,1.0,0.0,0.0,0.0
78.4099,23.8813,99.2784,72.7127,44.0,92.3977,30.4029,86.0028,1.0,0.0,0.0,1.0,0.0
16.5103,60.2521,98.221,40.8892,61.0,7.632,48.4559,31.792,1.0,1.0,1.0,1.0,1.0
26.447,65.1186,37.9153,76.9044,66.0,17.0084,62.2788,19.6807,1.0,1.0,1.0,1.0,1.0
49.7163,66.6619,69.6917,77.0448,47.0,66.8474,73.2344,64.2292,0.0,1.0,1.0,0.0,1.0
51.4542,57.9928,63.9223,2.2429,46.0,50.385,66.7491,25.7648,0.0,1.0,0.0,0.0,0.0
82.3384,49.9864,44.8533,28.8732,64.0,70.9896,46.6244,47.6037,1.0,1.0,0.0,0.0,0.0
13.2344,53.7541,77.8999,25.1995,20.0,6.6405,84.553,22.1461,1.0,1.0,1.0,1.0,1.0
0.8824,91.0536,83.8325,66.0229,65.0,92.7311,38.9528,53.4514,1.0,0.0,0.0,1.0,1.0
79.4016,86.1589,55.9403,72.6979,51.0,91.3975,47.0396,20.9853,1.0,0.0,0.0,1.0,0.0
50.5167,68.4266,29.9433,52.3425,35.0,21.4215,59.6596,41.497,1.0,1.0,0.0,1.0,1.0
2.5647,84.1319,74.0832,72.0317,50.0,26.9257,46.1094,11.0225,0.0,1.0,0.0,0.0,1.0
18.3055,50.7762,31.4406,71.0357,34.0,58.4082,84.8343,64.0382,0.0,1.0,1.0,0.0,0.0
7.5307,43.1869,62.4835,31.4023,85.0,35.6767,77.9013,0.883,0.0,1.0,0.0,0.0,0.0
6.7682,79.4473,43.232,55.0955,84.0,30.7816,48.2884,27.085,0.0,1.0,1.0,0.0,0.0
72.9497,55.7276,41.5761,80.9768,27.0,76.6039,59.8059,79.8831,1.0,0.0,0.0,1.0,1.0
75.0622,11.9757,54.4168,45.5307,42.0,44.1163,98.4449,17.3269,0.0,0.0,0.0,0.0,0.0
46.8431,32.8845,65.8678,26.1934,58.0,32.8851,1.6891,29.4096,1.0,0.0,1.0,1.0,1.0
30.0886,62.074,10.5216,68.1494,43.0,12.2755,4.8712,37.7283,1.0,0.0,0.0,1.0,1.0
52.5961,64.0773,75.547,27.5323,56.0,12.4275,45.2253,38.203,1.0,1.0,1.0,1.0,1.0
31.1977,85.329,61.9237,17.9114,20.0,31.6492,51.0427,55.4339,1.0,1.0,1.0,0.0,1.0
76.8302,15.6777,87.1531,64.8934,99.0,81.6966,56.6085,72.4058,1.0,1.0,0.0,0.0,1.0
11.1454,49.3959,66.5437,36.3495,84.0,17.2069,54.0112,97.0879,1.0,0.0,0.0,1.0,1.0
57.431,32.8211,77.6946,44.7893,50.0,47.0854,51.0132,22.0571,1.0,1.0,1.0,1.0,1.0
18.3588,98.4803,89.1129,80.0537,99.0,95.8427,12.7046,82.3443,1.0,0.0,0.0,0.0,1.0
46.2463,37.1056,58.1862,40.2203,26.0,41.3738,65.8631,88.0895,0.0,1.0,1.0,0.0,0.0
40.7985,56.6664,99.4457,74.3569,48.0,24.1889,31.3186,35.6999,0.0,1.0,1.0,0.0,1.0
27.8251,63.8518,99.7172,54.8363,36.0,69.4767,62.2782,21.6513,0.0,0.0,1.0,0.0,0.0
10.5826,50.4031,65.6283,96.6403,16.0,74.5235,82.847,27.8039,0.0,1.0,1.0,0.0,0.0
43.6838,58.3667,51.9786,11.1007,45.0,41.9047,9.2074,50.3014,1.0,1.0,0.0,0.0,1.0
59.8209,86.8958,61.5963,56.915,19.0,29.638,67.7679,80.2691,0.0,1.0,1.0,0.0,0.0
8.1175,75.5847,33.1071,76.6361,67.0,65.6926,26.1207,73.7037,1.0,1.0,0.0,1.0,1.0
78.4904,63.6343,36.6365,42.1592,39.0,18.1013,25.5986,75.3594,1.0,1.0,0.0,1.0,1.0
20.1285,44.9518,45.1403,49.8703,65.0,53.0241,0.6626,68.394,1.0,0.0,0.0,1.0,1.0
46.8277,47.3718,36.9214,40.1778,20.0,3.7145,47.7556,16.5598,1.0,1.0,0.0,1.0,0.0
4.7254,34.4014,70.8236,90.7095,69.0,88.872,4.9804,38.0569,0.0,0.0,0.0,0.0,1.0
9.6228,23.1739,48.3096,97.7565,87.0,90.9891,23.0891,5.0599,0.0,0.0,0.0,0.0,1.0
26.3852,68.9452,61.037,75.2413,46.0,13.3768,57.9623,61.9087,0.0,1.0,1.0,0.0,1.0
48.0733,16.1255,74.1534,70.394,35.0,47.8516,23.9067,21.0831,0.0,0.0,1.0,0.0,0.0
9.7289,23.7319,88.8471,44.3783,51.0,52.0161,77.2629,72.2619,0.0,0.0,1.0,0.0,0.0
46.1143,92.76,38.7004,48.0122,39.0,60.3794,99.6702,87.6045,0.0,0.0,1.0,0.0,0.0
62.8162,60.2368,41.9378,63.3868,23.0,42.4985,30.0354,56.8164,1.0,1.0,0.0,1.0,1.0
62.5842,57.204,46.9981,51.0179,46.0,69.3172,8.6361,64.3604,0.0,0.0,1.0,0.0,0.0
43.1369,46.1671,60.3678,51.7717,30.0,72.0533,56.4071,97.8461,1.0,0.0,0.0,1.0,1.0
34.9418,44.6743,41.6737,41.5923,91.0,34.2682,62.3209,4.3615,0.0,1.0,0.0,0.0,0.0
92.7483,83.8154,50.8587,90.2507,53.0,84.0606,55.7712,41.5602,1.0,0.0,0.0,0.0,0.0
44.9001,42.4914,19.9585,21.0511,78.0,0.2141,27.5604,6.8084,1.0,1.0,0.0,0.0,0.0
41.6146,16.6609,41.9551,67.9077,12.0,59.7442,22.0432,58.2311,1.0,1.0,0.0,0.0,1.0
71.2829,85.3376,61.1859,51.4941,8.0,83.0535,93.3039,14.7322,0.0,0.0,0.0,0.0,0.0
77.0702,32.8216,62.4695,1.612,42.0,19.0478,44.0163,30.6757,1.0,1.0,0.0,0.0,0.0
79.1402,38.1885,17.2144,37.463,72.0,42.1013,40.5182,34.7847,1.0,1.0,0.0,0.0,1.0
71.0277,53.9686,30.0214,14.559,85.0,64.2541,23.9263,80.3533,0.0,0.0,0.0,0.0,0.0
5.7383,32.7556,27.1838,35.4519,12.0,87.7616,95.1948,58.3535,0.0,0.0,1.0,0.0,0.0
57.624,93.9957,78.2664,35.6378,24.0,46.1591,9.5376,27.6318,1.0,1.0,0.0,1.0,1.0
87.9863,40.4292,77.836,46.5466,41.0,27.8805,54.2803,73.4991,1.0,1.0,0.0,1.0,1.0
5.7616,50.2896,85.2881,37.8525,92.0,64.613,95.2314,62.1682,0.0,1.0,1.0,0.0,0.0
86.3173,37.8929,97.0402,55.146,59.0,51.7164,22.6404,47.0999,1.0,1.0,0.0,0.0,1.0
14.6544,47.8627,94.3621,98.9128,31.0,64.52,53.7566,47.9978,0.0,0.0,1.0,1.0,0.0
57.2581,68.5882,68.0697,28.6123,56.0,61.0025,35.2505,77.8116,1.0,1.0,0.0,1.0,1.0
61.5401,98.1374,81.127,18.318,25.0,22.9972,61.8058,26.8149,1.0,1.0,0.0,1.0,1.0
83.2852,8.7764,5.8017,73.0312,90.0,78.8522,85.0173,54.0832,1.0,0.0,0.0,0.0,0.0
43.6656,79.2815,73.4204,42.8378,64.0,55.2501,18.203,30.3428,0.0,0.0,0.0,0.0,1.0
13.7169,89.4928,53.4952,33.4798,35.0,14.5807,37.6141,72.2857,0.0,0.0,1.0,0.0,0.0
1.685,64.7305,51.0554,68.3221,81.0,72.2209,77.8026,19.4741,1.0,1.0,0.0,1.0,1.0
70.1021,68.0006,0.5037,43.5623,38.0,81.6853,36.4803,37.8081,0.0,0.0,0.0,1.0,0.0
27.0398,35.1872,31.4169,62.5192,34.0,92.2161,89.7166,30.4024,1.0,0.0,0.0,1.0,0.0
3.9544,98.3786,99.5971,89.2452,53.0,18.3176,46.4056,78.9931,0.0,1.0,1.0,0.0,1.0
31.8907,54.1629,7.5611,6.1235,0.0,96.9096,19.994,90.3114,1.0,0.0,0.0,0.0,1.0
56.9059,66.2727,44.3342,94.4783,38.0,59.3243,76.1647,44.8554,0.0,1.0,1.0,0.0,0.0
27.7518,80.8018,65.5339,94.7189,60.0,58.6472,76.4489,59.2142,0.0,1.0,0.0,1.0,0.0
64.2324,90.1599,29.9596,89.6739,20.0,70.0835,74.9738,56.8655,1.0,0.0,0.0,1.0,1.0
74.7885,35.9155,53.446,43.5587,44.0,71.8176,1.1083,99.4849,0.0,0.0,0.0,0.0,1.0
57.7342,16.6628,80.5855,39.626,99.0,49.5273,27.9991,81.5928,1.0,1.0,0.0,0.0,1.0
96.2212,55.8073,75.1211,56.764,50.0,76.0397,13.0372,5.2988,1.0,0.0,0.0,0.0,0.0
62.2478,81.8778,19.7206,86.3001,78.0,32.562,7.5466,89.864,1.0,0.0,0.0,1.0,1.0
7.1162,16.1791,54.9033,55.1991,52.0,23.9434,73.4433,33.3179,1.0,0.0,0.0,1.0,0.0
89.292,65.0227,84.7223,37.2163,12.0,47.371,44.7241,45.9047,1.0,0.0,0.0,0.0,1.0
78.9087,40.4894,26.0323,5.9887,0.0,95.7657,23.6766,95.5768,0.0,0.0,0.0,1.0,1.0
37.803,55.4221,75.3447,27.6159,67.0,42.8547,51.382,85.0074,1.0,1.0,0.0,1.0,1.0
60.8072,34.852,88.4651,92.4691,70.0,46.5874,47.3499,49.6109,1.0,1.0,1.0,1.0,1.0
67.0766,85.7985,69.0646,38.451,6.0,26.0719,81.0467,34.9472,1.0,1.0,0.0,0.0,1.0
45.3784,45.6696,74.2001,46.33,64.0,32.3517,13.6405,42.6611,0.0,1.0,1.0,0.0,0.0
86.2948,70.5112,46.0217,16.0863,86.0,16.1203,46.3056,48.7155,1.0,1.0,0.0,0.0,1.0
38.3692,96.9926,58.8614,60.8436,67.0,14.3869,49.4862,53.4584,0.0,1.0,1.0,0.0,1.0
50.4522,51.5676,32.0978,69.7553,56.0,66.9622,81.5871,84.6572,1.0,1.0,0.0,1.0,1.0
54.9188,86.1586,43.3785,73.7396,40.0,14.0003,18.9837,66.1975,0.0,1.0,0.0,0.0,0.0
21.6545,38.6111,27.2962,53.4315,73.0,11.2534,45.631,60.9541,0.0,0.0,1.0,0.0,0.0
10.4139,35.1237,52.7748,24.6234,23.0,61.1871,67.951,26.135,0.0,1.0,1.0,0.0,0.0
80.2057,36.5584,85.3199,47.5658,52.0,52.9716,32.4807,7.7951,1.0,1.0,0.0,0.0,1.0
54.7473,33.2019,87.5009,77.4777,58.0,77.1913,9.7561,54.2593,0.0,0.0,1.0,0.0,0.0
68.0458,61.7882,23.1523,90.636,79.0,47.7806,65.1961,6.5788,1.0,1.0,1.0,0.0,0.0
42.8178,58.341,15.9788,15.7722,67.0,40.6188,86.3193,67.4491,1.0,1.0,0.0,0.0,1.0
6.8713,74.4438,33.209,52.8228,71.0,53.2695,39.7874,28.2706,1.0,1.0,1.0,1.0,1.0
3.2904,44.4486,20.3775,50.1694,89.0,49.0501,58.1784,14.0081,1.0,1.0,0.0,1.0,0.0
7.7382,15.2194,97.8737,17.8835,36.0,28.4149,83.4381,72.1411,1.0,1.0,1.0,0.0,1.0
21.7289,26.2606,50.8713,33.6711,62.0,56.1701,59.5806,38.594,1.0,1.0,1.0,1.0,1.0
3.8244,33.5525,58.6328,90.3659,45.0,12.418,53.3653,34.2302,0.0,1.0,1.0,0.0,0.0
47.0978,90.8764,13.8918,95.5185,7.0,84.3764,35.5849,27.5367,0.0,0.0,0.0,0.0,0.0
5.1805,38.0899,43.4672,48.4907,45.0,95.0698,8.7771,54.7703,0.0,0.0,1.0,0.0,0.0
72.7008,59.7748,24.4169,38.2657,85.0,9.4681,82.3108,59.4409,1.0,1.0,0.0,0.0,1.0
65.7398,52.3271,99.9495,34.0616,53.0,35.1927,49.05,89.0856,1.0,1.0,1.0,1.0,1.0
79.6438,4.0487,10.0163,41.7227,27.0,8.8146,81.1728,64.6355,1.0,0.0,0.0,0.0,0.0
59.1446,97.1326,35.8516,0.3536,49.0,85.1707,67.2302,23.0142,1.0,1.0,0.0,0.0,0.0
79.6949,78.8696,67.5487,94.4949,24.0,53.5793,71.0117,23.9442,1.0,1.0,0.0,0.0,1.0
44.0054,34.1712,70.527,71.3599,51.0,5.7024,98.9038,52.5227,0.0,0.0,1.0,0.0,0.0
71.3426,51.1766,63.2353,39.3724,94.0,23.596,45.9945,23.6846,1.0,1.0,0.0,0.0,1.0
9.4021,29.3228,72.221,98.8076,85.0,67.359,1.0983,62.0724,1.0,0.0,0.0,0.0,1.0
90.2964,20.5466,15.0689,81.1767,21.0,96.1932,81.5266,33.8431,0.0,0.0,0.0,0.0,0.0
83.8936,46.3904,91.4674,91.2904,92.0,20.5054,8.4446,47.3242,1.0,1.0,0.0,1.0,0.0
27.2921,30.6171,31.7015,51.515,36.0,7.7255,14.6436,12.698,1.0,1.0,0.0,0.0,1.0
40.8609,48.8935,35.8616,91.9538,40.0,10.0111,63.1013,21.0693,1.0,1.0,0.0,1.0,1.0
42.3983,20.8428,16.2751,5.814,29.0,90.4597,64.0322,9.0815,1.0,1.0,0.0,0.0,0.0
76.8462,47.6474,31.6309,56.6423,42.0,32.5581,8.0102,99.3812,1.0,0.0,0.0,1.0,1.0
3.3613,35.5885,78.5098,75.9653,42.0,59.0607,76.8827,94.7684,0.0,0.0,1.0,0.0,0.0
44.0565,68.3199,67.4354,29.0851,63.0,42.0939,85.8239,40.1599,0.0,0.0,1.0,0.0,0.0
3.613,35.9277,21.9497,88.5277,86.0,42.8759,90.9657,34.9216,0.0,0.0,1.0,0.0,0.0
50.2443,36.0023,48.9593,50.3067,58.0,52.8752,79.3281,95.5431,1.0,0.0,0.0,1.0,1.0
27.7954,95.1377,26.3709,68.1743,59.0,16.3507,46.9502,86.7847,0.0,1.0,0.0,1.0,1.0
12.2233,81.7725,66.6481,95.0274,39.0,38.9505,82.504,95.5408,0.0,0.0,0.0,0.0,0.0
26.0933,78.4909,78.6194,63.7926,53.0,73.6931,81.642,14.0921,1.0,1.0,1.0,1.0,1.0
6.0835,97.8354,54.7085,74.1096,28.0,6.9562,0.624,61.2718,1.0,0.0,1.0,1.0,1.0
41.3485,46.0994,70.0502,64.9358,56.0,90.8067,46.9727,67.1776,1.0,0.0,0.0,1.0,1.0
25.7255,60.9948,14.9995,3.9867,82.0,6.289,32.6449,8.2427,1.0,1.0,0.0,0.0,0.0
49.6903,88.8518,74.6898,74.2873,57.0,11.3009,55.3543,65.0969,1.0,1.0,0.0,1.0,1.0
16.8853,77.2643,74.105,51.1497,90.0,29.5592,20.7188,47.3455,1.0,1.0,1.0,1.0,1.0
22.7126,75.5998,30.7321,50.2708,56.0,44.9031,21.9003,82.6537,0.0,0.0,1.0,0.0,1.0
29.1924,93.8034,21.5429,6.7555,79.0,45.4279,35.5584,80.96,1.0,1.0,0.0,0.0,1.0
30.122,81.6583,11.5849,15.6393,95.0,52.387,39.4852,99.7118,1.0,0.0,0.0,1.0,0.0
2.5477,54.0898,41.631,79.5253,21.0,62.415,25.6867,57.641,0.0,0.0,1.0,0.0,1.0
7.0835,98.9714,69.808,92.3709,33.0,9.708,43.9638,39.6973,1.0,1.0,0.0,1.0,1.0
19.8713,44.0489,43.0243,52.4013,94.0,71.657,97.3579,25.7346,0.0,1.0,0.0,0.0,0.0
28.2077,46.9724,77.8479,38.889,72.0,54.1369,62.0561,30.7198,0.0,1.0,0.0,0.0,0.0
29.8648,81.4364,12.7347,33.3091,84.0,83.1103,8.609,16.6683,0.0,0.0,1.0,0.0,0.0
86.5199,45.9703,41.375,84.5553,83.0,32.886,78.5856,26.7536,1.0,1.0,0.0,0.0,0.0
85.9348,81.1183,63.1004,77.5422,81.0,79.5443,2.2306,27.1152,1.0,0.0,0.0,0.0,1.0
78.3717,69.3031,8.4015,21.9127,9.0,98.1275,53.344,38.8419,0.0,0.0,0.0,0.0,0.0
56.4672,52.6297,45.4867,87.8229,82.0,34.6563,0.3939,38.4261,1.0,0.0,1.0,1.0,1.0
15.2761,92.9918,32.9399,72.9981,74.0,21.894,33.6707,22.9343,1.0,1.0,1.0,1.0,1.0
63.7723,44.9177,59.202,55.4692,88.0,68.8205,51.862,60.1388,1.0,1.0,1.0,1.0,1.0
82.1546,67.2861,97.1412,67.3995,37.0,23.6195,38.1778,46.638,0.0,0.0,1.0,0.0,0.0
66.8336,48.6135,73.6965,10.2768,55.0,45.232,47.9807,57.5866,1.0,1.0,0.0,0.0,1.0
76.4607,85.2833,99.8862,22.8318,74.0,13.1876,28.4472,31.1818,1.0,1.0,0.0,0.0,1.0
38.1207,85.4665,19.9054,15.7528,11.0,16.3922,32.7779,96.3194,1.0,0.0,0.0,1.0,1.0
5.6474,43.7181,48.175,91.4135,32.0,33.6358,96.9064,15.1707,0.0,1.0,1.0,0.0,0.0
40.8282,47.2362,93.3107,49.6824,85.0,1.1537,25.7513,55.4353,1.0,1.0,0.0,1.0,1.0
36.0847,34.6176,29.8636,41.9886,64.0,69.5211,56.9322,75.2686,0.0,0.0,1.0,0.0,0.0
4.0898,60.3325,73.6459,2.4585,48.0,83.0511,71.3184,19.8344,0.0,0.0,0.0,0.0,0.0
16.6253,71.0979,16.8125,87.8953,21.0,43.6938,30.1943,99.8267,1.0,0.0,0.0,1.0,1.0
49.6727,65.7271,20.1722,86.0603,99.0,59.1739,44.6239,63.3802,0.0,1.0,0.0,0.0,0.0
23.8517,30.0601,82.3923,23.0799,17.0,69.0611,62.3163,95.6215,1.0,0.0,0.0,1.0,1.0
11.8437,46.2483,25.4227,75.3654,74.0,84.0014,11.0737,87.7672,1.0,0.0,0.0,1.0,1.0
29.0945,29.4425,56.2871,58.1242,89.0,59.718,75.7682,90.2485,0.0,0.0,1.0,0.0,0.0
44.2171,79.4892,40.1377,60.7532,39.0,81.4344,91.9337,18.1645,1.0,1.0,0.0,0.0,1.0
44.3646,16.1651,18.1609,81.9665,73.0,10.5163,28.6441,99.5088,0.0,0.0,0.0,1.0,1.0
2.3434,64.6191,99.9037,63.2961,43.0,67.3886,7.0321,19.6226,1.0,1.0,1.0,1.0,1.0
21.7355,56.158,41.2735,75.4902,30.0,10.213,63.5315,30.3796,0.0,1.0,1.0,0.0,1.0
10.2998,26.3845,70.2646,33.7566,97.0,36.3546,71.5596,29.3236,0.0,1.0,0.0,0.0,1.0
21.2684,69.9664,87.5302,12.9722,89.0,0.4772,56.9117,11.6048,0.0,1.0,0.0,0.0,0.0
64.275,30.5773,51.1211,25.3298,86.0,34.442,5.5938,93.3083,1.0,0.0,0.0,1.0,1.0
44.0447,56.4088,67.986,60.5858,30.0,38.9031,60.0975,22.8771,1.0,1.0,1.0,1.0,1.0
82.3112,28.8889,63.3776,87.725,20.0,11.7586,21.0276,34.4536,1.0,0.0,0.0,0.0,1.0
42.7279,20.6467,85.1363,22.4749,50.0,21.7411,67.2477,20.6996,0.0,1.0,0.0,0.0,0.0
19.6688,41.337,43.1772,85.3569,59.0,7.8819,55.6456,99.189,1.0,0.0,0.0,1.0,1.0
8.278,41.6351,27.9998,84.6851,59.0,38.1232,66.4474,89.2558,0.0,0.0,1.0,0.0,0.0
29.8504,99.0357,62.3081,50.9802,71.0,95.2776,50.2918,98.8138,1.0,0.0,0.0,1.0,0.0
13.1678,98.8929,36.2616,59.6321,29.0,29.0774,30.1591,43.8513,1.0,1.0,0.0,1.0,1.0
99.7636,74.4027,70.3682,55.6788,21.0,52.7036,86.6322,51.6385,0.0,0.0,0.0,1.0,0.0
59.5746,51.9284,36.2881,74.5857,92.0,77.8069,43.7781,72.891,1.0,1.0,0.0,1.0,1.0
31.0699,38.5751,56.1779,65.4481,68.0,28.1241,40.0595,97.1506,1.0,0.0,0.0,1.0,1.0
98.1326,88.7494,2.0608,88.3487,30.0,94.9264,30.48,90.2451,0.0,0.0,0.0,1.0,0.0
56.6793,93.4094,75.8476,73.3659,74.0,83.8464,81.5184,26.6917,0.0,0.0,1.0,0.0,0.0
46.5404,42.603,37.3957,17.7584,99.0,64.277,11.8474,54.9717,1.0,1.0,0.0,0.0,1.0
42.0337,74.8153,52.3491,58.8407,50.0,85.1303,8.5582,91.5061,0.0,0.0,0.0,0.0,1.0
51.2756,70.6324,21.7258,71.3564,0.0,21.2987,94.4205,3.2104,1.0,0.0,0.0,1.0,1.0
18.0687,4.0976,65.3646,30.3848,46.0,56.1588,0.3578,12.6125,0.0,0.0,0.0,0.0,1.0
3.8862,50.4908,31.4797,57.4875,73.0,30.2213,48.6769,80.2471,1.0,1.0,0.0,1.0,1.0
25.9166,96.199,54.0775,34.3526,36.0,49.2772,97.8037,10.1099,1.0,1.0,1.0,0.0,0.0
79.5769,87.8335,55.0254,85.5714,4.0,36.4912,72.1228,67.7907,1.0,1.0,0.0,0.0,0.0
2.5392,33.4143,58.5955,42.9888,64.0,88.2859,89.3428,98.6072,1.0,0.0,0.0,0.0,1.0
65.9478,29.7977,38.1179,28.6874,49.0,22.6917,35.7358,98.0273,1.0,0.0,0.0,1.0,1.0
57.6962,79.0185,77.6767,84.8106,100.0,89.4553,41.9479,97.6119,1.0,0.0,0.0,1.0,1.0
75.4109,96.1459,79.7946,52.2718,54.0,40.9278,50.5191,51.1027,1.0,1.0,1.0,0.0,1.0
14.6131,83.1911,92.5264,31.2143,70.0,1.5919,40.6859,30.547,0.0,1.0,0.0,0.0,1.0
71.3237,82.6257,36.9497,82.292,36.0,5.325,3.5269,43.9424,1.0,0.0,0.0,1.0,1.0
64.3906,26.0595,69.7158,50.7272,51.0,77.5979,39.8718,21.4649,1.0,1.0,0.0,1.0,0.0
88.3901,88.8125,57.8462,64.5945,94.0,40.9182,31.7081,96.6859,1.0,0.0,0.0,1.0,1.0
15.8224,26.3891,11.9138,74.3979,80.0,12.571,90.3195,60.6573,1.0,0.0,0.0,0.0,1.0
59.8805,47.6425,50.956,27.7581,86.0,39.4164,89.9337,46.3205,1.0,1.0,0.0,0.0,1.0
39.6838,39.1311,46.3318,19.2958,61.0,5.7594,1.3445,82.7643,1.0,0.0,0.0,1.0,1.0
58.5245,6.8593,31.0414,1.6081,42.0,74.8333,11.196,97.3685,1.0,0.0,0.0,0.0,0.0
24.5352,58.2999,50.8077,59.0019,35.0,74.7206,47.8076,31.7039,0.0,1.0,1.0,0.0,0.0
43.2374,32.7057,63.7095,91.3435,41.0,9.3969,42.5203,93.0827,1.0,1.0,0.0,1.0,1.0
52.596,91.7023,44.4606,5.534,55.0,65.0695,36.3283,79.1741,1.0,1.0,0.0,0.0,1.0
6.6237,82.2926,69.8807,32.7643,84.0,68.8541,56.2913,45.8435,0.0,1.0,1.0,0.0,1.0
79.9978,78.7015,43.047,91.0847,44.0,28.1689,52.0255,99.8991,1.0,0.0,0.0,1.0,1.0
53.6919,29.0387,51.1953,66.5246,34.0,87.7093,71.2586,16.4588,1.0,0.0,0.0,1.0,0.0
49.4135,84.678,82.9857,63.3736,55.0,23.9115,34.3173,21.6286,1.0,1.0,1.0,1.0,1.0
15.0767,99.2402,98.1671,77.6536,29.0,16.5167,72.6341,26.8349,0.0,1.0,1.0,1.0,0.0
29.0754,78.4178,99.0879,89.819,67.0,67.099,22.5465,44.0972,0.0,1.0,1.0,0.0,0.0
12.8695,65.8293,50.4934,94.2169,68.0,70.4411,77.578,61.4858,1.0,1.0,1.0,1.0,1.0
11.015,98.5384,65.9915,51.3742,47.0,93.1185,20.0018,68.3401,1.0,0.0,0.0,1.0,1.0
29.5188,57.9792,77.3687,62.5482,97.0,19.9129,56.4351,38.892,0.0,1.0,1.0,0.0,0.0
0.5418,37.15,30.6589,33.5806,6.0,21.7425,82.6573,32.9203,1.0,1.0,1.0,0.0,0.0
98.0099,1.9083,56.7584,65.9397,0.0,29.269,46.4375,50.3371,0.0,0.0,0.0,1.0,1.0
52.1667,14.7599,87.1638,94.5386,23.0,33.9174,47.9876,10.0813,0.0,0.0,1.0,0.0,0.0
4.431,45.5607,94.4484,87.377,92.0,76.5803,58.0285,16.2518,1.0,1.0,0.0,1.0,1.0
5.9718,62.6409,73.3507,41.8522,7.0,70.2763,51.9542,19.336,0.0,0.0,0.0,0.0,1.0
23.2745,21.3726,35.5275,30.5931,38.0,40.1475,21.7413,27.923,1.0,1.0,1.0,1.0,1.0
57.708,22.2656,12.0771,61.5243,13.0,21.8439,45.5686,75.2211,1.0,0.0,0.0,0.0,0.0
2.5526,75.1065,35.5539,53.617,77.0,19.9847,46.975,15.8154,0.0,1.0,1.0,0.0,0.0
43.6405,95.1544,57.4457,85.8508,85.0,11.5214,75.3953,94.5436,0.0,1.0,1.0,0.0,0.0
58.0997,57.3446,62.857,31.2628,68.0,38.6214,85.5635,96.2943,1.0,0.0,0.0,1.0,0.0
56.7617,66.5544,77.3775,60.8771,81.0,84.047,6.5986,60.3268,0.0,0.0,1.0,0.0,1.0
60.4882,49.5931,65.1099,38.5543,77.0,85.3051,90.2069,26.6589,1.0,1.0,0.0,0.0,1.0
67.5664,97.2052,32.3328,99.7286,29.0,70.8857,31.2575,58.5823,1.0,1.0,0.0,1.0,1.0
62.7506,95.3981,19.7604,61.3097,56.0,56.7386,18.5894,11.0962,1.0,1.0,1.0,1.0,1.0
61.1237,57.5801,44.5925,43.1025,67.0,14.5751,43.3312,98.6186,1.0,0.0,0.0,1.0,1.0
53.405,22.5856,67.039,11.9952,66.0,34.9518,87.4226,75.9131,0.0,1.0,0.0,0.0,0.0
72.5299,36.1617,89.9816,96.5523,11.0,34.9121,94.0634,19.1443,1.0,1.0,0.0,0.0,0.0
24.5175,95.4846,0.9572,60.6707,14.0,10.282,1.5823,55.2238,0.0,0.0,0.0,0.0,1.0
43.9264,48.319,87.2488,92.6033,62.0,52.0444,80.8333,56.0735,1.0,1.0,1.0,1.0,1.0
13.2526,98.2723,79.154,94.3129,63.0,23.1461,26.9351,15.6321,1.0,1.0,1.0,1.0,1.0
3.2601,12.54,97.1748,90.4406,23.0,71.0762,59.1989,27.2071,1.0,1.0,1.0,0.0,0.0
61.0894,64.6161,92.9885,25.7208,17.0,78.668,21.6683,60.9392,1.0,1.0,0.0,0.0,1.0
8.3727,34.6044,49.9836,35.5916,10.0,20.1774,39.61,45.0243,1.0,1.0,1.0,1.0,1.0
14.9069,64.5566,57.4334,44.2608,84.0,84.5958,82.2535,34.8732,1.0,1.0,0.0,1.0,1.0
82.65,95.4311,19.5315,44.0433,87.0,62.0498,69.8922,1.4824,1.0,0.0,0.0,0.0,0.0
5.9341,17.9373,79.4453,31.2693,76.0,50.173,50.2047,43.1767,0.0,0.0,1.0,0.0,0.0
81.2992,73.5418,69.7882,85.46,27.0,26.8208,47.8168,97.0605,1.0,0.0,0.0,1.0,1.0
22.0678,37.7121,38.4666,20.0726,83.0,2.3826,5.3572,79.3562,1.0,0.0,0.0,1.0,1.0
32.3831,95.3797,94.2066,77.7837,42.0,67.7128,36.8217,79.4941,0.0,0.0,1.0,0.0,1.0
63.4792,47.8485,76.6957,34.5491,39.0,59.4528,96.6773,66.6317,1.0,1.0,0.0,0.0,0.0
23.8457,35.3545,93.9986,28.7746,88.0,53.1323,23.5594,92.8071,0.0,0.0,0.0,0.0,0.0
37.037,64.9819,45.6617,13.8164,64.0,44.0937,20.2368,40.5619,1.0,1.0,0.0,0.0,1.0
19.984,82.9715,73.4997,23.6326,55.0,8.0937,29.6117,43.797,1.0,1.0,0.0,1.0,1.0
61.1386,96.2715,70.3572,83.9024,85.0,36.782,48.3257,26.0597,0.0,1.0,1.0,0.0,0.0
44.4342,74.7077,18.9547,93.1786,59.0,39.7604,92.1512,80.9616,1.0,1.0,1.0,0.0,1.0
0.8266,28.2597,21.3545,72.922,84.0,16.3238,95.3848,12.1753,0.0,0.0,1.0,0.0,0.0
58.8607,27.024,87.8863,95.2806,96.0,51.8587,73.1857,68.3035,1.0,1.0,0.0,1.0,1.0
32.6572,68.4415,31.8431,19.6647,87.0,21.4311,35.0735,40.5781,1.0,1.0,1.0,0.0,1.0
60.4165,39.5078,14.0228,62.9437,55.0,77.3404,59.2326,50.5602,1.0,1.0,0.0,0.0,1.0
66.293,91.0376,76.868,78.4142,86.0,12.5265,54.7213,1.9661,0.0,1.0,0.0,0.0,0.0
33.0774,33.3687,51.3861,67.5794,44.0,70.4124,19.5653,58.2476,1.0,1.0,0.0,1.0,1.0
83.7109,76.9896,44.6212,70.9307,79.0,22.5974,68.3641,55.5927,0.0,0.0,0.0,0.0,1.0
83.0905,51.9684,55.7925,94.0462,47.0,19.198,92.6535,23.154,1.0,1.0,0.0,0.0,1.0
64.5479,49.2639,28.403,43.4044,87.0,99.9567,50.7773,43.6415,0.0,0.0,0.0,1.0,1.0
47.4163,92.2952,48.7285,90.9401,73.0,11.1574,59.267,96.8647,0.0,0.0,0.0,1.0,0.0
44.3949,23.7077,94.4826,57.4123,55.0,69.1109,30.4921,2.9797,1.0,1.0,0.0,0.0,0.0
70.0687,60.4653,26.8495,21.4368,71.0,28.3861,66.4114,16.2827,1.0,1.0,0.0,1.0,0.0
44.7875,54.1365,90.0306,76.732,33.0,39.9373,60.665,85.7021,0.0,1.0,1.0,0.0,0.0
19.1641,28.9333,99.5019,74.1164,54.0,12.6913,7.3964,4.0347,1.0,1.0,0.0,0.0,1.0
18.2339,35.7068,89.7247,86.4263,31.0,51.8936,85.311,25.4244,1.0,1.0,0.0,1.0,1.0
98.8444,91.7584,64.2652,36.3342,33.0,53.3372,53.34,68.535,1.0,0.0,0.0,0.0,0.0
65.4093,55.9423,79.7973,54.8211,62.0,27.9901,83.8992,57.0562,0.0,1.0,0.0,0.0,0.0
81.9407,61.8317,31.1214,32.1131,41.0,16.8803,30.7002,36.2096,1.0,1.0,0.0,0.0,1.0
38.0182,83.0691,59.7663,24.5002,80.0,89.8984,22.2607,46.2366,1.0,1.0,0.0,1.0,0.0
40.1857,21.6139,16.7246,59.4729,78.0,58.1515,76.9566,53.201,0.0,0.0,1.0,0.0,0.0
23.0313,86.1927,28.0079,27.8253,52.0,26.0774,94.1683,42.828,1.0,1.0,0.0,1.0,0.0
48.9086,57.6152,75.9007,90.3462,41.0,37.7248,63.8266,29.5111,0.0,1.0,1.0,0.0,1.0
28.6455,7.0063,4.2416,49.4145,76.0,65.7113,87.8011,65.1212,0.0,0.0,0.0,0.0,0.0
85.8842,76.4875,64.0095,82.8265,41.0,29.974,45.0002,92.0944,1.0,0.0,0.0,1.0,1.0
24.4354,87.2096,83.7726,83.1755,40.0,59.1817,42.1003,76.5441,0.0,1.0,0.0,0.0,1.0
65.4049,70.4595,65.8323,20.1213,22.0,92.8054,22.7525,37.407,1.0,0.0,0.0,1.0,0.0
24.7969,90.7366,63.9996,89.4221,84.0,41.4009,40.8125,38.2977,0.0,1.0,1.0,1.0,0.0
47.6446,85.9934,33.2914,12.799,78.0,54.2501,28.9749,11.3813,1.0,1.0,0.0,0.0,0.0
45.0399,31.9766,67.6518,36.3231,9.0,90.6872,11.5943,55.5694,0.0,0.0,1.0,0.0,0.0
52.2961,17.347,86.0248,74.1547,34.0,42.5505,57.3825,85.0424,0.0,0.0,1.0,0.0,0.0
61.4375,40.416,43.3816,62.0588,35.0,31.4946,46.995,60.0942,1.0,1.0,1.0,1.0,1.0
69.624,43.6827,51.1169,41.0961,95.0,18.7776,33.8023,14.0897,1.0,1.0,0.0,1.0,0.0
46.8657,30.9596,80.5515,22.1452,56.0,23.208,1.2399,36.1589,1.0,0.0,1.0,0.0,1.0
22.4275,35.4009,4.0659,36.7514,87.0,58.1928,30.8078,71.2584,1.0,0.0,0.0,0.0,0.0
53.4159,12.1915,3.7374,33.7174,5.0,8.3227,64.0243,48.9077,0.0,0.0,0.0,0.0,0.0
4.2828,61.7371,42.1532,41.5372,24.0,31.6914,73.8835,51.3089,0.0,0.0,1.0,0.0,0.0
65.9882,92.0096,41.2558,73.2764,38.0,28.2574,48.2666,77.4729,0.0,0.0,1.0,0.0,0.0
34.3109,98.3037,92.9564,39.6383,26.0,85.2423,55.2389,65.8897,1.0,1.0,1.0,1.0,1.0
23.7552,66.889,62.2647,65.9736,72.0,20.7813,5.602,74.3558,0.0,0.0,1.0,1.0,0.0
10.801,78.9641,9.5253,92.3605,73.0,64.9232,39.3964,81.3122,1.0,0.0,0.0,0.0,0.0
28.5418,61.4855,16.6801,42.9758,29.0,47.0652,76.7382,34.771,1.0,1.0,0.0,0.0,0.0
74.7645,39.0574,33.0369,63.5214,75.0,15.0544,18.1848,50.8996,0.0,0.0,1.0,0.0,0.0
27.0591,39.5943,19.1156,77.0737,47.0,18.8972,61.5566,45.8994,1.0,1.0,0.0,1.0,1.0
79.3898,33.4323,79.3737,77.0214,31.0,21.8952,34.5174,94.4805,1.0,0.0,0.0,1.0,1.0
25.4823,26.7436,86.0439,20.1013,32.0,83.3234,21.8602,63.3309,1.0,1.0,0.0,1.0,0.0
92.8283,76.6797,59.3754,24.635,92.0,56.5911,43.3505,70.4038,0.0,0.0,0.0,0.0,0.0
63.8924,41.5309,44.1769,75.8632,78.0,24.9378,65.9307,64.6241,0.0,0.0,1.0,1.0,0.0
1.9515,26.126,41.7763,83.2263,4.0,46.4031,51.7577,53.9075,1.0,0.0,0.0,0.0,1.0
10.5161,90.5303,89.0919,92.2325,32.0,62.6123,66.7466,48.1726,0.0,0.0,1.0,0.0,1.0
86.1131,55.6324,85.3631,14.5963,23.0,54.3813,32.0025,81.1283,1.0,1.0,0.0,0.0,0.0
4.032,57.9228,76.8408,92.7201,30.0,39.4218,38.1502,8.975,0.0,1.0,0.0,1.0,0.0
75.4166,61.8959,31.4603,38.0904,75.0,46.1245,52.2636,55.3632,1.0,1.0,0.0,1.0,0.0
71.6598,91.8137,92.2873,74.8884,4.0,27.5509,77.1675,29.1835,1.0,0.0,0.0,0.0,1.0
0.8686,49.3541,54.1495,46.9963,23.0,7.9471,64.5334,81.6062,1.0,1.0,1.0,1.0,1.0
46.2743,90.5984,28.8024,64.1826,0.0,81.831,27.1157,9.2554,0.0,0.0,0.0,0.0,1.0
78.2323,95.5636,45.174,92.5036,64.0,10.8811,39.8536,73.7984,1.0,1.0,0.0,1.0,1.0
22.6836,22.9153,76.9519,64.0097,90.0,76.9651,93.9879,23.2153,0.0,1.0,1.0,0.0,0.0
18.6508,83.8582,86.7647,2.1493,3.0,15.2906,89.8307,52.3824,1.0,0.0,0.0,0.0,0.0
41.391,29.936,93.3142,75.5516,13.0,1.9154,25.8419,0.1505,1.0,1.0,0.0,0.0,0.0
73.8878,13.6486,84.6983,39.5824,0.0,23.5794,94.6721,32.9166,0.0,0.0,0.0,1.0,1.0
60.2357,27.4594,38.9756,40.1605,21.0,37.1215,0.5891,84.407,0.0,0.0,0.0,0.0,1.0
48.474,1.726,44.7596,53.0288,80.0,43.2535,16.2989,91.1948,0.0,0.0,0.0,0.0,0.0
18.6987,0.1614,74.7458,72.9725,38.0,29.2269,33.1092,10.1024,0.0,0.0,0.0,0.0,1.0
35.9092,20.5984,92.6403,96.4365,18.0,31.3805,93.7071,68.6751,0.0,1.0,1.0,0.0,0.0
5.4139,8.8738,38.2939,5.5047,88.0,32.3665,73.462,17.3717,0.0,0.0,0.0,0.0,0.0
23.288,89.2013,74.5852,45.4288,33.0,81.9737,71.4381,65.3161,1.0,1.0,0.0,1.0,1.0
2.8111,58.1541,70.3664,67.4279,67.0,18.9623,3.1471,52.1016,0.0,0.0,0.0,0.0,1.0
5.7409,56.2565,92.8298,17.4799,94.0,25.6883,25.6359,51.0402,1.0,1.0,0.0,1.0,1.0
19.9484,37.4081,69.5434,66.6081,50.0,23.8894,11.7671,60.1444,1.0,1.0,1.0,1.0,1.0
65.9167,99.0345,75.255,93.5522,14.0,32.2779,39.3656,96.6872,1.0,0.0,0.0,1.0,1.0
14.3135,8.266,35.4747,80.8142,32.0,12.2121,43.9407,98.6892,1.0,0.0,0.0,0.0,0.0
51.6431,45.1391,23.0137,7.0009,98.0,69.9703,71.3405,91.3806,1.0,1.0,0.0,0.0,0.0
35.2407,78.0926,78.7791,89.5472,85.0,72.7245,33.4919,83.786,1.0,1.0,1.0,1.0,1.0
42.8634,90.4637,88.9756,0.5379,0.0,9.4113,79.2094,15.9963,1.0,0.0,0.0,1.0,1.0
25.5924,89.0238,20.071,58.7855,69.0,58.392,72.6224,26.9688,1.0,1.0,0.0,0.0,1.0
20.4388,71.8974,48.4678,76.7003,68.0,14.3738,18.5589,83.1954,1.0,1.0,0.0,1.0,1.0
57.9303,8.9625,24.5201,10.0551,42.0,98.9355,28.6478,36.9755,1.0,0.0,0.0,0.0,0.0
18.0502,93.7823,64.1377,98.5417,31.0,54.0053,41.6991,19.4411,0.0,1.0,1.0,0.0,0.0
58.3064,48.1329,79.2572,41.1239,82.0,63.466,92.3793,63.5465,1.0,1.0,1.0,1.0,1.0
85.6668,61.4495,70.8421,97.3563,95.0,68.9714,95.0979,89.6575,1.0,1.0,0.0,0.0,0.0
98.9334,67.9839,24.0931,45.9703,0.0,20.7455,20.558,57.9786,1.0,0.0,0.0,0.0,1.0
64.2458,77.1397,27.4981,98.656,96.0,47.3149,5.5336,91.4631,1.0,0.0,0.0,1.0,1.0
28.6411,35.6925,93.9034,87.4667,91.0,91.1896,61.3854,92.7726,1.0,0.0,0.0,1.0,1.0
83.1294,47.7389,38.552,62.8272,10.0,3.7236,4.3757,90.5121,1.0,0.0,0.0,0.0,1.0
22.4929,70.382,15.1574,93.3952,71.0,59.4734,39.5018,27.1968,1.0,1.0,0.0,1.0,0.0
71.291,26.6625,49.028,47.4408,42.0,56.2041,70.3358,76.9244,1.0,1.0,0.0,0.0,1.0
50.9706,22.9553,51.0927,85.5673,86.0,26.6357,45.7279,17.1425,0.0,0.0,1.0,0.0,0.0
44.0973,68.4963,84.7475,28.5262,60.0,21.8288,69.2265,62.7408,0.0,1.0,1.0,1.0,0.0
69.4447,51.0179,16.6196,38.8875,95.0,46.3732,67.304,66.9418,1.0,1.0,0.0,1.0,0.0
73.3618,92.4365,65.8594,40.3143,36.0,23.0523,80.6885,13.6742,0.0,1.0,0.0,0.0,0.0
60.605,62.9541,14.3808,33.4481,86.0,28.0336,51.5319,80.4572,1.0,0.0,0.0,0.0,1.0
37.0454,28.1934,71.0868,61.9215,99.0,41.7551,97.2368,19.2808,0.0,1.0,1.0,0.0,0.0
37.1016,58.3998,64.6976,75.3619,36.0,44.0969,60.8458,21.5409,1.0,1.0,0.0,0.0,1.0
55.5757,69.2961,22.3773,23.8374,96.0,65.4798,92.7127,99.9948,1.0,0.0,0.0,0.0,1.0
58.7113,83.6449,28.9537,85.3302,44.0,24.8373,90.5052,22.8484,1.0,1.0,0.0,0.0,1.0
41.0105,51.1628,87.8652,46.8347,70.0,54.5232,97.4862,80.5749,1.0,1.0,0.0,0.0,0.0
58.0983,45.0215,8.5789,4.1497,0.0,43.1953,65.9238,45.3589,1.0,0.0,0.0,1.0,1.0
15.3475,77.8873,18.4039,62.618,53.0,98.2511,32.712,92.5237,0.0,0.0,0.0,0.0,0.0
8.2172,31.5277,90.1732,37.3389,85.0,3.6497,95.8805,2.6705,1.0,1.0,0.0,0.0,0.0
59.4055,64.1204,39.4047,81.6138,25.0,73.2553,85.5808,63.9091,0.0,0.0,1.0,0.0,0.0
23.5251,57.8672,75.4847,79.1122,8.0,90.4365,80.9956,62.7508,1.0,0.0,0.0,0.0,1.0
51.0834,91.1696,60.1839,55.0787,93.0,95.1315,84.567,97.271,0.0,0.0,0.0,0.0,0.0
68.6859,90.6934,74.4663,69.02,57.0,47.5282,20.564,97.5303,0.0,0.0,0.0,1.0,0.0
34.1666,12.8076,86.9105,68.7998,58.0,33.7911,11.3427,17.1884,1.0,1.0,0.0,0.0,1.0
32.4833,48.9362,98.2036,44.9701,60.0,35.4526,34.7694,59.2434,1.0,1.0,1.0,1.0,1.0
3.1506,63.0668,19.2059,29.934,51.0,44.2497,34.5837,63.6942,1.0,1.0,0.0,1.0,1.0
8.9679,17.4247,53.6773,97.9912,77.0,47.4246,44.1418,59.4138,0.0,0.0,1.0,0.0,0.0
61.9692,22.4644,91.2658,77.8439,57.0,64.4209,61.65,59.0778,0.0,0.0,1.0,0.0,0.0
77.2897,33.8536,64.9401,29.3898,15.0,25.043,36.7806,68.1871,1.0,1.0,0.0,0.0,1.0
54.0148,73.2348,50.9306,90.427,30.0,78.1068,81.8709,68.1389,1.0,1.0,1.0,1.0,1.0
44.9088,32.8467,15.1515,17.6855,23.0,55.9777,38.733,99.9515,1.0,0.0,0.0,1.0,0.0
15.0569,29.0094,25.4141,32.6546,56.0,48.1409,58.3127,9.3259,1.0,1.0,0.0,0.0,0.0
24.3916,87.6612,65.0873,19.1386,97.0,0.8751,28.963,33.1598,1.0,1.0,1.0,1.0,1.0
51.3553,90.5022,67.3408,57.7858,95.0,2.5021,54.6948,75.6901,1.0,1.0,0.0,1.0,1.0
14.4907,50.4464,9.323,97.8406,94.0,85.6529,57.5856,46.074,1.0,0.0,0.0,0.0,0.0
40.898,30.8936,85.1322,12.6174,49.0,91.4588,89.4815,19.431,1.0,1.0,0.0,0.0,0.0
0.7819,82.8342,93.0758,78.9764,18.0,77.9563,48.5907,98.4485,1.0,0.0,0.0,1.0,1.0
6.4956,51.7782,73.2166,19.1856,30.0,4.0074,75.6534,45.9615,1.0,1.0,1.0,1.0,1.0
70.6344,18.7348,52.0687,75.4785,5.0,66.7699,0.4102,94.8155,1.0,0.0,0.0,1.0,0.0
0.922,26.4284,66.9786,17.7871,93.0,7.6407,88.2134,38.0892,1.0,1.0,1.0,0.0,0.0
40.9337,43.9812,42.7798,29.1136,0.0,22.268,96.5948,20.5363,0.0,0.0,0.0,0.0,1.0
49.24,99.2394,99.931,44.9683,78.0,4.4889,24.4433,85.0742,0.0,1.0,1.0,0.0,0.0
61.5787,34.2182,44.4659,57.7256,2.0,6.7883,72.4668,94.0153,0.0,0.0,0.0,0.0,0.0
10.4045,42.8811,25.8009,90.1534,18.0,55.8504,59.5673,92.5285,1.0,1.0,0.0,0.0,1.0
45.1206,86.5066,51.5757,24.2183,44.0,23.1505,6.7318,32.7984,1.0,1.0,0.0,1.0,1.0
47.6034,97.4524,74.8881,27.2486,19.0,30.5619,78.7186,86.9998,1.0,1.0,0.0,1.0,1.0
66.4798,92.6724,98.8852,71.0063,82.0,27.4897,12.6998,34.4994,1.0,1.0,0.0,1.0,1.0
26.4185,77.2529,65.3137,37.7891,25.0,13.1939,24.2324,88.3135,1.0,1.0,0.0,1.0,1.0
68.5037,59.4631,61.7847,47.134,58.0,33.1566,61.8451,81.675,1.0,1.0,1.0,1.0,1.0
37.5105,26.3079,48.7103,99.1551,83.0,41.0083,34.1082,11.2143,1.0,1.0,0.0,0.0,0.0
17.9537,54.6175,38.5662,59.7291,43.0,87.9266,38.5509,8.7701,1.0,0.0,0.0,1.0,1.0
21.9308,46.9755,74.0306,64.4744,14.0,99.7831,90.8119,41.3553,0.0,0.0,0.0,0.0,1.0
19.2378,66.9512,39.3109,65.0382,33.0,7.4813,34.1442,70.2833,1.0,1.0,1.0,1.0,1.0
62.7933,57.5379,47.7696,65.4357,56.0,8.6406,87.8614,44.8167,1.0,1.0,1.0,0.0,1.0
40.1872,19.8614,43.8911,17.8319,48.0,48.8127,30.751,26.5069,1.0,1.0,0.0,0.0,0.0
14.4894,42.1912,90.1631,62.1986,24.0,27.7311,4.8393,55.8641,0.0,0.0,1.0,0.0,1.0
76.4243,9.2115,73.6185,68.7232,23.0,31.8266,22.2917,57.9131,1.0,0.0,0.0,0.0,1.0
1.6234,32.2966,24.9268,98.1446,12.0,9.5899,3.974,15.6202,1.0,0.0,0.0,1.0,1.0
17.4943,38.3307,85.3076,65.2735,92.0,22.7379,38.542,30.4008,1.0,1.0,1.0,1.0,1.0
5.4568,75.278,82.185,57.5538,80.0,49.1634,94.331,27.8132,0.0,1.0,1.0,0.0,0.0
20.812,61.5602,69.3216,35.8597,52.0,15.5708,65.5518,14.5644,1.0,1.0,1.0,1.0,1.0
9.0695,65.534,43.577,97.5911,36.0,92.3336,86.3371,95.0466,0.0,0.0,1.0,0.0,0.0
1.5141,66.3372,62.4884,46.7732,89.0,75.2377,61.1209,24.7318,1.0,1.0,1.0,1.0,1.0
25.5872,57.8619,23.8437,17.9739,78.0,51.6652,90.2709,16.7592,1.0,1.0,0.0,0.0,1.0
22.1187,30.0605,32.7296,75.3006,90.0,70.3938,61.3609,70.0977,1.0,1.0,1.0,1.0,1.0
16.9585,49.2754,87.291,91.1007,83.0,22.0358,79.3006,93.4499,0.0,0.0,0.0,1.0,0.0
78.5058,53.4594,24.4664,4.3892,81.0,44.8424,39.3796,79.1338,1.0,1.0,0.0,0.0,0.0
23.161,72.7042,67.5372,74.883,89.0,93.6898,62.6252,85.9255,1.0,0.0,1.0,1.0,1.0
95.4076,21.6479,86.4063,47.3431,10.0,25.5306,83.5479,58.464,1.0,0.0,0.0,0.0,0.0
34.3597,71.8388,18.5996,77.6365,92.0,70.4841,40.5299,50.1343,0.0,0.0,1.0,0.0,0.0
39.7523,97.3032,16.9869,4.5172,51.0,55.2865,64.4924,76.225,0.0,0.0,0.0,0.0,0.0
27.6545,56.9419,69.4182,59.8457,14.0,8.1464,53.5706,81.1535,0.0,1.0,1.0,0.0,1.0
77.1798,10.3074,33.676,45.4904,86.0,47.4565,68.1004,53.9772,1.0,1.0,0.0,0.0,1.0
33.3976,28.0581,93.1127,96.1292,81.0,81.9654,9.6575,90.4839,1.0,0.0,0.0,1.0,1.0
78.1777,88.5716,66.049,95.3045,41.0,71.76,31.8074,42.9658,1.0,1.0,0.0,1.0,1.0
19.831,35.4552,75.9299,45.5722,67.0,89.3883,32.2841,27.1529,0.0,0.0,1.0,0.0,0.0
25.495,61.1369,45.2591,53.2885,7.0,45.0357,1.1181,44.2961,1.0,0.0,0.0,1.0,1.0
54.9158,63.1535,76.5983,55.2451,35.0,25.4352,78.7958,38.7414,0.0,1.0,1.0,0.0,0.0
50.8405,72.8883,85.3039,63.67,50.0,39.6206,75.9359,33.4767,1.0,1.0,1.0,1.0,1.0
89.3292,37.8163,55.9251,61.6843,63.0,1.3668,95.0583,6.7269,1.0,1.0,0.0,0.0,0.0
5.4462,19.6221,24.5354,65.7033,54.0,11.9137,36.9566,58.2603,0.0,1.0,1.0,0.0,0.0
53.76,47.6721,79.385,93.1282,38.0,7.235,15.811,60.6565,1.0,1.0,0.0,1.0,1.0
6.4172,92.0918,21.6998,89.2225,69.0,52.8906,45.6012,57.3835,0.0,0.0,1.0,0.0,0.0
22.3691,84.3631,79.8392,27.226,21.0,79.7132,98.7784,94.9116,1.0,0.0,0.0,0.0,0.0
57.177,71.3184,22.8605,95.983,89.0,44.0034,8.9888,25.9564,1.0,1.0,0.0,1.0,1.0
84.7825,76.4092,47.5498,84.7328,72.0,68.4116,28.78,56.9795,1.0,0.0,0.0,1.0,1.0
35.138,41.7798,42.9392,37.0063,53.0,18.7753,33.6401,97.7133,1.0,0.0,0.0,1.0,1.0
24.504,51.0129,93.3524,28.039,47.0,57.9517,23.9611,73.1524,1.0,1.0,1.0,1.0,1.0
13.6339,95.3408,13.9871,40.6253,40.0,93.3947,59.0759,98.0351,1.0,0.0,0.0,1.0,0.0
17.5469,11.1124,80.5784,84.194,97.0,73.4487,56.2236,26.0621,1.0,0.0,0.0,0.0,1.0
18.26,41.2763,96.0301,73.383,78.0,24.9311,83.3184,30.9822,1.0,1.0,1.0,1.0,1.0
47.6318,14.1992,27.8054,45.8462,73.0,27.6832,67.4607,32.1117,0.0,0.0,1.0,0.0,0.0
73.5365,21.7095,65.8421,29.5958,51.0,8.8804,66.7082,3.8773,1.0,1.0,0.0,0.0,0.0
55.0797,16.8864,34.7957,83.4632,91.0,61.5098,67.3736,40.808,1.0,1.0,0.0,0.0,1.0
47.2902,67.2308,86.7643,50.1766,16.0,73.2454,77.0466,92.4819,1.0,0.0,1.0,1.0,1.0
1.3,45.9257,67.6719,91.6765,9.0,26.9092,83.1808,32.0029,1.0,1.0,1.0,0.0,1.0
66.6762,77.2695,34.0053,48.5682,12.0,55.4109,58.0306,16.1489,1.0,1.0,1.0,1.0,1.0
9.7971,51.2441,53.6726,51.4286,72.0,55.4977,97.4894,38.9326,0.0,1.0,1.0,0.0,0.0
59.81,19.4884,95.4061,65.7905,58.0,97.7334,86.9623,62.0378,0.0,0.0,0.0,0.0,0.0
71.1726,91.0079,91.6055,77.3971,10.0,10.6171,32.0031,9.552,0.0,0.0,0.0,0.0,0.0
84.9393,91.215,87.4638,47.5168,86.0,37.7336,1.0663,7.9124,1.0,0.0,0.0,0.0,1.0
41.0017,91.6387,21.5937,53.7025,66.0,13.1838,28.678,28.988,1.0,1.0,0.0,1.0,1.0
66.8547,94.0562,55.2363,59.5654,68.0,77.3048,28.6133,81.1747,0.0,0.0,1.0,0.0,0.0
19.4778,79.2685,41.4021,25.9802,11.0,49.7345,98.9588,45.9673,0.0,1.0,0.0,0.0,0.0
71.4241,94.1866,72.3454,55.586,29.0,80.702,16.3215,10.0798,0.0,1.0,1.0,0.0,0.0
47.9878,33.2276,84.2247,83.9319,86.0,77.752,33.8651,65.4966,1.0,1.0,0.0,1.0,1.0
65.7138,20.2618,58.3763,65.0833,27.0,83.1963,48.8284,79.2758,1.0,0.0,0.0,0.0,1.0
14.2619,37.5488,61.5387,59.3866,49.0,73.5881,93.8528,71.5088,1.0,1.0,0.0,1.0,0.0
84.2718,40.6017,99.0852,39.1777,98.0,3.2737,14.936,21.3126,1.0,1.0,0.0,0.0,1.0
74.1755,72.4055,35.1191,59.1945,100.0,3.3632,78.7855,65.5337,0.0,0.0,0.0,0.0,0.0
76.4498,42.5942,31.2507,81.5335,73.0,55.0105,7.7165,76.706,1.0,1.0,0.0,1.0,0.0
13.1001,84.1604,98.3115,52.2538,81.0,65.6153,24.2574,66.0904,1.0,1.0,1.0,1.0,1.0
9.0222,89.4836,91.837,99.6838,87.0,44.3513,68.4178,38.931,0.0,1.0,1.0,1.0,0.0
48.4117,25.3862,86.8067,64.9681,42.0,57.749,89.83,95.2628,1.0,0.0,0.0,1.0,1.0
31.8554,55.9193,22.9488,97.71,66.0,51.7425,1.189,79.3778,0.0,0.0,1.0,1.0,0.0
66.6065,26.3681,83.9894,20.2018,16.0,64.4186,60.8263,19.7753,1.0,1.0,0.0,0.0,1.0
4.5337,53.0225,76.4036,46.6388,38.0,10.6374,13.9863,96.2552,1.0,0.0,0.0,1.0,1.0
38.5658,35.5908,93.8561,87.5646,46.0,33.5352,68.6675,14.9699,0.0,0.0,1.0,0.0,0.0
60.6997,94.6892,29.1715,46.7512,14.0,48.7068,39.0673,20.7225,1.0,1.0,0.0,1.0,0.0
45.6796,38.4848,25.5393,80.9657,35.0,67.6992,84.9661,16.2276,1.0,1.0,0.0,0.0,1.0
50.74,99.3537,32.432,65.8327,1.0,21.945,23.4293,63.6561,1.0,0.0,0.0,0.0,0.0
62.7464,21.3009,89.0742,60.0845,22.0,69.883,82.8853,25.2128,1.0,1.0,0.0,0.0,1.0
42.3656,93.327,52.1548,29.6827,74.0,3.4657,94.5441,59.5731,1.0,1.0,1.0,0.0,0.0
8.5214,95.7717,90.5263,93.3666,77.0,37.6167,96.0002,76.6017,0.0,1.0,1.0,0.0,0.0
78.7182,34.5199,89.9306,10.7836,61.0,68.5094,13.4069,95.6336,0.0,0.0,0.0,0.0,0.0
20.2795,9.7019,91.4874,56.2067,88.0,78.9411,93.6218,2.9002,1.0,1.0,0.0,0.0,0.0
60.3007,5.3048,81.1602,60.1912,6.0,88.8041,90.0367,34.95,0.0,0.0,0.0,0.0,0.0
21.9377,92.3307,29.9195,60.1717,49.0,30.7909,71.8662,51.7036,0.0,1.0,0.0,0.0,0.0
41.0954,58.382,43.0978,63.1995,88.0,79.8014,10.9655,6.392,1.0,1.0,0.0,0.0,0.0
46.9613,45.8732,29.6188,0.908,73.0,28.2368,52.8341,84.9973,0.0,0.0,0.0,0.0,0.0
10.8103,57.4341,55.9985,82.3931,24.0,37.0472,55.3949,93.2441,0.0,0.0,1.0,1.0,1.0
61.914,69.8908,70.2921,74.7061,83.0,18.0779,0.2515,23.523,1.0,0.0,0.0,1.0,1.0
22.511,67.0342,75.4747,23.6511,74.0,83.1946,58.4906,96.5828,1.0,0.0,0.0,1.0,1.0
44.2934,99.9122,36.4177,76.2415,88.0,8.7214,52.5526,90.9003,0.0,0.0,0.0,0.0,1.0
11.753,21.7242,89.3872,81.2627,36.0,92.1371,47.1587,76.8762,1.0,0.0,0.0,1.0,1.0
88.72,70.1425,77.0181,54.1451,7.0,11.8346,9.4727,99.7821,0.0,0.0,0.0,1.0,0.0
48.1233,18.9822,47.7524,26.9377,60.0,85.7464,38.0641,11.0008,1.0,0.0,0.0,0.0,1.0
29.7905,25.0826,51.5669,10.2627,86.0,14.8923,34.7383,32.1221,1.0,1.0,0.0,0.0,0.0
67.4745,32.8921,70.937,29.5463,86.0,32.5556,84.7598,40.5195,0.0,0.0,1.0,0.0,0.0
26.2648,69.3317,47.8888,14.2536,34.0,14.1736,14.3677,19.6823,1.0,1.0,0.0,0.0,1.0
29.7067,19.4916,51.1457,55.0382,93.0,60.949,67.2863,87.9966,0.0,0.0,1.0,0.0,0.0
18.2392,43.9114,96.8197,32.6981,95.0,13.4989,0.481,74.3314,1.0,0.0,0.0,1.0,1.0
3.5589,21.2221,46.3156,31.8717,12.0,62.1967,60.4943,35.8718,1.0,1.0,0.0,0.0,0.0
31.4137,81.9227,70.6145,7.4178,65.0,58.4041,63.8422,76.175,1.0,1.0,0.0,0.0,0.0
88.1951,64.0798,27.2435,85.2437,67.0,45.1801,39.9894,51.4659,1.0,0.0,0.0,0.0,1.0
35.303,58.045,65.9551,41.9754,20.0,26.7952,25.0345,83.8745,1.0,1.0,0.0,1.0,1.0
43.3918,24.3104,71.4863,82.9884,87.0,8.471,48.305,75.5621,1.0,1.0,0.0,1.0,1.0
48.6632,72.1785,83.9918,83.0391,54.0,37.4712,16.9442,47.9947,1.0,1.0,1.0,1.0,1.0
0.4984,9.4782,56.8138,70.3318,73.0,56.8244,66.4548,37.7375,0.0,0.0,1.0,0.0,0.0
0.5252,23.4822,94.0161,40.5809,18.0,11.0166,1.0662,59.5611,1.0,0.0,0.0,1.0,1.0
18.184,49.6104,19.9065,38.3298,23.0,5.406,27.0433,51.7935,0.0,0.0,1.0,0.0,0.0
20.4157,53.4613,92.7127,86.933,95.0,37.3654,54.3366,52.8675,0.0,1.0,1.0,1.0,1.0
76.3015,57.4912,22.9911,16.9821,73.0,55.8402,26.8126,12.4288,1.0,1.0,0.0,0.0,0.0
27.495,67.3404,47.6631,32.0218,18.0,48.0155,96.1105,38.4448,0.0,0.0,1.0,0.0,0.0
57.4932,84.6322,17.4941,70.7562,81.0,34.0251,67.2399,5.5001,0.0,0.0,0.0,0.0,0.0
38.2207,39.7798,81.8215,65.6864,86.0,27.2882,38.6594,21.0387,1.0,1.0,1.0,1.0,1.0
71.5058,12.1125,95.8185,72.3671,55.0,93.4862,11.9998,49.0957,1.0,0.0,0.0,0.0,0.0
48.9815,23.2986,52.3874,93.7674,41.0,51.4883,66.259,25.9466,1.0,1.0,1.0,1.0,1.0
40.7007,72.4407,56.172,65.8105,76.0,80.9751,18.905,15.4243,0.0,1.0,1.0,0.0,0.0
65.2902,94.3369,50.1382,14.3884,60.0,72.5743,19.1882,16.9958,0.0,0.0,0.0,0.0,0.0
28.8571,62.5526,82.8833,41.3681,51.0,15.9952,15.299,2.2146,1.0,1.0,0.0,0.0,0.0
84.1419,88.3203,48.6841,73.3862,40.0,92.0316,62.6029,56.9187,1.0,0.0,0.0,0.0,1.0
0.3957,20.8032,42.1924,53.3086,36.0,65.4848,52.7913,41.2707,0.0,0.0,0.0,0.0,1.0
76.8635,54.7988,63.5688,85.8456,62.0,60.7266,0.8266,27.832,1.0,0.0,0.0,1.0,1.0
65.9549,29.0203,99.9925,89.4468,0.0,54.5798,96.8219,73.6159,1.0,0.0,0.0,0.0,1.0
60.5761,50.2437,25.8834,68.7224,50.0,72.6567,32.4895,76.5821,1.0,0.0,1.0,1.0,1.0
36.9724,48.8166,76.8669,51.9492,59.0,56.7764,53.5914,47.4251,1.0,1.0,1.0,1.0,1.0
87.1358,98.1476,31.2616,68.592,40.0,18.3863,84.5553,23.2941,1.0,1.0,0.0,0.0,1.0
15.5979,83.8687,9.4108,2.8322,0.0,69.4828,19.6061,14.8442,1.0,0.0,0.0,1.0,1.0
58.7026,73.0418,99.7079,37.8706,25.0,62.6755,52.1961,87.0567,1.0,1.0,0.0,1.0,1.0
2.4236,50.5811,57.1296,97.7241,25.0,18.6148,73.6153,34.4403,0.0,1.0,1.0,0.0,0.0
39.3837,39.257,44.4055,7.4671,5.0,62.0402,63.3743,30.1522,0.0,0.0,0.0,0.0,0.0
71.0012,0.2916,82.7736,94.6646,7.0,56.9134,95.2011,44.026,0.0,0.0,0.0,1.0,1.0
31.4603,44.3567,19.363,91.7676,28.0,35.6713,45.4211,97.1332,1.0,0.0,0.0,1.0,1.0
21.8452,60.768,15.5195,20.1529,57.0,59.1139,43.7651,7.8384,1.0,1.0,0.0,0.0,0.0
59.2571,94.5119,47.7402,67.8383,16.0,66.685,89.5268,20.8987,0.0,0.0,1.0,0.0,0.0
56.2333,98.4462,56.9186,79.323,85.0,80.8512,6.531,70.2017,0.0,1.0,1.0,0.0,1.0
40.9727,87.9354,63.8305,71.7437,70.0,4.5503,51.2472,36.687,0.0,0.0,1.0,0.0,1.0
49.341,69.7785,25.3373,71.3991,75.0,0.3817,41.687,43.8116,1.0,1.0,1.0,1.0,1.0
63.4803,45.0452,80.6535,71.2046,37.0,38.9231,43.3783,58.7698,0.0,0.0,1.0,0.0,1.0
41.9359,98.4786,34.5691,81.1477,20.0,46.6085,42.2566,91.1959,1.0,1.0,0.0,1.0,1.0
34.4516,76.787,70.6154,74.6722,62.0,36.5187,31.9501,52.3155,0.0,1.0,1.0,0.0,1.0
43.9653,25.8562,66.2324,88.5335,29.0,35.1307,3.5854,60.6075,1.0,0.0,1.0,1.0,1.0
9.5809,60.6339,76.0671,19.7858,67.0,11.9327,74.3485,77.8685,1.0,1.0,1.0,1.0,1.0
81.7457,42.2901,43.8945,61.1041,61.0,50.102,34.2733,46.1062,0.0,0.0,0.0,0.0,0.0
34.0134,50.5083,24.2766,89.9548,27.0,11.6251,0.0878,45.3786,1.0,0.0,1.0,1.0,1.0
72.0606,98.5153,65.0826,56.7445,88.0,56.2217,10.208,15.3634,1.0,1.0,1.0,1.0,1.0
50.1812,68.3969,86.1371,24.721,45.0,20.8425,39.8495,82.1163,0.0,1.0,0.0,0.0,0.0
0.1262,32.7355,86.6839,42.8883,37.0,23.0019,78.2563,18.1641,0.0,1.0,0.0,0.0,1.0
61.3826,99.1203,80.4893,15.0389,71.0,29.3858,73.524,69.5797,1.0,1.0,1.0,0.0,1.0
60.303,99.5417,64.9004,76.9641,46.0,89.8844,39.5796,24.2013,0.0,0.0,1.0,0.0,1.0
31.6284,25.3173,52.7019,56.6951,82.0,47.1469,19.6727,2.5025,1.0,1.0,0.0,0.0,0.0
37.2216,78.6201,8.3123,53.7164,26.0,36.3855,14.3025,87.0893,1.0,0.0,0.0,0.0,0.0
7.5683,77.8786,28.5511,73.8491,66.0,59.8364,75.3814,61.573,1.0,1.0,0.0,1.0,1.0
93.985,20.2577,81.053,9.992,0.0,28.2986,64.8629,75.8236,0.0,0.0,0.0,1.0,1.0
4.4681,81.3079,20.8269,24.7616,37.0,81.1772,14.1607,44.9804,1.0,1.0,0.0,1.0,1.0
56.4143,46.9043,50.9173,90.4571,64.0,88.2236,2.0771,60.7632,0.0,0.0,1.0,0.0,0.0
54.408,59.2722,53.4274,99.9624,59.0,7.9516,4.3867,33.0329,1.0,0.0,1.0,1.0,1.0
55.02,44.9428,66.0093,77.6,33.0,53.0825,33.38,44.8086,1.0,1.0,0.0,1.0,1.0
71.8931,35.4669,28.7835,40.3261,84.0,75.7125,71.4622,97.3177,0.0,0.0,0.0,0.0,0.0
47.8292,56.6655,26.0072,76.3471,62.0,72.008,8.3285,25.5844,0.0,0.0,1.0,0.0,0.0
7.9046,90.8421,99.9272,92.4655,56.0,18.6942,20.8583,55.9614,0.0,1.0,1.0,0.0,0.0
18.0418,43.6505,48.2428,68.2558,98.0,30.9953,82.5258,16.9633,0.0,1.0,1.0,0.0,0.0
26.6288,37.5802,27.3579,89.9253,57.0,30.6615,38.8074,50.0488,0.0,0.0,0.0,0.0,1.0
70.5162,66.5499,43.986,73.7407,19.0,0.0948,45.3814,99.9505,1.0,0.0,0.0,1.0,1.0
25.2068,96.9359,86.8879,38.8832,74.0,67.2522,79.9826,80.3635,0.0,1.0,1.0,0.0,0.0
6.4581,10.1088,94.2816,17.0482,9.0,16.6236,95.4768,28.6794,1.0,0.0,0.0,0.0,0.0
19.692,90.3951,45.8608,0.8696,19.0,5.8971,5.26,28.0776,0.0,0.0,0.0,0.0,0.0
54.6286,49.1323,60.1926,42.6882,53.0,87.4109,83.1193,51.1241,0.0,0.0,1.0,0.0,0.0
68.8065,42.7167,74.8245,35.4381,69.0,56.1202,0.2874,12.176,1.0,0.0,0.0,1.0,1.0
75.7247,44.7428,6.8065,15.0242,79.0,99.6108,62.4874,24.5946,0.0,0.0,0.0,0.0,1.0
78.0955,84.5579,36.5522,75.2188,28.0,85.7939,27.6016,18.4733,1.0,1.0,1.0,0.0,1.0
11.1959,69.9042,17.5941,73.9834,23.0,0.1897,36.1224,53.5007,0.0,0.0,0.0,0.0,0.0
48.4169,46.9187,27.3358,84.69,67.0,91.3845,32.1383,12.1289,1.0,0.0,0.0,1.0,0.0
18.9816,92.8092,92.1139,77.311,76.0,14.2619,58.2958,91.327,0.0,1.0,1.0,0.0,1.0
37.3153,0.1322,98.8609,40.1031,44.0,9.0084,71.8109,65.2038,0.0,0.0,0.0,0.0,1.0
17.1068,29.097,85.8269,65.7824,39.0,3.7257,40.3262,27.4499,0.0,1.0,1.0,0.0,0.0
3.2689,72.6165,64.2403,14.8896,100.0,19.9123,16.1364,63.4015,1.0,1.0,0.0,1.0,1.0
24.6779,14.0898,62.3449,39.4062,85.0,88.39,68.6229,99.4628,0.0,0.0,0.0,1.0,0.0
17.258,24.5317,58.0013,45.2973,30.0,24.5328,84.276,66.8888,1.0,1.0,0.0,1.0,1.0
77.9674,73.4745,78.7649,45.0807,97.0,15.1974,17.3835,29.3164,0.0,1.0,0.0,0.0,0.0
36.2945,92.6069,25.3991,34.4664,93.0,13.3858,0.324,49.8432,0.0,0.0,1.0,0.0,0.0
60.594,78.8591,56.8239,53.5078,80.0,93.3096,8.9197,84.0841,1.0,0.0,0.0,1.0,1.0
50.8227,26.1591,56.7389,55.9135,52.0,44.0695,45.2643,79.2064,1.0,1.0,0.0,1.0,1.0
65.4109,90.3675,65.9909,59.7217,19.0,49.1674,85.6692,47.4105,0.0,1.0,1.0,0.0,0.0
63.3411,51.9323,98.191,67.5437,86.0,38.352,0.9636,12.4394,0.0,0.0,0.0,1.0,0.0
91.8867,34.8859,0.0096,88.9141,80.0,77.9899,15.9066,43.0424,0.0,0.0,0.0,0.0,1.0
0.0206,64.3249,99.6199,67.8844,37.0,5.5961,93.3736,9.3066,1.0,1.0,0.0,1.0,0.0
22.9821,50.6648,98.1121,68.7496,35.0,50.4417,94.8774,46.9666,1.0,1.0,0.0,0.0,1.0
46.2757,0.5401,11.7469,67.9447,28.0,39.0214,85.5972,58.672,0.0,0.0,0.0,1.0,0.0
1.9929,63.124,8.7356,49.9083,48.0,79.7914,47.3786,34.7109,1.0,0.0,0.0,0.0,1.0
70.1157,45.1791,37.2725,20.6854,62.0,8.7874,0.0174,82.0545,1.0,0.0,0.0,0.0,1.0
0.882,19.4678,20.3139,92.1368,96.0,68.0221,38.6341,65.2374,1.0,1.0,1.0,0.0,1.0
75.5525,43.5436,38.8261,53.3506,54.0,38.1907,62.2439,89.6821,1.0,1.0,0.0,1.0,1.0
58.5711,21.8398,68.6426,77.0054,28.0,14.5005,63.991,14.7898,1.0,1.0,0.0,0.0,1.0
41.0841,37.4481,69.667,77.5005,81.0,87.6824,65.6743,75.5475,0.0,0.0,1.0,0.0,1.0
29.4767,36.1032,82.4969,18.6028,86.0,17.4441,58.9892,10.6676,0.0,1.0,0.0,0.0,0.0
53.6721,40.4741,63.555,30.6188,47.0,26.9452,51.2245,39.7058,0.0,0.0,1.0,0.0,0.0
10.978,81.365,36.2878,93.5691,28.0,20.2366,6.3366,30.5299,1.0,1.0,0.0,1.0,1.0
7.7577,13.1046,61.026,42.6991,10.0,76.1504,97.9235,67.31,0.0,0.0,1.0,0.0,0.0
71.7612,52.4815,6.1862,42.8184,66.0,99.3615,78.8497,25.4779,0.0,0.0,0.0,0.0,1.0
41.1448,41.7474,63.1616,87.9673,19.0,14.245,0.5678,82.7999,1.0,0.0,0.0,1.0,1.0
16.5427,60.7862,21.9562,79.5958,9.0,8.12,85.2976,62.2843,1.0,1.0,0.0,0.0,1.0
12.364,56.0647,76.0193,71.1004,8.0,15.6265,98.6427,49.2602,1.0,1.0,1.0,0.0,0.0
0.9279,30.3232,62.9541,98.6306,26.0,27.7028,15.6539,96.4336,0.0,0.0,0.0,0.0,1.0
26.9566,68.1567,33.2541,13.3876,98.0,64.148,69.0357,23.8712,1.0,1.0,0.0,0.0,0.0
6.1712,87.4638,40.6217,51.8938,35.0,38.3855,75.661,32.5896,1.0,1.0,1.0,1.0,1.0
38.3379,62.9759,69.5613,41.8509,44.0,93.2688,86.902,50.899,0.0,0.0,1.0,0.0,0.0
43.5577,10.0232,55.2252,97.9094,95.0,32.8994,65.0084,22.6824,1.0,1.0,1.0,0.0,0.0
66.0591,96.4852,29.3486,74.8901,24.0,51.0052,54.5032,42.6133,0.0,0.0,1.0,0.0,0.0
30.8532,77.5873,43.7257,38.6096,72.0,14.5589,1.9339,85.9962,0.0,0.0,1.0,0.0,1.0
46.5936,92.3813,59.0675,69.7701,97.0,80.6006,55.0275,32.2146,1.0,1.0,1.0,1.0,1.0
37.9805,17.2488,95.8703,50.537,65.0,74.7777,7.3356,79.2918,0.0,0.0,1.0,0.0,0.0
65.9407,45.7926,25.9302,41.8465,87.0,47.0543,82.7689,84.2918,1.0,1.0,0.0,0.0,1.0
28.0157,50.0506,97.9111,78.762,76.0,50.5799,26.7048,38.7561,0.0,1.0,1.0,0.0,0.0
43.078,46.2077,54.2642,78.2157,90.0,81.6587,4.225,72.9704,1.0,0.0,0.0,1.0,1.0
76.5091,21.068,67.3436,68.2656,65.0,80.1646,85.9376,87.1972,0.0,0.0,0.0,0.0,0.0
22.1587,13.8089,31.3907,21.0905,91.0,30.6873,65.713,0.3007,1.0,1.0,0.0,0.0,0.0
7.8527,62.6423,61.6335,46.8632,52.0,99.5819,56.986,85.0201,0.0,0.0,0.0,0.0,1.0
18.3723,21.3826,98.3723,58.5176,42.0,59.8379,19.1751,3.3664,1.0,1.0,0.0,0.0,1.0
68.693,62.2294,65.4806,94.8596,96.0,69.7249,5.7914,51.9097,1.0,0.0,0.0,1.0,1.0
18.9553,77.3268,69.0618,41.1436,21.0,92.3309,49.3357,99.5028,1.0,0.0,0.0,0.0,1.0
73.0856,40.1799,69.6196,42.7554,74.0,51.3824,19.1144,70.5255,1.0,1.0,0.0,0.0,1.0
80.7318,57.6991,21.0592,97.5865,44.0,36.1248,27.3348,88.1343,1.0,1.0,0.0,0.0,1.0
13.3961,72.0093,73.622,59.8747,55.0,82.7768,9.7731,62.8532,0.0,1.0,1.0,0.0,0.0
26.267,28.881,90.3003,73.4841,89.0,39.0905,41.7712,59.4417,0.0,1.0,0.0,1.0,0.0
29.9741,95.1939,32.3599,92.4474,35.0,91.0845,10.2941,92.3155,0.0,0.0,1.0,0.0,0.0
34.295,77.7717,84.946,93.2779,5.0,2.6924,84.6883,99.7809,0.0,0.0,0.0,1.0,1.0
5.665,79.7344,20.745,28.0521,83.0,38.7739,17.7456,28.8717,1.0,1.0,0.0,0.0,1.0
75.016,6.6247,4.2904,85.1677,71.0,78.0761,22.322,81.2488,1.0,0.0,0.0,0.0,0.0
71.837,52.5432,78.5587,59.7534,76.0,91.1423,7.898,88.5315,1.0,0.0,0.0,0.0,1.0
22.5209,45.5237,89.786,57.4645,91.0,82.8901,69.1957,23.3058,1.0,1.0,1.0,1.0,1.0
38.868,48.3582,17.2974,79.5469,30.0,58.8851,0.8912,85.074,1.0,0.0,0.0,1.0,0.0
39.5874,62.9521,23.5956,72.4045,18.0,42.5255,33.4101,42.3584,0.0,0.0,1.0,0.0,0.0
64.4474,82.6449,99.5512,96.4854,22.0,87.6784,8.2893,26.7039,1.0,0.0,1.0,1.0,1.0
5.9788,70.2644,35.2646,64.0777,69.0,54.7628,6.7252,88.7238,0.0,1.0,0.0,1.0,0.0
0.5166,87.8971,60.0035,98.448,49.0,29.9693,31.5952,93.6793,0.0,0.0,0.0,0.0,1.0
66.6522,85.6738,60.9897,29.8314,46.0,73.7171,0.2245,86.6168,1.0,0.0,0.0,1.0,1.0
41.1745,84.392,11.7732,83.4039,12.0,60.746,12.4228,64.7946,0.0,0.0,1.0,0.0,0.0
20.3902,48.548,97.3914,94.4447,72.0,78.0727,15.7092,41.4522,0.0,0.0,1.0,0.0,0.0
41.3789,35.7626,27.933,63.6866,66.0,71.3068,77.8094,40.4825,0.0,0.0,1.0,0.0,1.0
76.5549,0.4702,9.3273,22.1878,63.0,44.9654,86.501,27.1816,0.0,0.0,0.0,0.0,1.0
89.8402,83.0962,87.0342,51.1363,80.0,61.3723,1.9392,92.5962,1.0,0.0,0.0,1.0,0.0
12.9694,17.9021,78.7175,95.655,6.0,77.0798,51.8766,50.7375,1.0,0.0,0.0,0.0,1.0
76.1819,62.8152,56.8693,85.3958,9.0,49.752,86.3846,28.1157,1.0,1.0,0.0,0.0,0.0
95.5388,84.5993,59.8867,51.9414,40.0,11.3788,88.4034,8.9506,1.0,0.0,0.0,0.0,0.0
47.735,98.4097,72.2098,40.5565,81.0,44.9692,7.5329,86.2827,0.0,1.0,1.0,0.0,1.0
53.1884,44.2964,70.019,65.6805,42.0,60.1915,84.2853,72.9428,0.0,1.0,1.0,0.0,0.0
9.3264,88.5337,74.9518,55.498,100.0,27.2458,50.0504,43.1276,1.0,1.0,1.0,1.0,1.0
52.7143,43.8393,83.4692,21.1625,55.0,35.4814,64.9827,3.0379,1.0,1.0,0.0,0.0,0.0
27.285,35.9022,81.5332,99.0379,91.0,85.6364,86.2877,53.318,0.0,0.0,0.0,0.0,1.0
68.8896,30.8434,79.2077,69.9329,99.0,28.4253,19.2703,63.3813,1.0,1.0,0.0,1.0,1.0
67.2919,61.2568,46.9308,78.0804,79.0,28.3122,16.5095,28.7691,0.0,0.0,0.0,0.0,0.0
0.8502,84.5687,71.205,70.8909,74.0,70.8834,73.5082,61.5287,0.0,1.0,1.0,1.0,1.0
23.5253,9.9258,62.3353,94.1743,73.0,91.1182,56.8724,60.9555,0.0,0.0,1.0,0.0,0.0
16.4909,49.2093,43.4024,42.0992,97.0,16.7955,88.8185,78.6893,1.0,1.0,1.0,1.0,1.0
87.581,85.2882,16.9964,72.6794,36.0,13.6821,40.653,65.5648,1.0,0.0,0.0,0.0,1.0
93.5973,86.3802,40.7236,15.9623,71.0,92.8806,29.9739,67.5355,1.0,0.0,0.0,0.0,0.0
32.9575,69.0706,39.5415,91.9479,56.0,12.797,18.9313,10.3466,0.0,1.0,0.0,0.0,0.0
48.5271,51.3945,77.0652,91.8511,69.0,2.0742,0.2745,51.2642,1.0,0.0,0.0,1.0,1.0
28.9594,67.6093,61.038,83.5107,11.0,15.9295,24.6447,43.6147,0.0,1.0,1.0,0.0,0.0
42.8571,71.4997,77.7998,85.4483,89.0,65.0698,14.8656,83.6139,0.0,0.0,0.0,1.0,0.0
18.8319,54.2226,33.4211,53.8785,53.0,87.1248,36.7863,38.5509,0.0,0.0,1.0,0.0,0.0
18.6898,34.2205,77.7009,77.2548,54.0,89.6662,70.4472,19.3925,1.0,1.0,1.0,0.0,0.0
46.619,10.9898,73.9325,37.6062,43.0,53.0271,97.2676,59.977,0.0,0.0,1.0,0.0,0.0
24.0558,60.8919,24.4761,35.1627,17.0,70.419,54.5124,78.4586,1.0,0.0,0.0,0.0,1.0
25.699,82.238,52.6889,0.3923,49.0,55.701,28.7948,19.0985,1.0,1.0,0.0,0.0,0.0
89.8113,70.0907,90.8073,9.2462,6.0,68.5867,60.0149,92.4695,1.0,0.0,0.0,0.0,0.0
78.5839,85.7973,81.9762,16.8475,6.0,15.6723,60.4012,68.7945,0.0,0.0,0.0,0.0,0.0
80.362,36.5313,23.8946,37.0398,76.0,36.7469,56.5933,48.6973,1.0,1.0,0.0,0.0,0.0
67.1341,94.1696,76.7889,28.4613,100.0,33.7941,96.7359,49.3766,1.0,1.0,1.0,0.0,0.0
45.8564,92.2179,98.2522,70.1675,98.0,2.0415,14.843,53.3007,1.0,1.0,1.0,1.0,1.0
40.4636,66.0508,25.5454,43.8314,19.0,33.1361,11.5739,10.1992,0.0,1.0,1.0,0.0,0.0
52.3779,29.8392,95.7744,50.5318,78.0,34.8072,3.3458,26.999,1.0,0.0,0.0,1.0,1.0
21.4767,57.1096,88.2712,62.1208,39.0,11.4522,72.2511,80.933,0.0,1.0,1.0,0.0,0.0
41.9669,31.7541,42.4015,29.2827,70.0,75.4284,70.1904,55.838,1.0,1.0,0.0,0.0,1.0
54.2609,17.5022,10.3336,37.9998,34.0,11.9011,81.8275,93.5957,1.0,0.0,0.0,0.0,0.0
61.5072,43.4242,92.9573,16.3386,0.0,50.085,43.7746,84.9837,1.0,0.0,0.0,0.0,1.0
30.0532,28.9196,56.9428,93.3305,10.0,55.1955,94.395,67.1528,0.0,0.0,1.0,0.0,0.0
50.915,83.6995,35.2385,63.6932,14.0,68.5305,64.3841,27.9989,0.0,1.0,1.0,0.0,1.0
76.4232,50.6865,95.9869,88.2504,25.0,63.6575,91.5069,47.6607,1.0,1.0,0.0,0.0,1.0
71.3957,15.9769,64.4235,34.548,81.0,67.8259,37.5337,70.6627,1.0,1.0,0.0,1.0,0.0
60.6279,14.1719,28.4364,81.5704,43.0,92.8979,76.0908,61.244,1.0,0.0,0.0,0.0,1.0
14.801,37.5159,43.1436,75.7445,22.0,27.7864,0.9269,25.8525,0.0,0.0,0.0,1.0,0.0
39.5407,55.284,61.8645,18.2733,38.0,8.7741,41.3539,37.7368,0.0,1.0,1.0,0.0,0.0
25.114,65.5642,52.8625,96.7008,76.0,38.812,14.8001,86.9171,0.0,1.0,1.0,1.0,0.0
2.8743,28.8948,92.3059,90.5057,61.0,11.3737,38.9719,86.4865,0.0,0.0,1.0,1.0,0.0
27.5301,39.8612,60.8011,40.1363,57.0,45.0619,14.7553,30.5825,1.0,1.0,1.0,1.0,1.0
68.9315,58.3064,71.239,79.1715,39.0,87.8405,57.0409,36.0459,1.0,0.0,1.0,0.0,0.0
34.6689,30.5628,82.8544,89.426,53.0,30.9214,1.6431,24.0505,1.0,0.0,0.0,1.0,1.0
64.5536,40.5884,56.8258,62.3001,14.0,69.6302,49.4404,54.9972,1.0,1.0,0.0,1.0,0.0
3.6142,30.218,48.3217,58.0688,51.0,44.3702,68.9147,84.7596,0.0,1.0,1.0,0.0,0.0
13.7785,33.0992,66.6856,60.8829,47.0,7.3589,38.1993,79.4147,0.0,0.0,1.0,0.0,0.0
28.5556,64.8693,52.607,52.9666,25.0,46.4939,71.4077,50.6872,0.0,0.0,1.0,0.0,0.0
10.7139,54.1243,46.5009,71.0941,83.0,53.9993,26.3023,4.1288,1.0,1.0,0.0,0.0,0.0
1.7232,81.5347,68.669,93.8074,9.0,44.8834,90.2205,39.122,0.0,0.0,1.0,0.0,0.0
58.5226,52.248,30.9705,90.4637,61.0,4.5986,3.0172,46.1869,1.0,0.0,0.0,1.0,1.0
0.8899,18.224,67.7574,78.6315,90.0,25.0451,93.2552,67.0896,1.0,1.0,0.0,0.0,1.0
47.569,82.4732,68.5015,58.0642,9.0,31.7359,92.5026,11.5023,1.0,1.0,1.0,0.0,0.0
1.7133,82.1313,7.5839,86.7188,89.0,86.3974,32.6893,28.1548,1.0,0.0,0.0,0.0,1.0
50.6085,88.6494,87.4499,62.4161,68.0,36.4237,44.8908,81.4175,1.0,1.0,1.0,1.0,1.0
60.8695,57.968,63.5299,81.3077,26.0,44.2605,88.5958,62.3448,1.0,1.0,0.0,1.0,1.0
73.4349,71.1797,22.444,72.398,37.0,52.8165,28.637,84.5208,0.0,0.0,1.0,0.0,1.0
29.1998,67.7426,40.0663,86.4647,80.0,9.1308,93.9751,58.4145,0.0,0.0,1.0,0.0,0.0
6.836,65.99,90.0053,76.9808,77.0,67.5628,47.4823,58.5041,1.0,1.0,0.0,1.0,1.0
21.6039,5.4588,76.7016,81.8666,17.0,92.8403,14.9117,73.0629,1.0,0.0,0.0,0.0,0.0
53.9504,50.2954,62.1432,60.4845,33.0,60.253,33.421,62.3311,1.0,1.0,1.0,1.0,1.0
62.0775,55.747,27.9689,99.009,46.0,30.7953,83.5004,64.9458,0.0,0.0,1.0,0.0,0.0
33.3381,31.8936,32.4607,92.9741,14.0,52.1201,13.9436,42.5355,1.0,1.0,0.0,1.0,1.0
35.377,83.1955,22.262,58.337,8.0,46.3807,30.2198,86.5222,1.0,0.0,0.0,1.0,1.0
24.8164,37.5157,21.4515,79.7579,94.0,41.1495,7.9796,79.1935,0.0,0.0,1.0,0.0,1.0
21.9503,58.1374,30.4629,9.2906,97.0,99.4616,10.8741,56.3386,0.0,0.0,0.0,1.0,1.0
37.5044,89.5711,49.2818,46.0583,57.0,50.2995,21.4333,76.6195,0.0,1.0,1.0,0.0,1.0
15.7185,77.8541,72.3496,32.6447,9.0,33.6877,34.9222,38.5909,0.0,1.0,0.0,0.0,0.0
11.6022,93.2209,75.5192,38.6729,52.0,33.7885,22.9889,39.7224,1.0,1.0,1.0,1.0,1.0
19.7033,66.7046,60.9206,26.6695,21.0,63.8647,51.8671,19.3901,0.0,1.0,1.0,0.0,1.0
80.3376,81.9223,38.9479,49.3785,82.0,47.9598,3.8002,10.8738,1.0,0.0,0.0,1.0,1.0
18.4022,45.8331,30.3488,14.7176,0.0,13.4132,36.9421,65.4661,1.0,0.0,0.0,0.0,0.0
21.3935,65.5578,98.1115,47.8899,46.0,76.4872,74.1566,83.8097,0.0,1.0,1.0,0.0,0.0
85.6,31.209,33.1621,44.5123,44.0,62.2361,52.2481,8.079,1.0,0.0,0.0,0.0,1.0
76.8764,61.4284,43.6095,75.9878,16.0,10.1651,44.7372,72.0437,1.0,1.0,1.0,1.0,0.0
37.223,71.7892,73.3085,86.1899,24.0,63.5747,77.0239,83.5371,1.0,1.0,0.0,1.0,1.0
65.7702,49.5216,43.5243,17.0132,87.0,15.3035,58.5649,46.6518,1.0,1.0,0.0,0.0,1.0
4.4942,73.8541,45.3971,11.5913,26.0,17.4864,24.0611,79.1389,1.0,1.0,1.0,0.0,1.0
4.6081,47.5955,85.4471,93.3005,74.0,39.2639,3.213,70.8036,0.0,0.0,1.0,0.0,1.0
70.9332,83.7654,13.4451,27.44,48.0,44.6071,61.4773,76.3373,1.0,1.0,0.0,1.0,0.0
42.7842,83.334,16.63,93.2337,94.0,30.5842,68.3612,90.2987,0.0,0.0,1.0,0.0,0.0
2.6771,42.6404,51.7605,83.0177,71.0,91.8862,14.1071,95.1439,1.0,0.0,0.0,1.0,1.0
42.1105,72.2947,14.1,54.1321,86.0,43.7951,94.4094,97.3374,1.0,0.0,0.0,0.0,1.0
7.9538,95.943,39.2384,32.3341,77.0,73.0748,32.6664,24.3195,0.0,0.0,1.0,0.0,0.0
88.4817,41.5411,34.1527,48.5159,88.0,27.0544,84.2955,30.2656,0.0,0.0,0.0,0.0,0.0
41.4209,29.5988,58.8642,68.3799,50.0,7.4659,41.8018,54.3624,1.0,1.0,1.0,1.0,1.0
8.4231,11.8104,78.8624,20.6718,41.0,22.7662,7.1121,17.0562,1.0,0.0,0.0,1.0,0.0
12.6774,78.8113,92.1369,93.5212,67.0,90.9117,28.5865,32.477,0.0,0.0,1.0,0.0,1.0
60.1929,49.739,93.4822,90.0394,70.0,40.8418,17.2228,66.8376,0.0,1.0,0.0,1.0,1.0
34.6543,91.8827,67.2728,19.251,14.0,8.5674,81.0911,84.2151,1.0,1.0,0.0,0.0,1.0
57.3145,15.2203,27.4991,27.9982,61.0,0.6676,25.7093,25.3757,1.0,1.0,0.0,0.0,0.0
30.3545,81.2485,54.1043,57.135,56.0,9.1165,19.2155,6.6612,1.0,1.0,0.0,1.0,1.0
23.5909,33.9478,79.9632,32.0186,53.0,37.0605,51.4888,36.9362,0.0,0.0,1.0,0.0,0.0
79.0433,56.938,45.2164,36.5899,30.0,76.0712,77.913,30.7319,1.0,1.0,0.0,1.0,0.0
60.6472,32.8206,51.9324,43.2363,97.0,8.046,37.5339,30.6034,1.0,1.0,0.0,1.0,1.0
41.1955,91.2309,33.721,95.7026,33.0,55.6563,5.0568,81.7836,1.0,0.0,0.0,1.0,1.0
33.3771,80.0909,49.2033,93.8391,76.0,22.2934,94.444,69.5886,1.0,1.0,0.0,1.0,1.0
18.3411,75.733,84.9908,17.9022,98.0,13.5797,40.0835,82.523,1.0,1.0,1.0,1.0,1.0
18.6758,12.7595,3.0708,12.7706,8.0,72.6064,82.0217,29.8566,0.0,0.0,0.0,0.0,0.0
44.7158,13.921,29.9053,35.0324,77.0,7.4093,89.3397,14.5223,1.0,1.0,0.0,0.0,0.0
18.5477,93.9175,93.8556,44.3935,56.0,72.6184,62.1762,89.8127,1.0,1.0,1.0,1.0,1.0
17.4503,53.3659,33.3597,53.9297,77.0,34.8546,81.6885,36.0687,0.0,1.0,1.0,0.0,0.0
31.616,38.5059,74.418,45.7913,26.0,67.9819,50.5044,47.1654,0.0,1.0,0.0,0.0,1.0
3.2476,33.8458,51.3758,92.7797,65.0,51.5346,64.2965,11.6115,0.0,1.0,0.0,0.0,0.0
14.8786,4.4493,10.9335,48.938,63.0,34.1481,0.3297,16.801,0.0,0.0,0.0,1.0,1.0
56.6591,22.4436,57.18,98.7579,83.0,75.9312,94.6312,78.8811,1.0,1.0,1.0,1.0,0.0
49.6015,48.9873,67.9972,45.0612,63.0,70.4947,70.2835,83.8342,0.0,1.0,1.0,0.0,1.0
27.4202,75.4351,93.8468,77.7312,78.0,1.7392,52.4921,82.8517,1.0,1.0,1.0,1.0,1.0
20.9807,39.8941,18.4296,96.2692,31.0,50.3752,76.8991,76.603,0.0,0.0,1.0,0.0,0.0
34.6143,69.5889,12.4012,69.6676,80.0,95.1189,54.0102,40.9362,1.0,0.0,0.0,1.0,0.0
83.34,55.3839,64.0058,36.5623,53.0,26.3903,94.9061,82.8269,0.0,0.0,0.0,0.0,0.0
4.3377,92.0319,92.1332,82.6471,13.0,72.8676,10.4935,68.5249,1.0,1.0,1.0,1.0,1.0
72.9557,25.8472,91.7501,78.0489,75.0,56.0517,62.5553,47.9997,1.0,1.0,0.0,1.0,1.0
17.5321,27.5353,85.7706,89.9965,37.0,56.0063,54.2725,67.6167,0.0,1.0,1.0,0.0,0.0
81.6837,46.7008,60.2739,9.4711,0.0,73.8707,51.6793,52.2923,1.0,0.0,0.0,0.0,1.0
49.9531,65.284,32.6412,67.9344,69.0,33.8093,51.72,47.7644,1.0,1.0,1.0,1.0,1.0
34.6003,49.8908,71.1578,55.3375,9.0,11.19,49.647,0.055,0.0,1.0,0.0,0.0,0.0
70.0194,86.7547,25.3437,88.89,67.0,2.8348,93.086,47.4857,1.0,1.0,0.0,0.0,1.0
25.8894,20.1886,70.5326,20.2891,52.0,73.7173,76.5393,86.9723,1.0,0.0,0.0,0.0,1.0
34.5832,94.6876,93.9871,13.3931,45.0,37.9467,49.9773,27.9069,1.0,1.0,0.0,0.0,1.0
57.8552,25.5344,49.1599,1.8374,63.0,51.3423,57.2689,85.2124,1.0,1.0,0.0,0.0,0.0
28.2913,35.0115,44.8343,54.4628,97.0,39.7428,19.9494,69.4588,1.0,1.0,0.0,1.0,1.0
1.244,61.9453,31.8996,68.2201,46.0,41.7059,50.3513,57.4269,1.0,1.0,0.0,1.0,1.0
66.7433,96.5307,58.1041,32.0554,31.0,82.566,67.9437,75.4264,1.0,1.0,0.0,0.0,1.0
54.4938,98.7401,85.9446,44.7242,16.0,95.5925,84.6841,3.1638,1.0,0.0,0.0,0.0,0.0
82.4892,24.193,26.4039,6.8297,46.0,9.9786,17.5188,3.3498,0.0,0.0,0.0,0.0,0.0
66.7883,29.2418,71.7616,55.6822,10.0,1.9237,53.2192,53.7138,0.0,0.0,1.0,0.0,0.0
27.7593,36.3269,35.7627,17.6457,28.0,47.3137,1.1868,11.0873,1.0,0.0,0.0,0.0,1.0
38.3001,5.9083,4.1605,48.876,87.0,56.5378,81.6075,14.004,1.0,0.0,0.0,0.0,0.0
49.5075,64.8383,57.8645,11.2104,74.0,83.0608,8.1361,18.8926,1.0,1.0,0.0,0.0,0.0
63.5358,48.7039,81.6607,30.6457,47.0,93.9271,74.0326,59.0554,1.0,0.0,0.0,1.0,1.0
10.664,95.6716,63.3509,46.3861,94.0,79.0658,48.6251,54.4162,1.0,1.0,1.0,1.0,1.0
18.026,93.5197,92.7084,75.1292,85.0,20.246,17.962,44.255,1.0,1.0,0.0,1.0,1.0
29.6688,38.5795,79.5745,88.6709,16.0,8.8216,18.8848,79.5735,0.0,1.0,1.0,0.0,0.0
8.6091,59.3047,91.9072,69.4528,100.0,78.8477,28.2086,51.871,1.0,1.0,1.0,1.0,1.0
89.8571,64.5241,67.9379,0.9898,81.0,23.2936,17.7859,35.3576,0.0,0.0,0.0,0.0,0.0
23.2815,78.5279,93.7289,60.5625,38.0,24.8232,51.5974,83.38,1.0,1.0,1.0,1.0,1.0
56.4254,8.5374,86.489,40.3398,5.0,76.9571,0.3437,64.3463,0.0,0.0,0.0,1.0,0.0
23.3742,45.1794,58.2839,83.3183,39.0,91.3179,9.2471,11.8986,1.0,0.0,0.0,1.0,0.0
77.7609,98.8999,37.4173,37.0543,23.0,6.8694,19.7532,65.9414,1.0,1.0,0.0,1.0,1.0
10.4029,18.1349,48.8583,97.7349,13.0,43.8974,20.622,54.4546,0.0,1.0,1.0,0.0,0.0
42.2542,14.7213,49.122,29.7,42.0,78.5757,64.0162,29.2948,1.0,0.0,0.0,0.0,1.0
10.0698,76.9246,58.0286,33.8933,60.0,92.4483,48.2574,44.1308,0.0,0.0,1.0,0.0,1.0
32.366,58.934,72.194,77.7194,18.0,58.2294,0.9816,29.767,1.0,0.0,0.0,1.0,1.0
60.2577,87.2906,91.7109,12.3712,57.0,40.6575,17.1652,6.3822,1.0,1.0,0.0,0.0,1.0
56.1831,61.9271,29.2962,95.852,89.0,90.1651,0.4009,61.4415,0.0,0.0,1.0,0.0,0.0
9.3236,76.0802,26.4797,48.2684,57.0,77.0633,90.3734,67.2571,0.0,1.0,1.0,0.0,0.0
21.9767,6.2689,55.9065,78.3556,80.0,82.9918,2.362,99.9764,1.0,0.0,0.0,1.0,1.0
38.3177,95.4757,11.7713,13.125,39.0,53.1243,23.9606,47.3543,1.0,1.0,0.0,0.0,0.0
35.7651,99.8492,45.1259,38.2241,16.0,87.1329,78.465,43.1354,0.0,0.0,1.0,0.0,0.0
36.1012,28.2775,33.8437,68.7607,94.0,35.1072,46.7054,57.0139,1.0,1.0,0.0,1.0,1.0
19.6467,64.7117,40.204,89.6878,57.0,32.3409,20.2873,78.9226,0.0,0.0,1.0,0.0,1.0
76.5136,74.0485,88.1123,9.2564,59.0,1.6776,85.2488,96.5854,1.0,0.0,0.0,0.0,1.0
61.1192,47.9863,71.3258,57.0925,12.0,25.0628,87.3188,94.1765,1.0,1.0,0.0,1.0,1.0
45.9561,56.7256,15.1176,80.66,72.0,29.947,6.5742,12.1145,0.0,0.0,1.0,0.0,0.0
65.8508,73.9754,56.9464,79.5891,95.0,4.2704,44.198,29.1424,0.0,0.0,0.0,0.0,1.0
44.6033,55.5703,77.8238,97.1107,24.0,93.1274,79.3,22.6415,0.0,0.0,1.0,0.0,0.0
47.4431,73.7586,59.4314,45.6205,66.0,41.7093,33.8592,69.3831,0.0,1.0,1.0,0.0,0.0
44.0305,11.4711,91.4212,64.6371,47.0,89.1726,6.2207,52.5731,0.0,0.0,1.0,0.0,0.0
26.2897,72.0516,90.2393,88.7344,26.0,80.9198,54.0427,71.0362,1.0,1.0,1.0,1.0,1.0
67.9355,29.4392,76.9373,19.4642,60.0,8.8858,66.9406,73.3004,1.0,1.0,0.0,0.0,1.0
28.3926,97.2665,24.2908,16.9209,65.0,30.9555,64.0663,48.5908,1.0,1.0,0.0,1.0,0.0
16.0074,97.7106,43.182,38.0698,33.0,75.9033,99.5174,29.7694,1.0,1.0,0.0,0.0,0.0
52.1024,24.2457,38.666,79.4529,7.0,10.057,66.9134,57.8976,1.0,0.0,0.0,1.0,0.0
69.7563,3.3173,19.621,16.0355,0.0,43.2596,71.198,93.7513,0.0,0.0,0.0,1.0,1.0
5.2779,0.7966,62.9703,98.0716,66.0,70.2253,53.4237,62.0411,1.0,0.0,0.0,0.0,0.0
20.0635,76.6655,17.2786,39.5292,38.0,59.9669,85.8033,38.3984,1.0,1.0,0.0,1.0,0.0
18.8109,82.4171,92.2581,93.6358,71.0,85.494,85.9512,35.3026,1.0,1.0,1.0,0.0,1.0
55.4274,96.5466,44.3351,14.1431,30.0,8.6061,73.398,30.6186,1.0,1.0,0.0,0.0,1.0
21.3276,94.0696,76.1635,75.5918,12.0,68.3502,53.4986,70.9975,1.0,1.0,0.0,1.0,1.0
34.582,44.9347,61.4815,87.6919,76.0,41.0644,76.6081,38.8062,0.0,1.0,1.0,0.0,1.0
70.2559,84.6308,18.4126,39.525,49.0,42.5861,86.3421,64.7084,1.0,1.0,0.0,0.0,1.0
26.4357,89.2394,44.2706,30.9142,10.0,27.7414,66.3002,49.2767,0.0,1.0,1.0,0.0,0.0
28.7775,80.4128,40.713,54.8763,93.0,40.1479,45.0102,2.7906,1.0,1.0,0.0,0.0,0.0
33.2316,26.7338,50.1196,65.1642,62.0,53.6069,40.4379,63.1878,1.0,1.0,1.0,1.0,1.0
39.394,45.3802,82.6298,80.5818,84.0,76.2841,68.3271,76.4583,1.0,1.0,1.0,1.0,1.0
80.8792,71.8929,33.887,26.3989,55.0,81.7423,85.4482,81.4274,1.0,0.0,0.0,0.0,1.0
27.44,29.6017,28.3057,40.4535,93.0,65.2412,96.8743,39.5067,0.0,0.0,1.0,0.0,0.0
74.6704,92.8685,39.6552,43.4718,67.0,19.7568,67.6236,44.1278,0.0,0.0,1.0,0.0,0.0
47.9188,32.7568,30.2907,83.1785,9.0,37.0995,59.2827,72.0848,1.0,1.0,0.0,0.0,1.0
14.8792,55.577,78.983,66.9372,54.0,14.4172,4.8348,68.4267,1.0,1.0,1.0,1.0,1.0
55.5993,61.5656,22.8843,52.3236,82.0,54.5629,91.3305,73.7726,1.0,1.0,0.0,1.0,1.0
62.9835,25.2321,60.203,74.1958,83.0,10.1667,50.8026,58.6273,1.0,1.0,0.0,1.0,1.0
30.6147,44.407,72.9637,94.9698,87.0,45.7764,77.65,87.8573,1.0,1.0,0.0,1.0,1.0
29.0735,94.4822,44.426,69.9301,44.0,7.8003,63.1893,18.3269,1.0,1.0,1.0,1.0,1.0
7.4816,56.0574,60.9946,25.4109,60.0,6.4216,27.3896,39.7607,0.0,1.0,0.0,0.0,1.0
67.6458,26.3894,87.0323,88.3197,72.0,54.8274,20.5361,68.7544,1.0,1.0,0.0,1.0,1.0
12.2449,79.8997,47.7181,65.0832,64.0,9.1471,47.1356,80.42,1.0,1.0,0.0,1.0,1.0
16.7289,67.0826,96.5869,62.8929,26.0,38.796,23.97,52.1814,1.0,1.0,0.0,1.0,1.0
17.7917,68.9247,96.4168,49.7996,70.0,43.2132,40.4692,70.3132,1.0,1.0,0.0,1.0,1.0
6.7852,81.5595,25.8863,84.8941,49.0,18.2382,1.5665,88.7625,1.0,0.0,0.0,1.0,1.0
23.4671,95.5164,40.5914,32.1951,59.0,46.3356,5.7577,52.1943,1.0,1.0,1.0,1.0,1.0
66.1266,78.1862,86.0035,68.0182,30.0,2.0301,70.015,61.5095,0.0,1.0,1.0,0.0,0.0
46.9811,22.1085,55.5041,60.7961,39.0,63.6561,92.4991,39.8346,0.0,1.0,1.0,0.0,0.0
57.3608,80.6841,49.4205,37.8889,85.0,6.0203,68.6607,79.7863,1.0,1.0,1.0,1.0,1.0
13.8411,59.4804,88.7159,65.8623,93.0,78.7379,34.411,37.9369,0.0,0.0,1.0,1.0,1.0
0.1151,70.1314,81.6773,79.6763,5.0,72.2,89.2054,87.873,0.0,0.0,1.0,0.0,0.0
54.4309,56.6762,65.8261,52.5328,54.0,32.4944,72.4961,89.9465,1.0,1.0,1.0,1.0,1.0
48.783,43.5429,40.9989,47.6898,91.0,14.024,24.8204,65.7758,0.0,1.0,1.0,0.0,1.0
76.4547,69.9008,44.2025,87.5246,41.0,85.5069,4.1126,11.5832,1.0,0.0,0.0,1.0,1.0
86.546,3.7731,3.5772,76.371,56.0,71.0994,46.2848,88.1526,0.0,0.0,0.0,0.0,0.0
57.0572,48.7813,74.711,15.7359,32.0,23.4133,70.1324,33.4717,1.0,1.0,0.0,1.0,0.0
47.499,40.2367,43.0376,79.1076,89.0,33.0412,34.7144,25.7639,0.0,0.0,1.0,0.0,1.0
41.4445,43.7462,64.6789,3.296,91.0,32.2123,44.3701,59.1108,1.0,1.0,0.0,0.0,0.0
70.2267,38.5775,60.6756,86.0748,71.0,15.3784,90.5688,62.9882,0.0,0.0,1.0,0.0,0.0
46.0609,68.6011,87.7079,60.4735,54.0,27.5199,20.5553,65.7339,0.0,1.0,0.0,1.0,1.0
28.4066,81.5855,36.6385,30.8239,27.0,54.696,99.5635,93.8424,0.0,0.0,1.0,0.0,0.0
73.0389,43.2323,61.7699,44.4259,41.0,58.6259,8.2507,80.6778,1.0,0.0,1.0,1.0,1.0
33.0012,74.5638,34.7385,48.3588,27.0,90.9462,35.8458,5.2999,0.0,0.0,0.0,0.0,0.0
45.5741,53.9689,58.4776,34.9272,14.0,16.1117,21.8473,28.6941,0.0,0.0,1.0,0.0,1.0
1.777,14.8608,88.1619,60.6444,92.0,89.2972,46.8783,36.5192,1.0,0.0,0.0,0.0,1.0
68.9211,40.2831,80.9568,30.9125,69.0,63.6807,95.6824,74.8335,1.0,1.0,0.0,0.0,0.0
43.4356,77.2756,67.5155,61.4987,45.0,16.7848,85.5741,17.8389,1.0,1.0,0.0,1.0,1.0
37.5954,51.0519,13.2819,76.6985,59.0,5.4394,84.0057,18.2582,1.0,1.0,0.0,1.0,1.0
16.9099,54.2385,24.2159,86.7714,8.0,34.4572,99.2553,76.7421,1.0,0.0,0.0,0.0,0.0
66.5104,70.6931,38.675,37.8515,42.0,54.4161,89.762,37.2528,1.0,1.0,0.0,0.0,1.0
33.0713,90.1767,44.1758,51.6838,58.0,47.7263,25.4486,98.018,1.0,0.0,0.0,1.0,1.0
69.6632,59.6824,24.0933,52.4306,54.0,3.2223,36.1026,58.3298,1.0,1.0,0.0,1.0,1.0
82.0324,46.0894,46.3512,44.8982,13.0,99.9754,23.605,98.3347,0.0,0.0,0.0,1.0,1.0
32.3831,42.7007,95.4625,17.4561,16.0,32.4669,1.6018,66.1655,0.0,0.0,1.0,0.0,0.0
43.5145,52.0695,90.6122,49.0258,96.0,13.5502,57.8139,5.6419,0.0,1.0,0.0,0.0,0.0
79.3874,48.935,33.5291,52.8934,88.0,31.0206,52.1411,81.0467,1.0,1.0,0.0,0.0,1.0
67.652,82.351,88.5877,66.1393,48.0,78.7696,5.2724,95.6189,0.0,0.0,0.0,0.0,1.0
81.7966,0.5598,58.9054,8.2296,65.0,91.189,8.9242,35.1842,0.0,0.0,0.0,0.0,1.0
43.8282,52.6292,56.2276,50.0404,23.0,6.1211,32.3121,49.8234,0.0,0.0,1.0,0.0,0.0
18.2729,89.6777,76.2081,14.8893,77.0,48.024,55.4562,6.5126,0.0,1.0,0.0,0.0,0.0
44.2302,54.7918,30.0936,35.1567,84.0,39.6025,12.4816,38.5544,0.0,0.0,1.0,0.0,0.0
21.311,64.9527,32.9396,37.0046,69.0,81.3982,4.2887,24.619,0.0,0.0,0.0,0.0,1.0
69.2564,83.1593,68.189,38.2925,63.0,38.5438,25.942,6.5396,1.0,1.0,0.0,1.0,0.0
17.7238,51.0556,98.1044,0.5584,8.0,76.4097,19.3886,63.8318,1.0,1.0,0.0,0.0,0.0
36.2941,77.7645,27.2765,63.0565,28.0,41.7291,20.3631,45.544,1.0,1.0,0.0,1.0,1.0
30.4428,40.823,67.3417,35.6596,16.0,76.7954,77.594,78.1896,1.0,1.0,0.0,1.0,1.0
47.2816,63.2466,80.4428,81.656,10.0,39.0076,68.4645,20.3329,0.0,1.0,1.0,0.0,0.0
33.0063,66.3978,64.8853,44.7727,82.0,11.2738,26.917,33.5717,1.0,1.0,0.0,0.0,1.0
49.8808,19.8836,35.0784,35.004,71.0,6.3695,71.134,63.1662,1.0,0.0,0.0,1.0,1.0
23.1786,28.1183,42.8307,70.0597,25.0,13.6068,56.6271,59.2973,0.0,0.0,1.0,0.0,1.0
33.8505,80.7931,30.5561,33.8274,57.0,83.6335,3.7122,57.6757,1.0,0.0,0.0,1.0,1.0
71.1525,69.4722,52.8228,49.4532,10.0,17.823,85.3576,99.9089,0.0,0.0,0.0,1.0,1.0
25.3134,98.7252,98.7921,49.0798,82.0,34.9136,10.6785,19.3344,0.0,1.0,0.0,0.0,0.0
51.4152,90.5806,27.3102,75.1168,43.0,1.5783,88.9528,74.0545,0.0,0.0,1.0,0.0,0.0
46.173,49.2521,33.543,21.9944,16.0,18.2252,93.3024,37.1949,0.0,1.0,0.0,0.0,0.0
76.0094,76.7698,10.0622,17.9291,74.0,3.2322,41.3615,66.889,0.0,1.0,0.0,0.0,0.0
3.4284,73.9533,63.0565,9.3204,18.0,76.0545,92.6695,88.1984,1.0,1.0,0.0,0.0,0.0
63.1006,90.0702,91.4992,89.2131,73.0,22.9254,39.9316,30.071,0.0,1.0,1.0,0.0,0.0
4.7248,94.9763,41.4757,51.5029,33.0,42.8114,18.2455,39.405,1.0,1.0,0.0,1.0,1.0
83.0637,58.5437,73.219,74.6365,99.0,5.7908,8.7711,40.6983,1.0,1.0,0.0,1.0,1.0
24.6127,93.3782,61.6047,77.0924,9.0,4.012,47.2738,82.4359,0.0,1.0,1.0,0.0,1.0
69.1268,75.7742,21.2809,92.2333,92.0,79.5454,90.94,79.2468,1.0,1.0,0.0,0.0,1.0
22.3972,60.4377,83.8941,64.8964,58.0,78.6132,10.7357,53.9375,1.0,1.0,1.0,1.0,1.0
61.6655,51.0283,46.8752,77.1983,83.0,52.8039,73.6911,23.0983,0.0,1.0,1.0,0.0,0.0
16.157,74.0144,50.5112,52.4777,58.0,22.4996,42.4184,32.982,1.0,1.0,1.0,0.0,1.0
60.4969,94.7536,94.5979,74.4967,66.0,66.1611,27.3613,58.0927,0.0,1.0,1.0,0.0,0.0
16.4667,26.1796,97.1814,39.0085,64.0,2.7289,48.0779,32.9972,1.0,1.0,1.0,1.0,1.0
52.7473,54.1771,97.6557,93.7166,54.0,7.0622,15.2242,54.419,1.0,1.0,0.0,1.0,1.0
49.4337,51.3933,47.1492,86.3287,40.0,69.2434,3.7104,70.4449,1.0,0.0,1.0,1.0,1.0
19.7851,59.0936,26.5363,91.2984,23.0,73.257,38.2354,86.1609,0.0,0.0,1.0,0.0,1.0
91.1723,7.1058,58.7118,14.6611,69.0,37.6148,46.7994,22.2017,1.0,0.0,0.0,0.0,0.0
7.1509,76.8378,66.1285,8.6421,23.0,62.9828,35.3963,83.8605,1.0,1.0,0.0,0.0,1.0
86.3302,31.8246,99.8444,66.3636,46.0,16.7689,0.0569,37.636,1.0,0.0,0.0,1.0,1.0
65.4853,46.821,48.8511,57.3887,26.0,62.9577,2.6931,84.2706,1.0,0.0,0.0,1.0,1.0
47.2815,75.2032,88.6069,56.5169,75.0,25.0746,28.1254,76.5746,0.0,1.0,0.0,0.0,1.0
1.4511,45.7621,52.8896,73.7243,48.0,96.0697,36.4897,66.9718,1.0,0.0,0.0,1.0,1.0
28.9973,59.783,27.285,48.3519,98.0,47.4733,71.2347,71.0766,1.0,1.0,1.0,1.0,1.0
9.5952,78.7777,27.0425,27.4138,69.0,57.824,8.5834,43.6934,1.0,1.0,0.0,1.0,1.0
15.9933,56.7998,52.3086,97.8073,9.0,0.5899,81.1907,64.1621,0.0,1.0,1.0,0.0,0.0
3.6781,23.2177,18.7375,92.0121,79.0,50.7753,30.1017,72.632,0.0,0.0,1.0,0.0,0.0
67.7448,26.4981,88.407,28.0916,6.0,52.0452,57.7352,26.0653,1.0,0.0,0.0,0.0,0.0
12.3345,44.3902,49.7263,28.3279,54.0,51.9617,22.7373,11.9428,0.0,1.0,0.0,0.0,0.0
60.7616,80.7563,16.3881,34.7379,76.0,65.648,72.0812,79.1422,0.0,0.0,1.0,0.0,0.0
23.7012,69.0378,45.154,94.1314,68.0,77.6857,96.2981,11.8664,1.0,1.0,0.0,0.0,1.0
68.0609,45.3665,29.483,0.8727,39.0,82.8653,97.0709,40.2001,0.0,0.0,0.0,0.0,0.0
99.4173,56.5091,18.1102,45.2113,12.0,80.6215,70.0711,19.5036,0.0,0.0,0.0,1.0,0.0
71.8832,64.1762,80.6816,71.3178,61.0,61.0141,85.3111,1.2086,1.0,1.0,0.0,0.0,0.0
6.1012,17.8775,41.3808,58.3909,44.0,79.268,42.236,76.9645,1.0,0.0,1.0,1.0,1.0
47.7227,66.461,61.1936,72.7914,14.0,32.5808,73.876,34.6642,0.0,1.0,1.0,0.0,0.0
22.8913,14.119,78.6382,36.5158,41.0,0.0984,46.9414,81.486,0.0,0.0,1.0,0.0,1.0
34.2074,80.1788,57.431,35.3852,75.0,48.0512,49.2912,35.0893,1.0,1.0,1.0,1.0,1.0
19.9447,35.5283,55.0547,74.8313,63.0,24.0241,92.2444,55.9524,1.0,1.0,0.0,1.0,0.0
2.9833,33.6178,82.3958,24.3396,63.0,33.0397,96.3592,18.7686,1.0,1.0,1.0,0.0,0.0
43.0965,57.4708,36.2513,36.7077,54.0,60.5584,47.534,60.1205,1.0,1.0,1.0,1.0,1.0
1.8225,74.3001,96.8944,64.5928,71.0,32.5287,53.1351,72.8714,1.0,1.0,1.0,1.0,1.0
16.4007,95.1356,42.2776,81.9852,98.0,56.5518,38.1836,85.8455,0.0,0.0,1.0,1.0,0.0
0.5443,38.0091,26.2888,50.8692,62.0,37.4962,86.2044,66.2163,0.0,0.0,1.0,0.0,0.0
23.3192,47.8153,59.6173,63.8384,28.0,56.3313,67.7949,96.0659,1.0,0.0,0.0,1.0,1.0
14.8924,28.9642,54.1692,69.1636,24.0,4.3814,38.9104,98.134,1.0,0.0,0.0,1.0,1.0
78.0,16.6441,59.0379,64.5199,9.0,99.7427,72.2032,49.732,0.0,0.0,0.0,0.0,1.0
6.6332,42.0949,97.0356,78.8826,78.0,31.0749,56.0286,76.5537,1.0,1.0,1.0,1.0,1.0
24.9804,25.3665,57.2797,17.7395,97.0,99.8184,95.0041,11.5485,0.0,0.0,0.0,0.0,1.0
34.8594,41.8086,26.4611,50.6502,68.0,70.0503,26.8344,29.1376,1.0,1.0,0.0,1.0,1.0
15.1892,24.917,98.7942,52.5155,9.0,28.5525,15.9523,45.3238,0.0,0.0,1.0,0.0,0.0
7.6787,80.5067,52.7498,49.3732,11.0,88.7749,23.248,27.5391,1.0,0.0,0.0,0.0,1.0
67.2121,65.5299,24.4475,70.6041,54.0,8.7747,46.1287,14.2063,1.0,1.0,0.0,1.0,0.0
59.9685,73.8945,7.0753,56.1483,0.0,37.7805,92.0292,46.2893,0.0,0.0,0.0,0.0,1.0
91.7264,57.0298,78.2378,84.4913,76.0,10.761,18.8422,25.6434,1.0,0.0,0.0,0.0,1.0
71.7906,1.8418,66.1328,37.0498,94.0,48.3124,56.452,74.3893,0.0,0.0,0.0,0.0,0.0
47.0914,36.114,52.5868,96.1338,51.0,8.7935,83.1457,80.8047,0.0,0.0,1.0,0.0,1.0
9.4922,79.1021,93.9181,71.9313,98.0,9.8923,39.4139,13.0674,0.0,1.0,1.0,1.0,0.0
10.75,90.4614,95.7134,40.1633,55.0,65.1136,59.6657,19.0529,1.0,1.0,0.0,1.0,1.0
57.2062,77.6302,46.349,84.5014,74.0,65.1408,88.3241,22.6271,0.0,1.0,1.0,0.0,0.0
19.7313,71.1711,75.6993,58.9221,14.0,50.3608,78.8908,65.1774,1.0,1.0,1.0,1.0,1.0
31.6982,62.8822,91.5609,76.009,65.0,49.3524,67.621,42.246,0.0,1.0,1.0,1.0,0.0
36.837,66.7905,18.6913,37.3555,86.0,63.6553,29.4021,40.3369,1.0,1.0,0.0,1.0,1.0
79.9571,77.0836,98.5722,84.9159,47.0,62.2087,42.0351,64.7922,1.0,1.0,0.0,0.0,1.0
38.2956,47.1758,96.1731,77.0502,83.0,75.3979,36.2007,93.8284,1.0,0.0,1.0,1.0,1.0
55.2621,88.3883,33.3464,41.638,19.0,85.7054,89.0553,66.0328,1.0,0.0,1.0,1.0,0.0
59.9098,16.2581,62.9517,67.53,40.0,55.1019,13.9764,21.1692,1.0,0.0,0.0,1.0,0.0
20.2109,17.6386,78.6615,40.9028,91.0,38.3336,17.4492,97.4762,1.0,0.0,0.0,1.0,1.0
18.7897,51.2834,57.353,34.562,57.0,45.9194,87.0067,94.1893,1.0,1.0,0.0,1.0,0.0
40.4754,43.2592,46.9074,65.2244,83.0,26.5795,0.5468,95.1528,0.0,0.0,0.0,0.0,1.0
52.5148,45.0892,46.5254,95.5782,22.0,72.1369,91.7348,73.4136,1.0,1.0,1.0,1.0,0.0
54.1488,47.979,61.2295,67.7722,75.0,89.5815,38.5343,19.3573,1.0,0.0,0.0,1.0,1.0
86.651,62.6127,78.2555,58.6236,73.0,14.3826,33.9722,35.1559,1.0,1.0,0.0,1.0,0.0
81.4726,58.6102,69.7131,37.5724,39.0,76.399,57.2376,74.6879,1.0,1.0,0.0,0.0,1.0
20.5666,34.0551,47.284,64.5949,56.0,16.4006,93.673,82.6504,1.0,1.0,0.0,1.0,0.0
6.9279,65.6139,80.0545,69.2298,23.0,81.3822,39.6674,38.8036,1.0,1.0,1.0,1.0,1.0
80.5835,77.9473,27.1038,29.1651,45.0,18.8156,14.8546,52.7355,1.0,0.0,0.0,1.0,1.0
26.0089,56.3115,21.3254,88.2569,83.0,20.7736,50.8369,43.7795,0.0,0.0,1.0,0.0,0.0
74.0852,50.5306,61.3424,67.455,75.0,90.1643,81.9468,72.6785,1.0,0.0,1.0,1.0,1.0
32.7772,95.3432,61.6876,65.053,35.0,16.2407,82.4151,43.5682,0.0,1.0,1.0,0.0,0.0
15.027,32.0868,62.4817,96.1575,63.0,0.9435,78.4483,28.6886,1.0,1.0,0.0,0.0,1.0
53.7267,79.6449,92.7816,95.718,27.0,16.0899,6.7845,47.6194,1.0,1.0,1.0,1.0,1.0
34.0486,88.5307,94.9965,68.5221,56.0,22.4634,67.0561,8.2813,0.0,1.0,1.0,0.0,1.0
3.9564,34.5427,42.5232,64.5641,10.0,53.3126,96.4599,8.8444,0.0,0.0,0.0,0.0,0.0
2.736,65.9723,90.6409,21.0844,77.0,7.0845,12.1896,58.2457,1.0,1.0,0.0,1.0,1.0
14.8584,47.8648,83.6164,42.4937,16.0,59.8251,65.6916,4.5686,1.0,1.0,0.0,0.0,0.0
51.0325,54.3951,4.8253,51.9337,88.0,92.6542,33.0754,65.7463,0.0,0.0,0.0,0.0,0.0
35.8209,17.0301,31.114,45.0932,10.0,63.9218,74.5953,8.137,1.0,0.0,1.0,0.0,0.0
55.6493,77.0481,27.8597,88.5499,21.0,23.1117,81.2211,64.1731,1.0,1.0,0.0,1.0,1.0
70.9197,77.5881,68.7533,41.8954,95.0,0.9176,19.7067,70.3543,0.0,1.0,0.0,0.0,1.0
2.2443,72.9711,59.5213,60.5399,51.0,67.3487,0.4646,48.8474,1.0,0.0,0.0,1.0,1.0
54.5485,1.4665,48.2295,35.2946,1.0,12.234,34.6044,84.1474,0.0,0.0,0.0,1.0,1.0
11.0224,93.4888,37.4717,85.2057,47.0,38.8494,86.7224,22.8551,0.0,1.0,1.0,0.0,0.0
79.9055,97.7382,80.9225,55.6631,77.0,51.0588,1.1845,90.8132,1.0,0.0,0.0,1.0,1.0
33.116,36.1872,57.5619,43.4558,39.0,1.8484,5.1633,42.7001,1.0,1.0,1.0,1.0,1.0
33.4731,51.4707,27.3065,71.2514,23.0,5.9023,59.2989,73.5316,1.0,1.0,0.0,0.0,1.0
6.7263,74.1536,60.2766,39.872,64.0,69.6402,34.6837,24.6535,1.0,1.0,0.0,1.0,1.0
69.3008,68.1421,35.1454,22.1206,23.0,41.7098,17.4078,19.7558,1.0,1.0,0.0,1.0,0.0
67.458,36.8031,79.4817,70.0238,66.0,86.9006,18.1201,48.9031,1.0,0.0,0.0,1.0,1.0
63.9047,52.7166,88.5289,33.2175,91.0,16.7425,66.4575,43.3598,1.0,1.0,0.0,1.0,1.0
62.57,19.0152,59.4707,32.1104,74.0,39.1432,56.5597,82.947,1.0,1.0,0.0,0.0,1.0
2.4858,11.818,58.8504,74.6274,73.0,31.0279,97.6615,87.8744,0.0,1.0,0.0,0.0,0.0
60.6834,1.9759,31.5124,12.5324,50.0,7.4617,37.95,56.7678,1.0,0.0,0.0,0.0,0.0
21.1072,90.008,50.8849,47.2626,35.0,21.1346,54.8997,84.8485,0.0,1.0,1.0,0.0,1.0
15.2735,27.7042,68.7267,97.0696,81.0,61.4517,34.4738,10.3768,0.0,1.0,0.0,0.0,0.0
4.6466,96.2186,33.4045,53.6038,42.0,31.9906,94.3749,54.4412,0.0,1.0,1.0,0.0,0.0
27.5005,25.4475,48.1002,39.8919,48.0,64.4291,98.3555,47.9395,1.0,1.0,0.0,0.0,0.0
91.5242,12.7894,91.4448,25.6345,39.0,8.9056,93.5692,12.4543,1.0,0.0,0.0,0.0,0.0
61.1552,49.1612,91.4308,74.2377,33.0,1.7589,19.1984,19.1779,0.0,1.0,1.0,0.0,0.0
34.4929,14.7393,70.8358,46.7058,67.0,72.5621,14.6253,17.0924,1.0,1.0,0.0,0.0,1.0
44.5734,92.828,98.8324,70.7667,12.0,72.1628,30.8028,97.6417,1.0,0.0,0.0,1.0,1.0
39.0396,82.454,36.0559,76.5284,23.0,42.4271,5.0953,52.0978,0.0,0.0,1.0,0.0,0.0
37.6434,43.239,53.8187,36.3982,54.0,63.0556,3.0893,91.8007,0.0,0.0,1.0,1.0,0.0
45.8884,43.0529,76.9633,43.2711,65.0,91.9069,15.1498,64.7291,0.0,0.0,1.0,0.0,0.0
84.0863,48.3428,55.3229,56.5885,29.0,0.8415,21.6883,97.0219,1.0,0.0,0.0,0.0,1.0
94.2121,78.0732,39.7235,71.5325,92.0,42.3161,2.5238,79.2925,1.0,0.0,0.0,0.0,1.0
16.7346,99.1938,57.6498,47.764,73.0,14.685,17.6064,91.1825,0.0,0.0,1.0,0.0,1.0
54.242,18.8738,76.9741,46.0075,13.0,81.793,71.7862,71.4217,1.0,0.0,0.0,0.0,1.0
10.3058,26.9599,74.0005,46.0434,5.0,24.7507,80.0369,93.4381,1.0,0.0,0.0,1.0,0.0
63.0759,34.7768,83.2648,4.5947,81.0,0.478,77.1188,86.5859,0.0,1.0,0.0,0.0,0.0
20.9375,91.3749,93.5819,98.7935,83.0,29.8695,30.4987,59.7625,0.0,1.0,1.0,1.0,1.0
7.7175,25.5591,37.4074,94.8348,36.0,26.4003,97.6663,3.4678,1.0,1.0,0.0,0.0,0.0
5.6307,39.0455,51.3212,27.1197,17.0,47.6424,86.0688,12.7783,0.0,1.0,0.0,0.0,0.0
29.3381,97.1145,43.0215,46.9106,87.0,4.2918,71.8918,35.1176,0.0,1.0,1.0,0.0,0.0
63.9113,35.4758,43.6678,2.3167,98.0,70.36,12.4674,85.1352,0.0,0.0,0.0,0.0,0.0
16.6798,97.212,22.0,43.5771,29.0,73.2554,99.7766,85.8614,0.0,0.0,1.0,0.0,0.0
26.2136,74.7335,79.2057,44.783,88.0,13.846,14.5812,66.6254,1.0,1.0,1.0,1.0,1.0
63.2568,70.1536,44.9991,50.8463,46.0,32.7495,13.9338,68.8844,1.0,1.0,1.0,0.0,1.0
7.358,81.8777,26.1759,45.1795,66.0,67.5015,52.9401,80.7161,0.0,0.0,1.0,0.0,0.0
7.9672,44.2889,83.0198,50.768,45.0,41.8193,75.3616,67.0858,0.0,0.0,1.0,0.0,1.0
38.2831,65.0393,57.2269,38.8671,49.0,9.1559,54.0013,67.0015,0.0,0.0,0.0,0.0,1.0
23.4862,59.0576,25.3204,19.0538,51.0,84.155,23.8353,10.2427,0.0,0.0,1.0,0.0,0.0
31.432,38.8256,43.1608,54.1552,13.0,14.7734,80.5723,44.2876,0.0,0.0,1.0,0.0,0.0
73.6973,67.5511,53.2656,80.2364,73.0,74.3931,79.912,19.7594,0.0,1.0,0.0,0.0,0.0
81.1142,44.3734,75.478,21.8563,51.0,54.6846,27.7348,47.3828,1.0,1.0,0.0,0.0,0.0
62.2185,52.277,77.2864,64.0438,61.0,65.0698,81.3904,87.5301,1.0,1.0,0.0,1.0,1.0
62.2013,39.4932,67.7933,68.1559,37.0,82.1728,12.3836,69.6065,1.0,0.0,0.0,1.0,1.0
75.2033,54.247,80.3677,84.8894,21.0,90.1697,72.9849,68.5988,1.0,1.0,0.0,0.0,1.0
13.5445,52.0299,70.9177,90.8404,68.0,70.4976,6.2305,37.4796,1.0,1.0,0.0,1.0,1.0
14.1929,10.4405,41.1197,1.1189,64.0,5.6263,27.2966,45.9413,1.0,0.0,0.0,0.0,0.0
26.8254,25.6268,41.1439,19.8114,62.0,10.1994,39.2058,56.9172,1.0,1.0,0.0,1.0,1.0
78.9431,80.8964,26.2454,72.4736,82.0,39.8022,87.377,99.5068,1.0,0.0,0.0,1.0,0.0
18.7409,80.9102,50.3724,33.5181,36.0,13.085,36.5491,43.3642,1.0,1.0,1.0,1.0,1.0
80.5123,76.0578,70.841,13.4634,94.0,48.7984,63.4436,73.8142,1.0,1.0,0.0,0.0,1.0
34.3138,28.3181,45.5505,57.8847,46.0,30.8937,97.4074,66.8571,1.0,1.0,0.0,0.0,0.0
18.6081,35.982,97.2422,85.6783,100.0,88.4006,5.1005,42.3336,0.0,0.0,1.0,0.0,0.0
4.0329,23.4651,79.1107,9.8873,100.0,63.3608,13.4277,40.2763,1.0,1.0,0.0,0.0,0.0
13.1833,21.3465,53.1045,13.0389,12.0,20.341,3.9112,79.3332,1.0,0.0,0.0,1.0,1.0
64.272,95.9553,23.0612,25.4156,69.0,63.1135,66.3158,29.2861,1.0,1.0,1.0,0.0,1.0
9.909,97.4263,40.9282,58.2707,55.0,30.1507,89.6476,89.8562,0.0,0.0,1.0,0.0,0.0
13.5546,3.2113,57.8464,33.9165,73.0,29.6585,53.4187,27.1917,1.0,0.0,0.0,0.0,0.0
16.0582,74.2224,59.6271,34.9358,54.0,85.1804,68.7686,37.0337,0.0,0.0,1.0,0.0,0.0
7.9872,22.9942,93.7566,48.6762,10.0,40.3199,86.8152,18.9137,0.0,1.0,1.0,0.0,0.0
53.7869,34.8334,99.199,22.4522,49.0,81.8382,19.3949,90.4742,1.0,1.0,0.0,0.0,1.0
52.5877,23.6504,60.2909,31.8294,0.0,9.8512,97.2353,47.8596,1.0,0.0,0.0,1.0,1.0
14.463,31.7941,17.7377,94.1109,45.0,33.9866,25.4234,66.2899,1.0,1.0,0.0,1.0,1.0
10.8704,34.21,80.7025,91.6233,65.0,95.6487,66.7959,71.3332,1.0,0.0,0.0,1.0,1.0
46.9727,33.0851,60.6169,28.6739,12.0,58.652,78.1007,98.645,1.0,0.0,0.0,0.0,1.0
64.5127,83.8058,58.9793,67.7038,11.0,32.7263,52.5628,39.5826,0.0,0.0,0.0,0.0,0.0
59.0075,75.8521,40.0912,51.0038,78.0,69.9929,36.9177,67.1154,1.0,1.0,1.0,0.0,1.0
6.3053,97.5061,41.6135,99.3079,61.0,37.236,5.0547,87.4078,0.0,0.0,1.0,1.0,1.0
24.7337,95.5255,29.1953,64.5287,48.0,51.0372,89.3011,99.1819,1.0,0.0,0.0,1.0,1.0
33.5447,88.1275,48.8772,21.2875,62.0,62.0497,21.0907,62.6317,1.0,1.0,0.0,1.0,1.0
6.6633,65.9239,29.3117,62.2036,0.0,55.2803,41.0861,98.8485,0.0,0.0,0.0,0.0,1.0
54.2619,16.7158,71.7844,98.3492,60.0,85.3006,45.7887,53.6594,1.0,0.0,0.0,1.0,1.0
14.4856,67.3727,18.5339,96.8787,44.0,8.999,82.0941,38.6248,0.0,1.0,1.0,0.0,0.0
6.1983,95.9547,27.4697,44.6004,1.0,44.8136,5.2875,61.2769,1.0,0.0,0.0,0.0,0.0
72.5926,22.6127,80.1675,8.7893,87.0,68.7156,60.1614,46.2313,0.0,0.0,0.0,0.0,0.0
11.8819,85.395,96.4052,45.6894,35.0,82.1933,55.1774,20.6164,1.0,1.0,0.0,1.0,1.0
57.5501,25.4265,45.3187,60.7908,28.0,85.2362,64.7463,78.9313,1.0,1.0,1.0,1.0,1.0
2.8461,51.4281,95.8156,25.3441,73.0,28.5599,68.2883,56.2528,1.0,1.0,1.0,1.0,1.0
75.6554,34.8538,79.7774,50.7535,88.0,91.8214,20.7413,60.4839,1.0,0.0,0.0,0.0,0.0
18.5508,29.1067,27.6781,9.6117,37.0,18.0463,57.314,87.5501,0.0,0.0,0.0,0.0,0.0
92.526,21.9843,84.9075,17.3561,26.0,99.7562,15.2976,81.5423,0.0,0.0,0.0,0.0,1.0
36.8965,44.8057,74.7398,61.7801,50.0,54.0379,83.2858,11.6924,1.0,1.0,1.0,1.0,0.0
25.7295,28.6458,76.7213,68.9825,65.0,33.7206,35.0058,30.3832,0.0,1.0,1.0,0.0,0.0
89.0288,30.6774,99.0015,43.1944,36.0,64.3294,47.7342,71.0978,0.0,0.0,0.0,0.0,0.0
4.9959,75.212,58.2082,82.6132,22.0,42.3508,91.6445,77.4878,0.0,1.0,1.0,0.0,0.0
58.7424,78.0871,87.5804,37.8826,15.0,70.0602,53.7034,15.804,1.0,1.0,0.0,1.0,0.0
82.483,44.4881,63.5372,86.2745,36.0,73.504,76.8006,21.5144,1.0,0.0,0.0,1.0,0.0
69.559,54.3571,33.1571,45.3727,14.0,20.6539,93.5309,84.8428,1.0,1.0,0.0,1.0,1.0
75.6591,85.8372,96.1602,93.7186,52.0,12.9925,43.0705,24.5121,0.0,1.0,1.0,1.0,1.0
60.8947,41.3319,84.682,33.1136,32.0,49.268,78.5883,17.8968,0.0,1.0,0.0,0.0,1.0
31.4189,97.9649,51.1786,55.642,51.0,92.1441,50.8033,30.0258,1.0,0.0,0.0,0.0,1.0
26.3641,23.2296,23.946,40.1593,53.0,91.2198,20.8457,62.9219,1.0,0.0,0.0,0.0,1.0
49.4886,25.9537,32.8964,43.5689,40.0,60.4465,9.7257,77.7336,1.0,1.0,0.0,1.0,0.0
69.6759,42.9367,44.3232,65.6023,44.0,79.0413,23.9144,61.0647,1.0,1.0,0.0,0.0,1.0
23.8052,26.2496,35.1623,35.3339,81.0,1.7118,58.9771,70.3758,0.0,0.0,1.0,0.0,0.0
43.809,91.3094,81.3643,65.7683,21.0,55.5231,84.9173,57.1918,1.0,1.0,1.0,1.0,1.0
92.0069,68.6596,69.6865,82.4687,84.0,15.293,25.0967,3.9927,1.0,0.0,0.0,0.0,0.0
19.0322,28.3773,38.1594,41.2223,10.0,72.9927,48.8183,19.5492,0.0,1.0,1.0,0.0,0.0
68.9976,5.5068,91.4309,21.0841,30.0,56.5055,95.939,6.4125,0.0,0.0,0.0,0.0,0.0
57.3869,19.997,89.1387,84.2468,23.0,36.3536,33.581,33.0664,0.0,0.0,0.0,0.0,1.0
22.1037,77.8591,91.1172,18.5422,8.0,82.8489,38.2893,22.9229,0.0,1.0,0.0,0.0,0.0
30.7082,59.9845,59.5622,30.4803,49.0,71.1846,46.2039,12.0967,1.0,1.0,0.0,0.0,1.0
72.4932,69.796,37.143,52.1961,76.0,20.8814,36.5086,57.2304,0.0,0.0,1.0,0.0,0.0
52.1511,80.9611,0.525,18.0517,54.0,23.9872,68.0147,18.5351,0.0,0.0,0.0,1.0,0.0
54.8563,36.3393,51.4827,86.6257,93.0,92.0978,73.195,94.1081,0.0,0.0,1.0,0.0,0.0
32.9745,59.1368,77.0222,70.3449,62.0,11.3127,92.0433,52.9038,0.0,1.0,1.0,0.0,0.0
61.4058,90.7701,79.7806,85.5486,67.0,95.9331,40.7143,98.2149,1.0,0.0,0.0,1.0,1.0
39.0523,86.3006,44.9535,33.5635,26.0,64.7928,40.2364,92.6765,1.0,1.0,0.0,1.0,1.0
66.6832,83.9091,37.4546,89.8649,11.0,46.3345,9.9667,23.7906,1.0,0.0,0.0,0.0,1.0
67.9266,47.0608,10.243,63.2562,0.0,35.2363,90.1129,34.8178,0.0,0.0,0.0,0.0,1.0
77.9507,92.1467,52.5314,81.225,53.0,37.558,1.8566,77.4619,0.0,0.0,0.0,0.0,0.0
49.2017,96.9688,70.7407,36.9213,24.0,59.73,47.3824,49.4051,1.0,1.0,1.0,1.0,1.0
34.7152,5.7037,99.0929,39.1405,72.0,25.7791,30.6909,20.9024,0.0,0.0,1.0,0.0,0.0
29.2328,31.3328,85.2804,23.7642,15.0,30.363,47.5429,21.1408,1.0,1.0,0.0,0.0,1.0
63.1902,28.4761,55.734,91.9134,95.0,39.6159,80.1135,99.8103,0.0,0.0,0.0,0.0,1.0
11.2092,20.1423,52.5139,33.5968,33.0,70.5519,54.1358,45.5332,1.0,1.0,0.0,1.0,1.0
11.0721,7.3502,10.3058,61.9562,75.0,90.3597,63.103,66.805,1.0,0.0,0.0,0.0,0.0
58.0498,82.8601,37.0892,24.6641,11.0,41.6332,42.7987,4.4103,1.0,1.0,0.0,0.0,0.0
46.3827,69.3385,20.9234,72.7911,59.0,63.5408,53.8358,61.982,1.0,1.0,1.0,1.0,1.0
24.6247,33.7376,19.5824,62.1991,21.0,57.7175,63.4612,5.6856,1.0,1.0,0.0,0.0,0.0
37.239,80.0088,39.6664,8.2093,85.0,7.0366,68.5166,1.9092,0.0,1.0,0.0,0.0,0.0
0.27,60.0301,68.7874,4.6545,96.0,50.6795,62.8677,2.08,0.0,1.0,0.0,0.0,0.0
96.4314,49.9121,93.6194,98.8368,1.0,84.7024,48.7438,97.2294,0.0,0.0,0.0,0.0,0.0
53.6443,51.728,96.4872,48.1127,98.0,1.1537,91.3347,90.636,0.0,1.0,1.0,0.0,1.0
14.4846,91.0564,52.1777,95.8687,79.0,2.0555,0.3368,41.0018,0.0,0.0,0.0,0.0,1.0
82.0717,39.5945,89.9866,16.3465,73.0,41.3064,35.9401,9.988,1.0,1.0,0.0,0.0,1.0
16.0089,57.5929,96.972,85.9191,36.0,0.2172,25.8122,92.3659,1.0,1.0,1.0,1.0,1.0
30.0104,52.5056,53.0817,31.4237,24.0,50.8953,43.1424,36.5768,0.0,0.0,1.0,0.0,0.0
60.7002,53.7316,42.6525,38.1964,74.0,59.335,36.0912,39.3568,1.0,1.0,0.0,1.0,1.0
50.5494,15.4988,83.1123,62.8152,69.0,27.1289,45.3442,68.5496,0.0,0.0,0.0,0.0,1.0
50.8944,27.7624,9.3186,99.0895,75.0,66.1715,14.9551,90.5243,1.0,0.0,0.0,0.0,1.0
1.6446,22.0549,73.0004,74.5254,47.0,83.8142,86.411,51.0447,0.0,0.0,1.0,0.0,0.0
61.4234,64.1133,96.8258,94.6333,92.0,57.0469,20.4253,14.2398,1.0,1.0,1.0,1.0,1.0
66.3374,27.1787,36.6275,84.5598,48.0,17.7707,90.1693,10.274,1.0,1.0,0.0,0.0,0.0
55.4738,38.6298,21.7712,74.9752,24.0,11.6428,90.8475,99.5023,1.0,0.0,0.0,1.0,1.0
19.2032,31.5456,86.9136,30.8507,58.0,88.3089,8.7429,99.8617,0.0,0.0,0.0,0.0,1.0
74.8951,84.4581,49.154,97.6739,17.0,44.3963,34.1829,99.7236,1.0,0.0,0.0,1.0,1.0
4.4691,56.8987,87.798,50.9947,96.0,94.7034,36.2324,44.3973,1.0,0.0,0.0,0.0,1.0
45.4682,0.0988,79.3002,77.4176,59.0,72.137,57.8576,57.7849,0.0,0.0,0.0,0.0,1.0
40.2437,61.275,25.9324,89.9223,95.0,81.0955,59.3453,66.0118,1.0,1.0,0.0,1.0,1.0
13.8934,40.3422,8.8454,61.4562,30.0,90.0757,58.6625,7.9288,0.0,0.0,0.0,0.0,0.0
71.2967,19.3972,84.1594,47.6098,74.0,1.2765,97.3574,38.5734,1.0,1.0,0.0,0.0,0.0
9.692,14.7259,29.2694,66.6965,39.0,0.6217,79.4145,92.1042,1.0,0.0,0.0,1.0,0.0
12.6212,53.5638,78.1538,31.4679,96.0,22.8251,13.2126,51.4812,0.0,1.0,0.0,0.0,1.0
32.8212,93.9883,58.5424,78.9981,61.0,18.3686,29.6908,75.8776,1.0,1.0,0.0,1.0,1.0
23.0291,84.6761,89.4127,85.2436,41.0,41.4928,69.8491,38.5586,0.0,1.0,1.0,0.0,0.0
43.2844,72.8754,37.2912,66.6209,76.0,56.1379,25.0897,4.0994,1.0,1.0,0.0,0.0,0.0
62.4256,96.6849,64.0364,66.1151,67.0,92.1336,33.1493,18.8913,1.0,0.0,0.0,0.0,1.0
30.4704,26.8662,85.4836,40.8148,16.0,75.7821,94.6635,85.8938,1.0,1.0,0.0,0.0,0.0
17.5709,38.0136,87.5201,77.711,96.0,5.1435,72.1316,93.5781,0.0,1.0,0.0,0.0,1.0
4.5374,48.636,91.7254,27.5179,79.0,87.001,63.8967,79.1815,1.0,1.0,0.0,1.0,1.0
3.9361,13.2436,87.1886,42.6411,58.0,74.0525,47.9816,64.5406,1.0,0.0,0.0,0.0,1.0
96.1464,95.4139,17.8204,29.9586,0.0,16.7619,17.251,91.3086,0.0,0.0,0.0,0.0,1.0
14.9072,84.7643,68.2009,66.979,50.0,29.627,45.3857,98.0639,1.0,0.0,0.0,1.0,1.0
19.4495,63.5631,80.151,61.9967,40.0,26.6609,60.7406,20.5867,0.0,1.0,1.0,0.0,0.0
95.2331,75.2917,88.7962,98.707,0.0,50.0067,46.336,93.095,1.0,0.0,0.0,1.0,0.0
78.4961,4.5733,63.5426,72.7874,0.0,79.5518,15.882,88.1415,0.0,0.0,0.0,1.0,0.0
46.413,67.8995,34.1429,66.9589,75.0,69.0085,47.8559,69.0652,0.0,0.0,0.0,1.0,0.0
34.4168,34.6819,69.7239,94.8419,61.0,92.6799,87.888,58.2941,1.0,0.0,0.0,1.0,0.0
80.7374,81.6864,70.0519,42.7576,90.0,3.1102,53.4737,67.8771,1.0,1.0,0.0,1.0,1.0
11.2428,94.2769,86.0354,17.6378,56.0,3.2879,24.6006,74.6109,0.0,1.0,0.0,0.0,1.0
0.2527,67.2152,57.9515,97.5422,79.0,48.8877,29.3096,55.0509,0.0,0.0,1.0,1.0,0.0
23.2314,93.0636,33.8063,77.0233,31.0,64.113,57.9043,37.1666,0.0,1.0,1.0,0.0,0.0
17.0108,18.2521,27.5543,59.1975,29.0,6.525,69.8606,20.3707,1.0,0.0,1.0,0.0,1.0
34.6491,93.9067,9.9175,84.6051,91.0,43.8846,31.494,48.7402,1.0,1.0,0.0,1.0,0.0
12.7802,60.665,93.5708,74.5636,82.0,37.0239,55.9426,88.7439,1.0,1.0,1.0,1.0,1.0
31.1207,44.4513,53.534,50.1861,7.0,78.5109,33.01,13.1513,1.0,0.0,0.0,1.0,0.0
65.4029,68.6254,28.6223,49.1977,70.0,6.9591,55.3424,95.8833,0.0,0.0,0.0,0.0,1.0
78.4352,92.5984,49.0842,81.3119,19.0,3.1203,33.1215,39.7125,0.0,1.0,0.0,0.0,1.0
75.7291,59.3538,46.6454,50.9182,17.0,81.9354,58.6536,98.6804,0.0,0.0,0.0,1.0,0.0
73.5598,80.3921,89.2274,44.8878,0.0,88.7782,19.268,15.3966,0.0,0.0,0.0,1.0,1.0
52.1326,49.2924,23.486,96.5641,92.0,82.352,79.7835,35.8525,1.0,1.0,0.0,0.0,1.0
90.3718,93.4682,30.4837,77.7722,79.0,55.8325,95.5231,45.9789,1.0,1.0,0.0,0.0,0.0
81.9252,89.4837,29.1259,75.5763,20.0,5.3829,81.8252,3.1945,0.0,1.0,0.0,0.0,0.0
36.2731,10.1393,48.0076,87.955,41.0,38.7779,24.7184,49.4954,1.0,1.0,0.0,1.0,0.0
17.8899,75.7863,89.526,42.2775,98.0,47.1232,29.0061,68.1935,0.0,1.0,1.0,1.0,0.0
19.0693,58.7647,47.4315,57.3378,58.0,87.4742,39.8852,20.6232,1.0,1.0,1.0,1.0,1.0
33.4621,43.2575,97.434,77.6129,15.0,80.672,44.2033,21.7202,0.0,1.0,1.0,0.0,0.0
61.2435,99.2413,92.1173,49.1279,35.0,52.7573,47.4465,62.566,1.0,1.0,0.0,1.0,1.0
6.3561,17.4284,47.0448,79.5007,46.0,1.1533,2.075,51.3949,0.0,0.0,1.0,0.0,0.0
54.8789,91.5875,32.2994,4.8827,89.0,38.4567,64.3106,13.5334,0.0,1.0,0.0,0.0,0.0
84.2169,76.4277,94.9768,78.3513,29.0,82.7964,45.3777,63.6186,1.0,1.0,0.0,1.0,0.0
18.9362,78.3783,34.8719,89.0264,72.0,41.0213,1.4703,64.6767,0.0,0.0,1.0,0.0,0.0
18.1218,31.3,69.1162,64.5963,45.0,49.903,16.3983,81.659,0.0,0.0,1.0,1.0,1.0
57.1931,45.1507,18.1827,62.1685,18.0,8.9665,23.9736,19.8964,1.0,0.0,0.0,0.0,1.0
6.3209,91.4132,27.2437,65.1574,41.0,44.684,71.8492,90.5845,1.0,1.0,1.0,1.0,1.0
21.4569,94.8233,66.8752,6.662,59.0,65.7283,90.7696,6.9036,0.0,1.0,0.0,0.0,0.0
2.1262,61.6112,33.6917,75.8168,21.0,40.9342,55.6472,15.731,1.0,1.0,0.0,1.0,1.0
40.8987,39.2693,16.0431,97.6495,54.0,29.1487,24.3015,60.2695,1.0,1.0,0.0,0.0,1.0
0.255,98.4601,47.2824,57.8555,91.0,35.488,31.7863,49.0883,1.0,1.0,0.0,1.0,1.0
81.0197,48.3044,96.2334,94.0125,27.0,48.8545,10.4353,90.3923,1.0,0.0,0.0,1.0,1.0
27.7289,72.6858,49.1777,96.2051,60.0,34.4779,15.7161,0.19,1.0,1.0,0.0,0.0,0.0
88.9481,71.0824,72.0026,32.7416,39.0,92.1384,88.7923,55.1458,1.0,0.0,0.0,0.0,0.0
49.1302,41.0413,83.3107,38.3387,87.0,48.005,80.4602,74.1141,0.0,1.0,1.0,0.0,1.0
36.3957,70.0682,46.956,72.5515,55.0,62.7991,62.0416,40.095,0.0,0.0,1.0,0.0,0.0
39.5156,50.7634,72.6596,12.9532,88.0,43.1491,42.3068,80.9973,1.0,1.0,0.0,0.0,1.0
46.0635,34.956,20.7741,57.9389,80.0,53.5993,57.4265,38.1153,0.0,0.0,1.0,0.0,1.0
32.4301,92.524,76.3952,69.7951,70.0,34.5068,31.769,40.7933,1.0,1.0,1.0,1.0,1.0
25.3839,87.9,92.2311,31.0964,5.0,23.2177,49.9123,77.4947,1.0,1.0,0.0,1.0,0.0
9.0449,31.6353,84.2947,80.8374,11.0,71.4261,68.9595,35.4277,0.0,0.0,1.0,0.0,0.0
13.895,27.1776,50.7894,66.0437,85.0,37.202,46.2106,43.4856,0.0,0.0,1.0,0.0,0.0
24.7555,33.1623,61.6728,10.6086,52.0,6.8498,17.2833,57.9571,0.0,1.0,0.0,0.0,1.0
19.6596,80.5945,54.0702,30.6331,29.0,46.6866,26.071,76.0536,0.0,1.0,1.0,0.0,0.0
32.4718,90.9698,67.6021,30.5947,43.0,42.3084,96.8573,65.9161,0.0,0.0,1.0,0.0,0.0
25.7203,87.77,14.7741,85.0789,100.0,71.382,56.96,23.7565,0.0,0.0,1.0,0.0,0.0
3.7588,56.4721,60.9371,54.2817,26.0,34.5052,19.5117,65.8956,1.0,1.0,1.0,1.0,1.0
45.8782,26.8551,37.4715,30.447,68.0,52.4098,21.3102,86.5487,1.0,0.0,0.0,1.0,1.0
99.1016,82.923,57.2512,33.4684,75.0,32.1998,2.4683,9.1,1.0,0.0,0.0,0.0,0.0
45.689,60.3905,59.8288,17.4078,40.0,0.3402,18.4885,71.5936,1.0,1.0,0.0,1.0,0.0
46.4953,43.5508,25.8956,40.1948,28.0,42.5544,70.0096,65.032,0.0,0.0,1.0,0.0,0.0
46.1463,97.3874,80.281,69.4145,73.0,63.5555,19.8545,47.1625,0.0,1.0,1.0,0.0,0.0
85.0699,44.9192,71.4193,90.4719,49.0,60.2566,87.7639,63.4972,1.0,1.0,0.0,0.0,1.0
52.0672,98.7142,10.5677,2.6898,53.0,10.964,16.0059,16.4803,0.0,0.0,0.0,0.0,0.0
24.972,78.1834,97.8087,89.1255,10.0,5.8153,95.9145,31.2531,0.0,1.0,1.0,0.0,0.0
18.481,65.3897,28.0771,16.1936,78.0,73.2722,53.1263,3.7825,1.0,1.0,0.0,0.0,0.0
3.2468,58.7631,27.9567,88.226,27.0,42.8363,54.3258,93.8085,0.0,0.0,1.0,1.0,0.0
66.5773,25.2729,30.6899,34.5428,54.0,4.7463,83.3748,47.3328,1.0,1.0,0.0,1.0,0.0
35.3438,0.4682,64.6059,15.638,77.0,32.3457,99.7529,69.8302,1.0,0.0,0.0,0.0,0.0
39.0889,72.2551,47.3852,44.2549,50.0,80.363,27.889,65.7839,0.0,0.0,1.0,0.0,0.0
66.881,71.5048,78.6888,65.6302,50.0,42.9189,13.2995,27.6359,1.0,1.0,0.0,1.0,1.0
21.8417,52.4189,43.9309,28.7256,50.0,20.1452,98.1333,65.28,0.0,1.0,1.0,0.0,0.0
82.5369,18.8222,84.4979,93.7974,64.0,41.847,7.238,79.9082,0.0,0.0,0.0,0.0,1.0
20.3914,47.7636,66.519,69.1616,46.0,69.1057,53.6085,56.5913,0.0,1.0,1.0,0.0,0.0
3.0358,59.6609,86.392,2.3718,88.0,50.6027,45.007,83.5129,1.0,1.0,0.0,0.0,0.0
29.0436,34.7245,35.817,27.3669,84.0,6.8197,72.3642,43.5201,1.0,1.0,1.0,1.0,1.0
55.6807,58.4401,40.9201,73.0928,9.0,59.5136,89.3142,91.9968,0.0,0.0,1.0,0.0,0.0
44.5343,70.244,18.9061,85.2866,25.0,31.9705,58.5952,68.9017,0.0,0.0,1.0,0.0,0.0
56.0668,41.1827,83.7932,34.6425,53.0,44.1328,10.2824,41.3062,1.0,1.0,1.0,1.0,1.0
29.051,61.6924,55.3325,45.8932,55.0,53.697,80.692,84.5565,0.0,0.0,1.0,0.0,0.0
41.5107,56.1728,3.6403,8.2502,15.0,79.8226,13.5536,37.5593,1.0,0.0,0.0,0.0,0.0
14.9729,70.5374,38.9432,53.8998,85.0,4.0739,56.0415,95.7524,1.0,0.0,0.0,1.0,1.0
6.7545,15.7026,45.6482,73.5236,62.0,1.2889,61.6134,62.5814,0.0,0.0,1.0,0.0,0.0
76.294,88.6105,52.8494,45.0342,37.0,26.226,88.4276,49.0903,1.0,1.0,1.0,0.0,0.0
35.0609,50.2072,27.331,77.0142,57.0,50.1337,37.125,27.8416,0.0,0.0,0.0,0.0,1.0
35.7244,50.3594,3.3467,20.2202,43.0,25.6909,12.5214,29.0589,1.0,0.0,0.0,0.0,0.0
17.4301,51.5142,82.7211,39.8155,65.0,53.0075,16.1042,71.0643,1.0,1.0,1.0,1.0,1.0
10.9117,76.0113,98.7227,66.2106,54.0,9.9074,96.2401,25.6078,1.0,1.0,0.0,0.0,1.0
89.6559,76.8376,87.0511,70.6626,35.0,50.7227,47.3244,39.3789,1.0,0.0,0.0,0.0,1.0
21.6165,59.93,17.884,82.8417,0.0,89.992,92.5107,49.3986,0.0,0.0,0.0,0.0,1.0
37.545,18.3186,42.6286,57.0488,81.0,62.5178,99.8935,56.7803,1.0,1.0,1.0,0.0,0.0
33.4434,11.693,81.0337,72.2232,83.0,0.1949,62.0493,91.5002,1.0,0.0,0.0,0.0,1.0
19.1072,64.6374,99.0447,85.1498,24.0,7.4261,59.1555,4.8705,1.0,1.0,0.0,0.0,1.0
71.5383,68.1347,59.9526,46.5431,56.0,9.737,65.9127,62.3514,1.0,1.0,0.0,1.0,0.0
15.5206,46.6851,96.7608,72.4093,20.0,51.2544,0.1479,46.0244,1.0,0.0,0.0,1.0,1.0
58.9958,50.7552,25.2434,96.0808,17.0,53.5539,14.6023,75.7435,0.0,1.0,1.0,0.0,1.0
23.3473,28.8645,99.0657,83.4636,70.0,4.2424,55.793,51.2715,0.0,1.0,1.0,0.0,0.0
74.351,28.8217,67.871,22.7033,34.0,1.6442,4.9117,16.556,0.0,0.0,0.0,0.0,0.0
52.3922,94.7048,12.7239,41.3084,25.0,55.6702,7.0582,86.083,1.0,0.0,0.0,0.0,0.0
77.9028,80.4709,22.2232,29.5404,74.0,53.6139,55.9356,48.0385,1.0,1.0,0.0,0.0,1.0
21.6799,54.6154,52.7854,97.6464,44.0,24.8892,38.4217,26.8279,0.0,1.0,1.0,0.0,1.0
21.0435,52.5535,24.8785,16.2649,38.0,25.4188,76.245,61.7046,0.0,1.0,1.0,0.0,0.0
49.0148,36.3574,82.5076,46.8351,93.0,63.5658,41.03,46.4247,0.0,1.0,1.0,0.0,0.0
54.4335,76.529,9.9917,50.6192,42.0,16.6265,98.7985,66.6105,0.0,0.0,1.0,0.0,0.0
59.7347,79.6501,71.4311,98.0102,50.0,82.1096,22.6333,18.7658,0.0,0.0,1.0,0.0,1.0
17.8048,40.9707,80.9868,88.8818,63.0,33.9295,75.1746,57.4167,0.0,1.0,0.0,1.0,0.0
52.7761,94.185,97.1563,66.0041,12.0,77.93,6.8627,60.7236,0.0,0.0,1.0,0.0,1.0
19.0803,55.4372,59.8915,42.2097,39.0,46.7021,47.1978,82.8895,0.0,1.0,1.0,0.0,0.0
42.1116,1.282,37.6381,19.8122,38.0,65.9567,13.3612,85.8729,0.0,0.0,0.0,0.0,0.0
46.3451,79.2345,67.9742,31.5147,35.0,67.5455,82.5985,36.2884,1.0,1.0,1.0,1.0,1.0
32.3705,44.5714,39.662,17.7951,79.0,35.0653,78.6286,39.9256,1.0,1.0,0.0,1.0,0.0
4.0805,23.5815,4.9723,99.2227,69.0,78.4775,70.591,63.6576,1.0,0.0,0.0,0.0,0.0
3.9614,91.8025,56.4871,99.3908,63.0,49.1365,1.2271,71.1489,1.0,0.0,0.0,1.0,1.0
58.7848,74.9548,5.1972,6.855,11.0,23.6245,17.9726,65.2783,1.0,0.0,0.0,0.0,0.0
46.4398,33.9213,68.9137,70.1392,78.0,12.6079,74.3502,97.3678,0.0,0.0,0.0,0.0,1.0
17.2952,46.3901,99.6502,33.6709,61.0,9.8949,90.3392,75.6767,1.0,1.0,1.0,1.0,1.0
15.4054,67.2128,83.5896,94.0459,66.0,64.1846,26.2543,86.2321,1.0,1.0,1.0,1.0,1.0
29.9993,67.57,87.5057,46.8432,79.0,68.0645,7.6092,43.6254,0.0,0.0,0.0,1.0,0.0
39.9197,40.3324,49.5421,34.3349,59.0,88.2678,18.6757,45.132,1.0,1.0,0.0,0.0,0.0
64.8095,19.1921,58.9871,6.4294,53.0,10.2457,24.2822,47.2725,1.0,1.0,0.0,0.0,0.0
67.8673,48.2397,29.2081,21.0889,84.0,74.173,52.9619,41.2341,1.0,1.0,0.0,0.0,0.0
61.2281,62.0205,21.8768,91.4664,99.0,23.3586,89.0825,46.0699,1.0,1.0,0.0,1.0,0.0
0.84,27.1169,47.0356,39.3802,70.0,72.3125,95.4176,53.7866,1.0,1.0,0.0,0.0,0.0
2.2672,53.758,31.1005,23.3074,49.0,48.334,70.0027,34.565,0.0,1.0,1.0,0.0,0.0
23.8062,4.2347,93.1592,85.5734,21.0,71.2418,20.2022,31.8774,0.0,0.0,0.0,0.0,0.0
1.2278,79.0152,89.5561,49.4524,90.0,19.0479,68.2797,13.4586,0.0,0.0,1.0,0.0,0.0
36.3522,34.5816,73.5144,8.8157,78.0,61.7141,42.1322,77.7943,0.0,1.0,0.0,0.0,0.0
57.9836,65.969,12.3766,42.9146,23.0,46.3248,44.6289,93.2722,1.0,0.0,0.0,0.0,1.0
81.265,99.9449,80.4031,61.6242,59.0,52.4051,22.1377,83.1408,1.0,1.0,1.0,1.0,0.0
52.8306,65.1135,34.6209,71.6964,38.0,33.7176,2.8084,42.3174,1.0,0.0,0.0,1.0,1.0
40.8397,75.8907,80.4445,75.2708,37.0,32.908,72.2323,77.1309,1.0,1.0,0.0,1.0,1.0
21.9073,58.9246,63.8167,64.3023,65.0,19.1209,57.8798,85.921,1.0,1.0,0.0,1.0,1.0
4.8495,38.8673,48.1763,86.1669,60.0,21.3455,33.3665,94.672,1.0,0.0,1.0,1.0,1.0
78.09,99.7814,52.3114,80.0038,27.0,95.9025,24.4702,42.9202,1.0,0.0,0.0,1.0,0.0
39.3577,49.5416,71.046,33.8287,20.0,73.4478,38.2636,69.7964,1.0,1.0,1.0,1.0,1.0
37.1088,36.0087,68.3285,85.4115,84.0,31.861,64.5709,89.7277,1.0,1.0,0.0,1.0,1.0
60.2096,45.7525,59.276,58.9979,7.0,24.2147,9.2342,68.758,1.0,0.0,0.0,1.0,1.0
5.8229,90.0525,21.3859,83.9894,97.0,39.4611,25.4636,54.0426,0.0,0.0,1.0,1.0,0.0
34.9205,96.4632,98.9582,4.5378,19.0,32.2438,50.5,47.5734,1.0,1.0,0.0,0.0,0.0
71.9058,29.7078,0.3182,77.9875,63.0,38.7155,22.1721,80.2051,0.0,0.0,0.0,0.0,1.0
54.7446,17.7169,53.5176,47.1286,72.0,74.1668,30.1321,97.4929,1.0,0.0,0.0,1.0,1.0
64.8479,31.3425,99.1618,51.8097,41.0,8.5129,0.7043,44.3511,1.0,0.0,0.0,1.0,0.0
84.4845,16.6122,22.5025,50.2046,97.0,81.1302,43.9912,68.5439,1.0,0.0,0.0,0.0,0.0
27.492,13.5526,84.0625,37.0979,8.0,24.2533,74.1812,69.5618,0.0,0.0,1.0,0.0,0.0
59.9971,25.7968,87.3253,92.9909,85.0,19.2347,11.1186,10.8666,1.0,1.0,0.0,1.0,1.0
9.3343,62.9854,45.808,56.6804,75.0,17.3578,64.1855,37.7036,0.0,1.0,1.0,1.0,1.0
49.3762,16.8045,65.0911,11.6577,27.0,81.9962,14.0605,70.6085,0.0,0.0,0.0,0.0,0.0
22.6719,64.9191,30.1955,84.1153,6.0,84.6673,27.5439,49.7595,0.0,0.0,1.0,0.0,0.0
89.2294,47.6664,72.9291,81.0128,49.0,67.9103,61.5716,59.5884,1.0,0.0,0.0,0.0,0.0
30.9635,95.9403,84.0106,7.8811,90.0,60.9449,40.3172,29.6776,1.0,1.0,0.0,0.0,1.0
33.9024,30.7314,5.6461,66.5032,23.0,87.9413,66.9482,95.741,1.0,0.0,0.0,0.0,0.0
10.448,75.886,34.775,66.0505,22.0,15.2689,1.6585,90.4246,1.0,0.0,0.0,1.0,1.0
31.245,30.1833,42.7753,23.0868,21.0,35.7521,20.1053,68.3231,1.0,1.0,0.0,1.0,1.0
82.0022,62.1058,77.7558,68.0772,16.0,21.7728,58.4384,49.0769,1.0,1.0,0.0,0.0,1.0
99.844,38.2687,12.4623,79.079,9.0,23.5111,54.7549,73.357,0.0,0.0,0.0,1.0,0.0
13.4729,13.3132,64.8649,49.9192,10.0,29.6963,72.0777,70.1586,1.0,1.0,1.0,1.0,0.0
42.1547,94.2361,69.0531,52.0178,26.0,45.3627,10.4041,80.2307,0.0,1.0,0.0,1.0,0.0
44.0429,9.1706,54.704,34.6723,96.0,76.7054,96.9732,13.4248,0.0,0.0,0.0,0.0,0.0
58.2174,27.5974,93.884,50.7872,71.0,11.9823,61.9556,53.0942,1.0,1.0,1.0,1.0,1.0
20.0277,84.0906,70.2193,84.3169,54.0,94.9081,4.72,92.3756,1.0,0.0,0.0,0.0,1.0
59.5211,58.845,60.8028,85.09,20.0,29.8177,43.3001,52.4846,1.0,1.0,1.0,1.0,1.0
54.8273,96.1768,97.464,35.2941,31.0,28.5295,5.9378,66.8454,0.0,0.0,1.0,0.0,0.0
6.5871,29.8662,20.6977,75.173,63.0,64.125,16.5777,7.5551,0.0,1.0,0.0,0.0,0.0
21.3924,20.5118,81.8026,5.4196,43.0,99.8774,78.4616,10.7746,1.0,0.0,0.0,0.0,0.0
55.4307,92.7366,12.2221,99.1894,89.0,25.7864,3.3306,93.5928,1.0,0.0,0.0,1.0,1.0
61.4803,61.1348,99.0224,47.388,88.0,84.5596,12.3899,94.4632,1.0,0.0,0.0,1.0,1.0
77.899,61.9641,53.4153,48.7807,12.0,56.5063,29.2063,74.03,1.0,1.0,0.0,1.0,0.0
18.0856,38.8622,66.131,95.512,90.0,43.6097,20.3163,93.8942,1.0,1.0,1.0,1.0,1.0
99.7484,29.041,97.7587,39.306,33.0,13.6683,46.6569,17.017,0.0,0.0,0.0,1.0,0.0
36.0136,22.3539,48.4858,61.7766,55.0,83.8472,23.9378,83.3087,1.0,0.0,0.0,0.0,1.0
68.8569,68.8887,12.1271,65.7944,25.0,21.2503,3.4602,58.2866,0.0,0.0,1.0,0.0,0.0
53.3498,83.1438,49.7789,7.2833,44.0,40.0887,96.5872,43.2397,0.0,1.0,0.0,0.0,0.0
8.3136,84.5716,42.4428,73.8343,78.0,81.6519,32.4318,28.0527,0.0,0.0,1.0,0.0,1.0
57.4694,95.1847,17.8403,62.3939,100.0,63.4017,76.1171,18.9669,1.0,1.0,1.0,1.0,0.0
35.7604,58.418,42.039,24.2721,56.0,71.5129,56.4935,76.3394,1.0,1.0,1.0,0.0,1.0
39.5525,2.8373,7.1895,21.1382,35.0,16.7301,29.3823,70.2302,0.0,0.0,0.0,0.0,0.0
14.8384,97.4199,40.4115,81.8487,85.0,9.7633,46.8118,37.8861,1.0,1.0,1.0,1.0,1.0
60.2219,84.4941,47.9318,31.8921,66.0,41.9325,98.9491,18.1292,1.0,1.0,0.0,0.0,0.0
65.3604,54.47,3.6127,22.7814,81.0,65.4274,40.4692,32.4637,1.0,0.0,0.0,0.0,0.0
70.8128,95.0749,44.0111,46.4404,66.0,76.8089,45.1286,64.4368,0.0,0.0,0.0,0.0,0.0
58.4797,38.0555,94.712,35.2917,10.0,80.418,67.8789,48.3805,1.0,1.0,0.0,0.0,0.0
49.728,91.6843,49.065,55.3971,66.0,17.2236,81.2946,48.2714,1.0,1.0,0.0,1.0,1.0
41.7404,13.5529,38.229,0.244,72.0,88.6964,62.326,43.9535,0.0,0.0,0.0,0.0,0.0
60.5488,52.0417,23.117,58.4307,23.0,31.8311,6.5274,73.4967,0.0,0.0,1.0,0.0,0.0
18.5593,86.9953,10.148,47.5946,95.0,22.2827,25.7381,49.048,1.0,1.0,0.0,1.0,0.0
79.3691,96.8663,73.8136,98.9768,70.0,59.5104,59.2831,77.5772,1.0,1.0,0.0,1.0,1.0
56.7538,74.1579,39.7948,28.4016,50.0,52.4171,31.7458,40.4178,1.0,1.0,0.0,1.0,1.0
26.592,46.1072,68.48,75.5148,12.0,24.4518,96.7126,23.4594,1.0,1.0,0.0,0.0,0.0
72.5719,71.1144,0.2153,84.4792,13.0,31.6315,17.511,82.1236,0.0,0.0,0.0,1.0,1.0
62.5249,62.9525,21.3171,49.1028,4.0,1.3719,30.0972,25.1764,0.0,0.0,1.0,0.0,0.0
50.5367,36.3705,99.3705,96.057,79.0,12.5154,39.7037,87.5334,0.0,0.0,1.0,1.0,0.0
63.3694,17.4562,2.5718,59.9704,47.0,12.653,11.4817,65.8809,1.0,0.0,0.0,0.0,0.0
0.0258,14.4298,13.1834,70.8234,30.0,16.2519,47.0348,76.6582,1.0,0.0,0.0,0.0,1.0
85.9802,35.5064,87.8145,60.4726,79.0,83.6228,29.3045,15.4832,1.0,0.0,0.0,1.0,1.0
85.5862,39.1028,90.0177,73.2046,10.0,40.6527,7.4342,72.6503,1.0,0.0,0.0,0.0,1.0
35.5547,69.9829,76.0373,74.3474,26.0,77.7945,0.2519,74.387,0.0,0.0,1.0,0.0,1.0
0.6053,69.6028,78.0487,72.5675,26.0,44.4326,48.1044,83.4657,0.0,1.0,1.0,0.0,0.0
11.8908,21.3092,60.1533,56.3536,90.0,80.3518,73.3674,76.5553,1.0,0.0,0.0,1.0,1.0
78.9009,39.8687,97.266,14.6454,58.0,27.5215,94.8173,97.1492,1.0,0.0,0.0,0.0,0.0
56.819,80.1198,65.4041,56.311,33.0,65.3457,0.5072,99.9013,0.0,0.0,0.0,0.0,1.0
14.8216,54.5155,40.9811,84.4486,84.0,11.3936,38.2745,17.3063,0.0,1.0,1.0,0.0,0.0
43.557,82.0506,89.4427,62.7022,97.0,50.9466,77.5282,69.0685,0.0,1.0,1.0,0.0,1.0
42.1544,99.7819,96.4239,88.7856,70.0,29.0932,11.749,99.2498,0.0,0.0,0.0,1.0,1.0
72.4627,57.1346,95.279,53.0655,61.0,46.2798,90.0462,16.141,1.0,1.0,1.0,1.0,0.0
18.5036,18.7853,53.7336,48.1342,45.0,30.1766,42.2165,62.3603,0.0,0.0,1.0,0.0,0.0
0.4418,21.8103,20.7788,68.2108,92.0,78.1482,17.9831,37.7999,0.0,0.0,1.0,0.0,0.0
87.8254,66.6614,40.8083,11.5,45.0,65.2653,93.7476,43.1199,0.0,0.0,0.0,0.0,0.0
56.7409,30.0253,93.6467,28.6335,84.0,25.8691,29.0981,20.7006,1.0,1.0,1.0,1.0,1.0
53.7522,49.1652,93.9516,97.4893,14.0,3.6387,20.1538,97.4148,1.0,0.0,0.0,1.0,1.0
25.161,71.1833,65.9431,43.119,54.0,85.3333,49.8051,31.8341,1.0,1.0,0.0,1.0,1.0
82.1404,78.393,57.7975,67.2128,12.0,33.8224,60.3466,94.1781,1.0,0.0,1.0,0.0,1.0
6.208,41.8036,60.0954,21.4898,33.0,43.1969,47.103,10.4425,0.0,1.0,0.0,0.0,0.0
19.6214,96.8515,81.9694,68.5289,44.0,5.2124,61.5697,40.3647,0.0,1.0,1.0,0.0,0.0
9.1724,95.1195,28.2364,91.3332,76.0,39.3766,95.3881,1.2937,1.0,1.0,0.0,0.0,0.0
32.765,31.131,65.9792,26.2001,26.0,26.4293,44.1612,60.1169,0.0,0.0,1.0,0.0,0.0
32.8924,27.883,52.438,67.8897,33.0,44.5394,31.9264,51.8312,0.0,1.0,1.0,0.0,0.0
41.2136,90.5699,74.6643,95.2369,44.0,11.3293,91.6969,11.1085,1.0,1.0,1.0,1.0,0.0
37.0151,37.2646,27.6749,66.2875,15.0,45.3777,54.7008,65.7954,1.0,1.0,0.0,0.0,1.0
57.8795,64.2243,6.0914,48.209,98.0,27.1435,76.9193,96.2812,0.0,0.0,0.0,0.0,0.0
61.6497,15.3079,59.1381,55.8234,75.0,42.5831,31.6301,28.9151,1.0,0.0,0.0,0.0,1.0
79.5657,69.8267,58.5111,15.0031,54.0,8.1017,44.4385,5.349,1.0,1.0,0.0,0.0,0.0
41.0526,65.5847,88.2734,43.7651,69.0,28.438,30.7369,10.3915,0.0,1.0,1.0,0.0,0.0
42.4824,89.5486,29.9149,66.4901,57.0,81.171,64.5976,30.0413,1.0,1.0,0.0,1.0,1.0
75.5772,83.6204,23.0095,72.6187,67.0,4.4155,53.4748,86.2453,1.0,1.0,0.0,1.0,0.0
0.5321,41.5894,29.0043,48.0509,53.0,65.7952,24.2069,96.7352,1.0,0.0,0.0,0.0,1.0
39.5484,92.4896,43.287,23.7317,92.0,79.8699,80.3681,10.9887,1.0,1.0,0.0,0.0,1.0
21.6485,93.6019,41.8801,61.2744,0.0,16.3267,89.0153,93.3405,0.0,0.0,0.0,0.0,1.0
26.5716,86.4069,19.3945,34.6029,53.0,11.3845,39.8607,17.5166,1.0,1.0,0.0,1.0,0.0
64.4061,6.8539,47.8745,19.7498,95.0,50.273,58.866,63.7971,1.0,0.0,0.0,0.0,0.0
68.3202,67.8544,41.1433,54.6392,44.0,58.0046,90.1438,54.5232,0.0,0.0,1.0,0.0,0.0
47.003,74.3011,53.484,16.7109,61.0,49.0747,0.5629,36.9491,1.0,0.0,0.0,1.0,1.0
77.959,92.8966,69.4392,38.7383,22.0,77.2314,15.6695,40.7025,1.0,0.0,0.0,1.0,1.0
12.8396,34.2825,29.2255,57.9821,90.0,86.9299,40.8453,47.5807,0.0,1.0,1.0,0.0,0.0
83.1221,31.0382,25.6018,36.5174,95.0,5.1369,18.2711,45.2954,1.0,1.0,0.0,0.0,0.0
33.0121,74.2976,88.7895,79.1366,63.0,69.7259,55.7071,68.2353,0.0,0.0,1.0,0.0,1.0
85.2912,93.3851,68.7784,36.6096,0.0,23.8739,53.1592,67.4735,1.0,0.0,0.0,0.0,1.0
92.3403,43.9247,77.5107,89.5476,81.0,67.1917,11.3964,18.4116,1.0,1.0,0.0,0.0,0.0
70.1263,98.3896,29.441,81.588,54.0,64.4169,93.7158,84.8654,1.0,1.0,0.0,0.0,1.0
78.6587,5.7587,17.1714,64.748,7.0,15.2818,85.5444,8.8534,1.0,0.0,0.0,0.0,0.0
58.1149,92.3262,47.6512,0.6147,66.0,69.4504,72.7246,5.5054,0.0,1.0,0.0,0.0,0.0
30.8643,34.8579,89.0075,61.2589,69.0,90.2707,3.0495,50.6075,1.0,0.0,0.0,1.0,1.0
90.3192,84.8099,2.8565,81.0089,47.0,77.6543,89.9874,17.2133,1.0,0.0,0.0,0.0,0.0
51.4595,60.6405,58.411,56.072,44.0,6.774,53.3423,53.9398,1.0,1.0,1.0,1.0,1.0
69.2747,97.4183,41.1097,76.8496,13.0,58.1598,86.0678,38.1768,1.0,1.0,1.0,0.0,1.0
69.0497,41.6613,53.1541,62.233,72.0,76.0804,20.5509,91.649,1.0,1.0,0.0,1.0,1.0
5.2752,45.6377,86.1518,42.1833,25.0,46.2703,9.3387,68.3235,0.0,0.0,0.0,1.0,0.0
23.448,58.5075,47.9486,93.5349,59.0,45.9772,99.288,73.9539,1.0,1.0,1.0,0.0,0.0
83.3981,57.0012,73.0566,59.2422,43.0,3.1571,12.5944,76.3785,0.0,0.0,0.0,0.0,1.0
16.6212,33.281,82.742,24.0564,38.0,66.2428,2.5107,40.5432,1.0,0.0,1.0,1.0,1.0
21.5842,94.6964,87.5864,39.9515,31.0,0.2951,1.4385,62.9763,1.0,0.0,0.0,1.0,1.0
57.132,59.1563,47.1512,22.7101,62.0,19.9143,3.7521,94.0041,1.0,0.0,0.0,1.0,1.0
1.6748,73.4267,12.5355,86.6388,96.0,73.3842,41.1774,84.0234,1.0,1.0,0.0,0.0,1.0
40.6385,84.3785,88.6885,21.2401,36.0,65.8153,33.4916,58.8137,1.0,1.0,1.0,1.0,1.0
44.0184,96.0918,47.8201,89.4439,58.0,50.9469,63.8344,66.9376,0.0,0.0,0.0,1.0,0.0
88.1128,64.523,90.183,52.0052,58.0,22.8488,70.8275,99.5385,0.0,0.0,0.0,0.0,1.0
50.1795,60.1424,94.964,8.8717,40.0,82.4453,86.1609,2.604,1.0,1.0,0.0,0.0,0.0
86.9272,69.1065,0.3723,94.3333,30.0,87.9252,18.2338,53.5305,0.0,0.0,0.0,0.0,1.0
76.7104,81.687,59.1878,42.6918,58.0,65.4104,67.1406,42.9376,1.0,1.0,1.0,1.0,1.0
47.7297,74.0333,65.5101,69.6633,61.0,91.5719,79.1902,61.371,1.0,0.0,0.0,0.0,1.0
7.8174,28.672,90.0759,51.7943,94.0,41.0116,81.3065,14.162,0.0,1.0,1.0,0.0,0.0
10.7457,40.5721,98.3491,90.8993,34.0,34.3281,75.8773,50.4498,0.0,0.0,1.0,1.0,0.0
39.691,80.4545,54.3095,27.6763,9.0,43.9354,90.1908,89.4964,1.0,1.0,0.0,0.0,1.0
87.3093,63.0304,46.8499,52.1911,73.0,40.9319,24.795,57.0139,1.0,0.0,0.0,0.0,1.0
0.5446,71.0072,82.258,79.6853,70.0,6.4143,63.0957,6.7196,1.0,1.0,0.0,0.0,1.0
52.8932,81.8359,53.7762,18.5817,62.0,11.3076,65.6911,71.4164,0.0,1.0,0.0,0.0,0.0
66.1964,53.116,45.6306,13.0436,79.0,49.2092,44.316,34.2945,0.0,1.0,0.0,0.0,0.0
15.2396,42.951,56.4729,32.2254,51.0,99.4293,31.4507,97.2302,0.0,0.0,0.0,1.0,1.0
29.1795,59.2496,12.939,5.9433,42.0,69.6614,97.3506,57.2648,1.0,1.0,0.0,0.0,0.0
3.5137,8.7645,88.2523,22.8832,98.0,24.141,42.8507,99.6689,1.0,0.0,0.0,1.0,0.0
29.636,85.505,73.4992,32.4069,47.0,80.5374,48.0144,18.2872,1.0,1.0,1.0,1.0,1.0
93.3152,46.033,21.5714,78.1432,0.0,65.336,18.5522,26.7411,1.0,0.0,0.0,1.0,1.0
20.9238,30.5024,71.297,41.2548,61.0,61.6703,10.3926,52.5914,1.0,1.0,0.0,0.0,1.0
79.8855,57.5855,17.6549,70.3044,30.0,3.2507,84.9086,10.8613,1.0,1.0,0.0,0.0,1.0
59.504,50.3407,90.2469,88.393,82.0,37.9644,20.8223,68.2392,1.0,1.0,0.0,1.0,1.0
49.1308,31.8352,96.0057,23.9253,42.0,49.6062,41.0433,59.2721,0.0,1.0,1.0,0.0,0.0
5.7739,47.73,66.9391,90.7728,86.0,4.5878,87.2144,96.717,1.0,0.0,0.0,1.0,1.0
46.2722,42.8808,37.9987,37.7948,40.0,38.1463,8.8214,64.1929,1.0,1.0,0.0,0.0,1.0
76.2463,88.559,71.3534,83.4543,85.0,56.618,6.2963,98.8757,0.0,0.0,0.0,1.0,0.0
51.1181,49.5569,54.9069,96.3102,74.0,71.1387,62.4626,52.7959,0.0,0.0,0.0,0.0,0.0
43.9415,20.8368,84.9752,71.1772,69.0,20.2024,19.8929,82.1355,0.0,0.0,1.0,0.0,0.0
62.4796,17.9242,86.2788,92.2239,66.0,49.1857,66.073,55.4008,1.0,1.0,0.0,1.0,1.0
21.9411,94.9863,51.0615,52.5288,39.0,45.5149,3.0894,59.0514,1.0,0.0,1.0,1.0,1.0
16.1652,53.7136,79.8824,98.5637,53.0,68.8329,10.8618,22.9099,0.0,0.0,0.0,1.0,0.0
50.487,36.4328,67.2062,26.3699,36.0,58.8961,60.1521,69.62,1.0,1.0,0.0,1.0,0.0
33.2818,84.7794,47.5633,78.6866,70.0,8.328,1.4585,91.8404,0.0,0.0,1.0,1.0,1.0
23.6511,78.0572,92.8666,99.0736,64.0,20.1588,67.3887,45.2049,1.0,1.0,1.0,1.0,1.0
43.7654,94.1567,11.2516,44.4312,16.0,10.1864,19.4684,20.2308,0.0,0.0,1.0,0.0,0.0
63.37,35.3565,72.4716,6.5109,37.0,51.2539,20.7022,41.8543,1.0,1.0,0.0,0.0,0.0
3.6074,90.0933,26.096,65.8459,95.0,8.2257,28.3692,31.6841,0.0,1.0,1.0,0.0,1.0
12.9863,65.4808,76.9414,30.1024,61.0,3.0906,83.7718,90.3247,0.0,1.0,1.0,0.0,0.0
38.1006,31.1501,48.1658,74.8298,68.0,72.891,3.6064,84.5012,1.0,0.0,0.0,1.0,1.0
4.2852,35.3858,22.2058,31.4198,57.0,17.0786,65.3572,7.8495,1.0,1.0,0.0,0.0,0.0
88.4397,73.1158,45.005,66.6628,93.0,59.3453,72.6553,73.1953,1.0,0.0,0.0,0.0,1.0
85.2036,91.5302,28.5465,76.9564,25.0,13.0942,76.952,88.0246,1.0,1.0,0.0,0.0,1.0
70.6467,95.1577,64.8024,1.7266,88.0,69.6236,76.4081,69.5766,0.0,1.0,0.0,0.0,0.0
26.5276,61.7051,96.4768,75.1718,43.0,37.5755,47.9828,92.2531,1.0,1.0,0.0,1.0,1.0
48.459,95.2437,69.3872,55.5941,66.0,81.3566,57.6176,26.614,0.0,1.0,1.0,0.0,0.0
34.6698,27.9895,42.8303,62.337,72.0,28.2268,29.7562,67.0388,0.0,0.0,0.0,0.0,1.0
21.2089,45.1521,67.5725,73.5147,26.0,54.6563,64.3166,6.148,1.0,1.0,0.0,0.0,1.0
81.5052,32.4746,80.1725,87.5173,62.0,66.3345,31.5205,53.4191,1.0,1.0,0.0,1.0,0.0
33.3032,19.95,44.9142,53.6567,14.0,28.1309,76.7919,18.9644,1.0,1.0,0.0,0.0,1.0
50.0732,39.8706,29.9931,55.5832,70.0,52.7543,59.0778,14.5384,1.0,1.0,1.0,1.0,0.0
18.094,86.5015,39.6059,85.8376,100.0,69.0095,61.7992,35.1136,1.0,1.0,0.0,1.0,1.0
86.781,19.1329,43.4185,24.2833,59.0,27.912,49.1602,25.8241,0.0,0.0,0.0,0.0,0.0
36.199,36.1056,44.1072,74.0462,7.0,6.9894,53.046,93.3958,1.0,1.0,0.0,1.0,0.0
22.8154,60.0673,45.7474,85.451,7.0,23.6141,51.6742,61.508,1.0,1.0,1.0,1.0,1.0
9.7249,70.3506,79.4707,95.4066,33.0,66.4448,68.2093,14.5116,1.0,1.0,0.0,1.0,1.0
86.505,59.0386,3.832,31.8141,93.0,86.8035,30.8399,97.7854,0.0,0.0,0.0,0.0,0.0
53.9177,34.1709,78.9938,3.2167,79.0,10.9064,47.2416,17.8369,1.0,1.0,0.0,0.0,0.0
74.3439,23.2189,80.5005,64.6272,35.0,19.4765,4.4635,85.1624,1.0,0.0,0.0,0.0,1.0
51.1169,74.4642,20.091,90.8921,87.0,64.5806,6.9939,27.6671,0.0,0.0,1.0,0.0,1.0
32.0106,59.7461,30.2208,99.2198,37.0,73.2419,65.0889,42.2217,1.0,1.0,0.0,1.0,1.0
22.9613,32.8624,54.5709,17.6299,72.0,77.9209,67.8838,56.2925,0.0,1.0,0.0,0.0,0.0
41.8369,81.3004,21.6768,39.8218,59.0,85.091,51.1743,54.1127,1.0,0.0,0.0,0.0,1.0
79.7731,53.7305,70.8214,47.2782,66.0,50.3056,7.159,70.7808,0.0,0.0,0.0,0.0,1.0
51.8547,7.884,84.3061,73.6508,69.0,25.1642,11.9335,98.7307,1.0,0.0,0.0,1.0,0.0
9.5074,94.7101,21.3126,93.9364,9.0,14.6387,3.8002,83.4235,1.0,0.0,0.0,1.0,0.0
90.8595,90.0236,71.3058,24.2563,56.0,56.465,60.8321,89.8535,1.0,0.0,0.0,0.0,0.0
73.761,33.6194,81.7503,41.3494,100.0,26.0519,66.4894,23.3042,0.0,1.0,0.0,0.0,0.0
20.4834,96.0202,38.4213,76.0203,87.0,48.5691,15.1009,57.2096,1.0,1.0,1.0,1.0,1.0
40.0297,70.9548,27.1361,57.354,35.0,5.6833,74.1829,98.1289,1.0,0.0,0.0,1.0,0.0
77.9493,52.2687,13.1821,86.6188,5.0,81.7212,95.1279,67.4555,1.0,0.0,0.0,0.0,0.0
49.1618,39.7378,56.3487,91.4447,87.0,45.5011,0.9631,32.6874,0.0,0.0,0.0,1.0,1.0
14.1313,62.5685,23.5579,42.9532,25.0,57.6898,30.4446,81.7534,0.0,0.0,1.0,0.0,0.0
50.3753,37.3033,39.6183,84.4584,89.0,53.5642,72.0236,45.4362,1.0,1.0,0.0,0.0,1.0
82.6708,5.1142,83.7735,62.0842,95.0,70.7624,92.9047,48.6063,0.0,0.0,0.0,0.0,0.0
64.6274,68.6476,45.2729,50.6456,56.0,48.3143,83.5433,45.3074,0.0,1.0,1.0,0.0,0.0
8.9551,41.3369,89.4225,65.4481,7.0,13.9658,22.6986,56.0796,1.0,1.0,0.0,1.0,0.0
53.3556,21.2279,52.6022,32.6099,86.0,48.7993,10.7398,31.3551,0.0,1.0,0.0,0.0,0.0
0.3479,31.1037,49.7947,66.0284,92.0,10.0186,89.724,20.9211,0.0,1.0,1.0,0.0,1.0
0.9012,28.7916,77.9176,50.7985,35.0,81.979,39.4525,1.9919,1.0,1.0,0.0,0.0,0.0
45.5143,62.0554,47.0032,27.8567,11.0,23.9425,31.3189,21.9387,1.0,1.0,0.0,1.0,1.0
81.2683,75.423,63.1364,74.8346,75.0,74.492,52.2362,46.1337,1.0,0.0,0.0,1.0,1.0
41.2185,90.3259,70.828,23.8543,20.0,28.2959,44.9005,36.8729,0.0,1.0,1.0,0.0,0.0
61.5736,71.5334,66.0297,75.0528,96.0,2.2549,32.592,19.381,1.0,1.0,1.0,1.0,1.0
43.7777,91.8953,43.0068,65.9735,72.0,72.7792,86.5041,32.856,0.0,1.0,1.0,0.0,0.0
92.9569,1.0579,24.2493,95.5872,2.0,57.3132,18.3127,86.8169,0.0,0.0,0.0,1.0,0.0
0.1817,56.5098,84.7777,59.9667,13.0,43.0464,95.6876,59.8301,1.0,1.0,0.0,0.0,0.0
38.4616,70.0607,80.025,46.6945,86.0,9.2769,62.7437,25.3096,1.0,1.0,1.0,1.0,1.0
17.2269,58.0177,89.7227,78.0089,46.0,66.9501,77.1527,9.5615,1.0,1.0,1.0,1.0,0.0
43.5874,76.4429,58.8278,94.7582,27.0,59.2871,96.0415,31.9343,1.0,1.0,1.0,0.0,0.0
90.4335,5.79,87.7084,60.2538,38.0,39.6144,50.3945,65.1605,0.0,0.0,0.0,0.0,0.0
57.7314,79.2197,14.5937,85.3448,72.0,51.4662,17.3379,33.9257,1.0,0.0,0.0,1.0,1.0
27.2118,30.4184,33.8381,87.9139,36.0,28.7321,89.0087,45.1488,1.0,1.0,1.0,1.0,1.0
78.7589,45.9672,22.7568,18.086,0.0,75.883,51.5236,97.2579,0.0,0.0,0.0,1.0,1.0
44.2418,15.8303,68.8725,41.3029,58.0,5.4812,30.097,94.7505,0.0,0.0,0.0,0.0,1.0
89.0101,20.019,43.9975,64.4992,28.0,49.3315,73.7179,84.2191,0.0,0.0,0.0,0.0,0.0
43.8767,48.3343,55.8925,97.7006,70.0,62.0595,80.8708,75.1931,0.0,1.0,1.0,0.0,0.0
28.1372,88.7371,90.4878,98.9937,34.0,8.9376,68.0672,75.9451,1.0,1.0,0.0,1.0,1.0
48.5652,26.1471,66.7174,31.8581,67.0,39.6018,8.0496,69.3394,0.0,1.0,1.0,0.0,0.0
28.168,67.9087,20.6043,41.3265,28.0,30.8562,80.6478,21.8512,1.0,1.0,0.0,0.0,1.0
34.3403,60.3174,33.6706,44.8307,30.0,65.1138,47.2703,82.9406,1.0,1.0,0.0,1.0,1.0
30.0612,55.7778,34.1404,36.936,32.0,42.208,95.4631,7.9921,1.0,1.0,0.0,0.0,0.0
35.79,75.185,52.7388,82.3272,18.0,0.6156,44.2566,69.5041,0.0,1.0,1.0,1.0,1.0
86.1972,10.8802,61.0173,71.9597,57.0,71.1733,81.8194,65.2264,1.0,0.0,0.0,0.0,0.0
27.2471,79.2772,51.154,91.0257,100.0,25.8844,12.0827,53.2794,0.0,0.0,0.0,0.0,1.0
75.8111,72.8464,47.82,38.496,70.0,83.5579,39.0957,99.068,1.0,0.0,0.0,1.0,1.0
39.7761,41.5903,66.4191,75.8692,61.0,10.6338,54.7428,15.0136,1.0,1.0,1.0,1.0,1.0
68.2149,89.2863,48.8376,91.5766,34.0,8.7879,80.6191,39.1766,1.0,1.0,0.0,1.0,0.0
14.4878,36.2334,45.7189,37.4839,50.0,48.8278,81.8409,75.0295,0.0,1.0,1.0,0.0,0.0
35.233,83.6214,99.8081,33.1742,45.0,58.2512,21.4046,79.6344,0.0,0.0,1.0,0.0,1.0
16.866,42.0505,95.6365,95.8716,23.0,74.9102,97.9656,43.5018,1.0,1.0,1.0,0.0,0.0
39.1018,12.8129,0.3056,23.268,51.0,72.9277,79.6346,82.8174,1.0,0.0,0.0,0.0,0.0
75.9327,57.8019,60.2731,24.3953,84.0,7.7401,83.7497,70.6711,1.0,1.0,0.0,0.0,1.0
67.4046,81.4781,34.5192,42.2342,99.0,31.7057,23.6017,42.7759,0.0,1.0,1.0,0.0,1.0
47.24,57.6845,42.2231,51.4367,38.0,90.5461,0.2577,33.6191,0.0,0.0,0.0,0.0,1.0
25.7805,61.171,89.1058,90.8395,61.0,22.1844,35.2835,85.2264,1.0,1.0,1.0,1.0,1.0
86.126,87.8401,47.6704,93.7434,38.0,45.1613,87.8383,27.1071,1.0,1.0,0.0,0.0,1.0
80.4479,35.8547,17.658,15.6852,100.0,73.8761,7.8631,38.7437,1.0,0.0,0.0,0.0,1.0
64.5795,83.5231,86.561,71.7894,77.0,45.7513,96.8822,61.882,1.0,1.0,1.0,0.0,0.0
38.3827,19.6517,74.065,41.5449,20.0,79.1544,45.3144,24.3392,1.0,1.0,1.0,0.0,0.0
33.476,15.6484,96.346,98.4009,29.0,27.0094,13.9522,95.9992,1.0,0.0,0.0,1.0,0.0
19.5253,96.2487,29.2579,34.9592,36.0,3.8391,25.2267,47.3072,1.0,1.0,0.0,0.0,1.0
12.9463,72.1033,77.1787,36.9719,63.0,48.1607,46.7847,35.5018,0.0,1.0,1.0,0.0,0.0
15.1392,89.4007,62.1025,73.5971,31.0,35.1385,55.3633,13.6404,0.0,1.0,0.0,0.0,0.0
77.2866,15.4202,53.6796,39.959,93.0,55.1932,30.0411,42.568,0.0,0.0,0.0,0.0,1.0
80.8203,49.3598,17.9426,90.6089,0.0,69.1959,42.5939,67.9417,1.0,0.0,0.0,0.0,1.0
41.2184,35.2154,9.9677,42.2515,28.0,5.2476,85.279,8.4408,0.0,0.0,0.0,0.0,0.0
33.6538,73.7612,87.6711,27.7233,56.0,11.1107,78.1935,56.0964,0.0,1.0,0.0,0.0,0.0
44.3031,39.5995,57.0249,40.1313,84.0,78.6469,27.5819,95.6927,1.0,0.0,0.0,1.0,1.0
88.5621,20.8948,88.3855,55.1028,19.0,36.0168,44.0659,60.9644,0.0,0.0,0.0,0.0,0.0
62.5451,50.5086,26.2329,19.0114,32.0,20.7276,20.4138,89.7367,1.0,0.0,0.0,1.0,0.0
76.1923,87.7479,95.713,96.9164,92.0,64.4968,72.1816,43.765,0.0,0.0,1.0,0.0,1.0
21.1603,65.5236,43.459,52.5217,18.0,37.7061,51.6911,30.2916,0.0,1.0,1.0,0.0,0.0
66.1589,72.7159,78.6358,86.8263,76.0,15.482,58.3946,35.1714,0.0,1.0,1.0,0.0,0.0
75.255,22.9528,35.9443,69.8125,59.0,21.2482,44.7849,15.8106,1.0,1.0,0.0,0.0,0.0
9.9039,64.4485,66.6836,28.9247,42.0,68.0666,57.6938,15.6144,0.0,1.0,1.0,0.0,0.0
35.1596,82.5164,24.7455,88.9938,49.0,28.3969,90.2802,13.3691,0.0,1.0,1.0,0.0,0.0
84.5815,89.7951,30.6761,5.6611,75.0,83.7299,71.0179,6.8574,1.0,0.0,0.0,0.0,0.0
51.0598,93.2925,93.5487,57.7419,90.0,31.8354,72.1446,37.6951,1.0,1.0,1.0,1.0,1.0
41.5747,80.5062,82.4579,85.4074,81.0,54.9539,66.7349,62.4231,1.0,1.0,0.0,1.0,1.0
54.6665,71.0456,80.547,48.0484,44.0,67.2869,60.3879,94.2863,1.0,1.0,0.0,1.0,1.0
16.0111,66.7958,99.371,67.228,31.0,85.3395,30.8448,43.1683,0.0,0.0,1.0,0.0,0.0
1.4593,45.8199,73.4849,43.8142,44.0,63.9665,56.4833,59.7201,0.0,0.0,1.0,0.0,1.0
73.3205,59.3231,35.7302,28.5161,60.0,3.4328,27.0459,53.493,1.0,1.0,0.0,1.0,1.0
48.1901,76.6473,80.56,45.5637,70.0,19.9333,66.4793,98.1318,1.0,0.0,0.0,1.0,1.0
18.5846,35.7006,63.6867,52.4721,43.0,90.0802,7.9138,6.9997,1.0,0.0,0.0,0.0,1.0
79.0232,46.1571,8.0878,65.701,0.0,84.8187,6.9193,63.7781,1.0,0.0,0.0,0.0,1.0
63.9839,62.4495,68.4292,62.8536,75.0,76.207,50.9879,26.7565,0.0,1.0,1.0,0.0,0.0
19.3578,99.0178,87.1477,56.3494,50.0,19.6832,74.7223,83.2301,0.0,1.0,0.0,1.0,0.0
99.2326,54.6226,16.4131,87.2795,39.0,96.7981,32.0977,8.805,0.0,0.0,0.0,1.0,0.0
19.5284,59.8408,77.5193,31.1378,23.0,4.8588,28.5846,82.2991,1.0,1.0,0.0,1.0,1.0
76.649,39.4942,52.3478,1.6828,0.0,90.5176,41.9773,72.2189,0.0,0.0,0.0,0.0,1.0
48.6789,57.1493,91.1256,41.3635,90.0,43.2676,4.563,69.0648,0.0,0.0,1.0,0.0,0.0
39.7348,81.4703,66.7181,62.0439,42.0,86.6901,36.1976,71.5094,0.0,1.0,1.0,0.0,0.0
90.9329,77.8493,83.1659,53.2852,62.0,89.6923,25.2966,38.9711,1.0,0.0,0.0,0.0,1.0
38.8016,87.9764,71.9781,58.1764,51.0,22.9053,97.7922,67.7417,0.0,1.0,1.0,0.0,0.0
25.6477,72.1025,83.8688,60.9384,29.0,5.7833,70.386,8.214,1.0,1.0,0.0,1.0,0.0
18.9753,71.3218,91.479,44.6454,81.0,0.9339,59.0726,26.584,0.0,1.0,1.0,0.0,1.0
50.9895,22.1607,24.833,56.8008,19.0,47.3758,0.6856,30.1748,0.0,0.0,0.0,1.0,0.0
2.015,91.0002,73.8333,93.0652,55.0,4.7044,82.8036,99.1276,1.0,0.0,0.0,1.0,1.0
41.9469,90.1614,51.1079,11.9524,74.0,99.6794,88.1937,94.2498,0.0,0.0,0.0,1.0,1.0
83.7623,12.9684,24.5299,62.2424,0.0,83.6302,74.3256,50.7996,1.0,0.0,0.0,0.0,1.0
3.697,76.1971,39.9585,71.4077,39.0,59.1331,87.4496,50.4083,1.0,0.0,0.0,1.0,1.0
7.24,76.5149,93.237,67.1444,32.0,62.6553,54.1137,54.6098,1.0,1.0,0.0,1.0,1.0
19.8371,33.4847,13.494,59.1686,83.0,18.6217,81.1568,94.638,1.0,1.0,0.0,0.0,1.0
10.7924,80.3175,70.3623,77.4115,55.0,92.1545,65.7286,94.8996,1.0,0.0,0.0,1.0,1.0
71.3296,61.9483,62.3988,98.4709,79.0,87.4222,9.4308,71.243,1.0,1.0,0.0,1.0,1.0
30.8072,90.3344,46.7267,56.2177,63.0,17.8757,10.2282,96.1306,0.0,0.0,0.0,0.0,1.0
18.3644,50.0345,89.536,28.692,13.0,51.1548,49.0734,63.9455,0.0,1.0,1.0,0.0,0.0
55.8654,0.8596,3.5541,63.112,71.0,69.2319,18.0414,79.6799,0.0,0.0,0.0,0.0,1.0
9.1203,54.2802,68.3308,29.7843,36.0,29.3078,83.2138,95.7057,0.0,0.0,1.0,0.0,0.0
67.301,86.489,86.1527,47.6139,0.0,57.7246,48.3831,92.2183,0.0,0.0,0.0,1.0,1.0
32.0031,51.75,22.3403,12.6596,62.0,46.951,88.8042,77.9065,1.0,1.0,0.0,0.0,0.0
21.9241,64.9954,45.063,47.3022,49.0,48.3099,94.8507,68.0816,1.0,1.0,1.0,0.0,0.0
53.0215,38.1388,90.3488,66.1007,78.0,14.4185,84.8588,63.3766,1.0,1.0,1.0,1.0,1.0
14.6677,18.89,58.4117,71.2314,95.0,66.742,60.6909,44.6337,1.0,1.0,0.0,1.0,1.0
7.0789,58.0787,45.7307,39.5172,89.0,13.7193,37.3336,28.8909,1.0,1.0,1.0,1.0,1.0
73.3252,28.8614,15.2165,67.9355,63.0,0.7011,88.7813,47.7138,1.0,1.0,0.0,0.0,0.0
7.0537,73.3114,23.2978,85.8678,46.0,36.2532,39.5818,47.5465,0.0,1.0,1.0,0.0,0.0
11.2024,39.1503,42.6002,32.5203,36.0,64.4387,8.7317,44.1198,1.0,1.0,1.0,1.0,1.0
72.3342,97.2009,17.9367,32.1173,64.0,37.0854,42.9005,7.2579,1.0,1.0,0.0,0.0,0.0
47.8221,37.1367,91.1511,95.119,62.0,10.3893,50.5681,91.7872,1.0,1.0,0.0,1.0,1.0
96.9035,55.6137,9.5075,84.5958,75.0,13.7746,28.186,26.394,1.0,0.0,0.0,0.0,0.0
76.9007,99.3038,24.3991,50.985,24.0,4.6367,49.8989,84.2806,1.0,0.0,0.0,1.0,0.0
44.481,62.4205,45.8905,75.9098,12.0,46.3361,40.8425,73.8789,1.0,1.0,1.0,1.0,1.0
40.3355,34.7645,23.301,23.684,93.0,62.8064,54.6233,44.7044,0.0,0.0,0.0,0.0,0.0
60.572,74.9352,99.5356,49.0132,67.0,93.1517,10.6218,99.9587,0.0,0.0,0.0,0.0,1.0
36.3608,48.7838,20.9705,2.5633,28.0,29.0718,95.696,22.7719,1.0,1.0,0.0,0.0,0.0
99.4197,96.7661,64.4351,13.5708,59.0,50.8092,30.2157,88.7665,1.0,0.0,0.0,0.0,0.0
50.3649,89.3635,91.5026,25.5064,90.0,9.9843,46.4786,45.8766,0.0,1.0,1.0,0.0,1.0
50.1582,56.4068,92.356,76.3608,18.0,37.1863,70.4431,58.5597,1.0,1.0,1.0,1.0,1.0
42.3531,55.4663,24.658,69.7826,100.0,53.0699,53.9515,62.3725,1.0,1.0,1.0,1.0,1.0
28.5392,49.1302,82.1589,33.2034,18.0,25.1687,67.084,55.1174,1.0,1.0,1.0,1.0,1.0
82.565,45.1782,75.5619,78.6843,65.0,76.8752,33.4996,98.834,1.0,0.0,0.0,1.0,0.0
58.336,48.0842,53.3211,95.8625,78.0,26.7395,38.6817,0.7873,1.0,1.0,0.0,0.0,0.0
32.6858,7.9015,90.8856,47.0543,92.0,7.8279,25.6857,19.5561,1.0,0.0,0.0,0.0,0.0
67.2921,39.0903,55.1494,92.1865,95.0,23.806,91.3896,41.5288,1.0,1.0,0.0,0.0,1.0
97.0597,42.8713,37.9569,92.2252,63.0,5.4938,65.9815,55.0165,0.0,0.0,0.0,0.0,0.0
14.6772,53.6209,79.8779,74.0106,36.0,71.9549,36.7582,19.439,1.0,1.0,0.0,1.0,1.0
52.0657,74.6064,92.5843,15.9852,99.0,46.0739,23.2723,51.5353,0.0,1.0,0.0,0.0,0.0
1.4473,79.4617,26.7905,76.5756,38.0,46.2325,34.2813,79.0838,0.0,1.0,1.0,0.0,0.0
26.1919,49.2609,16.4968,49.5014,79.0,37.8848,96.4843,87.7964,0.0,0.0,1.0,0.0,0.0
1.7732,24.2845,79.397,21.7583,72.0,81.1517,71.3449,14.8819,1.0,1.0,0.0,0.0,0.0
33.4036,46.8846,67.287,69.5933,55.0,46.8921,6.5136,31.9197,1.0,1.0,1.0,1.0,1.0
52.7404,81.1091,61.2415,95.9088,68.0,93.8269,60.1431,36.9123,1.0,0.0,0.0,1.0,0.0
34.2415,53.3639,22.2709,24.8444,85.0,39.536,13.6104,80.8604,1.0,1.0,0.0,1.0,1.0
67.4095,36.1971,95.9297,94.0827,99.0,20.5684,29.4648,94.0827,0.0,0.0,1.0,1.0,0.0
33.8367,41.0154,86.0928,94.3371,12.0,63.1684,92.2771,94.0504,1.0,0.0,0.0,1.0,1.0
37.357,70.6042,72.0245,87.5173,23.0,10.7189,11.7738,27.5004,0.0,1.0,1.0,0.0,0.0
54.6549,85.1428,24.1462,17.8705,72.0,37.8902,94.0691,16.6388,1.0,1.0,0.0,0.0,0.0
64.6095,97.2395,71.0916,84.7155,57.0,91.6194,29.6593,15.4233,1.0,1.0,0.0,0.0,1.0
46.7996,29.6398,99.5771,32.3355,31.0,29.0421,10.2798,27.947,1.0,1.0,0.0,0.0,1.0
7.6414,77.1629,55.3914,89.8609,32.0,62.982,49.3965,7.746,1.0,1.0,1.0,1.0,1.0
36.3305,23.7102,70.6431,10.1957,75.0,59.9475,10.3098,55.4806,1.0,1.0,0.0,0.0,0.0
82.3848,91.9351,81.0481,86.8991,10.0,14.6729,22.9249,98.6057,1.0,0.0,0.0,1.0,1.0
23.7681,18.2629,68.6507,5.5317,35.0,22.7474,85.1011,12.593,1.0,1.0,0.0,0.0,0.0
18.7475,57.3751,54.3702,11.1126,31.0,85.3426,48.0215,41.9584,1.0,1.0,0.0,0.0,1.0
23.854,98.7304,92.8348,65.6322,99.0,39.2248,28.8364,90.8675,0.0,1.0,1.0,0.0,0.0
29.1751,46.0695,89.0462,86.3376,86.0,16.5375,43.9828,67.3679,1.0,1.0,1.0,1.0,1.0
38.7386,26.2719,50.4198,29.5366,0.0,37.0117,24.3166,94.0567,1.0,0.0,0.0,1.0,1.0
97.1219,77.4497,96.0232,12.2095,76.0,6.3998,28.0403,74.5174,1.0,0.0,0.0,0.0,0.0
31.4605,73.1431,67.9421,52.3586,44.0,30.5966,44.5034,42.0258,0.0,1.0,1.0,1.0,1.0
59.7744,47.2352,82.5127,10.9792,58.0,33.4608,12.2171,45.5345,1.0,1.0,0.0,0.0,0.0
21.9628,86.3653,46.5688,34.6363,54.0,73.2482,9.0135,41.2818,1.0,1.0,0.0,1.0,1.0
45.9201,66.4999,42.3416,71.463,99.0,87.6486,46.0559,97.6167,1.0,0.0,0.0,1.0,1.0
0.7151,87.9622,50.7824,98.0607,99.0,18.669,50.7465,86.8062,1.0,1.0,0.0,1.0,1.0
29.9681,60.9549,41.0713,96.6649,61.0,68.1417,53.8429,90.4152,0.0,0.0,1.0,0.0,0.0
15.8476,99.8919,58.0577,49.4343,18.0,23.1352,45.6315,14.4959,1.0,1.0,1.0,1.0,1.0
58.2644,38.2343,93.9845,49.2564,47.0,30.3956,59.963,34.0907,0.0,1.0,0.0,0.0,1.0
32.0862,24.1933,68.2939,13.0723,99.0,1.4167,46.8037,63.0068,1.0,1.0,0.0,0.0,1.0
5.5689,62.3836,66.0071,92.4881,11.0,42.3622,64.2905,41.2149,0.0,0.0,1.0,0.0,1.0
0.7736,87.855,65.4772,17.9662,99.0,92.8215,59.096,38.3365,0.0,0.0,0.0,0.0,0.0
31.1372,78.306,51.7855,44.57,80.0,39.9187,20.9321,66.9874,0.0,1.0,0.0,1.0,1.0
9.8576,99.4832,37.0375,86.4277,15.0,33.0396,12.1848,91.7165,1.0,0.0,0.0,1.0,1.0
23.9727,94.2012,18.5487,95.0813,65.0,73.1233,71.6743,76.3693,0.0,0.0,1.0,0.0,0.0
68.0468,80.236,76.3438,57.3475,73.0,17.2358,72.8429,29.0412,0.0,1.0,1.0,0.0,0.0
15.0946,87.1878,90.5119,44.8458,96.0,19.32,36.2437,11.1766,1.0,1.0,1.0,1.0,1.0
3.7028,21.6074,61.3927,61.8133,63.0,86.5771,85.2125,84.2096,1.0,1.0,0.0,0.0,1.0
42.2551,55.6368,89.6684,39.5719,93.0,76.092,75.753,67.699,1.0,1.0,1.0,1.0,1.0
49.6035,24.5358,3.0523,87.1097,82.0,68.0512,83.593,87.906,1.0,0.0,0.0,0.0,0.0
63.8022,90.4203,55.5436,32.451,25.0,60.4041,20.3594,70.4702,0.0,0.0,1.0,0.0,1.0
53.1743,34.2538,39.0847,77.7873,99.0,13.8295,48.2678,36.0164,1.0,1.0,0.0,1.0,1.0
63.5055,68.1731,14.0812,96.5927,88.0,14.1934,17.347,93.6362,1.0,0.0,0.0,0.0,1.0
1.0238,33.1173,84.3356,97.9511,34.0,41.6834,57.9463,48.5924,0.0,1.0,1.0,0.0,1.0
53.9822,47.5887,27.9832,35.4684,92.0,71.7322,64.5673,1.4255,1.0,1.0,0.0,0.0,0.0
2.4272,61.9036,63.1417,65.7237,50.0,55.5991,96.3734,78.0676,0.0,1.0,1.0,0.0,0.0
22.8601,19.7003,16.8235,38.1697,85.0,10.9891,69.1859,32.3372,1.0,1.0,0.0,1.0,0.0
47.3523,58.9914,95.1051,97.2055,88.0,92.033,23.9594,94.085,1.0,0.0,0.0,1.0,1.0
2.2916,31.4136,39.7744,3.2939,35.0,74.7507,33.2011,27.3725,1.0,1.0,0.0,0.0,0.0
68.6558,27.8982,37.7329,53.5445,31.0,53.2228,58.5237,32.0176,1.0,1.0,0.0,0.0,1.0
0.9689,77.1991,72.2475,45.1713,89.0,20.0266,79.248,27.9676,1.0,1.0,1.0,1.0,1.0
60.4227,18.3658,84.6508,96.7804,28.0,4.8129,49.5118,90.2234,0.0,0.0,1.0,0.0,0.0
12.9227,55.73,40.3752,35.9821,16.0,18.9336,18.739,31.492,1.0,1.0,0.0,1.0,1.0
9.114,60.5823,28.795,92.0564,93.0,32.8817,55.8715,46.956,0.0,1.0,1.0,0.0,1.0
86.7302,8.0224,50.1567,34.5381,2.0,27.8868,10.2277,95.5307,1.0,0.0,0.0,0.0,0.0
9.3646,10.8196,81.0289,36.3257,22.0,93.1342,83.0771,48.8753,0.0,0.0,1.0,0.0,0.0
10.3195,71.1729,68.8137,96.8895,31.0,16.2697,55.2701,87.2399,0.0,1.0,0.0,0.0,1.0
64.8931,27.8645,68.7516,53.5321,93.0,22.0349,70.6132,72.2866,0.0,0.0,1.0,0.0,1.0
99.3493,48.8866,55.7191,72.582,2.0,99.9897,50.1198,5.4539,0.0,0.0,0.0,1.0,1.0
7.8408,28.9815,32.8338,37.2372,14.0,10.1242,17.7134,53.8722,1.0,1.0,0.0,1.0,1.0
69.5631,66.3093,35.2342,73.4018,35.0,42.9108,61.6154,66.5833,0.0,1.0,1.0,1.0,1.0
24.2874,76.8695,48.1859,41.1894,78.0,1.9061,22.1232,60.2708,1.0,1.0,1.0,1.0,1.0
27.2432,56.0915,45.3152,25.9799,5.0,8.4135,0.6031,15.1227,1.0,0.0,0.0,1.0,1.0
76.4902,30.8775,42.2028,62.0473,59.0,46.1565,12.6569,75.971,1.0,0.0,0.0,1.0,1.0
36.8511,34.8028,94.9679,82.5648,61.0,69.8502,67.7998,24.9461,0.0,1.0,1.0,0.0,0.0
33.7908,44.5191,34.3583,21.3585,62.0,28.0967,86.77,44.1246,0.0,1.0,1.0,0.0,0.0
40.7946,64.5986,56.5704,69.6283,43.0,88.2096,8.6761,16.5836,0.0,0.0,1.0,0.0,0.0
55.6799,16.418,72.5451,68.9618,95.0,13.5146,25.1226,77.0357,1.0,1.0,0.0,0.0,1.0
6.5343,90.9978,19.5983,60.6252,36.0,64.9534,41.4743,4.7851,1.0,1.0,0.0,0.0,0.0
94.1427,66.8513,76.07,44.0081,29.0,66.1018,77.8281,49.5393,1.0,0.0,0.0,0.0,0.0
47.6587,57.7522,83.2797,71.0079,86.0,71.6081,6.0699,47.5072,0.0,0.0,1.0,0.0,0.0
46.8267,11.7102,27.2002,39.2413,12.0,80.5626,42.4321,99.3931,1.0,0.0,0.0,0.0,0.0
88.4703,76.841,14.0706,4.3094,0.0,95.5738,96.621,56.623,1.0,0.0,0.0,0.0,1.0
65.3874,24.2215,5.2305,22.0714,1.0,87.0569,23.2382,61.1533,1.0,0.0,0.0,0.0,0.0
68.1136,66.9056,38.567,59.9399,25.0,66.0609,73.9128,22.7871,1.0,1.0,1.0,0.0,1.0
17.9789,79.5041,80.683,37.8497,79.0,64.7185,13.8545,98.443,0.0,0.0,0.0,1.0,1.0
58.9558,87.7049,52.6228,3.9824,55.0,67.2194,68.7524,42.0908,0.0,1.0,0.0,0.0,0.0
9.3664,0.1933,8.5716,19.5981,98.0,81.8713,70.0014,17.5377,0.0,0.0,0.0,0.0,1.0
10.772,65.3798,70.0943,29.8015,10.0,8.4268,36.8036,57.6347,0.0,0.0,0.0,0.0,1.0
44.9659,40.0076,75.4062,26.4655,93.0,31.3837,79.6293,11.3059,1.0,1.0,0.0,0.0,1.0
60.3136,93.416,98.3799,51.2073,30.0,69.5414,25.9875,97.0078,1.0,0.0,0.0,1.0,1.0
1.9538,92.9972,86.9954,37.8576,91.0,59.9442,34.0493,8.2303,1.0,1.0,0.0,1.0,1.0
51.5253,22.1821,72.1254,37.2062,88.0,17.1625,46.5545,79.6103,0.0,0.0,0.0,0.0,1.0
40.4523,61.3551,50.7844,70.3658,73.0,57.1739,74.6418,62.1383,0.0,0.0,1.0,0.0,0.0
37.61,34.2523,78.2852,0.5447,56.0,64.5194,46.0657,29.2558,1.0,1.0,0.0,0.0,0.0
46.9192,60.7542,51.8172,35.4514,90.0,4.0214,28.79,36.6363,0.0,0.0,1.0,0.0,1.0
18.2367,88.497,92.8286,16.212,84.0,19.7761,59.925,21.8343,0.0,1.0,0.0,0.0,1.0
1.1458,68.0816,61.7786,73.9668,44.0,88.7203,12.8149,51.4541,1.0,0.0,0.0,1.0,1.0
34.3027,60.1287,32.1862,43.1897,9.0,7.0062,28.5214,8.9397,1.0,1.0,0.0,1.0,0.0
79.3795,14.2615,32.5739,29.994,18.0,70.6904,70.7063,14.9489,1.0,1.0,0.0,0.0,0.0
6.6866,90.7428,53.4903,62.851,57.0,49.8858,87.9472,51.9173,1.0,1.0,0.0,1.0,1.0
6.8317,43.1782,81.1156,12.7155,26.0,67.3307,60.2121,52.0308,1.0,1.0,0.0,0.0,1.0
31.4061,86.1272,84.5636,39.9987,68.0,29.9153,65.6161,96.2065,0.0,1.0,0.0,0.0,1.0
68.7507,80.6064,45.4226,25.7131,94.0,71.7013,93.0576,8.435,0.0,1.0,0.0,0.0,0.0
31.3953,22.6494,74.9724,96.243,32.0,79.3793,96.3097,13.9866,0.0,0.0,0.0,0.0,0.0
14.7941,69.5012,91.6321,84.0234,79.0,92.3315,5.3455,92.4743,1.0,0.0,0.0,1.0,1.0
59.6951,59.8122,75.7746,29.5119,47.0,47.4486,51.8187,15.8532,1.0,1.0,0.0,0.0,1.0
63.4455,58.6867,81.3097,34.1955,43.0,46.0842,62.8618,55.3756,0.0,1.0,0.0,0.0,0.0
46.8697,91.8037,56.8805,43.9981,41.0,84.349,42.5809,70.7097,0.0,0.0,1.0,0.0,0.0
19.0407,23.1509,32.9987,43.4536,8.0,1.5346,49.0613,99.7579,0.0,0.0,0.0,0.0,1.0
13.379,79.8647,42.1251,90.9068,8.0,70.0389,52.9054,53.9766,0.0,0.0,1.0,0.0,0.0
45.3086,33.5185,16.8127,88.6995,22.0,27.1491,16.6327,28.7531,1.0,1.0,0.0,1.0,1.0
71.1524,76.0904,79.0621,47.7319,50.0,60.6601,66.366,73.5676,1.0,1.0,0.0,1.0,1.0
28.1358,71.8958,77.3947,33.57,36.0,17.7888,42.3384,97.6261,1.0,0.0,0.0,1.0,1.0
10.2889,54.7928,32.4055,71.8778,95.0,10.7185,58.7655,10.1088,0.0,1.0,1.0,0.0,1.0
12.5945,42.2319,26.9992,4.9529,7.0,41.2638,95.845,33.7493,1.0,1.0,0.0,0.0,0.0
66.3376,4.5062,21.2028,60.3893,25.0,3.0514,1.1243,99.0917,0.0,0.0,0.0,1.0,1.0
37.4008,49.2049,17.532,34.4046,8.0,73.5001,33.0957,82.9493,1.0,0.0,0.0,0.0,1.0
28.5624,61.8498,32.8928,88.8135,89.0,11.9617,76.5954,77.6919,0.0,0.0,1.0,0.0,1.0
8.9184,79.1663,48.5591,65.35,47.0,0.3619,10.4851,29.3664,1.0,1.0,1.0,1.0,1.0
89.8536,51.7087,18.1162,77.0961,4.0,75.9331,69.2667,99.8405,1.0,0.0,0.0,1.0,0.0
58.0044,24.4719,63.9356,75.0509,47.0,86.2399,0.288,49.138,0.0,0.0,1.0,0.0,1.0
18.6679,65.6222,87.3052,55.515,25.0,45.4218,33.6967,25.6427,0.0,1.0,1.0,0.0,0.0
48.7016,53.7516,70.1491,50.5571,100.0,27.726,37.1765,73.7131,0.0,0.0,1.0,0.0,0.0
78.2345,73.4075,84.4222,41.2119,22.0,24.5417,69.8536,55.531,1.0,0.0,1.0,1.0,1.0
62.6575,86.6423,53.1225,26.5443,27.0,13.1679,72.0022,21.3903,1.0,1.0,0.0,1.0,0.0
82.5761,61.8018,44.2008,41.0464,77.0,80.9251,23.002,54.434,1.0,0.0,0.0,0.0,1.0
33.1583,82.7775,36.7163,71.0182,81.0,38.3039,21.2381,35.5443,0.0,0.0,1.0,1.0,0.0
8.614,90.652,43.662,19.7478,100.0,89.942,73.1073,48.4608,1.0,0.0,0.0,1.0,1.0
65.0405,10.0801,78.3579,83.859,58.0,75.5221,65.8044,45.9269,0.0,0.0,0.0,0.0,0.0
35.1465,82.9112,68.2391,90.517,71.0,95.1084,80.7048,41.7233,1.0,0.0,0.0,0.0,1.0
23.1719,21.8659,42.6696,64.1733,86.0,66.3217,32.2754,33.5325,0.0,0.0,1.0,0.0,0.0
34.2777,47.3137,56.4869,81.4875,17.0,75.6085,42.967,63.2702,0.0,0.0,1.0,0.0,1.0
98.4434,62.2967,70.8235,39.8398,39.0,84.761,62.8321,40.7142,1.0,0.0,0.0,0.0,0.0
82.4107,15.5226,70.6906,58.0262,85.0,11.6744,40.725,40.1526,1.0,1.0,0.0,0.0,1.0
61.6181,22.6863,88.6349,71.3723,26.0,21.3701,54.0402,70.6991,0.0,0.0,1.0,0.0,0.0
11.8363,73.5231,47.8401,27.5156,36.0,12.8502,97.3475,7.8717,1.0,1.0,1.0,0.0,0.0
67.617,50.5665,64.2891,67.7604,94.0,27.0426,20.0517,57.2462,0.0,1.0,1.0,0.0,0.0
42.6797,51.5948,0.5528,64.016,13.0,2.1716,50.698,54.2118,0.0,0.0,0.0,0.0,1.0
24.0355,54.4559,17.9966,39.6145,34.0,18.4371,24.0272,80.1172,0.0,0.0,1.0,0.0,0.0
33.8689,96.3604,88.6133,52.9695,14.0,8.7738,38.0812,62.0589,0.0,0.0,1.0,0.0,1.0
55.4192,66.9998,54.8502,25.382,40.0,19.0629,29.9761,98.9496,1.0,0.0,0.0,1.0,1.0
17.0829,26.2844,65.836,62.1722,85.0,21.5225,78.0867,81.6188,0.0,1.0,1.0,0.0,1.0
36.7848,94.644,99.5265,81.2017,32.0,41.8322,40.8062,36.4271,0.0,1.0,1.0,0.0,0.0
56.2136,27.8635,61.684,38.0053,72.0,45.9042,0.256,39.6965,0.0,0.0,1.0,0.0,1.0
56.9358,61.7221,20.6421,90.3834,1.0,97.449,82.8131,98.4611,1.0,0.0,0.0,0.0,0.0
39.0385,10.1682,63.978,2.733,34.0,35.7747,84.1364,62.4479,0.0,0.0,0.0,0.0,0.0
43.7207,89.9949,94.3727,69.5756,56.0,52.7891,66.2409,38.6043,0.0,1.0,1.0,1.0,0.0
18.292,46.4281,52.2574,67.5053,76.0,77.5752,38.7222,74.831,1.0,1.0,0.0,1.0,1.0
78.5835,96.1654,64.5616,63.0711,72.0,94.549,21.9624,50.1162,0.0,0.0,1.0,0.0,0.0
44.9625,26.487,93.9815,32.3158,80.0,67.5368,86.6471,17.2612,0.0,1.0,0.0,0.0,0.0
81.3502,74.9436,0.4309,46.3619,56.0,31.338,5.8542,37.2552,0.0,0.0,0.0,0.0,1.0
2.4029,13.7329,78.9816,21.3526,32.0,52.3886,94.0482,63.1239,1.0,1.0,1.0,0.0,0.0
50.7723,46.6246,13.6061,83.732,41.0,52.3134,8.4834,61.9321,1.0,1.0,0.0,0.0,1.0
72.6243,34.2947,82.0257,74.0232,15.0,46.0534,37.5793,15.0793,0.0,0.0,1.0,0.0,0.0
78.1982,93.8454,30.3653,65.247,22.0,5.3067,39.607,37.8702,0.0,1.0,1.0,0.0,0.0
69.1804,61.7163,69.5555,54.1322,38.0,61.8677,61.3349,92.873,0.0,1.0,0.0,0.0,1.0
55.776,20.6265,23.7502,25.3061,100.0,3.411,77.9816,27.3761,1.0,1.0,0.0,0.0,0.0
53.8464,11.4074,40.8021,63.3185,0.0,44.3491,32.8106,75.3324,1.0,0.0,0.0,0.0,1.0
10.7916,50.0185,10.8444,96.1879,33.0,22.1131,43.2956,38.8323,0.0,0.0,1.0,0.0,0.0
99.6979,63.5905,1.9627,35.557,15.0,82.1302,2.7452,50.9131,0.0,0.0,0.0,1.0,0.0
13.0415,58.7414,80.7877,49.754,46.0,8.9338,67.2262,43.7006,0.0,1.0,1.0,0.0,0.0
31.5562,68.7571,34.2362,3.8086,14.0,72.9538,19.6647,48.1488,1.0,1.0,0.0,0.0,0.0
54.0195,95.2911,14.436,77.4278,17.0,91.0717,49.0392,93.4321,1.0,0.0,0.0,0.0,1.0
81.101,58.842,28.7973,50.0483,89.0,24.6946,68.122,16.7203,0.0,1.0,0.0,0.0,0.0
11.1306,43.0415,63.2475,26.5439,35.0,84.5887,45.2931,79.6306,1.0,1.0,0.0,0.0,1.0
1.4678,11.3934,93.5889,69.9809,95.0,0.7622,13.4926,31.8186,1.0,1.0,0.0,1.0,1.0
99.8385,63.0367,68.1018,34.5631,98.0,48.3096,3.4372,28.3951,0.0,0.0,0.0,1.0,0.0
62.3805,36.2231,99.5042,77.2893,6.0,59.3784,96.483,84.7513,1.0,1.0,0.0,0.0,0.0
83.532,33.2431,34.0363,23.1615,33.0,13.2374,44.6695,34.7368,1.0,0.0,0.0,0.0,1.0
20.0247,90.9387,26.9261,87.3065,72.0,15.3439,86.977,76.4579,1.0,1.0,0.0,0.0,1.0
65.298,88.8051,25.0627,74.6856,100.0,18.1868,33.308,18.327,0.0,1.0,0.0,0.0,0.0
12.8571,26.0542,52.9089,45.7946,49.0,23.9098,6.8307,26.135,1.0,1.0,1.0,1.0,1.0
48.944,59.9983,79.3326,10.9705,82.0,43.5663,43.5129,90.7491,1.0,1.0,0.0,0.0,1.0
41.3065,66.8163,15.8145,64.8889,60.0,16.3698,68.1449,30.4208,1.0,1.0,0.0,1.0,1.0
4.2712,50.0694,89.8495,87.9047,81.0,42.3261,30.806,67.242,0.0,0.0,1.0,1.0,0.0
24.6893,75.7949,31.6516,72.6915,91.0,83.4356,50.002,4.2443,1.0,1.0,0.0,0.0,0.0
53.7983,16.8251,46.4966,54.7464,9.0,1.0174,8.6025,88.9795,1.0,0.0,0.0,0.0,1.0
35.2306,87.9006,55.3209,8.393,60.0,45.94,69.6401,62.9187,1.0,1.0,0.0,0.0,0.0
13.8974,66.0246,33.0154,78.2144,98.0,63.8312,44.9916,75.2068,0.0,0.0,1.0,0.0,1.0
5.3704,32.4232,56.0678,38.8433,86.0,88.9853,45.9416,92.1817,1.0,0.0,0.0,1.0,0.0
5.3247,47.6833,96.5585,57.6316,85.0,3.7859,18.3158,31.6321,1.0,1.0,1.0,1.0,1.0
16.0716,25.3012,75.3858,86.1686,57.0,66.7532,77.0206,98.3566,1.0,0.0,0.0,1.0,1.0
14.5503,90.4337,12.4636,66.6395,43.0,75.3892,34.8072,46.6961,1.0,0.0,0.0,1.0,0.0
76.1967,91.2408,80.1919,96.4611,86.0,58.9603,87.7689,10.1576,1.0,1.0,0.0,1.0,0.0
67.2984,78.1251,57.9187,73.1744,64.0,67.828,69.6795,64.0853,1.0,1.0,0.0,1.0,1.0
3.1226,66.0872,53.8101,83.528,23.0,25.9538,31.77,27.9192,0.0,1.0,1.0,0.0,1.0
40.6449,17.4349,57.1495,80.0919,42.0,72.9575,92.3355,58.1928,1.0,0.0,0.0,1.0,0.0
94.6867,26.1014,90.0209,12.3283,17.0,33.1564,29.6143,86.82,1.0,0.0,0.0,0.0,0.0
29.3584,29.2652,39.6661,92.8651,55.0,31.1416,0.4316,45.3254,0.0,0.0,1.0,0.0,1.0
14.4283,25.2515,8.862,96.8723,100.0,58.4569,36.2131,56.0816,0.0,0.0,0.0,0.0,0.0
30.6791,49.7214,65.5766,88.7077,84.0,44.2451,46.8616,17.8226,1.0,1.0,1.0,1.0,1.0
79.3495,92.9782,93.2408,64.3756,34.0,76.1024,81.5938,50.0233,1.0,1.0,0.0,0.0,1.0
90.6526,28.2655,17.7392,48.0257,72.0,5.777,80.0311,56.2078,1.0,0.0,0.0,0.0,0.0
33.4104,76.9013,75.3962,26.6311,59.0,34.631,78.4789,63.9082,1.0,1.0,0.0,0.0,1.0
32.4864,86.9254,43.6747,65.5932,12.0,1.6046,12.7426,70.8335,0.0,0.0,1.0,0.0,0.0
88.322,70.4063,49.2306,13.8857,72.0,55.6904,33.8081,33.4394,1.0,1.0,0.0,0.0,1.0
85.663,15.3748,56.1649,81.2427,53.0,54.4522,12.5305,59.8378,1.0,1.0,0.0,0.0,0.0
69.5157,87.2869,86.8876,53.3515,40.0,14.8039,19.3224,16.25,1.0,1.0,1.0,1.0,1.0
49.5204,42.7549,88.1823,66.6293,37.0,10.5008,16.7832,13.9596,0.0,0.0,1.0,0.0,1.0
21.9018,59.9211,99.0508,90.4114,63.0,35.959,36.365,65.3527,1.0,1.0,1.0,1.0,1.0
8.6765,36.0958,95.0991,69.7818,27.0,95.5752,65.0271,86.0765,1.0,0.0,0.0,0.0,1.0
46.1396,3.1547,51.5026,2.2775,53.0,82.8322,12.3957,40.338,1.0,0.0,0.0,0.0,0.0
6.735,79.9511,44.5604,55.3995,49.0,33.4984,47.5458,90.6334,0.0,0.0,0.0,0.0,1.0
28.5136,87.0648,90.0487,20.1426,83.0,76.2379,31.4297,66.8295,0.0,0.0,0.0,0.0,1.0
24.1893,33.9829,67.1034,3.4999,43.0,73.3129,27.1769,8.8909,1.0,1.0,0.0,0.0,0.0
8.9882,99.1382,68.9779,93.557,85.0,30.6278,73.583,56.039,0.0,1.0,1.0,0.0,1.0
59.9107,95.3211,49.7033,19.3257,72.0,87.9305,28.7769,97.3736,1.0,0.0,0.0,1.0,1.0
9.4627,70.4218,23.7512,41.2366,46.0,69.734,44.6224,90.8847,1.0,0.0,0.0,0.0,1.0
6.8869,80.3125,69.5644,51.1809,29.0,87.868,12.9599,94.6777,0.0,0.0,0.0,0.0,0.0
27.3412,64.4914,63.2081,76.5163,99.0,53.0729,44.8428,18.9226,0.0,1.0,1.0,0.0,0.0
70.0427,92.5538,28.8466,50.7888,22.0,12.5703,48.4342,72.9789,1.0,1.0,0.0,1.0,1.0
57.7441,92.2785,33.3484,82.1574,45.0,76.7531,21.0022,74.0896,0.0,0.0,1.0,0.0,1.0
53.7943,0.0467,81.5629,94.6356,97.0,30.5864,53.238,12.7418,0.0,0.0,0.0,1.0,0.0
45.7466,27.3085,71.9816,88.5098,52.0,90.7684,22.5093,90.551,1.0,0.0,0.0,0.0,1.0
22.6999,93.7755,59.58,85.7104,97.0,84.2908,41.5319,96.3523,1.0,0.0,0.0,1.0,1.0
41.5386,45.3637,32.1151,6.2566,94.0,88.1385,75.4529,18.7572,1.0,0.0,0.0,0.0,0.0
55.1893,81.3378,87.827,41.6536,46.0,70.1812,88.3627,32.9988,1.0,1.0,1.0,1.0,1.0
32.3093,82.2899,39.0195,13.9867,95.0,50.8139,4.7793,68.3234,0.0,0.0,0.0,0.0,1.0
6.0063,71.3811,79.8325,28.5694,64.0,67.4477,90.563,10.8714,1.0,1.0,0.0,1.0,1.0
16.4418,58.5806,83.9406,98.3117,93.0,94.2369,5.5243,17.079,0.0,0.0,0.0,0.0,1.0
30.1877,26.2208,83.2791,93.1783,44.0,5.5366,0.5909,9.4084,1.0,0.0,1.0,1.0,1.0
17.4128,68.5573,30.3574,79.5371,91.0,19.8106,4.8987,86.865,1.0,0.0,1.0,1.0,1.0
5.8231,32.509,95.0674,83.825,8.0,42.5689,1.7331,68.3831,0.0,0.0,1.0,0.0,0.0
46.7865,47.24,34.7282,62.5166,25.0,29.3071,57.7367,27.9722,0.0,1.0,1.0,0.0,1.0
49.2592,32.3813,60.0214,50.8645,65.0,60.9613,83.6269,57.0121,0.0,1.0,1.0,0.0,0.0
46.0765,78.8799,97.6772,67.7814,54.0,68.6191,99.8081,90.0965,1.0,1.0,1.0,0.0,0.0
6.3493,40.7738,24.3954,68.4464,75.0,87.665,14.0282,24.4802,0.0,0.0,1.0,0.0,1.0
16.4791,69.5534,90.1489,67.8137,60.0,30.1032,75.9922,28.1804,0.0,1.0,1.0,0.0,0.0
74.7331,63.2538,52.9435,77.9396,55.0,16.2668,39.8655,96.0393,1.0,0.0,0.0,1.0,1.0
53.0773,41.4298,71.6731,6.3039,0.0,35.8673,24.7638,22.5217,0.0,0.0,0.0,0.0,1.0
68.0869,91.7641,86.4126,85.1005,59.0,17.6952,60.3038,4.1483,1.0,1.0,0.0,0.0,1.0
27.3479,6.9303,2.0233,95.4913,87.0,4.0082,47.388,35.7176,1.0,0.0,0.0,0.0,0.0
81.7372,93.2543,37.5168,84.0187,78.0,49.5024,86.6174,73.5078,1.0,1.0,0.0,0.0,1.0
27.4397,52.6729,39.7766,92.071,49.0,1.4276,18.8383,69.9636,1.0,1.0,0.0,0.0,1.0
31.2797,44.9692,84.2974,73.8821,93.0,52.9273,9.8388,69.7774,0.0,1.0,1.0,1.0,0.0
99.6119,22.6902,74.0837,87.7913,37.0,73.5782,38.3458,73.1392,0.0,0.0,0.0,1.0,0.0
62.9616,72.5774,86.1352,49.5973,82.0,69.0021,0.3726,92.8674,0.0,0.0,1.0,1.0,0.0
10.054,77.235,88.1187,21.625,79.0,62.9039,46.4285,37.0405,1.0,1.0,0.0,0.0,1.0
35.0043,86.7319,72.4225,66.1538,82.0,4.8272,2.6172,9.3734,1.0,0.0,0.0,1.0,1.0
44.2632,70.488,45.8549,39.244,89.0,17.6801,8.0372,86.1097,0.0,0.0,1.0,0.0,0.0
16.0837,80.1036,50.7079,60.1943,29.0,47.2017,42.304,58.1393,0.0,1.0,1.0,0.0,0.0
70.1356,63.3228,5.4363,69.1436,95.0,76.2955,29.8886,78.2961,1.0,0.0,0.0,0.0,0.0
25.0332,89.5736,86.3081,66.4561,71.0,52.8811,23.7404,62.6363,1.0,1.0,0.0,1.0,1.0
6.2715,11.6171,40.7441,22.9195,25.0,16.5859,16.8535,94.7633,1.0,0.0,0.0,0.0,1.0
50.761,97.6308,28.7562,76.0788,8.0,14.339,10.8087,75.1471,1.0,1.0,0.0,0.0,0.0
73.5161,34.3293,51.4101,59.2971,0.0,49.6045,72.4858,0.0451,1.0,0.0,0.0,0.0,1.0
6.774,28.4698,46.7262,17.8933,69.0,24.5594,30.3637,1.0238,0.0,1.0,0.0,0.0,0.0
13.287,15.5443,76.1572,55.064,62.0,73.6539,48.6694,73.4455,0.0,0.0,0.0,0.0,0.0
65.239,92.9929,7.7125,47.2052,25.0,59.2284,55.0193,59.7373,0.0,0.0,1.0,0.0,0.0
18.1203,42.7653,82.5257,24.8019,73.0,42.4058,99.3632,42.503,0.0,1.0,0.0,0.0,0.0
31.3342,76.4193,32.3913,6.1763,60.0,34.7079,83.4802,38.5872,0.0,1.0,0.0,0.0,0.0
5.091,51.3883,52.8555,65.8177,39.0,67.8096,1.2314,59.2842,1.0,0.0,0.0,1.0,1.0
8.8069,73.069,71.6749,31.6037,48.0,2.1179,30.3154,29.1077,1.0,1.0,1.0,1.0,1.0
35.1768,56.1186,90.8998,83.9126,79.0,34.07,47.2514,99.0569,1.0,0.0,0.0,1.0,1.0
0.1751,39.6837,81.592,79.6821,77.0,14.4506,69.5123,26.0808,1.0,1.0,1.0,1.0,1.0
29.5331,42.3717,61.4918,33.161,31.0,74.9575,94.8663,12.362,1.0,1.0,0.0,0.0,0.0
4.992,93.6902,75.4396,94.9289,24.0,46.9946,1.6653,46.4345,1.0,0.0,0.0,1.0,1.0
45.3263,73.9054,32.7485,86.6063,75.0,39.7584,75.72,74.6657,0.0,1.0,1.0,0.0,0.0
71.9198,82.8643,49.8166,86.8523,75.0,23.0194,45.1601,97.6859,1.0,0.0,0.0,1.0,1.0
10.2707,19.6143,80.0908,76.1437,73.0,37.1251,48.3114,45.617,1.0,1.0,0.0,1.0,1.0
26.8333,76.5092,18.8222,89.6719,97.0,17.1694,83.3728,11.6312,1.0,1.0,1.0,0.0,0.0
24.256,74.8099,53.2019,17.8076,79.0,0.6562,35.9453,91.214,0.0,1.0,1.0,0.0,0.0
23.9923,62.1636,53.2929,70.5115,33.0,53.7774,6.9497,55.7963,1.0,1.0,1.0,1.0,1.0
6.7337,67.4526,12.7789,78.1747,45.0,67.7461,44.4118,52.6579,1.0,1.0,0.0,0.0,1.0
22.8735,82.8451,99.9837,37.8175,48.0,51.2577,61.7104,75.3743,1.0,0.0,0.0,1.0,1.0
99.7861,99.2235,85.1914,12.0969,56.0,74.8564,61.3237,38.0694,0.0,0.0,0.0,1.0,0.0
75.8814,28.9988,20.7121,6.716,100.0,19.2225,51.2413,12.4667,1.0,1.0,0.0,0.0,0.0
52.5869,57.3012,93.2624,96.2925,87.0,37.3077,0.1338,9.8979,1.0,0.0,1.0,1.0,1.0
81.7919,36.2429,93.59,73.2374,72.0,41.6727,22.3553,96.8197,1.0,0.0,0.0,1.0,1.0
0.6536,47.6216,97.0307,72.12,40.0,35.7523,23.2578,96.6076,0.0,0.0,0.0,1.0,1.0
72.5755,75.5857,89.1776,46.7489,67.0,65.2477,0.8195,83.8624,1.0,0.0,0.0,1.0,1.0
19.4936,21.1094,57.5153,23.4371,63.0,57.1418,44.6338,20.4808,1.0,1.0,0.0,1.0,0.0
58.5678,39.2046,82.7403,73.0568,72.0,1.7609,64.1285,57.439,0.0,1.0,1.0,0.0,0.0
56.1419,85.6261,46.3952,5.7008,8.0,38.8649,93.3015,10.6299,1.0,1.0,0.0,0.0,0.0
10.1481,62.3674,78.9224,49.1442,70.0,12.1166,48.8529,15.3185,0.0,1.0,1.0,0.0,1.0
63.824,38.843,55.6659,57.2141,30.0,63.0354,15.0967,34.6837,0.0,0.0,1.0,0.0,0.0
55.9829,79.058,34.4766,55.2591,14.0,92.0554,80.9127,50.4124,1.0,0.0,0.0,1.0,1.0
35.7134,57.4878,80.0397,39.0758,72.0,21.513,41.7003,30.4681,1.0,1.0,1.0,1.0,1.0
40.5527,43.5016,49.5145,66.0719,73.0,62.4673,29.3862,31.359,1.0,1.0,1.0,1.0,1.0
41.7376,34.8145,47.1732,65.4195,50.0,60.2474,40.0358,98.6375,1.0,0.0,0.0,1.0,1.0
41.1446,65.4225,94.3046,36.6035,67.0,1.4189,21.7238,62.454,0.0,0.0,1.0,0.0,0.0
56.6302,32.2374,51.6738,53.2511,46.0,68.7528,91.7515,69.0156,1.0,1.0,0.0,0.0,0.0
10.4871,18.7023,6.5806,71.6993,40.0,48.0932,12.3341,21.0212,0.0,0.0,1.0,0.0,0.0
82.8108,70.2502,96.1075,56.3678,6.0,60.252,25.9571,99.9801,1.0,0.0,0.0,1.0,1.0
50.1124,32.9356,62.5985,92.3729,55.0,50.2139,64.8766,30.9116,0.0,1.0,1.0,0.0,0.0
27.8545,59.573,58.6423,61.2655,62.0,79.3863,10.3536,28.4349,1.0,1.0,1.0,1.0,1.0
76.4029,64.9686,76.221,42.509,61.0,28.6325,26.3474,89.3649,1.0,1.0,0.0,1.0,1.0
9.7499,19.6635,22.5227,91.6653,77.0,62.996,70.8769,97.6046,1.0,0.0,0.0,0.0,1.0
48.635,41.2724,42.1269,21.2467,16.0,42.5845,40.3704,52.3421,1.0,1.0,0.0,0.0,1.0
53.6472,93.0805,57.4119,70.103,95.0,12.6082,55.5206,24.1425,0.0,1.0,1.0,0.0,0.0
26.8647,51.5902,48.0749,46.7198,48.0,70.4052,64.1579,84.1919,0.0,0.0,0.0,1.0,1.0
41.8024,94.1099,90.7569,88.7678,13.0,91.044,22.4829,44.6162,1.0,0.0,0.0,1.0,1.0
54.4098,87.2016,13.5662,44.5925,93.0,29.2867,14.8766,51.6054,1.0,0.0,0.0,0.0,1.0
63.6579,76.3108,97.2309,3.276,78.0,28.6479,27.0463,60.4959,0.0,0.0,0.0,0.0,0.0
18.1803,92.6007,78.1699,74.8181,70.0,87.6791,33.1995,99.1936,0.0,0.0,0.0,1.0,0.0
1.4299,79.088,30.8133,69.5602,7.0,37.5239,51.1069,5.5995,1.0,1.0,0.0,0.0,1.0
73.1302,87.5618,91.7883,54.905,25.0,13.9574,83.2829,1.2527,0.0,1.0,0.0,0.0,0.0
99.8809,74.9324,84.7987,48.4894,68.0,82.7581,60.838,27.6308,0.0,0.0,0.0,1.0,0.0
94.3084,79.4831,26.3053,22.1042,26.0,91.0115,90.877,62.5809,1.0,0.0,0.0,0.0,0.0
12.6334,25.0449,47.1635,73.931,62.0,58.4313,14.738,21.901,0.0,0.0,1.0,0.0,0.0
8.6238,28.9352,78.9666,25.3236,87.0,11.4722,80.0334,81.074,0.0,1.0,0.0,0.0,0.0
62.4356,42.1544,61.5095,41.6422,94.0,21.2449,0.3848,32.9138,1.0,0.0,0.0,1.0,1.0
12.3283,24.187,12.147,93.8651,47.0,16.0384,10.8172,93.4463,1.0,0.0,0.0,1.0,0.0
48.0593,94.4369,32.8394,4.9283,93.0,99.3695,28.7032,40.281,0.0,0.0,0.0,0.0,0.0
25.1658,73.9618,68.887,64.1936,78.0,88.5685,94.377,67.6717,1.0,1.0,0.0,0.0,0.0
23.1198,42.9976,87.2011,34.997,59.0,46.054,85.2811,64.5628,0.0,1.0,1.0,0.0,0.0
84.0815,42.0639,20.0465,8.3652,91.0,30.3155,82.0261,53.6255,1.0,1.0,0.0,0.0,0.0
71.7213,40.8655,49.3429,89.6641,39.0,28.526,61.3853,54.4639,0.0,1.0,1.0,0.0,0.0
12.8618,81.9513,50.5134,34.2243,91.0,18.4022,35.7752,19.438,1.0,1.0,1.0,1.0,1.0
78.3219,74.2101,84.3986,45.703,66.0,54.2756,47.9671,39.9249,1.0,1.0,0.0,1.0,1.0
53.1027,16.3216,84.4796,72.5296,58.0,66.2994,83.6675,20.427,1.0,1.0,1.0,0.0,1.0
12.1545,61.8238,32.2585,59.6267,58.0,67.3985,52.5848,48.0632,0.0,0.0,1.0,0.0,0.0
41.7035,98.0452,84.3336,30.4116,59.0,53.4072,77.2023,55.906,0.0,1.0,1.0,0.0,0.0
57.4711,51.3563,24.1999,91.1708,20.0,7.8292,58.3175,34.1129,1.0,1.0,0.0,0.0,1.0
52.2049,34.4462,52.2086,73.5533,82.0,41.1644,66.223,7.0824,1.0,1.0,0.0,0.0,1.0
59.6585,96.2587,35.8639,5.1136,12.0,3.2728,96.0062,64.3754,0.0,1.0,0.0,0.0,0.0
23.1375,55.7308,92.4349,91.3919,47.0,14.1716,37.5553,91.6511,1.0,1.0,1.0,1.0,1.0
54.797,19.8583,48.8011,79.3424,53.0,56.9899,44.1178,55.0526,0.0,0.0,1.0,0.0,0.0
6.5637,98.1889,78.8686,47.3287,16.0,7.4547,11.2438,60.5073,1.0,1.0,1.0,1.0,1.0
36.7208,21.9198,50.7918,34.3465,75.0,22.7341,22.1937,18.893,1.0,1.0,0.0,1.0,0.0
51.528,46.8702,87.6378,32.8711,69.0,36.3763,93.9202,46.5926,1.0,1.0,0.0,0.0,1.0
65.9979,84.6975,22.5006,53.52,83.0,87.0419,14.045,59.5745,1.0,0.0,0.0,0.0,1.0
29.0624,93.0578,78.0375,18.9052,78.0,58.0439,71.4373,88.7914,1.0,1.0,0.0,1.0,1.0
44.7978,26.0773,89.4776,40.7938,9.0,70.7103,80.6155,21.4562,1.0,1.0,0.0,0.0,1.0
28.4607,45.3744,52.4903,45.0887,63.0,21.6694,97.9141,63.2077,0.0,1.0,1.0,0.0,0.0
6.2188,24.3345,70.087,72.1072,73.0,93.6207,44.5005,52.1839,0.0,0.0,1.0,0.0,0.0
57.8148,11.0387,16.6264,99.7523,96.0,68.1916,0.3383,93.7116,1.0,0.0,0.0,0.0,0.0
35.1875,83.8861,57.0475,15.049,29.0,75.054,9.5665,31.8052,1.0,1.0,0.0,1.0,1.0
77.704,0.1473,1.2812,92.1825,44.0,1.0797,43.4415,8.9117,0.0,0.0,0.0,1.0,1.0
61.4067,13.6973,1.8171,79.3442,90.0,44.2229,40.7969,59.8774,0.0,0.0,0.0,0.0,0.0
75.4334,67.4121,53.1458,65.3967,96.0,21.424,73.4005,72.4764,0.0,1.0,0.0,0.0,0.0
95.8649,76.58,11.1733,15.9886,62.0,99.5255,29.3135,84.7286,0.0,0.0,0.0,1.0,0.0
12.3974,89.6862,66.0732,90.7933,60.0,48.1779,81.8468,99.1682,1.0,0.0,0.0,1.0,1.0
19.3026,51.0302,80.6492,28.1518,96.0,12.6941,36.4748,4.6961,1.0,1.0,0.0,0.0,1.0
47.2618,50.3184,63.7881,95.4462,77.0,89.3124,38.6756,94.7025,1.0,0.0,0.0,1.0,1.0
61.7895,63.5758,89.3587,11.9878,44.0,93.4693,61.4793,43.4958,1.0,0.0,0.0,0.0,1.0
97.4781,88.4455,76.5251,99.9493,6.0,65.731,58.085,61.1497,1.0,0.0,0.0,0.0,0.0
53.0475,80.2071,42.0752,35.8345,6.0,73.8491,86.6209,59.436,1.0,1.0,0.0,0.0,1.0
69.6889,22.6281,39.6468,41.9905,99.0,82.4319,38.4575,35.5411,0.0,0.0,1.0,0.0,0.0
4.2513,22.021,14.3369,90.5761,62.0,34.1181,78.3943,9.646,1.0,1.0,0.0,0.0,1.0
88.3865,34.1144,80.7797,33.8337,34.0,58.0758,35.3558,13.3142,1.0,1.0,0.0,0.0,1.0
3.6918,67.1854,53.1078,50.6448,25.0,91.9713,2.5156,31.5358,0.0,0.0,1.0,0.0,0.0
30.6712,55.1395,25.6537,18.0086,28.0,74.0698,24.8726,93.4329,0.0,0.0,0.0,0.0,0.0
30.5769,99.45,74.9194,41.8785,46.0,60.206,12.5851,78.6482,0.0,0.0,1.0,0.0,1.0
67.159,46.7989,83.9178,70.8247,58.0,4.3678,60.1912,20.0077,1.0,1.0,1.0,0.0,1.0
71.5515,77.0258,31.9706,64.5702,64.0,27.9386,83.0843,27.1196,0.0,0.0,1.0,0.0,0.0
27.6896,46.8387,28.5214,5.5699,0.0,26.4821,86.7352,40.7672,0.0,0.0,0.0,0.0,1.0
55.6654,88.0438,91.6718,46.8165,0.0,47.7471,59.9302,43.465,1.0,0.0,0.0,0.0,1.0
60.0301,80.7067,69.2585,23.9278,22.0,19.9622,27.5495,21.3934,1.0,1.0,1.0,1.0,1.0
58.4393,93.2441,23.9311,68.261,48.0,3.9698,44.8158,21.5444,0.0,1.0,1.0,0.0,0.0
36.0303,83.7916,62.1428,65.0944,22.0,38.7989,22.2413,80.8485,1.0,1.0,0.0,1.0,1.0
32.103,80.7896,95.1026,50.2828,65.0,41.9409,49.1644,33.8251,1.0,1.0,1.0,1.0,1.0
89.5365,0.0669,13.7375,79.9009,100.0,99.7128,58.5801,6.1662,1.0,0.0,0.0,0.0,1.0
5.5186,83.881,28.6966,27.2047,36.0,22.1979,24.8048,90.1473,0.0,0.0,1.0,0.0,0.0
23.9642,68.3742,15.8047,43.6703,92.0,22.8636,56.6841,13.5241,1.0,1.0,0.0,1.0,0.0
14.5093,43.9863,58.5744,59.0407,72.0,73.2911,11.8672,99.6538,1.0,0.0,0.0,1.0,1.0
12.7491,74.8213,24.9617,29.5974,0.0,17.6862,9.8819,14.3474,1.0,0.0,0.0,0.0,1.0
9.7959,54.5555,51.72,71.9737,96.0,99.6081,79.9901,80.4704,1.0,0.0,0.0,0.0,0.0
17.3222,66.9343,46.9669,68.9771,91.0,54.6299,99.8578,60.5731,0.0,1.0,1.0,0.0,0.0
85.5266,99.8478,42.6097,89.0304,16.0,21.7056,43.2467,20.6998,0.0,0.0,0.0,0.0,0.0
11.5566,20.8188,87.3232,40.0989,58.0,85.0549,31.887,85.5927,1.0,1.0,0.0,0.0,1.0
30.8846,55.9312,65.5539,70.3019,79.0,58.1339,70.2018,27.2639,0.0,1.0,1.0,0.0,0.0
73.9296,30.8664,39.7542,44.0102,69.0,81.204,55.8929,60.4864,1.0,1.0,0.0,0.0,1.0
2.8017,40.3251,74.5285,39.6197,25.0,39.668,0.2596,12.8993,1.0,0.0,1.0,1.0,1.0
14.7257,62.3737,56.454,99.3385,63.0,58.0481,61.9407,36.508,0.0,1.0,1.0,0.0,0.0
26.0238,75.4979,60.3324,96.9285,15.0,48.1966,37.739,46.6149,1.0,1.0,1.0,1.0,1.0
67.8453,65.5257,61.3561,31.4074,32.0,37.6229,94.6339,59.952,1.0,1.0,0.0,1.0,0.0
7.8308,48.1344,60.3198,45.5092,78.0,99.7283,80.2816,33.5033,0.0,0.0,0.0,1.0,0.0
52.2967,38.5494,86.6653,8.3745,52.0,46.4372,70.9772,0.1333,1.0,1.0,0.0,0.0,0.0
59.9268,71.0555,60.6679,73.4447,93.0,73.857,68.1666,9.4704,1.0,1.0,0.0,1.0,0.0
90.0573,46.6425,19.3657,61.342,42.0,77.1571,86.4791,44.3149,1.0,1.0,0.0,0.0,1.0
34.439,28.758,34.1869,83.4246,39.0,72.1832,42.7111,4.4897,1.0,1.0,0.0,0.0,1.0
68.6267,68.0901,79.0842,63.204,88.0,21.2187,19.8292,95.0444,0.0,0.0,1.0,0.0,1.0
48.2249,53.9548,72.4894,7.9887,32.0,25.2626,27.2948,30.2974,1.0,1.0,0.0,0.0,0.0
31.4539,60.6642,50.151,43.6546,58.0,68.1236,90.7465,72.7343,0.0,1.0,0.0,0.0,0.0
57.002,14.6492,54.8789,24.3957,76.0,28.1446,41.0181,22.8396,1.0,1.0,0.0,1.0,0.0
33.3962,41.1082,66.789,30.887,18.0,42.0701,45.1027,64.0692,0.0,1.0,1.0,1.0,0.0
54.5959,44.6532,89.913,21.3213,33.0,44.6503,39.8454,76.458,1.0,1.0,0.0,1.0,1.0
22.5066,45.6222,65.5112,27.6537,69.0,68.5089,92.5522,98.9602,1.0,0.0,0.0,1.0,1.0
2.3111,18.6337,81.3168,17.8924,82.0,46.8068,51.3939,61.2033,0.0,0.0,1.0,0.0,0.0
89.7388,62.5198,56.7394,55.9964,91.0,16.7193,26.3592,43.0996,0.0,0.0,0.0,0.0,0.0
46.0834,52.9611,87.0292,35.0092,21.0,42.3162,29.022,56.4163,1.0,1.0,1.0,1.0,1.0
63.8263,29.4623,23.4779,89.9473,0.0,55.219,34.517,34.9018,1.0,0.0,0.0,0.0,1.0
56.7274,59.9236,4.5728,55.4759,1.0,75.8229,62.7162,90.34,1.0,0.0,0.0,0.0,0.0
40.0432,87.5314,58.852,90.7331,67.0,70.3422,40.6783,67.1534,1.0,1.0,1.0,1.0,1.0
30.1444,43.7135,37.8202,87.2502,24.0,65.1341,64.1261,65.7226,1.0,1.0,0.0,0.0,1.0
3.0976,13.3354,33.8169,28.5855,41.0,22.2027,31.1281,55.4994,0.0,0.0,1.0,0.0,0.0
15.9945,21.7257,62.9183,23.3546,76.0,40.3689,5.1428,99.6044,0.0,0.0,0.0,0.0,1.0
48.7447,38.2278,68.3992,69.6464,15.0,22.0301,89.3633,32.032,1.0,1.0,1.0,1.0,1.0
62.2054,76.6995,45.2424,0.6022,49.0,68.5672,61.2241,72.7936,1.0,1.0,0.0,0.0,0.0
81.6161,2.6897,20.7694,99.9983,43.0,98.9987,68.2805,92.7672,0.0,0.0,0.0,0.0,1.0
11.1473,62.6577,59.1179,98.1129,88.0,3.5782,10.9024,21.2412,0.0,1.0,1.0,0.0,0.0
77.1536,68.9239,48.3319,36.7365,55.0,63.8938,21.1126,81.5615,1.0,1.0,0.0,1.0,0.0
25.7779,63.7351,79.7473,17.9694,0.0,5.0027,68.9669,28.7964,1.0,0.0,0.0,1.0,0.0
81.3491,88.8359,28.816,48.7252,88.0,6.8565,93.2999,44.5798,1.0,1.0,0.0,0.0,1.0
13.2306,92.0059,31.137,28.661,78.0,37.6786,1.5352,82.3325,1.0,0.0,0.0,1.0,1.0
8.1789,80.7028,26.2148,84.6808,60.0,46.2334,89.1592,43.0105,1.0,1.0,0.0,0.0,1.0
43.0235,38.7913,73.709,32.2503,45.0,76.0594,15.3534,88.2983,1.0,1.0,0.0,1.0,1.0
29.6477,47.3141,37.7328,40.3818,0.0,61.2723,44.4676,71.5382,1.0,0.0,0.0,1.0,0.0
14.3143,39.334,33.7406,39.6731,60.0,4.4592,43.2298,23.2235,0.0,0.0,1.0,0.0,0.0
58.2591,9.8942,98.5101,35.6261,56.0,64.638,3.3038,49.1207,0.0,0.0,1.0,0.0,0.0
60.9934,71.0102,60.7142,90.5507,9.0,82.4186,81.5328,22.8247,1.0,1.0,0.0,0.0,1.0
30.0231,56.371,74.4055,92.9508,16.0,70.6767,8.184,51.8207,1.0,1.0,1.0,1.0,1.0
45.024,71.8025,35.4719,48.5538,77.0,14.5958,58.1373,31.2675,0.0,1.0,0.0,0.0,0.0
80.1789,89.6848,36.4419,87.1428,81.0,60.3589,0.9861,57.6393,0.0,0.0,0.0,1.0,0.0
5.8746,70.2195,53.3178,43.1183,48.0,53.4524,25.0184,37.0279,1.0,1.0,1.0,1.0,1.0
30.2516,30.5438,44.865,91.6806,29.0,63.3168,8.6007,44.7845,0.0,1.0,1.0,0.0,0.0
79.4288,90.792,35.6225,23.0626,17.0,54.8833,65.7648,36.5113,1.0,1.0,0.0,0.0,1.0
61.6021,29.8657,20.9375,57.7267,59.0,37.7658,28.9382,25.9839,1.0,1.0,0.0,1.0,1.0
59.0162,70.814,72.1325,77.8438,54.0,91.7397,32.4797,5.18,1.0,0.0,0.0,0.0,0.0
37.2173,50.945,74.0859,91.2108,99.0,47.3598,4.2531,46.6027,0.0,0.0,1.0,0.0,1.0
42.0113,68.1655,78.2661,77.548,5.0,63.6665,68.1336,8.4489,0.0,0.0,1.0,0.0,0.0
38.41,10.9429,37.7064,78.4879,71.0,38.2233,42.2977,82.4063,1.0,0.0,0.0,0.0,1.0
52.7834,80.0451,99.2711,17.4106,20.0,85.4532,18.4936,33.1299,1.0,0.0,0.0,1.0,0.0
95.1025,17.0315,63.2674,3.081,100.0,35.0938,83.1807,49.5563,0.0,0.0,0.0,0.0,0.0
41.3189,28.1441,82.711,62.0783,72.0,86.507,9.4095,39.0465,0.0,0.0,1.0,0.0,0.0
57.7169,59.2751,61.5834,70.5209,68.0,55.1616,68.9893,49.0506,1.0,1.0,0.0,0.0,1.0
38.8485,87.1536,60.6278,47.9553,81.0,32.2554,3.6101,94.2061,0.0,0.0,0.0,0.0,1.0
66.9968,95.1959,20.6709,95.6361,58.0,55.1582,55.669,51.4049,0.0,0.0,0.0,0.0,0.0
37.1267,54.7039,69.6388,91.7391,95.0,43.5383,30.8615,83.656,0.0,0.0,1.0,1.0,0.0
0.1125,96.9113,9.8812,35.6234,13.0,90.8502,33.0736,68.2349,0.0,0.0,1.0,0.0,0.0
12.2951,91.2853,55.9279,68.2208,31.0,2.717,5.081,19.9711,0.0,0.0,1.0,0.0,1.0
6.8426,23.5047,62.6431,76.0221,20.0,51.7909,56.3192,54.0135,0.0,0.0,1.0,0.0,0.0
2.0581,49.982,66.9981,57.2189,12.0,71.2606,16.483,57.5996,1.0,1.0,0.0,1.0,1.0
67.0327,84.0147,98.4832,42.295,84.0,19.4221,64.0004,84.8665,0.0,0.0,0.0,0.0,1.0
20.669,67.6612,30.1618,78.9686,96.0,22.2337,66.6237,88.0463,0.0,0.0,1.0,1.0,0.0
34.3565,43.4276,81.8486,81.3889,21.0,75.3802,80.4049,39.749,0.0,1.0,1.0,0.0,0.0
13.4886,29.3648,0.0449,34.0911,2.0,55.366,17.2639,27.658,0.0,0.0,0.0,0.0,1.0
9.1412,49.5063,47.6978,67.5093,45.0,86.8033,94.1449,8.7347,1.0,1.0,0.0,0.0,0.0
64.3579,59.0273,87.1614,88.5354,95.0,7.332,1.7654,81.1126,0.0,0.0,1.0,0.0,1.0
53.1255,13.2923,22.5555,34.6867,1.0,81.6673,7.8543,50.3966,0.0,0.0,0.0,0.0,0.0
2.622,19.2502,56.9133,70.8584,32.0,7.9503,11.58,82.4675,0.0,0.0,1.0,0.0,0.0
31.2023,31.6978,83.8442,10.8115,44.0,61.5532,23.6082,40.2877,1.0,1.0,0.0,0.0,1.0
41.6571,81.9231,42.4422,57.7727,57.0,35.504,27.1903,72.7868,0.0,0.0,1.0,0.0,0.0
64.999,92.5004,51.7693,79.8068,98.0,2.1555,48.1292,30.7963,1.0,1.0,0.0,1.0,1.0
31.254,35.7939,36.469,75.4113,64.0,4.3939,71.8635,75.4465,0.0,0.0,1.0,0.0,0.0
26.6871,73.3337,43.9903,58.7964,40.0,12.4328,79.0434,36.3894,1.0,1.0,1.0,1.0,1.0
98.383,15.0455,93.4565,91.6959,15.0,51.0014,19.6542,99.1008,0.0,0.0,0.0,1.0,0.0
57.109,90.4961,93.9889,54.4032,93.0,90.3675,38.2433,22.6429,1.0,0.0,0.0,1.0,1.0
53.0735,73.6889,74.7559,53.0517,96.0,16.5957,52.2973,93.3452,0.0,0.0,1.0,0.0,0.0
78.8773,99.7727,53.5565,38.083,43.0,33.8538,8.3916,73.0633,1.0,1.0,0.0,1.0,1.0
90.6922,72.0405,57.2989,8.1801,39.0,95.6654,53.2107,91.637,0.0,0.0,0.0,0.0,0.0
47.2469,10.325,91.1113,16.095,21.0,18.2191,27.7458,63.5403,1.0,1.0,0.0,0.0,1.0
50.4651,31.4256,53.0427,62.4552,33.0,44.7805,58.3751,43.8269,1.0,1.0,0.0,1.0,1.0
70.0982,20.7353,28.8934,16.7592,76.0,73.9224,76.5905,12.5775,1.0,1.0,0.0,0.0,0.0
16.7283,88.147,87.9439,26.0729,10.0,92.5407,22.5837,60.7089,0.0,0.0,1.0,0.0,0.0
82.8709,55.0622,0.7015,7.2293,32.0,5.8391,98.6359,54.3734,1.0,0.0,0.0,0.0,0.0
46.4029,28.5548,85.7891,92.0734,74.0,47.189,56.2147,93.736,1.0,0.0,0.0,1.0,1.0
20.2332,27.1942,18.5955,90.5515,85.0,56.4211,88.7828,74.4103,1.0,0.0,0.0,1.0,1.0
77.4919,98.1103,52.3667,42.9696,60.0,6.7702,67.2081,64.2663,0.0,1.0,0.0,0.0,0.0
34.568,51.5004,75.2369,90.4227,42.0,88.8984,29.7387,97.3163,1.0,0.0,0.0,1.0,0.0
71.4953,21.538,47.2821,22.0483,11.0,57.3608,1.0489,75.7936,1.0,0.0,0.0,0.0,0.0
27.6673,19.0634,91.4388,60.3424,32.0,77.9397,52.4824,69.0794,0.0,0.0,1.0,0.0,0.0
77.6146,41.3308,65.9714,40.8522,39.0,75.5331,37.0144,79.3016,1.0,0.0,0.0,0.0,1.0
22.9716,36.5954,42.413,91.6905,57.0,82.6483,35.0566,14.0486,0.0,0.0,1.0,0.0,0.0
23.3651,86.4562,47.3337,83.2036,49.0,26.6546,29.0648,98.3255,1.0,0.0,0.0,1.0,1.0
16.9459,64.5811,10.5798,61.7062,75.0,50.8922,59.9941,59.4939,1.0,1.0,0.0,1.0,0.0
17.0916,80.8788,34.2666,21.6328,26.0,23.8863,35.0889,69.3027,1.0,1.0,0.0,1.0,1.0
1.2757,58.4261,98.0719,0.1262,57.0,51.2089,43.2866,45.077,1.0,1.0,0.0,0.0,0.0
7.7818,28.6545,97.1675,79.0346,100.0,72.0628,58.1916,83.035,0.0,0.0,1.0,0.0,0.0
22.377,84.5684,49.4837,42.508,51.0,57.815,26.3297,66.4486,0.0,1.0,1.0,0.0,0.0
29.6001,70.2554,59.6133,24.3285,45.0,16.6843,42.1823,22.9724,1.0,1.0,1.0,0.0,1.0
13.119,71.5736,73.9891,51.0542,54.0,50.3164,78.3909,51.571,1.0,1.0,0.0,1.0,1.0
12.6121,60.4252,93.9349,93.3899,43.0,68.371,17.4808,99.0982,0.0,0.0,0.0,1.0,1.0
90.0378,83.9067,58.9879,93.5082,36.0,26.7449,93.7226,73.6765,1.0,1.0,0.0,0.0,0.0
46.8974,79.8756,75.4494,21.4417,21.0,18.5988,47.5603,51.5411,1.0,1.0,1.0,1.0,1.0
37.4804,38.6244,32.2467,82.9219,0.0,84.9764,84.9326,64.7974,0.0,0.0,0.0,1.0,0.0
21.6846,55.3693,66.0354,90.5653,21.0,73.7505,27.4579,36.3429,1.0,1.0,1.0,1.0,1.0
10.977,52.4899,95.1032,68.1834,39.0,40.3519,53.9471,59.5676,1.0,1.0,1.0,1.0,1.0
10.4061,45.251,87.6681,39.757,24.0,97.1394,34.79,0.0408,0.0,0.0,0.0,0.0,0.0
33.1697,25.3429,49.9889,80.1039,78.0,33.3886,41.5023,44.9484,0.0,1.0,0.0,0.0,1.0
14.5035,91.0176,31.0986,54.7596,94.0,1.2423,3.8802,72.1054,1.0,1.0,1.0,1.0,1.0
72.0089,85.6634,28.4593,62.3627,56.0,56.1821,11.8731,59.1651,1.0,1.0,0.0,1.0,1.0
9.854,68.3944,23.3895,64.5351,37.0,22.2531,93.0204,96.803,1.0,0.0,0.0,1.0,1.0
95.2413,14.9225,42.1494,40.8353,89.0,94.1869,37.0734,37.9063,1.0,0.0,0.0,0.0,0.0
24.7923,47.6101,55.4667,67.6863,18.0,51.0828,38.4354,81.861,0.0,0.0,1.0,0.0,1.0
80.1813,72.175,43.505,19.3068,93.0,19.2992,52.1122,22.7865,1.0,1.0,0.0,0.0,1.0
7.5514,97.6019,99.7336,49.5844,94.0,94.2031,46.3992,74.3731,1.0,0.0,0.0,1.0,1.0
10.9191,86.6601,76.2265,4.9804,28.0,37.7141,90.0236,0.8831,1.0,1.0,0.0,0.0,0.0
49.2492,98.3466,89.3719,76.6757,46.0,80.8306,72.3933,49.0318,0.0,0.0,1.0,0.0,0.0
46.4405,62.462,95.3454,50.9473,30.0,76.4981,6.5878,14.0242,1.0,1.0,0.0,1.0,1.0
45.9777,85.3178,43.3494,80.1816,40.0,55.3359,46.0704,42.8078,0.0,0.0,1.0,0.0,1.0
16.5304,54.4958,51.0473,37.3053,94.0,65.0861,38.4209,58.1731,0.0,0.0,1.0,0.0,0.0
48.1526,82.6961,69.2031,48.3029,36.0,68.9771,42.86,19.1962,1.0,1.0,0.0,1.0,1.0
22.8428,69.8406,25.3046,56.7951,81.0,32.6096,74.1027,42.3448,1.0,1.0,1.0,1.0,1.0
43.0047,43.8339,47.7912,87.2707,19.0,80.1635,20.3499,88.7038,1.0,1.0,0.0,1.0,1.0
47.9924,79.8841,0.442,58.7093,31.0,36.8146,38.0998,11.7836,0.0,0.0,0.0,0.0,1.0
65.7879,28.2477,81.9108,10.8992,61.0,34.2701,19.1209,29.4055,1.0,1.0,0.0,0.0,0.0
18.6459,55.1223,95.9571,39.3913,36.0,27.043,1.8588,98.7092,0.0,0.0,0.0,1.0,1.0
98.8672,1.8471,22.1356,8.8786,20.0,50.4761,36.8702,12.3609,0.0,0.0,0.0,1.0,0.0
25.0962,46.4898,85.1015,5.923,12.0,37.3995,3.1705,32.1913,0.0,0.0,0.0,0.0,0.0
57.7495,73.3689,33.0688,62.0657,8.0,62.8389,75.846,98.6499,1.0,0.0,0.0,1.0,1.0
28.5029,33.2207,32.6281,56.584,98.0,77.368,44.1244,52.7742,0.0,0.0,1.0,0.0,1.0
66.3141,91.5229,71.8756,31.135,33.0,16.3321,29.8451,22.1967,0.0,1.0,0.0,0.0,0.0
65.8289,97.8778,20.7587,91.9892,87.0,11.8559,55.6173,63.5929,1.0,1.0,0.0,1.0,1.0
5.9331,39.0719,42.6413,45.6972,33.0,65.057,85.2176,22.4642,0.0,0.0,1.0,0.0,0.0
41.8044,19.8037,97.0296,83.9596,87.0,18.9346,44.2786,96.2607,0.0,0.0,0.0,0.0,1.0
54.906,27.8886,77.3179,56.6802,69.0,6.9623,37.0619,28.506,1.0,1.0,1.0,1.0,1.0
3.2327,90.3742,53.1895,15.6032,69.0,11.004,72.9309,78.1851,1.0,1.0,0.0,1.0,0.0
47.9752,21.8925,45.6383,20.3206,76.0,70.4387,70.257,78.4299,1.0,1.0,0.0,0.0,0.0
71.8339,99.3274,94.9272,7.5033,51.0,5.2125,36.5484,76.0985,1.0,1.0,0.0,0.0,0.0
76.1172,47.0211,1.9093,36.3436,35.0,17.6144,39.981,85.3566,1.0,0.0,0.0,0.0,0.0
8.8926,84.4898,52.4244,55.1556,12.0,99.8327,51.4991,57.2054,0.0,0.0,0.0,1.0,1.0
57.5485,83.8235,61.9587,90.1831,73.0,72.9457,47.7286,81.4101,1.0,1.0,0.0,1.0,1.0
46.4855,87.8851,49.2025,85.1001,54.0,10.0588,52.2072,56.0873,0.0,1.0,1.0,1.0,1.0
0.7492,27.012,82.1861,48.6073,21.0,74.3682,3.6954,80.0101,1.0,0.0,0.0,1.0,1.0
26.5296,30.1272,99.8692,22.4186,99.0,98.2956,6.9651,71.6191,0.0,0.0,0.0,0.0,0.0
34.6719,35.6718,64.3179,60.7942,39.0,27.496,27.9282,66.6543,1.0,1.0,1.0,1.0,1.0
80.1042,43.3714,29.4273,77.9185,72.0,74.6459,11.8751,30.1433,1.0,1.0,0.0,0.0,0.0
82.0703,87.9003,54.0251,23.3012,52.0,52.1793,55.2912,12.795,0.0,0.0,0.0,0.0,0.0
25.5246,49.5583,87.9413,90.3659,82.0,53.2105,83.316,42.2488,1.0,1.0,1.0,1.0,1.0
48.2812,17.368,32.809,42.2366,93.0,20.1637,53.9915,76.3145,0.0,0.0,1.0,0.0,1.0
54.2233,52.532,85.5225,51.4456,21.0,30.4989,37.2672,69.987,0.0,1.0,1.0,0.0,0.0
37.7788,64.7266,47.9258,99.4475,66.0,72.7284,11.7752,22.2317,0.0,0.0,0.0,1.0,0.0
19.0206,61.9989,67.2239,77.0193,99.0,29.3303,0.724,17.7977,1.0,0.0,0.0,1.0,1.0
43.3872,68.0362,46.6254,76.5763,53.0,40.3471,73.069,99.3267,1.0,0.0,0.0,1.0,1.0
15.8199,81.8564,36.8843,75.3588,87.0,9.7022,16.8133,26.3829,0.0,1.0,1.0,0.0,0.0
56.5724,71.208,57.1675,61.4116,81.0,71.8273,19.7286,58.1549,0.0,1.0,1.0,0.0,1.0
26.9573,54.6198,96.945,93.2784,32.0,84.0293,90.3518,69.4821,0.0,0.0,1.0,0.0,0.0
63.7164,88.7634,54.7633,93.625,9.0,45.2327,72.3625,62.0122,0.0,1.0,1.0,0.0,0.0
41.3204,90.2146,32.4866,23.8762,47.0,61.1753,60.6569,80.7208,0.0,0.0,1.0,0.0,0.0
65.7133,91.7797,20.1999,77.3346,72.0,54.3951,49.0154,85.0493,0.0,0.0,1.0,0.0,0.0
7.1809,40.2489,84.7877,17.1997,15.0,53.2944,9.4905,92.385,1.0,1.0,0.0,1.0,0.0
9.5705,90.6046,19.902,71.0226,29.0,82.3514,80.257,30.6833,1.0,1.0,0.0,0.0,1.0
22.7513,23.5328,51.4988,47.8829,88.0,21.8708,36.8728,95.9052,0.0,0.0,0.0,0.0,0.0
80.6693,83.9909,15.44,29.0134,98.0,25.7713,72.0748,98.9666,1.0,0.0,0.0,0.0,1.0
20.0169,57.5471,39.9875,88.9483,32.0,62.8422,34.475,77.7143,0.0,0.0,1.0,0.0,0.0
26.8983,36.1934,54.032,64.9415,96.0,97.3072,55.82,40.4103,0.0,0.0,0.0,0.0,0.0
50.9943,23.1095,63.9589,83.9481,91.0,15.8201,27.369,11.7922,1.0,1.0,0.0,0.0,1.0
32.0691,19.7165,89.2676,29.0626,48.0,26.7488,61.7846,79.347,1.0,1.0,1.0,1.0,1.0
37.5731,23.8142,34.1992,46.4151,15.0,10.0875,95.6164,88.7979,0.0,0.0,1.0,0.0,0.0
23.2004,86.0529,97.437,40.4131,30.0,55.7169,41.187,56.5474,1.0,1.0,0.0,1.0,1.0
69.2363,80.399,59.2087,39.606,91.0,92.3237,29.4469,93.9804,0.0,0.0,0.0,0.0,1.0
79.7968,93.211,35.5941,85.1544,100.0,12.2294,83.6738,64.0796,1.0,1.0,0.0,1.0,1.0
6.0579,89.8254,25.294,79.2455,56.0,73.8682,31.881,99.992,0.0,0.0,0.0,0.0,1.0
52.1316,69.8485,33.6969,95.486,85.0,33.6331,69.7126,83.6888,0.0,1.0,1.0,0.0,1.0
54.8135,79.8754,54.5018,51.5518,43.0,17.8818,41.0727,62.8127,0.0,1.0,1.0,0.0,0.0
32.5948,70.4053,39.9375,22.0187,91.0,67.1206,90.3319,35.063,0.0,1.0,0.0,0.0,0.0
48.5329,75.0281,16.8808,64.1069,46.0,19.0525,29.7984,69.6256,0.0,0.0,1.0,0.0,0.0
53.3344,75.3669,96.2852,4.518,84.0,58.2107,59.9144,0.1424,1.0,1.0,0.0,0.0,0.0
60.6323,88.1145,90.9686,32.6744,52.0,36.9983,63.4434,72.1441,1.0,1.0,1.0,1.0,1.0
71.3373,38.031,56.4696,19.4423,61.0,6.9531,65.8286,38.7181,1.0,1.0,0.0,0.0,1.0
25.6683,25.9515,33.2921,8.5927,44.0,52.1753,48.2425,27.7055,1.0,1.0,0.0,0.0,0.0
8.1654,53.2778,95.4918,91.983,55.0,89.7012,95.6969,66.8995,0.0,0.0,1.0,0.0,0.0
86.0794,70.6657,85.9593,20.4656,99.0,46.8298,63.1689,49.4373,0.0,1.0,0.0,0.0,0.0
6.7402,56.6534,84.315,52.8494,30.0,7.0748,23.6402,14.3108,1.0,1.0,1.0,1.0,1.0
85.7264,87.6622,53.7257,64.6423,62.0,85.279,60.888,86.9156,1.0,0.0,0.0,1.0,0.0
31.1343,43.8313,19.8484,55.9621,59.0,66.2974,10.7713,81.217,1.0,1.0,1.0,0.0,1.0
26.4698,59.395,92.5443,42.0532,26.0,6.2315,90.8245,42.5429,1.0,1.0,0.0,1.0,1.0
53.065,69.9805,16.8182,46.5492,28.0,57.1047,41.2797,36.6578,1.0,1.0,0.0,1.0,0.0
16.6575,82.5732,54.2676,40.3894,53.0,51.6073,0.0099,67.4343,1.0,0.0,1.0,0.0,1.0
41.5992,47.6401,24.6015,18.3397,0.0,96.879,68.7744,79.8603,1.0,0.0,0.0,1.0,1.0
11.498,96.8792,21.7704,29.918,53.0,65.6727,79.786,63.2626,0.0,1.0,0.0,0.0,1.0
41.8554,78.9368,74.8843,56.0477,56.0,48.5869,75.9686,11.4566,1.0,1.0,1.0,1.0,1.0
59.8413,14.3664,30.7181,90.6405,60.0,58.2894,78.5211,62.2089,0.0,1.0,1.0,0.0,0.0
28.1881,2.0616,93.0125,32.2991,24.0,44.7533,62.2279,64.9682,0.0,0.0,0.0,0.0,0.0
40.8375,77.8092,67.0707,59.4617,55.0,85.0874,85.5032,83.4309,1.0,1.0,1.0,1.0,1.0
51.0894,30.3818,52.162,90.8736,97.0,4.4257,66.3069,81.1176,0.0,0.0,1.0,1.0,0.0
85.648,44.972,90.9917,17.8071,47.0,69.8841,99.5175,42.8156,1.0,1.0,0.0,0.0,0.0
68.7736,37.2557,71.1927,19.4674,8.0,80.571,19.3665,74.545,1.0,1.0,0.0,0.0,0.0
61.1337,28.3739,24.8272,52.687,9.0,5.0138,4.6765,76.4913,1.0,0.0,1.0,1.0,1.0
49.9921,63.2165,41.9481,90.8837,91.0,53.3767,35.0903,65.9134,0.0,1.0,1.0,0.0,0.0
32.3623,17.5566,59.4595,22.2638,38.0,44.5057,58.2025,49.5964,1.0,1.0,0.0,0.0,1.0
72.8071,14.2443,96.2236,68.9489,98.0,23.4905,11.2084,31.1629,1.0,1.0,0.0,1.0,0.0
52.6754,30.4319,52.9264,9.0066,12.0,36.5747,93.467,55.0558,1.0,1.0,0.0,0.0,0.0
81.0781,43.0485,39.8172,48.0553,60.0,38.372,83.9405,80.5371,0.0,1.0,0.0,0.0,0.0
29.8445,72.2111,42.373,70.9958,13.0,23.7268,70.4837,30.7705,0.0,1.0,1.0,0.0,0.0
84.7067,79.2622,32.5786,95.3264,86.0,56.8621,53.4859,12.1573,1.0,1.0,0.0,0.0,1.0
14.3618,57.3068,6.9944,36.3271,50.0,83.5912,58.8802,2.4886,1.0,0.0,0.0,0.0,0.0
42.3386,95.6937,2.6326,16.9747,30.0,88.1722,47.9944,32.1785,1.0,0.0,0.0,0.0,0.0
14.2888,63.7215,52.5648,28.6883,32.0,5.5932,32.2788,99.2658,1.0,0.0,0.0,1.0,1.0
71.7903,91.2825,37.788,33.254,56.0,34.7139,88.9267,11.3462,1.0,1.0,1.0,0.0,1.0
59.9243,82.2279,10.6506,52.8991,41.0,23.2149,18.6191,26.2751,1.0,1.0,0.0,1.0,1.0
36.0195,61.9569,81.9822,57.361,43.0,73.0071,4.7213,94.3325,0.0,0.0,1.0,0.0,1.0
57.4374,64.8683,43.4548,98.3533,64.0,10.5412,36.5392,59.3149,0.0,1.0,1.0,0.0,0.0
77.8918,64.5535,91.4996,23.4132,0.0,37.3788,57.9358,94.6695,0.0,0.0,0.0,0.0,1.0
48.9176,76.5925,9.8934,20.8642,90.0,42.2795,67.8237,55.979,1.0,1.0,0.0,0.0,1.0
25.885,90.0187,47.3042,18.671,37.0,35.7209,71.8097,18.4456,0.0,1.0,0.0,0.0,0.0
15.7251,81.165,87.988,81.2759,73.0,37.918,12.3194,22.4142,0.0,1.0,1.0,0.0,1.0
12.2095,80.6927,92.5886,83.1053,84.0,20.9835,1.5017,7.1161,1.0,0.0,1.0,1.0,1.0
68.2054,95.2562,51.7177,71.723,85.0,59.8164,66.3091,45.7969,1.0,1.0,1.0,1.0,1.0
82.3682,9.5628,90.0417,86.8883,77.0,75.5861,6.1452,46.5733,1.0,0.0,0.0,0.0,0.0
73.9007,23.8012,86.5847,68.4682,79.0,44.5337,54.5733,76.4252,1.0,1.0,1.0,1.0,1.0
33.4547,25.8038,42.3846,73.8322,46.0,44.0528,89.173,58.1558,0.0,1.0,1.0,0.0,0.0
36.3545,46.4827,82.8401,12.2424,11.0,29.8919,12.0795,62.6075,0.0,1.0,0.0,0.0,0.0
22.1065,97.3383,54.9478,17.2095,59.0,57.1236,64.4528,80.2235,1.0,1.0,0.0,1.0,1.0
4.0341,77.6817,57.0873,28.7905,57.0,80.4351,2.7806,51.8612,1.0,0.0,0.0,1.0,1.0
11.5611,77.8904,94.9045,86.1445,12.0,75.024,14.6466,51.0439,0.0,0.0,1.0,0.0,0.0
35.5953,45.5868,92.2357,70.3905,32.0,72.7536,71.8686,55.351,1.0,1.0,0.0,1.0,1.0
26.0493,43.6189,62.5234,36.0393,90.0,37.3412,23.3334,46.2735,0.0,0.0,1.0,0.0,0.0
20.2795,74.3462,93.0893,83.7225,52.0,80.7676,64.773,72.5247,0.0,1.0,1.0,0.0,0.0
32.4182,21.2404,91.9795,35.972,94.0,15.261,3.3897,55.6094,0.0,0.0,1.0,0.0,0.0
79.9669,58.5594,58.9015,14.5121,36.0,29.9953,82.934,33.9053,1.0,1.0,0.0,0.0,1.0
43.7827,39.5564,37.3742,68.0266,26.0,40.8577,32.4857,31.0626,1.0,1.0,0.0,1.0,1.0
27.2628,60.9424,71.4602,97.6041,20.0,35.6362,93.4159,39.1411,1.0,1.0,1.0,1.0,1.0
70.1853,79.0343,73.9694,57.8546,84.0,72.7009,35.2411,58.5899,0.0,0.0,1.0,1.0,0.0
9.3587,94.3042,36.4376,3.1208,69.0,2.8123,1.7768,17.0552,0.0,0.0,0.0,0.0,0.0
11.2897,25.2695,96.3257,18.9647,91.0,10.5811,49.4934,75.4195,1.0,1.0,1.0,1.0,1.0
51.393,75.1826,24.0665,98.2122,33.0,12.425,60.3929,35.1031,0.0,0.0,1.0,0.0,1.0
35.6236,45.4196,12.7745,69.4164,15.0,52.549,87.8514,31.7004,1.0,1.0,0.0,0.0,1.0
36.35,19.3295,20.4797,45.7625,53.0,37.2972,73.161,30.2566,1.0,1.0,0.0,0.0,1.0
7.1859,94.7561,9.1264,86.1769,37.0,30.656,21.2971,57.0904,0.0,0.0,0.0,0.0,0.0
46.0872,81.3296,66.1203,68.1206,56.0,35.5378,46.2218,68.5245,0.0,1.0,0.0,1.0,1.0
76.9993,48.2491,14.8329,77.8972,87.0,58.6721,14.4532,55.3522,1.0,0.0,0.0,1.0,0.0
26.5808,15.129,55.2226,50.5869,87.0,20.7375,78.416,66.3252,1.0,1.0,0.0,0.0,1.0
2.412,30.0779,38.7145,82.5597,25.0,62.98,69.2379,19.2532,0.0,0.0,1.0,0.0,0.0
59.0774,65.5543,39.1653,44.3317,0.0,77.3429,39.1471,85.958,0.0,0.0,0.0,0.0,1.0
36.716,72.7544,6.6139,25.3737,0.0,91.2539,58.5997,68.757,1.0,0.0,0.0,0.0,1.0
99.6556,30.6457,22.6061,35.333,93.0,64.4794,77.102,91.2409,0.0,0.0,0.0,0.0,0.0
88.0013,7.7993,87.5372,64.4232,70.0,74.1977,7.083,62.9141,0.0,0.0,0.0,0.0,0.0
35.1225,92.015,96.9981,50.6648,53.0,94.3752,7.5705,39.9573,1.0,0.0,0.0,0.0,1.0
65.0149,79.4986,80.5583,7.4313,28.0,72.4387,16.2336,80.4011,1.0,1.0,0.0,0.0,0.0
71.126,47.6362,59.5355,90.8363,72.0,61.5051,84.0457,76.572,0.0,1.0,1.0,0.0,0.0
29.9229,98.6375,19.1496,23.2386,95.0,40.9649,71.9227,99.0722,1.0,0.0,0.0,0.0,1.0
51.1961,35.2473,46.7171,32.3725,69.0,61.4591,74.2929,44.8682,0.0,0.0,1.0,0.0,0.0
39.1694,74.2062,18.88,5.6153,18.0,29.3527,95.6597,31.2141,1.0,1.0,0.0,0.0,0.0
29.2526,21.3564,50.5664,44.4832,34.0,0.6971,65.2534,90.8575,0.0,0.0,1.0,0.0,1.0
52.148,45.0329,13.0565,25.9198,60.0,29.9374,67.7597,45.6792,1.0,1.0,0.0,0.0,0.0
64.2807,20.2605,87.1958,98.4678,11.0,76.8444,50.202,60.3432,1.0,1.0,0.0,0.0,1.0
41.6067,98.8337,39.0354,95.5955,0.0,62.5478,57.4502,53.8726,1.0,0.0,0.0,0.0,1.0
63.7677,68.789,72.7999,80.4851,81.0,54.5551,54.0015,30.4227,0.0,0.0,0.0,0.0,1.0
27.963,87.2758,44.5019,30.5948,87.0,80.9059,49.8789,93.3899,0.0,0.0,1.0,1.0,0.0
10.3104,90.7123,48.4343,6.5172,32.0,54.5193,59.4987,64.8485,1.0,1.0,0.0,0.0,0.0
31.0699,30.8666,23.0233,35.8142,17.0,40.475,80.0368,53.1228,1.0,1.0,0.0,0.0,0.0
20.5815,73.7872,84.2135,32.5931,92.0,42.0311,10.9103,58.3086,0.0,1.0,1.0,0.0,1.0
21.8678,32.3841,64.6742,4.3153,0.0,38.3944,61.1788,94.0092,1.0,0.0,0.0,0.0,1.0
30.3902,28.1474,93.0314,81.2364,41.0,68.4343,62.0635,33.0816,1.0,1.0,1.0,0.0,1.0
3.9129,48.3131,80.0435,9.3049,39.0,58.1317,30.0173,29.1444,0.0,1.0,0.0,0.0,0.0
88.4542,74.4229,36.7108,79.9094,34.0,69.1306,85.2344,87.8324,1.0,0.0,0.0,0.0,1.0
1.2928,89.2352,50.1923,55.3171,6.0,75.6818,41.5298,19.0344,1.0,0.0,0.0,0.0,1.0
9.7382,27.3207,99.0196,30.331,75.0,56.0312,67.444,40.1249,1.0,1.0,1.0,1.0,1.0
43.8681,31.4634,55.9285,48.6087,81.0,30.1543,48.8111,30.2189,0.0,0.0,1.0,0.0,0.0
83.8376,90.1903,30.4482,95.2834,98.0,17.0856,58.5697,59.1344,1.0,1.0,0.0,0.0,1.0
10.6119,18.0813,79.7558,19.2177,34.0,10.1417,64.2272,70.561,0.0,1.0,1.0,0.0,0.0
24.9694,44.3846,95.3793,95.9566,9.0,67.0687,3.9863,52.9725,1.0,0.0,0.0,1.0,1.0
39.3362,31.813,62.5445,35.986,19.0,35.7416,21.8296,96.6508,1.0,0.0,0.0,1.0,1.0
55.2594,81.4575,47.8804,37.9325,20.0,79.6414,86.3165,93.5387,1.0,0.0,0.0,1.0,1.0
28.8964,32.908,22.6539,92.3489,42.0,52.9716,28.6816,86.0316,0.0,0.0,1.0,0.0,0.0
42.5465,93.291,53.4323,40.7913,33.0,99.8459,24.9117,75.9607,0.0,0.0,0.0,0.0,1.0
26.1198,53.3063,58.0996,25.2104,30.0,49.9605,49.5547,35.6772,1.0,1.0,1.0,1.0,1.0
41.3946,99.8788,78.2346,47.0583,68.0,66.294,71.7601,75.9232,1.0,1.0,1.0,1.0,1.0
45.0401,84.6358,75.4846,10.4287,81.0,28.7031,91.1549,50.6956,1.0,1.0,0.0,0.0,0.0
8.462,26.1348,80.3787,29.2074,8.0,6.8505,55.2383,31.006,1.0,1.0,0.0,0.0,1.0
27.0214,33.9696,96.9693,29.7367,77.0,73.7014,34.1503,34.4914,0.0,1.0,1.0,0.0,0.0
42.833,79.8842,13.3064,43.8864,45.0,57.9111,35.868,88.0821,1.0,0.0,0.0,1.0,1.0
8.3929,98.0311,56.5794,17.4767,27.0,93.8006,41.5644,82.1565,1.0,0.0,0.0,0.0,1.0
40.8917,97.1047,66.1561,6.67,82.0,87.6087,53.8476,56.708,1.0,1.0,0.0,0.0,0.0
19.6525,97.6585,30.1601,35.5379,59.0,68.2999,18.1569,40.0788,1.0,1.0,0.0,1.0,1.0
78.7101,52.4171,16.2587,99.3106,47.0,86.3689,4.42,70.5661,0.0,0.0,1.0,0.0,0.0
47.7149,33.4117,30.175,61.7702,10.0,89.8744,45.7916,49.9189,1.0,0.0,1.0,1.0,0.0
38.6882,78.9823,79.8564,52.6888,41.0,66.1428,34.8655,61.4011,0.0,1.0,1.0,0.0,0.0
26.8604,44.9235,40.036,62.2514,40.0,1.8372,3.9888,73.5652,0.0,0.0,0.0,1.0,0.0
2.3897,40.4671,86.0777,49.8809,60.0,39.8776,20.9051,4.2535,1.0,1.0,0.0,0.0,0.0
49.2196,59.2022,56.749,66.2557,9.0,75.3547,75.0687,62.3816,0.0,0.0,1.0,0.0,0.0
25.1338,54.1694,53.1734,49.777,87.0,2.3526,83.4117,72.0855,1.0,1.0,0.0,1.0,1.0
71.1725,37.5388,77.1268,72.9788,23.0,77.3517,28.4679,19.4812,1.0,1.0,0.0,0.0,1.0
2.9642,47.2501,35.9011,52.3071,99.0,42.6652,17.5488,48.0001,0.0,0.0,1.0,0.0,1.0
31.2208,58.2219,93.0608,7.394,42.0,23.193,31.8101,68.2092,1.0,1.0,0.0,0.0,0.0
30.0315,30.7541,64.9535,13.0911,9.0,78.2128,27.8733,31.7577,1.0,1.0,0.0,0.0,0.0
26.1563,51.2496,70.4892,58.8461,31.0,32.4085,17.3224,99.3591,1.0,0.0,0.0,1.0,1.0
79.4872,65.7981,17.9153,87.405,74.0,25.467,75.3361,56.606,1.0,1.0,0.0,0.0,1.0
56.7704,55.4156,91.091,27.0731,76.0,0.2444,8.3418,46.8071,1.0,1.0,0.0,1.0,1.0
96.5626,9.3492,5.8731,39.2199,3.0,10.1839,74.6624,59.8392,0.0,0.0,0.0,0.0,0.0
14.1213,65.5522,91.5179,37.9682,31.0,61.5121,84.3744,38.2246,1.0,1.0,1.0,1.0,1.0
79.0343,25.7014,44.6965,21.2898,76.0,41.2188,99.79,60.5458,1.0,1.0,0.0,0.0,0.0
43.9607,81.9066,83.3107,64.7313,60.0,72.7504,33.3235,80.1465,1.0,1.0,1.0,1.0,1.0
3.6349,87.8436,20.7182,90.8096,12.0,15.5437,74.8222,46.9149,1.0,1.0,0.0,1.0,0.0
51.9696,40.1372,34.9079,78.1289,63.0,7.5908,76.9544,96.1381,0.0,0.0,0.0,0.0,1.0
